snapshot_id,collect_date,mode,mode_cn,sub_mode,sub_mode_cn,phase_ver,phase_name,start_date,end_date,character_slug,character_name_en,character_name_cn,role,rarity,app_rate,app_rate_e0,avg_round,std_dev_round,q1_round,cons_avg,sample,sample_app_flat,source_kind,source_file,source_url,quality_flag
4.0.2,2026-03-06,aa,异相仲裁,all_bosses,全 Boss / 未拆分,4.0.1,Cyber Crisis,2026-02-12,2026-03-24,acheron,Acheron,黄泉,,,1.88,0.13,6.0,,,3.15,332,402,hf_chars,4.0.2/builds.json,https://huggingface.co/datasets/LvlUrArti/MocDataProcessed/resolve/main/4.0.2/builds.json,aa_all_bosses_only
4.0.2,2026-03-06,aa,异相仲裁,all_bosses,全 Boss / 未拆分,4.0.1,Cyber Crisis,2026-02-12,2026-03-24,aglaea,Aglaea,阿格莱雅,,,2.05,0.12,5.05,,,1.85,362,318,hf_chars,4.0.2/builds.json,https://huggingface.co/datasets/LvlUrArti/MocDataProcessed/resolve/main/4.0.2/builds.json,aa_all_bosses_only
4.0.2,2026-03-06,aa,异相仲裁,all_bosses,全 Boss / 未拆分,4.0.1,Cyber Crisis,2026-02-12,2026-03-24,anaxa,Anaxa,那刻夏,S-DPS,,4.4,0.97,5.81,,,0.21,779,0,hf_chars,4.0.2/builds.json,https://huggingface.co/datasets/LvlUrArti/MocDataProcessed/resolve/main/4.0.2/builds.json,aa_all_bosses_only
4.0.2,2026-03-06,aa,异相仲裁,all_bosses,全 Boss / 未拆分,4.0.1,Cyber Crisis,2026-02-12,2026-03-24,archer,Archer,Archer,,,63.28,24.84,2.86,,,0.32,11198,1986,hf_chars,4.0.2/builds.json,https://huggingface.co/datasets/LvlUrArti/MocDataProcessed/resolve/main/4.0.2/builds.json,aa_all_bosses_only
4.0.2,2026-03-06,aa,异相仲裁,all_bosses,全 Boss / 未拆分,4.0.1,Cyber Crisis,2026-02-12,2026-03-24,argenti,Argenti,银枝,S-DPS,,0.07,0.01,99.99,,,0.15,12,0,hf_chars,4.0.2/builds.json,https://huggingface.co/datasets/LvlUrArti/MocDataProcessed/resolve/main/4.0.2/builds.json,aa_all_bosses_only
4.0.2,2026-03-06,aa,异相仲裁,all_bosses,全 Boss / 未拆分,4.0.1,Cyber Crisis,2026-02-12,2026-03-24,arlan,Arlan,阿兰,,,0.0,0.0,99.99,,,6.0,0,0,hf_chars,4.0.2/builds.json,https://huggingface.co/datasets/LvlUrArti/MocDataProcessed/resolve/main/4.0.2/builds.json,aa_all_bosses_only
4.0.2,2026-03-06,aa,异相仲裁,all_bosses,全 Boss / 未拆分,4.0.1,Cyber Crisis,2026-02-12,2026-03-24,asta,Asta,艾丝妲,,,0.03,0.0,99.99,,,6.0,6,1,hf_chars,4.0.2/builds.json,https://huggingface.co/datasets/LvlUrArti/MocDataProcessed/resolve/main/4.0.2/builds.json,aa_all_bosses_only
4.0.2,2026-03-06,aa,异相仲裁,all_bosses,全 Boss / 未拆分,4.0.1,Cyber Crisis,2026-02-12,2026-03-24,aventurine,Aventurine,砂金,,,13.7,4.76,3.67,,,0.55,2425,567,hf_chars,4.0.2/builds.json,https://huggingface.co/datasets/LvlUrArti/MocDataProcessed/resolve/main/4.0.2/builds.json,aa_all_bosses_only
4.0.2,2026-03-06,aa,异相仲裁,all_bosses,全 Boss / 未拆分,4.0.1,Cyber Crisis,2026-02-12,2026-03-24,bailu,Bailu,白露,,,0.48,0.13,4.73,,,2.37,85,2,hf_chars,4.0.2/builds.json,https://huggingface.co/datasets/LvlUrArti/MocDataProcessed/resolve/main/4.0.2/builds.json,aa_all_bosses_only
4.0.2,2026-03-06,aa,异相仲裁,all_bosses,全 Boss / 未拆分,4.0.1,Cyber Crisis,2026-02-12,2026-03-24,black-swan,Black Swan,黑天鹅,,,30.6,10.73,2.69,,,0.47,5415,1768,hf_chars,4.0.2/builds.json,https://huggingface.co/datasets/LvlUrArti/MocDataProcessed/resolve/main/4.0.2/builds.json,aa_all_bosses_only
4.0.2,2026-03-06,aa,异相仲裁,all_bosses,全 Boss / 未拆分,4.0.1,Cyber Crisis,2026-02-12,2026-03-24,blade,Blade,刃,S-DPS,,0.24,0.04,99.99,,,1.54,42,0,hf_chars,4.0.2/builds.json,https://huggingface.co/datasets/LvlUrArti/MocDataProcessed/resolve/main/4.0.2/builds.json,aa_all_bosses_only
4.0.2,2026-03-06,aa,异相仲裁,all_bosses,全 Boss / 未拆分,4.0.1,Cyber Crisis,2026-02-12,2026-03-24,boothill,Boothill,波提欧,,,1.58,0.4,4.04,,,0.82,280,198,hf_chars,4.0.2/builds.json,https://huggingface.co/datasets/LvlUrArti/MocDataProcessed/resolve/main/4.0.2/builds.json,aa_all_bosses_only
4.0.2,2026-03-06,aa,异相仲裁,all_bosses,全 Boss / 未拆分,4.0.1,Cyber Crisis,2026-02-12,2026-03-24,bronya,Bronya,布洛妮娅,,,5.87,1.45,5.31,,,2.76,1038,72,hf_chars,4.0.2/builds.json,https://huggingface.co/datasets/LvlUrArti/MocDataProcessed/resolve/main/4.0.2/builds.json,aa_all_bosses_only
4.0.2,2026-03-06,aa,异相仲裁,all_bosses,全 Boss / 未拆分,4.0.1,Cyber Crisis,2026-02-12,2026-03-24,castorice,Castorice,遐蝶,,,63.64,30.01,3.11,,,0.72,11262,7280,hf_chars,4.0.2/builds.json,https://huggingface.co/datasets/LvlUrArti/MocDataProcessed/resolve/main/4.0.2/builds.json,aa_all_bosses_only
4.0.2,2026-03-06,aa,异相仲裁,all_bosses,全 Boss / 未拆分,4.0.1,Cyber Crisis,2026-02-12,2026-03-24,cerydra,Cerydra,刻律德菈,,,17.46,5.15,4.2,,,0.32,3090,1256,hf_chars,4.0.2/builds.json,https://huggingface.co/datasets/LvlUrArti/MocDataProcessed/resolve/main/4.0.2/builds.json,aa_all_bosses_only
4.0.2,2026-03-06,aa,异相仲裁,all_bosses,全 Boss / 未拆分,4.0.1,Cyber Crisis,2026-02-12,2026-03-24,cipher,Cipher,赛飞儿,,,9.71,3.59,2.73,,,0.49,1718,806,hf_chars,4.0.2/builds.json,https://huggingface.co/datasets/LvlUrArti/MocDataProcessed/resolve/main/4.0.2/builds.json,aa_all_bosses_only
4.0.2,2026-03-06,aa,异相仲裁,all_bosses,全 Boss / 未拆分,4.0.1,Cyber Crisis,2026-02-12,2026-03-24,clara,Clara,克拉拉,,,0.03,0.01,99.99,,,4.03,5,4,hf_chars,4.0.2/builds.json,https://huggingface.co/datasets/LvlUrArti/MocDataProcessed/resolve/main/4.0.2/builds.json,aa_all_bosses_only
4.0.2,2026-03-06,aa,异相仲裁,all_bosses,全 Boss / 未拆分,4.0.1,Cyber Crisis,2026-02-12,2026-03-24,cyrene,Cyrene,昔涟,,,58.48,26.18,3.01,,,0.69,10349,5876,hf_chars,4.0.2/builds.json,https://huggingface.co/datasets/LvlUrArti/MocDataProcessed/resolve/main/4.0.2/builds.json,aa_all_bosses_only
4.0.2,2026-03-06,aa,异相仲裁,all_bosses,全 Boss / 未拆分,4.0.1,Cyber Crisis,2026-02-12,2026-03-24,dan-heng,Dan Heng,丹恒,,,0.0,0.0,99.99,,,0.0,0,1,hf_chars,4.0.2/builds.json,https://huggingface.co/datasets/LvlUrArti/MocDataProcessed/resolve/main/4.0.2/builds.json,aa_all_bosses_only
4.0.2,2026-03-06,aa,异相仲裁,all_bosses,全 Boss / 未拆分,4.0.1,Cyber Crisis,2026-02-12,2026-03-24,dan-heng-permansor-terrae,Dan Heng • Permansor Terrae,丹恒•腾荒,,,75.29,28.84,3.27,,,0.17,13324,2076,hf_chars,4.0.2/builds.json,https://huggingface.co/datasets/LvlUrArti/MocDataProcessed/resolve/main/4.0.2/builds.json,aa_all_bosses_only
4.0.2,2026-03-06,aa,异相仲裁,all_bosses,全 Boss / 未拆分,4.0.1,Cyber Crisis,2026-02-12,2026-03-24,dr-ratio,Dr. Ratio,真理医生,,,0.05,0.0,99.99,,,2.57,9,15,hf_chars,4.0.2/builds.json,https://huggingface.co/datasets/LvlUrArti/MocDataProcessed/resolve/main/4.0.2/builds.json,aa_all_bosses_only
4.0.2,2026-03-06,aa,异相仲裁,all_bosses,全 Boss / 未拆分,4.0.1,Cyber Crisis,2026-02-12,2026-03-24,feixiao,Feixiao,飞霄,,,0.97,0.19,6.0,,,1.35,172,143,hf_chars,4.0.2/builds.json,https://huggingface.co/datasets/LvlUrArti/MocDataProcessed/resolve/main/4.0.2/builds.json,aa_all_bosses_only
4.0.2,2026-03-06,aa,异相仲裁,all_bosses,全 Boss / 未拆分,4.0.1,Cyber Crisis,2026-02-12,2026-03-24,firefly,Firefly,流萤,,,36.51,10.18,3.23,,,1.37,6461,3530,hf_chars,4.0.2/builds.json,https://huggingface.co/datasets/LvlUrArti/MocDataProcessed/resolve/main/4.0.2/builds.json,aa_all_bosses_only
4.0.2,2026-03-06,aa,异相仲裁,all_bosses,全 Boss / 未拆分,4.0.1,Cyber Crisis,2026-02-12,2026-03-24,fu-xuan,Fu Xuan,符玄,,,4.21,0.81,3.68,,,1.4,745,139,hf_chars,4.0.2/builds.json,https://huggingface.co/datasets/LvlUrArti/MocDataProcessed/resolve/main/4.0.2/builds.json,aa_all_bosses_only
4.0.2,2026-03-06,aa,异相仲裁,all_bosses,全 Boss / 未拆分,4.0.1,Cyber Crisis,2026-02-12,2026-03-24,gallagher,Gallagher,加拉赫,,,15.71,6.61,3.74,,,5.92,2781,44,hf_chars,4.0.2/builds.json,https://huggingface.co/datasets/LvlUrArti/MocDataProcessed/resolve/main/4.0.2/builds.json,aa_all_bosses_only
4.0.2,2026-03-06,aa,异相仲裁,all_bosses,全 Boss / 未拆分,4.0.1,Cyber Crisis,2026-02-12,2026-03-24,gepard,Gepard,杰帕德,,,0.11,0.03,99.99,,,1.43,19,3,hf_chars,4.0.2/builds.json,https://huggingface.co/datasets/LvlUrArti/MocDataProcessed/resolve/main/4.0.2/builds.json,aa_all_bosses_only
4.0.2,2026-03-06,aa,异相仲裁,all_bosses,全 Boss / 未拆分,4.0.1,Cyber Crisis,2026-02-12,2026-03-24,guinaifen,Guinaifen,桂乃芬,,,0.08,0.03,99.99,,,5.8,14,0,hf_chars,4.0.2/builds.json,https://huggingface.co/datasets/LvlUrArti/MocDataProcessed/resolve/main/4.0.2/builds.json,aa_all_bosses_only
4.0.2,2026-03-06,aa,异相仲裁,all_bosses,全 Boss / 未拆分,4.0.1,Cyber Crisis,2026-02-12,2026-03-24,hanya,Hanya,寒鸦,,,0.12,0.05,99.99,,,0.0,21,0,hf_chars,4.0.2/builds.json,https://huggingface.co/datasets/LvlUrArti/MocDataProcessed/resolve/main/4.0.2/builds.json,aa_all_bosses_only
4.0.2,2026-03-06,aa,异相仲裁,all_bosses,全 Boss / 未拆分,4.0.1,Cyber Crisis,2026-02-12,2026-03-24,herta,Herta,黑塔,,,0.93,0.16,5.79,,,5.98,164,5,hf_chars,4.0.2/builds.json,https://huggingface.co/datasets/LvlUrArti/MocDataProcessed/resolve/main/4.0.2/builds.json,aa_all_bosses_only
4.0.2,2026-03-06,aa,异相仲裁,all_bosses,全 Boss / 未拆分,4.0.1,Cyber Crisis,2026-02-12,2026-03-24,himeko,Himeko,姬子,,,0.12,0.05,99.99,,,2.75,21,10,hf_chars,4.0.2/builds.json,https://huggingface.co/datasets/LvlUrArti/MocDataProcessed/resolve/main/4.0.2/builds.json,aa_all_bosses_only
4.0.2,2026-03-06,aa,异相仲裁,all_bosses,全 Boss / 未拆分,4.0.1,Cyber Crisis,2026-02-12,2026-03-24,hook,Hook,虎克,,,0.0,0.0,99.99,,,0.0,0,0,hf_chars,4.0.2/builds.json,https://huggingface.co/datasets/LvlUrArti/MocDataProcessed/resolve/main/4.0.2/builds.json,aa_all_bosses_only
4.0.2,2026-03-06,aa,异相仲裁,all_bosses,全 Boss / 未拆分,4.0.1,Cyber Crisis,2026-02-12,2026-03-24,huohuo,Huohuo,藿藿,,,15.21,4.77,3.21,,,0.29,2692,326,hf_chars,4.0.2/builds.json,https://huggingface.co/datasets/LvlUrArti/MocDataProcessed/resolve/main/4.0.2/builds.json,aa_all_bosses_only
4.0.2,2026-03-06,aa,异相仲裁,all_bosses,全 Boss / 未拆分,4.0.1,Cyber Crisis,2026-02-12,2026-03-24,hyacine,Hyacine,风堇,,,69.33,31.14,3.07,,,0.25,12269,5733,hf_chars,4.0.2/builds.json,https://huggingface.co/datasets/LvlUrArti/MocDataProcessed/resolve/main/4.0.2/builds.json,aa_all_bosses_only
4.0.2,2026-03-06,aa,异相仲裁,all_bosses,全 Boss / 未拆分,4.0.1,Cyber Crisis,2026-02-12,2026-03-24,hysilens,Hysilens,海瑟音,,,31.19,10.96,2.7,,,0.51,5519,2869,hf_chars,4.0.2/builds.json,https://huggingface.co/datasets/LvlUrArti/MocDataProcessed/resolve/main/4.0.2/builds.json,aa_all_bosses_only
4.0.2,2026-03-06,aa,异相仲裁,all_bosses,全 Boss / 未拆分,4.0.1,Cyber Crisis,2026-02-12,2026-03-24,imbibitor-lunae,Dan Heng • Imbibitor Lunae,丹恒•饮月,,,0.27,0.03,99.99,,,2.96,48,53,hf_chars,4.0.2/builds.json,https://huggingface.co/datasets/LvlUrArti/MocDataProcessed/resolve/main/4.0.2/builds.json,aa_all_bosses_only
4.0.2,2026-03-06,aa,异相仲裁,all_bosses,全 Boss / 未拆分,4.0.1,Cyber Crisis,2026-02-12,2026-03-24,jade,Jade,翡翠,,,1.1,0.14,6.0,,,0.45,194,84,hf_chars,4.0.2/builds.json,https://huggingface.co/datasets/LvlUrArti/MocDataProcessed/resolve/main/4.0.2/builds.json,aa_all_bosses_only
4.0.2,2026-03-06,aa,异相仲裁,all_bosses,全 Boss / 未拆分,4.0.1,Cyber Crisis,2026-02-12,2026-03-24,jiaoqiu,Jiaoqiu,椒丘,,,1.32,0.1,5.33,,,0.98,233,107,hf_chars,4.0.2/builds.json,https://huggingface.co/datasets/LvlUrArti/MocDataProcessed/resolve/main/4.0.2/builds.json,aa_all_bosses_only
4.0.2,2026-03-06,aa,异相仲裁,all_bosses,全 Boss / 未拆分,4.0.1,Cyber Crisis,2026-02-12,2026-03-24,jing-yuan,Jing Yuan,景元,,,0.14,0.0,99.99,,,1.59,24,25,hf_chars,4.0.2/builds.json,https://huggingface.co/datasets/LvlUrArti/MocDataProcessed/resolve/main/4.0.2/builds.json,aa_all_bosses_only
4.0.2,2026-03-06,aa,异相仲裁,all_bosses,全 Boss / 未拆分,4.0.1,Cyber Crisis,2026-02-12,2026-03-24,jingliu,Jingliu,镜流,,,0.25,0.03,99.99,,,2.93,45,54,hf_chars,4.0.2/builds.json,https://huggingface.co/datasets/LvlUrArti/MocDataProcessed/resolve/main/4.0.2/builds.json,aa_all_bosses_only
4.0.2,2026-03-06,aa,异相仲裁,all_bosses,全 Boss / 未拆分,4.0.1,Cyber Crisis,2026-02-12,2026-03-24,kafka,Kafka,卡芙卡,,,33.07,11.54,2.8,,,0.85,5853,2610,hf_chars,4.0.2/builds.json,https://huggingface.co/datasets/LvlUrArti/MocDataProcessed/resolve/main/4.0.2/builds.json,aa_all_bosses_only
4.0.2,2026-03-06,aa,异相仲裁,all_bosses,全 Boss / 未拆分,4.0.1,Cyber Crisis,2026-02-12,2026-03-24,lingsha,Lingsha,灵砂,,,22.0,7.02,3.43,,,0.27,3698,628,hf_chars,4.0.2/builds.json,https://huggingface.co/datasets/LvlUrArti/MocDataProcessed/resolve/main/4.0.2/builds.json,aa_all_bosses_only
4.0.2,2026-03-06,aa,异相仲裁,all_bosses,全 Boss / 未拆分,4.0.1,Cyber Crisis,2026-02-12,2026-03-24,luka,Luka,卢卡,,,0.01,0.0,99.99,,,6.0,1,1,hf_chars,4.0.2/builds.json,https://huggingface.co/datasets/LvlUrArti/MocDataProcessed/resolve/main/4.0.2/builds.json,aa_all_bosses_only
4.0.2,2026-03-06,aa,异相仲裁,all_bosses,全 Boss / 未拆分,4.0.1,Cyber Crisis,2026-02-12,2026-03-24,luocha,Luocha,罗刹,,,6.18,2.28,4.48,,,0.3,1093,84,hf_chars,4.0.2/builds.json,https://huggingface.co/datasets/LvlUrArti/MocDataProcessed/resolve/main/4.0.2/builds.json,aa_all_bosses_only
4.0.2,2026-03-06,aa,异相仲裁,all_bosses,全 Boss / 未拆分,4.0.1,Cyber Crisis,2026-02-12,2026-03-24,lynx,Lynx,玲可,,,0.14,0.04,99.99,,,5.88,24,1,hf_chars,4.0.2/builds.json,https://huggingface.co/datasets/LvlUrArti/MocDataProcessed/resolve/main/4.0.2/builds.json,aa_all_bosses_only
4.0.2,2026-03-06,aa,异相仲裁,all_bosses,全 Boss / 未拆分,4.0.1,Cyber Crisis,2026-02-12,2026-03-24,march-7th,March 7th,三月七 - 存护,,,0.01,0.0,99.99,,,0.0,1,0,hf_chars,4.0.2/builds.json,https://huggingface.co/datasets/LvlUrArti/MocDataProcessed/resolve/main/4.0.2/builds.json,aa_all_bosses_only
4.0.2,2026-03-06,aa,异相仲裁,all_bosses,全 Boss / 未拆分,4.0.1,Cyber Crisis,2026-02-12,2026-03-24,march-7th-evernight,Evernight,长夜月,S-DPS,,51.74,24.89,2.88,,,0.41,9156,0,hf_chars,4.0.2/builds.json,https://huggingface.co/datasets/LvlUrArti/MocDataProcessed/resolve/main/4.0.2/builds.json,aa_all_bosses_only
4.0.2,2026-03-06,aa,异相仲裁,all_bosses,全 Boss / 未拆分,4.0.1,Cyber Crisis,2026-02-12,2026-03-24,march-7th-swordmaster,March 7th: The Hunt,三月七•巡猎,,,0.18,0.07,5.5,,,6.0,32,4,hf_chars,4.0.2/builds.json,https://huggingface.co/datasets/LvlUrArti/MocDataProcessed/resolve/main/4.0.2/builds.json,aa_all_bosses_only
4.0.2,2026-03-06,aa,异相仲裁,all_bosses,全 Boss / 未拆分,4.0.1,Cyber Crisis,2026-02-12,2026-03-24,misha,Misha,米沙,,,0.01,0.0,99.99,,,0.0,1,0,hf_chars,4.0.2/builds.json,https://huggingface.co/datasets/LvlUrArti/MocDataProcessed/resolve/main/4.0.2/builds.json,aa_all_bosses_only
4.0.2,2026-03-06,aa,异相仲裁,all_bosses,全 Boss / 未拆分,4.0.1,Cyber Crisis,2026-02-12,2026-03-24,moze,Moze,貊泽,,,0.11,0.02,99.99,,,0.0,20,1,hf_chars,4.0.2/builds.json,https://huggingface.co/datasets/LvlUrArti/MocDataProcessed/resolve/main/4.0.2/builds.json,aa_all_bosses_only
4.0.2,2026-03-06,aa,异相仲裁,all_bosses,全 Boss / 未拆分,4.0.1,Cyber Crisis,2026-02-12,2026-03-24,mydei,Mydei,万敌,,,1.81,0.36,5.5,,,1.53,320,339,hf_chars,4.0.2/builds.json,https://huggingface.co/datasets/LvlUrArti/MocDataProcessed/resolve/main/4.0.2/builds.json,aa_all_bosses_only
4.0.2,2026-03-06,aa,异相仲裁,all_bosses,全 Boss / 未拆分,4.0.1,Cyber Crisis,2026-02-12,2026-03-24,natasha,Natasha,娜塔莎,,,0.03,0.01,99.99,,,6.0,6,2,hf_chars,4.0.2/builds.json,https://huggingface.co/datasets/LvlUrArti/MocDataProcessed/resolve/main/4.0.2/builds.json,aa_all_bosses_only
4.0.2,2026-03-06,aa,异相仲裁,all_bosses,全 Boss / 未拆分,4.0.1,Cyber Crisis,2026-02-12,2026-03-24,pela,Pela,佩拉,,,0.57,0.14,4.62,,,5.9,100,1,hf_chars,4.0.2/builds.json,https://huggingface.co/datasets/LvlUrArti/MocDataProcessed/resolve/main/4.0.2/builds.json,aa_all_bosses_only
4.0.2,2026-03-06,aa,异相仲裁,all_bosses,全 Boss / 未拆分,4.0.1,Cyber Crisis,2026-02-12,2026-03-24,phainon,Phainon,白厄,,,20.07,5.5,4.71,,,1.3,3551,2886,hf_chars,4.0.2/builds.json,https://huggingface.co/datasets/LvlUrArti/MocDataProcessed/resolve/main/4.0.2/builds.json,aa_all_bosses_only
4.0.2,2026-03-06,aa,异相仲裁,all_bosses,全 Boss / 未拆分,4.0.1,Cyber Crisis,2026-02-12,2026-03-24,qingque,Qingque,青雀,,,0.03,0.01,99.99,,,6.0,5,5,hf_chars,4.0.2/builds.json,https://huggingface.co/datasets/LvlUrArti/MocDataProcessed/resolve/main/4.0.2/builds.json,aa_all_bosses_only
4.0.2,2026-03-06,aa,异相仲裁,all_bosses,全 Boss / 未拆分,4.0.1,Cyber Crisis,2026-02-12,2026-03-24,rappa,Rappa,乱破,,,1.9,0.8,4.56,,,0.46,337,149,hf_chars,4.0.2/builds.json,https://huggingface.co/datasets/LvlUrArti/MocDataProcessed/resolve/main/4.0.2/builds.json,aa_all_bosses_only
4.0.2,2026-03-06,aa,异相仲裁,all_bosses,全 Boss / 未拆分,4.0.1,Cyber Crisis,2026-02-12,2026-03-24,robin,Robin,知更鸟,,,9.71,2.03,4.04,,,0.85,1718,627,hf_chars,4.0.2/builds.json,https://huggingface.co/datasets/LvlUrArti/MocDataProcessed/resolve/main/4.0.2/builds.json,aa_all_bosses_only
4.0.2,2026-03-06,aa,异相仲裁,all_bosses,全 Boss / 未拆分,4.0.1,Cyber Crisis,2026-02-12,2026-03-24,ruan-mei,Ruan Mei,阮•梅,,,25.46,3.12,3.68,,,1.15,4506,832,hf_chars,4.0.2/builds.json,https://huggingface.co/datasets/LvlUrArti/MocDataProcessed/resolve/main/4.0.2/builds.json,aa_all_bosses_only
4.0.2,2026-03-06,aa,异相仲裁,all_bosses,全 Boss / 未拆分,4.0.1,Cyber Crisis,2026-02-12,2026-03-24,saber,Saber,Saber,,,1.67,0.43,5.92,,,2.72,296,394,hf_chars,4.0.2/builds.json,https://huggingface.co/datasets/LvlUrArti/MocDataProcessed/resolve/main/4.0.2/builds.json,aa_all_bosses_only
4.0.2,2026-03-06,aa,异相仲裁,all_bosses,全 Boss / 未拆分,4.0.1,Cyber Crisis,2026-02-12,2026-03-24,sampo,Sampo,桑博,,,0.06,0.02,99.99,,,0.0,10,0,hf_chars,4.0.2/builds.json,https://huggingface.co/datasets/LvlUrArti/MocDataProcessed/resolve/main/4.0.2/builds.json,aa_all_bosses_only
4.0.2,2026-03-06,aa,异相仲裁,all_bosses,全 Boss / 未拆分,4.0.1,Cyber Crisis,2026-02-12,2026-03-24,seele,Seele,希儿,,,0.03,0.0,99.99,,,2.34,5,3,hf_chars,4.0.2/builds.json,https://huggingface.co/datasets/LvlUrArti/MocDataProcessed/resolve/main/4.0.2/builds.json,aa_all_bosses_only
4.0.2,2026-03-06,aa,异相仲裁,all_bosses,全 Boss / 未拆分,4.0.1,Cyber Crisis,2026-02-12,2026-03-24,serval,Serval,希露瓦,,,0.25,0.02,99.99,,,5.87,44,2,hf_chars,4.0.2/builds.json,https://huggingface.co/datasets/LvlUrArti/MocDataProcessed/resolve/main/4.0.2/builds.json,aa_all_bosses_only
4.0.2,2026-03-06,aa,异相仲裁,all_bosses,全 Boss / 未拆分,4.0.1,Cyber Crisis,2026-02-12,2026-03-24,silver-wolf,Silver Wolf,银狼,,,10.07,3.2,3.12,,,0.75,1782,445,hf_chars,4.0.2/builds.json,https://huggingface.co/datasets/LvlUrArti/MocDataProcessed/resolve/main/4.0.2/builds.json,aa_all_bosses_only
4.0.2,2026-03-06,aa,异相仲裁,all_bosses,全 Boss / 未拆分,4.0.1,Cyber Crisis,2026-02-12,2026-03-24,sparkle,Sparkle,花火,,,69.45,26.45,2.86,,,0.72,12290,2816,hf_chars,4.0.2/builds.json,https://huggingface.co/datasets/LvlUrArti/MocDataProcessed/resolve/main/4.0.2/builds.json,aa_all_bosses_only
4.0.2,2026-03-06,aa,异相仲裁,all_bosses,全 Boss / 未拆分,4.0.1,Cyber Crisis,2026-02-12,2026-03-24,sparxie,Sparxie,火花,,,4.2,1.42,2.67,,,0.37,743,987,hf_chars,4.0.2/builds.json,https://huggingface.co/datasets/LvlUrArti/MocDataProcessed/resolve/main/4.0.2/builds.json,aa_all_bosses_only
4.0.2,2026-03-06,aa,异相仲裁,all_bosses,全 Boss / 未拆分,4.0.1,Cyber Crisis,2026-02-12,2026-03-24,sunday,Sunday,星期日,,,25.22,7.25,4.46,,,0.46,4464,2012,hf_chars,4.0.2/builds.json,https://huggingface.co/datasets/LvlUrArti/MocDataProcessed/resolve/main/4.0.2/builds.json,aa_all_bosses_only
4.0.2,2026-03-06,aa,异相仲裁,all_bosses,全 Boss / 未拆分,4.0.1,Cyber Crisis,2026-02-12,2026-03-24,sushang,Sushang,素裳,,,0.0,0.0,99.99,,,6.0,0,0,hf_chars,4.0.2/builds.json,https://huggingface.co/datasets/LvlUrArti/MocDataProcessed/resolve/main/4.0.2/builds.json,aa_all_bosses_only
4.0.2,2026-03-06,aa,异相仲裁,all_bosses,全 Boss / 未拆分,4.0.1,Cyber Crisis,2026-02-12,2026-03-24,the-dahlia,The Dahlia,大丽花,,,39.58,11.7,3.35,,,0.3,7005,2213,hf_chars,4.0.2/builds.json,https://huggingface.co/datasets/LvlUrArti/MocDataProcessed/resolve/main/4.0.2/builds.json,aa_all_bosses_only
4.0.2,2026-03-06,aa,异相仲裁,all_bosses,全 Boss / 未拆分,4.0.1,Cyber Crisis,2026-02-12,2026-03-24,the-herta,The Herta,大黑塔,,,6.68,1.27,5.83,,,1.02,1182,887,hf_chars,4.0.2/builds.json,https://huggingface.co/datasets/LvlUrArti/MocDataProcessed/resolve/main/4.0.2/builds.json,aa_all_bosses_only
4.0.2,2026-03-06,aa,异相仲裁,all_bosses,全 Boss / 未拆分,4.0.1,Cyber Crisis,2026-02-12,2026-03-24,tingyun,Tingyun,停云,,,1.03,0.31,2.78,,,5.95,182,1,hf_chars,4.0.2/builds.json,https://huggingface.co/datasets/LvlUrArti/MocDataProcessed/resolve/main/4.0.2/builds.json,aa_all_bosses_only
4.0.2,2026-03-06,aa,异相仲裁,all_bosses,全 Boss / 未拆分,4.0.1,Cyber Crisis,2026-02-12,2026-03-24,tingyun-fugue,Fugue,忘归人,,,34.88,9.65,3.21,,,0.51,6173,1495,hf_chars,4.0.2/builds.json,https://huggingface.co/datasets/LvlUrArti/MocDataProcessed/resolve/main/4.0.2/builds.json,aa_all_bosses_only
4.0.2,2026-03-06,aa,异相仲裁,all_bosses,全 Boss / 未拆分,4.0.1,Cyber Crisis,2026-02-12,2026-03-24,topaz,Topaz & Numby,托帕&账账,,,0.23,0.01,99.99,,,1.43,40,24,hf_chars,4.0.2/builds.json,https://huggingface.co/datasets/LvlUrArti/MocDataProcessed/resolve/main/4.0.2/builds.json,aa_all_bosses_only
4.0.2,2026-03-06,aa,异相仲裁,all_bosses,全 Boss / 未拆分,4.0.1,Cyber Crisis,2026-02-12,2026-03-24,trailblazer-destruction,Trailblazer - The Destruction,开拓者 - 毁灭,,,0.0,0.0,99.99,,,0.0,0,0,hf_chars,4.0.2/builds.json,https://huggingface.co/datasets/LvlUrArti/MocDataProcessed/resolve/main/4.0.2/builds.json,aa_all_bosses_only
4.0.2,2026-03-06,aa,异相仲裁,all_bosses,全 Boss / 未拆分,4.0.1,Cyber Crisis,2026-02-12,2026-03-24,trailblazer-harmony,Trailblazer - The Harmony,开拓者 - 同谐,,,10.98,3.02,3.03,,,5.9,1943,161,hf_chars,4.0.2/builds.json,https://huggingface.co/datasets/LvlUrArti/MocDataProcessed/resolve/main/4.0.2/builds.json,aa_all_bosses_only
4.0.2,2026-03-06,aa,异相仲裁,all_bosses,全 Boss / 未拆分,4.0.1,Cyber Crisis,2026-02-12,2026-03-24,trailblazer-preservation,Trailblazer - The Preservation,开拓者 - 存护,,,0.0,0.0,99.99,,,0.0,0,0,hf_chars,4.0.2/builds.json,https://huggingface.co/datasets/LvlUrArti/MocDataProcessed/resolve/main/4.0.2/builds.json,aa_all_bosses_only
4.0.2,2026-03-06,aa,异相仲裁,all_bosses,全 Boss / 未拆分,4.0.1,Cyber Crisis,2026-02-12,2026-03-24,trailblazer-remembrance,Trailblazer - Remembrance,开拓者•记忆,,,31.72,13.81,3.73,,,5.95,5614,570,hf_chars,4.0.2/builds.json,https://huggingface.co/datasets/LvlUrArti/MocDataProcessed/resolve/main/4.0.2/builds.json,aa_all_bosses_only
4.0.2,2026-03-06,aa,异相仲裁,all_bosses,全 Boss / 未拆分,4.0.1,Cyber Crisis,2026-02-12,2026-03-24,tribbie,Tribbie,缇宝,,,43.82,12.26,3.73,,,0.66,7755,3235,hf_chars,4.0.2/builds.json,https://huggingface.co/datasets/LvlUrArti/MocDataProcessed/resolve/main/4.0.2/builds.json,aa_all_bosses_only
4.0.2,2026-03-06,aa,异相仲裁,all_bosses,全 Boss / 未拆分,4.0.1,Cyber Crisis,2026-02-12,2026-03-24,welt,Welt,瓦尔特,,,0.02,0.0,99.99,,,3.11,4,1,hf_chars,4.0.2/builds.json,https://huggingface.co/datasets/LvlUrArti/MocDataProcessed/resolve/main/4.0.2/builds.json,aa_all_bosses_only
4.0.2,2026-03-06,aa,异相仲裁,all_bosses,全 Boss / 未拆分,4.0.1,Cyber Crisis,2026-02-12,2026-03-24,xueyi,Xueyi,雪衣,,,0.04,0.01,99.99,,,6.0,7,7,hf_chars,4.0.2/builds.json,https://huggingface.co/datasets/LvlUrArti/MocDataProcessed/resolve/main/4.0.2/builds.json,aa_all_bosses_only
4.0.2,2026-03-06,aa,异相仲裁,all_bosses,全 Boss / 未拆分,4.0.1,Cyber Crisis,2026-02-12,2026-03-24,yanqing,Yanqing,彦卿,,,0.0,0.0,99.99,,,4.0,0,0,hf_chars,4.0.2/builds.json,https://huggingface.co/datasets/LvlUrArti/MocDataProcessed/resolve/main/4.0.2/builds.json,aa_all_bosses_only
4.0.2,2026-03-06,aa,异相仲裁,all_bosses,全 Boss / 未拆分,4.0.1,Cyber Crisis,2026-02-12,2026-03-24,yao-guang,Yao Guang,爻光,,,23.92,10.58,2.76,,,0.17,4233,2117,hf_chars,4.0.2/builds.json,https://huggingface.co/datasets/LvlUrArti/MocDataProcessed/resolve/main/4.0.2/builds.json,aa_all_bosses_only
4.0.2,2026-03-06,aa,异相仲裁,all_bosses,全 Boss / 未拆分,4.0.1,Cyber Crisis,2026-02-12,2026-03-24,yukong,Yukong,驭空,,,0.01,0.01,99.99,,,6.0,2,0,hf_chars,4.0.2/builds.json,https://huggingface.co/datasets/LvlUrArti/MocDataProcessed/resolve/main/4.0.2/builds.json,aa_all_bosses_only
4.0.2,2026-03-06,aa,异相仲裁,all_bosses,全 Boss / 未拆分,4.0.1,Cyber Crisis,2026-02-12,2026-03-24,yunli,Yunli,云璃,,,0.16,0.02,99.99,,,1.14,29,24,hf_chars,4.0.2/builds.json,https://huggingface.co/datasets/LvlUrArti/MocDataProcessed/resolve/main/4.0.2/builds.json,aa_all_bosses_only
4.1.2,2026-04-19,aa,异相仲裁,all_bosses,全 Boss / 未拆分,4.1.1,Don't Mess With Pom-Pom,2026-03-24,2026-04-21,acheron,Acheron,黄泉,,,1.85,0.11,6.0,,,2.93,312,350,hf_chars,4.1.2/builds.json,https://huggingface.co/datasets/LvlUrArti/MocDataProcessed/resolve/main/4.1.2/builds.json,aa_all_bosses_only
4.1.2,2026-04-19,aa,异相仲裁,all_bosses,全 Boss / 未拆分,4.1.1,Don't Mess With Pom-Pom,2026-03-24,2026-04-21,aglaea,Aglaea,阿格莱雅,,,2.07,0.17,5.21,,,1.56,348,272,hf_chars,4.1.2/builds.json,https://huggingface.co/datasets/LvlUrArti/MocDataProcessed/resolve/main/4.1.2/builds.json,aa_all_bosses_only
4.1.2,2026-04-19,aa,异相仲裁,all_bosses,全 Boss / 未拆分,4.1.1,Don't Mess With Pom-Pom,2026-03-24,2026-04-21,anaxa,Anaxa,那刻夏,S-DPS,,4.31,0.8,5.69,,,0.22,726,0,hf_chars,4.1.2/builds.json,https://huggingface.co/datasets/LvlUrArti/MocDataProcessed/resolve/main/4.1.2/builds.json,aa_all_bosses_only
4.1.2,2026-04-19,aa,异相仲裁,all_bosses,全 Boss / 未拆分,4.1.1,Don't Mess With Pom-Pom,2026-03-24,2026-04-21,archer,Archer,Archer,,,13.69,3.26,4.79,,,0.49,2305,788,hf_chars,4.1.2/builds.json,https://huggingface.co/datasets/LvlUrArti/MocDataProcessed/resolve/main/4.1.2/builds.json,aa_all_bosses_only
4.1.2,2026-04-19,aa,异相仲裁,all_bosses,全 Boss / 未拆分,4.1.1,Don't Mess With Pom-Pom,2026-03-24,2026-04-21,argenti,Argenti,银枝,S-DPS,,0.08,0.01,99.99,,,0.24,13,0,hf_chars,4.1.2/builds.json,https://huggingface.co/datasets/LvlUrArti/MocDataProcessed/resolve/main/4.1.2/builds.json,aa_all_bosses_only
4.1.2,2026-04-19,aa,异相仲裁,all_bosses,全 Boss / 未拆分,4.1.1,Don't Mess With Pom-Pom,2026-03-24,2026-04-21,arlan,Arlan,阿兰,,,0.0,0.0,99.99,,,0.0,0,0,hf_chars,4.1.2/builds.json,https://huggingface.co/datasets/LvlUrArti/MocDataProcessed/resolve/main/4.1.2/builds.json,aa_all_bosses_only
4.1.2,2026-04-19,aa,异相仲裁,all_bosses,全 Boss / 未拆分,4.1.1,Don't Mess With Pom-Pom,2026-03-24,2026-04-21,ashveil,Ashveil,不死途,S-DPS,,1.46,0.35,4.62,,,0.33,246,0,hf_chars,4.1.2/builds.json,https://huggingface.co/datasets/LvlUrArti/MocDataProcessed/resolve/main/4.1.2/builds.json,aa_all_bosses_only
4.1.2,2026-04-19,aa,异相仲裁,all_bosses,全 Boss / 未拆分,4.1.1,Don't Mess With Pom-Pom,2026-03-24,2026-04-21,asta,Asta,艾丝妲,,,0.07,0.02,99.99,,,5.72,12,1,hf_chars,4.1.2/builds.json,https://huggingface.co/datasets/LvlUrArti/MocDataProcessed/resolve/main/4.1.2/builds.json,aa_all_bosses_only
4.1.2,2026-04-19,aa,异相仲裁,all_bosses,全 Boss / 未拆分,4.1.1,Don't Mess With Pom-Pom,2026-03-24,2026-04-21,aventurine,Aventurine,砂金,,,15.55,5.49,3.65,,,0.57,2618,478,hf_chars,4.1.2/builds.json,https://huggingface.co/datasets/LvlUrArti/MocDataProcessed/resolve/main/4.1.2/builds.json,aa_all_bosses_only
4.1.2,2026-04-19,aa,异相仲裁,all_bosses,全 Boss / 未拆分,4.1.1,Don't Mess With Pom-Pom,2026-03-24,2026-04-21,bailu,Bailu,白露,,,1.5,0.42,4.41,,,2.24,253,6,hf_chars,4.1.2/builds.json,https://huggingface.co/datasets/LvlUrArti/MocDataProcessed/resolve/main/4.1.2/builds.json,aa_all_bosses_only
4.1.2,2026-04-19,aa,异相仲裁,all_bosses,全 Boss / 未拆分,4.1.1,Don't Mess With Pom-Pom,2026-03-24,2026-04-21,black-swan,Black Swan,黑天鹅,,,27.03,8.6,3.57,,,0.45,4550,1435,hf_chars,4.1.2/builds.json,https://huggingface.co/datasets/LvlUrArti/MocDataProcessed/resolve/main/4.1.2/builds.json,aa_all_bosses_only
4.1.2,2026-04-19,aa,异相仲裁,all_bosses,全 Boss / 未拆分,4.1.1,Don't Mess With Pom-Pom,2026-03-24,2026-04-21,blade,Blade,刃,S-DPS,,0.58,0.1,4.65,,,1.44,98,0,hf_chars,4.1.2/builds.json,https://huggingface.co/datasets/LvlUrArti/MocDataProcessed/resolve/main/4.1.2/builds.json,aa_all_bosses_only
4.1.2,2026-04-19,aa,异相仲裁,all_bosses,全 Boss / 未拆分,4.1.1,Don't Mess With Pom-Pom,2026-03-24,2026-04-21,boothill,Boothill,波提欧,,,0.65,0.18,5.81,,,1.39,109,95,hf_chars,4.1.2/builds.json,https://huggingface.co/datasets/LvlUrArti/MocDataProcessed/resolve/main/4.1.2/builds.json,aa_all_bosses_only
4.1.2,2026-04-19,aa,异相仲裁,all_bosses,全 Boss / 未拆分,4.1.1,Don't Mess With Pom-Pom,2026-03-24,2026-04-21,bronya,Bronya,布洛妮娅,,,6.9,2.47,5.22,,,2.95,1161,68,hf_chars,4.1.2/builds.json,https://huggingface.co/datasets/LvlUrArti/MocDataProcessed/resolve/main/4.1.2/builds.json,aa_all_bosses_only
4.1.2,2026-04-19,aa,异相仲裁,all_bosses,全 Boss / 未拆分,4.1.1,Don't Mess With Pom-Pom,2026-03-24,2026-04-21,castorice,Castorice,遐蝶,,,66.3,30.91,2.37,,,0.79,11161,6319,hf_chars,4.1.2/builds.json,https://huggingface.co/datasets/LvlUrArti/MocDataProcessed/resolve/main/4.1.2/builds.json,aa_all_bosses_only
4.1.2,2026-04-19,aa,异相仲裁,all_bosses,全 Boss / 未拆分,4.1.1,Don't Mess With Pom-Pom,2026-03-24,2026-04-21,cerydra,Cerydra,刻律德菈,,,24.52,8.08,4.45,,,0.42,4127,1197,hf_chars,4.1.2/builds.json,https://huggingface.co/datasets/LvlUrArti/MocDataProcessed/resolve/main/4.1.2/builds.json,aa_all_bosses_only
4.1.2,2026-04-19,aa,异相仲裁,all_bosses,全 Boss / 未拆分,4.1.1,Don't Mess With Pom-Pom,2026-03-24,2026-04-21,cipher,Cipher,赛飞儿,,,4.0,1.05,3.91,,,0.58,673,351,hf_chars,4.1.2/builds.json,https://huggingface.co/datasets/LvlUrArti/MocDataProcessed/resolve/main/4.1.2/builds.json,aa_all_bosses_only
4.1.2,2026-04-19,aa,异相仲裁,all_bosses,全 Boss / 未拆分,4.1.1,Don't Mess With Pom-Pom,2026-03-24,2026-04-21,clara,Clara,克拉拉,,,0.18,0.02,99.99,,,4.27,31,14,hf_chars,4.1.2/builds.json,https://huggingface.co/datasets/LvlUrArti/MocDataProcessed/resolve/main/4.1.2/builds.json,aa_all_bosses_only
4.1.2,2026-04-19,aa,异相仲裁,all_bosses,全 Boss / 未拆分,4.1.1,Don't Mess With Pom-Pom,2026-03-24,2026-04-21,cyrene,Cyrene,昔涟,,,59.19,26.21,2.44,,,0.74,9964,5069,hf_chars,4.1.2/builds.json,https://huggingface.co/datasets/LvlUrArti/MocDataProcessed/resolve/main/4.1.2/builds.json,aa_all_bosses_only
4.1.2,2026-04-19,aa,异相仲裁,all_bosses,全 Boss / 未拆分,4.1.1,Don't Mess With Pom-Pom,2026-03-24,2026-04-21,dan-heng,Dan Heng,丹恒,,,0.0,0.0,99.99,,,6.0,0,0,hf_chars,4.1.2/builds.json,https://huggingface.co/datasets/LvlUrArti/MocDataProcessed/resolve/main/4.1.2/builds.json,aa_all_bosses_only
4.1.2,2026-04-19,aa,异相仲裁,all_bosses,全 Boss / 未拆分,4.1.1,Don't Mess With Pom-Pom,2026-03-24,2026-04-21,dan-heng-permansor-terrae,Dan Heng • Permansor Terrae,丹恒•腾荒,,,77.42,27.84,3.92,,,0.15,13033,1780,hf_chars,4.1.2/builds.json,https://huggingface.co/datasets/LvlUrArti/MocDataProcessed/resolve/main/4.1.2/builds.json,aa_all_bosses_only
4.1.2,2026-04-19,aa,异相仲裁,all_bosses,全 Boss / 未拆分,4.1.1,Don't Mess With Pom-Pom,2026-03-24,2026-04-21,dr-ratio,Dr. Ratio,真理医生,,,0.02,0.01,99.99,,,3.0,4,9,hf_chars,4.1.2/builds.json,https://huggingface.co/datasets/LvlUrArti/MocDataProcessed/resolve/main/4.1.2/builds.json,aa_all_bosses_only
4.1.2,2026-04-19,aa,异相仲裁,all_bosses,全 Boss / 未拆分,4.1.1,Don't Mess With Pom-Pom,2026-03-24,2026-04-21,feixiao,Feixiao,飞霄,,,1.63,0.3,4.69,,,1.32,274,176,hf_chars,4.1.2/builds.json,https://huggingface.co/datasets/LvlUrArti/MocDataProcessed/resolve/main/4.1.2/builds.json,aa_all_bosses_only
4.1.2,2026-04-19,aa,异相仲裁,all_bosses,全 Boss / 未拆分,4.1.1,Don't Mess With Pom-Pom,2026-03-24,2026-04-21,firefly,Firefly,流萤,,,24.34,6.58,4.78,,,1.62,4098,2363,hf_chars,4.1.2/builds.json,https://huggingface.co/datasets/LvlUrArti/MocDataProcessed/resolve/main/4.1.2/builds.json,aa_all_bosses_only
4.1.2,2026-04-19,aa,异相仲裁,all_bosses,全 Boss / 未拆分,4.1.1,Don't Mess With Pom-Pom,2026-03-24,2026-04-21,fu-xuan,Fu Xuan,符玄,,,4.23,0.65,2.33,,,1.44,712,132,hf_chars,4.1.2/builds.json,https://huggingface.co/datasets/LvlUrArti/MocDataProcessed/resolve/main/4.1.2/builds.json,aa_all_bosses_only
4.1.2,2026-04-19,aa,异相仲裁,all_bosses,全 Boss / 未拆分,4.1.1,Don't Mess With Pom-Pom,2026-03-24,2026-04-21,gallagher,Gallagher,加拉赫,,,11.67,4.48,4.9,,,5.93,1965,34,hf_chars,4.1.2/builds.json,https://huggingface.co/datasets/LvlUrArti/MocDataProcessed/resolve/main/4.1.2/builds.json,aa_all_bosses_only
4.1.2,2026-04-19,aa,异相仲裁,all_bosses,全 Boss / 未拆分,4.1.1,Don't Mess With Pom-Pom,2026-03-24,2026-04-21,gepard,Gepard,杰帕德,,,0.19,0.05,99.99,,,1.64,32,1,hf_chars,4.1.2/builds.json,https://huggingface.co/datasets/LvlUrArti/MocDataProcessed/resolve/main/4.1.2/builds.json,aa_all_bosses_only
4.1.2,2026-04-19,aa,异相仲裁,all_bosses,全 Boss / 未拆分,4.1.1,Don't Mess With Pom-Pom,2026-03-24,2026-04-21,guinaifen,Guinaifen,桂乃芬,,,0.01,0.0,99.99,,,5.89,1,0,hf_chars,4.1.2/builds.json,https://huggingface.co/datasets/LvlUrArti/MocDataProcessed/resolve/main/4.1.2/builds.json,aa_all_bosses_only
4.1.2,2026-04-19,aa,异相仲裁,all_bosses,全 Boss / 未拆分,4.1.1,Don't Mess With Pom-Pom,2026-03-24,2026-04-21,hanya,Hanya,寒鸦,,,0.08,0.03,99.99,,,0.0,13,0,hf_chars,4.1.2/builds.json,https://huggingface.co/datasets/LvlUrArti/MocDataProcessed/resolve/main/4.1.2/builds.json,aa_all_bosses_only
4.1.2,2026-04-19,aa,异相仲裁,all_bosses,全 Boss / 未拆分,4.1.1,Don't Mess With Pom-Pom,2026-03-24,2026-04-21,herta,Herta,黑塔,,,1.02,0.28,5.84,,,6.0,171,9,hf_chars,4.1.2/builds.json,https://huggingface.co/datasets/LvlUrArti/MocDataProcessed/resolve/main/4.1.2/builds.json,aa_all_bosses_only
4.1.2,2026-04-19,aa,异相仲裁,all_bosses,全 Boss / 未拆分,4.1.1,Don't Mess With Pom-Pom,2026-03-24,2026-04-21,himeko,Himeko,姬子,,,0.11,0.02,99.99,,,2.79,18,8,hf_chars,4.1.2/builds.json,https://huggingface.co/datasets/LvlUrArti/MocDataProcessed/resolve/main/4.1.2/builds.json,aa_all_bosses_only
4.1.2,2026-04-19,aa,异相仲裁,all_bosses,全 Boss / 未拆分,4.1.1,Don't Mess With Pom-Pom,2026-03-24,2026-04-21,hook,Hook,虎克,,,0.0,0.0,99.99,,,6.0,0,0,hf_chars,4.1.2/builds.json,https://huggingface.co/datasets/LvlUrArti/MocDataProcessed/resolve/main/4.1.2/builds.json,aa_all_bosses_only
4.1.2,2026-04-19,aa,异相仲裁,all_bosses,全 Boss / 未拆分,4.1.1,Don't Mess With Pom-Pom,2026-03-24,2026-04-21,huohuo,Huohuo,藿藿,,,18.09,5.25,3.03,,,0.27,3046,339,hf_chars,4.1.2/builds.json,https://huggingface.co/datasets/LvlUrArti/MocDataProcessed/resolve/main/4.1.2/builds.json,aa_all_bosses_only
4.1.2,2026-04-19,aa,异相仲裁,all_bosses,全 Boss / 未拆分,4.1.1,Don't Mess With Pom-Pom,2026-03-24,2026-04-21,hyacine,Hyacine,风堇,,,73.52,32.9,2.4,,,0.31,12376,5025,hf_chars,4.1.2/builds.json,https://huggingface.co/datasets/LvlUrArti/MocDataProcessed/resolve/main/4.1.2/builds.json,aa_all_bosses_only
4.1.2,2026-04-19,aa,异相仲裁,all_bosses,全 Boss / 未拆分,4.1.1,Don't Mess With Pom-Pom,2026-03-24,2026-04-21,hysilens,Hysilens,海瑟音,,,29.1,9.24,3.65,,,0.52,4899,2439,hf_chars,4.1.2/builds.json,https://huggingface.co/datasets/LvlUrArti/MocDataProcessed/resolve/main/4.1.2/builds.json,aa_all_bosses_only
4.1.2,2026-04-19,aa,异相仲裁,all_bosses,全 Boss / 未拆分,4.1.1,Don't Mess With Pom-Pom,2026-03-24,2026-04-21,imbibitor-lunae,Dan Heng • Imbibitor Lunae,丹恒•饮月,,,0.08,0.0,99.99,,,3.41,14,24,hf_chars,4.1.2/builds.json,https://huggingface.co/datasets/LvlUrArti/MocDataProcessed/resolve/main/4.1.2/builds.json,aa_all_bosses_only
4.1.2,2026-04-19,aa,异相仲裁,all_bosses,全 Boss / 未拆分,4.1.1,Don't Mess With Pom-Pom,2026-03-24,2026-04-21,jade,Jade,翡翠,,,1.06,0.2,5.72,,,0.51,179,70,hf_chars,4.1.2/builds.json,https://huggingface.co/datasets/LvlUrArti/MocDataProcessed/resolve/main/4.1.2/builds.json,aa_all_bosses_only
4.1.2,2026-04-19,aa,异相仲裁,all_bosses,全 Boss / 未拆分,4.1.1,Don't Mess With Pom-Pom,2026-03-24,2026-04-21,jiaoqiu,Jiaoqiu,椒丘,,,1.15,0.07,5.86,,,0.88,193,79,hf_chars,4.1.2/builds.json,https://huggingface.co/datasets/LvlUrArti/MocDataProcessed/resolve/main/4.1.2/builds.json,aa_all_bosses_only
4.1.2,2026-04-19,aa,异相仲裁,all_bosses,全 Boss / 未拆分,4.1.1,Don't Mess With Pom-Pom,2026-03-24,2026-04-21,jing-yuan,Jing Yuan,景元,,,0.11,0.0,99.99,,,1.23,18,19,hf_chars,4.1.2/builds.json,https://huggingface.co/datasets/LvlUrArti/MocDataProcessed/resolve/main/4.1.2/builds.json,aa_all_bosses_only
4.1.2,2026-04-19,aa,异相仲裁,all_bosses,全 Boss / 未拆分,4.1.1,Don't Mess With Pom-Pom,2026-03-24,2026-04-21,jingliu,Jingliu,镜流,,,0.3,0.04,99.99,,,2.99,51,51,hf_chars,4.1.2/builds.json,https://huggingface.co/datasets/LvlUrArti/MocDataProcessed/resolve/main/4.1.2/builds.json,aa_all_bosses_only
4.1.2,2026-04-19,aa,异相仲裁,all_bosses,全 Boss / 未拆分,4.1.1,Don't Mess With Pom-Pom,2026-03-24,2026-04-21,kafka,Kafka,卡芙卡,,,29.66,9.41,3.68,,,0.84,4993,2152,hf_chars,4.1.2/builds.json,https://huggingface.co/datasets/LvlUrArti/MocDataProcessed/resolve/main/4.1.2/builds.json,aa_all_bosses_only
4.1.2,2026-04-19,aa,异相仲裁,all_bosses,全 Boss / 未拆分,4.1.1,Don't Mess With Pom-Pom,2026-03-24,2026-04-21,lingsha,Lingsha,灵砂,,,17.45,5.06,4.38,,,0.3,2767,453,hf_chars,4.1.2/builds.json,https://huggingface.co/datasets/LvlUrArti/MocDataProcessed/resolve/main/4.1.2/builds.json,aa_all_bosses_only
4.1.2,2026-04-19,aa,异相仲裁,all_bosses,全 Boss / 未拆分,4.1.1,Don't Mess With Pom-Pom,2026-03-24,2026-04-21,luka,Luka,卢卡,,,0.0,0.0,99.99,,,6.0,0,0,hf_chars,4.1.2/builds.json,https://huggingface.co/datasets/LvlUrArti/MocDataProcessed/resolve/main/4.1.2/builds.json,aa_all_bosses_only
4.1.2,2026-04-19,aa,异相仲裁,all_bosses,全 Boss / 未拆分,4.1.1,Don't Mess With Pom-Pom,2026-03-24,2026-04-21,luocha,Luocha,罗刹,,,6.97,1.83,4.52,,,0.33,1173,76,hf_chars,4.1.2/builds.json,https://huggingface.co/datasets/LvlUrArti/MocDataProcessed/resolve/main/4.1.2/builds.json,aa_all_bosses_only
4.1.2,2026-04-19,aa,异相仲裁,all_bosses,全 Boss / 未拆分,4.1.1,Don't Mess With Pom-Pom,2026-03-24,2026-04-21,lynx,Lynx,玲可,,,0.12,0.01,99.99,,,5.9,21,1,hf_chars,4.1.2/builds.json,https://huggingface.co/datasets/LvlUrArti/MocDataProcessed/resolve/main/4.1.2/builds.json,aa_all_bosses_only
4.1.2,2026-04-19,aa,异相仲裁,all_bosses,全 Boss / 未拆分,4.1.1,Don't Mess With Pom-Pom,2026-03-24,2026-04-21,march-7th,March 7th,三月七 - 存护,,,0.0,0.0,99.99,,,6.0,0,0,hf_chars,4.1.2/builds.json,https://huggingface.co/datasets/LvlUrArti/MocDataProcessed/resolve/main/4.1.2/builds.json,aa_all_bosses_only
4.1.2,2026-04-19,aa,异相仲裁,all_bosses,全 Boss / 未拆分,4.1.1,Don't Mess With Pom-Pom,2026-03-24,2026-04-21,march-7th-evernight,Evernight,长夜月,S-DPS,,51.0,25.3,2.11,,,0.47,8585,0,hf_chars,4.1.2/builds.json,https://huggingface.co/datasets/LvlUrArti/MocDataProcessed/resolve/main/4.1.2/builds.json,aa_all_bosses_only
4.1.2,2026-04-19,aa,异相仲裁,all_bosses,全 Boss / 未拆分,4.1.1,Don't Mess With Pom-Pom,2026-03-24,2026-04-21,march-7th-swordmaster,March 7th: The Hunt,三月七•巡猎,,,0.05,0.01,99.99,,,6.0,8,0,hf_chars,4.1.2/builds.json,https://huggingface.co/datasets/LvlUrArti/MocDataProcessed/resolve/main/4.1.2/builds.json,aa_all_bosses_only
4.1.2,2026-04-19,aa,异相仲裁,all_bosses,全 Boss / 未拆分,4.1.1,Don't Mess With Pom-Pom,2026-03-24,2026-04-21,misha,Misha,米沙,,,0.0,0.0,99.99,,,0.0,0,0,hf_chars,4.1.2/builds.json,https://huggingface.co/datasets/LvlUrArti/MocDataProcessed/resolve/main/4.1.2/builds.json,aa_all_bosses_only
4.1.2,2026-04-19,aa,异相仲裁,all_bosses,全 Boss / 未拆分,4.1.1,Don't Mess With Pom-Pom,2026-03-24,2026-04-21,moze,Moze,貊泽,,,0.04,0.01,99.99,,,6.0,6,0,hf_chars,4.1.2/builds.json,https://huggingface.co/datasets/LvlUrArti/MocDataProcessed/resolve/main/4.1.2/builds.json,aa_all_bosses_only
4.1.2,2026-04-19,aa,异相仲裁,all_bosses,全 Boss / 未拆分,4.1.1,Don't Mess With Pom-Pom,2026-03-24,2026-04-21,mydei,Mydei,万敌,,,3.43,0.93,4.23,,,1.59,577,434,hf_chars,4.1.2/builds.json,https://huggingface.co/datasets/LvlUrArti/MocDataProcessed/resolve/main/4.1.2/builds.json,aa_all_bosses_only
4.1.2,2026-04-19,aa,异相仲裁,all_bosses,全 Boss / 未拆分,4.1.1,Don't Mess With Pom-Pom,2026-03-24,2026-04-21,natasha,Natasha,娜塔莎,,,0.02,0.0,99.99,,,6.0,4,2,hf_chars,4.1.2/builds.json,https://huggingface.co/datasets/LvlUrArti/MocDataProcessed/resolve/main/4.1.2/builds.json,aa_all_bosses_only
4.1.2,2026-04-19,aa,异相仲裁,all_bosses,全 Boss / 未拆分,4.1.1,Don't Mess With Pom-Pom,2026-03-24,2026-04-21,pela,Pela,佩拉,,,0.3,0.06,4.9,,,5.83,51,0,hf_chars,4.1.2/builds.json,https://huggingface.co/datasets/LvlUrArti/MocDataProcessed/resolve/main/4.1.2/builds.json,aa_all_bosses_only
4.1.2,2026-04-19,aa,异相仲裁,all_bosses,全 Boss / 未拆分,4.1.1,Don't Mess With Pom-Pom,2026-03-24,2026-04-21,phainon,Phainon,白厄,,,29.46,10.67,4.64,,,1.46,4960,3074,hf_chars,4.1.2/builds.json,https://huggingface.co/datasets/LvlUrArti/MocDataProcessed/resolve/main/4.1.2/builds.json,aa_all_bosses_only
4.1.2,2026-04-19,aa,异相仲裁,all_bosses,全 Boss / 未拆分,4.1.1,Don't Mess With Pom-Pom,2026-03-24,2026-04-21,qingque,Qingque,青雀,,,0.0,0.0,99.99,,,6.0,0,2,hf_chars,4.1.2/builds.json,https://huggingface.co/datasets/LvlUrArti/MocDataProcessed/resolve/main/4.1.2/builds.json,aa_all_bosses_only
4.1.2,2026-04-19,aa,异相仲裁,all_bosses,全 Boss / 未拆分,4.1.1,Don't Mess With Pom-Pom,2026-03-24,2026-04-21,rappa,Rappa,乱破,,,1.27,0.47,5.56,,,0.7,214,108,hf_chars,4.1.2/builds.json,https://huggingface.co/datasets/LvlUrArti/MocDataProcessed/resolve/main/4.1.2/builds.json,aa_all_bosses_only
4.1.2,2026-04-19,aa,异相仲裁,all_bosses,全 Boss / 未拆分,4.1.1,Don't Mess With Pom-Pom,2026-03-24,2026-04-21,robin,Robin,知更鸟,,,8.64,1.65,5.23,,,0.87,1455,454,hf_chars,4.1.2/builds.json,https://huggingface.co/datasets/LvlUrArti/MocDataProcessed/resolve/main/4.1.2/builds.json,aa_all_bosses_only
4.1.2,2026-04-19,aa,异相仲裁,all_bosses,全 Boss / 未拆分,4.1.1,Don't Mess With Pom-Pom,2026-03-24,2026-04-21,ruan-mei,Ruan Mei,阮•梅,,,13.69,1.03,4.78,,,1.21,2305,392,hf_chars,4.1.2/builds.json,https://huggingface.co/datasets/LvlUrArti/MocDataProcessed/resolve/main/4.1.2/builds.json,aa_all_bosses_only
4.1.2,2026-04-19,aa,异相仲裁,all_bosses,全 Boss / 未拆分,4.1.1,Don't Mess With Pom-Pom,2026-03-24,2026-04-21,saber,Saber,Saber,,,2.88,0.91,5.31,,,3.06,484,449,hf_chars,4.1.2/builds.json,https://huggingface.co/datasets/LvlUrArti/MocDataProcessed/resolve/main/4.1.2/builds.json,aa_all_bosses_only
4.1.2,2026-04-19,aa,异相仲裁,all_bosses,全 Boss / 未拆分,4.1.1,Don't Mess With Pom-Pom,2026-03-24,2026-04-21,sampo,Sampo,桑博,,,0.02,0.0,99.99,,,5.91,3,0,hf_chars,4.1.2/builds.json,https://huggingface.co/datasets/LvlUrArti/MocDataProcessed/resolve/main/4.1.2/builds.json,aa_all_bosses_only
4.1.2,2026-04-19,aa,异相仲裁,all_bosses,全 Boss / 未拆分,4.1.1,Don't Mess With Pom-Pom,2026-03-24,2026-04-21,seele,Seele,希儿,,,0.01,0.0,99.99,,,2.17,2,0,hf_chars,4.1.2/builds.json,https://huggingface.co/datasets/LvlUrArti/MocDataProcessed/resolve/main/4.1.2/builds.json,aa_all_bosses_only
4.1.2,2026-04-19,aa,异相仲裁,all_bosses,全 Boss / 未拆分,4.1.1,Don't Mess With Pom-Pom,2026-03-24,2026-04-21,serval,Serval,希露瓦,,,0.28,0.04,99.99,,,5.95,47,2,hf_chars,4.1.2/builds.json,https://huggingface.co/datasets/LvlUrArti/MocDataProcessed/resolve/main/4.1.2/builds.json,aa_all_bosses_only
4.1.2,2026-04-19,aa,异相仲裁,all_bosses,全 Boss / 未拆分,4.1.1,Don't Mess With Pom-Pom,2026-03-24,2026-04-21,silver-wolf,Silver Wolf,银狼,,,4.5,0.71,5.15,,,0.95,757,262,hf_chars,4.1.2/builds.json,https://huggingface.co/datasets/LvlUrArti/MocDataProcessed/resolve/main/4.1.2/builds.json,aa_all_bosses_only
4.1.2,2026-04-19,aa,异相仲裁,all_bosses,全 Boss / 未拆分,4.1.1,Don't Mess With Pom-Pom,2026-03-24,2026-04-21,sparkle,Sparkle,花火,,,58.01,19.32,3.04,,,0.76,9765,2255,hf_chars,4.1.2/builds.json,https://huggingface.co/datasets/LvlUrArti/MocDataProcessed/resolve/main/4.1.2/builds.json,aa_all_bosses_only
4.1.2,2026-04-19,aa,异相仲裁,all_bosses,全 Boss / 未拆分,4.1.1,Don't Mess With Pom-Pom,2026-03-24,2026-04-21,sparxie,Sparxie,火花,,,38.08,14.98,2.31,,,0.24,6410,2786,hf_chars,4.1.2/builds.json,https://huggingface.co/datasets/LvlUrArti/MocDataProcessed/resolve/main/4.1.2/builds.json,aa_all_bosses_only
4.1.2,2026-04-19,aa,异相仲裁,all_bosses,全 Boss / 未拆分,4.1.1,Don't Mess With Pom-Pom,2026-03-24,2026-04-21,sunday,Sunday,星期日,,,33.08,11.52,4.53,,,0.49,5568,1933,hf_chars,4.1.2/builds.json,https://huggingface.co/datasets/LvlUrArti/MocDataProcessed/resolve/main/4.1.2/builds.json,aa_all_bosses_only
4.1.2,2026-04-19,aa,异相仲裁,all_bosses,全 Boss / 未拆分,4.1.1,Don't Mess With Pom-Pom,2026-03-24,2026-04-21,sushang,Sushang,素裳,,,0.0,0.0,99.99,,,0.0,0,0,hf_chars,4.1.2/builds.json,https://huggingface.co/datasets/LvlUrArti/MocDataProcessed/resolve/main/4.1.2/builds.json,aa_all_bosses_only
4.1.2,2026-04-19,aa,异相仲裁,all_bosses,全 Boss / 未拆分,4.1.1,Don't Mess With Pom-Pom,2026-03-24,2026-04-21,the-dahlia,The Dahlia,大丽花,,,26.99,7.57,4.85,,,0.39,4544,1478,hf_chars,4.1.2/builds.json,https://huggingface.co/datasets/LvlUrArti/MocDataProcessed/resolve/main/4.1.2/builds.json,aa_all_bosses_only
4.1.2,2026-04-19,aa,异相仲裁,all_bosses,全 Boss / 未拆分,4.1.1,Don't Mess With Pom-Pom,2026-03-24,2026-04-21,the-herta,The Herta,大黑塔,,,6.61,1.32,5.72,,,1.14,1112,789,hf_chars,4.1.2/builds.json,https://huggingface.co/datasets/LvlUrArti/MocDataProcessed/resolve/main/4.1.2/builds.json,aa_all_bosses_only
4.1.2,2026-04-19,aa,异相仲裁,all_bosses,全 Boss / 未拆分,4.1.1,Don't Mess With Pom-Pom,2026-03-24,2026-04-21,tingyun,Tingyun,停云,,,0.7,0.17,4.43,,,5.93,118,1,hf_chars,4.1.2/builds.json,https://huggingface.co/datasets/LvlUrArti/MocDataProcessed/resolve/main/4.1.2/builds.json,aa_all_bosses_only
4.1.2,2026-04-19,aa,异相仲裁,all_bosses,全 Boss / 未拆分,4.1.1,Don't Mess With Pom-Pom,2026-03-24,2026-04-21,tingyun-fugue,Fugue,忘归人,,,23.84,6.16,4.77,,,0.62,4014,1031,hf_chars,4.1.2/builds.json,https://huggingface.co/datasets/LvlUrArti/MocDataProcessed/resolve/main/4.1.2/builds.json,aa_all_bosses_only
4.1.2,2026-04-19,aa,异相仲裁,all_bosses,全 Boss / 未拆分,4.1.1,Don't Mess With Pom-Pom,2026-03-24,2026-04-21,topaz,Topaz & Numby,托帕&账账,,,0.13,0.01,99.99,,,1.92,22,18,hf_chars,4.1.2/builds.json,https://huggingface.co/datasets/LvlUrArti/MocDataProcessed/resolve/main/4.1.2/builds.json,aa_all_bosses_only
4.1.2,2026-04-19,aa,异相仲裁,all_bosses,全 Boss / 未拆分,4.1.1,Don't Mess With Pom-Pom,2026-03-24,2026-04-21,trailblazer-destruction,Trailblazer - The Destruction,开拓者 - 毁灭,,,0.0,0.0,99.99,,,0.0,0,0,hf_chars,4.1.2/builds.json,https://huggingface.co/datasets/LvlUrArti/MocDataProcessed/resolve/main/4.1.2/builds.json,aa_all_bosses_only
4.1.2,2026-04-19,aa,异相仲裁,all_bosses,全 Boss / 未拆分,4.1.1,Don't Mess With Pom-Pom,2026-03-24,2026-04-21,trailblazer-harmony,Trailblazer - The Harmony,开拓者 - 同谐,,,7.28,1.85,4.92,,,5.92,1226,96,hf_chars,4.1.2/builds.json,https://huggingface.co/datasets/LvlUrArti/MocDataProcessed/resolve/main/4.1.2/builds.json,aa_all_bosses_only
4.1.2,2026-04-19,aa,异相仲裁,all_bosses,全 Boss / 未拆分,4.1.1,Don't Mess With Pom-Pom,2026-03-24,2026-04-21,trailblazer-preservation,Trailblazer - The Preservation,开拓者 - 存护,,,0.0,0.0,99.99,,,6.0,0,0,hf_chars,4.1.2/builds.json,https://huggingface.co/datasets/LvlUrArti/MocDataProcessed/resolve/main/4.1.2/builds.json,aa_all_bosses_only
4.1.2,2026-04-19,aa,异相仲裁,all_bosses,全 Boss / 未拆分,4.1.1,Don't Mess With Pom-Pom,2026-03-24,2026-04-21,trailblazer-remembrance,Trailblazer - Remembrance,开拓者•记忆,,,35.82,14.92,3.56,,,5.96,6030,521,hf_chars,4.1.2/builds.json,https://huggingface.co/datasets/LvlUrArti/MocDataProcessed/resolve/main/4.1.2/builds.json,aa_all_bosses_only
4.1.2,2026-04-19,aa,异相仲裁,all_bosses,全 Boss / 未拆分,4.1.1,Don't Mess With Pom-Pom,2026-03-24,2026-04-21,tribbie,Tribbie,缇宝,,,41.62,11.08,3.65,,,0.67,7007,2480,hf_chars,4.1.2/builds.json,https://huggingface.co/datasets/LvlUrArti/MocDataProcessed/resolve/main/4.1.2/builds.json,aa_all_bosses_only
4.1.2,2026-04-19,aa,异相仲裁,all_bosses,全 Boss / 未拆分,4.1.1,Don't Mess With Pom-Pom,2026-03-24,2026-04-21,welt,Welt,瓦尔特,,,0.0,0.0,99.99,,,4.5,0,1,hf_chars,4.1.2/builds.json,https://huggingface.co/datasets/LvlUrArti/MocDataProcessed/resolve/main/4.1.2/builds.json,aa_all_bosses_only
4.1.2,2026-04-19,aa,异相仲裁,all_bosses,全 Boss / 未拆分,4.1.1,Don't Mess With Pom-Pom,2026-03-24,2026-04-21,xueyi,Xueyi,雪衣,,,0.01,0.0,99.99,,,6.0,1,1,hf_chars,4.1.2/builds.json,https://huggingface.co/datasets/LvlUrArti/MocDataProcessed/resolve/main/4.1.2/builds.json,aa_all_bosses_only
4.1.2,2026-04-19,aa,异相仲裁,all_bosses,全 Boss / 未拆分,4.1.1,Don't Mess With Pom-Pom,2026-03-24,2026-04-21,yanqing,Yanqing,彦卿,,,0.0,0.0,99.99,,,3.2,0,0,hf_chars,4.1.2/builds.json,https://huggingface.co/datasets/LvlUrArti/MocDataProcessed/resolve/main/4.1.2/builds.json,aa_all_bosses_only
4.1.2,2026-04-19,aa,异相仲裁,all_bosses,全 Boss / 未拆分,4.1.1,Don't Mess With Pom-Pom,2026-03-24,2026-04-21,yao-guang,Yao Guang,爻光,,,40.14,15.83,2.38,,,0.19,6758,2750,hf_chars,4.1.2/builds.json,https://huggingface.co/datasets/LvlUrArti/MocDataProcessed/resolve/main/4.1.2/builds.json,aa_all_bosses_only
4.1.2,2026-04-19,aa,异相仲裁,all_bosses,全 Boss / 未拆分,4.1.1,Don't Mess With Pom-Pom,2026-03-24,2026-04-21,yukong,Yukong,驭空,,,0.02,0.0,99.99,,,0.0,4,0,hf_chars,4.1.2/builds.json,https://huggingface.co/datasets/LvlUrArti/MocDataProcessed/resolve/main/4.1.2/builds.json,aa_all_bosses_only
4.1.2,2026-04-19,aa,异相仲裁,all_bosses,全 Boss / 未拆分,4.1.1,Don't Mess With Pom-Pom,2026-03-24,2026-04-21,yunli,Yunli,云璃,,,0.43,0.1,5.88,,,1.06,73,44,hf_chars,4.1.2/builds.json,https://huggingface.co/datasets/LvlUrArti/MocDataProcessed/resolve/main/4.1.2/builds.json,aa_all_bosses_only
4.2.3,2026-05-29,aa,异相仲裁,all_bosses,全 Boss / 未拆分,4.2.1,Happiness Syntax,2026-04-21,2026-05-31,acheron,Acheron,黄泉,,,1.05,0.03,99.99,,,3.44,208,283,hf_chars,4.2.3/builds.json,https://huggingface.co/datasets/LvlUrArti/MocDataProcessed/resolve/main/4.2.3/builds.json,aa_all_bosses_only
4.2.3,2026-05-29,aa,异相仲裁,all_bosses,全 Boss / 未拆分,4.2.1,Happiness Syntax,2026-04-21,2026-05-31,aglaea,Aglaea,阿格莱雅,,,1.36,0.07,5.38,,,2.0,270,254,hf_chars,4.2.3/builds.json,https://huggingface.co/datasets/LvlUrArti/MocDataProcessed/resolve/main/4.2.3/builds.json,aa_all_bosses_only
4.2.3,2026-05-29,aa,异相仲裁,all_bosses,全 Boss / 未拆分,4.2.1,Happiness Syntax,2026-04-21,2026-05-31,anaxa,Anaxa,那刻夏,S-DPS,,2.17,0.2,6.0,,,0.28,430,0,hf_chars,4.2.3/builds.json,https://huggingface.co/datasets/LvlUrArti/MocDataProcessed/resolve/main/4.2.3/builds.json,aa_all_bosses_only
4.2.3,2026-05-29,aa,异相仲裁,all_bosses,全 Boss / 未拆分,4.2.1,Happiness Syntax,2026-04-21,2026-05-31,archer,Archer,Archer,,,11.22,1.83,5.79,,,1.01,2224,861,hf_chars,4.2.3/builds.json,https://huggingface.co/datasets/LvlUrArti/MocDataProcessed/resolve/main/4.2.3/builds.json,aa_all_bosses_only
4.2.3,2026-05-29,aa,异相仲裁,all_bosses,全 Boss / 未拆分,4.2.1,Happiness Syntax,2026-04-21,2026-05-31,argenti,Argenti,银枝,S-DPS,,0.03,0.0,99.99,,,0.24,5,0,hf_chars,4.2.3/builds.json,https://huggingface.co/datasets/LvlUrArti/MocDataProcessed/resolve/main/4.2.3/builds.json,aa_all_bosses_only
4.2.3,2026-05-29,aa,异相仲裁,all_bosses,全 Boss / 未拆分,4.2.1,Happiness Syntax,2026-04-21,2026-05-31,arlan,Arlan,阿兰,,,0.0,0.0,99.99,,,6.0,0,0,hf_chars,4.2.3/builds.json,https://huggingface.co/datasets/LvlUrArti/MocDataProcessed/resolve/main/4.2.3/builds.json,aa_all_bosses_only
4.2.3,2026-05-29,aa,异相仲裁,all_bosses,全 Boss / 未拆分,4.2.1,Happiness Syntax,2026-04-21,2026-05-31,ashveil,Ashveil,不死途,S-DPS,,1.12,0.14,5.71,,,0.62,222,0,hf_chars,4.2.3/builds.json,https://huggingface.co/datasets/LvlUrArti/MocDataProcessed/resolve/main/4.2.3/builds.json,aa_all_bosses_only
4.2.3,2026-05-29,aa,异相仲裁,all_bosses,全 Boss / 未拆分,4.2.1,Happiness Syntax,2026-04-21,2026-05-31,asta,Asta,艾丝妲,,,1.64,0.59,5.22,,,5.93,325,10,hf_chars,4.2.3/builds.json,https://huggingface.co/datasets/LvlUrArti/MocDataProcessed/resolve/main/4.2.3/builds.json,aa_all_bosses_only
4.2.3,2026-05-29,aa,异相仲裁,all_bosses,全 Boss / 未拆分,4.2.1,Happiness Syntax,2026-04-21,2026-05-31,aventurine,Aventurine,砂金,,,7.72,2.46,3.86,,,0.72,1530,371,hf_chars,4.2.3/builds.json,https://huggingface.co/datasets/LvlUrArti/MocDataProcessed/resolve/main/4.2.3/builds.json,aa_all_bosses_only
4.2.3,2026-05-29,aa,异相仲裁,all_bosses,全 Boss / 未拆分,4.2.1,Happiness Syntax,2026-04-21,2026-05-31,bailu,Bailu,白露,,,0.57,0.13,4.4,,,2.39,113,5,hf_chars,4.2.3/builds.json,https://huggingface.co/datasets/LvlUrArti/MocDataProcessed/resolve/main/4.2.3/builds.json,aa_all_bosses_only
4.2.3,2026-05-29,aa,异相仲裁,all_bosses,全 Boss / 未拆分,4.2.1,Happiness Syntax,2026-04-21,2026-05-31,black-swan,Black Swan,黑天鹅,,,21.38,5.82,4.08,,,0.49,4237,1467,hf_chars,4.2.3/builds.json,https://huggingface.co/datasets/LvlUrArti/MocDataProcessed/resolve/main/4.2.3/builds.json,aa_all_bosses_only
4.2.3,2026-05-29,aa,异相仲裁,all_bosses,全 Boss / 未拆分,4.2.1,Happiness Syntax,2026-04-21,2026-05-31,blade,Blade,刃,S-DPS,,0.15,0.02,99.99,,,1.76,29,0,hf_chars,4.2.3/builds.json,https://huggingface.co/datasets/LvlUrArti/MocDataProcessed/resolve/main/4.2.3/builds.json,aa_all_bosses_only
4.2.3,2026-05-29,aa,异相仲裁,all_bosses,全 Boss / 未拆分,4.2.1,Happiness Syntax,2026-04-21,2026-05-31,boothill,Boothill,波提欧,,,0.45,0.11,6.0,,,1.79,90,89,hf_chars,4.2.3/builds.json,https://huggingface.co/datasets/LvlUrArti/MocDataProcessed/resolve/main/4.2.3/builds.json,aa_all_bosses_only
4.2.3,2026-05-29,aa,异相仲裁,all_bosses,全 Boss / 未拆分,4.2.1,Happiness Syntax,2026-04-21,2026-05-31,bronya,Bronya,布洛妮娅,,,3.37,0.65,6.0,,,3.11,667,48,hf_chars,4.2.3/builds.json,https://huggingface.co/datasets/LvlUrArti/MocDataProcessed/resolve/main/4.2.3/builds.json,aa_all_bosses_only
4.2.3,2026-05-29,aa,异相仲裁,all_bosses,全 Boss / 未拆分,4.2.1,Happiness Syntax,2026-04-21,2026-05-31,castorice,Castorice,遐蝶,,,60.31,26.47,3.1,,,0.88,11950,7209,hf_chars,4.2.3/builds.json,https://huggingface.co/datasets/LvlUrArti/MocDataProcessed/resolve/main/4.2.3/builds.json,aa_all_bosses_only
4.2.3,2026-05-29,aa,异相仲裁,all_bosses,全 Boss / 未拆分,4.2.1,Happiness Syntax,2026-04-21,2026-05-31,cerydra,Cerydra,刻律德菈,,,16.17,3.68,5.61,,,0.53,3204,1010,hf_chars,4.2.3/builds.json,https://huggingface.co/datasets/LvlUrArti/MocDataProcessed/resolve/main/4.2.3/builds.json,aa_all_bosses_only
4.2.3,2026-05-29,aa,异相仲裁,all_bosses,全 Boss / 未拆分,4.2.1,Happiness Syntax,2026-04-21,2026-05-31,cipher,Cipher,赛飞儿,,,2.93,0.62,5.1,,,0.72,581,324,hf_chars,4.2.3/builds.json,https://huggingface.co/datasets/LvlUrArti/MocDataProcessed/resolve/main/4.2.3/builds.json,aa_all_bosses_only
4.2.3,2026-05-29,aa,异相仲裁,all_bosses,全 Boss / 未拆分,4.2.1,Happiness Syntax,2026-04-21,2026-05-31,clara,Clara,克拉拉,,,0.05,0.01,99.99,,,4.9,10,4,hf_chars,4.2.3/builds.json,https://huggingface.co/datasets/LvlUrArti/MocDataProcessed/resolve/main/4.2.3/builds.json,aa_all_bosses_only
4.2.3,2026-05-29,aa,异相仲裁,all_bosses,全 Boss / 未拆分,4.2.1,Happiness Syntax,2026-04-21,2026-05-31,cyrene,Cyrene,昔涟,,,54.47,22.96,3.06,,,0.74,10793,5688,hf_chars,4.2.3/builds.json,https://huggingface.co/datasets/LvlUrArti/MocDataProcessed/resolve/main/4.2.3/builds.json,aa_all_bosses_only
4.2.3,2026-05-29,aa,异相仲裁,all_bosses,全 Boss / 未拆分,4.2.1,Happiness Syntax,2026-04-21,2026-05-31,dan-heng,Dan Heng,丹恒,,,0.0,0.0,99.99,,,0.0,0,0,hf_chars,4.2.3/builds.json,https://huggingface.co/datasets/LvlUrArti/MocDataProcessed/resolve/main/4.2.3/builds.json,aa_all_bosses_only
4.2.3,2026-05-29,aa,异相仲裁,all_bosses,全 Boss / 未拆分,4.2.1,Happiness Syntax,2026-04-21,2026-05-31,dan-heng-permansor-terrae,Dan Heng • Permansor Terrae,丹恒•腾荒,,,60.59,20.01,4.17,,,0.19,12005,1687,hf_chars,4.2.3/builds.json,https://huggingface.co/datasets/LvlUrArti/MocDataProcessed/resolve/main/4.2.3/builds.json,aa_all_bosses_only
4.2.3,2026-05-29,aa,异相仲裁,all_bosses,全 Boss / 未拆分,4.2.1,Happiness Syntax,2026-04-21,2026-05-31,dr-ratio,Dr. Ratio,真理医生,,,0.0,0.0,99.99,,,3.5,0,4,hf_chars,4.2.3/builds.json,https://huggingface.co/datasets/LvlUrArti/MocDataProcessed/resolve/main/4.2.3/builds.json,aa_all_bosses_only
4.2.3,2026-05-29,aa,异相仲裁,all_bosses,全 Boss / 未拆分,4.2.1,Happiness Syntax,2026-04-21,2026-05-31,evanescia,Evanescia,绯英,,,11.06,2.66,3.31,,,1.01,2192,1932,hf_chars,4.2.3/builds.json,https://huggingface.co/datasets/LvlUrArti/MocDataProcessed/resolve/main/4.2.3/builds.json,aa_all_bosses_only
4.2.3,2026-05-29,aa,异相仲裁,all_bosses,全 Boss / 未拆分,4.2.1,Happiness Syntax,2026-04-21,2026-05-31,feixiao,Feixiao,飞霄,,,0.74,0.05,99.99,,,2.03,147,124,hf_chars,4.2.3/builds.json,https://huggingface.co/datasets/LvlUrArti/MocDataProcessed/resolve/main/4.2.3/builds.json,aa_all_bosses_only
4.2.3,2026-05-29,aa,异相仲裁,all_bosses,全 Boss / 未拆分,4.2.1,Happiness Syntax,2026-04-21,2026-05-31,firefly,Firefly,流萤,,,41.77,11.55,3.53,,,1.51,8276,4516,hf_chars,4.2.3/builds.json,https://huggingface.co/datasets/LvlUrArti/MocDataProcessed/resolve/main/4.2.3/builds.json,aa_all_bosses_only
4.2.3,2026-05-29,aa,异相仲裁,all_bosses,全 Boss / 未拆分,4.2.1,Happiness Syntax,2026-04-21,2026-05-31,fu-xuan,Fu Xuan,符玄,,,3.99,0.65,2.89,,,1.45,791,143,hf_chars,4.2.3/builds.json,https://huggingface.co/datasets/LvlUrArti/MocDataProcessed/resolve/main/4.2.3/builds.json,aa_all_bosses_only
4.2.3,2026-05-29,aa,异相仲裁,all_bosses,全 Boss / 未拆分,4.2.1,Happiness Syntax,2026-04-21,2026-05-31,gallagher,Gallagher,加拉赫,,,10.94,4.3,4.06,,,5.98,2168,22,hf_chars,4.2.3/builds.json,https://huggingface.co/datasets/LvlUrArti/MocDataProcessed/resolve/main/4.2.3/builds.json,aa_all_bosses_only
4.2.3,2026-05-29,aa,异相仲裁,all_bosses,全 Boss / 未拆分,4.2.1,Happiness Syntax,2026-04-21,2026-05-31,gepard,Gepard,杰帕德,,,0.04,0.01,99.99,,,2.37,8,1,hf_chars,4.2.3/builds.json,https://huggingface.co/datasets/LvlUrArti/MocDataProcessed/resolve/main/4.2.3/builds.json,aa_all_bosses_only
4.2.3,2026-05-29,aa,异相仲裁,all_bosses,全 Boss / 未拆分,4.2.1,Happiness Syntax,2026-04-21,2026-05-31,guinaifen,Guinaifen,桂乃芬,,,0.02,0.01,99.99,,,6.0,3,0,hf_chars,4.2.3/builds.json,https://huggingface.co/datasets/LvlUrArti/MocDataProcessed/resolve/main/4.2.3/builds.json,aa_all_bosses_only
4.2.3,2026-05-29,aa,异相仲裁,all_bosses,全 Boss / 未拆分,4.2.1,Happiness Syntax,2026-04-21,2026-05-31,hanya,Hanya,寒鸦,,,0.03,0.0,99.99,,,0.0,6,0,hf_chars,4.2.3/builds.json,https://huggingface.co/datasets/LvlUrArti/MocDataProcessed/resolve/main/4.2.3/builds.json,aa_all_bosses_only
4.2.3,2026-05-29,aa,异相仲裁,all_bosses,全 Boss / 未拆分,4.2.1,Happiness Syntax,2026-04-21,2026-05-31,herta,Herta,黑塔,,,0.17,0.01,99.99,,,6.0,33,4,hf_chars,4.2.3/builds.json,https://huggingface.co/datasets/LvlUrArti/MocDataProcessed/resolve/main/4.2.3/builds.json,aa_all_bosses_only
4.2.3,2026-05-29,aa,异相仲裁,all_bosses,全 Boss / 未拆分,4.2.1,Happiness Syntax,2026-04-21,2026-05-31,himeko,Himeko,姬子,,,0.08,0.02,99.99,,,3.01,16,5,hf_chars,4.2.3/builds.json,https://huggingface.co/datasets/LvlUrArti/MocDataProcessed/resolve/main/4.2.3/builds.json,aa_all_bosses_only
4.2.3,2026-05-29,aa,异相仲裁,all_bosses,全 Boss / 未拆分,4.2.1,Happiness Syntax,2026-04-21,2026-05-31,hook,Hook,虎克,,,0.0,0.0,99.99,,,0.0,0,2,hf_chars,4.2.3/builds.json,https://huggingface.co/datasets/LvlUrArti/MocDataProcessed/resolve/main/4.2.3/builds.json,aa_all_bosses_only
4.2.3,2026-05-29,aa,异相仲裁,all_bosses,全 Boss / 未拆分,4.2.1,Happiness Syntax,2026-04-21,2026-05-31,huohuo,Huohuo,藿藿,,,55.32,16.67,2.92,,,0.61,10961,1038,hf_chars,4.2.3/builds.json,https://huggingface.co/datasets/LvlUrArti/MocDataProcessed/resolve/main/4.2.3/builds.json,aa_all_bosses_only
4.2.3,2026-05-29,aa,异相仲裁,all_bosses,全 Boss / 未拆分,4.2.1,Happiness Syntax,2026-04-21,2026-05-31,hyacine,Hyacine,风堇,,,67.19,28.19,3.12,,,0.35,13313,5201,hf_chars,4.2.3/builds.json,https://huggingface.co/datasets/LvlUrArti/MocDataProcessed/resolve/main/4.2.3/builds.json,aa_all_bosses_only
4.2.3,2026-05-29,aa,异相仲裁,all_bosses,全 Boss / 未拆分,4.2.1,Happiness Syntax,2026-04-21,2026-05-31,hysilens,Hysilens,海瑟音,,,22.63,6.13,4.13,,,0.59,4483,2340,hf_chars,4.2.3/builds.json,https://huggingface.co/datasets/LvlUrArti/MocDataProcessed/resolve/main/4.2.3/builds.json,aa_all_bosses_only
4.2.3,2026-05-29,aa,异相仲裁,all_bosses,全 Boss / 未拆分,4.2.1,Happiness Syntax,2026-04-21,2026-05-31,imbibitor-lunae,Dan Heng • Imbibitor Lunae,丹恒•饮月,,,0.06,0.0,99.99,,,3.53,11,19,hf_chars,4.2.3/builds.json,https://huggingface.co/datasets/LvlUrArti/MocDataProcessed/resolve/main/4.2.3/builds.json,aa_all_bosses_only
4.2.3,2026-05-29,aa,异相仲裁,all_bosses,全 Boss / 未拆分,4.2.1,Happiness Syntax,2026-04-21,2026-05-31,jade,Jade,翡翠,,,0.34,0.02,99.99,,,0.46,67,33,hf_chars,4.2.3/builds.json,https://huggingface.co/datasets/LvlUrArti/MocDataProcessed/resolve/main/4.2.3/builds.json,aa_all_bosses_only
4.2.3,2026-05-29,aa,异相仲裁,all_bosses,全 Boss / 未拆分,4.2.1,Happiness Syntax,2026-04-21,2026-05-31,jiaoqiu,Jiaoqiu,椒丘,,,0.71,0.03,99.99,,,1.23,141,57,hf_chars,4.2.3/builds.json,https://huggingface.co/datasets/LvlUrArti/MocDataProcessed/resolve/main/4.2.3/builds.json,aa_all_bosses_only
4.2.3,2026-05-29,aa,异相仲裁,all_bosses,全 Boss / 未拆分,4.2.1,Happiness Syntax,2026-04-21,2026-05-31,jing-yuan,Jing Yuan,景元,,,0.05,0.0,99.99,,,2.28,10,12,hf_chars,4.2.3/builds.json,https://huggingface.co/datasets/LvlUrArti/MocDataProcessed/resolve/main/4.2.3/builds.json,aa_all_bosses_only
4.2.3,2026-05-29,aa,异相仲裁,all_bosses,全 Boss / 未拆分,4.2.1,Happiness Syntax,2026-04-21,2026-05-31,jingliu,Jingliu,镜流,,,0.1,0.01,99.99,,,3.4,20,26,hf_chars,4.2.3/builds.json,https://huggingface.co/datasets/LvlUrArti/MocDataProcessed/resolve/main/4.2.3/builds.json,aa_all_bosses_only
4.2.3,2026-05-29,aa,异相仲裁,all_bosses,全 Boss / 未拆分,4.2.1,Happiness Syntax,2026-04-21,2026-05-31,kafka,Kafka,卡芙卡,,,22.92,6.17,4.15,,,0.93,4542,2155,hf_chars,4.2.3/builds.json,https://huggingface.co/datasets/LvlUrArti/MocDataProcessed/resolve/main/4.2.3/builds.json,aa_all_bosses_only
4.2.3,2026-05-29,aa,异相仲裁,all_bosses,全 Boss / 未拆分,4.2.1,Happiness Syntax,2026-04-21,2026-05-31,lingsha,Lingsha,灵砂,,,20.66,6.56,3.58,,,0.27,4093,507,hf_chars,4.2.3/builds.json,https://huggingface.co/datasets/LvlUrArti/MocDataProcessed/resolve/main/4.2.3/builds.json,aa_all_bosses_only
4.2.3,2026-05-29,aa,异相仲裁,all_bosses,全 Boss / 未拆分,4.2.1,Happiness Syntax,2026-04-21,2026-05-31,luka,Luka,卢卡,,,0.0,0.0,99.99,,,6.0,0,0,hf_chars,4.2.3/builds.json,https://huggingface.co/datasets/LvlUrArti/MocDataProcessed/resolve/main/4.2.3/builds.json,aa_all_bosses_only
4.2.3,2026-05-29,aa,异相仲裁,all_bosses,全 Boss / 未拆分,4.2.1,Happiness Syntax,2026-04-21,2026-05-31,luocha,Luocha,罗刹,,,3.39,1.06,4.51,,,0.4,671,56,hf_chars,4.2.3/builds.json,https://huggingface.co/datasets/LvlUrArti/MocDataProcessed/resolve/main/4.2.3/builds.json,aa_all_bosses_only
4.2.3,2026-05-29,aa,异相仲裁,all_bosses,全 Boss / 未拆分,4.2.1,Happiness Syntax,2026-04-21,2026-05-31,lynx,Lynx,玲可,,,0.03,0.02,99.99,,,0.0,6,0,hf_chars,4.2.3/builds.json,https://huggingface.co/datasets/LvlUrArti/MocDataProcessed/resolve/main/4.2.3/builds.json,aa_all_bosses_only
4.2.3,2026-05-29,aa,异相仲裁,all_bosses,全 Boss / 未拆分,4.2.1,Happiness Syntax,2026-04-21,2026-05-31,march-7th,March 7th,三月七 - 存护,,,0.0,0.0,99.99,,,0.0,0,0,hf_chars,4.2.3/builds.json,https://huggingface.co/datasets/LvlUrArti/MocDataProcessed/resolve/main/4.2.3/builds.json,aa_all_bosses_only
4.2.3,2026-05-29,aa,异相仲裁,all_bosses,全 Boss / 未拆分,4.2.1,Happiness Syntax,2026-04-21,2026-05-31,march-7th-evernight,Evernight,长夜月,S-DPS,,51.33,23.33,2.88,,,0.49,10170,0,hf_chars,4.2.3/builds.json,https://huggingface.co/datasets/LvlUrArti/MocDataProcessed/resolve/main/4.2.3/builds.json,aa_all_bosses_only
4.2.3,2026-05-29,aa,异相仲裁,all_bosses,全 Boss / 未拆分,4.2.1,Happiness Syntax,2026-04-21,2026-05-31,march-7th-swordmaster,March 7th: The Hunt,三月七•巡猎,,,0.03,0.0,99.99,,,0.0,5,0,hf_chars,4.2.3/builds.json,https://huggingface.co/datasets/LvlUrArti/MocDataProcessed/resolve/main/4.2.3/builds.json,aa_all_bosses_only
4.2.3,2026-05-29,aa,异相仲裁,all_bosses,全 Boss / 未拆分,4.2.1,Happiness Syntax,2026-04-21,2026-05-31,misha,Misha,米沙,,,0.0,0.0,99.99,,,0.0,0,0,hf_chars,4.2.3/builds.json,https://huggingface.co/datasets/LvlUrArti/MocDataProcessed/resolve/main/4.2.3/builds.json,aa_all_bosses_only
4.2.3,2026-05-29,aa,异相仲裁,all_bosses,全 Boss / 未拆分,4.2.1,Happiness Syntax,2026-04-21,2026-05-31,moze,Moze,貊泽,,,0.02,0.0,99.99,,,6.0,3,1,hf_chars,4.2.3/builds.json,https://huggingface.co/datasets/LvlUrArti/MocDataProcessed/resolve/main/4.2.3/builds.json,aa_all_bosses_only
4.2.3,2026-05-29,aa,异相仲裁,all_bosses,全 Boss / 未拆分,4.2.1,Happiness Syntax,2026-04-21,2026-05-31,mydei,Mydei,万敌,,,1.86,0.35,5.61,,,1.97,368,342,hf_chars,4.2.3/builds.json,https://huggingface.co/datasets/LvlUrArti/MocDataProcessed/resolve/main/4.2.3/builds.json,aa_all_bosses_only
4.2.3,2026-05-29,aa,异相仲裁,all_bosses,全 Boss / 未拆分,4.2.1,Happiness Syntax,2026-04-21,2026-05-31,natasha,Natasha,娜塔莎,,,0.02,0.0,99.99,,,6.0,3,1,hf_chars,4.2.3/builds.json,https://huggingface.co/datasets/LvlUrArti/MocDataProcessed/resolve/main/4.2.3/builds.json,aa_all_bosses_only
4.2.3,2026-05-29,aa,异相仲裁,all_bosses,全 Boss / 未拆分,4.2.1,Happiness Syntax,2026-04-21,2026-05-31,pela,Pela,佩拉,,,0.11,0.01,99.99,,,0.0,22,0,hf_chars,4.2.3/builds.json,https://huggingface.co/datasets/LvlUrArti/MocDataProcessed/resolve/main/4.2.3/builds.json,aa_all_bosses_only
4.2.3,2026-05-29,aa,异相仲裁,all_bosses,全 Boss / 未拆分,4.2.1,Happiness Syntax,2026-04-21,2026-05-31,phainon,Phainon,白厄,,,17.6,4.33,5.64,,,1.96,3488,2685,hf_chars,4.2.3/builds.json,https://huggingface.co/datasets/LvlUrArti/MocDataProcessed/resolve/main/4.2.3/builds.json,aa_all_bosses_only
4.2.3,2026-05-29,aa,异相仲裁,all_bosses,全 Boss / 未拆分,4.2.1,Happiness Syntax,2026-04-21,2026-05-31,qingque,Qingque,青雀,,,0.01,0.0,99.99,,,6.0,1,1,hf_chars,4.2.3/builds.json,https://huggingface.co/datasets/LvlUrArti/MocDataProcessed/resolve/main/4.2.3/builds.json,aa_all_bosses_only
4.2.3,2026-05-29,aa,异相仲裁,all_bosses,全 Boss / 未拆分,4.2.1,Happiness Syntax,2026-04-21,2026-05-31,rappa,Rappa,乱破,,,0.78,0.16,5.76,,,0.97,155,99,hf_chars,4.2.3/builds.json,https://huggingface.co/datasets/LvlUrArti/MocDataProcessed/resolve/main/4.2.3/builds.json,aa_all_bosses_only
4.2.3,2026-05-29,aa,异相仲裁,all_bosses,全 Boss / 未拆分,4.2.1,Happiness Syntax,2026-04-21,2026-05-31,robin,Robin,知更鸟,,,7.82,0.46,5.85,,,1.59,1549,601,hf_chars,4.2.3/builds.json,https://huggingface.co/datasets/LvlUrArti/MocDataProcessed/resolve/main/4.2.3/builds.json,aa_all_bosses_only
4.2.3,2026-05-29,aa,异相仲裁,all_bosses,全 Boss / 未拆分,4.2.1,Happiness Syntax,2026-04-21,2026-05-31,ruan-mei,Ruan Mei,阮•梅,,,18.48,1.73,4.18,,,1.24,3661,570,hf_chars,4.2.3/builds.json,https://huggingface.co/datasets/LvlUrArti/MocDataProcessed/resolve/main/4.2.3/builds.json,aa_all_bosses_only
4.2.3,2026-05-29,aa,异相仲裁,all_bosses,全 Boss / 未拆分,4.2.1,Happiness Syntax,2026-04-21,2026-05-31,saber,Saber,Saber,,,0.96,0.16,6.0,,,4.17,191,331,hf_chars,4.2.3/builds.json,https://huggingface.co/datasets/LvlUrArti/MocDataProcessed/resolve/main/4.2.3/builds.json,aa_all_bosses_only
4.2.3,2026-05-29,aa,异相仲裁,all_bosses,全 Boss / 未拆分,4.2.1,Happiness Syntax,2026-04-21,2026-05-31,sampo,Sampo,桑博,,,0.0,0.0,99.99,,,0.0,0,0,hf_chars,4.2.3/builds.json,https://huggingface.co/datasets/LvlUrArti/MocDataProcessed/resolve/main/4.2.3/builds.json,aa_all_bosses_only
4.2.3,2026-05-29,aa,异相仲裁,all_bosses,全 Boss / 未拆分,4.2.1,Happiness Syntax,2026-04-21,2026-05-31,seele,Seele,希儿,,,3.16,0.38,4.7,,,1.57,627,246,hf_chars,4.2.3/builds.json,https://huggingface.co/datasets/LvlUrArti/MocDataProcessed/resolve/main/4.2.3/builds.json,aa_all_bosses_only
4.2.3,2026-05-29,aa,异相仲裁,all_bosses,全 Boss / 未拆分,4.2.1,Happiness Syntax,2026-04-21,2026-05-31,serval,Serval,希露瓦,,,0.15,0.01,99.99,,,5.97,29,0,hf_chars,4.2.3/builds.json,https://huggingface.co/datasets/LvlUrArti/MocDataProcessed/resolve/main/4.2.3/builds.json,aa_all_bosses_only
4.2.3,2026-05-29,aa,异相仲裁,all_bosses,全 Boss / 未拆分,4.2.1,Happiness Syntax,2026-04-21,2026-05-31,silver-wolf,Silver Wolf,银狼,,,2.4,0.31,5.62,,,1.26,475,198,hf_chars,4.2.3/builds.json,https://huggingface.co/datasets/LvlUrArti/MocDataProcessed/resolve/main/4.2.3/builds.json,aa_all_bosses_only
4.2.3,2026-05-29,aa,异相仲裁,all_bosses,全 Boss / 未拆分,4.2.1,Happiness Syntax,2026-04-21,2026-05-31,silver-wolf-lv-999,Silver Wolf LV.999,银狼LV.999,,,55.02,22.88,2.8,,,0.83,10901,6885,hf_chars,4.2.3/builds.json,https://huggingface.co/datasets/LvlUrArti/MocDataProcessed/resolve/main/4.2.3/builds.json,aa_all_bosses_only
4.2.3,2026-05-29,aa,异相仲裁,all_bosses,全 Boss / 未拆分,4.2.1,Happiness Syntax,2026-04-21,2026-05-31,sparkle,Sparkle,花火,,,32.37,6.77,4.75,,,0.99,6414,1882,hf_chars,4.2.3/builds.json,https://huggingface.co/datasets/LvlUrArti/MocDataProcessed/resolve/main/4.2.3/builds.json,aa_all_bosses_only
4.2.3,2026-05-29,aa,异相仲裁,all_bosses,全 Boss / 未拆分,4.2.1,Happiness Syntax,2026-04-21,2026-05-31,sparxie,Sparxie,火花,S-DPS,,37.19,15.73,2.45,,,0.19,7368,0,hf_chars,4.2.3/builds.json,https://huggingface.co/datasets/LvlUrArti/MocDataProcessed/resolve/main/4.2.3/builds.json,aa_all_bosses_only
4.2.3,2026-05-29,aa,异相仲裁,all_bosses,全 Boss / 未拆分,4.2.1,Happiness Syntax,2026-04-21,2026-05-31,sunday,Sunday,星期日,,,22.42,5.57,5.47,,,0.62,4442,1713,hf_chars,4.2.3/builds.json,https://huggingface.co/datasets/LvlUrArti/MocDataProcessed/resolve/main/4.2.3/builds.json,aa_all_bosses_only
4.2.3,2026-05-29,aa,异相仲裁,all_bosses,全 Boss / 未拆分,4.2.1,Happiness Syntax,2026-04-21,2026-05-31,sushang,Sushang,素裳,,,0.0,0.0,99.99,,,6.0,0,0,hf_chars,4.2.3/builds.json,https://huggingface.co/datasets/LvlUrArti/MocDataProcessed/resolve/main/4.2.3/builds.json,aa_all_bosses_only
4.2.3,2026-05-29,aa,异相仲裁,all_bosses,全 Boss / 未拆分,4.2.1,Happiness Syntax,2026-04-21,2026-05-31,the-dahlia,The Dahlia,大丽花,,,43.36,12.0,3.6,,,0.44,8591,2227,hf_chars,4.2.3/builds.json,https://huggingface.co/datasets/LvlUrArti/MocDataProcessed/resolve/main/4.2.3/builds.json,aa_all_bosses_only
4.2.3,2026-05-29,aa,异相仲裁,all_bosses,全 Boss / 未拆分,4.2.1,Happiness Syntax,2026-04-21,2026-05-31,the-herta,The Herta,大黑塔,,,2.78,0.21,6.0,,,1.18,550,464,hf_chars,4.2.3/builds.json,https://huggingface.co/datasets/LvlUrArti/MocDataProcessed/resolve/main/4.2.3/builds.json,aa_all_bosses_only
4.2.3,2026-05-29,aa,异相仲裁,all_bosses,全 Boss / 未拆分,4.2.1,Happiness Syntax,2026-04-21,2026-05-31,tingyun,Tingyun,停云,,,0.4,0.09,5.44,,,5.94,80,2,hf_chars,4.2.3/builds.json,https://huggingface.co/datasets/LvlUrArti/MocDataProcessed/resolve/main/4.2.3/builds.json,aa_all_bosses_only
4.2.3,2026-05-29,aa,异相仲裁,all_bosses,全 Boss / 未拆分,4.2.1,Happiness Syntax,2026-04-21,2026-05-31,tingyun-fugue,Fugue,忘归人,,,35.64,9.68,3.45,,,0.53,7061,1362,hf_chars,4.2.3/builds.json,https://huggingface.co/datasets/LvlUrArti/MocDataProcessed/resolve/main/4.2.3/builds.json,aa_all_bosses_only
4.2.3,2026-05-29,aa,异相仲裁,all_bosses,全 Boss / 未拆分,4.2.1,Happiness Syntax,2026-04-21,2026-05-31,topaz,Topaz & Numby,托帕&账账,,,0.05,0.01,99.99,,,2.87,10,10,hf_chars,4.2.3/builds.json,https://huggingface.co/datasets/LvlUrArti/MocDataProcessed/resolve/main/4.2.3/builds.json,aa_all_bosses_only
4.2.3,2026-05-29,aa,异相仲裁,all_bosses,全 Boss / 未拆分,4.2.1,Happiness Syntax,2026-04-21,2026-05-31,trailblazer-destruction,Trailblazer - The Destruction,开拓者 - 毁灭,,,0.0,0.0,99.99,,,0.0,0,0,hf_chars,4.2.3/builds.json,https://huggingface.co/datasets/LvlUrArti/MocDataProcessed/resolve/main/4.2.3/builds.json,aa_all_bosses_only
4.2.3,2026-05-29,aa,异相仲裁,all_bosses,全 Boss / 未拆分,4.2.1,Happiness Syntax,2026-04-21,2026-05-31,trailblazer-elation,Trailblazer: Elation,开拓者•欢愉,,,30.18,10.64,3.53,,,4.54,5980,710,hf_chars,4.2.3/builds.json,https://huggingface.co/datasets/LvlUrArti/MocDataProcessed/resolve/main/4.2.3/builds.json,aa_all_bosses_only
4.2.3,2026-05-29,aa,异相仲裁,all_bosses,全 Boss / 未拆分,4.2.1,Happiness Syntax,2026-04-21,2026-05-31,trailblazer-harmony,Trailblazer - The Harmony,开拓者 - 同谐,,,10.2,2.92,3.21,,,5.86,2021,98,hf_chars,4.2.3/builds.json,https://huggingface.co/datasets/LvlUrArti/MocDataProcessed/resolve/main/4.2.3/builds.json,aa_all_bosses_only
4.2.3,2026-05-29,aa,异相仲裁,all_bosses,全 Boss / 未拆分,4.2.1,Happiness Syntax,2026-04-21,2026-05-31,trailblazer-preservation,Trailblazer - The Preservation,开拓者 - 存护,,,0.0,0.0,99.99,,,0.0,0,0,hf_chars,4.2.3/builds.json,https://huggingface.co/datasets/LvlUrArti/MocDataProcessed/resolve/main/4.2.3/builds.json,aa_all_bosses_only
4.2.3,2026-05-29,aa,异相仲裁,all_bosses,全 Boss / 未拆分,4.2.1,Happiness Syntax,2026-04-21,2026-05-31,trailblazer-remembrance,Trailblazer - Remembrance,开拓者•记忆,,,15.63,5.29,4.35,,,5.96,3096,203,hf_chars,4.2.3/builds.json,https://huggingface.co/datasets/LvlUrArti/MocDataProcessed/resolve/main/4.2.3/builds.json,aa_all_bosses_only
4.2.3,2026-05-29,aa,异相仲裁,all_bosses,全 Boss / 未拆分,4.2.1,Happiness Syntax,2026-04-21,2026-05-31,tribbie,Tribbie,缇宝,,,34.06,8.02,4.34,,,0.72,6749,2621,hf_chars,4.2.3/builds.json,https://huggingface.co/datasets/LvlUrArti/MocDataProcessed/resolve/main/4.2.3/builds.json,aa_all_bosses_only
4.2.3,2026-05-29,aa,异相仲裁,all_bosses,全 Boss / 未拆分,4.2.1,Happiness Syntax,2026-04-21,2026-05-31,welt,Welt,瓦尔特,,,2.59,0.87,4.94,,,3.98,514,140,hf_chars,4.2.3/builds.json,https://huggingface.co/datasets/LvlUrArti/MocDataProcessed/resolve/main/4.2.3/builds.json,aa_all_bosses_only
4.2.3,2026-05-29,aa,异相仲裁,all_bosses,全 Boss / 未拆分,4.2.1,Happiness Syntax,2026-04-21,2026-05-31,xueyi,Xueyi,雪衣,,,0.01,0.0,99.99,,,6.0,1,1,hf_chars,4.2.3/builds.json,https://huggingface.co/datasets/LvlUrArti/MocDataProcessed/resolve/main/4.2.3/builds.json,aa_all_bosses_only
4.2.3,2026-05-29,aa,异相仲裁,all_bosses,全 Boss / 未拆分,4.2.1,Happiness Syntax,2026-04-21,2026-05-31,yanqing,Yanqing,彦卿,,,0.0,0.0,99.99,,,0.0,0,0,hf_chars,4.2.3/builds.json,https://huggingface.co/datasets/LvlUrArti/MocDataProcessed/resolve/main/4.2.3/builds.json,aa_all_bosses_only
4.2.3,2026-05-29,aa,异相仲裁,all_bosses,全 Boss / 未拆分,4.2.1,Happiness Syntax,2026-04-21,2026-05-31,yao-guang,Yao Guang,爻光,,,56.88,23.38,2.62,,,0.18,11270,4884,hf_chars,4.2.3/builds.json,https://huggingface.co/datasets/LvlUrArti/MocDataProcessed/resolve/main/4.2.3/builds.json,aa_all_bosses_only
4.2.3,2026-05-29,aa,异相仲裁,all_bosses,全 Boss / 未拆分,4.2.1,Happiness Syntax,2026-04-21,2026-05-31,yukong,Yukong,驭空,,,0.0,0.0,99.99,,,0.0,0,0,hf_chars,4.2.3/builds.json,https://huggingface.co/datasets/LvlUrArti/MocDataProcessed/resolve/main/4.2.3/builds.json,aa_all_bosses_only
4.2.3,2026-05-29,aa,异相仲裁,all_bosses,全 Boss / 未拆分,4.2.1,Happiness Syntax,2026-04-21,2026-05-31,yunli,Yunli,云璃,,,0.16,0.01,99.99,,,1.24,32,23,hf_chars,4.2.3/builds.json,https://huggingface.co/datasets/LvlUrArti/MocDataProcessed/resolve/main/4.2.3/builds.json,aa_all_bosses_only
4.3.2,2026-06-25,aa,异相仲裁,all_bosses,全 Boss / 未拆分,4.3.1,The Humming Laughter,2026-05-31,2026-07-12,acheron,Acheron,黄泉,,,14.46,3.78,3.93,,,1.72,2512,1616,hf_chars,4.3.2/builds.json,https://huggingface.co/datasets/LvlUrArti/MocDataProcessed/resolve/main/4.3.2/builds.json,aa_all_bosses_only
4.3.2,2026-06-25,aa,异相仲裁,all_bosses,全 Boss / 未拆分,4.3.1,The Humming Laughter,2026-05-31,2026-07-12,aglaea,Aglaea,阿格莱雅,,,1.61,0.04,99.99,,,1.88,279,253,hf_chars,4.3.2/builds.json,https://huggingface.co/datasets/LvlUrArti/MocDataProcessed/resolve/main/4.3.2/builds.json,aa_all_bosses_only
4.3.2,2026-06-25,aa,异相仲裁,all_bosses,全 Boss / 未拆分,4.3.1,The Humming Laughter,2026-05-31,2026-07-12,anaxa,Anaxa,那刻夏,S-DPS,,2.72,0.25,5.69,,,0.29,473,0,hf_chars,4.3.2/builds.json,https://huggingface.co/datasets/LvlUrArti/MocDataProcessed/resolve/main/4.3.2/builds.json,aa_all_bosses_only
4.3.2,2026-06-25,aa,异相仲裁,all_bosses,全 Boss / 未拆分,4.3.1,The Humming Laughter,2026-05-31,2026-07-12,archer,Archer,Archer,,,9.88,1.29,5.53,,,0.88,1716,821,hf_chars,4.3.2/builds.json,https://huggingface.co/datasets/LvlUrArti/MocDataProcessed/resolve/main/4.3.2/builds.json,aa_all_bosses_only
4.3.2,2026-06-25,aa,异相仲裁,all_bosses,全 Boss / 未拆分,4.3.1,The Humming Laughter,2026-05-31,2026-07-12,argenti,Argenti,银枝,S-DPS,,0.05,0.01,99.99,,,0.36,8,0,hf_chars,4.3.2/builds.json,https://huggingface.co/datasets/LvlUrArti/MocDataProcessed/resolve/main/4.3.2/builds.json,aa_all_bosses_only
4.3.2,2026-06-25,aa,异相仲裁,all_bosses,全 Boss / 未拆分,4.3.1,The Humming Laughter,2026-05-31,2026-07-12,arlan,Arlan,阿兰,,,0.0,0.0,99.99,,,6.0,0,0,hf_chars,4.3.2/builds.json,https://huggingface.co/datasets/LvlUrArti/MocDataProcessed/resolve/main/4.3.2/builds.json,aa_all_bosses_only
4.3.2,2026-06-25,aa,异相仲裁,all_bosses,全 Boss / 未拆分,4.3.1,The Humming Laughter,2026-05-31,2026-07-12,ashveil,Ashveil,不死途,S-DPS,,2.67,0.67,2.9,,,0.36,464,0,hf_chars,4.3.2/builds.json,https://huggingface.co/datasets/LvlUrArti/MocDataProcessed/resolve/main/4.3.2/builds.json,aa_all_bosses_only
4.3.2,2026-06-25,aa,异相仲裁,all_bosses,全 Boss / 未拆分,4.3.1,The Humming Laughter,2026-05-31,2026-07-12,asta,Asta,艾丝妲,,,0.7,0.16,5.09,,,5.97,121,2,hf_chars,4.3.2/builds.json,https://huggingface.co/datasets/LvlUrArti/MocDataProcessed/resolve/main/4.3.2/builds.json,aa_all_bosses_only
4.3.2,2026-06-25,aa,异相仲裁,all_bosses,全 Boss / 未拆分,4.3.1,The Humming Laughter,2026-05-31,2026-07-12,aventurine,Aventurine,砂金,,,6.3,1.76,3.92,,,0.69,1095,313,hf_chars,4.3.2/builds.json,https://huggingface.co/datasets/LvlUrArti/MocDataProcessed/resolve/main/4.3.2/builds.json,aa_all_bosses_only
4.3.2,2026-06-25,aa,异相仲裁,all_bosses,全 Boss / 未拆分,4.3.1,The Humming Laughter,2026-05-31,2026-07-12,bailu,Bailu,白露,,,0.43,0.15,4.15,,,2.6,75,5,hf_chars,4.3.2/builds.json,https://huggingface.co/datasets/LvlUrArti/MocDataProcessed/resolve/main/4.3.2/builds.json,aa_all_bosses_only
4.3.2,2026-06-25,aa,异相仲裁,all_bosses,全 Boss / 未拆分,4.3.1,The Humming Laughter,2026-05-31,2026-07-12,black-swan,Black Swan,黑天鹅,,,19.4,4.84,3.79,,,0.51,3371,1311,hf_chars,4.3.2/builds.json,https://huggingface.co/datasets/LvlUrArti/MocDataProcessed/resolve/main/4.3.2/builds.json,aa_all_bosses_only
4.3.2,2026-06-25,aa,异相仲裁,all_bosses,全 Boss / 未拆分,4.3.1,The Humming Laughter,2026-05-31,2026-07-12,blade,Blade,刃,S-DPS,,0.16,0.03,99.99,,,1.97,27,0,hf_chars,4.3.2/builds.json,https://huggingface.co/datasets/LvlUrArti/MocDataProcessed/resolve/main/4.3.2/builds.json,aa_all_bosses_only
4.3.2,2026-06-25,aa,异相仲裁,all_bosses,全 Boss / 未拆分,4.3.1,The Humming Laughter,2026-05-31,2026-07-12,blade-mortenax,Mortenax Blade,千冶•刃,,,28.51,8.13,3.57,,,0.61,4954,2768,hf_chars,4.3.2/builds.json,https://huggingface.co/datasets/LvlUrArti/MocDataProcessed/resolve/main/4.3.2/builds.json,aa_all_bosses_only
4.3.2,2026-06-25,aa,异相仲裁,all_bosses,全 Boss / 未拆分,4.3.1,The Humming Laughter,2026-05-31,2026-07-12,boothill,Boothill,波提欧,,,0.33,0.03,99.99,,,1.56,57,65,hf_chars,4.3.2/builds.json,https://huggingface.co/datasets/LvlUrArti/MocDataProcessed/resolve/main/4.3.2/builds.json,aa_all_bosses_only
4.3.2,2026-06-25,aa,异相仲裁,all_bosses,全 Boss / 未拆分,4.3.1,The Humming Laughter,2026-05-31,2026-07-12,bronya,Bronya,布洛妮娅,,,1.84,0.19,5.41,,,3.28,320,31,hf_chars,4.3.2/builds.json,https://huggingface.co/datasets/LvlUrArti/MocDataProcessed/resolve/main/4.3.2/builds.json,aa_all_bosses_only
4.3.2,2026-06-25,aa,异相仲裁,all_bosses,全 Boss / 未拆分,4.3.1,The Humming Laughter,2026-05-31,2026-07-12,castorice,Castorice,遐蝶,,,61.2,26.22,2.7,,,0.93,10634,6787,hf_chars,4.3.2/builds.json,https://huggingface.co/datasets/LvlUrArti/MocDataProcessed/resolve/main/4.3.2/builds.json,aa_all_bosses_only
4.3.2,2026-06-25,aa,异相仲裁,all_bosses,全 Boss / 未拆分,4.3.1,The Humming Laughter,2026-05-31,2026-07-12,cerydra,Cerydra,刻律德菈,,,12.81,1.96,4.81,,,0.5,2226,805,hf_chars,4.3.2/builds.json,https://huggingface.co/datasets/LvlUrArti/MocDataProcessed/resolve/main/4.3.2/builds.json,aa_all_bosses_only
4.3.2,2026-06-25,aa,异相仲裁,all_bosses,全 Boss / 未拆分,4.3.1,The Humming Laughter,2026-05-31,2026-07-12,cipher,Cipher,赛飞儿,,,4.51,1.35,3.52,,,0.56,784,371,hf_chars,4.3.2/builds.json,https://huggingface.co/datasets/LvlUrArti/MocDataProcessed/resolve/main/4.3.2/builds.json,aa_all_bosses_only
4.3.2,2026-06-25,aa,异相仲裁,all_bosses,全 Boss / 未拆分,4.3.1,The Humming Laughter,2026-05-31,2026-07-12,clara,Clara,克拉拉,,,0.02,0.0,99.99,,,5.22,3,2,hf_chars,4.3.2/builds.json,https://huggingface.co/datasets/LvlUrArti/MocDataProcessed/resolve/main/4.3.2/builds.json,aa_all_bosses_only
4.3.2,2026-06-25,aa,异相仲裁,all_bosses,全 Boss / 未拆分,4.3.1,The Humming Laughter,2026-05-31,2026-07-12,cyrene,Cyrene,昔涟,,,55.65,22.42,2.66,,,0.79,9669,5466,hf_chars,4.3.2/builds.json,https://huggingface.co/datasets/LvlUrArti/MocDataProcessed/resolve/main/4.3.2/builds.json,aa_all_bosses_only
4.3.2,2026-06-25,aa,异相仲裁,all_bosses,全 Boss / 未拆分,4.3.1,The Humming Laughter,2026-05-31,2026-07-12,dan-heng,Dan Heng,丹恒,,,0.0,0.0,99.99,,,6.0,0,0,hf_chars,4.3.2/builds.json,https://huggingface.co/datasets/LvlUrArti/MocDataProcessed/resolve/main/4.3.2/builds.json,aa_all_bosses_only
4.3.2,2026-06-25,aa,异相仲裁,all_bosses,全 Boss / 未拆分,4.3.1,The Humming Laughter,2026-05-31,2026-07-12,dan-heng-permansor-terrae,Dan Heng • Permansor Terrae,丹恒•腾荒,,,53.57,16.06,3.99,,,0.19,9308,1544,hf_chars,4.3.2/builds.json,https://huggingface.co/datasets/LvlUrArti/MocDataProcessed/resolve/main/4.3.2/builds.json,aa_all_bosses_only
4.3.2,2026-06-25,aa,异相仲裁,all_bosses,全 Boss / 未拆分,4.3.1,The Humming Laughter,2026-05-31,2026-07-12,dr-ratio,Dr. Ratio,真理医生,,,0.02,0.0,99.99,,,3.45,4,12,hf_chars,4.3.2/builds.json,https://huggingface.co/datasets/LvlUrArti/MocDataProcessed/resolve/main/4.3.2/builds.json,aa_all_bosses_only
4.3.2,2026-06-25,aa,异相仲裁,all_bosses,全 Boss / 未拆分,4.3.1,The Humming Laughter,2026-05-31,2026-07-12,evanescia,Evanescia,绯英,,,15.78,3.34,3.87,,,1.07,2741,2342,hf_chars,4.3.2/builds.json,https://huggingface.co/datasets/LvlUrArti/MocDataProcessed/resolve/main/4.3.2/builds.json,aa_all_bosses_only
4.3.2,2026-06-25,aa,异相仲裁,all_bosses,全 Boss / 未拆分,4.3.1,The Humming Laughter,2026-05-31,2026-07-12,feixiao,Feixiao,飞霄,,,1.23,0.18,3.97,,,1.6,214,143,hf_chars,4.3.2/builds.json,https://huggingface.co/datasets/LvlUrArti/MocDataProcessed/resolve/main/4.3.2/builds.json,aa_all_bosses_only
4.3.2,2026-06-25,aa,异相仲裁,all_bosses,全 Boss / 未拆分,4.3.1,The Humming Laughter,2026-05-31,2026-07-12,firefly,Firefly,流萤,,,36.66,8.81,3.78,,,1.55,6369,4009,hf_chars,4.3.2/builds.json,https://huggingface.co/datasets/LvlUrArti/MocDataProcessed/resolve/main/4.3.2/builds.json,aa_all_bosses_only
4.3.2,2026-06-25,aa,异相仲裁,all_bosses,全 Boss / 未拆分,4.3.1,The Humming Laughter,2026-05-31,2026-07-12,fu-xuan,Fu Xuan,符玄,,,2.94,0.4,2.77,,,1.5,511,98,hf_chars,4.3.2/builds.json,https://huggingface.co/datasets/LvlUrArti/MocDataProcessed/resolve/main/4.3.2/builds.json,aa_all_bosses_only
4.3.2,2026-06-25,aa,异相仲裁,all_bosses,全 Boss / 未拆分,4.3.1,The Humming Laughter,2026-05-31,2026-07-12,gallagher,Gallagher,加拉赫,,,11.46,3.98,4.53,,,5.96,1991,26,hf_chars,4.3.2/builds.json,https://huggingface.co/datasets/LvlUrArti/MocDataProcessed/resolve/main/4.3.2/builds.json,aa_all_bosses_only
4.3.2,2026-06-25,aa,异相仲裁,all_bosses,全 Boss / 未拆分,4.3.1,The Humming Laughter,2026-05-31,2026-07-12,gepard,Gepard,杰帕德,,,0.05,0.01,99.99,,,2.73,8,1,hf_chars,4.3.2/builds.json,https://huggingface.co/datasets/LvlUrArti/MocDataProcessed/resolve/main/4.3.2/builds.json,aa_all_bosses_only
4.3.2,2026-06-25,aa,异相仲裁,all_bosses,全 Boss / 未拆分,4.3.1,The Humming Laughter,2026-05-31,2026-07-12,guinaifen,Guinaifen,桂乃芬,,,0.02,0.01,99.99,,,0.0,3,0,hf_chars,4.3.2/builds.json,https://huggingface.co/datasets/LvlUrArti/MocDataProcessed/resolve/main/4.3.2/builds.json,aa_all_bosses_only
4.3.2,2026-06-25,aa,异相仲裁,all_bosses,全 Boss / 未拆分,4.3.1,The Humming Laughter,2026-05-31,2026-07-12,hanya,Hanya,寒鸦,,,0.01,0.0,99.99,,,0.0,1,0,hf_chars,4.3.2/builds.json,https://huggingface.co/datasets/LvlUrArti/MocDataProcessed/resolve/main/4.3.2/builds.json,aa_all_bosses_only
4.3.2,2026-06-25,aa,异相仲裁,all_bosses,全 Boss / 未拆分,4.3.1,The Humming Laughter,2026-05-31,2026-07-12,herta,Herta,黑塔,,,0.26,0.01,99.99,,,6.0,46,6,hf_chars,4.3.2/builds.json,https://huggingface.co/datasets/LvlUrArti/MocDataProcessed/resolve/main/4.3.2/builds.json,aa_all_bosses_only
4.3.2,2026-06-25,aa,异相仲裁,all_bosses,全 Boss / 未拆分,4.3.1,The Humming Laughter,2026-05-31,2026-07-12,himeko,Himeko,姬子,,,0.07,0.0,99.99,,,3.05,12,4,hf_chars,4.3.2/builds.json,https://huggingface.co/datasets/LvlUrArti/MocDataProcessed/resolve/main/4.3.2/builds.json,aa_all_bosses_only
4.3.2,2026-06-25,aa,异相仲裁,all_bosses,全 Boss / 未拆分,4.3.1,The Humming Laughter,2026-05-31,2026-07-12,hook,Hook,虎克,,,0.0,0.0,99.99,,,0.0,0,1,hf_chars,4.3.2/builds.json,https://huggingface.co/datasets/LvlUrArti/MocDataProcessed/resolve/main/4.3.2/builds.json,aa_all_bosses_only
4.3.2,2026-06-25,aa,异相仲裁,all_bosses,全 Boss / 未拆分,4.3.1,The Humming Laughter,2026-05-31,2026-07-12,huohuo,Huohuo,藿藿,,,62.97,15.88,3.22,,,0.64,10941,938,hf_chars,4.3.2/builds.json,https://huggingface.co/datasets/LvlUrArti/MocDataProcessed/resolve/main/4.3.2/builds.json,aa_all_bosses_only
4.3.2,2026-06-25,aa,异相仲裁,all_bosses,全 Boss / 未拆分,4.3.1,The Humming Laughter,2026-05-31,2026-07-12,hyacine,Hyacine,风堇,,,70.6,28.32,2.72,,,0.37,12266,4894,hf_chars,4.3.2/builds.json,https://huggingface.co/datasets/LvlUrArti/MocDataProcessed/resolve/main/4.3.2/builds.json,aa_all_bosses_only
4.3.2,2026-06-25,aa,异相仲裁,all_bosses,全 Boss / 未拆分,4.3.1,The Humming Laughter,2026-05-31,2026-07-12,hysilens,Hysilens,海瑟音,,,20.32,5.02,3.82,,,0.6,3531,2036,hf_chars,4.3.2/builds.json,https://huggingface.co/datasets/LvlUrArti/MocDataProcessed/resolve/main/4.3.2/builds.json,aa_all_bosses_only
4.3.2,2026-06-25,aa,异相仲裁,all_bosses,全 Boss / 未拆分,4.3.1,The Humming Laughter,2026-05-31,2026-07-12,imbibitor-lunae,Dan Heng • Imbibitor Lunae,丹恒•饮月,,,0.03,0.0,99.99,,,3.75,5,16,hf_chars,4.3.2/builds.json,https://huggingface.co/datasets/LvlUrArti/MocDataProcessed/resolve/main/4.3.2/builds.json,aa_all_bosses_only
4.3.2,2026-06-25,aa,异相仲裁,all_bosses,全 Boss / 未拆分,4.3.1,The Humming Laughter,2026-05-31,2026-07-12,jade,Jade,翡翠,,,0.48,0.02,99.99,,,0.65,84,39,hf_chars,4.3.2/builds.json,https://huggingface.co/datasets/LvlUrArti/MocDataProcessed/resolve/main/4.3.2/builds.json,aa_all_bosses_only
4.3.2,2026-06-25,aa,异相仲裁,all_bosses,全 Boss / 未拆分,4.3.1,The Humming Laughter,2026-05-31,2026-07-12,jiaoqiu,Jiaoqiu,椒丘,,,1.64,0.57,4.64,,,0.8,285,72,hf_chars,4.3.2/builds.json,https://huggingface.co/datasets/LvlUrArti/MocDataProcessed/resolve/main/4.3.2/builds.json,aa_all_bosses_only
4.3.2,2026-06-25,aa,异相仲裁,all_bosses,全 Boss / 未拆分,4.3.1,The Humming Laughter,2026-05-31,2026-07-12,jing-yuan,Jing Yuan,景元,,,0.2,0.02,99.99,,,1.52,34,26,hf_chars,4.3.2/builds.json,https://huggingface.co/datasets/LvlUrArti/MocDataProcessed/resolve/main/4.3.2/builds.json,aa_all_bosses_only
4.3.2,2026-06-25,aa,异相仲裁,all_bosses,全 Boss / 未拆分,4.3.1,The Humming Laughter,2026-05-31,2026-07-12,jingliu,Jingliu,镜流,,,0.09,0.01,99.99,,,3.54,16,21,hf_chars,4.3.2/builds.json,https://huggingface.co/datasets/LvlUrArti/MocDataProcessed/resolve/main/4.3.2/builds.json,aa_all_bosses_only
4.3.2,2026-06-25,aa,异相仲裁,all_bosses,全 Boss / 未拆分,4.3.1,The Humming Laughter,2026-05-31,2026-07-12,kafka,Kafka,卡芙卡,,,20.73,5.14,3.85,,,0.98,3601,1923,hf_chars,4.3.2/builds.json,https://huggingface.co/datasets/LvlUrArti/MocDataProcessed/resolve/main/4.3.2/builds.json,aa_all_bosses_only
4.3.2,2026-06-25,aa,异相仲裁,all_bosses,全 Boss / 未拆分,4.3.1,The Humming Laughter,2026-05-31,2026-07-12,lingsha,Lingsha,灵砂,,,19.51,5.52,3.75,,,0.25,3390,442,hf_chars,4.3.2/builds.json,https://huggingface.co/datasets/LvlUrArti/MocDataProcessed/resolve/main/4.3.2/builds.json,aa_all_bosses_only
4.3.2,2026-06-25,aa,异相仲裁,all_bosses,全 Boss / 未拆分,4.3.1,The Humming Laughter,2026-05-31,2026-07-12,luka,Luka,卢卡,,,0.0,0.0,99.99,,,6.0,0,0,hf_chars,4.3.2/builds.json,https://huggingface.co/datasets/LvlUrArti/MocDataProcessed/resolve/main/4.3.2/builds.json,aa_all_bosses_only
4.3.2,2026-06-25,aa,异相仲裁,all_bosses,全 Boss / 未拆分,4.3.1,The Humming Laughter,2026-05-31,2026-07-12,luocha,Luocha,罗刹,,,4.03,1.12,4.64,,,0.36,701,56,hf_chars,4.3.2/builds.json,https://huggingface.co/datasets/LvlUrArti/MocDataProcessed/resolve/main/4.3.2/builds.json,aa_all_bosses_only
4.3.2,2026-06-25,aa,异相仲裁,all_bosses,全 Boss / 未拆分,4.3.1,The Humming Laughter,2026-05-31,2026-07-12,lynx,Lynx,玲可,,,0.03,0.01,99.99,,,6.0,6,1,hf_chars,4.3.2/builds.json,https://huggingface.co/datasets/LvlUrArti/MocDataProcessed/resolve/main/4.3.2/builds.json,aa_all_bosses_only
4.3.2,2026-06-25,aa,异相仲裁,all_bosses,全 Boss / 未拆分,4.3.1,The Humming Laughter,2026-05-31,2026-07-12,march-7th,March 7th,三月七 - 存护,,,0.05,0.0,99.99,,,6.0,8,0,hf_chars,4.3.2/builds.json,https://huggingface.co/datasets/LvlUrArti/MocDataProcessed/resolve/main/4.3.2/builds.json,aa_all_bosses_only
4.3.2,2026-06-25,aa,异相仲裁,all_bosses,全 Boss / 未拆分,4.3.1,The Humming Laughter,2026-05-31,2026-07-12,march-7th-evernight,Evernight,长夜月,S-DPS,,52.77,23.11,2.53,,,0.52,9169,0,hf_chars,4.3.2/builds.json,https://huggingface.co/datasets/LvlUrArti/MocDataProcessed/resolve/main/4.3.2/builds.json,aa_all_bosses_only
4.3.2,2026-06-25,aa,异相仲裁,all_bosses,全 Boss / 未拆分,4.3.1,The Humming Laughter,2026-05-31,2026-07-12,march-7th-swordmaster,March 7th: The Hunt,三月七•巡猎,,,0.05,0.0,99.99,,,0.0,8,3,hf_chars,4.3.2/builds.json,https://huggingface.co/datasets/LvlUrArti/MocDataProcessed/resolve/main/4.3.2/builds.json,aa_all_bosses_only
4.3.2,2026-06-25,aa,异相仲裁,all_bosses,全 Boss / 未拆分,4.3.1,The Humming Laughter,2026-05-31,2026-07-12,misha,Misha,米沙,,,0.0,0.0,99.99,,,0.0,0,0,hf_chars,4.3.2/builds.json,https://huggingface.co/datasets/LvlUrArti/MocDataProcessed/resolve/main/4.3.2/builds.json,aa_all_bosses_only
4.3.2,2026-06-25,aa,异相仲裁,all_bosses,全 Boss / 未拆分,4.3.1,The Humming Laughter,2026-05-31,2026-07-12,moze,Moze,貊泽,,,0.1,0.02,99.99,,,6.0,18,3,hf_chars,4.3.2/builds.json,https://huggingface.co/datasets/LvlUrArti/MocDataProcessed/resolve/main/4.3.2/builds.json,aa_all_bosses_only
4.3.2,2026-06-25,aa,异相仲裁,all_bosses,全 Boss / 未拆分,4.3.1,The Humming Laughter,2026-05-31,2026-07-12,mydei,Mydei,万敌,,,1.48,0.28,4.71,,,2.25,258,264,hf_chars,4.3.2/builds.json,https://huggingface.co/datasets/LvlUrArti/MocDataProcessed/resolve/main/4.3.2/builds.json,aa_all_bosses_only
4.3.2,2026-06-25,aa,异相仲裁,all_bosses,全 Boss / 未拆分,4.3.1,The Humming Laughter,2026-05-31,2026-07-12,natasha,Natasha,娜塔莎,,,0.03,0.0,99.99,,,6.0,5,1,hf_chars,4.3.2/builds.json,https://huggingface.co/datasets/LvlUrArti/MocDataProcessed/resolve/main/4.3.2/builds.json,aa_all_bosses_only
4.3.2,2026-06-25,aa,异相仲裁,all_bosses,全 Boss / 未拆分,4.3.1,The Humming Laughter,2026-05-31,2026-07-12,pela,Pela,佩拉,,,0.22,0.07,4.69,,,5.92,39,1,hf_chars,4.3.2/builds.json,https://huggingface.co/datasets/LvlUrArti/MocDataProcessed/resolve/main/4.3.2/builds.json,aa_all_bosses_only
4.3.2,2026-06-25,aa,异相仲裁,all_bosses,全 Boss / 未拆分,4.3.1,The Humming Laughter,2026-05-31,2026-07-12,phainon,Phainon,白厄,,,12.16,1.69,4.83,,,1.98,2112,2134,hf_chars,4.3.2/builds.json,https://huggingface.co/datasets/LvlUrArti/MocDataProcessed/resolve/main/4.3.2/builds.json,aa_all_bosses_only
4.3.2,2026-06-25,aa,异相仲裁,all_bosses,全 Boss / 未拆分,4.3.1,The Humming Laughter,2026-05-31,2026-07-12,qingque,Qingque,青雀,,,0.01,0.0,99.99,,,6.0,1,2,hf_chars,4.3.2/builds.json,https://huggingface.co/datasets/LvlUrArti/MocDataProcessed/resolve/main/4.3.2/builds.json,aa_all_bosses_only
4.3.2,2026-06-25,aa,异相仲裁,all_bosses,全 Boss / 未拆分,4.3.1,The Humming Laughter,2026-05-31,2026-07-12,rappa,Rappa,乱破,,,0.81,0.21,5.6,,,1.03,140,88,hf_chars,4.3.2/builds.json,https://huggingface.co/datasets/LvlUrArti/MocDataProcessed/resolve/main/4.3.2/builds.json,aa_all_bosses_only
4.3.2,2026-06-25,aa,异相仲裁,all_bosses,全 Boss / 未拆分,4.3.1,The Humming Laughter,2026-05-31,2026-07-12,robin,Robin,知更鸟,,,5.89,0.31,5.14,,,1.59,1023,435,hf_chars,4.3.2/builds.json,https://huggingface.co/datasets/LvlUrArti/MocDataProcessed/resolve/main/4.3.2/builds.json,aa_all_bosses_only
4.3.2,2026-06-25,aa,异相仲裁,all_bosses,全 Boss / 未拆分,4.3.1,The Humming Laughter,2026-05-31,2026-07-12,ruan-mei,Ruan Mei,阮•梅,,,15.93,1.21,3.92,,,1.24,2768,441,hf_chars,4.3.2/builds.json,https://huggingface.co/datasets/LvlUrArti/MocDataProcessed/resolve/main/4.3.2/builds.json,aa_all_bosses_only
4.3.2,2026-06-25,aa,异相仲裁,all_bosses,全 Boss / 未拆分,4.3.1,The Humming Laughter,2026-05-31,2026-07-12,saber,Saber,Saber,,,0.4,0.05,99.99,,,4.15,70,231,hf_chars,4.3.2/builds.json,https://huggingface.co/datasets/LvlUrArti/MocDataProcessed/resolve/main/4.3.2/builds.json,aa_all_bosses_only
4.3.2,2026-06-25,aa,异相仲裁,all_bosses,全 Boss / 未拆分,4.3.1,The Humming Laughter,2026-05-31,2026-07-12,sampo,Sampo,桑博,,,0.0,0.0,99.99,,,6.0,0,0,hf_chars,4.3.2/builds.json,https://huggingface.co/datasets/LvlUrArti/MocDataProcessed/resolve/main/4.3.2/builds.json,aa_all_bosses_only
4.3.2,2026-06-25,aa,异相仲裁,all_bosses,全 Boss / 未拆分,4.3.1,The Humming Laughter,2026-05-31,2026-07-12,seele,Seele,希儿,,,1.54,0.15,4.42,,,1.57,267,140,hf_chars,4.3.2/builds.json,https://huggingface.co/datasets/LvlUrArti/MocDataProcessed/resolve/main/4.3.2/builds.json,aa_all_bosses_only
4.3.2,2026-06-25,aa,异相仲裁,all_bosses,全 Boss / 未拆分,4.3.1,The Humming Laughter,2026-05-31,2026-07-12,serval,Serval,希露瓦,,,0.16,0.0,99.99,,,0.0,28,0,hf_chars,4.3.2/builds.json,https://huggingface.co/datasets/LvlUrArti/MocDataProcessed/resolve/main/4.3.2/builds.json,aa_all_bosses_only
4.3.2,2026-06-25,aa,异相仲裁,all_bosses,全 Boss / 未拆分,4.3.1,The Humming Laughter,2026-05-31,2026-07-12,silver-wolf,Silver Wolf,银狼,,,3.06,0.63,4.72,,,1.15,531,179,hf_chars,4.3.2/builds.json,https://huggingface.co/datasets/LvlUrArti/MocDataProcessed/resolve/main/4.3.2/builds.json,aa_all_bosses_only
4.3.2,2026-06-25,aa,异相仲裁,all_bosses,全 Boss / 未拆分,4.3.1,The Humming Laughter,2026-05-31,2026-07-12,silver-wolf-lv-999,Silver Wolf LV.999,银狼LV.999,,,57.66,19.63,3.05,,,1.02,10018,6744,hf_chars,4.3.2/builds.json,https://huggingface.co/datasets/LvlUrArti/MocDataProcessed/resolve/main/4.3.2/builds.json,aa_all_bosses_only
4.3.2,2026-06-25,aa,异相仲裁,all_bosses,全 Boss / 未拆分,4.3.1,The Humming Laughter,2026-05-31,2026-07-12,sparkle,Sparkle,花火,,,25.11,3.87,4.88,,,0.99,4362,1437,hf_chars,4.3.2/builds.json,https://huggingface.co/datasets/LvlUrArti/MocDataProcessed/resolve/main/4.3.2/builds.json,aa_all_bosses_only
4.3.2,2026-06-25,aa,异相仲裁,all_bosses,全 Boss / 未拆分,4.3.1,The Humming Laughter,2026-05-31,2026-07-12,sparxie,Sparxie,火花,S-DPS,,38.72,12.79,2.71,,,0.22,6727,0,hf_chars,4.3.2/builds.json,https://huggingface.co/datasets/LvlUrArti/MocDataProcessed/resolve/main/4.3.2/builds.json,aa_all_bosses_only
4.3.2,2026-06-25,aa,异相仲裁,all_bosses,全 Boss / 未拆分,4.3.1,The Humming Laughter,2026-05-31,2026-07-12,sunday,Sunday,星期日,,,15.46,2.82,4.81,,,0.62,2686,1299,hf_chars,4.3.2/builds.json,https://huggingface.co/datasets/LvlUrArti/MocDataProcessed/resolve/main/4.3.2/builds.json,aa_all_bosses_only
4.3.2,2026-06-25,aa,异相仲裁,all_bosses,全 Boss / 未拆分,4.3.1,The Humming Laughter,2026-05-31,2026-07-12,sushang,Sushang,素裳,,,0.0,0.0,99.99,,,6.0,0,0,hf_chars,4.3.2/builds.json,https://huggingface.co/datasets/LvlUrArti/MocDataProcessed/resolve/main/4.3.2/builds.json,aa_all_bosses_only
4.3.2,2026-06-25,aa,异相仲裁,all_bosses,全 Boss / 未拆分,4.3.1,The Humming Laughter,2026-05-31,2026-07-12,the-dahlia,The Dahlia,大丽花,,,38.27,9.15,3.84,,,0.46,6650,1941,hf_chars,4.3.2/builds.json,https://huggingface.co/datasets/LvlUrArti/MocDataProcessed/resolve/main/4.3.2/builds.json,aa_all_bosses_only
4.3.2,2026-06-25,aa,异相仲裁,all_bosses,全 Boss / 未拆分,4.3.1,The Humming Laughter,2026-05-31,2026-07-12,the-herta,The Herta,大黑塔,,,3.55,0.27,5.74,,,1.48,617,543,hf_chars,4.3.2/builds.json,https://huggingface.co/datasets/LvlUrArti/MocDataProcessed/resolve/main/4.3.2/builds.json,aa_all_bosses_only
4.3.2,2026-06-25,aa,异相仲裁,all_bosses,全 Boss / 未拆分,4.3.1,The Humming Laughter,2026-05-31,2026-07-12,tingyun,Tingyun,停云,,,0.33,0.05,99.99,,,5.95,57,1,hf_chars,4.3.2/builds.json,https://huggingface.co/datasets/LvlUrArti/MocDataProcessed/resolve/main/4.3.2/builds.json,aa_all_bosses_only
4.3.2,2026-06-25,aa,异相仲裁,all_bosses,全 Boss / 未拆分,4.3.1,The Humming Laughter,2026-05-31,2026-07-12,tingyun-fugue,Fugue,忘归人,,,32.03,7.51,3.68,,,0.52,5565,1178,hf_chars,4.3.2/builds.json,https://huggingface.co/datasets/LvlUrArti/MocDataProcessed/resolve/main/4.3.2/builds.json,aa_all_bosses_only
4.3.2,2026-06-25,aa,异相仲裁,all_bosses,全 Boss / 未拆分,4.3.1,The Humming Laughter,2026-05-31,2026-07-12,topaz,Topaz & Numby,托帕&账账,,,0.14,0.01,99.99,,,2.08,24,15,hf_chars,4.3.2/builds.json,https://huggingface.co/datasets/LvlUrArti/MocDataProcessed/resolve/main/4.3.2/builds.json,aa_all_bosses_only
4.3.2,2026-06-25,aa,异相仲裁,all_bosses,全 Boss / 未拆分,4.3.1,The Humming Laughter,2026-05-31,2026-07-12,trailblazer-destruction,Trailblazer - The Destruction,开拓者 - 毁灭,,,0.01,0.0,99.99,,,0.0,2,0,hf_chars,4.3.2/builds.json,https://huggingface.co/datasets/LvlUrArti/MocDataProcessed/resolve/main/4.3.2/builds.json,aa_all_bosses_only
4.3.2,2026-06-25,aa,异相仲裁,all_bosses,全 Boss / 未拆分,4.3.1,The Humming Laughter,2026-05-31,2026-07-12,trailblazer-elation,Trailblazer: Elation,开拓者•欢愉,,,32.81,9.93,3.77,,,4.99,5701,593,hf_chars,4.3.2/builds.json,https://huggingface.co/datasets/LvlUrArti/MocDataProcessed/resolve/main/4.3.2/builds.json,aa_all_bosses_only
4.3.2,2026-06-25,aa,异相仲裁,all_bosses,全 Boss / 未拆分,4.3.1,The Humming Laughter,2026-05-31,2026-07-12,trailblazer-harmony,Trailblazer - The Harmony,开拓者 - 同谐,,,8.89,2.15,3.65,,,5.9,1545,84,hf_chars,4.3.2/builds.json,https://huggingface.co/datasets/LvlUrArti/MocDataProcessed/resolve/main/4.3.2/builds.json,aa_all_bosses_only
4.3.2,2026-06-25,aa,异相仲裁,all_bosses,全 Boss / 未拆分,4.3.1,The Humming Laughter,2026-05-31,2026-07-12,trailblazer-preservation,Trailblazer - The Preservation,开拓者 - 存护,,,0.0,0.0,99.99,,,0.0,0,0,hf_chars,4.3.2/builds.json,https://huggingface.co/datasets/LvlUrArti/MocDataProcessed/resolve/main/4.3.2/builds.json,aa_all_bosses_only
4.3.2,2026-06-25,aa,异相仲裁,all_bosses,全 Boss / 未拆分,4.3.1,The Humming Laughter,2026-05-31,2026-07-12,trailblazer-remembrance,Trailblazer - Remembrance,开拓者•记忆,,,14.84,4.67,3.83,,,5.97,2578,221,hf_chars,4.3.2/builds.json,https://huggingface.co/datasets/LvlUrArti/MocDataProcessed/resolve/main/4.3.2/builds.json,aa_all_bosses_only
4.3.2,2026-06-25,aa,异相仲裁,all_bosses,全 Boss / 未拆分,4.3.1,The Humming Laughter,2026-05-31,2026-07-12,tribbie,Tribbie,缇宝,,,42.2,9.6,3.47,,,0.73,7332,2646,hf_chars,4.3.2/builds.json,https://huggingface.co/datasets/LvlUrArti/MocDataProcessed/resolve/main/4.3.2/builds.json,aa_all_bosses_only
4.3.2,2026-06-25,aa,异相仲裁,all_bosses,全 Boss / 未拆分,4.3.1,The Humming Laughter,2026-05-31,2026-07-12,welt,Welt,瓦尔特,,,3.91,1.34,4.14,,,3.87,679,146,hf_chars,4.3.2/builds.json,https://huggingface.co/datasets/LvlUrArti/MocDataProcessed/resolve/main/4.3.2/builds.json,aa_all_bosses_only
4.3.2,2026-06-25,aa,异相仲裁,all_bosses,全 Boss / 未拆分,4.3.1,The Humming Laughter,2026-05-31,2026-07-12,xueyi,Xueyi,雪衣,,,0.01,0.0,99.99,,,6.0,2,2,hf_chars,4.3.2/builds.json,https://huggingface.co/datasets/LvlUrArti/MocDataProcessed/resolve/main/4.3.2/builds.json,aa_all_bosses_only
4.3.2,2026-06-25,aa,异相仲裁,all_bosses,全 Boss / 未拆分,4.3.1,The Humming Laughter,2026-05-31,2026-07-12,yanqing,Yanqing,彦卿,,,0.0,0.0,99.99,,,3.0,0,0,hf_chars,4.3.2/builds.json,https://huggingface.co/datasets/LvlUrArti/MocDataProcessed/resolve/main/4.3.2/builds.json,aa_all_bosses_only
4.3.2,2026-06-25,aa,异相仲裁,all_bosses,全 Boss / 未拆分,4.3.1,The Humming Laughter,2026-05-31,2026-07-12,yao-guang,Yao Guang,爻光,,,67.69,21.7,3.06,,,0.28,11762,5169,hf_chars,4.3.2/builds.json,https://huggingface.co/datasets/LvlUrArti/MocDataProcessed/resolve/main/4.3.2/builds.json,aa_all_bosses_only
4.3.2,2026-06-25,aa,异相仲裁,all_bosses,全 Boss / 未拆分,4.3.1,The Humming Laughter,2026-05-31,2026-07-12,yukong,Yukong,驭空,,,0.0,0.0,99.99,,,0.0,0,0,hf_chars,4.3.2/builds.json,https://huggingface.co/datasets/LvlUrArti/MocDataProcessed/resolve/main/4.3.2/builds.json,aa_all_bosses_only
4.3.2,2026-06-25,aa,异相仲裁,all_bosses,全 Boss / 未拆分,4.3.1,The Humming Laughter,2026-05-31,2026-07-12,yunli,Yunli,云璃,,,0.11,0.01,99.99,,,1.63,19,15,hf_chars,4.3.2/builds.json,https://huggingface.co/datasets/LvlUrArti/MocDataProcessed/resolve/main/4.3.2/builds.json,aa_all_bosses_only
4.0.2,2026-03-06,as,末日幻影,all,全部,3.8.2,Dominance of Netherveil,2026-02-02,2026-03-16,acheron,Acheron,黄泉,,,0.57,0.03,0,,,3.15,122,177,hf_chars,4.0.2/builds.json,https://huggingface.co/datasets/LvlUrArti/MocDataProcessed/resolve/main/4.0.2/builds.json,ok
4.0.2,2026-03-06,as,末日幻影,all,全部,3.8.2,Dominance of Netherveil,2026-02-02,2026-03-16,aglaea,Aglaea,阿格莱雅,,,0.55,0.0,0,,,1.85,117,123,hf_chars,4.0.2/builds.json,https://huggingface.co/datasets/LvlUrArti/MocDataProcessed/resolve/main/4.0.2/builds.json,ok
4.0.2,2026-03-06,as,末日幻影,all,全部,3.8.2,Dominance of Netherveil,2026-02-02,2026-03-16,anaxa,Anaxa,那刻夏,S-DPS,,4.41,1.19,3195,,,0.21,937,0,hf_chars,4.0.2/builds.json,https://huggingface.co/datasets/LvlUrArti/MocDataProcessed/resolve/main/4.0.2/builds.json,ok
4.0.2,2026-03-06,as,末日幻影,all,全部,3.8.2,Dominance of Netherveil,2026-02-02,2026-03-16,archer,Archer,Archer,,,3.59,0.82,3358,,,0.32,763,371,hf_chars,4.0.2/builds.json,https://huggingface.co/datasets/LvlUrArti/MocDataProcessed/resolve/main/4.0.2/builds.json,ok
4.0.2,2026-03-06,as,末日幻影,all,全部,3.8.2,Dominance of Netherveil,2026-02-02,2026-03-16,argenti,Argenti,银枝,S-DPS,,0.02,0.0,0,,,0.15,4,0,hf_chars,4.0.2/builds.json,https://huggingface.co/datasets/LvlUrArti/MocDataProcessed/resolve/main/4.0.2/builds.json,ok
4.0.2,2026-03-06,as,末日幻影,all,全部,3.8.2,Dominance of Netherveil,2026-02-02,2026-03-16,arlan,Arlan,阿兰,,,0.0,0.0,0,,,6.0,1,0,hf_chars,4.0.2/builds.json,https://huggingface.co/datasets/LvlUrArti/MocDataProcessed/resolve/main/4.0.2/builds.json,ok
4.0.2,2026-03-06,as,末日幻影,all,全部,3.8.2,Dominance of Netherveil,2026-02-02,2026-03-16,asta,Asta,艾丝妲,,,0.0,0.0,0,,,6.0,0,1,hf_chars,4.0.2/builds.json,https://huggingface.co/datasets/LvlUrArti/MocDataProcessed/resolve/main/4.0.2/builds.json,ok
4.0.2,2026-03-06,as,末日幻影,all,全部,3.8.2,Dominance of Netherveil,2026-02-02,2026-03-16,aventurine,Aventurine,砂金,,,1.31,0.34,3350,,,0.55,278,80,hf_chars,4.0.2/builds.json,https://huggingface.co/datasets/LvlUrArti/MocDataProcessed/resolve/main/4.0.2/builds.json,ok
4.0.2,2026-03-06,as,末日幻影,all,全部,3.8.2,Dominance of Netherveil,2026-02-02,2026-03-16,bailu,Bailu,白露,,,0.14,0.06,3202,,,2.37,30,3,hf_chars,4.0.2/builds.json,https://huggingface.co/datasets/LvlUrArti/MocDataProcessed/resolve/main/4.0.2/builds.json,ok
4.0.2,2026-03-06,as,末日幻影,all,全部,3.8.2,Dominance of Netherveil,2026-02-02,2026-03-16,black-swan,Black Swan,黑天鹅,,,11.92,4.4,3406,,,0.47,2534,974,hf_chars,4.0.2/builds.json,https://huggingface.co/datasets/LvlUrArti/MocDataProcessed/resolve/main/4.0.2/builds.json,ok
4.0.2,2026-03-06,as,末日幻影,all,全部,3.8.2,Dominance of Netherveil,2026-02-02,2026-03-16,blade,Blade,刃,S-DPS,,0.32,0.05,3211,,,1.54,67,0,hf_chars,4.0.2/builds.json,https://huggingface.co/datasets/LvlUrArti/MocDataProcessed/resolve/main/4.0.2/builds.json,ok
4.0.2,2026-03-06,as,末日幻影,all,全部,3.8.2,Dominance of Netherveil,2026-02-02,2026-03-16,boothill,Boothill,波提欧,,,2.53,0.89,3544,,,0.82,538,290,hf_chars,4.0.2/builds.json,https://huggingface.co/datasets/LvlUrArti/MocDataProcessed/resolve/main/4.0.2/builds.json,ok
4.0.2,2026-03-06,as,末日幻影,all,全部,3.8.2,Dominance of Netherveil,2026-02-02,2026-03-16,bronya,Bronya,布洛妮娅,,,8.44,4.01,3542,,,2.76,1794,95,hf_chars,4.0.2/builds.json,https://huggingface.co/datasets/LvlUrArti/MocDataProcessed/resolve/main/4.0.2/builds.json,ok
4.0.2,2026-03-06,as,末日幻影,all,全部,3.8.2,Dominance of Netherveil,2026-02-02,2026-03-16,castorice,Castorice,遐蝶,,,68.88,34.78,3666,,,0.72,14640,8248,hf_chars,4.0.2/builds.json,https://huggingface.co/datasets/LvlUrArti/MocDataProcessed/resolve/main/4.0.2/builds.json,ok
4.0.2,2026-03-06,as,末日幻影,all,全部,3.8.2,Dominance of Netherveil,2026-02-02,2026-03-16,cerydra,Cerydra,刻律德菈,,,18.02,7.5,3607,,,0.32,3831,1317,hf_chars,4.0.2/builds.json,https://huggingface.co/datasets/LvlUrArti/MocDataProcessed/resolve/main/4.0.2/builds.json,ok
4.0.2,2026-03-06,as,末日幻影,all,全部,3.8.2,Dominance of Netherveil,2026-02-02,2026-03-16,cipher,Cipher,赛飞儿,,,1.66,0.49,3351,,,0.49,353,235,hf_chars,4.0.2/builds.json,https://huggingface.co/datasets/LvlUrArti/MocDataProcessed/resolve/main/4.0.2/builds.json,ok
4.0.2,2026-03-06,as,末日幻影,all,全部,3.8.2,Dominance of Netherveil,2026-02-02,2026-03-16,clara,Clara,克拉拉,,,0.05,0.0,0,,,4.03,11,8,hf_chars,4.0.2/builds.json,https://huggingface.co/datasets/LvlUrArti/MocDataProcessed/resolve/main/4.0.2/builds.json,ok
4.0.2,2026-03-06,as,末日幻影,all,全部,3.8.2,Dominance of Netherveil,2026-02-02,2026-03-16,cyrene,Cyrene,昔涟,,,58.98,29.04,3679,,,0.69,12536,6300,hf_chars,4.0.2/builds.json,https://huggingface.co/datasets/LvlUrArti/MocDataProcessed/resolve/main/4.0.2/builds.json,ok
4.0.2,2026-03-06,as,末日幻影,all,全部,3.8.2,Dominance of Netherveil,2026-02-02,2026-03-16,dan-heng,Dan Heng,丹恒,,,0.0,0.0,0,,,0.0,1,1,hf_chars,4.0.2/builds.json,https://huggingface.co/datasets/LvlUrArti/MocDataProcessed/resolve/main/4.0.2/builds.json,ok
4.0.2,2026-03-06,as,末日幻影,all,全部,3.8.2,Dominance of Netherveil,2026-02-02,2026-03-16,dan-heng-permansor-terrae,Dan Heng • Permansor Terrae,丹恒•腾荒,,,39.39,16.8,3527,,,0.17,8371,1439,hf_chars,4.0.2/builds.json,https://huggingface.co/datasets/LvlUrArti/MocDataProcessed/resolve/main/4.0.2/builds.json,ok
4.0.2,2026-03-06,as,末日幻影,all,全部,3.8.2,Dominance of Netherveil,2026-02-02,2026-03-16,dr-ratio,Dr. Ratio,真理医生,,,0.1,0.0,0,,,2.57,21,20,hf_chars,4.0.2/builds.json,https://huggingface.co/datasets/LvlUrArti/MocDataProcessed/resolve/main/4.0.2/builds.json,ok
4.0.2,2026-03-06,as,末日幻影,all,全部,3.8.2,Dominance of Netherveil,2026-02-02,2026-03-16,feixiao,Feixiao,飞霄,,,1.84,0.41,3299,,,1.35,391,202,hf_chars,4.0.2/builds.json,https://huggingface.co/datasets/LvlUrArti/MocDataProcessed/resolve/main/4.0.2/builds.json,ok
4.0.2,2026-03-06,as,末日幻影,all,全部,3.8.2,Dominance of Netherveil,2026-02-02,2026-03-16,firefly,Firefly,流萤,,,35.67,11.43,3681,,,1.37,7582,3786,hf_chars,4.0.2/builds.json,https://huggingface.co/datasets/LvlUrArti/MocDataProcessed/resolve/main/4.0.2/builds.json,ok
4.0.2,2026-03-06,as,末日幻影,all,全部,3.8.2,Dominance of Netherveil,2026-02-02,2026-03-16,fu-xuan,Fu Xuan,符玄,,,0.15,0.01,0,,,1.4,32,25,hf_chars,4.0.2/builds.json,https://huggingface.co/datasets/LvlUrArti/MocDataProcessed/resolve/main/4.0.2/builds.json,ok
4.0.2,2026-03-06,as,末日幻影,all,全部,3.8.2,Dominance of Netherveil,2026-02-02,2026-03-16,gallagher,Gallagher,加拉赫,,,15.03,6.58,3467,,,5.92,3195,47,hf_chars,4.0.2/builds.json,https://huggingface.co/datasets/LvlUrArti/MocDataProcessed/resolve/main/4.0.2/builds.json,ok
4.0.2,2026-03-06,as,末日幻影,all,全部,3.8.2,Dominance of Netherveil,2026-02-02,2026-03-16,gepard,Gepard,杰帕德,,,0.01,0.0,0,,,1.43,2,0,hf_chars,4.0.2/builds.json,https://huggingface.co/datasets/LvlUrArti/MocDataProcessed/resolve/main/4.0.2/builds.json,ok
4.0.2,2026-03-06,as,末日幻影,all,全部,3.8.2,Dominance of Netherveil,2026-02-02,2026-03-16,guinaifen,Guinaifen,桂乃芬,,,0.02,0.01,0,,,5.8,5,1,hf_chars,4.0.2/builds.json,https://huggingface.co/datasets/LvlUrArti/MocDataProcessed/resolve/main/4.0.2/builds.json,ok
4.0.2,2026-03-06,as,末日幻影,all,全部,3.8.2,Dominance of Netherveil,2026-02-02,2026-03-16,hanya,Hanya,寒鸦,,,0.0,0.0,0,,,0.0,1,0,hf_chars,4.0.2/builds.json,https://huggingface.co/datasets/LvlUrArti/MocDataProcessed/resolve/main/4.0.2/builds.json,ok
4.0.2,2026-03-06,as,末日幻影,all,全部,3.8.2,Dominance of Netherveil,2026-02-02,2026-03-16,herta,Herta,黑塔,,,0.19,0.02,0,,,5.98,41,6,hf_chars,4.0.2/builds.json,https://huggingface.co/datasets/LvlUrArti/MocDataProcessed/resolve/main/4.0.2/builds.json,ok
4.0.2,2026-03-06,as,末日幻影,all,全部,3.8.2,Dominance of Netherveil,2026-02-02,2026-03-16,himeko,Himeko,姬子,,,0.18,0.08,3349,,,2.75,38,16,hf_chars,4.0.2/builds.json,https://huggingface.co/datasets/LvlUrArti/MocDataProcessed/resolve/main/4.0.2/builds.json,ok
4.0.2,2026-03-06,as,末日幻影,all,全部,3.8.2,Dominance of Netherveil,2026-02-02,2026-03-16,hook,Hook,虎克,,,0.0,0.0,0,,,0.0,1,0,hf_chars,4.0.2/builds.json,https://huggingface.co/datasets/LvlUrArti/MocDataProcessed/resolve/main/4.0.2/builds.json,ok
4.0.2,2026-03-06,as,末日幻影,all,全部,3.8.2,Dominance of Netherveil,2026-02-02,2026-03-16,huohuo,Huohuo,藿藿,,,5.85,1.78,3275,,,0.29,1243,184,hf_chars,4.0.2/builds.json,https://huggingface.co/datasets/LvlUrArti/MocDataProcessed/resolve/main/4.0.2/builds.json,ok
4.0.2,2026-03-06,as,末日幻影,all,全部,3.8.2,Dominance of Netherveil,2026-02-02,2026-03-16,hyacine,Hyacine,风堇,,,71.89,34.44,3673,,,0.25,15280,6359,hf_chars,4.0.2/builds.json,https://huggingface.co/datasets/LvlUrArti/MocDataProcessed/resolve/main/4.0.2/builds.json,ok
4.0.2,2026-03-06,as,末日幻影,all,全部,3.8.2,Dominance of Netherveil,2026-02-02,2026-03-16,hysilens,Hysilens,海瑟音,,,13.35,4.68,3402,,,0.51,2837,1550,hf_chars,4.0.2/builds.json,https://huggingface.co/datasets/LvlUrArti/MocDataProcessed/resolve/main/4.0.2/builds.json,ok
4.0.2,2026-03-06,as,末日幻影,all,全部,3.8.2,Dominance of Netherveil,2026-02-02,2026-03-16,imbibitor-lunae,Dan Heng • Imbibitor Lunae,丹恒•饮月,,,0.12,0.0,0,,,2.96,25,31,hf_chars,4.0.2/builds.json,https://huggingface.co/datasets/LvlUrArti/MocDataProcessed/resolve/main/4.0.2/builds.json,ok
4.0.2,2026-03-06,as,末日幻影,all,全部,3.8.2,Dominance of Netherveil,2026-02-02,2026-03-16,jade,Jade,翡翠,,,0.32,0.05,3051,,,0.45,67,35,hf_chars,4.0.2/builds.json,https://huggingface.co/datasets/LvlUrArti/MocDataProcessed/resolve/main/4.0.2/builds.json,ok
4.0.2,2026-03-06,as,末日幻影,all,全部,3.8.2,Dominance of Netherveil,2026-02-02,2026-03-16,jiaoqiu,Jiaoqiu,椒丘,,,0.34,0.03,0,,,0.98,73,45,hf_chars,4.0.2/builds.json,https://huggingface.co/datasets/LvlUrArti/MocDataProcessed/resolve/main/4.0.2/builds.json,ok
4.0.2,2026-03-06,as,末日幻影,all,全部,3.8.2,Dominance of Netherveil,2026-02-02,2026-03-16,jing-yuan,Jing Yuan,景元,,,0.01,0.0,0,,,1.59,2,5,hf_chars,4.0.2/builds.json,https://huggingface.co/datasets/LvlUrArti/MocDataProcessed/resolve/main/4.0.2/builds.json,ok
4.0.2,2026-03-06,as,末日幻影,all,全部,3.8.2,Dominance of Netherveil,2026-02-02,2026-03-16,jingliu,Jingliu,镜流,,,0.2,0.05,3203,,,2.93,43,44,hf_chars,4.0.2/builds.json,https://huggingface.co/datasets/LvlUrArti/MocDataProcessed/resolve/main/4.0.2/builds.json,ok
4.0.2,2026-03-06,as,末日幻影,all,全部,3.8.2,Dominance of Netherveil,2026-02-02,2026-03-16,kafka,Kafka,卡芙卡,,,13.59,4.73,3398,,,0.85,2889,1460,hf_chars,4.0.2/builds.json,https://huggingface.co/datasets/LvlUrArti/MocDataProcessed/resolve/main/4.0.2/builds.json,ok
4.0.2,2026-03-06,as,末日幻影,all,全部,3.8.2,Dominance of Netherveil,2026-02-02,2026-03-16,lingsha,Lingsha,灵砂,,,22.44,7.97,3679,,,0.27,4576,744,hf_chars,4.0.2/builds.json,https://huggingface.co/datasets/LvlUrArti/MocDataProcessed/resolve/main/4.0.2/builds.json,ok
4.0.2,2026-03-06,as,末日幻影,all,全部,3.8.2,Dominance of Netherveil,2026-02-02,2026-03-16,luka,Luka,卢卡,,,0.01,0.0,0,,,6.0,3,2,hf_chars,4.0.2/builds.json,https://huggingface.co/datasets/LvlUrArti/MocDataProcessed/resolve/main/4.0.2/builds.json,ok
4.0.2,2026-03-06,as,末日幻影,all,全部,3.8.2,Dominance of Netherveil,2026-02-02,2026-03-16,luocha,Luocha,罗刹,,,5.71,2.27,3259,,,0.3,1213,101,hf_chars,4.0.2/builds.json,https://huggingface.co/datasets/LvlUrArti/MocDataProcessed/resolve/main/4.0.2/builds.json,ok
4.0.2,2026-03-06,as,末日幻影,all,全部,3.8.2,Dominance of Netherveil,2026-02-02,2026-03-16,lynx,Lynx,玲可,,,0.04,0.01,0,,,5.88,8,1,hf_chars,4.0.2/builds.json,https://huggingface.co/datasets/LvlUrArti/MocDataProcessed/resolve/main/4.0.2/builds.json,ok
4.0.2,2026-03-06,as,末日幻影,all,全部,3.8.2,Dominance of Netherveil,2026-02-02,2026-03-16,march-7th,March 7th,三月七 - 存护,,,0.0,0.0,0,,,0.0,1,1,hf_chars,4.0.2/builds.json,https://huggingface.co/datasets/LvlUrArti/MocDataProcessed/resolve/main/4.0.2/builds.json,ok
4.0.2,2026-03-06,as,末日幻影,all,全部,3.8.2,Dominance of Netherveil,2026-02-02,2026-03-16,march-7th-evernight,Evernight,长夜月,S-DPS,,51.95,26.08,3715,,,0.41,11041,0,hf_chars,4.0.2/builds.json,https://huggingface.co/datasets/LvlUrArti/MocDataProcessed/resolve/main/4.0.2/builds.json,ok
4.0.2,2026-03-06,as,末日幻影,all,全部,3.8.2,Dominance of Netherveil,2026-02-02,2026-03-16,march-7th-swordmaster,March 7th: The Hunt,三月七•巡猎,,,0.62,0.2,3384,,,6.0,132,6,hf_chars,4.0.2/builds.json,https://huggingface.co/datasets/LvlUrArti/MocDataProcessed/resolve/main/4.0.2/builds.json,ok
4.0.2,2026-03-06,as,末日幻影,all,全部,3.8.2,Dominance of Netherveil,2026-02-02,2026-03-16,misha,Misha,米沙,,,0.0,0.0,0,,,0.0,0,0,hf_chars,4.0.2/builds.json,https://huggingface.co/datasets/LvlUrArti/MocDataProcessed/resolve/main/4.0.2/builds.json,ok
4.0.2,2026-03-06,as,末日幻影,all,全部,3.8.2,Dominance of Netherveil,2026-02-02,2026-03-16,moze,Moze,貊泽,,,0.05,0.02,0,,,0.0,10,0,hf_chars,4.0.2/builds.json,https://huggingface.co/datasets/LvlUrArti/MocDataProcessed/resolve/main/4.0.2/builds.json,ok
4.0.2,2026-03-06,as,末日幻影,all,全部,3.8.2,Dominance of Netherveil,2026-02-02,2026-03-16,mydei,Mydei,万敌,,,3.62,1.14,3262,,,1.53,769,565,hf_chars,4.0.2/builds.json,https://huggingface.co/datasets/LvlUrArti/MocDataProcessed/resolve/main/4.0.2/builds.json,ok
4.0.2,2026-03-06,as,末日幻影,all,全部,3.8.2,Dominance of Netherveil,2026-02-02,2026-03-16,natasha,Natasha,娜塔莎,,,0.02,0.0,0,,,6.0,4,2,hf_chars,4.0.2/builds.json,https://huggingface.co/datasets/LvlUrArti/MocDataProcessed/resolve/main/4.0.2/builds.json,ok
4.0.2,2026-03-06,as,末日幻影,all,全部,3.8.2,Dominance of Netherveil,2026-02-02,2026-03-16,pela,Pela,佩拉,,,0.09,0.04,0,,,5.9,20,1,hf_chars,4.0.2/builds.json,https://huggingface.co/datasets/LvlUrArti/MocDataProcessed/resolve/main/4.0.2/builds.json,ok
4.0.2,2026-03-06,as,末日幻影,all,全部,3.8.2,Dominance of Netherveil,2026-02-02,2026-03-16,phainon,Phainon,白厄,,,26.15,11.16,3579,,,1.3,5557,3411,hf_chars,4.0.2/builds.json,https://huggingface.co/datasets/LvlUrArti/MocDataProcessed/resolve/main/4.0.2/builds.json,ok
4.0.2,2026-03-06,as,末日幻影,all,全部,3.8.2,Dominance of Netherveil,2026-02-02,2026-03-16,qingque,Qingque,青雀,,,0.02,0.0,0,,,6.0,5,4,hf_chars,4.0.2/builds.json,https://huggingface.co/datasets/LvlUrArti/MocDataProcessed/resolve/main/4.0.2/builds.json,ok
4.0.2,2026-03-06,as,末日幻影,all,全部,3.8.2,Dominance of Netherveil,2026-02-02,2026-03-16,rappa,Rappa,乱破,,,2.88,1.34,3621,,,0.46,613,237,hf_chars,4.0.2/builds.json,https://huggingface.co/datasets/LvlUrArti/MocDataProcessed/resolve/main/4.0.2/builds.json,ok
4.0.2,2026-03-06,as,末日幻影,all,全部,3.8.2,Dominance of Netherveil,2026-02-02,2026-03-16,robin,Robin,知更鸟,,,6.12,1.64,3385,,,0.85,1301,515,hf_chars,4.0.2/builds.json,https://huggingface.co/datasets/LvlUrArti/MocDataProcessed/resolve/main/4.0.2/builds.json,ok
4.0.2,2026-03-06,as,末日幻影,all,全部,3.8.2,Dominance of Netherveil,2026-02-02,2026-03-16,ruan-mei,Ruan Mei,阮•梅,,,19.63,2.84,3398,,,1.15,4172,747,hf_chars,4.0.2/builds.json,https://huggingface.co/datasets/LvlUrArti/MocDataProcessed/resolve/main/4.0.2/builds.json,ok
4.0.2,2026-03-06,as,末日幻影,all,全部,3.8.2,Dominance of Netherveil,2026-02-02,2026-03-16,saber,Saber,Saber,,,2.51,0.8,3253,,,2.72,534,451,hf_chars,4.0.2/builds.json,https://huggingface.co/datasets/LvlUrArti/MocDataProcessed/resolve/main/4.0.2/builds.json,ok
4.0.2,2026-03-06,as,末日幻影,all,全部,3.8.2,Dominance of Netherveil,2026-02-02,2026-03-16,sampo,Sampo,桑博,,,0.03,0.02,0,,,0.0,6,0,hf_chars,4.0.2/builds.json,https://huggingface.co/datasets/LvlUrArti/MocDataProcessed/resolve/main/4.0.2/builds.json,ok
4.0.2,2026-03-06,as,末日幻影,all,全部,3.8.2,Dominance of Netherveil,2026-02-02,2026-03-16,seele,Seele,希儿,,,0.01,0.0,0,,,2.34,3,3,hf_chars,4.0.2/builds.json,https://huggingface.co/datasets/LvlUrArti/MocDataProcessed/resolve/main/4.0.2/builds.json,ok
4.0.2,2026-03-06,as,末日幻影,all,全部,3.8.2,Dominance of Netherveil,2026-02-02,2026-03-16,serval,Serval,希露瓦,,,0.08,0.0,0,,,5.87,17,0,hf_chars,4.0.2/builds.json,https://huggingface.co/datasets/LvlUrArti/MocDataProcessed/resolve/main/4.0.2/builds.json,ok
4.0.2,2026-03-06,as,末日幻影,all,全部,3.8.2,Dominance of Netherveil,2026-02-02,2026-03-16,silver-wolf,Silver Wolf,银狼,,,2.83,0.57,3410,,,0.75,601,223,hf_chars,4.0.2/builds.json,https://huggingface.co/datasets/LvlUrArti/MocDataProcessed/resolve/main/4.0.2/builds.json,ok
4.0.2,2026-03-06,as,末日幻影,all,全部,3.8.2,Dominance of Netherveil,2026-02-02,2026-03-16,sparkle,Sparkle,花火,,,7.85,2.24,3445,,,0.72,1668,759,hf_chars,4.0.2/builds.json,https://huggingface.co/datasets/LvlUrArti/MocDataProcessed/resolve/main/4.0.2/builds.json,ok
4.0.2,2026-03-06,as,末日幻影,all,全部,3.8.2,Dominance of Netherveil,2026-02-02,2026-03-16,sparxie,Sparxie,火花,,,0.88,0.24,3614,,,0.37,186,131,hf_chars,4.0.2/builds.json,https://huggingface.co/datasets/LvlUrArti/MocDataProcessed/resolve/main/4.0.2/builds.json,ok
4.0.2,2026-03-06,as,末日幻影,all,全部,3.8.2,Dominance of Netherveil,2026-02-02,2026-03-16,sunday,Sunday,星期日,,,28.25,11.32,3572,,,0.46,6004,2347,hf_chars,4.0.2/builds.json,https://huggingface.co/datasets/LvlUrArti/MocDataProcessed/resolve/main/4.0.2/builds.json,ok
4.0.2,2026-03-06,as,末日幻影,all,全部,3.8.2,Dominance of Netherveil,2026-02-02,2026-03-16,sushang,Sushang,素裳,,,0.05,0.0,0,,,6.0,10,1,hf_chars,4.0.2/builds.json,https://huggingface.co/datasets/LvlUrArti/MocDataProcessed/resolve/main/4.0.2/builds.json,ok
4.0.2,2026-03-06,as,末日幻影,all,全部,3.8.2,Dominance of Netherveil,2026-02-02,2026-03-16,the-dahlia,The Dahlia,大丽花,,,38.1,13.37,3677,,,0.3,8098,2333,hf_chars,4.0.2/builds.json,https://huggingface.co/datasets/LvlUrArti/MocDataProcessed/resolve/main/4.0.2/builds.json,ok
4.0.2,2026-03-06,as,末日幻影,all,全部,3.8.2,Dominance of Netherveil,2026-02-02,2026-03-16,the-herta,The Herta,大黑塔,,,4.87,1.2,3182,,,1.02,1035,683,hf_chars,4.0.2/builds.json,https://huggingface.co/datasets/LvlUrArti/MocDataProcessed/resolve/main/4.0.2/builds.json,ok
4.0.2,2026-03-06,as,末日幻影,all,全部,3.8.2,Dominance of Netherveil,2026-02-02,2026-03-16,tingyun,Tingyun,停云,,,0.37,0.12,3418,,,5.95,78,0,hf_chars,4.0.2/builds.json,https://huggingface.co/datasets/LvlUrArti/MocDataProcessed/resolve/main/4.0.2/builds.json,ok
4.0.2,2026-03-06,as,末日幻影,all,全部,3.8.2,Dominance of Netherveil,2026-02-02,2026-03-16,tingyun-fugue,Fugue,忘归人,,,34.88,11.36,3681,,,0.51,7414,1638,hf_chars,4.0.2/builds.json,https://huggingface.co/datasets/LvlUrArti/MocDataProcessed/resolve/main/4.0.2/builds.json,ok
4.0.2,2026-03-06,as,末日幻影,all,全部,3.8.2,Dominance of Netherveil,2026-02-02,2026-03-16,topaz,Topaz & Numby,托帕&账账,,,0.6,0.11,3287,,,1.43,128,39,hf_chars,4.0.2/builds.json,https://huggingface.co/datasets/LvlUrArti/MocDataProcessed/resolve/main/4.0.2/builds.json,ok
4.0.2,2026-03-06,as,末日幻影,all,全部,3.8.2,Dominance of Netherveil,2026-02-02,2026-03-16,trailblazer-destruction,Trailblazer - The Destruction,开拓者 - 毁灭,,,0.0,0.0,0,,,0.0,1,0,hf_chars,4.0.2/builds.json,https://huggingface.co/datasets/LvlUrArti/MocDataProcessed/resolve/main/4.0.2/builds.json,ok
4.0.2,2026-03-06,as,末日幻影,all,全部,3.8.2,Dominance of Netherveil,2026-02-02,2026-03-16,trailblazer-harmony,Trailblazer - The Harmony,开拓者 - 同谐,,,11.89,3.87,3673,,,5.9,2527,150,hf_chars,4.0.2/builds.json,https://huggingface.co/datasets/LvlUrArti/MocDataProcessed/resolve/main/4.0.2/builds.json,ok
4.0.2,2026-03-06,as,末日幻影,all,全部,3.8.2,Dominance of Netherveil,2026-02-02,2026-03-16,trailblazer-preservation,Trailblazer - The Preservation,开拓者 - 存护,,,0.0,0.0,0,,,0.0,0,0,hf_chars,4.0.2/builds.json,https://huggingface.co/datasets/LvlUrArti/MocDataProcessed/resolve/main/4.0.2/builds.json,ok
4.0.2,2026-03-06,as,末日幻影,all,全部,3.8.2,Dominance of Netherveil,2026-02-02,2026-03-16,trailblazer-remembrance,Trailblazer - Remembrance,开拓者•记忆,,,27.3,14.47,3485,,,5.95,5802,476,hf_chars,4.0.2/builds.json,https://huggingface.co/datasets/LvlUrArti/MocDataProcessed/resolve/main/4.0.2/builds.json,ok
4.0.2,2026-03-06,as,末日幻影,all,全部,3.8.2,Dominance of Netherveil,2026-02-02,2026-03-16,tribbie,Tribbie,缇宝,,,30.82,10.48,3448,,,0.66,6550,2537,hf_chars,4.0.2/builds.json,https://huggingface.co/datasets/LvlUrArti/MocDataProcessed/resolve/main/4.0.2/builds.json,ok
4.0.2,2026-03-06,as,末日幻影,all,全部,3.8.2,Dominance of Netherveil,2026-02-02,2026-03-16,welt,Welt,瓦尔特,,,0.01,0.0,0,,,3.11,2,0,hf_chars,4.0.2/builds.json,https://huggingface.co/datasets/LvlUrArti/MocDataProcessed/resolve/main/4.0.2/builds.json,ok
4.0.2,2026-03-06,as,末日幻影,all,全部,3.8.2,Dominance of Netherveil,2026-02-02,2026-03-16,xueyi,Xueyi,雪衣,,,0.06,0.02,0,,,6.0,13,6,hf_chars,4.0.2/builds.json,https://huggingface.co/datasets/LvlUrArti/MocDataProcessed/resolve/main/4.0.2/builds.json,ok
4.0.2,2026-03-06,as,末日幻影,all,全部,3.8.2,Dominance of Netherveil,2026-02-02,2026-03-16,yanqing,Yanqing,彦卿,,,0.0,0.0,0,,,4.0,0,0,hf_chars,4.0.2/builds.json,https://huggingface.co/datasets/LvlUrArti/MocDataProcessed/resolve/main/4.0.2/builds.json,ok
4.0.2,2026-03-06,as,末日幻影,all,全部,3.8.2,Dominance of Netherveil,2026-02-02,2026-03-16,yao-guang,Yao Guang,爻光,,,1.5,0.48,3487,,,0.17,319,167,hf_chars,4.0.2/builds.json,https://huggingface.co/datasets/LvlUrArti/MocDataProcessed/resolve/main/4.0.2/builds.json,ok
4.0.2,2026-03-06,as,末日幻影,all,全部,3.8.2,Dominance of Netherveil,2026-02-02,2026-03-16,yukong,Yukong,驭空,,,0.01,0.0,0,,,6.0,3,1,hf_chars,4.0.2/builds.json,https://huggingface.co/datasets/LvlUrArti/MocDataProcessed/resolve/main/4.0.2/builds.json,ok
4.0.2,2026-03-06,as,末日幻影,all,全部,3.8.2,Dominance of Netherveil,2026-02-02,2026-03-16,yunli,Yunli,云璃,,,0.29,0.03,0,,,1.14,61,46,hf_chars,4.0.2/builds.json,https://huggingface.co/datasets/LvlUrArti/MocDataProcessed/resolve/main/4.0.2/builds.json,ok
4.1.2,2026-04-19,as,末日幻影,all,全部,4.0.1,Militant Lupine,2026-03-16,2026-04-27,acheron,Acheron,黄泉,,,0.73,0.1,3226,,,2.93,150,184,hf_chars,4.1.2/builds.json,https://huggingface.co/datasets/LvlUrArti/MocDataProcessed/resolve/main/4.1.2/builds.json,ok
4.1.2,2026-04-19,as,末日幻影,all,全部,4.0.1,Militant Lupine,2026-03-16,2026-04-27,aglaea,Aglaea,阿格莱雅,,,1.25,0.12,3323,,,1.56,258,193,hf_chars,4.1.2/builds.json,https://huggingface.co/datasets/LvlUrArti/MocDataProcessed/resolve/main/4.1.2/builds.json,ok
4.1.2,2026-04-19,as,末日幻影,all,全部,4.0.1,Militant Lupine,2026-03-16,2026-04-27,anaxa,Anaxa,那刻夏,S-DPS,,3.15,0.59,3127,,,0.22,651,0,hf_chars,4.1.2/builds.json,https://huggingface.co/datasets/LvlUrArti/MocDataProcessed/resolve/main/4.1.2/builds.json,ok
4.1.2,2026-04-19,as,末日幻影,all,全部,4.0.1,Militant Lupine,2026-03-16,2026-04-27,archer,Archer,Archer,,,29.92,11.48,3477,,,0.49,6187,1291,hf_chars,4.1.2/builds.json,https://huggingface.co/datasets/LvlUrArti/MocDataProcessed/resolve/main/4.1.2/builds.json,ok
4.1.2,2026-04-19,as,末日幻影,all,全部,4.0.1,Militant Lupine,2026-03-16,2026-04-27,argenti,Argenti,银枝,S-DPS,,0.01,0.0,0,,,0.24,3,0,hf_chars,4.1.2/builds.json,https://huggingface.co/datasets/LvlUrArti/MocDataProcessed/resolve/main/4.1.2/builds.json,ok
4.1.2,2026-04-19,as,末日幻影,all,全部,4.0.1,Militant Lupine,2026-03-16,2026-04-27,arlan,Arlan,阿兰,,,0.0,0.0,0,,,0.0,0,0,hf_chars,4.1.2/builds.json,https://huggingface.co/datasets/LvlUrArti/MocDataProcessed/resolve/main/4.1.2/builds.json,ok
4.1.2,2026-04-19,as,末日幻影,all,全部,4.0.1,Militant Lupine,2026-03-16,2026-04-27,ashveil,Ashveil,不死途,S-DPS,,0.37,0.12,3453,,,0.33,77,0,hf_chars,4.1.2/builds.json,https://huggingface.co/datasets/LvlUrArti/MocDataProcessed/resolve/main/4.1.2/builds.json,ok
4.1.2,2026-04-19,as,末日幻影,all,全部,4.0.1,Militant Lupine,2026-03-16,2026-04-27,asta,Asta,艾丝妲,,,0.02,0.01,0,,,5.72,5,1,hf_chars,4.1.2/builds.json,https://huggingface.co/datasets/LvlUrArti/MocDataProcessed/resolve/main/4.1.2/builds.json,ok
4.1.2,2026-04-19,as,末日幻影,all,全部,4.0.1,Militant Lupine,2026-03-16,2026-04-27,aventurine,Aventurine,砂金,,,4.71,1.52,3463,,,0.57,973,306,hf_chars,4.1.2/builds.json,https://huggingface.co/datasets/LvlUrArti/MocDataProcessed/resolve/main/4.1.2/builds.json,ok
4.1.2,2026-04-19,as,末日幻影,all,全部,4.0.1,Militant Lupine,2026-03-16,2026-04-27,bailu,Bailu,白露,,,0.13,0.04,0,,,2.24,27,4,hf_chars,4.1.2/builds.json,https://huggingface.co/datasets/LvlUrArti/MocDataProcessed/resolve/main/4.1.2/builds.json,ok
4.1.2,2026-04-19,as,末日幻影,all,全部,4.0.1,Militant Lupine,2026-03-16,2026-04-27,black-swan,Black Swan,黑天鹅,,,22.7,7.85,3598,,,0.45,4694,1485,hf_chars,4.1.2/builds.json,https://huggingface.co/datasets/LvlUrArti/MocDataProcessed/resolve/main/4.1.2/builds.json,ok
4.1.2,2026-04-19,as,末日幻影,all,全部,4.0.1,Militant Lupine,2026-03-16,2026-04-27,blade,Blade,刃,S-DPS,,0.04,0.0,0,,,1.44,8,0,hf_chars,4.1.2/builds.json,https://huggingface.co/datasets/LvlUrArti/MocDataProcessed/resolve/main/4.1.2/builds.json,ok
4.1.2,2026-04-19,as,末日幻影,all,全部,4.0.1,Militant Lupine,2026-03-16,2026-04-27,boothill,Boothill,波提欧,,,0.89,0.3,3353,,,1.39,184,137,hf_chars,4.1.2/builds.json,https://huggingface.co/datasets/LvlUrArti/MocDataProcessed/resolve/main/4.1.2/builds.json,ok
4.1.2,2026-04-19,as,末日幻影,all,全部,4.0.1,Militant Lupine,2026-03-16,2026-04-27,bronya,Bronya,布洛妮娅,,,2.02,0.42,3249,,,2.95,417,40,hf_chars,4.1.2/builds.json,https://huggingface.co/datasets/LvlUrArti/MocDataProcessed/resolve/main/4.1.2/builds.json,ok
4.1.2,2026-04-19,as,末日幻影,all,全部,4.0.1,Militant Lupine,2026-03-16,2026-04-27,castorice,Castorice,遐蝶,,,36.33,14.69,3474,,,0.79,7513,4636,hf_chars,4.1.2/builds.json,https://huggingface.co/datasets/LvlUrArti/MocDataProcessed/resolve/main/4.1.2/builds.json,ok
4.1.2,2026-04-19,as,末日幻影,all,全部,4.0.1,Militant Lupine,2026-03-16,2026-04-27,cerydra,Cerydra,刻律德菈,,,13.42,3.8,3385,,,0.42,2775,879,hf_chars,4.1.2/builds.json,https://huggingface.co/datasets/LvlUrArti/MocDataProcessed/resolve/main/4.1.2/builds.json,ok
4.1.2,2026-04-19,as,末日幻影,all,全部,4.0.1,Militant Lupine,2026-03-16,2026-04-27,cipher,Cipher,赛飞儿,,,2.58,0.83,3484,,,0.58,533,261,hf_chars,4.1.2/builds.json,https://huggingface.co/datasets/LvlUrArti/MocDataProcessed/resolve/main/4.1.2/builds.json,ok
4.1.2,2026-04-19,as,末日幻影,all,全部,4.0.1,Militant Lupine,2026-03-16,2026-04-27,clara,Clara,克拉拉,,,0.02,0.0,0,,,4.27,4,2,hf_chars,4.1.2/builds.json,https://huggingface.co/datasets/LvlUrArti/MocDataProcessed/resolve/main/4.1.2/builds.json,ok
4.1.2,2026-04-19,as,末日幻影,all,全部,4.0.1,Militant Lupine,2026-03-16,2026-04-27,cyrene,Cyrene,昔涟,,,35.96,13.83,3483,,,0.74,7437,3976,hf_chars,4.1.2/builds.json,https://huggingface.co/datasets/LvlUrArti/MocDataProcessed/resolve/main/4.1.2/builds.json,ok
4.1.2,2026-04-19,as,末日幻影,all,全部,4.0.1,Militant Lupine,2026-03-16,2026-04-27,dan-heng,Dan Heng,丹恒,,,0.0,0.0,0,,,6.0,1,1,hf_chars,4.1.2/builds.json,https://huggingface.co/datasets/LvlUrArti/MocDataProcessed/resolve/main/4.1.2/builds.json,ok
4.1.2,2026-04-19,as,末日幻影,all,全部,4.0.1,Militant Lupine,2026-03-16,2026-04-27,dan-heng-permansor-terrae,Dan Heng • Permansor Terrae,丹恒•腾荒,,,69.63,27.22,3544,,,0.15,14399,1891,hf_chars,4.1.2/builds.json,https://huggingface.co/datasets/LvlUrArti/MocDataProcessed/resolve/main/4.1.2/builds.json,ok
4.1.2,2026-04-19,as,末日幻影,all,全部,4.0.1,Militant Lupine,2026-03-16,2026-04-27,dr-ratio,Dr. Ratio,真理医生,,,0.0,0.0,0,,,3.0,1,4,hf_chars,4.1.2/builds.json,https://huggingface.co/datasets/LvlUrArti/MocDataProcessed/resolve/main/4.1.2/builds.json,ok
4.1.2,2026-04-19,as,末日幻影,all,全部,4.0.1,Militant Lupine,2026-03-16,2026-04-27,feixiao,Feixiao,飞霄,,,0.29,0.03,0,,,1.32,61,52,hf_chars,4.1.2/builds.json,https://huggingface.co/datasets/LvlUrArti/MocDataProcessed/resolve/main/4.1.2/builds.json,ok
4.1.2,2026-04-19,as,末日幻影,all,全部,4.0.1,Militant Lupine,2026-03-16,2026-04-27,firefly,Firefly,流萤,,,25.16,7.29,3518,,,1.62,5204,2672,hf_chars,4.1.2/builds.json,https://huggingface.co/datasets/LvlUrArti/MocDataProcessed/resolve/main/4.1.2/builds.json,ok
4.1.2,2026-04-19,as,末日幻影,all,全部,4.0.1,Militant Lupine,2026-03-16,2026-04-27,fu-xuan,Fu Xuan,符玄,,,2.27,0.41,3581,,,1.44,470,97,hf_chars,4.1.2/builds.json,https://huggingface.co/datasets/LvlUrArti/MocDataProcessed/resolve/main/4.1.2/builds.json,ok
4.1.2,2026-04-19,as,末日幻影,all,全部,4.0.1,Militant Lupine,2026-03-16,2026-04-27,gallagher,Gallagher,加拉赫,,,8.21,3.73,3446,,,5.93,1697,31,hf_chars,4.1.2/builds.json,https://huggingface.co/datasets/LvlUrArti/MocDataProcessed/resolve/main/4.1.2/builds.json,ok
4.1.2,2026-04-19,as,末日幻影,all,全部,4.0.1,Militant Lupine,2026-03-16,2026-04-27,gepard,Gepard,杰帕德,,,0.01,0.01,0,,,1.64,3,1,hf_chars,4.1.2/builds.json,https://huggingface.co/datasets/LvlUrArti/MocDataProcessed/resolve/main/4.1.2/builds.json,ok
4.1.2,2026-04-19,as,末日幻影,all,全部,4.0.1,Militant Lupine,2026-03-16,2026-04-27,guinaifen,Guinaifen,桂乃芬,,,0.03,0.0,0,,,5.89,7,1,hf_chars,4.1.2/builds.json,https://huggingface.co/datasets/LvlUrArti/MocDataProcessed/resolve/main/4.1.2/builds.json,ok
4.1.2,2026-04-19,as,末日幻影,all,全部,4.0.1,Militant Lupine,2026-03-16,2026-04-27,hanya,Hanya,寒鸦,,,0.03,0.02,0,,,0.0,6,0,hf_chars,4.1.2/builds.json,https://huggingface.co/datasets/LvlUrArti/MocDataProcessed/resolve/main/4.1.2/builds.json,ok
4.1.2,2026-04-19,as,末日幻影,all,全部,4.0.1,Militant Lupine,2026-03-16,2026-04-27,herta,Herta,黑塔,,,0.24,0.02,0,,,6.0,50,4,hf_chars,4.1.2/builds.json,https://huggingface.co/datasets/LvlUrArti/MocDataProcessed/resolve/main/4.1.2/builds.json,ok
4.1.2,2026-04-19,as,末日幻影,all,全部,4.0.1,Militant Lupine,2026-03-16,2026-04-27,himeko,Himeko,姬子,,,0.1,0.03,0,,,2.79,21,7,hf_chars,4.1.2/builds.json,https://huggingface.co/datasets/LvlUrArti/MocDataProcessed/resolve/main/4.1.2/builds.json,ok
4.1.2,2026-04-19,as,末日幻影,all,全部,4.0.1,Militant Lupine,2026-03-16,2026-04-27,hook,Hook,虎克,,,0.0,0.0,0,,,6.0,1,3,hf_chars,4.1.2/builds.json,https://huggingface.co/datasets/LvlUrArti/MocDataProcessed/resolve/main/4.1.2/builds.json,ok
4.1.2,2026-04-19,as,末日幻影,all,全部,4.0.1,Militant Lupine,2026-03-16,2026-04-27,huohuo,Huohuo,藿藿,,,11.84,4.05,3638,,,0.27,2449,285,hf_chars,4.1.2/builds.json,https://huggingface.co/datasets/LvlUrArti/MocDataProcessed/resolve/main/4.1.2/builds.json,ok
4.1.2,2026-04-19,as,末日幻影,all,全部,4.0.1,Militant Lupine,2026-03-16,2026-04-27,hyacine,Hyacine,风堇,,,46.31,18.51,3465,,,0.31,9576,4160,hf_chars,4.1.2/builds.json,https://huggingface.co/datasets/LvlUrArti/MocDataProcessed/resolve/main/4.1.2/builds.json,ok
4.1.2,2026-04-19,as,末日幻影,all,全部,4.0.1,Militant Lupine,2026-03-16,2026-04-27,hysilens,Hysilens,海瑟音,,,24.83,8.64,3595,,,0.52,5135,2330,hf_chars,4.1.2/builds.json,https://huggingface.co/datasets/LvlUrArti/MocDataProcessed/resolve/main/4.1.2/builds.json,ok
4.1.2,2026-04-19,as,末日幻影,all,全部,4.0.1,Militant Lupine,2026-03-16,2026-04-27,imbibitor-lunae,Dan Heng • Imbibitor Lunae,丹恒•饮月,,,0.01,0.0,0,,,3.41,2,7,hf_chars,4.1.2/builds.json,https://huggingface.co/datasets/LvlUrArti/MocDataProcessed/resolve/main/4.1.2/builds.json,ok
4.1.2,2026-04-19,as,末日幻影,all,全部,4.0.1,Militant Lupine,2026-03-16,2026-04-27,jade,Jade,翡翠,,,0.44,0.06,3021,,,0.51,92,41,hf_chars,4.1.2/builds.json,https://huggingface.co/datasets/LvlUrArti/MocDataProcessed/resolve/main/4.1.2/builds.json,ok
4.1.2,2026-04-19,as,末日幻影,all,全部,4.0.1,Militant Lupine,2026-03-16,2026-04-27,jiaoqiu,Jiaoqiu,椒丘,,,0.48,0.05,3272,,,0.88,100,53,hf_chars,4.1.2/builds.json,https://huggingface.co/datasets/LvlUrArti/MocDataProcessed/resolve/main/4.1.2/builds.json,ok
4.1.2,2026-04-19,as,末日幻影,all,全部,4.0.1,Militant Lupine,2026-03-16,2026-04-27,jing-yuan,Jing Yuan,景元,,,0.17,0.0,0,,,1.23,36,35,hf_chars,4.1.2/builds.json,https://huggingface.co/datasets/LvlUrArti/MocDataProcessed/resolve/main/4.1.2/builds.json,ok
4.1.2,2026-04-19,as,末日幻影,all,全部,4.0.1,Militant Lupine,2026-03-16,2026-04-27,jingliu,Jingliu,镜流,,,0.01,0.0,0,,,2.99,3,13,hf_chars,4.1.2/builds.json,https://huggingface.co/datasets/LvlUrArti/MocDataProcessed/resolve/main/4.1.2/builds.json,ok
4.1.2,2026-04-19,as,末日幻影,all,全部,4.0.1,Militant Lupine,2026-03-16,2026-04-27,kafka,Kafka,卡芙卡,,,25.43,8.82,3592,,,0.84,5259,2149,hf_chars,4.1.2/builds.json,https://huggingface.co/datasets/LvlUrArti/MocDataProcessed/resolve/main/4.1.2/builds.json,ok
4.1.2,2026-04-19,as,末日幻影,all,全部,4.0.1,Militant Lupine,2026-03-16,2026-04-27,lingsha,Lingsha,灵砂,,,16.0,5.22,3528,,,0.3,3146,484,hf_chars,4.1.2/builds.json,https://huggingface.co/datasets/LvlUrArti/MocDataProcessed/resolve/main/4.1.2/builds.json,ok
4.1.2,2026-04-19,as,末日幻影,all,全部,4.0.1,Militant Lupine,2026-03-16,2026-04-27,luka,Luka,卢卡,,,0.0,0.0,0,,,6.0,0,1,hf_chars,4.1.2/builds.json,https://huggingface.co/datasets/LvlUrArti/MocDataProcessed/resolve/main/4.1.2/builds.json,ok
4.1.2,2026-04-19,as,末日幻影,all,全部,4.0.1,Militant Lupine,2026-03-16,2026-04-27,luocha,Luocha,罗刹,,,1.46,0.51,3410,,,0.33,302,36,hf_chars,4.1.2/builds.json,https://huggingface.co/datasets/LvlUrArti/MocDataProcessed/resolve/main/4.1.2/builds.json,ok
4.1.2,2026-04-19,as,末日幻影,all,全部,4.0.1,Militant Lupine,2026-03-16,2026-04-27,lynx,Lynx,玲可,,,0.02,0.0,0,,,5.9,5,1,hf_chars,4.1.2/builds.json,https://huggingface.co/datasets/LvlUrArti/MocDataProcessed/resolve/main/4.1.2/builds.json,ok
4.1.2,2026-04-19,as,末日幻影,all,全部,4.0.1,Militant Lupine,2026-03-16,2026-04-27,march-7th,March 7th,三月七 - 存护,,,0.01,0.01,0,,,6.0,2,1,hf_chars,4.1.2/builds.json,https://huggingface.co/datasets/LvlUrArti/MocDataProcessed/resolve/main/4.1.2/builds.json,ok
4.1.2,2026-04-19,as,末日幻影,all,全部,4.0.1,Militant Lupine,2026-03-16,2026-04-27,march-7th-evernight,Evernight,长夜月,S-DPS,,31.82,12.83,3489,,,0.47,6581,0,hf_chars,4.1.2/builds.json,https://huggingface.co/datasets/LvlUrArti/MocDataProcessed/resolve/main/4.1.2/builds.json,ok
4.1.2,2026-04-19,as,末日幻影,all,全部,4.0.1,Militant Lupine,2026-03-16,2026-04-27,march-7th-swordmaster,March 7th: The Hunt,三月七•巡猎,,,0.06,0.01,0,,,6.0,12,3,hf_chars,4.1.2/builds.json,https://huggingface.co/datasets/LvlUrArti/MocDataProcessed/resolve/main/4.1.2/builds.json,ok
4.1.2,2026-04-19,as,末日幻影,all,全部,4.0.1,Militant Lupine,2026-03-16,2026-04-27,misha,Misha,米沙,,,0.01,0.01,0,,,0.0,2,0,hf_chars,4.1.2/builds.json,https://huggingface.co/datasets/LvlUrArti/MocDataProcessed/resolve/main/4.1.2/builds.json,ok
4.1.2,2026-04-19,as,末日幻影,all,全部,4.0.1,Militant Lupine,2026-03-16,2026-04-27,moze,Moze,貊泽,,,0.02,0.01,0,,,6.0,4,1,hf_chars,4.1.2/builds.json,https://huggingface.co/datasets/LvlUrArti/MocDataProcessed/resolve/main/4.1.2/builds.json,ok
4.1.2,2026-04-19,as,末日幻影,all,全部,4.0.1,Militant Lupine,2026-03-16,2026-04-27,mydei,Mydei,万敌,,,0.23,0.01,0,,,1.59,47,62,hf_chars,4.1.2/builds.json,https://huggingface.co/datasets/LvlUrArti/MocDataProcessed/resolve/main/4.1.2/builds.json,ok
4.1.2,2026-04-19,as,末日幻影,all,全部,4.0.1,Militant Lupine,2026-03-16,2026-04-27,natasha,Natasha,娜塔莎,,,0.01,0.0,0,,,6.0,3,0,hf_chars,4.1.2/builds.json,https://huggingface.co/datasets/LvlUrArti/MocDataProcessed/resolve/main/4.1.2/builds.json,ok
4.1.2,2026-04-19,as,末日幻影,all,全部,4.0.1,Militant Lupine,2026-03-16,2026-04-27,pela,Pela,佩拉,,,0.06,0.03,0,,,5.83,13,0,hf_chars,4.1.2/builds.json,https://huggingface.co/datasets/LvlUrArti/MocDataProcessed/resolve/main/4.1.2/builds.json,ok
4.1.2,2026-04-19,as,末日幻影,all,全部,4.0.1,Militant Lupine,2026-03-16,2026-04-27,phainon,Phainon,白厄,,,12.12,2.97,3305,,,1.46,2507,1927,hf_chars,4.1.2/builds.json,https://huggingface.co/datasets/LvlUrArti/MocDataProcessed/resolve/main/4.1.2/builds.json,ok
4.1.2,2026-04-19,as,末日幻影,all,全部,4.0.1,Militant Lupine,2026-03-16,2026-04-27,qingque,Qingque,青雀,,,0.07,0.01,0,,,6.0,14,10,hf_chars,4.1.2/builds.json,https://huggingface.co/datasets/LvlUrArti/MocDataProcessed/resolve/main/4.1.2/builds.json,ok
4.1.2,2026-04-19,as,末日幻影,all,全部,4.0.1,Militant Lupine,2026-03-16,2026-04-27,rappa,Rappa,乱破,,,0.97,0.36,3403,,,0.7,200,114,hf_chars,4.1.2/builds.json,https://huggingface.co/datasets/LvlUrArti/MocDataProcessed/resolve/main/4.1.2/builds.json,ok
4.1.2,2026-04-19,as,末日幻影,all,全部,4.0.1,Militant Lupine,2026-03-16,2026-04-27,robin,Robin,知更鸟,,,3.04,0.4,3382,,,0.87,629,247,hf_chars,4.1.2/builds.json,https://huggingface.co/datasets/LvlUrArti/MocDataProcessed/resolve/main/4.1.2/builds.json,ok
4.1.2,2026-04-19,as,末日幻影,all,全部,4.0.1,Militant Lupine,2026-03-16,2026-04-27,ruan-mei,Ruan Mei,阮•梅,,,15.42,1.58,3436,,,1.21,3188,498,hf_chars,4.1.2/builds.json,https://huggingface.co/datasets/LvlUrArti/MocDataProcessed/resolve/main/4.1.2/builds.json,ok
4.1.2,2026-04-19,as,末日幻影,all,全部,4.0.1,Militant Lupine,2026-03-16,2026-04-27,saber,Saber,Saber,,,0.83,0.15,3231,,,3.06,172,218,hf_chars,4.1.2/builds.json,https://huggingface.co/datasets/LvlUrArti/MocDataProcessed/resolve/main/4.1.2/builds.json,ok
4.1.2,2026-04-19,as,末日幻影,all,全部,4.0.1,Militant Lupine,2026-03-16,2026-04-27,sampo,Sampo,桑博,,,0.02,0.0,0,,,5.91,5,1,hf_chars,4.1.2/builds.json,https://huggingface.co/datasets/LvlUrArti/MocDataProcessed/resolve/main/4.1.2/builds.json,ok
4.1.2,2026-04-19,as,末日幻影,all,全部,4.0.1,Militant Lupine,2026-03-16,2026-04-27,seele,Seele,希儿,,,0.0,0.0,0,,,2.17,1,1,hf_chars,4.1.2/builds.json,https://huggingface.co/datasets/LvlUrArti/MocDataProcessed/resolve/main/4.1.2/builds.json,ok
4.1.2,2026-04-19,as,末日幻影,all,全部,4.0.1,Militant Lupine,2026-03-16,2026-04-27,serval,Serval,希露瓦,,,0.1,0.0,0,,,5.95,21,0,hf_chars,4.1.2/builds.json,https://huggingface.co/datasets/LvlUrArti/MocDataProcessed/resolve/main/4.1.2/builds.json,ok
4.1.2,2026-04-19,as,末日幻影,all,全部,4.0.1,Militant Lupine,2026-03-16,2026-04-27,silver-wolf,Silver Wolf,银狼,,,2.63,0.66,3441,,,0.95,544,184,hf_chars,4.1.2/builds.json,https://huggingface.co/datasets/LvlUrArti/MocDataProcessed/resolve/main/4.1.2/builds.json,ok
4.1.2,2026-04-19,as,末日幻影,all,全部,4.0.1,Militant Lupine,2026-03-16,2026-04-27,sparkle,Sparkle,花火,,,63.93,24.75,3587,,,0.76,13221,2637,hf_chars,4.1.2/builds.json,https://huggingface.co/datasets/LvlUrArti/MocDataProcessed/resolve/main/4.1.2/builds.json,ok
4.1.2,2026-04-19,as,末日幻影,all,全部,4.0.1,Militant Lupine,2026-03-16,2026-04-27,sparxie,Sparxie,火花,,,33.29,13.47,3701,,,0.24,6884,2813,hf_chars,4.1.2/builds.json,https://huggingface.co/datasets/LvlUrArti/MocDataProcessed/resolve/main/4.1.2/builds.json,ok
4.1.2,2026-04-19,as,末日幻影,all,全部,4.0.1,Militant Lupine,2026-03-16,2026-04-27,sunday,Sunday,星期日,,,14.69,4.11,3341,,,0.49,3038,1401,hf_chars,4.1.2/builds.json,https://huggingface.co/datasets/LvlUrArti/MocDataProcessed/resolve/main/4.1.2/builds.json,ok
4.1.2,2026-04-19,as,末日幻影,all,全部,4.0.1,Militant Lupine,2026-03-16,2026-04-27,sushang,Sushang,素裳,,,0.0,0.0,0,,,0.0,1,0,hf_chars,4.1.2/builds.json,https://huggingface.co/datasets/LvlUrArti/MocDataProcessed/resolve/main/4.1.2/builds.json,ok
4.1.2,2026-04-19,as,末日幻影,all,全部,4.0.1,Militant Lupine,2026-03-16,2026-04-27,the-dahlia,The Dahlia,大丽花,,,27.39,8.16,3511,,,0.39,5664,1633,hf_chars,4.1.2/builds.json,https://huggingface.co/datasets/LvlUrArti/MocDataProcessed/resolve/main/4.1.2/builds.json,ok
4.1.2,2026-04-19,as,末日幻影,all,全部,4.0.1,Militant Lupine,2026-03-16,2026-04-27,the-herta,The Herta,大黑塔,,,3.84,0.66,3110,,,1.14,794,518,hf_chars,4.1.2/builds.json,https://huggingface.co/datasets/LvlUrArti/MocDataProcessed/resolve/main/4.1.2/builds.json,ok
4.1.2,2026-04-19,as,末日幻影,all,全部,4.0.1,Militant Lupine,2026-03-16,2026-04-27,tingyun,Tingyun,停云,,,0.17,0.05,3351,,,5.93,35,0,hf_chars,4.1.2/builds.json,https://huggingface.co/datasets/LvlUrArti/MocDataProcessed/resolve/main/4.1.2/builds.json,ok
4.1.2,2026-04-19,as,末日幻影,all,全部,4.0.1,Militant Lupine,2026-03-16,2026-04-27,tingyun-fugue,Fugue,忘归人,,,24.05,6.73,3526,,,0.62,4974,1109,hf_chars,4.1.2/builds.json,https://huggingface.co/datasets/LvlUrArti/MocDataProcessed/resolve/main/4.1.2/builds.json,ok
4.1.2,2026-04-19,as,末日幻影,all,全部,4.0.1,Militant Lupine,2026-03-16,2026-04-27,topaz,Topaz & Numby,托帕&账账,,,0.01,0.0,0,,,1.92,3,9,hf_chars,4.1.2/builds.json,https://huggingface.co/datasets/LvlUrArti/MocDataProcessed/resolve/main/4.1.2/builds.json,ok
4.1.2,2026-04-19,as,末日幻影,all,全部,4.0.1,Militant Lupine,2026-03-16,2026-04-27,trailblazer-destruction,Trailblazer - The Destruction,开拓者 - 毁灭,,,0.0,0.0,0,,,0.0,0,0,hf_chars,4.1.2/builds.json,https://huggingface.co/datasets/LvlUrArti/MocDataProcessed/resolve/main/4.1.2/builds.json,ok
4.1.2,2026-04-19,as,末日幻影,all,全部,4.0.1,Militant Lupine,2026-03-16,2026-04-27,trailblazer-harmony,Trailblazer - The Harmony,开拓者 - 同谐,,,6.34,1.77,3467,,,5.92,1312,77,hf_chars,4.1.2/builds.json,https://huggingface.co/datasets/LvlUrArti/MocDataProcessed/resolve/main/4.1.2/builds.json,ok
4.1.2,2026-04-19,as,末日幻影,all,全部,4.0.1,Militant Lupine,2026-03-16,2026-04-27,trailblazer-preservation,Trailblazer - The Preservation,开拓者 - 存护,,,0.0,0.0,0,,,6.0,0,0,hf_chars,4.1.2/builds.json,https://huggingface.co/datasets/LvlUrArti/MocDataProcessed/resolve/main/4.1.2/builds.json,ok
4.1.2,2026-04-19,as,末日幻影,all,全部,4.0.1,Militant Lupine,2026-03-16,2026-04-27,trailblazer-remembrance,Trailblazer - Remembrance,开拓者•记忆,,,16.28,6.29,3422,,,5.96,3367,357,hf_chars,4.1.2/builds.json,https://huggingface.co/datasets/LvlUrArti/MocDataProcessed/resolve/main/4.1.2/builds.json,ok
4.1.2,2026-04-19,as,末日幻影,all,全部,4.0.1,Militant Lupine,2026-03-16,2026-04-27,tribbie,Tribbie,缇宝,,,26.36,6.44,3408,,,0.67,5451,2025,hf_chars,4.1.2/builds.json,https://huggingface.co/datasets/LvlUrArti/MocDataProcessed/resolve/main/4.1.2/builds.json,ok
4.1.2,2026-04-19,as,末日幻影,all,全部,4.0.1,Militant Lupine,2026-03-16,2026-04-27,welt,Welt,瓦尔特,,,0.01,0.0,0,,,4.5,2,1,hf_chars,4.1.2/builds.json,https://huggingface.co/datasets/LvlUrArti/MocDataProcessed/resolve/main/4.1.2/builds.json,ok
4.1.2,2026-04-19,as,末日幻影,all,全部,4.0.1,Militant Lupine,2026-03-16,2026-04-27,xueyi,Xueyi,雪衣,,,0.04,0.0,0,,,6.0,8,4,hf_chars,4.1.2/builds.json,https://huggingface.co/datasets/LvlUrArti/MocDataProcessed/resolve/main/4.1.2/builds.json,ok
4.1.2,2026-04-19,as,末日幻影,all,全部,4.0.1,Militant Lupine,2026-03-16,2026-04-27,yanqing,Yanqing,彦卿,,,0.0,0.0,0,,,3.2,0,0,hf_chars,4.1.2/builds.json,https://huggingface.co/datasets/LvlUrArti/MocDataProcessed/resolve/main/4.1.2/builds.json,ok
4.1.2,2026-04-19,as,末日幻影,all,全部,4.0.1,Militant Lupine,2026-03-16,2026-04-27,yao-guang,Yao Guang,爻光,,,40.1,17.73,3657,,,0.19,8292,2952,hf_chars,4.1.2/builds.json,https://huggingface.co/datasets/LvlUrArti/MocDataProcessed/resolve/main/4.1.2/builds.json,ok
4.1.2,2026-04-19,as,末日幻影,all,全部,4.0.1,Militant Lupine,2026-03-16,2026-04-27,yukong,Yukong,驭空,,,0.0,0.0,0,,,0.0,1,0,hf_chars,4.1.2/builds.json,https://huggingface.co/datasets/LvlUrArti/MocDataProcessed/resolve/main/4.1.2/builds.json,ok
4.1.2,2026-04-19,as,末日幻影,all,全部,4.0.1,Militant Lupine,2026-03-16,2026-04-27,yunli,Yunli,云璃,,,0.03,0.0,0,,,1.06,6,5,hf_chars,4.1.2/builds.json,https://huggingface.co/datasets/LvlUrArti/MocDataProcessed/resolve/main/4.1.2/builds.json,ok
4.2.3,2026-05-29,as,末日幻影,all,全部,4.2.1,Idol of the Locusts,2026-04-27,2026-06-08,acheron,Acheron,黄泉,,,0.16,0.0,0,,,3.44,33,79,hf_chars,4.2.3/builds.json,https://huggingface.co/datasets/LvlUrArti/MocDataProcessed/resolve/main/4.2.3/builds.json,ok
4.2.3,2026-05-29,as,末日幻影,all,全部,4.2.1,Idol of the Locusts,2026-04-27,2026-06-08,aglaea,Aglaea,阿格莱雅,,,0.2,0.0,0,,,2.0,41,54,hf_chars,4.2.3/builds.json,https://huggingface.co/datasets/LvlUrArti/MocDataProcessed/resolve/main/4.2.3/builds.json,ok
4.2.3,2026-05-29,as,末日幻影,all,全部,4.2.1,Idol of the Locusts,2026-04-27,2026-06-08,anaxa,Anaxa,那刻夏,S-DPS,,4.68,1.07,3148,,,0.28,970,0,hf_chars,4.2.3/builds.json,https://huggingface.co/datasets/LvlUrArti/MocDataProcessed/resolve/main/4.2.3/builds.json,ok
4.2.3,2026-05-29,as,末日幻影,all,全部,4.2.1,Idol of the Locusts,2026-04-27,2026-06-08,archer,Archer,Archer,,,2.97,0.28,3300,,,1.01,616,368,hf_chars,4.2.3/builds.json,https://huggingface.co/datasets/LvlUrArti/MocDataProcessed/resolve/main/4.2.3/builds.json,ok
4.2.3,2026-05-29,as,末日幻影,all,全部,4.2.1,Idol of the Locusts,2026-04-27,2026-06-08,argenti,Argenti,银枝,S-DPS,,0.14,0.04,0,,,0.24,30,0,hf_chars,4.2.3/builds.json,https://huggingface.co/datasets/LvlUrArti/MocDataProcessed/resolve/main/4.2.3/builds.json,ok
4.2.3,2026-05-29,as,末日幻影,all,全部,4.2.1,Idol of the Locusts,2026-04-27,2026-06-08,arlan,Arlan,阿兰,,,0.0,0.0,0,,,6.0,0,0,hf_chars,4.2.3/builds.json,https://huggingface.co/datasets/LvlUrArti/MocDataProcessed/resolve/main/4.2.3/builds.json,ok
4.2.3,2026-05-29,as,末日幻影,all,全部,4.2.1,Idol of the Locusts,2026-04-27,2026-06-08,ashveil,Ashveil,不死途,S-DPS,,0.24,0.04,0,,,0.62,49,0,hf_chars,4.2.3/builds.json,https://huggingface.co/datasets/LvlUrArti/MocDataProcessed/resolve/main/4.2.3/builds.json,ok
4.2.3,2026-05-29,as,末日幻影,all,全部,4.2.1,Idol of the Locusts,2026-04-27,2026-06-08,asta,Asta,艾丝妲,,,0.86,0.28,3420,,,5.93,179,3,hf_chars,4.2.3/builds.json,https://huggingface.co/datasets/LvlUrArti/MocDataProcessed/resolve/main/4.2.3/builds.json,ok
4.2.3,2026-05-29,as,末日幻影,all,全部,4.2.1,Idol of the Locusts,2026-04-27,2026-06-08,aventurine,Aventurine,砂金,,,1.97,0.55,3531,,,0.72,409,157,hf_chars,4.2.3/builds.json,https://huggingface.co/datasets/LvlUrArti/MocDataProcessed/resolve/main/4.2.3/builds.json,ok
4.2.3,2026-05-29,as,末日幻影,all,全部,4.2.1,Idol of the Locusts,2026-04-27,2026-06-08,bailu,Bailu,白露,,,0.09,0.04,0,,,2.39,18,1,hf_chars,4.2.3/builds.json,https://huggingface.co/datasets/LvlUrArti/MocDataProcessed/resolve/main/4.2.3/builds.json,ok
4.2.3,2026-05-29,as,末日幻影,all,全部,4.2.1,Idol of the Locusts,2026-04-27,2026-06-08,black-swan,Black Swan,黑天鹅,,,15.79,4.56,3541,,,0.49,3271,1237,hf_chars,4.2.3/builds.json,https://huggingface.co/datasets/LvlUrArti/MocDataProcessed/resolve/main/4.2.3/builds.json,ok
4.2.3,2026-05-29,as,末日幻影,all,全部,4.2.1,Idol of the Locusts,2026-04-27,2026-06-08,blade,Blade,刃,S-DPS,,0.02,0.0,0,,,1.76,5,0,hf_chars,4.2.3/builds.json,https://huggingface.co/datasets/LvlUrArti/MocDataProcessed/resolve/main/4.2.3/builds.json,ok
4.2.3,2026-05-29,as,末日幻影,all,全部,4.2.1,Idol of the Locusts,2026-04-27,2026-06-08,boothill,Boothill,波提欧,,,0.38,0.04,0,,,1.79,79,80,hf_chars,4.2.3/builds.json,https://huggingface.co/datasets/LvlUrArti/MocDataProcessed/resolve/main/4.2.3/builds.json,ok
4.2.3,2026-05-29,as,末日幻影,all,全部,4.2.1,Idol of the Locusts,2026-04-27,2026-06-08,bronya,Bronya,布洛妮娅,,,0.81,0.0,0,,,3.11,167,29,hf_chars,4.2.3/builds.json,https://huggingface.co/datasets/LvlUrArti/MocDataProcessed/resolve/main/4.2.3/builds.json,ok
4.2.3,2026-05-29,as,末日幻影,all,全部,4.2.1,Idol of the Locusts,2026-04-27,2026-06-08,castorice,Castorice,遐蝶,,,53.07,23.02,3454,,,0.88,10994,6984,hf_chars,4.2.3/builds.json,https://huggingface.co/datasets/LvlUrArti/MocDataProcessed/resolve/main/4.2.3/builds.json,ok
4.2.3,2026-05-29,as,末日幻影,all,全部,4.2.1,Idol of the Locusts,2026-04-27,2026-06-08,cerydra,Cerydra,刻律德菈,,,7.15,0.43,3193,,,0.53,1482,657,hf_chars,4.2.3/builds.json,https://huggingface.co/datasets/LvlUrArti/MocDataProcessed/resolve/main/4.2.3/builds.json,ok
4.2.3,2026-05-29,as,末日幻影,all,全部,4.2.1,Idol of the Locusts,2026-04-27,2026-06-08,cipher,Cipher,赛飞儿,,,0.75,0.14,3337,,,0.72,156,132,hf_chars,4.2.3/builds.json,https://huggingface.co/datasets/LvlUrArti/MocDataProcessed/resolve/main/4.2.3/builds.json,ok
4.2.3,2026-05-29,as,末日幻影,all,全部,4.2.1,Idol of the Locusts,2026-04-27,2026-06-08,clara,Clara,克拉拉,,,0.0,0.0,0,,,4.9,1,1,hf_chars,4.2.3/builds.json,https://huggingface.co/datasets/LvlUrArti/MocDataProcessed/resolve/main/4.2.3/builds.json,ok
4.2.3,2026-05-29,as,末日幻影,all,全部,4.2.1,Idol of the Locusts,2026-04-27,2026-06-08,cyrene,Cyrene,昔涟,,,49.1,20.49,3499,,,0.74,10172,5531,hf_chars,4.2.3/builds.json,https://huggingface.co/datasets/LvlUrArti/MocDataProcessed/resolve/main/4.2.3/builds.json,ok
4.2.3,2026-05-29,as,末日幻影,all,全部,4.2.1,Idol of the Locusts,2026-04-27,2026-06-08,dan-heng,Dan Heng,丹恒,,,0.0,0.0,0,,,0.0,1,1,hf_chars,4.2.3/builds.json,https://huggingface.co/datasets/LvlUrArti/MocDataProcessed/resolve/main/4.2.3/builds.json,ok
4.2.3,2026-05-29,as,末日幻影,all,全部,4.2.1,Idol of the Locusts,2026-04-27,2026-06-08,dan-heng-permansor-terrae,Dan Heng • Permansor Terrae,丹恒•腾荒,,,38.17,14.38,3543,,,0.19,7907,1350,hf_chars,4.2.3/builds.json,https://huggingface.co/datasets/LvlUrArti/MocDataProcessed/resolve/main/4.2.3/builds.json,ok
4.2.3,2026-05-29,as,末日幻影,all,全部,4.2.1,Idol of the Locusts,2026-04-27,2026-06-08,dr-ratio,Dr. Ratio,真理医生,,,0.0,0.0,0,,,3.5,1,4,hf_chars,4.2.3/builds.json,https://huggingface.co/datasets/LvlUrArti/MocDataProcessed/resolve/main/4.2.3/builds.json,ok
4.2.3,2026-05-29,as,末日幻影,all,全部,4.2.1,Idol of the Locusts,2026-04-27,2026-06-08,evanescia,Evanescia,绯英,,,6.15,1.29,3571,,,1.01,1274,950,hf_chars,4.2.3/builds.json,https://huggingface.co/datasets/LvlUrArti/MocDataProcessed/resolve/main/4.2.3/builds.json,ok
4.2.3,2026-05-29,as,末日幻影,all,全部,4.2.1,Idol of the Locusts,2026-04-27,2026-06-08,feixiao,Feixiao,飞霄,,,0.09,0.0,0,,,2.03,18,26,hf_chars,4.2.3/builds.json,https://huggingface.co/datasets/LvlUrArti/MocDataProcessed/resolve/main/4.2.3/builds.json,ok
4.2.3,2026-05-29,as,末日幻影,all,全部,4.2.1,Idol of the Locusts,2026-04-27,2026-06-08,firefly,Firefly,流萤,,,22.1,4.94,3535,,,1.51,4579,2794,hf_chars,4.2.3/builds.json,https://huggingface.co/datasets/LvlUrArti/MocDataProcessed/resolve/main/4.2.3/builds.json,ok
4.2.3,2026-05-29,as,末日幻影,all,全部,4.2.1,Idol of the Locusts,2026-04-27,2026-06-08,fu-xuan,Fu Xuan,符玄,,,1.47,0.21,3592,,,1.45,304,67,hf_chars,4.2.3/builds.json,https://huggingface.co/datasets/LvlUrArti/MocDataProcessed/resolve/main/4.2.3/builds.json,ok
4.2.3,2026-05-29,as,末日幻影,all,全部,4.2.1,Idol of the Locusts,2026-04-27,2026-06-08,gallagher,Gallagher,加拉赫,,,4.2,1.63,3472,,,5.98,871,11,hf_chars,4.2.3/builds.json,https://huggingface.co/datasets/LvlUrArti/MocDataProcessed/resolve/main/4.2.3/builds.json,ok
4.2.3,2026-05-29,as,末日幻影,all,全部,4.2.1,Idol of the Locusts,2026-04-27,2026-06-08,gepard,Gepard,杰帕德,,,0.0,0.0,0,,,2.37,0,0,hf_chars,4.2.3/builds.json,https://huggingface.co/datasets/LvlUrArti/MocDataProcessed/resolve/main/4.2.3/builds.json,ok
4.2.3,2026-05-29,as,末日幻影,all,全部,4.2.1,Idol of the Locusts,2026-04-27,2026-06-08,guinaifen,Guinaifen,桂乃芬,,,0.01,0.0,0,,,6.0,2,1,hf_chars,4.2.3/builds.json,https://huggingface.co/datasets/LvlUrArti/MocDataProcessed/resolve/main/4.2.3/builds.json,ok
4.2.3,2026-05-29,as,末日幻影,all,全部,4.2.1,Idol of the Locusts,2026-04-27,2026-06-08,hanya,Hanya,寒鸦,,,0.0,0.0,0,,,0.0,1,0,hf_chars,4.2.3/builds.json,https://huggingface.co/datasets/LvlUrArti/MocDataProcessed/resolve/main/4.2.3/builds.json,ok
4.2.3,2026-05-29,as,末日幻影,all,全部,4.2.1,Idol of the Locusts,2026-04-27,2026-06-08,herta,Herta,黑塔,,,1.07,0.13,3029,,,6.0,221,15,hf_chars,4.2.3/builds.json,https://huggingface.co/datasets/LvlUrArti/MocDataProcessed/resolve/main/4.2.3/builds.json,ok
4.2.3,2026-05-29,as,末日幻影,all,全部,4.2.1,Idol of the Locusts,2026-04-27,2026-06-08,himeko,Himeko,姬子,,,0.04,0.0,0,,,3.01,8,4,hf_chars,4.2.3/builds.json,https://huggingface.co/datasets/LvlUrArti/MocDataProcessed/resolve/main/4.2.3/builds.json,ok
4.2.3,2026-05-29,as,末日幻影,all,全部,4.2.1,Idol of the Locusts,2026-04-27,2026-06-08,hook,Hook,虎克,,,0.0,0.0,0,,,0.0,0,1,hf_chars,4.2.3/builds.json,https://huggingface.co/datasets/LvlUrArti/MocDataProcessed/resolve/main/4.2.3/builds.json,ok
4.2.3,2026-05-29,as,末日幻影,all,全部,4.2.1,Idol of the Locusts,2026-04-27,2026-06-08,huohuo,Huohuo,藿藿,,,40.13,12.34,3599,,,0.61,8313,816,hf_chars,4.2.3/builds.json,https://huggingface.co/datasets/LvlUrArti/MocDataProcessed/resolve/main/4.2.3/builds.json,ok
4.2.3,2026-05-29,as,末日幻影,all,全部,4.2.1,Idol of the Locusts,2026-04-27,2026-06-08,hyacine,Hyacine,风堇,,,60.53,25.73,3453,,,0.35,12538,5062,hf_chars,4.2.3/builds.json,https://huggingface.co/datasets/LvlUrArti/MocDataProcessed/resolve/main/4.2.3/builds.json,ok
4.2.3,2026-05-29,as,末日幻影,all,全部,4.2.1,Idol of the Locusts,2026-04-27,2026-06-08,hysilens,Hysilens,海瑟音,,,17.68,5.17,3534,,,0.59,3663,1920,hf_chars,4.2.3/builds.json,https://huggingface.co/datasets/LvlUrArti/MocDataProcessed/resolve/main/4.2.3/builds.json,ok
4.2.3,2026-05-29,as,末日幻影,all,全部,4.2.1,Idol of the Locusts,2026-04-27,2026-06-08,imbibitor-lunae,Dan Heng • Imbibitor Lunae,丹恒•饮月,,,0.03,0.0,0,,,3.53,6,22,hf_chars,4.2.3/builds.json,https://huggingface.co/datasets/LvlUrArti/MocDataProcessed/resolve/main/4.2.3/builds.json,ok
4.2.3,2026-05-29,as,末日幻影,all,全部,4.2.1,Idol of the Locusts,2026-04-27,2026-06-08,jade,Jade,翡翠,,,1.32,0.3,3167,,,0.46,273,87,hf_chars,4.2.3/builds.json,https://huggingface.co/datasets/LvlUrArti/MocDataProcessed/resolve/main/4.2.3/builds.json,ok
4.2.3,2026-05-29,as,末日幻影,all,全部,4.2.1,Idol of the Locusts,2026-04-27,2026-06-08,jiaoqiu,Jiaoqiu,椒丘,,,0.16,0.0,0,,,1.23,34,34,hf_chars,4.2.3/builds.json,https://huggingface.co/datasets/LvlUrArti/MocDataProcessed/resolve/main/4.2.3/builds.json,ok
4.2.3,2026-05-29,as,末日幻影,all,全部,4.2.1,Idol of the Locusts,2026-04-27,2026-06-08,jing-yuan,Jing Yuan,景元,,,0.02,0.0,0,,,2.28,4,10,hf_chars,4.2.3/builds.json,https://huggingface.co/datasets/LvlUrArti/MocDataProcessed/resolve/main/4.2.3/builds.json,ok
4.2.3,2026-05-29,as,末日幻影,all,全部,4.2.1,Idol of the Locusts,2026-04-27,2026-06-08,jingliu,Jingliu,镜流,,,0.02,0.0,0,,,3.4,4,9,hf_chars,4.2.3/builds.json,https://huggingface.co/datasets/LvlUrArti/MocDataProcessed/resolve/main/4.2.3/builds.json,ok
4.2.3,2026-05-29,as,末日幻影,all,全部,4.2.1,Idol of the Locusts,2026-04-27,2026-06-08,kafka,Kafka,卡芙卡,,,17.74,5.16,3534,,,0.93,3675,1828,hf_chars,4.2.3/builds.json,https://huggingface.co/datasets/LvlUrArti/MocDataProcessed/resolve/main/4.2.3/builds.json,ok
4.2.3,2026-05-29,as,末日幻影,all,全部,4.2.1,Idol of the Locusts,2026-04-27,2026-06-08,lingsha,Lingsha,灵砂,,,9.17,2.71,3531,,,0.27,1900,342,hf_chars,4.2.3/builds.json,https://huggingface.co/datasets/LvlUrArti/MocDataProcessed/resolve/main/4.2.3/builds.json,ok
4.2.3,2026-05-29,as,末日幻影,all,全部,4.2.1,Idol of the Locusts,2026-04-27,2026-06-08,luka,Luka,卢卡,,,0.0,0.0,0,,,6.0,1,2,hf_chars,4.2.3/builds.json,https://huggingface.co/datasets/LvlUrArti/MocDataProcessed/resolve/main/4.2.3/builds.json,ok
4.2.3,2026-05-29,as,末日幻影,all,全部,4.2.1,Idol of the Locusts,2026-04-27,2026-06-08,luocha,Luocha,罗刹,,,0.95,0.28,3369,,,0.4,196,27,hf_chars,4.2.3/builds.json,https://huggingface.co/datasets/LvlUrArti/MocDataProcessed/resolve/main/4.2.3/builds.json,ok
4.2.3,2026-05-29,as,末日幻影,all,全部,4.2.1,Idol of the Locusts,2026-04-27,2026-06-08,lynx,Lynx,玲可,,,0.01,0.0,0,,,0.0,2,0,hf_chars,4.2.3/builds.json,https://huggingface.co/datasets/LvlUrArti/MocDataProcessed/resolve/main/4.2.3/builds.json,ok
4.2.3,2026-05-29,as,末日幻影,all,全部,4.2.1,Idol of the Locusts,2026-04-27,2026-06-08,march-7th,March 7th,三月七 - 存护,,,0.0,0.0,0,,,0.0,1,0,hf_chars,4.2.3/builds.json,https://huggingface.co/datasets/LvlUrArti/MocDataProcessed/resolve/main/4.2.3/builds.json,ok
4.2.3,2026-05-29,as,末日幻影,all,全部,4.2.1,Idol of the Locusts,2026-04-27,2026-06-08,march-7th-evernight,Evernight,长夜月,S-DPS,,46.87,20.51,3479,,,0.49,9709,0,hf_chars,4.2.3/builds.json,https://huggingface.co/datasets/LvlUrArti/MocDataProcessed/resolve/main/4.2.3/builds.json,ok
4.2.3,2026-05-29,as,末日幻影,all,全部,4.2.1,Idol of the Locusts,2026-04-27,2026-06-08,march-7th-swordmaster,March 7th: The Hunt,三月七•巡猎,,,0.0,0.0,0,,,0.0,1,1,hf_chars,4.2.3/builds.json,https://huggingface.co/datasets/LvlUrArti/MocDataProcessed/resolve/main/4.2.3/builds.json,ok
4.2.3,2026-05-29,as,末日幻影,all,全部,4.2.1,Idol of the Locusts,2026-04-27,2026-06-08,misha,Misha,米沙,,,0.0,0.0,0,,,0.0,0,0,hf_chars,4.2.3/builds.json,https://huggingface.co/datasets/LvlUrArti/MocDataProcessed/resolve/main/4.2.3/builds.json,ok
4.2.3,2026-05-29,as,末日幻影,all,全部,4.2.1,Idol of the Locusts,2026-04-27,2026-06-08,moze,Moze,貊泽,,,0.0,0.0,0,,,6.0,0,0,hf_chars,4.2.3/builds.json,https://huggingface.co/datasets/LvlUrArti/MocDataProcessed/resolve/main/4.2.3/builds.json,ok
4.2.3,2026-05-29,as,末日幻影,all,全部,4.2.1,Idol of the Locusts,2026-04-27,2026-06-08,mydei,Mydei,万敌,,,1.3,0.35,3336,,,1.97,270,279,hf_chars,4.2.3/builds.json,https://huggingface.co/datasets/LvlUrArti/MocDataProcessed/resolve/main/4.2.3/builds.json,ok
4.2.3,2026-05-29,as,末日幻影,all,全部,4.2.1,Idol of the Locusts,2026-04-27,2026-06-08,natasha,Natasha,娜塔莎,,,0.01,0.0,0,,,6.0,2,0,hf_chars,4.2.3/builds.json,https://huggingface.co/datasets/LvlUrArti/MocDataProcessed/resolve/main/4.2.3/builds.json,ok
4.2.3,2026-05-29,as,末日幻影,all,全部,4.2.1,Idol of the Locusts,2026-04-27,2026-06-08,pela,Pela,佩拉,,,0.01,0.0,0,,,0.0,2,0,hf_chars,4.2.3/builds.json,https://huggingface.co/datasets/LvlUrArti/MocDataProcessed/resolve/main/4.2.3/builds.json,ok
4.2.3,2026-05-29,as,末日幻影,all,全部,4.2.1,Idol of the Locusts,2026-04-27,2026-06-08,phainon,Phainon,白厄,,,6.56,0.17,3107,,,1.96,1358,1546,hf_chars,4.2.3/builds.json,https://huggingface.co/datasets/LvlUrArti/MocDataProcessed/resolve/main/4.2.3/builds.json,ok
4.2.3,2026-05-29,as,末日幻影,all,全部,4.2.1,Idol of the Locusts,2026-04-27,2026-06-08,qingque,Qingque,青雀,,,0.02,0.0,0,,,6.0,5,9,hf_chars,4.2.3/builds.json,https://huggingface.co/datasets/LvlUrArti/MocDataProcessed/resolve/main/4.2.3/builds.json,ok
4.2.3,2026-05-29,as,末日幻影,all,全部,4.2.1,Idol of the Locusts,2026-04-27,2026-06-08,rappa,Rappa,乱破,,,0.92,0.2,3282,,,0.97,191,111,hf_chars,4.2.3/builds.json,https://huggingface.co/datasets/LvlUrArti/MocDataProcessed/resolve/main/4.2.3/builds.json,ok
4.2.3,2026-05-29,as,末日幻影,all,全部,4.2.1,Idol of the Locusts,2026-04-27,2026-06-08,robin,Robin,知更鸟,,,1.83,0.06,3182,,,1.59,380,218,hf_chars,4.2.3/builds.json,https://huggingface.co/datasets/LvlUrArti/MocDataProcessed/resolve/main/4.2.3/builds.json,ok
4.2.3,2026-05-29,as,末日幻影,all,全部,4.2.1,Idol of the Locusts,2026-04-27,2026-06-08,ruan-mei,Ruan Mei,阮•梅,,,11.19,0.91,3519,,,1.24,2318,409,hf_chars,4.2.3/builds.json,https://huggingface.co/datasets/LvlUrArti/MocDataProcessed/resolve/main/4.2.3/builds.json,ok
4.2.3,2026-05-29,as,末日幻影,all,全部,4.2.1,Idol of the Locusts,2026-04-27,2026-06-08,saber,Saber,Saber,,,0.02,0.0,0,,,4.17,4,83,hf_chars,4.2.3/builds.json,https://huggingface.co/datasets/LvlUrArti/MocDataProcessed/resolve/main/4.2.3/builds.json,ok
4.2.3,2026-05-29,as,末日幻影,all,全部,4.2.1,Idol of the Locusts,2026-04-27,2026-06-08,sampo,Sampo,桑博,,,0.01,0.0,0,,,0.0,2,0,hf_chars,4.2.3/builds.json,https://huggingface.co/datasets/LvlUrArti/MocDataProcessed/resolve/main/4.2.3/builds.json,ok
4.2.3,2026-05-29,as,末日幻影,all,全部,4.2.1,Idol of the Locusts,2026-04-27,2026-06-08,seele,Seele,希儿,,,0.41,0.02,0,,,1.57,84,62,hf_chars,4.2.3/builds.json,https://huggingface.co/datasets/LvlUrArti/MocDataProcessed/resolve/main/4.2.3/builds.json,ok
4.2.3,2026-05-29,as,末日幻影,all,全部,4.2.1,Idol of the Locusts,2026-04-27,2026-06-08,serval,Serval,希露瓦,,,0.11,0.01,0,,,5.97,22,0,hf_chars,4.2.3/builds.json,https://huggingface.co/datasets/LvlUrArti/MocDataProcessed/resolve/main/4.2.3/builds.json,ok
4.2.3,2026-05-29,as,末日幻影,all,全部,4.2.1,Idol of the Locusts,2026-04-27,2026-06-08,silver-wolf,Silver Wolf,银狼,,,0.48,0.06,3191,,,1.26,99,53,hf_chars,4.2.3/builds.json,https://huggingface.co/datasets/LvlUrArti/MocDataProcessed/resolve/main/4.2.3/builds.json,ok
4.2.3,2026-05-29,as,末日幻影,all,全部,4.2.1,Idol of the Locusts,2026-04-27,2026-06-08,silver-wolf-lv-999,Silver Wolf LV.999,银狼LV.999,,,49.17,19.87,3612,,,0.83,10185,6257,hf_chars,4.2.3/builds.json,https://huggingface.co/datasets/LvlUrArti/MocDataProcessed/resolve/main/4.2.3/builds.json,ok
4.2.3,2026-05-29,as,末日幻影,all,全部,4.2.1,Idol of the Locusts,2026-04-27,2026-06-08,sparkle,Sparkle,花火,,,12.71,2.39,3459,,,0.99,2632,1004,hf_chars,4.2.3/builds.json,https://huggingface.co/datasets/LvlUrArti/MocDataProcessed/resolve/main/4.2.3/builds.json,ok
4.2.3,2026-05-29,as,末日幻影,all,全部,4.2.1,Idol of the Locusts,2026-04-27,2026-06-08,sparxie,Sparxie,火花,S-DPS,,36.05,14.13,3654,,,0.19,7468,0,hf_chars,4.2.3/builds.json,https://huggingface.co/datasets/LvlUrArti/MocDataProcessed/resolve/main/4.2.3/builds.json,ok
4.2.3,2026-05-29,as,末日幻影,all,全部,4.2.1,Idol of the Locusts,2026-04-27,2026-06-08,sunday,Sunday,星期日,,,6.7,0.47,3208,,,0.62,1388,958,hf_chars,4.2.3/builds.json,https://huggingface.co/datasets/LvlUrArti/MocDataProcessed/resolve/main/4.2.3/builds.json,ok
4.2.3,2026-05-29,as,末日幻影,all,全部,4.2.1,Idol of the Locusts,2026-04-27,2026-06-08,sushang,Sushang,素裳,,,0.0,0.0,0,,,6.0,0,0,hf_chars,4.2.3/builds.json,https://huggingface.co/datasets/LvlUrArti/MocDataProcessed/resolve/main/4.2.3/builds.json,ok
4.2.3,2026-05-29,as,末日幻影,all,全部,4.2.1,Idol of the Locusts,2026-04-27,2026-06-08,the-dahlia,The Dahlia,大丽花,,,23.85,5.26,3528,,,0.44,4941,1608,hf_chars,4.2.3/builds.json,https://huggingface.co/datasets/LvlUrArti/MocDataProcessed/resolve/main/4.2.3/builds.json,ok
4.2.3,2026-05-29,as,末日幻影,all,全部,4.2.1,Idol of the Locusts,2026-04-27,2026-06-08,the-herta,The Herta,大黑塔,,,7.11,1.55,3138,,,1.18,1472,901,hf_chars,4.2.3/builds.json,https://huggingface.co/datasets/LvlUrArti/MocDataProcessed/resolve/main/4.2.3/builds.json,ok
4.2.3,2026-05-29,as,末日幻影,all,全部,4.2.1,Idol of the Locusts,2026-04-27,2026-06-08,tingyun,Tingyun,停云,,,0.11,0.0,0,,,5.94,22,0,hf_chars,4.2.3/builds.json,https://huggingface.co/datasets/LvlUrArti/MocDataProcessed/resolve/main/4.2.3/builds.json,ok
4.2.3,2026-05-29,as,末日幻影,all,全部,4.2.1,Idol of the Locusts,2026-04-27,2026-06-08,tingyun-fugue,Fugue,忘归人,,,19.22,4.07,3541,,,0.53,3982,1028,hf_chars,4.2.3/builds.json,https://huggingface.co/datasets/LvlUrArti/MocDataProcessed/resolve/main/4.2.3/builds.json,ok
4.2.3,2026-05-29,as,末日幻影,all,全部,4.2.1,Idol of the Locusts,2026-04-27,2026-06-08,topaz,Topaz & Numby,托帕&账账,,,0.0,0.0,0,,,2.87,0,0,hf_chars,4.2.3/builds.json,https://huggingface.co/datasets/LvlUrArti/MocDataProcessed/resolve/main/4.2.3/builds.json,ok
4.2.3,2026-05-29,as,末日幻影,all,全部,4.2.1,Idol of the Locusts,2026-04-27,2026-06-08,trailblazer-destruction,Trailblazer - The Destruction,开拓者 - 毁灭,,,0.0,0.0,0,,,0.0,0,0,hf_chars,4.2.3/builds.json,https://huggingface.co/datasets/LvlUrArti/MocDataProcessed/resolve/main/4.2.3/builds.json,ok
4.2.3,2026-05-29,as,末日幻影,all,全部,4.2.1,Idol of the Locusts,2026-04-27,2026-06-08,trailblazer-elation,Trailblazer: Elation,开拓者•欢愉,,,22.61,8.55,3510,,,4.54,4683,473,hf_chars,4.2.3/builds.json,https://huggingface.co/datasets/LvlUrArti/MocDataProcessed/resolve/main/4.2.3/builds.json,ok
4.2.3,2026-05-29,as,末日幻影,all,全部,4.2.1,Idol of the Locusts,2026-04-27,2026-06-08,trailblazer-harmony,Trailblazer - The Harmony,开拓者 - 同谐,,,7.63,1.63,3549,,,5.86,1580,83,hf_chars,4.2.3/builds.json,https://huggingface.co/datasets/LvlUrArti/MocDataProcessed/resolve/main/4.2.3/builds.json,ok
4.2.3,2026-05-29,as,末日幻影,all,全部,4.2.1,Idol of the Locusts,2026-04-27,2026-06-08,trailblazer-preservation,Trailblazer - The Preservation,开拓者 - 存护,,,0.0,0.0,0,,,0.0,0,0,hf_chars,4.2.3/builds.json,https://huggingface.co/datasets/LvlUrArti/MocDataProcessed/resolve/main/4.2.3/builds.json,ok
4.2.3,2026-05-29,as,末日幻影,all,全部,4.2.1,Idol of the Locusts,2026-04-27,2026-06-08,trailblazer-remembrance,Trailblazer - Remembrance,开拓者•记忆,,,12.2,4.63,3332,,,5.96,2528,173,hf_chars,4.2.3/builds.json,https://huggingface.co/datasets/LvlUrArti/MocDataProcessed/resolve/main/4.2.3/builds.json,ok
4.2.3,2026-05-29,as,末日幻影,all,全部,4.2.1,Idol of the Locusts,2026-04-27,2026-06-08,tribbie,Tribbie,缇宝,,,25.62,6.46,3323,,,0.72,5307,2032,hf_chars,4.2.3/builds.json,https://huggingface.co/datasets/LvlUrArti/MocDataProcessed/resolve/main/4.2.3/builds.json,ok
4.2.3,2026-05-29,as,末日幻影,all,全部,4.2.1,Idol of the Locusts,2026-04-27,2026-06-08,welt,Welt,瓦尔特,,,1.11,0.33,3331,,,3.98,229,84,hf_chars,4.2.3/builds.json,https://huggingface.co/datasets/LvlUrArti/MocDataProcessed/resolve/main/4.2.3/builds.json,ok
4.2.3,2026-05-29,as,末日幻影,all,全部,4.2.1,Idol of the Locusts,2026-04-27,2026-06-08,xueyi,Xueyi,雪衣,,,0.01,0.0,0,,,6.0,2,1,hf_chars,4.2.3/builds.json,https://huggingface.co/datasets/LvlUrArti/MocDataProcessed/resolve/main/4.2.3/builds.json,ok
4.2.3,2026-05-29,as,末日幻影,all,全部,4.2.1,Idol of the Locusts,2026-04-27,2026-06-08,yanqing,Yanqing,彦卿,,,0.0,0.0,0,,,0.0,0,1,hf_chars,4.2.3/builds.json,https://huggingface.co/datasets/LvlUrArti/MocDataProcessed/resolve/main/4.2.3/builds.json,ok
4.2.3,2026-05-29,as,末日幻影,all,全部,4.2.1,Idol of the Locusts,2026-04-27,2026-06-08,yao-guang,Yao Guang,爻光,,,51.01,20.44,3620,,,0.18,10567,4612,hf_chars,4.2.3/builds.json,https://huggingface.co/datasets/LvlUrArti/MocDataProcessed/resolve/main/4.2.3/builds.json,ok
4.2.3,2026-05-29,as,末日幻影,all,全部,4.2.1,Idol of the Locusts,2026-04-27,2026-06-08,yukong,Yukong,驭空,,,0.0,0.0,0,,,0.0,0,0,hf_chars,4.2.3/builds.json,https://huggingface.co/datasets/LvlUrArti/MocDataProcessed/resolve/main/4.2.3/builds.json,ok
4.2.3,2026-05-29,as,末日幻影,all,全部,4.2.1,Idol of the Locusts,2026-04-27,2026-06-08,yunli,Yunli,云璃,,,0.01,0.0,0,,,1.24,2,5,hf_chars,4.2.3/builds.json,https://huggingface.co/datasets/LvlUrArti/MocDataProcessed/resolve/main/4.2.3/builds.json,ok
4.3.2,2026-06-25,as,末日幻影,all,全部,4.3.1,Gale of Forgetting,2026-06-08,2026-07-20,acheron,Acheron,黄泉,,,14.7,3.25,3399,,,1.72,2503,1836,hf_chars,4.3.2/builds.json,https://huggingface.co/datasets/LvlUrArti/MocDataProcessed/resolve/main/4.3.2/builds.json,ok
4.3.2,2026-06-25,as,末日幻影,all,全部,4.3.1,Gale of Forgetting,2026-06-08,2026-07-20,aglaea,Aglaea,阿格莱雅,,,1.17,0.02,0,,,1.88,199,232,hf_chars,4.3.2/builds.json,https://huggingface.co/datasets/LvlUrArti/MocDataProcessed/resolve/main/4.3.2/builds.json,ok
4.3.2,2026-06-25,as,末日幻影,all,全部,4.3.1,Gale of Forgetting,2026-06-08,2026-07-20,anaxa,Anaxa,那刻夏,S-DPS,,2.46,0.16,3026,,,0.29,419,0,hf_chars,4.3.2/builds.json,https://huggingface.co/datasets/LvlUrArti/MocDataProcessed/resolve/main/4.3.2/builds.json,ok
4.3.2,2026-06-25,as,末日幻影,all,全部,4.3.1,Gale of Forgetting,2026-06-08,2026-07-20,archer,Archer,Archer,,,14.53,2.7,3359,,,0.88,2474,1047,hf_chars,4.3.2/builds.json,https://huggingface.co/datasets/LvlUrArti/MocDataProcessed/resolve/main/4.3.2/builds.json,ok
4.3.2,2026-06-25,as,末日幻影,all,全部,4.3.1,Gale of Forgetting,2026-06-08,2026-07-20,argenti,Argenti,银枝,S-DPS,,0.02,0.0,0,,,0.36,3,0,hf_chars,4.3.2/builds.json,https://huggingface.co/datasets/LvlUrArti/MocDataProcessed/resolve/main/4.3.2/builds.json,ok
4.3.2,2026-06-25,as,末日幻影,all,全部,4.3.1,Gale of Forgetting,2026-06-08,2026-07-20,arlan,Arlan,阿兰,,,0.0,0.0,0,,,6.0,0,0,hf_chars,4.3.2/builds.json,https://huggingface.co/datasets/LvlUrArti/MocDataProcessed/resolve/main/4.3.2/builds.json,ok
4.3.2,2026-06-25,as,末日幻影,all,全部,4.3.1,Gale of Forgetting,2026-06-08,2026-07-20,ashveil,Ashveil,不死途,S-DPS,,3.71,0.85,3594,,,0.36,632,0,hf_chars,4.3.2/builds.json,https://huggingface.co/datasets/LvlUrArti/MocDataProcessed/resolve/main/4.3.2/builds.json,ok
4.3.2,2026-06-25,as,末日幻影,all,全部,4.3.1,Gale of Forgetting,2026-06-08,2026-07-20,asta,Asta,艾丝妲,,,0.45,0.13,3408,,,5.97,77,4,hf_chars,4.3.2/builds.json,https://huggingface.co/datasets/LvlUrArti/MocDataProcessed/resolve/main/4.3.2/builds.json,ok
4.3.2,2026-06-25,as,末日幻影,all,全部,4.3.1,Gale of Forgetting,2026-06-08,2026-07-20,aventurine,Aventurine,砂金,,,7.47,2.1,3516,,,0.69,1272,461,hf_chars,4.3.2/builds.json,https://huggingface.co/datasets/LvlUrArti/MocDataProcessed/resolve/main/4.3.2/builds.json,ok
4.3.2,2026-06-25,as,末日幻影,all,全部,4.3.1,Gale of Forgetting,2026-06-08,2026-07-20,bailu,Bailu,白露,,,0.32,0.04,0,,,2.6,54,4,hf_chars,4.3.2/builds.json,https://huggingface.co/datasets/LvlUrArti/MocDataProcessed/resolve/main/4.3.2/builds.json,ok
4.3.2,2026-06-25,as,末日幻影,all,全部,4.3.1,Gale of Forgetting,2026-06-08,2026-07-20,black-swan,Black Swan,黑天鹅,,,21.35,4.81,3368,,,0.51,3635,1550,hf_chars,4.3.2/builds.json,https://huggingface.co/datasets/LvlUrArti/MocDataProcessed/resolve/main/4.3.2/builds.json,ok
4.3.2,2026-06-25,as,末日幻影,all,全部,4.3.1,Gale of Forgetting,2026-06-08,2026-07-20,blade,Blade,刃,S-DPS,,0.05,0.0,0,,,1.97,9,0,hf_chars,4.3.2/builds.json,https://huggingface.co/datasets/LvlUrArti/MocDataProcessed/resolve/main/4.3.2/builds.json,ok
4.3.2,2026-06-25,as,末日幻影,all,全部,4.3.1,Gale of Forgetting,2026-06-08,2026-07-20,blade-mortenax,Mortenax Blade,千冶•刃,,,29.78,7.74,3486,,,0.61,5070,3036,hf_chars,4.3.2/builds.json,https://huggingface.co/datasets/LvlUrArti/MocDataProcessed/resolve/main/4.3.2/builds.json,ok
4.3.2,2026-06-25,as,末日幻影,all,全部,4.3.1,Gale of Forgetting,2026-06-08,2026-07-20,boothill,Boothill,波提欧,,,0.99,0.19,3327,,,1.56,169,153,hf_chars,4.3.2/builds.json,https://huggingface.co/datasets/LvlUrArti/MocDataProcessed/resolve/main/4.3.2/builds.json,ok
4.3.2,2026-06-25,as,末日幻影,all,全部,4.3.1,Gale of Forgetting,2026-06-08,2026-07-20,bronya,Bronya,布洛妮娅,,,2.54,0.36,3208,,,3.28,433,45,hf_chars,4.3.2/builds.json,https://huggingface.co/datasets/LvlUrArti/MocDataProcessed/resolve/main/4.3.2/builds.json,ok
4.3.2,2026-06-25,as,末日幻影,all,全部,4.3.1,Gale of Forgetting,2026-06-08,2026-07-20,castorice,Castorice,遐蝶,,,55.85,22.57,3464,,,0.93,9506,7187,hf_chars,4.3.2/builds.json,https://huggingface.co/datasets/LvlUrArti/MocDataProcessed/resolve/main/4.3.2/builds.json,ok
4.3.2,2026-06-25,as,末日幻影,all,全部,4.3.1,Gale of Forgetting,2026-06-08,2026-07-20,cerydra,Cerydra,刻律德菈,,,19.35,4.42,3366,,,0.5,3294,1114,hf_chars,4.3.2/builds.json,https://huggingface.co/datasets/LvlUrArti/MocDataProcessed/resolve/main/4.3.2/builds.json,ok
4.3.2,2026-06-25,as,末日幻影,all,全部,4.3.1,Gale of Forgetting,2026-06-08,2026-07-20,cipher,Cipher,赛飞儿,,,4.1,1.2,3424,,,0.56,698,425,hf_chars,4.3.2/builds.json,https://huggingface.co/datasets/LvlUrArti/MocDataProcessed/resolve/main/4.3.2/builds.json,ok
4.3.2,2026-06-25,as,末日幻影,all,全部,4.3.1,Gale of Forgetting,2026-06-08,2026-07-20,clara,Clara,克拉拉,,,0.02,0.0,0,,,5.22,3,4,hf_chars,4.3.2/builds.json,https://huggingface.co/datasets/LvlUrArti/MocDataProcessed/resolve/main/4.3.2/builds.json,ok
4.3.2,2026-06-25,as,末日幻影,all,全部,4.3.1,Gale of Forgetting,2026-06-08,2026-07-20,cyrene,Cyrene,昔涟,,,55.03,21.71,3476,,,0.79,9368,5849,hf_chars,4.3.2/builds.json,https://huggingface.co/datasets/LvlUrArti/MocDataProcessed/resolve/main/4.3.2/builds.json,ok
4.3.2,2026-06-25,as,末日幻影,all,全部,4.3.1,Gale of Forgetting,2026-06-08,2026-07-20,dan-heng,Dan Heng,丹恒,,,0.01,0.0,0,,,6.0,1,1,hf_chars,4.3.2/builds.json,https://huggingface.co/datasets/LvlUrArti/MocDataProcessed/resolve/main/4.3.2/builds.json,ok
4.3.2,2026-06-25,as,末日幻影,all,全部,4.3.1,Gale of Forgetting,2026-06-08,2026-07-20,dan-heng-permansor-terrae,Dan Heng • Permansor Terrae,丹恒•腾荒,,,61.49,20.06,3448,,,0.19,10467,1847,hf_chars,4.3.2/builds.json,https://huggingface.co/datasets/LvlUrArti/MocDataProcessed/resolve/main/4.3.2/builds.json,ok
4.3.2,2026-06-25,as,末日幻影,all,全部,4.3.1,Gale of Forgetting,2026-06-08,2026-07-20,dr-ratio,Dr. Ratio,真理医生,,,0.02,0.01,0,,,3.45,3,13,hf_chars,4.3.2/builds.json,https://huggingface.co/datasets/LvlUrArti/MocDataProcessed/resolve/main/4.3.2/builds.json,ok
4.3.2,2026-06-25,as,末日幻影,all,全部,4.3.1,Gale of Forgetting,2026-06-08,2026-07-20,evanescia,Evanescia,绯英,,,20.03,5.09,3604,,,1.07,3410,2624,hf_chars,4.3.2/builds.json,https://huggingface.co/datasets/LvlUrArti/MocDataProcessed/resolve/main/4.3.2/builds.json,ok
4.3.2,2026-06-25,as,末日幻影,all,全部,4.3.1,Gale of Forgetting,2026-06-08,2026-07-20,feixiao,Feixiao,飞霄,,,2.69,0.39,3541,,,1.6,458,340,hf_chars,4.3.2/builds.json,https://huggingface.co/datasets/LvlUrArti/MocDataProcessed/resolve/main/4.3.2/builds.json,ok
4.3.2,2026-06-25,as,末日幻影,all,全部,4.3.1,Gale of Forgetting,2026-06-08,2026-07-20,firefly,Firefly,流萤,,,35.85,8.62,3451,,,1.55,6103,4234,hf_chars,4.3.2/builds.json,https://huggingface.co/datasets/LvlUrArti/MocDataProcessed/resolve/main/4.3.2/builds.json,ok
4.3.2,2026-06-25,as,末日幻影,all,全部,4.3.1,Gale of Forgetting,2026-06-08,2026-07-20,fu-xuan,Fu Xuan,符玄,,,2.91,0.31,3541,,,1.5,496,138,hf_chars,4.3.2/builds.json,https://huggingface.co/datasets/LvlUrArti/MocDataProcessed/resolve/main/4.3.2/builds.json,ok
4.3.2,2026-06-25,as,末日幻影,all,全部,4.3.1,Gale of Forgetting,2026-06-08,2026-07-20,gallagher,Gallagher,加拉赫,,,12.88,4.28,3407,,,5.96,2192,35,hf_chars,4.3.2/builds.json,https://huggingface.co/datasets/LvlUrArti/MocDataProcessed/resolve/main/4.3.2/builds.json,ok
4.3.2,2026-06-25,as,末日幻影,all,全部,4.3.1,Gale of Forgetting,2026-06-08,2026-07-20,gepard,Gepard,杰帕德,,,0.09,0.02,0,,,2.73,16,3,hf_chars,4.3.2/builds.json,https://huggingface.co/datasets/LvlUrArti/MocDataProcessed/resolve/main/4.3.2/builds.json,ok
4.3.2,2026-06-25,as,末日幻影,all,全部,4.3.1,Gale of Forgetting,2026-06-08,2026-07-20,guinaifen,Guinaifen,桂乃芬,,,0.0,0.0,0,,,0.0,0,0,hf_chars,4.3.2/builds.json,https://huggingface.co/datasets/LvlUrArti/MocDataProcessed/resolve/main/4.3.2/builds.json,ok
4.3.2,2026-06-25,as,末日幻影,all,全部,4.3.1,Gale of Forgetting,2026-06-08,2026-07-20,hanya,Hanya,寒鸦,,,0.01,0.01,0,,,0.0,2,1,hf_chars,4.3.2/builds.json,https://huggingface.co/datasets/LvlUrArti/MocDataProcessed/resolve/main/4.3.2/builds.json,ok
4.3.2,2026-06-25,as,末日幻影,all,全部,4.3.1,Gale of Forgetting,2026-06-08,2026-07-20,herta,Herta,黑塔,,,0.76,0.0,0,,,6.0,130,18,hf_chars,4.3.2/builds.json,https://huggingface.co/datasets/LvlUrArti/MocDataProcessed/resolve/main/4.3.2/builds.json,ok
4.3.2,2026-06-25,as,末日幻影,all,全部,4.3.1,Gale of Forgetting,2026-06-08,2026-07-20,himeko,Himeko,姬子,,,0.06,0.01,0,,,3.05,10,12,hf_chars,4.3.2/builds.json,https://huggingface.co/datasets/LvlUrArti/MocDataProcessed/resolve/main/4.3.2/builds.json,ok
4.3.2,2026-06-25,as,末日幻影,all,全部,4.3.1,Gale of Forgetting,2026-06-08,2026-07-20,hook,Hook,虎克,,,0.0,0.0,0,,,0.0,0,1,hf_chars,4.3.2/builds.json,https://huggingface.co/datasets/LvlUrArti/MocDataProcessed/resolve/main/4.3.2/builds.json,ok
4.3.2,2026-06-25,as,末日幻影,all,全部,4.3.1,Gale of Forgetting,2026-06-08,2026-07-20,huohuo,Huohuo,藿藿,,,61.61,14.89,3587,,,0.64,10488,1054,hf_chars,4.3.2/builds.json,https://huggingface.co/datasets/LvlUrArti/MocDataProcessed/resolve/main/4.3.2/builds.json,ok
4.3.2,2026-06-25,as,末日幻影,all,全部,4.3.1,Gale of Forgetting,2026-06-08,2026-07-20,hyacine,Hyacine,风堇,,,68.33,26.3,3468,,,0.37,11631,5293,hf_chars,4.3.2/builds.json,https://huggingface.co/datasets/LvlUrArti/MocDataProcessed/resolve/main/4.3.2/builds.json,ok
4.3.2,2026-06-25,as,末日幻影,all,全部,4.3.1,Gale of Forgetting,2026-06-08,2026-07-20,hysilens,Hysilens,海瑟音,,,23.16,5.29,3363,,,0.6,3942,2468,hf_chars,4.3.2/builds.json,https://huggingface.co/datasets/LvlUrArti/MocDataProcessed/resolve/main/4.3.2/builds.json,ok
4.3.2,2026-06-25,as,末日幻影,all,全部,4.3.1,Gale of Forgetting,2026-06-08,2026-07-20,imbibitor-lunae,Dan Heng • Imbibitor Lunae,丹恒•饮月,,,0.02,0.0,0,,,3.75,4,15,hf_chars,4.3.2/builds.json,https://huggingface.co/datasets/LvlUrArti/MocDataProcessed/resolve/main/4.3.2/builds.json,ok
4.3.2,2026-06-25,as,末日幻影,all,全部,4.3.1,Gale of Forgetting,2026-06-08,2026-07-20,jade,Jade,翡翠,,,0.44,0.01,0,,,0.65,75,68,hf_chars,4.3.2/builds.json,https://huggingface.co/datasets/LvlUrArti/MocDataProcessed/resolve/main/4.3.2/builds.json,ok
4.3.2,2026-06-25,as,末日幻影,all,全部,4.3.1,Gale of Forgetting,2026-06-08,2026-07-20,jiaoqiu,Jiaoqiu,椒丘,,,0.9,0.2,3256,,,0.8,153,85,hf_chars,4.3.2/builds.json,https://huggingface.co/datasets/LvlUrArti/MocDataProcessed/resolve/main/4.3.2/builds.json,ok
4.3.2,2026-06-25,as,末日幻影,all,全部,4.3.1,Gale of Forgetting,2026-06-08,2026-07-20,jing-yuan,Jing Yuan,景元,,,0.1,0.0,0,,,1.52,17,35,hf_chars,4.3.2/builds.json,https://huggingface.co/datasets/LvlUrArti/MocDataProcessed/resolve/main/4.3.2/builds.json,ok
4.3.2,2026-06-25,as,末日幻影,all,全部,4.3.1,Gale of Forgetting,2026-06-08,2026-07-20,jingliu,Jingliu,镜流,,,0.01,0.0,0,,,3.54,2,20,hf_chars,4.3.2/builds.json,https://huggingface.co/datasets/LvlUrArti/MocDataProcessed/resolve/main/4.3.2/builds.json,ok
4.3.2,2026-06-25,as,末日幻影,all,全部,4.3.1,Gale of Forgetting,2026-06-08,2026-07-20,kafka,Kafka,卡芙卡,,,23.3,5.32,3362,,,0.98,3966,2415,hf_chars,4.3.2/builds.json,https://huggingface.co/datasets/LvlUrArti/MocDataProcessed/resolve/main/4.3.2/builds.json,ok
4.3.2,2026-06-25,as,末日幻影,all,全部,4.3.1,Gale of Forgetting,2026-06-08,2026-07-20,lingsha,Lingsha,灵砂,,,20.82,5.87,3460,,,0.25,3544,485,hf_chars,4.3.2/builds.json,https://huggingface.co/datasets/LvlUrArti/MocDataProcessed/resolve/main/4.3.2/builds.json,ok
4.3.2,2026-06-25,as,末日幻影,all,全部,4.3.1,Gale of Forgetting,2026-06-08,2026-07-20,luka,Luka,卢卡,,,0.01,0.0,0,,,6.0,1,1,hf_chars,4.3.2/builds.json,https://huggingface.co/datasets/LvlUrArti/MocDataProcessed/resolve/main/4.3.2/builds.json,ok
4.3.2,2026-06-25,as,末日幻影,all,全部,4.3.1,Gale of Forgetting,2026-06-08,2026-07-20,luocha,Luocha,罗刹,,,3.29,0.82,3385,,,0.36,560,85,hf_chars,4.3.2/builds.json,https://huggingface.co/datasets/LvlUrArti/MocDataProcessed/resolve/main/4.3.2/builds.json,ok
4.3.2,2026-06-25,as,末日幻影,all,全部,4.3.1,Gale of Forgetting,2026-06-08,2026-07-20,lynx,Lynx,玲可,,,0.06,0.01,0,,,6.0,10,0,hf_chars,4.3.2/builds.json,https://huggingface.co/datasets/LvlUrArti/MocDataProcessed/resolve/main/4.3.2/builds.json,ok
4.3.2,2026-06-25,as,末日幻影,all,全部,4.3.1,Gale of Forgetting,2026-06-08,2026-07-20,march-7th,March 7th,三月七 - 存护,,,0.04,0.0,0,,,6.0,7,0,hf_chars,4.3.2/builds.json,https://huggingface.co/datasets/LvlUrArti/MocDataProcessed/resolve/main/4.3.2/builds.json,ok
4.3.2,2026-06-25,as,末日幻影,all,全部,4.3.1,Gale of Forgetting,2026-06-08,2026-07-20,march-7th-evernight,Evernight,长夜月,S-DPS,,50.67,20.9,3482,,,0.52,8625,0,hf_chars,4.3.2/builds.json,https://huggingface.co/datasets/LvlUrArti/MocDataProcessed/resolve/main/4.3.2/builds.json,ok
4.3.2,2026-06-25,as,末日幻影,all,全部,4.3.1,Gale of Forgetting,2026-06-08,2026-07-20,march-7th-swordmaster,March 7th: The Hunt,三月七•巡猎,,,0.11,0.01,0,,,0.0,18,5,hf_chars,4.3.2/builds.json,https://huggingface.co/datasets/LvlUrArti/MocDataProcessed/resolve/main/4.3.2/builds.json,ok
4.3.2,2026-06-25,as,末日幻影,all,全部,4.3.1,Gale of Forgetting,2026-06-08,2026-07-20,misha,Misha,米沙,,,0.0,0.0,0,,,0.0,0,0,hf_chars,4.3.2/builds.json,https://huggingface.co/datasets/LvlUrArti/MocDataProcessed/resolve/main/4.3.2/builds.json,ok
4.3.2,2026-06-25,as,末日幻影,all,全部,4.3.1,Gale of Forgetting,2026-06-08,2026-07-20,moze,Moze,貊泽,,,0.24,0.05,0,,,6.0,41,4,hf_chars,4.3.2/builds.json,https://huggingface.co/datasets/LvlUrArti/MocDataProcessed/resolve/main/4.3.2/builds.json,ok
4.3.2,2026-06-25,as,末日幻影,all,全部,4.3.1,Gale of Forgetting,2026-06-08,2026-07-20,mydei,Mydei,万敌,,,0.41,0.02,0,,,2.25,70,138,hf_chars,4.3.2/builds.json,https://huggingface.co/datasets/LvlUrArti/MocDataProcessed/resolve/main/4.3.2/builds.json,ok
4.3.2,2026-06-25,as,末日幻影,all,全部,4.3.1,Gale of Forgetting,2026-06-08,2026-07-20,natasha,Natasha,娜塔莎,,,0.02,0.0,0,,,6.0,4,2,hf_chars,4.3.2/builds.json,https://huggingface.co/datasets/LvlUrArti/MocDataProcessed/resolve/main/4.3.2/builds.json,ok
4.3.2,2026-06-25,as,末日幻影,all,全部,4.3.1,Gale of Forgetting,2026-06-08,2026-07-20,pela,Pela,佩拉,,,0.07,0.02,0,,,5.92,12,2,hf_chars,4.3.2/builds.json,https://huggingface.co/datasets/LvlUrArti/MocDataProcessed/resolve/main/4.3.2/builds.json,ok
4.3.2,2026-06-25,as,末日幻影,all,全部,4.3.1,Gale of Forgetting,2026-06-08,2026-07-20,phainon,Phainon,白厄,,,17.53,3.57,3316,,,1.98,2984,2972,hf_chars,4.3.2/builds.json,https://huggingface.co/datasets/LvlUrArti/MocDataProcessed/resolve/main/4.3.2/builds.json,ok
4.3.2,2026-06-25,as,末日幻影,all,全部,4.3.1,Gale of Forgetting,2026-06-08,2026-07-20,qingque,Qingque,青雀,,,0.03,0.0,0,,,6.0,5,8,hf_chars,4.3.2/builds.json,https://huggingface.co/datasets/LvlUrArti/MocDataProcessed/resolve/main/4.3.2/builds.json,ok
4.3.2,2026-06-25,as,末日幻影,all,全部,4.3.1,Gale of Forgetting,2026-06-08,2026-07-20,rappa,Rappa,乱破,,,0.56,0.09,3158,,,1.03,95,95,hf_chars,4.3.2/builds.json,https://huggingface.co/datasets/LvlUrArti/MocDataProcessed/resolve/main/4.3.2/builds.json,ok
4.3.2,2026-06-25,as,末日幻影,all,全部,4.3.1,Gale of Forgetting,2026-06-08,2026-07-20,robin,Robin,知更鸟,,,8.14,0.35,3350,,,1.59,1385,715,hf_chars,4.3.2/builds.json,https://huggingface.co/datasets/LvlUrArti/MocDataProcessed/resolve/main/4.3.2/builds.json,ok
4.3.2,2026-06-25,as,末日幻影,all,全部,4.3.1,Gale of Forgetting,2026-06-08,2026-07-20,ruan-mei,Ruan Mei,阮•梅,,,17.5,1.22,3450,,,1.24,2979,564,hf_chars,4.3.2/builds.json,https://huggingface.co/datasets/LvlUrArti/MocDataProcessed/resolve/main/4.3.2/builds.json,ok
4.3.2,2026-06-25,as,末日幻影,all,全部,4.3.1,Gale of Forgetting,2026-06-08,2026-07-20,saber,Saber,Saber,,,0.98,0.1,3127,,,4.15,166,392,hf_chars,4.3.2/builds.json,https://huggingface.co/datasets/LvlUrArti/MocDataProcessed/resolve/main/4.3.2/builds.json,ok
4.3.2,2026-06-25,as,末日幻影,all,全部,4.3.1,Gale of Forgetting,2026-06-08,2026-07-20,sampo,Sampo,桑博,,,0.01,0.0,0,,,6.0,1,1,hf_chars,4.3.2/builds.json,https://huggingface.co/datasets/LvlUrArti/MocDataProcessed/resolve/main/4.3.2/builds.json,ok
4.3.2,2026-06-25,as,末日幻影,all,全部,4.3.1,Gale of Forgetting,2026-06-08,2026-07-20,seele,Seele,希儿,,,4.0,0.26,3461,,,1.57,681,256,hf_chars,4.3.2/builds.json,https://huggingface.co/datasets/LvlUrArti/MocDataProcessed/resolve/main/4.3.2/builds.json,ok
4.3.2,2026-06-25,as,末日幻影,all,全部,4.3.1,Gale of Forgetting,2026-06-08,2026-07-20,serval,Serval,希露瓦,,,0.05,0.0,0,,,0.0,9,0,hf_chars,4.3.2/builds.json,https://huggingface.co/datasets/LvlUrArti/MocDataProcessed/resolve/main/4.3.2/builds.json,ok
4.3.2,2026-06-25,as,末日幻影,all,全部,4.3.1,Gale of Forgetting,2026-06-08,2026-07-20,silver-wolf,Silver Wolf,银狼,,,4.34,0.93,3411,,,1.15,738,248,hf_chars,4.3.2/builds.json,https://huggingface.co/datasets/LvlUrArti/MocDataProcessed/resolve/main/4.3.2/builds.json,ok
4.3.2,2026-06-25,as,末日幻影,all,全部,4.3.1,Gale of Forgetting,2026-06-08,2026-07-20,silver-wolf-lv-999,Silver Wolf LV.999,银狼LV.999,,,53.18,18.52,3607,,,1.02,9053,6905,hf_chars,4.3.2/builds.json,https://huggingface.co/datasets/LvlUrArti/MocDataProcessed/resolve/main/4.3.2/builds.json,ok
4.3.2,2026-06-25,as,末日幻影,all,全部,4.3.1,Gale of Forgetting,2026-06-08,2026-07-20,sparkle,Sparkle,花火,,,31.02,5.21,3391,,,0.99,5280,1858,hf_chars,4.3.2/builds.json,https://huggingface.co/datasets/LvlUrArti/MocDataProcessed/resolve/main/4.3.2/builds.json,ok
4.3.2,2026-06-25,as,末日幻影,all,全部,4.3.1,Gale of Forgetting,2026-06-08,2026-07-20,sparxie,Sparxie,火花,S-DPS,,37.79,12.65,3632,,,0.22,6433,0,hf_chars,4.3.2/builds.json,https://huggingface.co/datasets/LvlUrArti/MocDataProcessed/resolve/main/4.3.2/builds.json,ok
4.3.2,2026-06-25,as,末日幻影,all,全部,4.3.1,Gale of Forgetting,2026-06-08,2026-07-20,sunday,Sunday,星期日,,,20.26,4.64,3332,,,0.62,3449,1828,hf_chars,4.3.2/builds.json,https://huggingface.co/datasets/LvlUrArti/MocDataProcessed/resolve/main/4.3.2/builds.json,ok
4.3.2,2026-06-25,as,末日幻影,all,全部,4.3.1,Gale of Forgetting,2026-06-08,2026-07-20,sushang,Sushang,素裳,,,0.01,0.0,0,,,6.0,1,1,hf_chars,4.3.2/builds.json,https://huggingface.co/datasets/LvlUrArti/MocDataProcessed/resolve/main/4.3.2/builds.json,ok
4.3.2,2026-06-25,as,末日幻影,all,全部,4.3.1,Gale of Forgetting,2026-06-08,2026-07-20,the-dahlia,The Dahlia,大丽花,,,38.16,9.09,3442,,,0.46,6495,2102,hf_chars,4.3.2/builds.json,https://huggingface.co/datasets/LvlUrArti/MocDataProcessed/resolve/main/4.3.2/builds.json,ok
4.3.2,2026-06-25,as,末日幻影,all,全部,4.3.1,Gale of Forgetting,2026-06-08,2026-07-20,the-herta,The Herta,大黑塔,,,3.18,0.13,2973,,,1.48,541,739,hf_chars,4.3.2/builds.json,https://huggingface.co/datasets/LvlUrArti/MocDataProcessed/resolve/main/4.3.2/builds.json,ok
4.3.2,2026-06-25,as,末日幻影,all,全部,4.3.1,Gale of Forgetting,2026-06-08,2026-07-20,tingyun,Tingyun,停云,,,0.56,0.08,3425,,,5.95,95,3,hf_chars,4.3.2/builds.json,https://huggingface.co/datasets/LvlUrArti/MocDataProcessed/resolve/main/4.3.2/builds.json,ok
4.3.2,2026-06-25,as,末日幻影,all,全部,4.3.1,Gale of Forgetting,2026-06-08,2026-07-20,tingyun-fugue,Fugue,忘归人,,,32.02,7.42,3454,,,0.52,5450,1292,hf_chars,4.3.2/builds.json,https://huggingface.co/datasets/LvlUrArti/MocDataProcessed/resolve/main/4.3.2/builds.json,ok
4.3.2,2026-06-25,as,末日幻影,all,全部,4.3.1,Gale of Forgetting,2026-06-08,2026-07-20,topaz,Topaz & Numby,托帕&账账,,,0.26,0.01,0,,,2.08,44,38,hf_chars,4.3.2/builds.json,https://huggingface.co/datasets/LvlUrArti/MocDataProcessed/resolve/main/4.3.2/builds.json,ok
4.3.2,2026-06-25,as,末日幻影,all,全部,4.3.1,Gale of Forgetting,2026-06-08,2026-07-20,trailblazer-destruction,Trailblazer - The Destruction,开拓者 - 毁灭,,,0.0,0.0,0,,,0.0,0,0,hf_chars,4.3.2/builds.json,https://huggingface.co/datasets/LvlUrArti/MocDataProcessed/resolve/main/4.3.2/builds.json,ok
4.3.2,2026-06-25,as,末日幻影,all,全部,4.3.1,Gale of Forgetting,2026-06-08,2026-07-20,trailblazer-elation,Trailblazer: Elation,开拓者•欢愉,,,33.26,10.54,3567,,,4.99,5662,633,hf_chars,4.3.2/builds.json,https://huggingface.co/datasets/LvlUrArti/MocDataProcessed/resolve/main/4.3.2/builds.json,ok
4.3.2,2026-06-25,as,末日幻影,all,全部,4.3.1,Gale of Forgetting,2026-06-08,2026-07-20,trailblazer-harmony,Trailblazer - The Harmony,开拓者 - 同谐,,,6.77,1.56,3419,,,5.9,1152,80,hf_chars,4.3.2/builds.json,https://huggingface.co/datasets/LvlUrArti/MocDataProcessed/resolve/main/4.3.2/builds.json,ok
4.3.2,2026-06-25,as,末日幻影,all,全部,4.3.1,Gale of Forgetting,2026-06-08,2026-07-20,trailblazer-preservation,Trailblazer - The Preservation,开拓者 - 存护,,,0.0,0.0,0,,,0.0,0,0,hf_chars,4.3.2/builds.json,https://huggingface.co/datasets/LvlUrArti/MocDataProcessed/resolve/main/4.3.2/builds.json,ok
4.3.2,2026-06-25,as,末日幻影,all,全部,4.3.1,Gale of Forgetting,2026-06-08,2026-07-20,trailblazer-remembrance,Trailblazer - Remembrance,开拓者•记忆,,,15.64,4.59,3352,,,5.97,2663,272,hf_chars,4.3.2/builds.json,https://huggingface.co/datasets/LvlUrArti/MocDataProcessed/resolve/main/4.3.2/builds.json,ok
4.3.2,2026-06-25,as,末日幻影,all,全部,4.3.1,Gale of Forgetting,2026-06-08,2026-07-20,tribbie,Tribbie,缇宝,,,39.86,7.19,3410,,,0.73,6785,2840,hf_chars,4.3.2/builds.json,https://huggingface.co/datasets/LvlUrArti/MocDataProcessed/resolve/main/4.3.2/builds.json,ok
4.3.2,2026-06-25,as,末日幻影,all,全部,4.3.1,Gale of Forgetting,2026-06-08,2026-07-20,welt,Welt,瓦尔特,,,3.5,1.2,3396,,,3.87,596,164,hf_chars,4.3.2/builds.json,https://huggingface.co/datasets/LvlUrArti/MocDataProcessed/resolve/main/4.3.2/builds.json,ok
4.3.2,2026-06-25,as,末日幻影,all,全部,4.3.1,Gale of Forgetting,2026-06-08,2026-07-20,xueyi,Xueyi,雪衣,,,0.04,0.0,0,,,6.0,6,6,hf_chars,4.3.2/builds.json,https://huggingface.co/datasets/LvlUrArti/MocDataProcessed/resolve/main/4.3.2/builds.json,ok
4.3.2,2026-06-25,as,末日幻影,all,全部,4.3.1,Gale of Forgetting,2026-06-08,2026-07-20,yanqing,Yanqing,彦卿,,,0.0,0.0,0,,,3.0,0,1,hf_chars,4.3.2/builds.json,https://huggingface.co/datasets/LvlUrArti/MocDataProcessed/resolve/main/4.3.2/builds.json,ok
4.3.2,2026-06-25,as,末日幻影,all,全部,4.3.1,Gale of Forgetting,2026-06-08,2026-07-20,yao-guang,Yao Guang,爻光,,,68.25,22.27,3615,,,0.28,11617,5711,hf_chars,4.3.2/builds.json,https://huggingface.co/datasets/LvlUrArti/MocDataProcessed/resolve/main/4.3.2/builds.json,ok
4.3.2,2026-06-25,as,末日幻影,all,全部,4.3.1,Gale of Forgetting,2026-06-08,2026-07-20,yukong,Yukong,驭空,,,0.01,0.0,0,,,0.0,1,0,hf_chars,4.3.2/builds.json,https://huggingface.co/datasets/LvlUrArti/MocDataProcessed/resolve/main/4.3.2/builds.json,ok
4.3.2,2026-06-25,as,末日幻影,all,全部,4.3.1,Gale of Forgetting,2026-06-08,2026-07-20,yunli,Yunli,云璃,,,0.06,0.01,0,,,1.63,11,24,hf_chars,4.3.2/builds.json,https://huggingface.co/datasets/LvlUrArti/MocDataProcessed/resolve/main/4.3.2/builds.json,ok
4.0.1,2026-02-22,moc,混沌回忆,all,全部,3.8.1,Breached Nest,2026-01-19,2026-03-02,acheron,Acheron,黄泉,,,1.76,0.04,99.99,,,3.08,347,1361,hf_chars,4.0.1/builds.json,https://huggingface.co/datasets/LvlUrArti/MocDataProcessed/resolve/main/4.0.1/builds.json,ok
4.0.1,2026-02-22,moc,混沌回忆,all,全部,3.8.1,Breached Nest,2026-01-19,2026-03-02,aglaea,Aglaea,阿格莱雅,,,2.0,0.09,8.44,,,1.72,394,778,hf_chars,4.0.1/builds.json,https://huggingface.co/datasets/LvlUrArti/MocDataProcessed/resolve/main/4.0.1/builds.json,ok
4.0.1,2026-02-22,moc,混沌回忆,all,全部,3.8.1,Breached Nest,2026-01-19,2026-03-02,anaxa,Anaxa,那刻夏,S-DPS,,2.57,0.11,9.08,,,0.21,507,0,hf_chars,4.0.1/builds.json,https://huggingface.co/datasets/LvlUrArti/MocDataProcessed/resolve/main/4.0.1/builds.json,ok
4.0.1,2026-02-22,moc,混沌回忆,all,全部,3.8.1,Breached Nest,2026-01-19,2026-03-02,archer,Archer,Archer,,,17.44,2.68,8.4,,,0.34,3438,1208,hf_chars,4.0.1/builds.json,https://huggingface.co/datasets/LvlUrArti/MocDataProcessed/resolve/main/4.0.1/builds.json,ok
4.0.1,2026-02-22,moc,混沌回忆,all,全部,3.8.1,Breached Nest,2026-01-19,2026-03-02,argenti,Argenti,银枝,S-DPS,,0.01,0.0,99.99,,,0.21,2,0,hf_chars,4.0.1/builds.json,https://huggingface.co/datasets/LvlUrArti/MocDataProcessed/resolve/main/4.0.1/builds.json,ok
4.0.1,2026-02-22,moc,混沌回忆,all,全部,3.8.1,Breached Nest,2026-01-19,2026-03-02,arlan,Arlan,阿兰,,,0.0,0.0,99.99,,,0.0,0,1,hf_chars,4.0.1/builds.json,https://huggingface.co/datasets/LvlUrArti/MocDataProcessed/resolve/main/4.0.1/builds.json,ok
4.0.1,2026-02-22,moc,混沌回忆,all,全部,3.8.1,Breached Nest,2026-01-19,2026-03-02,asta,Asta,艾丝妲,,,0.02,0.0,99.99,,,0.0,3,1,hf_chars,4.0.1/builds.json,https://huggingface.co/datasets/LvlUrArti/MocDataProcessed/resolve/main/4.0.1/builds.json,ok
4.0.1,2026-02-22,moc,混沌回忆,all,全部,3.8.1,Breached Nest,2026-01-19,2026-03-02,aventurine,Aventurine,砂金,,,2.73,0.28,9.07,,,0.58,539,584,hf_chars,4.0.1/builds.json,https://huggingface.co/datasets/LvlUrArti/MocDataProcessed/resolve/main/4.0.1/builds.json,ok
4.0.1,2026-02-22,moc,混沌回忆,all,全部,3.8.1,Breached Nest,2026-01-19,2026-03-02,bailu,Bailu,白露,,,0.07,0.01,99.99,,,2.45,14,4,hf_chars,4.0.1/builds.json,https://huggingface.co/datasets/LvlUrArti/MocDataProcessed/resolve/main/4.0.1/builds.json,ok
4.0.1,2026-02-22,moc,混沌回忆,all,全部,3.8.1,Breached Nest,2026-01-19,2026-03-02,black-swan,Black Swan,黑天鹅,,,12.45,2.28,8.08,,,0.47,2454,1507,hf_chars,4.0.1/builds.json,https://huggingface.co/datasets/LvlUrArti/MocDataProcessed/resolve/main/4.0.1/builds.json,ok
4.0.1,2026-02-22,moc,混沌回忆,all,全部,3.8.1,Breached Nest,2026-01-19,2026-03-02,blade,Blade,刃,S-DPS,,0.08,0.01,99.99,,,1.63,15,0,hf_chars,4.0.1/builds.json,https://huggingface.co/datasets/LvlUrArti/MocDataProcessed/resolve/main/4.0.1/builds.json,ok
4.0.1,2026-02-22,moc,混沌回忆,all,全部,3.8.1,Breached Nest,2026-01-19,2026-03-02,boothill,Boothill,波提欧,,,1.14,0.18,8.72,,,0.77,225,305,hf_chars,4.0.1/builds.json,https://huggingface.co/datasets/LvlUrArti/MocDataProcessed/resolve/main/4.0.1/builds.json,ok
4.0.1,2026-02-22,moc,混沌回忆,all,全部,3.8.1,Breached Nest,2026-01-19,2026-03-02,bronya,Bronya,布洛妮娅,,,6.08,1.04,8.56,,,2.75,1198,148,hf_chars,4.0.1/builds.json,https://huggingface.co/datasets/LvlUrArti/MocDataProcessed/resolve/main/4.0.1/builds.json,ok
4.0.1,2026-02-22,moc,混沌回忆,all,全部,3.8.1,Breached Nest,2026-01-19,2026-03-02,castorice,Castorice,遐蝶,,,51.91,12.21,7.45,,,0.72,10234,7538,hf_chars,4.0.1/builds.json,https://huggingface.co/datasets/LvlUrArti/MocDataProcessed/resolve/main/4.0.1/builds.json,ok
4.0.1,2026-02-22,moc,混沌回忆,all,全部,3.8.1,Breached Nest,2026-01-19,2026-03-02,cerydra,Cerydra,刻律德菈,,,18.01,3.95,8.05,,,0.3,3551,1653,hf_chars,4.0.1/builds.json,https://huggingface.co/datasets/LvlUrArti/MocDataProcessed/resolve/main/4.0.1/builds.json,ok
4.0.1,2026-02-22,moc,混沌回忆,all,全部,3.8.1,Breached Nest,2026-01-19,2026-03-02,cipher,Cipher,赛飞儿,,,4.95,0.66,8.21,,,0.46,976,854,hf_chars,4.0.1/builds.json,https://huggingface.co/datasets/LvlUrArti/MocDataProcessed/resolve/main/4.0.1/builds.json,ok
4.0.1,2026-02-22,moc,混沌回忆,all,全部,3.8.1,Breached Nest,2026-01-19,2026-03-02,clara,Clara,克拉拉,,,0.05,0.0,99.99,,,4.04,10,42,hf_chars,4.0.1/builds.json,https://huggingface.co/datasets/LvlUrArti/MocDataProcessed/resolve/main/4.0.1/builds.json,ok
4.0.1,2026-02-22,moc,混沌回忆,all,全部,3.8.1,Breached Nest,2026-01-19,2026-03-02,cyrene,Cyrene,昔涟,,,49.34,10.97,7.38,,,0.7,9727,6122,hf_chars,4.0.1/builds.json,https://huggingface.co/datasets/LvlUrArti/MocDataProcessed/resolve/main/4.0.1/builds.json,ok
4.0.1,2026-02-22,moc,混沌回忆,all,全部,3.8.1,Breached Nest,2026-01-19,2026-03-02,dan-heng,Dan Heng,丹恒,,,0.0,0.0,99.99,,,6.0,0,2,hf_chars,4.0.1/builds.json,https://huggingface.co/datasets/LvlUrArti/MocDataProcessed/resolve/main/4.0.1/builds.json,ok
4.0.1,2026-02-22,moc,混沌回忆,all,全部,3.8.1,Breached Nest,2026-01-19,2026-03-02,dan-heng-permansor-terrae,Dan Heng • Permansor Terrae,丹恒•腾荒,,,48.05,10.08,8.29,,,0.18,9473,2310,hf_chars,4.0.1/builds.json,https://huggingface.co/datasets/LvlUrArti/MocDataProcessed/resolve/main/4.0.1/builds.json,ok
4.0.1,2026-02-22,moc,混沌回忆,all,全部,3.8.1,Breached Nest,2026-01-19,2026-03-02,dr-ratio,Dr. Ratio,真理医生,,,0.03,0.0,99.99,,,2.72,5,38,hf_chars,4.0.1/builds.json,https://huggingface.co/datasets/LvlUrArti/MocDataProcessed/resolve/main/4.0.1/builds.json,ok
4.0.1,2026-02-22,moc,混沌回忆,all,全部,3.8.1,Breached Nest,2026-01-19,2026-03-02,feixiao,Feixiao,飞霄,,,0.49,0.01,99.99,,,1.32,97,266,hf_chars,4.0.1/builds.json,https://huggingface.co/datasets/LvlUrArti/MocDataProcessed/resolve/main/4.0.1/builds.json,ok
4.0.1,2026-02-22,moc,混沌回忆,all,全部,3.8.1,Breached Nest,2026-01-19,2026-03-02,firefly,Firefly,流萤,,,33.86,6.91,7.23,,,1.33,6675,4061,hf_chars,4.0.1/builds.json,https://huggingface.co/datasets/LvlUrArti/MocDataProcessed/resolve/main/4.0.1/builds.json,ok
4.0.1,2026-02-22,moc,混沌回忆,all,全部,3.8.1,Breached Nest,2026-01-19,2026-03-02,fu-xuan,Fu Xuan,符玄,,,0.84,0.05,99.99,,,1.36,166,132,hf_chars,4.0.1/builds.json,https://huggingface.co/datasets/LvlUrArti/MocDataProcessed/resolve/main/4.0.1/builds.json,ok
4.0.1,2026-02-22,moc,混沌回忆,all,全部,3.8.1,Breached Nest,2026-01-19,2026-03-02,gallagher,Gallagher,加拉赫,,,9.74,2.6,8.01,,,5.93,1920,56,hf_chars,4.0.1/builds.json,https://huggingface.co/datasets/LvlUrArti/MocDataProcessed/resolve/main/4.0.1/builds.json,ok
4.0.1,2026-02-22,moc,混沌回忆,all,全部,3.8.1,Breached Nest,2026-01-19,2026-03-02,gepard,Gepard,杰帕德,,,0.02,0.0,99.99,,,1.4,4,1,hf_chars,4.0.1/builds.json,https://huggingface.co/datasets/LvlUrArti/MocDataProcessed/resolve/main/4.0.1/builds.json,ok
4.0.1,2026-02-22,moc,混沌回忆,all,全部,3.8.1,Breached Nest,2026-01-19,2026-03-02,guinaifen,Guinaifen,桂乃芬,,,0.02,0.0,99.99,,,5.83,3,2,hf_chars,4.0.1/builds.json,https://huggingface.co/datasets/LvlUrArti/MocDataProcessed/resolve/main/4.0.1/builds.json,ok
4.0.1,2026-02-22,moc,混沌回忆,all,全部,3.8.1,Breached Nest,2026-01-19,2026-03-02,hanya,Hanya,寒鸦,,,0.07,0.0,99.99,,,0.0,13,0,hf_chars,4.0.1/builds.json,https://huggingface.co/datasets/LvlUrArti/MocDataProcessed/resolve/main/4.0.1/builds.json,ok
4.0.1,2026-02-22,moc,混沌回忆,all,全部,3.8.1,Breached Nest,2026-01-19,2026-03-02,herta,Herta,黑塔,,,0.11,0.0,99.99,,,5.98,22,32,hf_chars,4.0.1/builds.json,https://huggingface.co/datasets/LvlUrArti/MocDataProcessed/resolve/main/4.0.1/builds.json,ok
4.0.1,2026-02-22,moc,混沌回忆,all,全部,3.8.1,Breached Nest,2026-01-19,2026-03-02,himeko,Himeko,姬子,,,0.1,0.02,99.99,,,2.76,20,28,hf_chars,4.0.1/builds.json,https://huggingface.co/datasets/LvlUrArti/MocDataProcessed/resolve/main/4.0.1/builds.json,ok
4.0.1,2026-02-22,moc,混沌回忆,all,全部,3.8.1,Breached Nest,2026-01-19,2026-03-02,hook,Hook,虎克,,,0.01,0.0,99.99,,,6.0,2,3,hf_chars,4.0.1/builds.json,https://huggingface.co/datasets/LvlUrArti/MocDataProcessed/resolve/main/4.0.1/builds.json,ok
4.0.1,2026-02-22,moc,混沌回忆,all,全部,3.8.1,Breached Nest,2026-01-19,2026-03-02,huohuo,Huohuo,藿藿,,,4.24,0.53,7.95,,,0.3,835,339,hf_chars,4.0.1/builds.json,https://huggingface.co/datasets/LvlUrArti/MocDataProcessed/resolve/main/4.0.1/builds.json,ok
4.0.1,2026-02-22,moc,混沌回忆,all,全部,3.8.1,Breached Nest,2026-01-19,2026-03-02,hyacine,Hyacine,风堇,,,56.33,12.56,7.45,,,0.26,11106,6067,hf_chars,4.0.1/builds.json,https://huggingface.co/datasets/LvlUrArti/MocDataProcessed/resolve/main/4.0.1/builds.json,ok
4.0.1,2026-02-22,moc,混沌回忆,all,全部,3.8.1,Breached Nest,2026-01-19,2026-03-02,hysilens,Hysilens,海瑟音,,,14.86,2.57,8.15,,,0.51,2929,2726,hf_chars,4.0.1/builds.json,https://huggingface.co/datasets/LvlUrArti/MocDataProcessed/resolve/main/4.0.1/builds.json,ok
4.0.1,2026-02-22,moc,混沌回忆,all,全部,3.8.1,Breached Nest,2026-01-19,2026-03-02,imbibitor-lunae,Dan Heng • Imbibitor Lunae,丹恒•饮月,,,0.04,0.0,99.99,,,2.86,8,85,hf_chars,4.0.1/builds.json,https://huggingface.co/datasets/LvlUrArti/MocDataProcessed/resolve/main/4.0.1/builds.json,ok
4.0.1,2026-02-22,moc,混沌回忆,all,全部,3.8.1,Breached Nest,2026-01-19,2026-03-02,jade,Jade,翡翠,,,0.28,0.01,99.99,,,0.47,56,229,hf_chars,4.0.1/builds.json,https://huggingface.co/datasets/LvlUrArti/MocDataProcessed/resolve/main/4.0.1/builds.json,ok
4.0.1,2026-02-22,moc,混沌回忆,all,全部,3.8.1,Breached Nest,2026-01-19,2026-03-02,jiaoqiu,Jiaoqiu,椒丘,,,1.11,0.03,99.99,,,0.93,218,230,hf_chars,4.0.1/builds.json,https://huggingface.co/datasets/LvlUrArti/MocDataProcessed/resolve/main/4.0.1/builds.json,ok
4.0.1,2026-02-22,moc,混沌回忆,all,全部,3.8.1,Breached Nest,2026-01-19,2026-03-02,jing-yuan,Jing Yuan,景元,,,0.14,0.0,99.99,,,1.62,28,207,hf_chars,4.0.1/builds.json,https://huggingface.co/datasets/LvlUrArti/MocDataProcessed/resolve/main/4.0.1/builds.json,ok
4.0.1,2026-02-22,moc,混沌回忆,all,全部,3.8.1,Breached Nest,2026-01-19,2026-03-02,jingliu,Jingliu,镜流,,,0.04,0.0,99.99,,,2.97,7,121,hf_chars,4.0.1/builds.json,https://huggingface.co/datasets/LvlUrArti/MocDataProcessed/resolve/main/4.0.1/builds.json,ok
4.0.1,2026-02-22,moc,混沌回忆,all,全部,3.8.1,Breached Nest,2026-01-19,2026-03-02,kafka,Kafka,卡芙卡,,,14.93,2.56,8.13,,,0.85,2943,2548,hf_chars,4.0.1/builds.json,https://huggingface.co/datasets/LvlUrArti/MocDataProcessed/resolve/main/4.0.1/builds.json,ok
4.0.1,2026-02-22,moc,混沌回忆,all,全部,3.8.1,Breached Nest,2026-01-19,2026-03-02,lingsha,Lingsha,灵砂,,,19.27,4.35,7.27,,,0.26,3636,832,hf_chars,4.0.1/builds.json,https://huggingface.co/datasets/LvlUrArti/MocDataProcessed/resolve/main/4.0.1/builds.json,ok
4.0.1,2026-02-22,moc,混沌回忆,all,全部,3.8.1,Breached Nest,2026-01-19,2026-03-02,luka,Luka,卢卡,,,0.01,0.0,99.99,,,6.0,1,2,hf_chars,4.0.1/builds.json,https://huggingface.co/datasets/LvlUrArti/MocDataProcessed/resolve/main/4.0.1/builds.json,ok
4.0.1,2026-02-22,moc,混沌回忆,all,全部,3.8.1,Breached Nest,2026-01-19,2026-03-02,luocha,Luocha,罗刹,,,1.49,0.24,9.62,,,0.3,293,75,hf_chars,4.0.1/builds.json,https://huggingface.co/datasets/LvlUrArti/MocDataProcessed/resolve/main/4.0.1/builds.json,ok
4.0.1,2026-02-22,moc,混沌回忆,all,全部,3.8.1,Breached Nest,2026-01-19,2026-03-02,lynx,Lynx,玲可,,,0.02,0.01,99.99,,,5.88,4,1,hf_chars,4.0.1/builds.json,https://huggingface.co/datasets/LvlUrArti/MocDataProcessed/resolve/main/4.0.1/builds.json,ok
4.0.1,2026-02-22,moc,混沌回忆,all,全部,3.8.1,Breached Nest,2026-01-19,2026-03-02,march-7th,March 7th,三月七 - 存护,,,0.0,0.0,99.99,,,6.0,0,3,hf_chars,4.0.1/builds.json,https://huggingface.co/datasets/LvlUrArti/MocDataProcessed/resolve/main/4.0.1/builds.json,ok
4.0.1,2026-02-22,moc,混沌回忆,all,全部,3.8.1,Breached Nest,2026-01-19,2026-03-02,march-7th-evernight,Evernight,长夜月,S-DPS,,41.15,9.83,7.26,,,0.39,8112,0,hf_chars,4.0.1/builds.json,https://huggingface.co/datasets/LvlUrArti/MocDataProcessed/resolve/main/4.0.1/builds.json,ok
4.0.1,2026-02-22,moc,混沌回忆,all,全部,3.8.1,Breached Nest,2026-01-19,2026-03-02,march-7th-swordmaster,March 7th: The Hunt,三月七•巡猎,,,0.05,0.01,99.99,,,6.0,9,4,hf_chars,4.0.1/builds.json,https://huggingface.co/datasets/LvlUrArti/MocDataProcessed/resolve/main/4.0.1/builds.json,ok
4.0.1,2026-02-22,moc,混沌回忆,all,全部,3.8.1,Breached Nest,2026-01-19,2026-03-02,misha,Misha,米沙,,,0.0,0.0,99.99,,,0.0,0,1,hf_chars,4.0.1/builds.json,https://huggingface.co/datasets/LvlUrArti/MocDataProcessed/resolve/main/4.0.1/builds.json,ok
4.0.1,2026-02-22,moc,混沌回忆,all,全部,3.8.1,Breached Nest,2026-01-19,2026-03-02,moze,Moze,貊泽,,,0.03,0.0,99.99,,,5.8,6,3,hf_chars,4.0.1/builds.json,https://huggingface.co/datasets/LvlUrArti/MocDataProcessed/resolve/main/4.0.1/builds.json,ok
4.0.1,2026-02-22,moc,混沌回忆,all,全部,3.8.1,Breached Nest,2026-01-19,2026-03-02,mydei,Mydei,万敌,,,1.63,0.15,8.5,,,1.52,322,587,hf_chars,4.0.1/builds.json,https://huggingface.co/datasets/LvlUrArti/MocDataProcessed/resolve/main/4.0.1/builds.json,ok
4.0.1,2026-02-22,moc,混沌回忆,all,全部,3.8.1,Breached Nest,2026-01-19,2026-03-02,natasha,Natasha,娜塔莎,,,0.01,0.0,99.99,,,6.0,1,0,hf_chars,4.0.1/builds.json,https://huggingface.co/datasets/LvlUrArti/MocDataProcessed/resolve/main/4.0.1/builds.json,ok
4.0.1,2026-02-22,moc,混沌回忆,all,全部,3.8.1,Breached Nest,2026-01-19,2026-03-02,pela,Pela,佩拉,,,0.08,0.01,99.99,,,5.87,15,1,hf_chars,4.0.1/builds.json,https://huggingface.co/datasets/LvlUrArti/MocDataProcessed/resolve/main/4.0.1/builds.json,ok
4.0.1,2026-02-22,moc,混沌回忆,all,全部,3.8.1,Breached Nest,2026-01-19,2026-03-02,phainon,Phainon,白厄,,,24.34,5.28,8.01,,,1.28,4799,4555,hf_chars,4.0.1/builds.json,https://huggingface.co/datasets/LvlUrArti/MocDataProcessed/resolve/main/4.0.1/builds.json,ok
4.0.1,2026-02-22,moc,混沌回忆,all,全部,3.8.1,Breached Nest,2026-01-19,2026-03-02,qingque,Qingque,青雀,,,0.06,0.01,99.99,,,6.0,11,16,hf_chars,4.0.1/builds.json,https://huggingface.co/datasets/LvlUrArti/MocDataProcessed/resolve/main/4.0.1/builds.json,ok
4.0.1,2026-02-22,moc,混沌回忆,all,全部,3.8.1,Breached Nest,2026-01-19,2026-03-02,rappa,Rappa,乱破,,,1.22,0.29,8.59,,,0.41,240,280,hf_chars,4.0.1/builds.json,https://huggingface.co/datasets/LvlUrArti/MocDataProcessed/resolve/main/4.0.1/builds.json,ok
4.0.1,2026-02-22,moc,混沌回忆,all,全部,3.8.1,Breached Nest,2026-01-19,2026-03-02,robin,Robin,知更鸟,,,5.66,0.39,9.13,,,0.86,1115,986,hf_chars,4.0.1/builds.json,https://huggingface.co/datasets/LvlUrArti/MocDataProcessed/resolve/main/4.0.1/builds.json,ok
4.0.1,2026-02-22,moc,混沌回忆,all,全部,3.8.1,Breached Nest,2026-01-19,2026-03-02,ruan-mei,Ruan Mei,阮•梅,,,12.46,0.57,7.38,,,1.16,2456,1002,hf_chars,4.0.1/builds.json,https://huggingface.co/datasets/LvlUrArti/MocDataProcessed/resolve/main/4.0.1/builds.json,ok
4.0.1,2026-02-22,moc,混沌回忆,all,全部,3.8.1,Breached Nest,2026-01-19,2026-03-02,saber,Saber,Saber,,,1.27,0.17,9.17,,,2.78,251,595,hf_chars,4.0.1/builds.json,https://huggingface.co/datasets/LvlUrArti/MocDataProcessed/resolve/main/4.0.1/builds.json,ok
4.0.1,2026-02-22,moc,混沌回忆,all,全部,3.8.1,Breached Nest,2026-01-19,2026-03-02,sampo,Sampo,桑博,,,0.0,0.0,99.99,,,5.56,0,1,hf_chars,4.0.1/builds.json,https://huggingface.co/datasets/LvlUrArti/MocDataProcessed/resolve/main/4.0.1/builds.json,ok
4.0.1,2026-02-22,moc,混沌回忆,all,全部,3.8.1,Breached Nest,2026-01-19,2026-03-02,seele,Seele,希儿,,,0.03,0.0,99.99,,,2.3,5,19,hf_chars,4.0.1/builds.json,https://huggingface.co/datasets/LvlUrArti/MocDataProcessed/resolve/main/4.0.1/builds.json,ok
4.0.1,2026-02-22,moc,混沌回忆,all,全部,3.8.1,Breached Nest,2026-01-19,2026-03-02,serval,Serval,希露瓦,,,0.09,0.0,99.99,,,5.88,17,4,hf_chars,4.0.1/builds.json,https://huggingface.co/datasets/LvlUrArti/MocDataProcessed/resolve/main/4.0.1/builds.json,ok
4.0.1,2026-02-22,moc,混沌回忆,all,全部,3.8.1,Breached Nest,2026-01-19,2026-03-02,silver-wolf,Silver Wolf,银狼,,,3.56,0.37,8.86,,,0.73,702,470,hf_chars,4.0.1/builds.json,https://huggingface.co/datasets/LvlUrArti/MocDataProcessed/resolve/main/4.0.1/builds.json,ok
4.0.1,2026-02-22,moc,混沌回忆,all,全部,3.8.1,Breached Nest,2026-01-19,2026-03-02,sparkle,Sparkle,花火,,,19.12,2.88,8.41,,,0.68,3770,1455,hf_chars,4.0.1/builds.json,https://huggingface.co/datasets/LvlUrArti/MocDataProcessed/resolve/main/4.0.1/builds.json,ok
4.0.1,2026-02-22,moc,混沌回忆,all,全部,3.8.1,Breached Nest,2026-01-19,2026-03-02,sunday,Sunday,星期日,,,25.35,5.1,8.3,,,0.45,4997,3246,hf_chars,4.0.1/builds.json,https://huggingface.co/datasets/LvlUrArti/MocDataProcessed/resolve/main/4.0.1/builds.json,ok
4.0.1,2026-02-22,moc,混沌回忆,all,全部,3.8.1,Breached Nest,2026-01-19,2026-03-02,sushang,Sushang,素裳,,,0.01,0.0,99.99,,,6.0,1,2,hf_chars,4.0.1/builds.json,https://huggingface.co/datasets/LvlUrArti/MocDataProcessed/resolve/main/4.0.1/builds.json,ok
4.0.1,2026-02-22,moc,混沌回忆,all,全部,3.8.1,Breached Nest,2026-01-19,2026-03-02,the-dahlia,The Dahlia,大丽花,,,36.72,7.52,7.3,,,0.29,7240,2483,hf_chars,4.0.1/builds.json,https://huggingface.co/datasets/LvlUrArti/MocDataProcessed/resolve/main/4.0.1/builds.json,ok
4.0.1,2026-02-22,moc,混沌回忆,all,全部,3.8.1,Breached Nest,2026-01-19,2026-03-02,the-herta,The Herta,大黑塔,,,3.02,0.12,9.17,,,1.04,596,2524,hf_chars,4.0.1/builds.json,https://huggingface.co/datasets/LvlUrArti/MocDataProcessed/resolve/main/4.0.1/builds.json,ok
4.0.1,2026-02-22,moc,混沌回忆,all,全部,3.8.1,Breached Nest,2026-01-19,2026-03-02,tingyun,Tingyun,停云,,,0.34,0.03,99.99,,,5.97,68,4,hf_chars,4.0.1/builds.json,https://huggingface.co/datasets/LvlUrArti/MocDataProcessed/resolve/main/4.0.1/builds.json,ok
4.0.1,2026-02-22,moc,混沌回忆,all,全部,3.8.1,Breached Nest,2026-01-19,2026-03-02,tingyun-fugue,Fugue,忘归人,,,31.08,6.27,7.17,,,0.5,6128,1788,hf_chars,4.0.1/builds.json,https://huggingface.co/datasets/LvlUrArti/MocDataProcessed/resolve/main/4.0.1/builds.json,ok
4.0.1,2026-02-22,moc,混沌回忆,all,全部,3.8.1,Breached Nest,2026-01-19,2026-03-02,topaz,Topaz & Numby,托帕&账账,,,0.14,0.0,99.99,,,1.49,27,60,hf_chars,4.0.1/builds.json,https://huggingface.co/datasets/LvlUrArti/MocDataProcessed/resolve/main/4.0.1/builds.json,ok
4.0.1,2026-02-22,moc,混沌回忆,all,全部,3.8.1,Breached Nest,2026-01-19,2026-03-02,trailblazer-destruction,Trailblazer - The Destruction,开拓者 - 毁灭,,,0.01,0.0,99.99,,,0.0,1,0,hf_chars,4.0.1/builds.json,https://huggingface.co/datasets/LvlUrArti/MocDataProcessed/resolve/main/4.0.1/builds.json,ok
4.0.1,2026-02-22,moc,混沌回忆,all,全部,3.8.1,Breached Nest,2026-01-19,2026-03-02,trailblazer-harmony,Trailblazer - The Harmony,开拓者 - 同谐,,,10.76,1.67,7.03,,,5.9,2122,200,hf_chars,4.0.1/builds.json,https://huggingface.co/datasets/LvlUrArti/MocDataProcessed/resolve/main/4.0.1/builds.json,ok
4.0.1,2026-02-22,moc,混沌回忆,all,全部,3.8.1,Breached Nest,2026-01-19,2026-03-02,trailblazer-preservation,Trailblazer - The Preservation,开拓者 - 存护,,,0.01,0.0,99.99,,,6.0,2,0,hf_chars,4.0.1/builds.json,https://huggingface.co/datasets/LvlUrArti/MocDataProcessed/resolve/main/4.0.1/builds.json,ok
4.0.1,2026-02-22,moc,混沌回忆,all,全部,3.8.1,Breached Nest,2026-01-19,2026-03-02,trailblazer-remembrance,Trailblazer - Remembrance,开拓者•记忆,,,20.54,4.02,8.46,,,5.96,4049,688,hf_chars,4.0.1/builds.json,https://huggingface.co/datasets/LvlUrArti/MocDataProcessed/resolve/main/4.0.1/builds.json,ok
4.0.1,2026-02-22,moc,混沌回忆,all,全部,3.8.1,Breached Nest,2026-01-19,2026-03-02,tribbie,Tribbie,缇宝,,,29.86,4.38,8.32,,,0.66,5886,3781,hf_chars,4.0.1/builds.json,https://huggingface.co/datasets/LvlUrArti/MocDataProcessed/resolve/main/4.0.1/builds.json,ok
4.0.1,2026-02-22,moc,混沌回忆,all,全部,3.8.1,Breached Nest,2026-01-19,2026-03-02,welt,Welt,瓦尔特,,,0.0,0.0,99.99,,,2.67,0,2,hf_chars,4.0.1/builds.json,https://huggingface.co/datasets/LvlUrArti/MocDataProcessed/resolve/main/4.0.1/builds.json,ok
4.0.1,2026-02-22,moc,混沌回忆,all,全部,3.8.1,Breached Nest,2026-01-19,2026-03-02,xueyi,Xueyi,雪衣,,,0.07,0.01,99.99,,,6.0,13,8,hf_chars,4.0.1/builds.json,https://huggingface.co/datasets/LvlUrArti/MocDataProcessed/resolve/main/4.0.1/builds.json,ok
4.0.1,2026-02-22,moc,混沌回忆,all,全部,3.8.1,Breached Nest,2026-01-19,2026-03-02,yanqing,Yanqing,彦卿,,,0.0,0.0,99.99,,,0.0,0,2,hf_chars,4.0.1/builds.json,https://huggingface.co/datasets/LvlUrArti/MocDataProcessed/resolve/main/4.0.1/builds.json,ok
4.0.1,2026-02-22,moc,混沌回忆,all,全部,3.8.1,Breached Nest,2026-01-19,2026-03-02,yao-guang,Yao Guang,爻光,,,3.01,0.54,7.71,,,0.15,593,322,hf_chars,4.0.1/builds.json,https://huggingface.co/datasets/LvlUrArti/MocDataProcessed/resolve/main/4.0.1/builds.json,ok
4.0.1,2026-02-22,moc,混沌回忆,all,全部,3.8.1,Breached Nest,2026-01-19,2026-03-02,yukong,Yukong,驭空,,,0.02,0.0,99.99,,,6.0,4,1,hf_chars,4.0.1/builds.json,https://huggingface.co/datasets/LvlUrArti/MocDataProcessed/resolve/main/4.0.1/builds.json,ok
4.0.1,2026-02-22,moc,混沌回忆,all,全部,3.8.1,Breached Nest,2026-01-19,2026-03-02,yunli,Yunli,云璃,,,0.09,0.0,99.99,,,1.11,17,130,hf_chars,4.0.1/builds.json,https://huggingface.co/datasets/LvlUrArti/MocDataProcessed/resolve/main/4.0.1/builds.json,ok
4.1.1,2026-04-03,moc,混沌回忆,all,全部,4.0.1,Cyber Mystery,2026-03-02,2026-04-13,acheron,Acheron,黄泉,,,0.43,0.0,99.99,,,3.01,87,295,hf_chars,4.1.1/builds.json,https://huggingface.co/datasets/LvlUrArti/MocDataProcessed/resolve/main/4.1.1/builds.json,ok
4.1.1,2026-04-03,moc,混沌回忆,all,全部,4.0.1,Cyber Mystery,2026-03-02,2026-04-13,aglaea,Aglaea,阿格莱雅,,,0.96,0.01,99.99,,,1.75,196,176,hf_chars,4.1.1/builds.json,https://huggingface.co/datasets/LvlUrArti/MocDataProcessed/resolve/main/4.1.1/builds.json,ok
4.1.1,2026-04-03,moc,混沌回忆,all,全部,4.0.1,Cyber Mystery,2026-03-02,2026-04-13,anaxa,Anaxa,那刻夏,S-DPS,,2.61,0.17,8.72,,,0.23,532,0,hf_chars,4.1.1/builds.json,https://huggingface.co/datasets/LvlUrArti/MocDataProcessed/resolve/main/4.1.1/builds.json,ok
4.1.1,2026-04-03,moc,混沌回忆,all,全部,4.0.1,Cyber Mystery,2026-03-02,2026-04-13,archer,Archer,Archer,,,17.94,3.51,6.85,,,0.45,3658,674,hf_chars,4.1.1/builds.json,https://huggingface.co/datasets/LvlUrArti/MocDataProcessed/resolve/main/4.1.1/builds.json,ok
4.1.1,2026-04-03,moc,混沌回忆,all,全部,4.0.1,Cyber Mystery,2026-03-02,2026-04-13,argenti,Argenti,银枝,S-DPS,,0.04,0.0,99.99,,,0.24,8,0,hf_chars,4.1.1/builds.json,https://huggingface.co/datasets/LvlUrArti/MocDataProcessed/resolve/main/4.1.1/builds.json,ok
4.1.1,2026-04-03,moc,混沌回忆,all,全部,4.0.1,Cyber Mystery,2026-03-02,2026-04-13,arlan,Arlan,阿兰,,,0.01,0.0,99.99,,,6.0,2,2,hf_chars,4.1.1/builds.json,https://huggingface.co/datasets/LvlUrArti/MocDataProcessed/resolve/main/4.1.1/builds.json,ok
4.1.1,2026-04-03,moc,混沌回忆,all,全部,4.0.1,Cyber Mystery,2026-03-02,2026-04-13,ashveil,Ashveil,不死途,S-DPS,,0.22,0.02,99.99,,,0.4,45,0,hf_chars,4.1.1/builds.json,https://huggingface.co/datasets/LvlUrArti/MocDataProcessed/resolve/main/4.1.1/builds.json,ok
4.1.1,2026-04-03,moc,混沌回忆,all,全部,4.0.1,Cyber Mystery,2026-03-02,2026-04-13,asta,Asta,艾丝妲,,,0.02,0.0,99.99,,,0.0,5,1,hf_chars,4.1.1/builds.json,https://huggingface.co/datasets/LvlUrArti/MocDataProcessed/resolve/main/4.1.1/builds.json,ok
4.1.1,2026-04-03,moc,混沌回忆,all,全部,4.0.1,Cyber Mystery,2026-03-02,2026-04-13,aventurine,Aventurine,砂金,,,4.08,0.51,7.33,,,0.59,831,282,hf_chars,4.1.1/builds.json,https://huggingface.co/datasets/LvlUrArti/MocDataProcessed/resolve/main/4.1.1/builds.json,ok
4.1.1,2026-04-03,moc,混沌回忆,all,全部,4.0.1,Cyber Mystery,2026-03-02,2026-04-13,bailu,Bailu,白露,,,0.14,0.01,99.99,,,2.24,28,3,hf_chars,4.1.1/builds.json,https://huggingface.co/datasets/LvlUrArti/MocDataProcessed/resolve/main/4.1.1/builds.json,ok
4.1.1,2026-04-03,moc,混沌回忆,all,全部,4.0.1,Cyber Mystery,2026-03-02,2026-04-13,black-swan,Black Swan,黑天鹅,,,19.18,3.26,6.39,,,0.46,3910,917,hf_chars,4.1.1/builds.json,https://huggingface.co/datasets/LvlUrArti/MocDataProcessed/resolve/main/4.1.1/builds.json,ok
4.1.1,2026-04-03,moc,混沌回忆,all,全部,4.0.1,Cyber Mystery,2026-03-02,2026-04-13,blade,Blade,刃,S-DPS,,0.09,0.01,99.99,,,1.65,19,0,hf_chars,4.1.1/builds.json,https://huggingface.co/datasets/LvlUrArti/MocDataProcessed/resolve/main/4.1.1/builds.json,ok
4.1.1,2026-04-03,moc,混沌回忆,all,全部,4.0.1,Cyber Mystery,2026-03-02,2026-04-13,boothill,Boothill,波提欧,,,0.22,0.01,99.99,,,1.34,45,107,hf_chars,4.1.1/builds.json,https://huggingface.co/datasets/LvlUrArti/MocDataProcessed/resolve/main/4.1.1/builds.json,ok
4.1.1,2026-04-03,moc,混沌回忆,all,全部,4.0.1,Cyber Mystery,2026-03-02,2026-04-13,bronya,Bronya,布洛妮娅,,,3.65,0.56,8.68,,,2.93,744,55,hf_chars,4.1.1/builds.json,https://huggingface.co/datasets/LvlUrArti/MocDataProcessed/resolve/main/4.1.1/builds.json,ok
4.1.1,2026-04-03,moc,混沌回忆,all,全部,4.0.1,Cyber Mystery,2026-03-02,2026-04-13,castorice,Castorice,遐蝶,,,46.17,9.97,6.29,,,0.82,9413,3394,hf_chars,4.1.1/builds.json,https://huggingface.co/datasets/LvlUrArti/MocDataProcessed/resolve/main/4.1.1/builds.json,ok
4.1.1,2026-04-03,moc,混沌回忆,all,全部,4.0.1,Cyber Mystery,2026-03-02,2026-04-13,cerydra,Cerydra,刻律德菈,,,16.84,2.64,8.08,,,0.41,3433,807,hf_chars,4.1.1/builds.json,https://huggingface.co/datasets/LvlUrArti/MocDataProcessed/resolve/main/4.1.1/builds.json,ok
4.1.1,2026-04-03,moc,混沌回忆,all,全部,4.0.1,Cyber Mystery,2026-03-02,2026-04-13,cipher,Cipher,赛飞儿,,,1.87,0.17,7.53,,,0.6,381,289,hf_chars,4.1.1/builds.json,https://huggingface.co/datasets/LvlUrArti/MocDataProcessed/resolve/main/4.1.1/builds.json,ok
4.1.1,2026-04-03,moc,混沌回忆,all,全部,4.0.1,Cyber Mystery,2026-03-02,2026-04-13,clara,Clara,克拉拉,,,0.07,0.01,99.99,,,4.48,14,16,hf_chars,4.1.1/builds.json,https://huggingface.co/datasets/LvlUrArti/MocDataProcessed/resolve/main/4.1.1/builds.json,ok
4.1.1,2026-04-03,moc,混沌回忆,all,全部,4.0.1,Cyber Mystery,2026-03-02,2026-04-13,cyrene,Cyrene,昔涟,,,45.79,9.1,6.26,,,0.75,9336,2910,hf_chars,4.1.1/builds.json,https://huggingface.co/datasets/LvlUrArti/MocDataProcessed/resolve/main/4.1.1/builds.json,ok
4.1.1,2026-04-03,moc,混沌回忆,all,全部,4.0.1,Cyber Mystery,2026-03-02,2026-04-13,dan-heng,Dan Heng,丹恒,,,0.0,0.0,99.99,,,6.0,0,2,hf_chars,4.1.1/builds.json,https://huggingface.co/datasets/LvlUrArti/MocDataProcessed/resolve/main/4.1.1/builds.json,ok
4.1.1,2026-04-03,moc,混沌回忆,all,全部,4.0.1,Cyber Mystery,2026-03-02,2026-04-13,dan-heng-permansor-terrae,Dan Heng • Permansor Terrae,丹恒•腾荒,,,61.42,12.09,6.76,,,0.16,12522,1121,hf_chars,4.1.1/builds.json,https://huggingface.co/datasets/LvlUrArti/MocDataProcessed/resolve/main/4.1.1/builds.json,ok
4.1.1,2026-04-03,moc,混沌回忆,all,全部,4.0.1,Cyber Mystery,2026-03-02,2026-04-13,dr-ratio,Dr. Ratio,真理医生,,,0.0,0.0,99.99,,,4.38,1,15,hf_chars,4.1.1/builds.json,https://huggingface.co/datasets/LvlUrArti/MocDataProcessed/resolve/main/4.1.1/builds.json,ok
4.1.1,2026-04-03,moc,混沌回忆,all,全部,4.0.1,Cyber Mystery,2026-03-02,2026-04-13,feixiao,Feixiao,飞霄,,,0.54,0.03,99.99,,,1.66,111,215,hf_chars,4.1.1/builds.json,https://huggingface.co/datasets/LvlUrArti/MocDataProcessed/resolve/main/4.1.1/builds.json,ok
4.1.1,2026-04-03,moc,混沌回忆,all,全部,4.0.1,Cyber Mystery,2026-03-02,2026-04-13,firefly,Firefly,流萤,,,20.65,3.4,7.01,,,1.57,4210,1581,hf_chars,4.1.1/builds.json,https://huggingface.co/datasets/LvlUrArti/MocDataProcessed/resolve/main/4.1.1/builds.json,ok
4.1.1,2026-04-03,moc,混沌回忆,all,全部,4.0.1,Cyber Mystery,2026-03-02,2026-04-13,fu-xuan,Fu Xuan,符玄,,,1.2,0.07,6.93,,,1.46,245,73,hf_chars,4.1.1/builds.json,https://huggingface.co/datasets/LvlUrArti/MocDataProcessed/resolve/main/4.1.1/builds.json,ok
4.1.1,2026-04-03,moc,混沌回忆,all,全部,4.0.1,Cyber Mystery,2026-03-02,2026-04-13,gallagher,Gallagher,加拉赫,,,5.25,1.25,7.55,,,5.93,1071,25,hf_chars,4.1.1/builds.json,https://huggingface.co/datasets/LvlUrArti/MocDataProcessed/resolve/main/4.1.1/builds.json,ok
4.1.1,2026-04-03,moc,混沌回忆,all,全部,4.0.1,Cyber Mystery,2026-03-02,2026-04-13,gepard,Gepard,杰帕德,,,0.01,0.0,99.99,,,1.48,2,0,hf_chars,4.1.1/builds.json,https://huggingface.co/datasets/LvlUrArti/MocDataProcessed/resolve/main/4.1.1/builds.json,ok
4.1.1,2026-04-03,moc,混沌回忆,all,全部,4.0.1,Cyber Mystery,2026-03-02,2026-04-13,guinaifen,Guinaifen,桂乃芬,,,0.0,0.0,99.99,,,5.92,1,1,hf_chars,4.1.1/builds.json,https://huggingface.co/datasets/LvlUrArti/MocDataProcessed/resolve/main/4.1.1/builds.json,ok
4.1.1,2026-04-03,moc,混沌回忆,all,全部,4.0.1,Cyber Mystery,2026-03-02,2026-04-13,hanya,Hanya,寒鸦,,,0.02,0.0,99.99,,,0.0,5,0,hf_chars,4.1.1/builds.json,https://huggingface.co/datasets/LvlUrArti/MocDataProcessed/resolve/main/4.1.1/builds.json,ok
4.1.1,2026-04-03,moc,混沌回忆,all,全部,4.0.1,Cyber Mystery,2026-03-02,2026-04-13,herta,Herta,黑塔,,,0.4,0.02,99.99,,,6.0,82,12,hf_chars,4.1.1/builds.json,https://huggingface.co/datasets/LvlUrArti/MocDataProcessed/resolve/main/4.1.1/builds.json,ok
4.1.1,2026-04-03,moc,混沌回忆,all,全部,4.0.1,Cyber Mystery,2026-03-02,2026-04-13,himeko,Himeko,姬子,,,0.03,0.0,99.99,,,2.79,6,18,hf_chars,4.1.1/builds.json,https://huggingface.co/datasets/LvlUrArti/MocDataProcessed/resolve/main/4.1.1/builds.json,ok
4.1.1,2026-04-03,moc,混沌回忆,all,全部,4.0.1,Cyber Mystery,2026-03-02,2026-04-13,hook,Hook,虎克,,,0.0,0.0,99.99,,,6.0,0,3,hf_chars,4.1.1/builds.json,https://huggingface.co/datasets/LvlUrArti/MocDataProcessed/resolve/main/4.1.1/builds.json,ok
4.1.1,2026-04-03,moc,混沌回忆,all,全部,4.0.1,Cyber Mystery,2026-03-02,2026-04-13,huohuo,Huohuo,藿藿,,,7.38,1.01,6.22,,,0.27,1504,208,hf_chars,4.1.1/builds.json,https://huggingface.co/datasets/LvlUrArti/MocDataProcessed/resolve/main/4.1.1/builds.json,ok
4.1.1,2026-04-03,moc,混沌回忆,all,全部,4.0.1,Cyber Mystery,2026-03-02,2026-04-13,hyacine,Hyacine,风堇,,,56.0,11.43,6.38,,,0.3,11417,2863,hf_chars,4.1.1/builds.json,https://huggingface.co/datasets/LvlUrArti/MocDataProcessed/resolve/main/4.1.1/builds.json,ok
4.1.1,2026-04-03,moc,混沌回忆,all,全部,4.0.1,Cyber Mystery,2026-03-02,2026-04-13,hysilens,Hysilens,海瑟音,,,20.28,3.45,6.49,,,0.53,4135,1477,hf_chars,4.1.1/builds.json,https://huggingface.co/datasets/LvlUrArti/MocDataProcessed/resolve/main/4.1.1/builds.json,ok
4.1.1,2026-04-03,moc,混沌回忆,all,全部,4.0.1,Cyber Mystery,2026-03-02,2026-04-13,imbibitor-lunae,Dan Heng • Imbibitor Lunae,丹恒•饮月,,,0.05,0.0,99.99,,,3.67,11,62,hf_chars,4.1.1/builds.json,https://huggingface.co/datasets/LvlUrArti/MocDataProcessed/resolve/main/4.1.1/builds.json,ok
4.1.1,2026-04-03,moc,混沌回忆,all,全部,4.0.1,Cyber Mystery,2026-03-02,2026-04-13,jade,Jade,翡翠,,,0.36,0.01,99.99,,,0.56,73,73,hf_chars,4.1.1/builds.json,https://huggingface.co/datasets/LvlUrArti/MocDataProcessed/resolve/main/4.1.1/builds.json,ok
4.1.1,2026-04-03,moc,混沌回忆,all,全部,4.0.1,Cyber Mystery,2026-03-02,2026-04-13,jiaoqiu,Jiaoqiu,椒丘,,,0.29,0.0,99.99,,,0.96,60,61,hf_chars,4.1.1/builds.json,https://huggingface.co/datasets/LvlUrArti/MocDataProcessed/resolve/main/4.1.1/builds.json,ok
4.1.1,2026-04-03,moc,混沌回忆,all,全部,4.0.1,Cyber Mystery,2026-03-02,2026-04-13,jing-yuan,Jing Yuan,景元,,,0.07,0.0,99.99,,,1.23,15,39,hf_chars,4.1.1/builds.json,https://huggingface.co/datasets/LvlUrArti/MocDataProcessed/resolve/main/4.1.1/builds.json,ok
4.1.1,2026-04-03,moc,混沌回忆,all,全部,4.0.1,Cyber Mystery,2026-03-02,2026-04-13,jingliu,Jingliu,镜流,,,0.09,0.0,99.99,,,2.97,19,40,hf_chars,4.1.1/builds.json,https://huggingface.co/datasets/LvlUrArti/MocDataProcessed/resolve/main/4.1.1/builds.json,ok
4.1.1,2026-04-03,moc,混沌回忆,all,全部,4.0.1,Cyber Mystery,2026-03-02,2026-04-13,kafka,Kafka,卡芙卡,,,20.53,3.48,6.5,,,0.84,4185,1336,hf_chars,4.1.1/builds.json,https://huggingface.co/datasets/LvlUrArti/MocDataProcessed/resolve/main/4.1.1/builds.json,ok
4.1.1,2026-04-03,moc,混沌回忆,all,全部,4.0.1,Cyber Mystery,2026-03-02,2026-04-13,lingsha,Lingsha,灵砂,,,11.91,2.28,6.96,,,0.31,2318,335,hf_chars,4.1.1/builds.json,https://huggingface.co/datasets/LvlUrArti/MocDataProcessed/resolve/main/4.1.1/builds.json,ok
4.1.1,2026-04-03,moc,混沌回忆,all,全部,4.0.1,Cyber Mystery,2026-03-02,2026-04-13,luka,Luka,卢卡,,,0.0,0.0,99.99,,,0.0,1,0,hf_chars,4.1.1/builds.json,https://huggingface.co/datasets/LvlUrArti/MocDataProcessed/resolve/main/4.1.1/builds.json,ok
4.1.1,2026-04-03,moc,混沌回忆,all,全部,4.0.1,Cyber Mystery,2026-03-02,2026-04-13,luocha,Luocha,罗刹,,,1.68,0.31,8.21,,,0.34,343,37,hf_chars,4.1.1/builds.json,https://huggingface.co/datasets/LvlUrArti/MocDataProcessed/resolve/main/4.1.1/builds.json,ok
4.1.1,2026-04-03,moc,混沌回忆,all,全部,4.0.1,Cyber Mystery,2026-03-02,2026-04-13,lynx,Lynx,玲可,,,0.0,0.0,99.99,,,6.0,1,1,hf_chars,4.1.1/builds.json,https://huggingface.co/datasets/LvlUrArti/MocDataProcessed/resolve/main/4.1.1/builds.json,ok
4.1.1,2026-04-03,moc,混沌回忆,all,全部,4.0.1,Cyber Mystery,2026-03-02,2026-04-13,march-7th,March 7th,三月七 - 存护,,,0.0,0.0,99.99,,,6.0,0,1,hf_chars,4.1.1/builds.json,https://huggingface.co/datasets/LvlUrArti/MocDataProcessed/resolve/main/4.1.1/builds.json,ok
4.1.1,2026-04-03,moc,混沌回忆,all,全部,4.0.1,Cyber Mystery,2026-03-02,2026-04-13,march-7th-evernight,Evernight,长夜月,S-DPS,,40.95,9.0,6.12,,,0.48,8348,0,hf_chars,4.1.1/builds.json,https://huggingface.co/datasets/LvlUrArti/MocDataProcessed/resolve/main/4.1.1/builds.json,ok
4.1.1,2026-04-03,moc,混沌回忆,all,全部,4.0.1,Cyber Mystery,2026-03-02,2026-04-13,march-7th-swordmaster,March 7th: The Hunt,三月七•巡猎,,,0.01,0.0,99.99,,,0.0,3,5,hf_chars,4.1.1/builds.json,https://huggingface.co/datasets/LvlUrArti/MocDataProcessed/resolve/main/4.1.1/builds.json,ok
4.1.1,2026-04-03,moc,混沌回忆,all,全部,4.0.1,Cyber Mystery,2026-03-02,2026-04-13,misha,Misha,米沙,,,0.0,0.0,99.99,,,0.0,0,1,hf_chars,4.1.1/builds.json,https://huggingface.co/datasets/LvlUrArti/MocDataProcessed/resolve/main/4.1.1/builds.json,ok
4.1.1,2026-04-03,moc,混沌回忆,all,全部,4.0.1,Cyber Mystery,2026-03-02,2026-04-13,moze,Moze,貊泽,,,0.02,0.0,99.99,,,0.0,5,2,hf_chars,4.1.1/builds.json,https://huggingface.co/datasets/LvlUrArti/MocDataProcessed/resolve/main/4.1.1/builds.json,ok
4.1.1,2026-04-03,moc,混沌回忆,all,全部,4.0.1,Cyber Mystery,2026-03-02,2026-04-13,mydei,Mydei,万敌,,,1.44,0.15,7.94,,,1.73,294,287,hf_chars,4.1.1/builds.json,https://huggingface.co/datasets/LvlUrArti/MocDataProcessed/resolve/main/4.1.1/builds.json,ok
4.1.1,2026-04-03,moc,混沌回忆,all,全部,4.0.1,Cyber Mystery,2026-03-02,2026-04-13,natasha,Natasha,娜塔莎,,,0.02,0.0,99.99,,,6.0,4,0,hf_chars,4.1.1/builds.json,https://huggingface.co/datasets/LvlUrArti/MocDataProcessed/resolve/main/4.1.1/builds.json,ok
4.1.1,2026-04-03,moc,混沌回忆,all,全部,4.0.1,Cyber Mystery,2026-03-02,2026-04-13,pela,Pela,佩拉,,,0.03,0.0,99.99,,,5.88,7,0,hf_chars,4.1.1/builds.json,https://huggingface.co/datasets/LvlUrArti/MocDataProcessed/resolve/main/4.1.1/builds.json,ok
4.1.1,2026-04-03,moc,混沌回忆,all,全部,4.0.1,Cyber Mystery,2026-03-02,2026-04-13,phainon,Phainon,白厄,,,20.61,3.49,8.33,,,1.45,4202,2062,hf_chars,4.1.1/builds.json,https://huggingface.co/datasets/LvlUrArti/MocDataProcessed/resolve/main/4.1.1/builds.json,ok
4.1.1,2026-04-03,moc,混沌回忆,all,全部,4.0.1,Cyber Mystery,2026-03-02,2026-04-13,qingque,Qingque,青雀,,,0.03,0.0,99.99,,,6.0,6,11,hf_chars,4.1.1/builds.json,https://huggingface.co/datasets/LvlUrArti/MocDataProcessed/resolve/main/4.1.1/builds.json,ok
4.1.1,2026-04-03,moc,混沌回忆,all,全部,4.0.1,Cyber Mystery,2026-03-02,2026-04-13,rappa,Rappa,乱破,,,0.44,0.03,99.99,,,0.71,90,139,hf_chars,4.1.1/builds.json,https://huggingface.co/datasets/LvlUrArti/MocDataProcessed/resolve/main/4.1.1/builds.json,ok
4.1.1,2026-04-03,moc,混沌回忆,all,全部,4.0.1,Cyber Mystery,2026-03-02,2026-04-13,robin,Robin,知更鸟,,,3.69,0.25,8.08,,,0.92,753,387,hf_chars,4.1.1/builds.json,https://huggingface.co/datasets/LvlUrArti/MocDataProcessed/resolve/main/4.1.1/builds.json,ok
4.1.1,2026-04-03,moc,混沌回忆,all,全部,4.0.1,Cyber Mystery,2026-03-02,2026-04-13,ruan-mei,Ruan Mei,阮•梅,,,6.88,0.24,8.09,,,1.21,1402,350,hf_chars,4.1.1/builds.json,https://huggingface.co/datasets/LvlUrArti/MocDataProcessed/resolve/main/4.1.1/builds.json,ok
4.1.1,2026-04-03,moc,混沌回忆,all,全部,4.0.1,Cyber Mystery,2026-03-02,2026-04-13,saber,Saber,Saber,,,1.98,0.3,8.43,,,2.93,403,432,hf_chars,4.1.1/builds.json,https://huggingface.co/datasets/LvlUrArti/MocDataProcessed/resolve/main/4.1.1/builds.json,ok
4.1.1,2026-04-03,moc,混沌回忆,all,全部,4.0.1,Cyber Mystery,2026-03-02,2026-04-13,sampo,Sampo,桑博,,,0.0,0.0,99.99,,,5.9,0,3,hf_chars,4.1.1/builds.json,https://huggingface.co/datasets/LvlUrArti/MocDataProcessed/resolve/main/4.1.1/builds.json,ok
4.1.1,2026-04-03,moc,混沌回忆,all,全部,4.0.1,Cyber Mystery,2026-03-02,2026-04-13,seele,Seele,希儿,,,0.01,0.0,99.99,,,2.25,3,8,hf_chars,4.1.1/builds.json,https://huggingface.co/datasets/LvlUrArti/MocDataProcessed/resolve/main/4.1.1/builds.json,ok
4.1.1,2026-04-03,moc,混沌回忆,all,全部,4.0.1,Cyber Mystery,2026-03-02,2026-04-13,serval,Serval,希露瓦,,,0.1,0.0,99.99,,,5.9,21,0,hf_chars,4.1.1/builds.json,https://huggingface.co/datasets/LvlUrArti/MocDataProcessed/resolve/main/4.1.1/builds.json,ok
4.1.1,2026-04-03,moc,混沌回忆,all,全部,4.0.1,Cyber Mystery,2026-03-02,2026-04-13,silver-wolf,Silver Wolf,银狼,,,1.53,0.09,7.33,,,0.98,311,165,hf_chars,4.1.1/builds.json,https://huggingface.co/datasets/LvlUrArti/MocDataProcessed/resolve/main/4.1.1/builds.json,ok
4.1.1,2026-04-03,moc,混沌回忆,all,全部,4.0.1,Cyber Mystery,2026-03-02,2026-04-13,sparkle,Sparkle,花火,,,41.0,7.79,6.14,,,0.76,8358,1250,hf_chars,4.1.1/builds.json,https://huggingface.co/datasets/LvlUrArti/MocDataProcessed/resolve/main/4.1.1/builds.json,ok
4.1.1,2026-04-03,moc,混沌回忆,all,全部,4.0.1,Cyber Mystery,2026-03-02,2026-04-13,sparxie,Sparxie,火花,,,18.58,3.87,5.32,,,0.24,3788,961,hf_chars,4.1.1/builds.json,https://huggingface.co/datasets/LvlUrArti/MocDataProcessed/resolve/main/4.1.1/builds.json,ok
4.1.1,2026-04-03,moc,混沌回忆,all,全部,4.0.1,Cyber Mystery,2026-03-02,2026-04-13,sunday,Sunday,星期日,,,20.9,3.55,8.28,,,0.5,4261,1406,hf_chars,4.1.1/builds.json,https://huggingface.co/datasets/LvlUrArti/MocDataProcessed/resolve/main/4.1.1/builds.json,ok
4.1.1,2026-04-03,moc,混沌回忆,all,全部,4.0.1,Cyber Mystery,2026-03-02,2026-04-13,sushang,Sushang,素裳,,,0.0,0.0,99.99,,,0.0,1,1,hf_chars,4.1.1/builds.json,https://huggingface.co/datasets/LvlUrArti/MocDataProcessed/resolve/main/4.1.1/builds.json,ok
4.1.1,2026-04-03,moc,混沌回忆,all,全部,4.0.1,Cyber Mystery,2026-03-02,2026-04-13,the-dahlia,The Dahlia,大丽花,,,21.75,3.51,7.04,,,0.38,4435,968,hf_chars,4.1.1/builds.json,https://huggingface.co/datasets/LvlUrArti/MocDataProcessed/resolve/main/4.1.1/builds.json,ok
4.1.1,2026-04-03,moc,混沌回忆,all,全部,4.0.1,Cyber Mystery,2026-03-02,2026-04-13,the-herta,The Herta,大黑塔,,,3.5,0.2,8.76,,,1.22,714,949,hf_chars,4.1.1/builds.json,https://huggingface.co/datasets/LvlUrArti/MocDataProcessed/resolve/main/4.1.1/builds.json,ok
4.1.1,2026-04-03,moc,混沌回忆,all,全部,4.0.1,Cyber Mystery,2026-03-02,2026-04-13,tingyun,Tingyun,停云,,,0.19,0.01,99.99,,,5.94,39,0,hf_chars,4.1.1/builds.json,https://huggingface.co/datasets/LvlUrArti/MocDataProcessed/resolve/main/4.1.1/builds.json,ok
4.1.1,2026-04-03,moc,混沌回忆,all,全部,4.0.1,Cyber Mystery,2026-03-02,2026-04-13,tingyun-fugue,Fugue,忘归人,,,18.81,2.93,6.93,,,0.61,3835,697,hf_chars,4.1.1/builds.json,https://huggingface.co/datasets/LvlUrArti/MocDataProcessed/resolve/main/4.1.1/builds.json,ok
4.1.1,2026-04-03,moc,混沌回忆,all,全部,4.0.1,Cyber Mystery,2026-03-02,2026-04-13,topaz,Topaz & Numby,托帕&账账,,,0.1,0.0,99.99,,,1.98,20,37,hf_chars,4.1.1/builds.json,https://huggingface.co/datasets/LvlUrArti/MocDataProcessed/resolve/main/4.1.1/builds.json,ok
4.1.1,2026-04-03,moc,混沌回忆,all,全部,4.0.1,Cyber Mystery,2026-03-02,2026-04-13,trailblazer-destruction,Trailblazer - The Destruction,开拓者 - 毁灭,,,0.0,0.0,99.99,,,0.0,1,0,hf_chars,4.1.1/builds.json,https://huggingface.co/datasets/LvlUrArti/MocDataProcessed/resolve/main/4.1.1/builds.json,ok
4.1.1,2026-04-03,moc,混沌回忆,all,全部,4.0.1,Cyber Mystery,2026-03-02,2026-04-13,trailblazer-harmony,Trailblazer - The Harmony,开拓者 - 同谐,,,6.22,0.78,6.76,,,5.92,1268,72,hf_chars,4.1.1/builds.json,https://huggingface.co/datasets/LvlUrArti/MocDataProcessed/resolve/main/4.1.1/builds.json,ok
4.1.1,2026-04-03,moc,混沌回忆,all,全部,4.0.1,Cyber Mystery,2026-03-02,2026-04-13,trailblazer-preservation,Trailblazer - The Preservation,开拓者 - 存护,,,0.0,0.0,99.99,,,0.0,0,0,hf_chars,4.1.1/builds.json,https://huggingface.co/datasets/LvlUrArti/MocDataProcessed/resolve/main/4.1.1/builds.json,ok
4.1.1,2026-04-03,moc,混沌回忆,all,全部,4.0.1,Cyber Mystery,2026-03-02,2026-04-13,trailblazer-remembrance,Trailblazer - Remembrance,开拓者•记忆,,,17.67,3.06,7.62,,,5.97,3603,310,hf_chars,4.1.1/builds.json,https://huggingface.co/datasets/LvlUrArti/MocDataProcessed/resolve/main/4.1.1/builds.json,ok
4.1.1,2026-04-03,moc,混沌回忆,all,全部,4.0.1,Cyber Mystery,2026-03-02,2026-04-13,tribbie,Tribbie,缇宝,,,24.01,2.84,7.33,,,0.7,4895,1564,hf_chars,4.1.1/builds.json,https://huggingface.co/datasets/LvlUrArti/MocDataProcessed/resolve/main/4.1.1/builds.json,ok
4.1.1,2026-04-03,moc,混沌回忆,all,全部,4.0.1,Cyber Mystery,2026-03-02,2026-04-13,welt,Welt,瓦尔特,,,0.0,0.0,99.99,,,4.5,1,4,hf_chars,4.1.1/builds.json,https://huggingface.co/datasets/LvlUrArti/MocDataProcessed/resolve/main/4.1.1/builds.json,ok
4.1.1,2026-04-03,moc,混沌回忆,all,全部,4.0.1,Cyber Mystery,2026-03-02,2026-04-13,xueyi,Xueyi,雪衣,,,0.04,0.0,99.99,,,6.0,8,3,hf_chars,4.1.1/builds.json,https://huggingface.co/datasets/LvlUrArti/MocDataProcessed/resolve/main/4.1.1/builds.json,ok
4.1.1,2026-04-03,moc,混沌回忆,all,全部,4.0.1,Cyber Mystery,2026-03-02,2026-04-13,yanqing,Yanqing,彦卿,,,0.0,0.0,99.99,,,0.0,0,1,hf_chars,4.1.1/builds.json,https://huggingface.co/datasets/LvlUrArti/MocDataProcessed/resolve/main/4.1.1/builds.json,ok
4.1.1,2026-04-03,moc,混沌回忆,all,全部,4.0.1,Cyber Mystery,2026-03-02,2026-04-13,yao-guang,Yao Guang,爻光,,,27.53,6.39,5.86,,,0.2,5613,1412,hf_chars,4.1.1/builds.json,https://huggingface.co/datasets/LvlUrArti/MocDataProcessed/resolve/main/4.1.1/builds.json,ok
4.1.1,2026-04-03,moc,混沌回忆,all,全部,4.0.1,Cyber Mystery,2026-03-02,2026-04-13,yukong,Yukong,驭空,,,0.01,0.0,99.99,,,0.0,2,1,hf_chars,4.1.1/builds.json,https://huggingface.co/datasets/LvlUrArti/MocDataProcessed/resolve/main/4.1.1/builds.json,ok
4.1.1,2026-04-03,moc,混沌回忆,all,全部,4.0.1,Cyber Mystery,2026-03-02,2026-04-13,yunli,Yunli,云璃,,,0.13,0.0,99.99,,,0.99,26,55,hf_chars,4.1.1/builds.json,https://huggingface.co/datasets/LvlUrArti/MocDataProcessed/resolve/main/4.1.1/builds.json,ok
4.2.2,2026-05-16,moc,混沌回忆,all,全部,4.1.1,Grand Finale,2026-04-13,2026-05-25,acheron,Acheron,黄泉,,,1.2,0.07,7.56,,,3.21,273,748,hf_chars,4.2.2/builds.json,https://huggingface.co/datasets/LvlUrArti/MocDataProcessed/resolve/main/4.2.2/builds.json,ok
4.2.2,2026-05-16,moc,混沌回忆,all,全部,4.1.1,Grand Finale,2026-04-13,2026-05-25,aglaea,Aglaea,阿格莱雅,,,2.24,0.21,7.9,,,1.65,512,503,hf_chars,4.2.2/builds.json,https://huggingface.co/datasets/LvlUrArti/MocDataProcessed/resolve/main/4.2.2/builds.json,ok
4.2.2,2026-05-16,moc,混沌回忆,all,全部,4.1.1,Grand Finale,2026-04-13,2026-05-25,anaxa,Anaxa,那刻夏,S-DPS,,4.45,0.66,7.87,,,0.25,1015,0,hf_chars,4.2.2/builds.json,https://huggingface.co/datasets/LvlUrArti/MocDataProcessed/resolve/main/4.2.2/builds.json,ok
4.2.2,2026-05-16,moc,混沌回忆,all,全部,4.1.1,Grand Finale,2026-04-13,2026-05-25,archer,Archer,Archer,,,5.62,0.96,8.1,,,0.88,1281,781,hf_chars,4.2.2/builds.json,https://huggingface.co/datasets/LvlUrArti/MocDataProcessed/resolve/main/4.2.2/builds.json,ok
4.2.2,2026-05-16,moc,混沌回忆,all,全部,4.1.1,Grand Finale,2026-04-13,2026-05-25,argenti,Argenti,银枝,S-DPS,,0.09,0.02,99.99,,,0.21,20,0,hf_chars,4.2.2/builds.json,https://huggingface.co/datasets/LvlUrArti/MocDataProcessed/resolve/main/4.2.2/builds.json,ok
4.2.2,2026-05-16,moc,混沌回忆,all,全部,4.1.1,Grand Finale,2026-04-13,2026-05-25,arlan,Arlan,阿兰,,,0.0,0.0,99.99,,,0.0,0,3,hf_chars,4.2.2/builds.json,https://huggingface.co/datasets/LvlUrArti/MocDataProcessed/resolve/main/4.2.2/builds.json,ok
4.2.2,2026-05-16,moc,混沌回忆,all,全部,4.1.1,Grand Finale,2026-04-13,2026-05-25,ashveil,Ashveil,不死途,S-DPS,,1.46,0.18,8.15,,,0.51,333,0,hf_chars,4.2.2/builds.json,https://huggingface.co/datasets/LvlUrArti/MocDataProcessed/resolve/main/4.2.2/builds.json,ok
4.2.2,2026-05-16,moc,混沌回忆,all,全部,4.1.1,Grand Finale,2026-04-13,2026-05-25,asta,Asta,艾丝妲,,,0.39,0.11,7.42,,,5.92,90,6,hf_chars,4.2.2/builds.json,https://huggingface.co/datasets/LvlUrArti/MocDataProcessed/resolve/main/4.2.2/builds.json,ok
4.2.2,2026-05-16,moc,混沌回忆,all,全部,4.1.1,Grand Finale,2026-04-13,2026-05-25,aventurine,Aventurine,砂金,,,4.69,0.77,7.88,,,0.69,1070,581,hf_chars,4.2.2/builds.json,https://huggingface.co/datasets/LvlUrArti/MocDataProcessed/resolve/main/4.2.2/builds.json,ok
4.2.2,2026-05-16,moc,混沌回忆,all,全部,4.1.1,Grand Finale,2026-04-13,2026-05-25,bailu,Bailu,白露,,,0.11,0.01,99.99,,,2.39,26,8,hf_chars,4.2.2/builds.json,https://huggingface.co/datasets/LvlUrArti/MocDataProcessed/resolve/main/4.2.2/builds.json,ok
4.2.2,2026-05-16,moc,混沌回忆,all,全部,4.1.1,Grand Finale,2026-04-13,2026-05-25,black-swan,Black Swan,黑天鹅,,,15.67,2.75,6.4,,,0.49,3574,1768,hf_chars,4.2.2/builds.json,https://huggingface.co/datasets/LvlUrArti/MocDataProcessed/resolve/main/4.2.2/builds.json,ok
4.2.2,2026-05-16,moc,混沌回忆,all,全部,4.1.1,Grand Finale,2026-04-13,2026-05-25,blade,Blade,刃,S-DPS,,0.07,0.0,99.99,,,1.7,17,0,hf_chars,4.2.2/builds.json,https://huggingface.co/datasets/LvlUrArti/MocDataProcessed/resolve/main/4.2.2/builds.json,ok
4.2.2,2026-05-16,moc,混沌回忆,all,全部,4.1.1,Grand Finale,2026-04-13,2026-05-25,boothill,Boothill,波提欧,,,0.45,0.05,9.33,,,1.74,102,213,hf_chars,4.2.2/builds.json,https://huggingface.co/datasets/LvlUrArti/MocDataProcessed/resolve/main/4.2.2/builds.json,ok
4.2.2,2026-05-16,moc,混沌回忆,all,全部,4.1.1,Grand Finale,2026-04-13,2026-05-25,bronya,Bronya,布洛妮娅,,,1.97,0.38,8.56,,,3.06,450,84,hf_chars,4.2.2/builds.json,https://huggingface.co/datasets/LvlUrArti/MocDataProcessed/resolve/main/4.2.2/builds.json,ok
4.2.2,2026-05-16,moc,混沌回忆,all,全部,4.1.1,Grand Finale,2026-04-13,2026-05-25,castorice,Castorice,遐蝶,,,45.51,10.83,6.02,,,0.84,10379,7149,hf_chars,4.2.2/builds.json,https://huggingface.co/datasets/LvlUrArti/MocDataProcessed/resolve/main/4.2.2/builds.json,ok
4.2.2,2026-05-16,moc,混沌回忆,all,全部,4.1.1,Grand Finale,2026-04-13,2026-05-25,cerydra,Cerydra,刻律德菈,,,12.75,2.14,7.67,,,0.49,2909,1228,hf_chars,4.2.2/builds.json,https://huggingface.co/datasets/LvlUrArti/MocDataProcessed/resolve/main/4.2.2/builds.json,ok
4.2.2,2026-05-16,moc,混沌回忆,all,全部,4.1.1,Grand Finale,2026-04-13,2026-05-25,cipher,Cipher,赛飞儿,,,1.92,0.23,7.62,,,0.64,439,484,hf_chars,4.2.2/builds.json,https://huggingface.co/datasets/LvlUrArti/MocDataProcessed/resolve/main/4.2.2/builds.json,ok
4.2.2,2026-05-16,moc,混沌回忆,all,全部,4.1.1,Grand Finale,2026-04-13,2026-05-25,clara,Clara,克拉拉,,,0.11,0.02,99.99,,,4.47,26,39,hf_chars,4.2.2/builds.json,https://huggingface.co/datasets/LvlUrArti/MocDataProcessed/resolve/main/4.2.2/builds.json,ok
4.2.2,2026-05-16,moc,混沌回忆,all,全部,4.1.1,Grand Finale,2026-04-13,2026-05-25,cyrene,Cyrene,昔涟,,,43.62,9.79,5.97,,,0.72,9948,5805,hf_chars,4.2.2/builds.json,https://huggingface.co/datasets/LvlUrArti/MocDataProcessed/resolve/main/4.2.2/builds.json,ok
4.2.2,2026-05-16,moc,混沌回忆,all,全部,4.1.1,Grand Finale,2026-04-13,2026-05-25,dan-heng,Dan Heng,丹恒,,,0.0,0.0,99.99,,,6.0,1,4,hf_chars,4.2.2/builds.json,https://huggingface.co/datasets/LvlUrArti/MocDataProcessed/resolve/main/4.2.2/builds.json,ok
4.2.2,2026-05-16,moc,混沌回忆,all,全部,4.1.1,Grand Finale,2026-04-13,2026-05-25,dan-heng-permansor-terrae,Dan Heng • Permansor Terrae,丹恒•腾荒,,,52.46,11.69,6.74,,,0.18,11966,1997,hf_chars,4.2.2/builds.json,https://huggingface.co/datasets/LvlUrArti/MocDataProcessed/resolve/main/4.2.2/builds.json,ok
4.2.2,2026-05-16,moc,混沌回忆,all,全部,4.1.1,Grand Finale,2026-04-13,2026-05-25,dr-ratio,Dr. Ratio,真理医生,,,0.03,0.0,99.99,,,3.01,7,38,hf_chars,4.2.2/builds.json,https://huggingface.co/datasets/LvlUrArti/MocDataProcessed/resolve/main/4.2.2/builds.json,ok
4.2.2,2026-05-16,moc,混沌回忆,all,全部,4.1.1,Grand Finale,2026-04-13,2026-05-25,evanescia,Evanescia,绯英,,,3.82,0.36,4.47,,,1.08,872,694,hf_chars,4.2.2/builds.json,https://huggingface.co/datasets/LvlUrArti/MocDataProcessed/resolve/main/4.2.2/builds.json,ok
4.2.2,2026-05-16,moc,混沌回忆,all,全部,4.1.1,Grand Finale,2026-04-13,2026-05-25,feixiao,Feixiao,飞霄,,,1.3,0.18,8.27,,,1.45,297,447,hf_chars,4.2.2/builds.json,https://huggingface.co/datasets/LvlUrArti/MocDataProcessed/resolve/main/4.2.2/builds.json,ok
4.2.2,2026-05-16,moc,混沌回忆,all,全部,4.1.1,Grand Finale,2026-04-13,2026-05-25,firefly,Firefly,流萤,,,14.57,1.7,6.71,,,1.54,3323,3702,hf_chars,4.2.2/builds.json,https://huggingface.co/datasets/LvlUrArti/MocDataProcessed/resolve/main/4.2.2/builds.json,ok
4.2.2,2026-05-16,moc,混沌回忆,all,全部,4.1.1,Grand Finale,2026-04-13,2026-05-25,fu-xuan,Fu Xuan,符玄,,,1.16,0.08,6.83,,,1.48,265,134,hf_chars,4.2.2/builds.json,https://huggingface.co/datasets/LvlUrArti/MocDataProcessed/resolve/main/4.2.2/builds.json,ok
4.2.2,2026-05-16,moc,混沌回忆,all,全部,4.1.1,Grand Finale,2026-04-13,2026-05-25,gallagher,Gallagher,加拉赫,,,3.52,0.79,7.61,,,5.96,802,25,hf_chars,4.2.2/builds.json,https://huggingface.co/datasets/LvlUrArti/MocDataProcessed/resolve/main/4.2.2/builds.json,ok
4.2.2,2026-05-16,moc,混沌回忆,all,全部,4.1.1,Grand Finale,2026-04-13,2026-05-25,gepard,Gepard,杰帕德,,,0.0,0.0,99.99,,,2.22,0,1,hf_chars,4.2.2/builds.json,https://huggingface.co/datasets/LvlUrArti/MocDataProcessed/resolve/main/4.2.2/builds.json,ok
4.2.2,2026-05-16,moc,混沌回忆,all,全部,4.1.1,Grand Finale,2026-04-13,2026-05-25,guinaifen,Guinaifen,桂乃芬,,,0.01,0.0,99.99,,,6.0,2,0,hf_chars,4.2.2/builds.json,https://huggingface.co/datasets/LvlUrArti/MocDataProcessed/resolve/main/4.2.2/builds.json,ok
4.2.2,2026-05-16,moc,混沌回忆,all,全部,4.1.1,Grand Finale,2026-04-13,2026-05-25,hanya,Hanya,寒鸦,,,0.01,0.0,99.99,,,0.0,3,1,hf_chars,4.2.2/builds.json,https://huggingface.co/datasets/LvlUrArti/MocDataProcessed/resolve/main/4.2.2/builds.json,ok
4.2.2,2026-05-16,moc,混沌回忆,all,全部,4.1.1,Grand Finale,2026-04-13,2026-05-25,herta,Herta,黑塔,,,0.95,0.17,8.21,,,6.0,216,18,hf_chars,4.2.2/builds.json,https://huggingface.co/datasets/LvlUrArti/MocDataProcessed/resolve/main/4.2.2/builds.json,ok
4.2.2,2026-05-16,moc,混沌回忆,all,全部,4.1.1,Grand Finale,2026-04-13,2026-05-25,himeko,Himeko,姬子,,,0.02,0.0,99.99,,,3.0,4,15,hf_chars,4.2.2/builds.json,https://huggingface.co/datasets/LvlUrArti/MocDataProcessed/resolve/main/4.2.2/builds.json,ok
4.2.2,2026-05-16,moc,混沌回忆,all,全部,4.1.1,Grand Finale,2026-04-13,2026-05-25,hook,Hook,虎克,,,0.0,0.0,99.99,,,0.0,1,5,hf_chars,4.2.2/builds.json,https://huggingface.co/datasets/LvlUrArti/MocDataProcessed/resolve/main/4.2.2/builds.json,ok
4.2.2,2026-05-16,moc,混沌回忆,all,全部,4.1.1,Grand Finale,2026-04-13,2026-05-25,huohuo,Huohuo,藿藿,,,22.31,3.45,5.5,,,0.6,5088,741,hf_chars,4.2.2/builds.json,https://huggingface.co/datasets/LvlUrArti/MocDataProcessed/resolve/main/4.2.2/builds.json,ok
4.2.2,2026-05-16,moc,混沌回忆,all,全部,4.1.1,Grand Finale,2026-04-13,2026-05-25,hyacine,Hyacine,风堇,,,54.97,12.19,6.09,,,0.33,12537,5529,hf_chars,4.2.2/builds.json,https://huggingface.co/datasets/LvlUrArti/MocDataProcessed/resolve/main/4.2.2/builds.json,ok
4.2.2,2026-05-16,moc,混沌回忆,all,全部,4.1.1,Grand Finale,2026-04-13,2026-05-25,hysilens,Hysilens,海瑟音,,,16.69,2.96,6.47,,,0.58,3807,2843,hf_chars,4.2.2/builds.json,https://huggingface.co/datasets/LvlUrArti/MocDataProcessed/resolve/main/4.2.2/builds.json,ok
4.2.2,2026-05-16,moc,混沌回忆,all,全部,4.1.1,Grand Finale,2026-04-13,2026-05-25,imbibitor-lunae,Dan Heng • Imbibitor Lunae,丹恒•饮月,,,0.09,0.01,99.99,,,3.6,20,82,hf_chars,4.2.2/builds.json,https://huggingface.co/datasets/LvlUrArti/MocDataProcessed/resolve/main/4.2.2/builds.json,ok
4.2.2,2026-05-16,moc,混沌回忆,all,全部,4.1.1,Grand Finale,2026-04-13,2026-05-25,jade,Jade,翡翠,,,1.13,0.14,7.94,,,0.44,257,156,hf_chars,4.2.2/builds.json,https://huggingface.co/datasets/LvlUrArti/MocDataProcessed/resolve/main/4.2.2/builds.json,ok
4.2.2,2026-05-16,moc,混沌回忆,all,全部,4.1.1,Grand Finale,2026-04-13,2026-05-25,jiaoqiu,Jiaoqiu,椒丘,,,0.52,0.02,99.99,,,1.15,119,125,hf_chars,4.2.2/builds.json,https://huggingface.co/datasets/LvlUrArti/MocDataProcessed/resolve/main/4.2.2/builds.json,ok
4.2.2,2026-05-16,moc,混沌回忆,all,全部,4.1.1,Grand Finale,2026-04-13,2026-05-25,jing-yuan,Jing Yuan,景元,,,0.25,0.01,99.99,,,1.72,58,106,hf_chars,4.2.2/builds.json,https://huggingface.co/datasets/LvlUrArti/MocDataProcessed/resolve/main/4.2.2/builds.json,ok
4.2.2,2026-05-16,moc,混沌回忆,all,全部,4.1.1,Grand Finale,2026-04-13,2026-05-25,jingliu,Jingliu,镜流,,,0.11,0.01,99.99,,,3.23,25,96,hf_chars,4.2.2/builds.json,https://huggingface.co/datasets/LvlUrArti/MocDataProcessed/resolve/main/4.2.2/builds.json,ok
4.2.2,2026-05-16,moc,混沌回忆,all,全部,4.1.1,Grand Finale,2026-04-13,2026-05-25,kafka,Kafka,卡芙卡,,,16.84,2.96,6.48,,,0.92,3840,2745,hf_chars,4.2.2/builds.json,https://huggingface.co/datasets/LvlUrArti/MocDataProcessed/resolve/main/4.2.2/builds.json,ok
4.2.2,2026-05-16,moc,混沌回忆,all,全部,4.1.1,Grand Finale,2026-04-13,2026-05-25,lingsha,Lingsha,灵砂,,,7.56,1.32,6.95,,,0.28,1725,527,hf_chars,4.2.2/builds.json,https://huggingface.co/datasets/LvlUrArti/MocDataProcessed/resolve/main/4.2.2/builds.json,ok
4.2.2,2026-05-16,moc,混沌回忆,all,全部,4.1.1,Grand Finale,2026-04-13,2026-05-25,luka,Luka,卢卡,,,0.0,0.0,99.99,,,6.0,1,2,hf_chars,4.2.2/builds.json,https://huggingface.co/datasets/LvlUrArti/MocDataProcessed/resolve/main/4.2.2/builds.json,ok
4.2.2,2026-05-16,moc,混沌回忆,all,全部,4.1.1,Grand Finale,2026-04-13,2026-05-25,luocha,Luocha,罗刹,,,1.58,0.35,8.04,,,0.37,361,58,hf_chars,4.2.2/builds.json,https://huggingface.co/datasets/LvlUrArti/MocDataProcessed/resolve/main/4.2.2/builds.json,ok
4.2.2,2026-05-16,moc,混沌回忆,all,全部,4.1.1,Grand Finale,2026-04-13,2026-05-25,lynx,Lynx,玲可,,,0.0,0.0,99.99,,,0.0,0,0,hf_chars,4.2.2/builds.json,https://huggingface.co/datasets/LvlUrArti/MocDataProcessed/resolve/main/4.2.2/builds.json,ok
4.2.2,2026-05-16,moc,混沌回忆,all,全部,4.1.1,Grand Finale,2026-04-13,2026-05-25,march-7th,March 7th,三月七 - 存护,,,0.0,0.0,99.99,,,0.0,0,1,hf_chars,4.2.2/builds.json,https://huggingface.co/datasets/LvlUrArti/MocDataProcessed/resolve/main/4.2.2/builds.json,ok
4.2.2,2026-05-16,moc,混沌回忆,all,全部,4.1.1,Grand Finale,2026-04-13,2026-05-25,march-7th-evernight,Evernight,长夜月,S-DPS,,39.57,9.24,5.82,,,0.46,9026,0,hf_chars,4.2.2/builds.json,https://huggingface.co/datasets/LvlUrArti/MocDataProcessed/resolve/main/4.2.2/builds.json,ok
4.2.2,2026-05-16,moc,混沌回忆,all,全部,4.1.1,Grand Finale,2026-04-13,2026-05-25,march-7th-swordmaster,March 7th: The Hunt,三月七•巡猎,,,0.07,0.02,99.99,,,6.0,16,10,hf_chars,4.2.2/builds.json,https://huggingface.co/datasets/LvlUrArti/MocDataProcessed/resolve/main/4.2.2/builds.json,ok
4.2.2,2026-05-16,moc,混沌回忆,all,全部,4.1.1,Grand Finale,2026-04-13,2026-05-25,misha,Misha,米沙,,,0.0,0.0,99.99,,,0.0,0,1,hf_chars,4.2.2/builds.json,https://huggingface.co/datasets/LvlUrArti/MocDataProcessed/resolve/main/4.2.2/builds.json,ok
4.2.2,2026-05-16,moc,混沌回忆,all,全部,4.1.1,Grand Finale,2026-04-13,2026-05-25,moze,Moze,貊泽,,,0.1,0.02,99.99,,,5.92,22,5,hf_chars,4.2.2/builds.json,https://huggingface.co/datasets/LvlUrArti/MocDataProcessed/resolve/main/4.2.2/builds.json,ok
4.2.2,2026-05-16,moc,混沌回忆,all,全部,4.1.1,Grand Finale,2026-04-13,2026-05-25,mydei,Mydei,万敌,,,1.44,0.21,7.79,,,1.86,328,553,hf_chars,4.2.2/builds.json,https://huggingface.co/datasets/LvlUrArti/MocDataProcessed/resolve/main/4.2.2/builds.json,ok
4.2.2,2026-05-16,moc,混沌回忆,all,全部,4.1.1,Grand Finale,2026-04-13,2026-05-25,natasha,Natasha,娜塔莎,,,0.01,0.0,99.99,,,6.0,2,1,hf_chars,4.2.2/builds.json,https://huggingface.co/datasets/LvlUrArti/MocDataProcessed/resolve/main/4.2.2/builds.json,ok
4.2.2,2026-05-16,moc,混沌回忆,all,全部,4.1.1,Grand Finale,2026-04-13,2026-05-25,pela,Pela,佩拉,,,0.07,0.0,99.99,,,5.68,16,2,hf_chars,4.2.2/builds.json,https://huggingface.co/datasets/LvlUrArti/MocDataProcessed/resolve/main/4.2.2/builds.json,ok
4.2.2,2026-05-16,moc,混沌回忆,all,全部,4.1.1,Grand Finale,2026-04-13,2026-05-25,phainon,Phainon,白厄,,,13.83,2.65,7.85,,,1.8,3155,3133,hf_chars,4.2.2/builds.json,https://huggingface.co/datasets/LvlUrArti/MocDataProcessed/resolve/main/4.2.2/builds.json,ok
4.2.2,2026-05-16,moc,混沌回忆,all,全部,4.1.1,Grand Finale,2026-04-13,2026-05-25,qingque,Qingque,青雀,,,0.03,0.0,99.99,,,6.0,6,14,hf_chars,4.2.2/builds.json,https://huggingface.co/datasets/LvlUrArti/MocDataProcessed/resolve/main/4.2.2/builds.json,ok
4.2.2,2026-05-16,moc,混沌回忆,all,全部,4.1.1,Grand Finale,2026-04-13,2026-05-25,rappa,Rappa,乱破,,,0.65,0.13,8.86,,,0.97,148,307,hf_chars,4.2.2/builds.json,https://huggingface.co/datasets/LvlUrArti/MocDataProcessed/resolve/main/4.2.2/builds.json,ok
4.2.2,2026-05-16,moc,混沌回忆,all,全部,4.1.1,Grand Finale,2026-04-13,2026-05-25,robin,Robin,知更鸟,,,3.96,0.26,8.38,,,1.51,904,792,hf_chars,4.2.2/builds.json,https://huggingface.co/datasets/LvlUrArti/MocDataProcessed/resolve/main/4.2.2/builds.json,ok
4.2.2,2026-05-16,moc,混沌回忆,all,全部,4.1.1,Grand Finale,2026-04-13,2026-05-25,ruan-mei,Ruan Mei,阮•梅,,,6.61,0.22,7.69,,,1.24,1508,672,hf_chars,4.2.2/builds.json,https://huggingface.co/datasets/LvlUrArti/MocDataProcessed/resolve/main/4.2.2/builds.json,ok
4.2.2,2026-05-16,moc,混沌回忆,all,全部,4.1.1,Grand Finale,2026-04-13,2026-05-25,saber,Saber,Saber,,,0.67,0.1,8.26,,,3.93,153,627,hf_chars,4.2.2/builds.json,https://huggingface.co/datasets/LvlUrArti/MocDataProcessed/resolve/main/4.2.2/builds.json,ok
4.2.2,2026-05-16,moc,混沌回忆,all,全部,4.1.1,Grand Finale,2026-04-13,2026-05-25,sampo,Sampo,桑博,,,0.01,0.0,99.99,,,6.0,2,3,hf_chars,4.2.2/builds.json,https://huggingface.co/datasets/LvlUrArti/MocDataProcessed/resolve/main/4.2.2/builds.json,ok
4.2.2,2026-05-16,moc,混沌回忆,all,全部,4.1.1,Grand Finale,2026-04-13,2026-05-25,seele,Seele,希儿,,,0.96,0.05,7.0,,,1.55,220,147,hf_chars,4.2.2/builds.json,https://huggingface.co/datasets/LvlUrArti/MocDataProcessed/resolve/main/4.2.2/builds.json,ok
4.2.2,2026-05-16,moc,混沌回忆,all,全部,4.1.1,Grand Finale,2026-04-13,2026-05-25,serval,Serval,希露瓦,,,0.25,0.03,99.99,,,5.94,58,1,hf_chars,4.2.2/builds.json,https://huggingface.co/datasets/LvlUrArti/MocDataProcessed/resolve/main/4.2.2/builds.json,ok
4.2.2,2026-05-16,moc,混沌回忆,all,全部,4.1.1,Grand Finale,2026-04-13,2026-05-25,silver-wolf,Silver Wolf,银狼,,,1.6,0.13,8.07,,,1.25,366,278,hf_chars,4.2.2/builds.json,https://huggingface.co/datasets/LvlUrArti/MocDataProcessed/resolve/main/4.2.2/builds.json,ok
4.2.2,2026-05-16,moc,混沌回忆,all,全部,4.1.1,Grand Finale,2026-04-13,2026-05-25,silver-wolf-lv-999,Silver Wolf LV.999,银狼LV.999,,,19.16,3.91,5.25,,,0.8,4369,3156,hf_chars,4.2.2/builds.json,https://huggingface.co/datasets/LvlUrArti/MocDataProcessed/resolve/main/4.2.2/builds.json,ok
4.2.2,2026-05-16,moc,混沌回忆,all,全部,4.1.1,Grand Finale,2026-04-13,2026-05-25,sparkle,Sparkle,花火,,,29.01,5.57,6.51,,,0.93,6617,2472,hf_chars,4.2.2/builds.json,https://huggingface.co/datasets/LvlUrArti/MocDataProcessed/resolve/main/4.2.2/builds.json,ok
4.2.2,2026-05-16,moc,混沌回忆,all,全部,4.1.1,Grand Finale,2026-04-13,2026-05-25,sparxie,Sparxie,火花,S-DPS,,13.12,2.55,4.78,,,0.2,2993,0,hf_chars,4.2.2/builds.json,https://huggingface.co/datasets/LvlUrArti/MocDataProcessed/resolve/main/4.2.2/builds.json,ok
4.2.2,2026-05-16,moc,混沌回忆,all,全部,4.1.1,Grand Finale,2026-04-13,2026-05-25,sunday,Sunday,星期日,,,18.39,3.51,7.62,,,0.58,4194,2283,hf_chars,4.2.2/builds.json,https://huggingface.co/datasets/LvlUrArti/MocDataProcessed/resolve/main/4.2.2/builds.json,ok
4.2.2,2026-05-16,moc,混沌回忆,all,全部,4.1.1,Grand Finale,2026-04-13,2026-05-25,sushang,Sushang,素裳,,,0.0,0.0,99.99,,,0.0,1,1,hf_chars,4.2.2/builds.json,https://huggingface.co/datasets/LvlUrArti/MocDataProcessed/resolve/main/4.2.2/builds.json,ok
4.2.2,2026-05-16,moc,混沌回忆,all,全部,4.1.1,Grand Finale,2026-04-13,2026-05-25,the-dahlia,The Dahlia,大丽花,,,15.78,1.91,6.93,,,0.44,3598,2049,hf_chars,4.2.2/builds.json,https://huggingface.co/datasets/LvlUrArti/MocDataProcessed/resolve/main/4.2.2/builds.json,ok
4.2.2,2026-05-16,moc,混沌回忆,all,全部,4.1.1,Grand Finale,2026-04-13,2026-05-25,the-herta,The Herta,大黑塔,,,6.77,1.01,7.95,,,1.14,1543,2015,hf_chars,4.2.2/builds.json,https://huggingface.co/datasets/LvlUrArti/MocDataProcessed/resolve/main/4.2.2/builds.json,ok
4.2.2,2026-05-16,moc,混沌回忆,all,全部,4.1.1,Grand Finale,2026-04-13,2026-05-25,tingyun,Tingyun,停云,,,0.18,0.03,99.99,,,5.95,42,3,hf_chars,4.2.2/builds.json,https://huggingface.co/datasets/LvlUrArti/MocDataProcessed/resolve/main/4.2.2/builds.json,ok
4.2.2,2026-05-16,moc,混沌回忆,all,全部,4.1.1,Grand Finale,2026-04-13,2026-05-25,tingyun-fugue,Fugue,忘归人,,,13.52,1.55,6.9,,,0.56,3083,1310,hf_chars,4.2.2/builds.json,https://huggingface.co/datasets/LvlUrArti/MocDataProcessed/resolve/main/4.2.2/builds.json,ok
4.2.2,2026-05-16,moc,混沌回忆,all,全部,4.1.1,Grand Finale,2026-04-13,2026-05-25,topaz,Topaz & Numby,托帕&账账,,,0.14,0.02,99.99,,,1.96,33,89,hf_chars,4.2.2/builds.json,https://huggingface.co/datasets/LvlUrArti/MocDataProcessed/resolve/main/4.2.2/builds.json,ok
4.2.2,2026-05-16,moc,混沌回忆,all,全部,4.1.1,Grand Finale,2026-04-13,2026-05-25,trailblazer-destruction,Trailblazer - The Destruction,开拓者 - 毁灭,,,0.0,0.0,99.99,,,0.0,0,0,hf_chars,4.2.2/builds.json,https://huggingface.co/datasets/LvlUrArti/MocDataProcessed/resolve/main/4.2.2/builds.json,ok
4.2.2,2026-05-16,moc,混沌回忆,all,全部,4.1.1,Grand Finale,2026-04-13,2026-05-25,trailblazer-elation,Trailblazer: Elation,开拓者•欢愉,,,10.94,1.86,5.82,,,4.45,2496,288,hf_chars,4.2.2/builds.json,https://huggingface.co/datasets/LvlUrArti/MocDataProcessed/resolve/main/4.2.2/builds.json,ok
4.2.2,2026-05-16,moc,混沌回忆,all,全部,4.1.1,Grand Finale,2026-04-13,2026-05-25,trailblazer-harmony,Trailblazer - The Harmony,开拓者 - 同谐,,,4.8,0.41,6.27,,,5.87,1094,87,hf_chars,4.2.2/builds.json,https://huggingface.co/datasets/LvlUrArti/MocDataProcessed/resolve/main/4.2.2/builds.json,ok
4.2.2,2026-05-16,moc,混沌回忆,all,全部,4.1.1,Grand Finale,2026-04-13,2026-05-25,trailblazer-preservation,Trailblazer - The Preservation,开拓者 - 存护,,,0.0,0.0,99.99,,,0.0,0,0,hf_chars,4.2.2/builds.json,https://huggingface.co/datasets/LvlUrArti/MocDataProcessed/resolve/main/4.2.2/builds.json,ok
4.2.2,2026-05-16,moc,混沌回忆,all,全部,4.1.1,Grand Finale,2026-04-13,2026-05-25,trailblazer-remembrance,Trailblazer - Remembrance,开拓者•记忆,,,16.52,3.41,7.1,,,5.96,3769,257,hf_chars,4.2.2/builds.json,https://huggingface.co/datasets/LvlUrArti/MocDataProcessed/resolve/main/4.2.2/builds.json,ok
4.2.2,2026-05-16,moc,混沌回忆,all,全部,4.1.1,Grand Finale,2026-04-13,2026-05-25,tribbie,Tribbie,缇宝,,,27.96,4.38,6.94,,,0.68,6376,3014,hf_chars,4.2.2/builds.json,https://huggingface.co/datasets/LvlUrArti/MocDataProcessed/resolve/main/4.2.2/builds.json,ok
4.2.2,2026-05-16,moc,混沌回忆,all,全部,4.1.1,Grand Finale,2026-04-13,2026-05-25,welt,Welt,瓦尔特,,,1.81,0.3,5.68,,,3.95,413,152,hf_chars,4.2.2/builds.json,https://huggingface.co/datasets/LvlUrArti/MocDataProcessed/resolve/main/4.2.2/builds.json,ok
4.2.2,2026-05-16,moc,混沌回忆,all,全部,4.1.1,Grand Finale,2026-04-13,2026-05-25,xueyi,Xueyi,雪衣,,,0.02,0.0,99.99,,,6.0,5,6,hf_chars,4.2.2/builds.json,https://huggingface.co/datasets/LvlUrArti/MocDataProcessed/resolve/main/4.2.2/builds.json,ok
4.2.2,2026-05-16,moc,混沌回忆,all,全部,4.1.1,Grand Finale,2026-04-13,2026-05-25,yanqing,Yanqing,彦卿,,,0.0,0.0,99.99,,,0.0,1,2,hf_chars,4.2.2/builds.json,https://huggingface.co/datasets/LvlUrArti/MocDataProcessed/resolve/main/4.2.2/builds.json,ok
4.2.2,2026-05-16,moc,混沌回忆,all,全部,4.1.1,Grand Finale,2026-04-13,2026-05-25,yao-guang,Yao Guang,爻光,,,35.88,8.01,5.66,,,0.18,8184,4317,hf_chars,4.2.2/builds.json,https://huggingface.co/datasets/LvlUrArti/MocDataProcessed/resolve/main/4.2.2/builds.json,ok
4.2.2,2026-05-16,moc,混沌回忆,all,全部,4.1.1,Grand Finale,2026-04-13,2026-05-25,yukong,Yukong,驭空,,,0.0,0.0,99.99,,,0.0,1,0,hf_chars,4.2.2/builds.json,https://huggingface.co/datasets/LvlUrArti/MocDataProcessed/resolve/main/4.2.2/builds.json,ok
4.2.2,2026-05-16,moc,混沌回忆,all,全部,4.1.1,Grand Finale,2026-04-13,2026-05-25,yunli,Yunli,云璃,,,0.16,0.02,99.99,,,1.26,37,114,hf_chars,4.2.2/builds.json,https://huggingface.co/datasets/LvlUrArti/MocDataProcessed/resolve/main/4.2.2/builds.json,ok
4.3.2,2026-06-25,moc,混沌回忆,all,全部,4.2.1,Duty Action,2026-05-25,2026-07-06,acheron,Acheron,黄泉,,,4.59,0.36,8.73,,,1.72,754,1023,hf_chars,4.3.2/builds.json,https://huggingface.co/datasets/LvlUrArti/MocDataProcessed/resolve/main/4.3.2/builds.json,ok
4.3.2,2026-06-25,moc,混沌回忆,all,全部,4.2.1,Duty Action,2026-05-25,2026-07-06,aglaea,Aglaea,阿格莱雅,,,0.66,0.0,99.99,,,1.88,108,347,hf_chars,4.3.2/builds.json,https://huggingface.co/datasets/LvlUrArti/MocDataProcessed/resolve/main/4.3.2/builds.json,ok
4.3.2,2026-06-25,moc,混沌回忆,all,全部,4.2.1,Duty Action,2026-05-25,2026-07-06,anaxa,Anaxa,那刻夏,S-DPS,,0.89,0.0,99.99,,,0.29,147,0,hf_chars,4.3.2/builds.json,https://huggingface.co/datasets/LvlUrArti/MocDataProcessed/resolve/main/4.3.2/builds.json,ok
4.3.2,2026-06-25,moc,混沌回忆,all,全部,4.2.1,Duty Action,2026-05-25,2026-07-06,archer,Archer,Archer,,,3.46,0.11,9.38,,,0.88,568,931,hf_chars,4.3.2/builds.json,https://huggingface.co/datasets/LvlUrArti/MocDataProcessed/resolve/main/4.3.2/builds.json,ok
4.3.2,2026-06-25,moc,混沌回忆,all,全部,4.2.1,Duty Action,2026-05-25,2026-07-06,argenti,Argenti,银枝,S-DPS,,0.01,0.0,99.99,,,0.36,1,0,hf_chars,4.3.2/builds.json,https://huggingface.co/datasets/LvlUrArti/MocDataProcessed/resolve/main/4.3.2/builds.json,ok
4.3.2,2026-06-25,moc,混沌回忆,all,全部,4.2.1,Duty Action,2026-05-25,2026-07-06,arlan,Arlan,阿兰,,,0.02,0.0,99.99,,,6.0,3,1,hf_chars,4.3.2/builds.json,https://huggingface.co/datasets/LvlUrArti/MocDataProcessed/resolve/main/4.3.2/builds.json,ok
4.3.2,2026-06-25,moc,混沌回忆,all,全部,4.2.1,Duty Action,2026-05-25,2026-07-06,ashveil,Ashveil,不死途,S-DPS,,1.33,0.1,8.07,,,0.36,219,0,hf_chars,4.3.2/builds.json,https://huggingface.co/datasets/LvlUrArti/MocDataProcessed/resolve/main/4.3.2/builds.json,ok
4.3.2,2026-06-25,moc,混沌回忆,all,全部,4.2.1,Duty Action,2026-05-25,2026-07-06,asta,Asta,艾丝妲,,,0.56,0.04,99.99,,,5.97,92,4,hf_chars,4.3.2/builds.json,https://huggingface.co/datasets/LvlUrArti/MocDataProcessed/resolve/main/4.3.2/builds.json,ok
4.3.2,2026-06-25,moc,混沌回忆,all,全部,4.2.1,Duty Action,2026-05-25,2026-07-06,aventurine,Aventurine,砂金,,,2.4,0.22,8.7,,,0.69,394,363,hf_chars,4.3.2/builds.json,https://huggingface.co/datasets/LvlUrArti/MocDataProcessed/resolve/main/4.3.2/builds.json,ok
4.3.2,2026-06-25,moc,混沌回忆,all,全部,4.2.1,Duty Action,2026-05-25,2026-07-06,bailu,Bailu,白露,,,0.07,0.0,99.99,,,2.6,11,4,hf_chars,4.3.2/builds.json,https://huggingface.co/datasets/LvlUrArti/MocDataProcessed/resolve/main/4.3.2/builds.json,ok
4.3.2,2026-06-25,moc,混沌回忆,all,全部,4.2.1,Duty Action,2026-05-25,2026-07-06,black-swan,Black Swan,黑天鹅,,,18.73,2.01,8.17,,,0.51,3078,1537,hf_chars,4.3.2/builds.json,https://huggingface.co/datasets/LvlUrArti/MocDataProcessed/resolve/main/4.3.2/builds.json,ok
4.3.2,2026-06-25,moc,混沌回忆,all,全部,4.2.1,Duty Action,2026-05-25,2026-07-06,blade,Blade,刃,S-DPS,,0.01,0.0,99.99,,,1.97,1,0,hf_chars,4.3.2/builds.json,https://huggingface.co/datasets/LvlUrArti/MocDataProcessed/resolve/main/4.3.2/builds.json,ok
4.3.2,2026-06-25,moc,混沌回忆,all,全部,4.2.1,Duty Action,2026-05-25,2026-07-06,blade-mortenax,Mortenax Blade,千冶•刃,,,11.35,1.23,8.41,,,0.61,1865,1465,hf_chars,4.3.2/builds.json,https://huggingface.co/datasets/LvlUrArti/MocDataProcessed/resolve/main/4.3.2/builds.json,ok
4.3.2,2026-06-25,moc,混沌回忆,all,全部,4.2.1,Duty Action,2026-05-25,2026-07-06,boothill,Boothill,波提欧,,,0.5,0.02,99.99,,,1.56,82,156,hf_chars,4.3.2/builds.json,https://huggingface.co/datasets/LvlUrArti/MocDataProcessed/resolve/main/4.3.2/builds.json,ok
4.3.2,2026-06-25,moc,混沌回忆,all,全部,4.2.1,Duty Action,2026-05-25,2026-07-06,bronya,Bronya,布洛妮娅,,,1.09,0.02,99.99,,,3.28,179,74,hf_chars,4.3.2/builds.json,https://huggingface.co/datasets/LvlUrArti/MocDataProcessed/resolve/main/4.3.2/builds.json,ok
4.3.2,2026-06-25,moc,混沌回忆,all,全部,4.2.1,Duty Action,2026-05-25,2026-07-06,castorice,Castorice,遐蝶,,,32.33,5.28,7.48,,,0.93,5311,6814,hf_chars,4.3.2/builds.json,https://huggingface.co/datasets/LvlUrArti/MocDataProcessed/resolve/main/4.3.2/builds.json,ok
4.3.2,2026-06-25,moc,混沌回忆,all,全部,4.2.1,Duty Action,2026-05-25,2026-07-06,cerydra,Cerydra,刻律德菈,,,13.03,0.69,8.77,,,0.5,2141,1051,hf_chars,4.3.2/builds.json,https://huggingface.co/datasets/LvlUrArti/MocDataProcessed/resolve/main/4.3.2/builds.json,ok
4.3.2,2026-06-25,moc,混沌回忆,all,全部,4.2.1,Duty Action,2026-05-25,2026-07-06,cipher,Cipher,赛飞儿,,,1.54,0.07,8.25,,,0.56,253,453,hf_chars,4.3.2/builds.json,https://huggingface.co/datasets/LvlUrArti/MocDataProcessed/resolve/main/4.3.2/builds.json,ok
4.3.2,2026-06-25,moc,混沌回忆,all,全部,4.2.1,Duty Action,2026-05-25,2026-07-06,clara,Clara,克拉拉,,,0.02,0.0,99.99,,,5.22,3,16,hf_chars,4.3.2/builds.json,https://huggingface.co/datasets/LvlUrArti/MocDataProcessed/resolve/main/4.3.2/builds.json,ok
4.3.2,2026-06-25,moc,混沌回忆,all,全部,4.2.1,Duty Action,2026-05-25,2026-07-06,cyrene,Cyrene,昔涟,,,34.54,5.26,7.43,,,0.79,5675,5626,hf_chars,4.3.2/builds.json,https://huggingface.co/datasets/LvlUrArti/MocDataProcessed/resolve/main/4.3.2/builds.json,ok
4.3.2,2026-06-25,moc,混沌回忆,all,全部,4.2.1,Duty Action,2026-05-25,2026-07-06,dan-heng,Dan Heng,丹恒,,,0.0,0.0,99.99,,,6.0,0,2,hf_chars,4.3.2/builds.json,https://huggingface.co/datasets/LvlUrArti/MocDataProcessed/resolve/main/4.3.2/builds.json,ok
4.3.2,2026-06-25,moc,混沌回忆,all,全部,4.2.1,Duty Action,2026-05-25,2026-07-06,dan-heng-permansor-terrae,Dan Heng • Permansor Terrae,丹恒•腾荒,,,43.4,6.14,8.07,,,0.19,7131,1797,hf_chars,4.3.2/builds.json,https://huggingface.co/datasets/LvlUrArti/MocDataProcessed/resolve/main/4.3.2/builds.json,ok
4.3.2,2026-06-25,moc,混沌回忆,all,全部,4.2.1,Duty Action,2026-05-25,2026-07-06,dr-ratio,Dr. Ratio,真理医生,,,0.04,0.0,99.99,,,3.45,6,29,hf_chars,4.3.2/builds.json,https://huggingface.co/datasets/LvlUrArti/MocDataProcessed/resolve/main/4.3.2/builds.json,ok
4.3.2,2026-06-25,moc,混沌回忆,all,全部,4.2.1,Duty Action,2026-05-25,2026-07-06,evanescia,Evanescia,绯英,,,17.2,1.8,8.03,,,1.07,2826,2900,hf_chars,4.3.2/builds.json,https://huggingface.co/datasets/LvlUrArti/MocDataProcessed/resolve/main/4.3.2/builds.json,ok
4.3.2,2026-06-25,moc,混沌回忆,all,全部,4.2.1,Duty Action,2026-05-25,2026-07-06,feixiao,Feixiao,飞霄,,,0.77,0.04,99.99,,,1.6,126,245,hf_chars,4.3.2/builds.json,https://huggingface.co/datasets/LvlUrArti/MocDataProcessed/resolve/main/4.3.2/builds.json,ok
4.3.2,2026-06-25,moc,混沌回忆,all,全部,4.2.1,Duty Action,2026-05-25,2026-07-06,firefly,Firefly,流萤,,,30.61,3.53,7.97,,,1.55,5029,3910,hf_chars,4.3.2/builds.json,https://huggingface.co/datasets/LvlUrArti/MocDataProcessed/resolve/main/4.3.2/builds.json,ok
4.3.2,2026-06-25,moc,混沌回忆,all,全部,4.2.1,Duty Action,2026-05-25,2026-07-06,fu-xuan,Fu Xuan,符玄,,,1.59,0.1,8.4,,,1.5,261,139,hf_chars,4.3.2/builds.json,https://huggingface.co/datasets/LvlUrArti/MocDataProcessed/resolve/main/4.3.2/builds.json,ok
4.3.2,2026-06-25,moc,混沌回忆,all,全部,4.2.1,Duty Action,2026-05-25,2026-07-06,gallagher,Gallagher,加拉赫,,,6.25,0.93,8.52,,,5.96,1027,23,hf_chars,4.3.2/builds.json,https://huggingface.co/datasets/LvlUrArti/MocDataProcessed/resolve/main/4.3.2/builds.json,ok
4.3.2,2026-06-25,moc,混沌回忆,all,全部,4.2.1,Duty Action,2026-05-25,2026-07-06,gepard,Gepard,杰帕德,,,0.01,0.0,99.99,,,2.73,1,3,hf_chars,4.3.2/builds.json,https://huggingface.co/datasets/LvlUrArti/MocDataProcessed/resolve/main/4.3.2/builds.json,ok
4.3.2,2026-06-25,moc,混沌回忆,all,全部,4.2.1,Duty Action,2026-05-25,2026-07-06,guinaifen,Guinaifen,桂乃芬,,,0.01,0.0,99.99,,,0.0,2,0,hf_chars,4.3.2/builds.json,https://huggingface.co/datasets/LvlUrArti/MocDataProcessed/resolve/main/4.3.2/builds.json,ok
4.3.2,2026-06-25,moc,混沌回忆,all,全部,4.2.1,Duty Action,2026-05-25,2026-07-06,hanya,Hanya,寒鸦,,,0.01,0.0,99.99,,,0.0,1,0,hf_chars,4.3.2/builds.json,https://huggingface.co/datasets/LvlUrArti/MocDataProcessed/resolve/main/4.3.2/builds.json,ok
4.3.2,2026-06-25,moc,混沌回忆,all,全部,4.2.1,Duty Action,2026-05-25,2026-07-06,herta,Herta,黑塔,,,0.04,0.0,99.99,,,6.0,7,17,hf_chars,4.3.2/builds.json,https://huggingface.co/datasets/LvlUrArti/MocDataProcessed/resolve/main/4.3.2/builds.json,ok
4.3.2,2026-06-25,moc,混沌回忆,all,全部,4.2.1,Duty Action,2026-05-25,2026-07-06,himeko,Himeko,姬子,,,0.04,0.0,99.99,,,3.05,7,14,hf_chars,4.3.2/builds.json,https://huggingface.co/datasets/LvlUrArti/MocDataProcessed/resolve/main/4.3.2/builds.json,ok
4.3.2,2026-06-25,moc,混沌回忆,all,全部,4.2.1,Duty Action,2026-05-25,2026-07-06,hook,Hook,虎克,,,0.0,0.0,99.99,,,0.0,0,4,hf_chars,4.3.2/builds.json,https://huggingface.co/datasets/LvlUrArti/MocDataProcessed/resolve/main/4.3.2/builds.json,ok
4.3.2,2026-06-25,moc,混沌回忆,all,全部,4.2.1,Duty Action,2026-05-25,2026-07-06,huohuo,Huohuo,藿藿,,,61.03,7.53,7.53,,,0.64,10028,1037,hf_chars,4.3.2/builds.json,https://huggingface.co/datasets/LvlUrArti/MocDataProcessed/resolve/main/4.3.2/builds.json,ok
4.3.2,2026-06-25,moc,混沌回忆,all,全部,4.2.1,Duty Action,2026-05-25,2026-07-06,hyacine,Hyacine,风堇,,,45.55,7.03,7.66,,,0.37,7484,5124,hf_chars,4.3.2/builds.json,https://huggingface.co/datasets/LvlUrArti/MocDataProcessed/resolve/main/4.3.2/builds.json,ok
4.3.2,2026-06-25,moc,混沌回忆,all,全部,4.2.1,Duty Action,2026-05-25,2026-07-06,hysilens,Hysilens,海瑟音,,,19.48,2.11,8.19,,,0.6,3200,2409,hf_chars,4.3.2/builds.json,https://huggingface.co/datasets/LvlUrArti/MocDataProcessed/resolve/main/4.3.2/builds.json,ok
4.3.2,2026-06-25,moc,混沌回忆,all,全部,4.2.1,Duty Action,2026-05-25,2026-07-06,imbibitor-lunae,Dan Heng • Imbibitor Lunae,丹恒•饮月,,,0.03,0.0,99.99,,,3.75,5,49,hf_chars,4.3.2/builds.json,https://huggingface.co/datasets/LvlUrArti/MocDataProcessed/resolve/main/4.3.2/builds.json,ok
4.3.2,2026-06-25,moc,混沌回忆,all,全部,4.2.1,Duty Action,2026-05-25,2026-07-06,jade,Jade,翡翠,,,0.08,0.0,99.99,,,0.65,13,99,hf_chars,4.3.2/builds.json,https://huggingface.co/datasets/LvlUrArti/MocDataProcessed/resolve/main/4.3.2/builds.json,ok
4.3.2,2026-06-25,moc,混沌回忆,all,全部,4.2.1,Duty Action,2026-05-25,2026-07-06,jiaoqiu,Jiaoqiu,椒丘,,,0.43,0.03,99.99,,,0.8,71,82,hf_chars,4.3.2/builds.json,https://huggingface.co/datasets/LvlUrArti/MocDataProcessed/resolve/main/4.3.2/builds.json,ok
4.3.2,2026-06-25,moc,混沌回忆,all,全部,4.2.1,Duty Action,2026-05-25,2026-07-06,jing-yuan,Jing Yuan,景元,,,0.04,0.0,99.99,,,1.52,7,90,hf_chars,4.3.2/builds.json,https://huggingface.co/datasets/LvlUrArti/MocDataProcessed/resolve/main/4.3.2/builds.json,ok
4.3.2,2026-06-25,moc,混沌回忆,all,全部,4.2.1,Duty Action,2026-05-25,2026-07-06,jingliu,Jingliu,镜流,,,0.02,0.0,99.99,,,3.54,3,55,hf_chars,4.3.2/builds.json,https://huggingface.co/datasets/LvlUrArti/MocDataProcessed/resolve/main/4.3.2/builds.json,ok
4.3.2,2026-06-25,moc,混沌回忆,all,全部,4.2.1,Duty Action,2026-05-25,2026-07-06,kafka,Kafka,卡芙卡,,,19.63,2.11,8.19,,,0.98,3226,2312,hf_chars,4.3.2/builds.json,https://huggingface.co/datasets/LvlUrArti/MocDataProcessed/resolve/main/4.3.2/builds.json,ok
4.3.2,2026-06-25,moc,混沌回忆,all,全部,4.2.1,Duty Action,2026-05-25,2026-07-06,lingsha,Lingsha,灵砂,,,14.56,2.26,8.1,,,0.25,2392,413,hf_chars,4.3.2/builds.json,https://huggingface.co/datasets/LvlUrArti/MocDataProcessed/resolve/main/4.3.2/builds.json,ok
4.3.2,2026-06-25,moc,混沌回忆,all,全部,4.2.1,Duty Action,2026-05-25,2026-07-06,luka,Luka,卢卡,,,0.01,0.0,99.99,,,6.0,1,2,hf_chars,4.3.2/builds.json,https://huggingface.co/datasets/LvlUrArti/MocDataProcessed/resolve/main/4.3.2/builds.json,ok
4.3.2,2026-06-25,moc,混沌回忆,all,全部,4.2.1,Duty Action,2026-05-25,2026-07-06,luocha,Luocha,罗刹,,,1.07,0.06,8.5,,,0.36,176,48,hf_chars,4.3.2/builds.json,https://huggingface.co/datasets/LvlUrArti/MocDataProcessed/resolve/main/4.3.2/builds.json,ok
4.3.2,2026-06-25,moc,混沌回忆,all,全部,4.2.1,Duty Action,2026-05-25,2026-07-06,lynx,Lynx,玲可,,,0.01,0.01,99.99,,,6.0,1,0,hf_chars,4.3.2/builds.json,https://huggingface.co/datasets/LvlUrArti/MocDataProcessed/resolve/main/4.3.2/builds.json,ok
4.3.2,2026-06-25,moc,混沌回忆,all,全部,4.2.1,Duty Action,2026-05-25,2026-07-06,march-7th,March 7th,三月七 - 存护,,,0.0,0.0,99.99,,,6.0,0,1,hf_chars,4.3.2/builds.json,https://huggingface.co/datasets/LvlUrArti/MocDataProcessed/resolve/main/4.3.2/builds.json,ok
4.3.2,2026-06-25,moc,混沌回忆,all,全部,4.2.1,Duty Action,2026-05-25,2026-07-06,march-7th-evernight,Evernight,长夜月,S-DPS,,29.5,4.94,7.4,,,0.52,4847,0,hf_chars,4.3.2/builds.json,https://huggingface.co/datasets/LvlUrArti/MocDataProcessed/resolve/main/4.3.2/builds.json,ok
4.3.2,2026-06-25,moc,混沌回忆,all,全部,4.2.1,Duty Action,2026-05-25,2026-07-06,march-7th-swordmaster,March 7th: The Hunt,三月七•巡猎,,,0.04,0.0,99.99,,,0.0,6,4,hf_chars,4.3.2/builds.json,https://huggingface.co/datasets/LvlUrArti/MocDataProcessed/resolve/main/4.3.2/builds.json,ok
4.3.2,2026-06-25,moc,混沌回忆,all,全部,4.2.1,Duty Action,2026-05-25,2026-07-06,misha,Misha,米沙,,,0.0,0.0,99.99,,,0.0,0,0,hf_chars,4.3.2/builds.json,https://huggingface.co/datasets/LvlUrArti/MocDataProcessed/resolve/main/4.3.2/builds.json,ok
4.3.2,2026-06-25,moc,混沌回忆,all,全部,4.2.1,Duty Action,2026-05-25,2026-07-06,moze,Moze,貊泽,,,0.09,0.0,99.99,,,6.0,15,3,hf_chars,4.3.2/builds.json,https://huggingface.co/datasets/LvlUrArti/MocDataProcessed/resolve/main/4.3.2/builds.json,ok
4.3.2,2026-06-25,moc,混沌回忆,all,全部,4.2.1,Duty Action,2026-05-25,2026-07-06,mydei,Mydei,万敌,,,0.89,0.04,99.99,,,2.25,146,339,hf_chars,4.3.2/builds.json,https://huggingface.co/datasets/LvlUrArti/MocDataProcessed/resolve/main/4.3.2/builds.json,ok
4.3.2,2026-06-25,moc,混沌回忆,all,全部,4.2.1,Duty Action,2026-05-25,2026-07-06,natasha,Natasha,娜塔莎,,,0.02,0.0,99.99,,,6.0,3,1,hf_chars,4.3.2/builds.json,https://huggingface.co/datasets/LvlUrArti/MocDataProcessed/resolve/main/4.3.2/builds.json,ok
4.3.2,2026-06-25,moc,混沌回忆,all,全部,4.2.1,Duty Action,2026-05-25,2026-07-06,pela,Pela,佩拉,,,0.03,0.0,99.99,,,5.92,5,0,hf_chars,4.3.2/builds.json,https://huggingface.co/datasets/LvlUrArti/MocDataProcessed/resolve/main/4.3.2/builds.json,ok
4.3.2,2026-06-25,moc,混沌回忆,all,全部,4.2.1,Duty Action,2026-05-25,2026-07-06,phainon,Phainon,白厄,,,13.61,0.66,8.9,,,1.98,2236,3040,hf_chars,4.3.2/builds.json,https://huggingface.co/datasets/LvlUrArti/MocDataProcessed/resolve/main/4.3.2/builds.json,ok
4.3.2,2026-06-25,moc,混沌回忆,all,全部,4.2.1,Duty Action,2026-05-25,2026-07-06,qingque,Qingque,青雀,,,0.01,0.0,99.99,,,6.0,2,24,hf_chars,4.3.2/builds.json,https://huggingface.co/datasets/LvlUrArti/MocDataProcessed/resolve/main/4.3.2/builds.json,ok
4.3.2,2026-06-25,moc,混沌回忆,all,全部,4.2.1,Duty Action,2026-05-25,2026-07-06,rappa,Rappa,乱破,,,0.47,0.03,99.99,,,1.03,77,97,hf_chars,4.3.2/builds.json,https://huggingface.co/datasets/LvlUrArti/MocDataProcessed/resolve/main/4.3.2/builds.json,ok
4.3.2,2026-06-25,moc,混沌回忆,all,全部,4.2.1,Duty Action,2026-05-25,2026-07-06,robin,Robin,知更鸟,,,3.44,0.04,99.99,,,1.59,565,672,hf_chars,4.3.2/builds.json,https://huggingface.co/datasets/LvlUrArti/MocDataProcessed/resolve/main/4.3.2/builds.json,ok
4.3.2,2026-06-25,moc,混沌回忆,all,全部,4.2.1,Duty Action,2026-05-25,2026-07-06,ruan-mei,Ruan Mei,阮•梅,,,10.64,0.3,6.9,,,1.24,1748,560,hf_chars,4.3.2/builds.json,https://huggingface.co/datasets/LvlUrArti/MocDataProcessed/resolve/main/4.3.2/builds.json,ok
4.3.2,2026-06-25,moc,混沌回忆,all,全部,4.2.1,Duty Action,2026-05-25,2026-07-06,saber,Saber,Saber,,,0.3,0.0,99.99,,,4.15,50,570,hf_chars,4.3.2/builds.json,https://huggingface.co/datasets/LvlUrArti/MocDataProcessed/resolve/main/4.3.2/builds.json,ok
4.3.2,2026-06-25,moc,混沌回忆,all,全部,4.2.1,Duty Action,2026-05-25,2026-07-06,sampo,Sampo,桑博,,,0.0,0.0,99.99,,,6.0,0,0,hf_chars,4.3.2/builds.json,https://huggingface.co/datasets/LvlUrArti/MocDataProcessed/resolve/main/4.3.2/builds.json,ok
4.3.2,2026-06-25,moc,混沌回忆,all,全部,4.2.1,Duty Action,2026-05-25,2026-07-06,seele,Seele,希儿,,,0.75,0.01,99.99,,,1.57,124,310,hf_chars,4.3.2/builds.json,https://huggingface.co/datasets/LvlUrArti/MocDataProcessed/resolve/main/4.3.2/builds.json,ok
4.3.2,2026-06-25,moc,混沌回忆,all,全部,4.2.1,Duty Action,2026-05-25,2026-07-06,serval,Serval,希露瓦,,,0.01,0.0,99.99,,,0.0,2,2,hf_chars,4.3.2/builds.json,https://huggingface.co/datasets/LvlUrArti/MocDataProcessed/resolve/main/4.3.2/builds.json,ok
4.3.2,2026-06-25,moc,混沌回忆,all,全部,4.2.1,Duty Action,2026-05-25,2026-07-06,silver-wolf,Silver Wolf,银狼,,,1.61,0.09,8.5,,,1.15,265,250,hf_chars,4.3.2/builds.json,https://huggingface.co/datasets/LvlUrArti/MocDataProcessed/resolve/main/4.3.2/builds.json,ok
4.3.2,2026-06-25,moc,混沌回忆,all,全部,4.2.1,Duty Action,2026-05-25,2026-07-06,silver-wolf-lv-999,Silver Wolf LV.999,银狼LV.999,,,60.02,9.47,7.6,,,1.02,9861,7149,hf_chars,4.3.2/builds.json,https://huggingface.co/datasets/LvlUrArti/MocDataProcessed/resolve/main/4.3.2/builds.json,ok
4.3.2,2026-06-25,moc,混沌回忆,all,全部,4.2.1,Duty Action,2026-05-25,2026-07-06,sparkle,Sparkle,花火,,,16.63,1.0,8.69,,,0.99,2733,1719,hf_chars,4.3.2/builds.json,https://huggingface.co/datasets/LvlUrArti/MocDataProcessed/resolve/main/4.3.2/builds.json,ok
4.3.2,2026-06-25,moc,混沌回忆,all,全部,4.2.1,Duty Action,2026-05-25,2026-07-06,sparxie,Sparxie,火花,S-DPS,,41.92,6.43,7.38,,,0.22,6887,0,hf_chars,4.3.2/builds.json,https://huggingface.co/datasets/LvlUrArti/MocDataProcessed/resolve/main/4.3.2/builds.json,ok
4.3.2,2026-06-25,moc,混沌回忆,all,全部,4.2.1,Duty Action,2026-05-25,2026-07-06,sunday,Sunday,星期日,,,13.73,0.93,8.67,,,0.62,2256,1950,hf_chars,4.3.2/builds.json,https://huggingface.co/datasets/LvlUrArti/MocDataProcessed/resolve/main/4.3.2/builds.json,ok
4.3.2,2026-06-25,moc,混沌回忆,all,全部,4.2.1,Duty Action,2026-05-25,2026-07-06,sushang,Sushang,素裳,,,0.01,0.0,99.99,,,6.0,1,1,hf_chars,4.3.2/builds.json,https://huggingface.co/datasets/LvlUrArti/MocDataProcessed/resolve/main/4.3.2/builds.json,ok
4.3.2,2026-06-25,moc,混沌回忆,all,全部,4.2.1,Duty Action,2026-05-25,2026-07-06,the-dahlia,The Dahlia,大丽花,,,32.06,3.6,7.98,,,0.46,5267,1999,hf_chars,4.3.2/builds.json,https://huggingface.co/datasets/LvlUrArti/MocDataProcessed/resolve/main/4.3.2/builds.json,ok
4.3.2,2026-06-25,moc,混沌回忆,all,全部,4.2.1,Duty Action,2026-05-25,2026-07-06,the-herta,The Herta,大黑塔,,,1.0,0.0,99.99,,,1.48,165,1159,hf_chars,4.3.2/builds.json,https://huggingface.co/datasets/LvlUrArti/MocDataProcessed/resolve/main/4.3.2/builds.json,ok
4.3.2,2026-06-25,moc,混沌回忆,all,全部,4.2.1,Duty Action,2026-05-25,2026-07-06,tingyun,Tingyun,停云,,,0.13,0.01,99.99,,,5.95,21,3,hf_chars,4.3.2/builds.json,https://huggingface.co/datasets/LvlUrArti/MocDataProcessed/resolve/main/4.3.2/builds.json,ok
4.3.2,2026-06-25,moc,混沌回忆,all,全部,4.2.1,Duty Action,2026-05-25,2026-07-06,tingyun-fugue,Fugue,忘归人,,,26.79,3.14,7.94,,,0.52,4401,1188,hf_chars,4.3.2/builds.json,https://huggingface.co/datasets/LvlUrArti/MocDataProcessed/resolve/main/4.3.2/builds.json,ok
4.3.2,2026-06-25,moc,混沌回忆,all,全部,4.2.1,Duty Action,2026-05-25,2026-07-06,topaz,Topaz & Numby,托帕&账账,,,0.05,0.0,99.99,,,2.08,9,42,hf_chars,4.3.2/builds.json,https://huggingface.co/datasets/LvlUrArti/MocDataProcessed/resolve/main/4.3.2/builds.json,ok
4.3.2,2026-06-25,moc,混沌回忆,all,全部,4.2.1,Duty Action,2026-05-25,2026-07-06,trailblazer-destruction,Trailblazer - The Destruction,开拓者 - 毁灭,,,0.0,0.0,99.99,,,0.0,0,0,hf_chars,4.3.2/builds.json,https://huggingface.co/datasets/LvlUrArti/MocDataProcessed/resolve/main/4.3.2/builds.json,ok
4.3.2,2026-06-25,moc,混沌回忆,all,全部,4.2.1,Duty Action,2026-05-25,2026-07-06,trailblazer-elation,Trailblazer: Elation,开拓者•欢愉,,,36.73,4.83,8.04,,,4.99,6034,694,hf_chars,4.3.2/builds.json,https://huggingface.co/datasets/LvlUrArti/MocDataProcessed/resolve/main/4.3.2/builds.json,ok
4.3.2,2026-06-25,moc,混沌回忆,all,全部,4.2.1,Duty Action,2026-05-25,2026-07-06,trailblazer-harmony,Trailblazer - The Harmony,开拓者 - 同谐,,,7.25,0.57,7.46,,,5.9,1191,98,hf_chars,4.3.2/builds.json,https://huggingface.co/datasets/LvlUrArti/MocDataProcessed/resolve/main/4.3.2/builds.json,ok
4.3.2,2026-06-25,moc,混沌回忆,all,全部,4.2.1,Duty Action,2026-05-25,2026-07-06,trailblazer-preservation,Trailblazer - The Preservation,开拓者 - 存护,,,0.0,0.0,99.99,,,0.0,0,0,hf_chars,4.3.2/builds.json,https://huggingface.co/datasets/LvlUrArti/MocDataProcessed/resolve/main/4.3.2/builds.json,ok
4.3.2,2026-06-25,moc,混沌回忆,all,全部,4.2.1,Duty Action,2026-05-25,2026-07-06,trailblazer-remembrance,Trailblazer - Remembrance,开拓者•记忆,,,7.8,0.6,8.57,,,5.97,1282,259,hf_chars,4.3.2/builds.json,https://huggingface.co/datasets/LvlUrArti/MocDataProcessed/resolve/main/4.3.2/builds.json,ok
4.3.2,2026-06-25,moc,混沌回忆,all,全部,4.2.1,Duty Action,2026-05-25,2026-07-06,tribbie,Tribbie,缇宝,,,23.96,1.95,8.52,,,0.73,3936,2745,hf_chars,4.3.2/builds.json,https://huggingface.co/datasets/LvlUrArti/MocDataProcessed/resolve/main/4.3.2/builds.json,ok
4.3.2,2026-06-25,moc,混沌回忆,all,全部,4.2.1,Duty Action,2026-05-25,2026-07-06,welt,Welt,瓦尔特,,,2.41,0.21,7.9,,,3.87,396,212,hf_chars,4.3.2/builds.json,https://huggingface.co/datasets/LvlUrArti/MocDataProcessed/resolve/main/4.3.2/builds.json,ok
4.3.2,2026-06-25,moc,混沌回忆,all,全部,4.2.1,Duty Action,2026-05-25,2026-07-06,xueyi,Xueyi,雪衣,,,0.01,0.0,99.99,,,6.0,2,9,hf_chars,4.3.2/builds.json,https://huggingface.co/datasets/LvlUrArti/MocDataProcessed/resolve/main/4.3.2/builds.json,ok
4.3.2,2026-06-25,moc,混沌回忆,all,全部,4.2.1,Duty Action,2026-05-25,2026-07-06,yanqing,Yanqing,彦卿,,,0.01,0.01,99.99,,,3.0,2,5,hf_chars,4.3.2/builds.json,https://huggingface.co/datasets/LvlUrArti/MocDataProcessed/resolve/main/4.3.2/builds.json,ok
4.3.2,2026-06-25,moc,混沌回忆,all,全部,4.2.1,Duty Action,2026-05-25,2026-07-06,yao-guang,Yao Guang,爻光,,,66.93,10.37,7.6,,,0.28,10997,5456,hf_chars,4.3.2/builds.json,https://huggingface.co/datasets/LvlUrArti/MocDataProcessed/resolve/main/4.3.2/builds.json,ok
4.3.2,2026-06-25,moc,混沌回忆,all,全部,4.2.1,Duty Action,2026-05-25,2026-07-06,yukong,Yukong,驭空,,,0.01,0.0,99.99,,,0.0,1,0,hf_chars,4.3.2/builds.json,https://huggingface.co/datasets/LvlUrArti/MocDataProcessed/resolve/main/4.3.2/builds.json,ok
4.3.2,2026-06-25,moc,混沌回忆,all,全部,4.2.1,Duty Action,2026-05-25,2026-07-06,yunli,Yunli,云璃,,,0.05,0.01,99.99,,,1.63,8,59,hf_chars,4.3.2/builds.json,https://huggingface.co/datasets/LvlUrArti/MocDataProcessed/resolve/main/4.3.2/builds.json,ok
4.0.2,2026-03-06,pf,虚构叙事,all,全部,4.0.1,Wordless Novel,2026-02-16,2026-03-30,acheron,Acheron,黄泉,,,1.8,0.22,25643,,,3.15,363,392,hf_chars,4.0.2/builds.json,https://huggingface.co/datasets/LvlUrArti/MocDataProcessed/resolve/main/4.0.2/builds.json,ok
4.0.2,2026-03-06,pf,虚构叙事,all,全部,4.0.1,Wordless Novel,2026-02-16,2026-03-30,aglaea,Aglaea,阿格莱雅,,,1.08,0.03,0,,,1.85,218,202,hf_chars,4.0.2/builds.json,https://huggingface.co/datasets/LvlUrArti/MocDataProcessed/resolve/main/4.0.2/builds.json,ok
4.0.2,2026-03-06,pf,虚构叙事,all,全部,4.0.1,Wordless Novel,2026-02-16,2026-03-30,anaxa,Anaxa,那刻夏,S-DPS,,7.43,2.36,30054,,,0.21,1500,0,hf_chars,4.0.2/builds.json,https://huggingface.co/datasets/LvlUrArti/MocDataProcessed/resolve/main/4.0.2/builds.json,ok
4.0.2,2026-03-06,pf,虚构叙事,all,全部,4.0.1,Wordless Novel,2026-02-16,2026-03-30,archer,Archer,Archer,,,9.61,3.26,30501,,,0.32,1941,515,hf_chars,4.0.2/builds.json,https://huggingface.co/datasets/LvlUrArti/MocDataProcessed/resolve/main/4.0.2/builds.json,ok
4.0.2,2026-03-06,pf,虚构叙事,all,全部,4.0.1,Wordless Novel,2026-02-16,2026-03-30,argenti,Argenti,银枝,S-DPS,,0.28,0.09,31680,,,0.15,57,0,hf_chars,4.0.2/builds.json,https://huggingface.co/datasets/LvlUrArti/MocDataProcessed/resolve/main/4.0.2/builds.json,ok
4.0.2,2026-03-06,pf,虚构叙事,all,全部,4.0.1,Wordless Novel,2026-02-16,2026-03-30,arlan,Arlan,阿兰,,,0.01,0.0,0,,,6.0,2,1,hf_chars,4.0.2/builds.json,https://huggingface.co/datasets/LvlUrArti/MocDataProcessed/resolve/main/4.0.2/builds.json,ok
4.0.2,2026-03-06,pf,虚构叙事,all,全部,4.0.1,Wordless Novel,2026-02-16,2026-03-30,asta,Asta,艾丝妲,,,0.03,0.01,0,,,6.0,7,0,hf_chars,4.0.2/builds.json,https://huggingface.co/datasets/LvlUrArti/MocDataProcessed/resolve/main/4.0.2/builds.json,ok
4.0.2,2026-03-06,pf,虚构叙事,all,全部,4.0.1,Wordless Novel,2026-02-16,2026-03-30,aventurine,Aventurine,砂金,,,4.41,1.3,28843,,,0.55,891,282,hf_chars,4.0.2/builds.json,https://huggingface.co/datasets/LvlUrArti/MocDataProcessed/resolve/main/4.0.2/builds.json,ok
4.0.2,2026-03-06,pf,虚构叙事,all,全部,4.0.1,Wordless Novel,2026-02-16,2026-03-30,bailu,Bailu,白露,,,0.1,0.01,0,,,2.37,21,1,hf_chars,4.0.2/builds.json,https://huggingface.co/datasets/LvlUrArti/MocDataProcessed/resolve/main/4.0.2/builds.json,ok
4.0.2,2026-03-06,pf,虚构叙事,all,全部,4.0.1,Wordless Novel,2026-02-16,2026-03-30,black-swan,Black Swan,黑天鹅,,,19.83,6.29,33962,,,0.47,4006,1560,hf_chars,4.0.2/builds.json,https://huggingface.co/datasets/LvlUrArti/MocDataProcessed/resolve/main/4.0.2/builds.json,ok
4.0.2,2026-03-06,pf,虚构叙事,all,全部,4.0.1,Wordless Novel,2026-02-16,2026-03-30,blade,Blade,刃,S-DPS,,0.11,0.01,0,,,1.54,22,0,hf_chars,4.0.2/builds.json,https://huggingface.co/datasets/LvlUrArti/MocDataProcessed/resolve/main/4.0.2/builds.json,ok
4.0.2,2026-03-06,pf,虚构叙事,all,全部,4.0.1,Wordless Novel,2026-02-16,2026-03-30,boothill,Boothill,波提欧,,,0.09,0.02,0,,,0.82,18,21,hf_chars,4.0.2/builds.json,https://huggingface.co/datasets/LvlUrArti/MocDataProcessed/resolve/main/4.0.2/builds.json,ok
4.0.2,2026-03-06,pf,虚构叙事,all,全部,4.0.1,Wordless Novel,2026-02-16,2026-03-30,bronya,Bronya,布洛妮娅,,,4.76,1.66,27452,,,2.76,961,66,hf_chars,4.0.2/builds.json,https://huggingface.co/datasets/LvlUrArti/MocDataProcessed/resolve/main/4.0.2/builds.json,ok
4.0.2,2026-03-06,pf,虚构叙事,all,全部,4.0.1,Wordless Novel,2026-02-16,2026-03-30,castorice,Castorice,遐蝶,,,54.28,26.26,39950,,,0.72,10962,6951,hf_chars,4.0.2/builds.json,https://huggingface.co/datasets/LvlUrArti/MocDataProcessed/resolve/main/4.0.2/builds.json,ok
4.0.2,2026-03-06,pf,虚构叙事,all,全部,4.0.1,Wordless Novel,2026-02-16,2026-03-30,cerydra,Cerydra,刻律德菈,,,14.98,4.65,29434,,,0.32,3026,1126,hf_chars,4.0.2/builds.json,https://huggingface.co/datasets/LvlUrArti/MocDataProcessed/resolve/main/4.0.2/builds.json,ok
4.0.2,2026-03-06,pf,虚构叙事,all,全部,4.0.1,Wordless Novel,2026-02-16,2026-03-30,cipher,Cipher,赛飞儿,,,1.57,0.35,30457,,,0.49,317,218,hf_chars,4.0.2/builds.json,https://huggingface.co/datasets/LvlUrArti/MocDataProcessed/resolve/main/4.0.2/builds.json,ok
4.0.2,2026-03-06,pf,虚构叙事,all,全部,4.0.1,Wordless Novel,2026-02-16,2026-03-30,clara,Clara,克拉拉,,,0.32,0.1,26171,,,4.03,65,19,hf_chars,4.0.2/builds.json,https://huggingface.co/datasets/LvlUrArti/MocDataProcessed/resolve/main/4.0.2/builds.json,ok
4.0.2,2026-03-06,pf,虚构叙事,all,全部,4.0.1,Wordless Novel,2026-02-16,2026-03-30,cyrene,Cyrene,昔涟,,,50.34,22.43,39880,,,0.69,10168,5632,hf_chars,4.0.2/builds.json,https://huggingface.co/datasets/LvlUrArti/MocDataProcessed/resolve/main/4.0.2/builds.json,ok
4.0.2,2026-03-06,pf,虚构叙事,all,全部,4.0.1,Wordless Novel,2026-02-16,2026-03-30,dan-heng,Dan Heng,丹恒,,,0.0,0.0,0,,,0.0,1,1,hf_chars,4.0.2/builds.json,https://huggingface.co/datasets/LvlUrArti/MocDataProcessed/resolve/main/4.0.2/builds.json,ok
4.0.2,2026-03-06,pf,虚构叙事,all,全部,4.0.1,Wordless Novel,2026-02-16,2026-03-30,dan-heng-permansor-terrae,Dan Heng • Permansor Terrae,丹恒•腾荒,,,55.85,20.26,30983,,,0.17,11280,1936,hf_chars,4.0.2/builds.json,https://huggingface.co/datasets/LvlUrArti/MocDataProcessed/resolve/main/4.0.2/builds.json,ok
4.0.2,2026-03-06,pf,虚构叙事,all,全部,4.0.1,Wordless Novel,2026-02-16,2026-03-30,dr-ratio,Dr. Ratio,真理医生,,,0.0,0.0,0,,,2.57,1,5,hf_chars,4.0.2/builds.json,https://huggingface.co/datasets/LvlUrArti/MocDataProcessed/resolve/main/4.0.2/builds.json,ok
4.0.2,2026-03-06,pf,虚构叙事,all,全部,4.0.1,Wordless Novel,2026-02-16,2026-03-30,feixiao,Feixiao,飞霄,,,0.12,0.01,0,,,1.35,25,23,hf_chars,4.0.2/builds.json,https://huggingface.co/datasets/LvlUrArti/MocDataProcessed/resolve/main/4.0.2/builds.json,ok
4.0.2,2026-03-06,pf,虚构叙事,all,全部,4.0.1,Wordless Novel,2026-02-16,2026-03-30,firefly,Firefly,流萤,,,22.84,6.93,29752,,,1.37,4614,2753,hf_chars,4.0.2/builds.json,https://huggingface.co/datasets/LvlUrArti/MocDataProcessed/resolve/main/4.0.2/builds.json,ok
4.0.2,2026-03-06,pf,虚构叙事,all,全部,4.0.1,Wordless Novel,2026-02-16,2026-03-30,fu-xuan,Fu Xuan,符玄,,,0.99,0.13,29093,,,1.4,199,72,hf_chars,4.0.2/builds.json,https://huggingface.co/datasets/LvlUrArti/MocDataProcessed/resolve/main/4.0.2/builds.json,ok
4.0.2,2026-03-06,pf,虚构叙事,all,全部,4.0.1,Wordless Novel,2026-02-16,2026-03-30,gallagher,Gallagher,加拉赫,,,8.21,3.33,28742,,,5.92,1659,23,hf_chars,4.0.2/builds.json,https://huggingface.co/datasets/LvlUrArti/MocDataProcessed/resolve/main/4.0.2/builds.json,ok
4.0.2,2026-03-06,pf,虚构叙事,all,全部,4.0.1,Wordless Novel,2026-02-16,2026-03-30,gepard,Gepard,杰帕德,,,0.02,0.0,0,,,1.43,4,1,hf_chars,4.0.2/builds.json,https://huggingface.co/datasets/LvlUrArti/MocDataProcessed/resolve/main/4.0.2/builds.json,ok
4.0.2,2026-03-06,pf,虚构叙事,all,全部,4.0.1,Wordless Novel,2026-02-16,2026-03-30,guinaifen,Guinaifen,桂乃芬,,,0.01,0.0,0,,,5.8,2,0,hf_chars,4.0.2/builds.json,https://huggingface.co/datasets/LvlUrArti/MocDataProcessed/resolve/main/4.0.2/builds.json,ok
4.0.2,2026-03-06,pf,虚构叙事,all,全部,4.0.1,Wordless Novel,2026-02-16,2026-03-30,hanya,Hanya,寒鸦,,,0.01,0.0,0,,,0.0,3,0,hf_chars,4.0.2/builds.json,https://huggingface.co/datasets/LvlUrArti/MocDataProcessed/resolve/main/4.0.2/builds.json,ok
4.0.2,2026-03-06,pf,虚构叙事,all,全部,4.0.1,Wordless Novel,2026-02-16,2026-03-30,herta,Herta,黑塔,,,8.55,2.9,31019,,,5.98,1726,51,hf_chars,4.0.2/builds.json,https://huggingface.co/datasets/LvlUrArti/MocDataProcessed/resolve/main/4.0.2/builds.json,ok
4.0.2,2026-03-06,pf,虚构叙事,all,全部,4.0.1,Wordless Novel,2026-02-16,2026-03-30,himeko,Himeko,姬子,,,1.8,0.55,27655,,,2.75,363,41,hf_chars,4.0.2/builds.json,https://huggingface.co/datasets/LvlUrArti/MocDataProcessed/resolve/main/4.0.2/builds.json,ok
4.0.2,2026-03-06,pf,虚构叙事,all,全部,4.0.1,Wordless Novel,2026-02-16,2026-03-30,hook,Hook,虎克,,,0.0,0.0,0,,,0.0,1,2,hf_chars,4.0.2/builds.json,https://huggingface.co/datasets/LvlUrArti/MocDataProcessed/resolve/main/4.0.2/builds.json,ok
4.0.2,2026-03-06,pf,虚构叙事,all,全部,4.0.1,Wordless Novel,2026-02-16,2026-03-30,huohuo,Huohuo,藿藿,,,7.15,2.05,31603,,,0.29,1445,220,hf_chars,4.0.2/builds.json,https://huggingface.co/datasets/LvlUrArti/MocDataProcessed/resolve/main/4.0.2/builds.json,ok
4.0.2,2026-03-06,pf,虚构叙事,all,全部,4.0.1,Wordless Novel,2026-02-16,2026-03-30,hyacine,Hyacine,风堇,,,62.72,28.65,39902,,,0.25,12667,5760,hf_chars,4.0.2/builds.json,https://huggingface.co/datasets/LvlUrArti/MocDataProcessed/resolve/main/4.0.2/builds.json,ok
4.0.2,2026-03-06,pf,虚构叙事,all,全部,4.0.1,Wordless Novel,2026-02-16,2026-03-30,hysilens,Hysilens,海瑟音,,,21.58,6.91,33664,,,0.51,4358,2416,hf_chars,4.0.2/builds.json,https://huggingface.co/datasets/LvlUrArti/MocDataProcessed/resolve/main/4.0.2/builds.json,ok
4.0.2,2026-03-06,pf,虚构叙事,all,全部,4.0.1,Wordless Novel,2026-02-16,2026-03-30,imbibitor-lunae,Dan Heng • Imbibitor Lunae,丹恒•饮月,,,0.35,0.05,24407,,,2.96,70,66,hf_chars,4.0.2/builds.json,https://huggingface.co/datasets/LvlUrArti/MocDataProcessed/resolve/main/4.0.2/builds.json,ok
4.0.2,2026-03-06,pf,虚构叙事,all,全部,4.0.1,Wordless Novel,2026-02-16,2026-03-30,jade,Jade,翡翠,,,4.8,1.64,32016,,,0.45,969,288,hf_chars,4.0.2/builds.json,https://huggingface.co/datasets/LvlUrArti/MocDataProcessed/resolve/main/4.0.2/builds.json,ok
4.0.2,2026-03-06,pf,虚构叙事,all,全部,4.0.1,Wordless Novel,2026-02-16,2026-03-30,jiaoqiu,Jiaoqiu,椒丘,,,1.44,0.22,25929,,,0.98,291,100,hf_chars,4.0.2/builds.json,https://huggingface.co/datasets/LvlUrArti/MocDataProcessed/resolve/main/4.0.2/builds.json,ok
4.0.2,2026-03-06,pf,虚构叙事,all,全部,4.0.1,Wordless Novel,2026-02-16,2026-03-30,jing-yuan,Jing Yuan,景元,,,0.25,0.03,0,,,1.59,51,47,hf_chars,4.0.2/builds.json,https://huggingface.co/datasets/LvlUrArti/MocDataProcessed/resolve/main/4.0.2/builds.json,ok
4.0.2,2026-03-06,pf,虚构叙事,all,全部,4.0.1,Wordless Novel,2026-02-16,2026-03-30,jingliu,Jingliu,镜流,,,0.1,0.03,0,,,2.93,20,30,hf_chars,4.0.2/builds.json,https://huggingface.co/datasets/LvlUrArti/MocDataProcessed/resolve/main/4.0.2/builds.json,ok
4.0.2,2026-03-06,pf,虚构叙事,all,全部,4.0.1,Wordless Novel,2026-02-16,2026-03-30,kafka,Kafka,卡芙卡,,,21.94,7.02,33552,,,0.85,4432,2158,hf_chars,4.0.2/builds.json,https://huggingface.co/datasets/LvlUrArti/MocDataProcessed/resolve/main/4.0.2/builds.json,ok
4.0.2,2026-03-06,pf,虚构叙事,all,全部,4.0.1,Wordless Novel,2026-02-16,2026-03-30,lingsha,Lingsha,灵砂,,,21.31,6.83,30005,,,0.27,4006,716,hf_chars,4.0.2/builds.json,https://huggingface.co/datasets/LvlUrArti/MocDataProcessed/resolve/main/4.0.2/builds.json,ok
4.0.2,2026-03-06,pf,虚构叙事,all,全部,4.0.1,Wordless Novel,2026-02-16,2026-03-30,luka,Luka,卢卡,,,0.0,0.0,0,,,6.0,0,1,hf_chars,4.0.2/builds.json,https://huggingface.co/datasets/LvlUrArti/MocDataProcessed/resolve/main/4.0.2/builds.json,ok
4.0.2,2026-03-06,pf,虚构叙事,all,全部,4.0.1,Wordless Novel,2026-02-16,2026-03-30,luocha,Luocha,罗刹,,,2.24,0.85,30326,,,0.3,453,37,hf_chars,4.0.2/builds.json,https://huggingface.co/datasets/LvlUrArti/MocDataProcessed/resolve/main/4.0.2/builds.json,ok
4.0.2,2026-03-06,pf,虚构叙事,all,全部,4.0.1,Wordless Novel,2026-02-16,2026-03-30,lynx,Lynx,玲可,,,0.02,0.0,0,,,5.88,4,1,hf_chars,4.0.2/builds.json,https://huggingface.co/datasets/LvlUrArti/MocDataProcessed/resolve/main/4.0.2/builds.json,ok
4.0.2,2026-03-06,pf,虚构叙事,all,全部,4.0.1,Wordless Novel,2026-02-16,2026-03-30,march-7th,March 7th,三月七 - 存护,,,0.0,0.0,0,,,0.0,0,2,hf_chars,4.0.2/builds.json,https://huggingface.co/datasets/LvlUrArti/MocDataProcessed/resolve/main/4.0.2/builds.json,ok
4.0.2,2026-03-06,pf,虚构叙事,all,全部,4.0.1,Wordless Novel,2026-02-16,2026-03-30,march-7th-evernight,Evernight,长夜月,S-DPS,,44.74,21.87,40000,,,0.41,9036,0,hf_chars,4.0.2/builds.json,https://huggingface.co/datasets/LvlUrArti/MocDataProcessed/resolve/main/4.0.2/builds.json,ok
4.0.2,2026-03-06,pf,虚构叙事,all,全部,4.0.1,Wordless Novel,2026-02-16,2026-03-30,march-7th-swordmaster,March 7th: The Hunt,三月七•巡猎,,,0.01,0.01,0,,,6.0,3,1,hf_chars,4.0.2/builds.json,https://huggingface.co/datasets/LvlUrArti/MocDataProcessed/resolve/main/4.0.2/builds.json,ok
4.0.2,2026-03-06,pf,虚构叙事,all,全部,4.0.1,Wordless Novel,2026-02-16,2026-03-30,misha,Misha,米沙,,,0.0,0.0,0,,,0.0,1,1,hf_chars,4.0.2/builds.json,https://huggingface.co/datasets/LvlUrArti/MocDataProcessed/resolve/main/4.0.2/builds.json,ok
4.0.2,2026-03-06,pf,虚构叙事,all,全部,4.0.1,Wordless Novel,2026-02-16,2026-03-30,moze,Moze,貊泽,,,0.0,0.0,0,,,0.0,0,0,hf_chars,4.0.2/builds.json,https://huggingface.co/datasets/LvlUrArti/MocDataProcessed/resolve/main/4.0.2/builds.json,ok
4.0.2,2026-03-06,pf,虚构叙事,all,全部,4.0.1,Wordless Novel,2026-02-16,2026-03-30,mydei,Mydei,万敌,,,2.58,0.62,32168,,,1.53,522,444,hf_chars,4.0.2/builds.json,https://huggingface.co/datasets/LvlUrArti/MocDataProcessed/resolve/main/4.0.2/builds.json,ok
4.0.2,2026-03-06,pf,虚构叙事,all,全部,4.0.1,Wordless Novel,2026-02-16,2026-03-30,natasha,Natasha,娜塔莎,,,0.01,0.0,0,,,6.0,3,0,hf_chars,4.0.2/builds.json,https://huggingface.co/datasets/LvlUrArti/MocDataProcessed/resolve/main/4.0.2/builds.json,ok
4.0.2,2026-03-06,pf,虚构叙事,all,全部,4.0.1,Wordless Novel,2026-02-16,2026-03-30,pela,Pela,佩拉,,,0.07,0.03,0,,,5.9,14,0,hf_chars,4.0.2/builds.json,https://huggingface.co/datasets/LvlUrArti/MocDataProcessed/resolve/main/4.0.2/builds.json,ok
4.0.2,2026-03-06,pf,虚构叙事,all,全部,4.0.1,Wordless Novel,2026-02-16,2026-03-30,phainon,Phainon,白厄,,,20.87,6.71,28957,,,1.3,4216,3061,hf_chars,4.0.2/builds.json,https://huggingface.co/datasets/LvlUrArti/MocDataProcessed/resolve/main/4.0.2/builds.json,ok
4.0.2,2026-03-06,pf,虚构叙事,all,全部,4.0.1,Wordless Novel,2026-02-16,2026-03-30,qingque,Qingque,青雀,,,0.08,0.03,0,,,6.0,16,8,hf_chars,4.0.2/builds.json,https://huggingface.co/datasets/LvlUrArti/MocDataProcessed/resolve/main/4.0.2/builds.json,ok
4.0.2,2026-03-06,pf,虚构叙事,all,全部,4.0.1,Wordless Novel,2026-02-16,2026-03-30,rappa,Rappa,乱破,,,3.3,1.43,28466,,,0.46,667,266,hf_chars,4.0.2/builds.json,https://huggingface.co/datasets/LvlUrArti/MocDataProcessed/resolve/main/4.0.2/builds.json,ok
4.0.2,2026-03-06,pf,虚构叙事,all,全部,4.0.1,Wordless Novel,2026-02-16,2026-03-30,robin,Robin,知更鸟,,,5.16,1.11,26134,,,0.85,1043,416,hf_chars,4.0.2/builds.json,https://huggingface.co/datasets/LvlUrArti/MocDataProcessed/resolve/main/4.0.2/builds.json,ok
4.0.2,2026-03-06,pf,虚构叙事,all,全部,4.0.1,Wordless Novel,2026-02-16,2026-03-30,ruan-mei,Ruan Mei,阮•梅,,,9.6,0.98,25719,,,1.15,1939,433,hf_chars,4.0.2/builds.json,https://huggingface.co/datasets/LvlUrArti/MocDataProcessed/resolve/main/4.0.2/builds.json,ok
4.0.2,2026-03-06,pf,虚构叙事,all,全部,4.0.1,Wordless Novel,2026-02-16,2026-03-30,saber,Saber,Saber,,,0.96,0.27,26322,,,2.72,193,292,hf_chars,4.0.2/builds.json,https://huggingface.co/datasets/LvlUrArti/MocDataProcessed/resolve/main/4.0.2/builds.json,ok
4.0.2,2026-03-06,pf,虚构叙事,all,全部,4.0.1,Wordless Novel,2026-02-16,2026-03-30,sampo,Sampo,桑博,,,0.0,0.0,0,,,0.0,0,0,hf_chars,4.0.2/builds.json,https://huggingface.co/datasets/LvlUrArti/MocDataProcessed/resolve/main/4.0.2/builds.json,ok
4.0.2,2026-03-06,pf,虚构叙事,all,全部,4.0.1,Wordless Novel,2026-02-16,2026-03-30,seele,Seele,希儿,,,0.06,0.0,0,,,2.34,12,7,hf_chars,4.0.2/builds.json,https://huggingface.co/datasets/LvlUrArti/MocDataProcessed/resolve/main/4.0.2/builds.json,ok
4.0.2,2026-03-06,pf,虚构叙事,all,全部,4.0.1,Wordless Novel,2026-02-16,2026-03-30,serval,Serval,希露瓦,,,0.2,0.05,25914,,,5.87,41,1,hf_chars,4.0.2/builds.json,https://huggingface.co/datasets/LvlUrArti/MocDataProcessed/resolve/main/4.0.2/builds.json,ok
4.0.2,2026-03-06,pf,虚构叙事,all,全部,4.0.1,Wordless Novel,2026-02-16,2026-03-30,silver-wolf,Silver Wolf,银狼,,,1.02,0.14,25103,,,0.75,206,145,hf_chars,4.0.2/builds.json,https://huggingface.co/datasets/LvlUrArti/MocDataProcessed/resolve/main/4.0.2/builds.json,ok
4.0.2,2026-03-06,pf,虚构叙事,all,全部,4.0.1,Wordless Novel,2026-02-16,2026-03-30,sparkle,Sparkle,花火,,,20.86,6.32,31633,,,0.72,4214,1362,hf_chars,4.0.2/builds.json,https://huggingface.co/datasets/LvlUrArti/MocDataProcessed/resolve/main/4.0.2/builds.json,ok
4.0.2,2026-03-06,pf,虚构叙事,all,全部,4.0.1,Wordless Novel,2026-02-16,2026-03-30,sparxie,Sparxie,火花,,,3.36,1.23,39935,,,0.37,679,384,hf_chars,4.0.2/builds.json,https://huggingface.co/datasets/LvlUrArti/MocDataProcessed/resolve/main/4.0.2/builds.json,ok
4.0.2,2026-03-06,pf,虚构叙事,all,全部,4.0.1,Wordless Novel,2026-02-16,2026-03-30,sunday,Sunday,星期日,,,21.86,7.07,28431,,,0.46,4416,2036,hf_chars,4.0.2/builds.json,https://huggingface.co/datasets/LvlUrArti/MocDataProcessed/resolve/main/4.0.2/builds.json,ok
4.0.2,2026-03-06,pf,虚构叙事,all,全部,4.0.1,Wordless Novel,2026-02-16,2026-03-30,sushang,Sushang,素裳,,,0.0,0.0,0,,,6.0,0,0,hf_chars,4.0.2/builds.json,https://huggingface.co/datasets/LvlUrArti/MocDataProcessed/resolve/main/4.0.2/builds.json,ok
4.0.2,2026-03-06,pf,虚构叙事,all,全部,4.0.1,Wordless Novel,2026-02-16,2026-03-30,the-dahlia,The Dahlia,大丽花,,,27.59,8.96,29717,,,0.3,5573,1902,hf_chars,4.0.2/builds.json,https://huggingface.co/datasets/LvlUrArti/MocDataProcessed/resolve/main/4.0.2/builds.json,ok
4.0.2,2026-03-06,pf,虚构叙事,all,全部,4.0.1,Wordless Novel,2026-02-16,2026-03-30,the-herta,The Herta,大黑塔,,,20.2,6.8,31130,,,1.02,4080,2201,hf_chars,4.0.2/builds.json,https://huggingface.co/datasets/LvlUrArti/MocDataProcessed/resolve/main/4.0.2/builds.json,ok
4.0.2,2026-03-06,pf,虚构叙事,all,全部,4.0.1,Wordless Novel,2026-02-16,2026-03-30,tingyun,Tingyun,停云,,,0.3,0.09,25608,,,5.95,60,1,hf_chars,4.0.2/builds.json,https://huggingface.co/datasets/LvlUrArti/MocDataProcessed/resolve/main/4.0.2/builds.json,ok
4.0.2,2026-03-06,pf,虚构叙事,all,全部,4.0.1,Wordless Novel,2026-02-16,2026-03-30,tingyun-fugue,Fugue,忘归人,,,25.34,7.75,29813,,,0.51,5118,1351,hf_chars,4.0.2/builds.json,https://huggingface.co/datasets/LvlUrArti/MocDataProcessed/resolve/main/4.0.2/builds.json,ok
4.0.2,2026-03-06,pf,虚构叙事,all,全部,4.0.1,Wordless Novel,2026-02-16,2026-03-30,topaz,Topaz & Numby,托帕&账账,,,0.06,0.02,0,,,1.43,12,4,hf_chars,4.0.2/builds.json,https://huggingface.co/datasets/LvlUrArti/MocDataProcessed/resolve/main/4.0.2/builds.json,ok
4.0.2,2026-03-06,pf,虚构叙事,all,全部,4.0.1,Wordless Novel,2026-02-16,2026-03-30,trailblazer-destruction,Trailblazer - The Destruction,开拓者 - 毁灭,,,0.0,0.0,0,,,0.0,0,0,hf_chars,4.0.2/builds.json,https://huggingface.co/datasets/LvlUrArti/MocDataProcessed/resolve/main/4.0.2/builds.json,ok
4.0.2,2026-03-06,pf,虚构叙事,all,全部,4.0.1,Wordless Novel,2026-02-16,2026-03-30,trailblazer-harmony,Trailblazer - The Harmony,开拓者 - 同谐,,,5.96,1.76,29684,,,5.9,1204,107,hf_chars,4.0.2/builds.json,https://huggingface.co/datasets/LvlUrArti/MocDataProcessed/resolve/main/4.0.2/builds.json,ok
4.0.2,2026-03-06,pf,虚构叙事,all,全部,4.0.1,Wordless Novel,2026-02-16,2026-03-30,trailblazer-preservation,Trailblazer - The Preservation,开拓者 - 存护,,,0.0,0.0,0,,,0.0,0,1,hf_chars,4.0.2/builds.json,https://huggingface.co/datasets/LvlUrArti/MocDataProcessed/resolve/main/4.0.2/builds.json,ok
4.0.2,2026-03-06,pf,虚构叙事,all,全部,4.0.1,Wordless Novel,2026-02-16,2026-03-30,trailblazer-remembrance,Trailblazer - Remembrance,开拓者•记忆,,,23.04,9.98,35402,,,5.95,4653,459,hf_chars,4.0.2/builds.json,https://huggingface.co/datasets/LvlUrArti/MocDataProcessed/resolve/main/4.0.2/builds.json,ok
4.0.2,2026-03-06,pf,虚构叙事,all,全部,4.0.1,Wordless Novel,2026-02-16,2026-03-30,tribbie,Tribbie,缇宝,,,38.55,11.68,34758,,,0.66,7786,3134,hf_chars,4.0.2/builds.json,https://huggingface.co/datasets/LvlUrArti/MocDataProcessed/resolve/main/4.0.2/builds.json,ok
4.0.2,2026-03-06,pf,虚构叙事,all,全部,4.0.1,Wordless Novel,2026-02-16,2026-03-30,welt,Welt,瓦尔特,,,0.02,0.0,0,,,3.11,5,1,hf_chars,4.0.2/builds.json,https://huggingface.co/datasets/LvlUrArti/MocDataProcessed/resolve/main/4.0.2/builds.json,ok
4.0.2,2026-03-06,pf,虚构叙事,all,全部,4.0.1,Wordless Novel,2026-02-16,2026-03-30,xueyi,Xueyi,雪衣,,,0.03,0.0,0,,,6.0,6,5,hf_chars,4.0.2/builds.json,https://huggingface.co/datasets/LvlUrArti/MocDataProcessed/resolve/main/4.0.2/builds.json,ok
4.0.2,2026-03-06,pf,虚构叙事,all,全部,4.0.1,Wordless Novel,2026-02-16,2026-03-30,yanqing,Yanqing,彦卿,,,0.0,0.0,0,,,4.0,0,0,hf_chars,4.0.2/builds.json,https://huggingface.co/datasets/LvlUrArti/MocDataProcessed/resolve/main/4.0.2/builds.json,ok
4.0.2,2026-03-06,pf,虚构叙事,all,全部,4.0.1,Wordless Novel,2026-02-16,2026-03-30,yao-guang,Yao Guang,爻光,,,17.3,7.34,31961,,,0.17,3494,1553,hf_chars,4.0.2/builds.json,https://huggingface.co/datasets/LvlUrArti/MocDataProcessed/resolve/main/4.0.2/builds.json,ok
4.0.2,2026-03-06,pf,虚构叙事,all,全部,4.0.1,Wordless Novel,2026-02-16,2026-03-30,yukong,Yukong,驭空,,,0.0,0.0,0,,,6.0,0,0,hf_chars,4.0.2/builds.json,https://huggingface.co/datasets/LvlUrArti/MocDataProcessed/resolve/main/4.0.2/builds.json,ok
4.0.2,2026-03-06,pf,虚构叙事,all,全部,4.0.1,Wordless Novel,2026-02-16,2026-03-30,yunli,Yunli,云璃,,,0.48,0.15,24981,,,1.14,97,56,hf_chars,4.0.2/builds.json,https://huggingface.co/datasets/LvlUrArti/MocDataProcessed/resolve/main/4.0.2/builds.json,ok
4.2.1,2026-05-02,pf,虚构叙事,all,全部,4.1.1,Virtual Made Manifest,2026-03-30,2026-05-11,acheron,Acheron,黄泉,,,2.14,0.27,26046,,,2.95,462,505,hf_chars,4.2.1/builds.json,https://huggingface.co/datasets/LvlUrArti/MocDataProcessed/resolve/main/4.2.1/builds.json,ok
4.2.1,2026-05-02,pf,虚构叙事,all,全部,4.1.1,Virtual Made Manifest,2026-03-30,2026-05-11,aglaea,Aglaea,阿格莱雅,,,1.67,0.13,28039,,,1.6,361,280,hf_chars,4.2.1/builds.json,https://huggingface.co/datasets/LvlUrArti/MocDataProcessed/resolve/main/4.2.1/builds.json,ok
4.2.1,2026-05-02,pf,虚构叙事,all,全部,4.1.1,Virtual Made Manifest,2026-03-30,2026-05-11,anaxa,Anaxa,那刻夏,S-DPS,,5.03,1.41,28709,,,0.24,1086,0,hf_chars,4.2.1/builds.json,https://huggingface.co/datasets/LvlUrArti/MocDataProcessed/resolve/main/4.2.1/builds.json,ok
4.2.1,2026-05-02,pf,虚构叙事,all,全部,4.1.1,Virtual Made Manifest,2026-03-30,2026-05-11,archer,Archer,Archer,,,2.36,0.52,25077,,,0.83,509,275,hf_chars,4.2.1/builds.json,https://huggingface.co/datasets/LvlUrArti/MocDataProcessed/resolve/main/4.2.1/builds.json,ok
4.2.1,2026-05-02,pf,虚构叙事,all,全部,4.1.1,Virtual Made Manifest,2026-03-30,2026-05-11,argenti,Argenti,银枝,S-DPS,,0.3,0.1,29162,,,0.26,65,0,hf_chars,4.2.1/builds.json,https://huggingface.co/datasets/LvlUrArti/MocDataProcessed/resolve/main/4.2.1/builds.json,ok
4.2.1,2026-05-02,pf,虚构叙事,all,全部,4.1.1,Virtual Made Manifest,2026-03-30,2026-05-11,arlan,Arlan,阿兰,,,0.0,0.0,0,,,0.0,0,0,hf_chars,4.2.1/builds.json,https://huggingface.co/datasets/LvlUrArti/MocDataProcessed/resolve/main/4.2.1/builds.json,ok
4.2.1,2026-05-02,pf,虚构叙事,all,全部,4.1.1,Virtual Made Manifest,2026-03-30,2026-05-11,ashveil,Ashveil,不死途,S-DPS,,1.08,0.26,26143,,,0.44,233,0,hf_chars,4.2.1/builds.json,https://huggingface.co/datasets/LvlUrArti/MocDataProcessed/resolve/main/4.2.1/builds.json,ok
4.2.1,2026-05-02,pf,虚构叙事,all,全部,4.1.1,Virtual Made Manifest,2026-03-30,2026-05-11,asta,Asta,艾丝妲,,,0.13,0.04,0,,,5.96,28,1,hf_chars,4.2.1/builds.json,https://huggingface.co/datasets/LvlUrArti/MocDataProcessed/resolve/main/4.2.1/builds.json,ok
4.2.1,2026-05-02,pf,虚构叙事,all,全部,4.1.1,Virtual Made Manifest,2026-03-30,2026-05-11,aventurine,Aventurine,砂金,,,4.92,1.42,29906,,,0.66,1062,357,hf_chars,4.2.1/builds.json,https://huggingface.co/datasets/LvlUrArti/MocDataProcessed/resolve/main/4.2.1/builds.json,ok
4.2.1,2026-05-02,pf,虚构叙事,all,全部,4.1.1,Virtual Made Manifest,2026-03-30,2026-05-11,bailu,Bailu,白露,,,0.09,0.04,0,,,2.42,20,3,hf_chars,4.2.1/builds.json,https://huggingface.co/datasets/LvlUrArti/MocDataProcessed/resolve/main/4.2.1/builds.json,ok
4.2.1,2026-05-02,pf,虚构叙事,all,全部,4.1.1,Virtual Made Manifest,2026-03-30,2026-05-11,black-swan,Black Swan,黑天鹅,,,28.29,9.55,33056,,,0.47,6111,1968,hf_chars,4.2.1/builds.json,https://huggingface.co/datasets/LvlUrArti/MocDataProcessed/resolve/main/4.2.1/builds.json,ok
4.2.1,2026-05-02,pf,虚构叙事,all,全部,4.1.1,Virtual Made Manifest,2026-03-30,2026-05-11,blade,Blade,刃,S-DPS,,0.1,0.01,0,,,1.81,22,0,hf_chars,4.2.1/builds.json,https://huggingface.co/datasets/LvlUrArti/MocDataProcessed/resolve/main/4.2.1/builds.json,ok
4.2.1,2026-05-02,pf,虚构叙事,all,全部,4.1.1,Virtual Made Manifest,2026-03-30,2026-05-11,boothill,Boothill,波提欧,,,0.06,0.0,0,,,1.73,14,24,hf_chars,4.2.1/builds.json,https://huggingface.co/datasets/LvlUrArti/MocDataProcessed/resolve/main/4.2.1/builds.json,ok
4.2.1,2026-05-02,pf,虚构叙事,all,全部,4.1.1,Virtual Made Manifest,2026-03-30,2026-05-11,bronya,Bronya,布洛妮娅,,,2.51,0.5,25897,,,3.08,542,52,hf_chars,4.2.1/builds.json,https://huggingface.co/datasets/LvlUrArti/MocDataProcessed/resolve/main/4.2.1/builds.json,ok
4.2.1,2026-05-02,pf,虚构叙事,all,全部,4.1.1,Virtual Made Manifest,2026-03-30,2026-05-11,castorice,Castorice,遐蝶,,,43.22,19.31,39197,,,0.83,9336,6297,hf_chars,4.2.1/builds.json,https://huggingface.co/datasets/LvlUrArti/MocDataProcessed/resolve/main/4.2.1/builds.json,ok
4.2.1,2026-05-02,pf,虚构叙事,all,全部,4.1.1,Virtual Made Manifest,2026-03-30,2026-05-11,cerydra,Cerydra,刻律德菈,,,13.15,2.69,27218,,,0.48,2841,1010,hf_chars,4.2.1/builds.json,https://huggingface.co/datasets/LvlUrArti/MocDataProcessed/resolve/main/4.2.1/builds.json,ok
4.2.1,2026-05-02,pf,虚构叙事,all,全部,4.1.1,Virtual Made Manifest,2026-03-30,2026-05-11,cipher,Cipher,赛飞儿,,,1.41,0.31,28815,,,0.64,305,212,hf_chars,4.2.1/builds.json,https://huggingface.co/datasets/LvlUrArti/MocDataProcessed/resolve/main/4.2.1/builds.json,ok
4.2.1,2026-05-02,pf,虚构叙事,all,全部,4.1.1,Virtual Made Manifest,2026-03-30,2026-05-11,clara,Clara,克拉拉,,,0.14,0.03,0,,,4.33,30,18,hf_chars,4.2.1/builds.json,https://huggingface.co/datasets/LvlUrArti/MocDataProcessed/resolve/main/4.2.1/builds.json,ok
4.2.1,2026-05-02,pf,虚构叙事,all,全部,4.1.1,Virtual Made Manifest,2026-03-30,2026-05-11,cyrene,Cyrene,昔涟,,,42.77,17.51,39228,,,0.73,9239,5238,hf_chars,4.2.1/builds.json,https://huggingface.co/datasets/LvlUrArti/MocDataProcessed/resolve/main/4.2.1/builds.json,ok
4.2.1,2026-05-02,pf,虚构叙事,all,全部,4.1.1,Virtual Made Manifest,2026-03-30,2026-05-11,dan-heng,Dan Heng,丹恒,,,0.0,0.0,0,,,6.0,0,0,hf_chars,4.2.1/builds.json,https://huggingface.co/datasets/LvlUrArti/MocDataProcessed/resolve/main/4.2.1/builds.json,ok
4.2.1,2026-05-02,pf,虚构叙事,all,全部,4.1.1,Virtual Made Manifest,2026-03-30,2026-05-11,dan-heng-permansor-terrae,Dan Heng • Permansor Terrae,丹恒•腾荒,,,61.55,22.35,31857,,,0.17,13295,1950,hf_chars,4.2.1/builds.json,https://huggingface.co/datasets/LvlUrArti/MocDataProcessed/resolve/main/4.2.1/builds.json,ok
4.2.1,2026-05-02,pf,虚构叙事,all,全部,4.1.1,Virtual Made Manifest,2026-03-30,2026-05-11,dr-ratio,Dr. Ratio,真理医生,,,0.01,0.0,0,,,3.03,2,5,hf_chars,4.2.1/builds.json,https://huggingface.co/datasets/LvlUrArti/MocDataProcessed/resolve/main/4.2.1/builds.json,ok
4.2.1,2026-05-02,pf,虚构叙事,all,全部,4.1.1,Virtual Made Manifest,2026-03-30,2026-05-11,feixiao,Feixiao,飞霄,,,0.65,0.14,26705,,,1.4,140,84,hf_chars,4.2.1/builds.json,https://huggingface.co/datasets/LvlUrArti/MocDataProcessed/resolve/main/4.2.1/builds.json,ok
4.2.1,2026-05-02,pf,虚构叙事,all,全部,4.1.1,Virtual Made Manifest,2026-03-30,2026-05-11,firefly,Firefly,流萤,,,15.01,3.19,29145,,,1.54,3243,2384,hf_chars,4.2.1/builds.json,https://huggingface.co/datasets/LvlUrArti/MocDataProcessed/resolve/main/4.2.1/builds.json,ok
4.2.1,2026-05-02,pf,虚构叙事,all,全部,4.1.1,Virtual Made Manifest,2026-03-30,2026-05-11,fu-xuan,Fu Xuan,符玄,,,1.49,0.21,33275,,,1.49,321,101,hf_chars,4.2.1/builds.json,https://huggingface.co/datasets/LvlUrArti/MocDataProcessed/resolve/main/4.2.1/builds.json,ok
4.2.1,2026-05-02,pf,虚构叙事,all,全部,4.1.1,Virtual Made Manifest,2026-03-30,2026-05-11,gallagher,Gallagher,加拉赫,,,3.87,1.31,27518,,,5.95,836,15,hf_chars,4.2.1/builds.json,https://huggingface.co/datasets/LvlUrArti/MocDataProcessed/resolve/main/4.2.1/builds.json,ok
4.2.1,2026-05-02,pf,虚构叙事,all,全部,4.1.1,Virtual Made Manifest,2026-03-30,2026-05-11,gepard,Gepard,杰帕德,,,0.0,0.0,0,,,2.0,1,0,hf_chars,4.2.1/builds.json,https://huggingface.co/datasets/LvlUrArti/MocDataProcessed/resolve/main/4.2.1/builds.json,ok
4.2.1,2026-05-02,pf,虚构叙事,all,全部,4.1.1,Virtual Made Manifest,2026-03-30,2026-05-11,guinaifen,Guinaifen,桂乃芬,,,0.02,0.01,0,,,6.0,4,0,hf_chars,4.2.1/builds.json,https://huggingface.co/datasets/LvlUrArti/MocDataProcessed/resolve/main/4.2.1/builds.json,ok
4.2.1,2026-05-02,pf,虚构叙事,all,全部,4.1.1,Virtual Made Manifest,2026-03-30,2026-05-11,hanya,Hanya,寒鸦,,,0.0,0.0,0,,,0.0,0,0,hf_chars,4.2.1/builds.json,https://huggingface.co/datasets/LvlUrArti/MocDataProcessed/resolve/main/4.2.1/builds.json,ok
4.2.1,2026-05-02,pf,虚构叙事,all,全部,4.1.1,Virtual Made Manifest,2026-03-30,2026-05-11,herta,Herta,黑塔,,,6.0,2.01,29355,,,6.0,1297,49,hf_chars,4.2.1/builds.json,https://huggingface.co/datasets/LvlUrArti/MocDataProcessed/resolve/main/4.2.1/builds.json,ok
4.2.1,2026-05-02,pf,虚构叙事,all,全部,4.1.1,Virtual Made Manifest,2026-03-30,2026-05-11,himeko,Himeko,姬子,,,1.54,0.35,27918,,,2.71,333,46,hf_chars,4.2.1/builds.json,https://huggingface.co/datasets/LvlUrArti/MocDataProcessed/resolve/main/4.2.1/builds.json,ok
4.2.1,2026-05-02,pf,虚构叙事,all,全部,4.1.1,Virtual Made Manifest,2026-03-30,2026-05-11,hook,Hook,虎克,,,0.0,0.0,0,,,0.0,0,1,hf_chars,4.2.1/builds.json,https://huggingface.co/datasets/LvlUrArti/MocDataProcessed/resolve/main/4.2.1/builds.json,ok
4.2.1,2026-05-02,pf,虚构叙事,all,全部,4.1.1,Virtual Made Manifest,2026-03-30,2026-05-11,huohuo,Huohuo,藿藿,,,17.65,5.26,33951,,,0.58,3813,565,hf_chars,4.2.1/builds.json,https://huggingface.co/datasets/LvlUrArti/MocDataProcessed/resolve/main/4.2.1/builds.json,ok
4.2.1,2026-05-02,pf,虚构叙事,all,全部,4.1.1,Virtual Made Manifest,2026-03-30,2026-05-11,hyacine,Hyacine,风堇,,,54.82,23.06,38806,,,0.34,11841,5301,hf_chars,4.2.1/builds.json,https://huggingface.co/datasets/LvlUrArti/MocDataProcessed/resolve/main/4.2.1/builds.json,ok
4.2.1,2026-05-02,pf,虚构叙事,all,全部,4.1.1,Virtual Made Manifest,2026-03-30,2026-05-11,hysilens,Hysilens,海瑟音,,,29.91,10.12,32927,,,0.54,6461,3115,hf_chars,4.2.1/builds.json,https://huggingface.co/datasets/LvlUrArti/MocDataProcessed/resolve/main/4.2.1/builds.json,ok
4.2.1,2026-05-02,pf,虚构叙事,all,全部,4.1.1,Virtual Made Manifest,2026-03-30,2026-05-11,imbibitor-lunae,Dan Heng • Imbibitor Lunae,丹恒•饮月,,,0.06,0.0,0,,,3.5,12,35,hf_chars,4.2.1/builds.json,https://huggingface.co/datasets/LvlUrArti/MocDataProcessed/resolve/main/4.2.1/builds.json,ok
4.2.1,2026-05-02,pf,虚构叙事,all,全部,4.1.1,Virtual Made Manifest,2026-03-30,2026-05-11,jade,Jade,翡翠,,,2.77,0.79,29621,,,0.51,599,188,hf_chars,4.2.1/builds.json,https://huggingface.co/datasets/LvlUrArti/MocDataProcessed/resolve/main/4.2.1/builds.json,ok
4.2.1,2026-05-02,pf,虚构叙事,all,全部,4.1.1,Virtual Made Manifest,2026-03-30,2026-05-11,jiaoqiu,Jiaoqiu,椒丘,,,1.47,0.18,25031,,,0.93,317,103,hf_chars,4.2.1/builds.json,https://huggingface.co/datasets/LvlUrArti/MocDataProcessed/resolve/main/4.2.1/builds.json,ok
4.2.1,2026-05-02,pf,虚构叙事,all,全部,4.1.1,Virtual Made Manifest,2026-03-30,2026-05-11,jing-yuan,Jing Yuan,景元,,,0.59,0.09,24582,,,1.36,128,106,hf_chars,4.2.1/builds.json,https://huggingface.co/datasets/LvlUrArti/MocDataProcessed/resolve/main/4.2.1/builds.json,ok
4.2.1,2026-05-02,pf,虚构叙事,all,全部,4.1.1,Virtual Made Manifest,2026-03-30,2026-05-11,jingliu,Jingliu,镜流,,,0.03,0.01,0,,,3.17,7,15,hf_chars,4.2.1/builds.json,https://huggingface.co/datasets/LvlUrArti/MocDataProcessed/resolve/main/4.2.1/builds.json,ok
4.2.1,2026-05-02,pf,虚构叙事,all,全部,4.1.1,Virtual Made Manifest,2026-03-30,2026-05-11,kafka,Kafka,卡芙卡,,,30.86,10.36,32746,,,0.88,6665,3054,hf_chars,4.2.1/builds.json,https://huggingface.co/datasets/LvlUrArti/MocDataProcessed/resolve/main/4.2.1/builds.json,ok
4.2.1,2026-05-02,pf,虚构叙事,all,全部,4.1.1,Virtual Made Manifest,2026-03-30,2026-05-11,lingsha,Lingsha,灵砂,,,11.03,3.11,29182,,,0.28,2383,480,hf_chars,4.2.1/builds.json,https://huggingface.co/datasets/LvlUrArti/MocDataProcessed/resolve/main/4.2.1/builds.json,ok
4.2.1,2026-05-02,pf,虚构叙事,all,全部,4.1.1,Virtual Made Manifest,2026-03-30,2026-05-11,luka,Luka,卢卡,,,0.0,0.0,0,,,6.0,0,1,hf_chars,4.2.1/builds.json,https://huggingface.co/datasets/LvlUrArti/MocDataProcessed/resolve/main/4.2.1/builds.json,ok
4.2.1,2026-05-02,pf,虚构叙事,all,全部,4.1.1,Virtual Made Manifest,2026-03-30,2026-05-11,luocha,Luocha,罗刹,,,1.65,0.54,29663,,,0.38,356,44,hf_chars,4.2.1/builds.json,https://huggingface.co/datasets/LvlUrArti/MocDataProcessed/resolve/main/4.2.1/builds.json,ok
4.2.1,2026-05-02,pf,虚构叙事,all,全部,4.1.1,Virtual Made Manifest,2026-03-30,2026-05-11,lynx,Lynx,玲可,,,0.03,0.0,0,,,0.0,6,0,hf_chars,4.2.1/builds.json,https://huggingface.co/datasets/LvlUrArti/MocDataProcessed/resolve/main/4.2.1/builds.json,ok
4.2.1,2026-05-02,pf,虚构叙事,all,全部,4.1.1,Virtual Made Manifest,2026-03-30,2026-05-11,march-7th,March 7th,三月七 - 存护,,,0.01,0.0,0,,,6.0,2,1,hf_chars,4.2.1/builds.json,https://huggingface.co/datasets/LvlUrArti/MocDataProcessed/resolve/main/4.2.1/builds.json,ok
4.2.1,2026-05-02,pf,虚构叙事,all,全部,4.1.1,Virtual Made Manifest,2026-03-30,2026-05-11,march-7th-evernight,Evernight,长夜月,S-DPS,,37.44,16.92,39640,,,0.47,8088,0,hf_chars,4.2.1/builds.json,https://huggingface.co/datasets/LvlUrArti/MocDataProcessed/resolve/main/4.2.1/builds.json,ok
4.2.1,2026-05-02,pf,虚构叙事,all,全部,4.1.1,Virtual Made Manifest,2026-03-30,2026-05-11,march-7th-swordmaster,March 7th: The Hunt,三月七•巡猎,,,0.0,0.0,0,,,6.0,1,2,hf_chars,4.2.1/builds.json,https://huggingface.co/datasets/LvlUrArti/MocDataProcessed/resolve/main/4.2.1/builds.json,ok
4.2.1,2026-05-02,pf,虚构叙事,all,全部,4.1.1,Virtual Made Manifest,2026-03-30,2026-05-11,misha,Misha,米沙,,,0.0,0.0,0,,,0.0,0,0,hf_chars,4.2.1/builds.json,https://huggingface.co/datasets/LvlUrArti/MocDataProcessed/resolve/main/4.2.1/builds.json,ok
4.2.1,2026-05-02,pf,虚构叙事,all,全部,4.1.1,Virtual Made Manifest,2026-03-30,2026-05-11,moze,Moze,貊泽,,,0.03,0.01,0,,,5.91,6,1,hf_chars,4.2.1/builds.json,https://huggingface.co/datasets/LvlUrArti/MocDataProcessed/resolve/main/4.2.1/builds.json,ok
4.2.1,2026-05-02,pf,虚构叙事,all,全部,4.1.1,Virtual Made Manifest,2026-03-30,2026-05-11,mydei,Mydei,万敌,,,1.65,0.33,30161,,,1.85,356,350,hf_chars,4.2.1/builds.json,https://huggingface.co/datasets/LvlUrArti/MocDataProcessed/resolve/main/4.2.1/builds.json,ok
4.2.1,2026-05-02,pf,虚构叙事,all,全部,4.1.1,Virtual Made Manifest,2026-03-30,2026-05-11,natasha,Natasha,娜塔莎,,,0.01,0.0,0,,,6.0,3,1,hf_chars,4.2.1/builds.json,https://huggingface.co/datasets/LvlUrArti/MocDataProcessed/resolve/main/4.2.1/builds.json,ok
4.2.1,2026-05-02,pf,虚构叙事,all,全部,4.1.1,Virtual Made Manifest,2026-03-30,2026-05-11,pela,Pela,佩拉,,,0.08,0.01,0,,,5.69,18,1,hf_chars,4.2.1/builds.json,https://huggingface.co/datasets/LvlUrArti/MocDataProcessed/resolve/main/4.2.1/builds.json,ok
4.2.1,2026-05-02,pf,虚构叙事,all,全部,4.1.1,Virtual Made Manifest,2026-03-30,2026-05-11,phainon,Phainon,白厄,,,13.91,2.94,27074,,,1.71,3004,2519,hf_chars,4.2.1/builds.json,https://huggingface.co/datasets/LvlUrArti/MocDataProcessed/resolve/main/4.2.1/builds.json,ok
4.2.1,2026-05-02,pf,虚构叙事,all,全部,4.1.1,Virtual Made Manifest,2026-03-30,2026-05-11,qingque,Qingque,青雀,,,0.0,0.0,0,,,6.0,1,5,hf_chars,4.2.1/builds.json,https://huggingface.co/datasets/LvlUrArti/MocDataProcessed/resolve/main/4.2.1/builds.json,ok
4.2.1,2026-05-02,pf,虚构叙事,all,全部,4.1.1,Virtual Made Manifest,2026-03-30,2026-05-11,rappa,Rappa,乱破,,,1.73,0.63,26934,,,0.85,374,174,hf_chars,4.2.1/builds.json,https://huggingface.co/datasets/LvlUrArti/MocDataProcessed/resolve/main/4.2.1/builds.json,ok
4.2.1,2026-05-02,pf,虚构叙事,all,全部,4.1.1,Virtual Made Manifest,2026-03-30,2026-05-11,robin,Robin,知更鸟,,,4.82,0.76,25330,,,1.35,1041,454,hf_chars,4.2.1/builds.json,https://huggingface.co/datasets/LvlUrArti/MocDataProcessed/resolve/main/4.2.1/builds.json,ok
4.2.1,2026-05-02,pf,虚构叙事,all,全部,4.1.1,Virtual Made Manifest,2026-03-30,2026-05-11,ruan-mei,Ruan Mei,阮•梅,,,8.56,0.74,28700,,,1.24,1850,476,hf_chars,4.2.1/builds.json,https://huggingface.co/datasets/LvlUrArti/MocDataProcessed/resolve/main/4.2.1/builds.json,ok
4.2.1,2026-05-02,pf,虚构叙事,all,全部,4.1.1,Virtual Made Manifest,2026-03-30,2026-05-11,saber,Saber,Saber,,,0.44,0.1,25660,,,3.88,95,270,hf_chars,4.2.1/builds.json,https://huggingface.co/datasets/LvlUrArti/MocDataProcessed/resolve/main/4.2.1/builds.json,ok
4.2.1,2026-05-02,pf,虚构叙事,all,全部,4.1.1,Virtual Made Manifest,2026-03-30,2026-05-11,sampo,Sampo,桑博,,,0.0,0.0,0,,,6.0,0,0,hf_chars,4.2.1/builds.json,https://huggingface.co/datasets/LvlUrArti/MocDataProcessed/resolve/main/4.2.1/builds.json,ok
4.2.1,2026-05-02,pf,虚构叙事,all,全部,4.1.1,Virtual Made Manifest,2026-03-30,2026-05-11,seele,Seele,希儿,,,1.07,0.12,33378,,,1.61,232,119,hf_chars,4.2.1/builds.json,https://huggingface.co/datasets/LvlUrArti/MocDataProcessed/resolve/main/4.2.1/builds.json,ok
4.2.1,2026-05-02,pf,虚构叙事,all,全部,4.1.1,Virtual Made Manifest,2026-03-30,2026-05-11,serval,Serval,希露瓦,,,0.17,0.02,0,,,5.94,37,1,hf_chars,4.2.1/builds.json,https://huggingface.co/datasets/LvlUrArti/MocDataProcessed/resolve/main/4.2.1/builds.json,ok
4.2.1,2026-05-02,pf,虚构叙事,all,全部,4.1.1,Virtual Made Manifest,2026-03-30,2026-05-11,silver-wolf,Silver Wolf,银狼,,,0.9,0.09,23720,,,1.22,195,148,hf_chars,4.2.1/builds.json,https://huggingface.co/datasets/LvlUrArti/MocDataProcessed/resolve/main/4.2.1/builds.json,ok
4.2.1,2026-05-02,pf,虚构叙事,all,全部,4.1.1,Virtual Made Manifest,2026-03-30,2026-05-11,silver-wolf-lv-999,Silver Wolf LV.999,银狼LV.999,,,9.05,3.2,35531,,,0.71,1955,1416,hf_chars,4.2.1/builds.json,https://huggingface.co/datasets/LvlUrArti/MocDataProcessed/resolve/main/4.2.1/builds.json,ok
4.2.1,2026-05-02,pf,虚构叙事,all,全部,4.1.1,Virtual Made Manifest,2026-03-30,2026-05-11,sparkle,Sparkle,花火,,,35.06,11.8,33135,,,0.89,7572,2001,hf_chars,4.2.1/builds.json,https://huggingface.co/datasets/LvlUrArti/MocDataProcessed/resolve/main/4.2.1/builds.json,ok
4.2.1,2026-05-02,pf,虚构叙事,all,全部,4.1.1,Virtual Made Manifest,2026-03-30,2026-05-11,sparxie,Sparxie,火花,S-DPS,,6.06,2.08,37523,,,0.21,1310,0,hf_chars,4.2.1/builds.json,https://huggingface.co/datasets/LvlUrArti/MocDataProcessed/resolve/main/4.2.1/builds.json,ok
4.2.1,2026-05-02,pf,虚构叙事,all,全部,4.1.1,Virtual Made Manifest,2026-03-30,2026-05-11,sunday,Sunday,星期日,,,17.83,4.51,27717,,,0.56,3852,1827,hf_chars,4.2.1/builds.json,https://huggingface.co/datasets/LvlUrArti/MocDataProcessed/resolve/main/4.2.1/builds.json,ok
4.2.1,2026-05-02,pf,虚构叙事,all,全部,4.1.1,Virtual Made Manifest,2026-03-30,2026-05-11,sushang,Sushang,素裳,,,0.0,0.0,0,,,0.0,0,0,hf_chars,4.2.1/builds.json,https://huggingface.co/datasets/LvlUrArti/MocDataProcessed/resolve/main/4.2.1/builds.json,ok
4.2.1,2026-05-02,pf,虚构叙事,all,全部,4.1.1,Virtual Made Manifest,2026-03-30,2026-05-11,the-dahlia,The Dahlia,大丽花,,,18.19,4.15,29050,,,0.4,3930,1530,hf_chars,4.2.1/builds.json,https://huggingface.co/datasets/LvlUrArti/MocDataProcessed/resolve/main/4.2.1/builds.json,ok
4.2.1,2026-05-02,pf,虚构叙事,all,全部,4.1.1,Virtual Made Manifest,2026-03-30,2026-05-11,the-herta,The Herta,大黑塔,,,13.38,4.15,29222,,,1.13,2890,1813,hf_chars,4.2.1/builds.json,https://huggingface.co/datasets/LvlUrArti/MocDataProcessed/resolve/main/4.2.1/builds.json,ok
4.2.1,2026-05-02,pf,虚构叙事,all,全部,4.1.1,Virtual Made Manifest,2026-03-30,2026-05-11,tingyun,Tingyun,停云,,,0.25,0.05,28352,,,5.94,54,2,hf_chars,4.2.1/builds.json,https://huggingface.co/datasets/LvlUrArti/MocDataProcessed/resolve/main/4.2.1/builds.json,ok
4.2.1,2026-05-02,pf,虚构叙事,all,全部,4.1.1,Virtual Made Manifest,2026-03-30,2026-05-11,tingyun-fugue,Fugue,忘归人,,,16.56,3.65,29240,,,0.56,3578,1055,hf_chars,4.2.1/builds.json,https://huggingface.co/datasets/LvlUrArti/MocDataProcessed/resolve/main/4.2.1/builds.json,ok
4.2.1,2026-05-02,pf,虚构叙事,all,全部,4.1.1,Virtual Made Manifest,2026-03-30,2026-05-11,topaz,Topaz & Numby,托帕&账账,,,0.04,0.0,0,,,1.86,8,3,hf_chars,4.2.1/builds.json,https://huggingface.co/datasets/LvlUrArti/MocDataProcessed/resolve/main/4.2.1/builds.json,ok
4.2.1,2026-05-02,pf,虚构叙事,all,全部,4.1.1,Virtual Made Manifest,2026-03-30,2026-05-11,trailblazer-destruction,Trailblazer - The Destruction,开拓者 - 毁灭,,,0.0,0.0,0,,,0.0,0,0,hf_chars,4.2.1/builds.json,https://huggingface.co/datasets/LvlUrArti/MocDataProcessed/resolve/main/4.2.1/builds.json,ok
4.2.1,2026-05-02,pf,虚构叙事,all,全部,4.1.1,Virtual Made Manifest,2026-03-30,2026-05-11,trailblazer-elation,Trailblazer: Elation,开拓者•欢愉,,,3.91,1.46,33683,,,4.21,844,115,hf_chars,4.2.1/builds.json,https://huggingface.co/datasets/LvlUrArti/MocDataProcessed/resolve/main/4.2.1/builds.json,ok
4.2.1,2026-05-02,pf,虚构叙事,all,全部,4.1.1,Virtual Made Manifest,2026-03-30,2026-05-11,trailblazer-harmony,Trailblazer - The Harmony,开拓者 - 同谐,,,5.46,1.05,30265,,,5.87,1179,64,hf_chars,4.2.1/builds.json,https://huggingface.co/datasets/LvlUrArti/MocDataProcessed/resolve/main/4.2.1/builds.json,ok
4.2.1,2026-05-02,pf,虚构叙事,all,全部,4.1.1,Virtual Made Manifest,2026-03-30,2026-05-11,trailblazer-preservation,Trailblazer - The Preservation,开拓者 - 存护,,,0.0,0.0,0,,,0.0,1,0,hf_chars,4.2.1/builds.json,https://huggingface.co/datasets/LvlUrArti/MocDataProcessed/resolve/main/4.2.1/builds.json,ok
4.2.1,2026-05-02,pf,虚构叙事,all,全部,4.1.1,Virtual Made Manifest,2026-03-30,2026-05-11,trailblazer-remembrance,Trailblazer - Remembrance,开拓者•记忆,,,19.5,7.52,33988,,,5.96,4212,285,hf_chars,4.2.1/builds.json,https://huggingface.co/datasets/LvlUrArti/MocDataProcessed/resolve/main/4.2.1/builds.json,ok
4.2.1,2026-05-02,pf,虚构叙事,all,全部,4.1.1,Virtual Made Manifest,2026-03-30,2026-05-11,tribbie,Tribbie,缇宝,,,33.53,9.51,32907,,,0.68,7243,2752,hf_chars,4.2.1/builds.json,https://huggingface.co/datasets/LvlUrArti/MocDataProcessed/resolve/main/4.2.1/builds.json,ok
4.2.1,2026-05-02,pf,虚构叙事,all,全部,4.1.1,Virtual Made Manifest,2026-03-30,2026-05-11,welt,Welt,瓦尔特,,,0.22,0.06,31403,,,3.93,48,26,hf_chars,4.2.1/builds.json,https://huggingface.co/datasets/LvlUrArti/MocDataProcessed/resolve/main/4.2.1/builds.json,ok
4.2.1,2026-05-02,pf,虚构叙事,all,全部,4.1.1,Virtual Made Manifest,2026-03-30,2026-05-11,xueyi,Xueyi,雪衣,,,0.01,0.0,0,,,6.0,3,3,hf_chars,4.2.1/builds.json,https://huggingface.co/datasets/LvlUrArti/MocDataProcessed/resolve/main/4.2.1/builds.json,ok
4.2.1,2026-05-02,pf,虚构叙事,all,全部,4.1.1,Virtual Made Manifest,2026-03-30,2026-05-11,yanqing,Yanqing,彦卿,,,0.0,0.0,0,,,0.0,0,0,hf_chars,4.2.1/builds.json,https://huggingface.co/datasets/LvlUrArti/MocDataProcessed/resolve/main/4.2.1/builds.json,ok
4.2.1,2026-05-02,pf,虚构叙事,all,全部,4.1.1,Virtual Made Manifest,2026-03-30,2026-05-11,yao-guang,Yao Guang,爻光,,,33.46,13.33,34302,,,0.19,7227,3324,hf_chars,4.2.1/builds.json,https://huggingface.co/datasets/LvlUrArti/MocDataProcessed/resolve/main/4.2.1/builds.json,ok
4.2.1,2026-05-02,pf,虚构叙事,all,全部,4.1.1,Virtual Made Manifest,2026-03-30,2026-05-11,yukong,Yukong,驭空,,,0.0,0.0,0,,,0.0,0,0,hf_chars,4.2.1/builds.json,https://huggingface.co/datasets/LvlUrArti/MocDataProcessed/resolve/main/4.2.1/builds.json,ok
4.2.1,2026-05-02,pf,虚构叙事,all,全部,4.1.1,Virtual Made Manifest,2026-03-30,2026-05-11,yunli,Yunli,云璃,,,0.23,0.04,0,,,1.15,50,35,hf_chars,4.2.1/builds.json,https://huggingface.co/datasets/LvlUrArti/MocDataProcessed/resolve/main/4.2.1/builds.json,ok
4.3.1,2026-06-11,pf,虚构叙事,all,全部,4.2.1,Illusory Concepts,2026-05-11,2026-06-22,acheron,Acheron,黄泉,,,1.83,0.23,34591,,,1.88,386,412,hf_chars,4.3.1/builds.json,https://huggingface.co/datasets/LvlUrArti/MocDataProcessed/resolve/main/4.3.1/builds.json,ok
4.3.1,2026-06-11,pf,虚构叙事,all,全部,4.2.1,Illusory Concepts,2026-05-11,2026-06-22,aglaea,Aglaea,阿格莱雅,,,0.58,0.03,0,,,1.87,123,124,hf_chars,4.3.1/builds.json,https://huggingface.co/datasets/LvlUrArti/MocDataProcessed/resolve/main/4.3.1/builds.json,ok
4.3.1,2026-06-11,pf,虚构叙事,all,全部,4.2.1,Illusory Concepts,2026-05-11,2026-06-22,anaxa,Anaxa,那刻夏,S-DPS,,4.3,0.92,27384,,,0.3,907,0,hf_chars,4.3.1/builds.json,https://huggingface.co/datasets/LvlUrArti/MocDataProcessed/resolve/main/4.3.1/builds.json,ok
4.3.1,2026-06-11,pf,虚构叙事,all,全部,4.2.1,Illusory Concepts,2026-05-11,2026-06-22,archer,Archer,Archer,,,0.96,0.1,25131,,,0.88,203,192,hf_chars,4.3.1/builds.json,https://huggingface.co/datasets/LvlUrArti/MocDataProcessed/resolve/main/4.3.1/builds.json,ok
4.3.1,2026-06-11,pf,虚构叙事,all,全部,4.2.1,Illusory Concepts,2026-05-11,2026-06-22,argenti,Argenti,银枝,S-DPS,,0.18,0.06,29505,,,0.3,39,0,hf_chars,4.3.1/builds.json,https://huggingface.co/datasets/LvlUrArti/MocDataProcessed/resolve/main/4.3.1/builds.json,ok
4.3.1,2026-06-11,pf,虚构叙事,all,全部,4.2.1,Illusory Concepts,2026-05-11,2026-06-22,arlan,Arlan,阿兰,,,0.0,0.0,0,,,6.0,0,0,hf_chars,4.3.1/builds.json,https://huggingface.co/datasets/LvlUrArti/MocDataProcessed/resolve/main/4.3.1/builds.json,ok
4.3.1,2026-06-11,pf,虚构叙事,all,全部,4.2.1,Illusory Concepts,2026-05-11,2026-06-22,ashveil,Ashveil,不死途,S-DPS,,0.85,0.18,31404,,,0.4,179,0,hf_chars,4.3.1/builds.json,https://huggingface.co/datasets/LvlUrArti/MocDataProcessed/resolve/main/4.3.1/builds.json,ok
4.3.1,2026-06-11,pf,虚构叙事,all,全部,4.2.1,Illusory Concepts,2026-05-11,2026-06-22,asta,Asta,艾丝妲,,,0.89,0.34,26883,,,5.94,188,6,hf_chars,4.3.1/builds.json,https://huggingface.co/datasets/LvlUrArti/MocDataProcessed/resolve/main/4.3.1/builds.json,ok
4.3.1,2026-06-11,pf,虚构叙事,all,全部,4.2.1,Illusory Concepts,2026-05-11,2026-06-22,aventurine,Aventurine,砂金,,,2.57,0.65,30505,,,0.73,541,243,hf_chars,4.3.1/builds.json,https://huggingface.co/datasets/LvlUrArti/MocDataProcessed/resolve/main/4.3.1/builds.json,ok
4.3.1,2026-06-11,pf,虚构叙事,all,全部,4.2.1,Illusory Concepts,2026-05-11,2026-06-22,bailu,Bailu,白露,,,0.1,0.02,0,,,2.63,21,1,hf_chars,4.3.1/builds.json,https://huggingface.co/datasets/LvlUrArti/MocDataProcessed/resolve/main/4.3.1/builds.json,ok
4.3.1,2026-06-11,pf,虚构叙事,all,全部,4.2.1,Illusory Concepts,2026-05-11,2026-06-22,black-swan,Black Swan,黑天鹅,,,17.41,4.56,30699,,,0.51,3671,1465,hf_chars,4.3.1/builds.json,https://huggingface.co/datasets/LvlUrArti/MocDataProcessed/resolve/main/4.3.1/builds.json,ok
4.3.1,2026-06-11,pf,虚构叙事,all,全部,4.2.1,Illusory Concepts,2026-05-11,2026-06-22,blade,Blade,刃,S-DPS,,0.08,0.01,0,,,1.97,17,0,hf_chars,4.3.1/builds.json,https://huggingface.co/datasets/LvlUrArti/MocDataProcessed/resolve/main/4.3.1/builds.json,ok
4.3.1,2026-06-11,pf,虚构叙事,all,全部,4.2.1,Illusory Concepts,2026-05-11,2026-06-22,blade-mortenax,Mortenax Blade,千冶•刃,,,4.42,1.03,38656,,,0.63,932,674,hf_chars,4.3.1/builds.json,https://huggingface.co/datasets/LvlUrArti/MocDataProcessed/resolve/main/4.3.1/builds.json,ok
4.3.1,2026-06-11,pf,虚构叙事,all,全部,4.2.1,Illusory Concepts,2026-05-11,2026-06-22,boothill,Boothill,波提欧,,,0.03,0.0,0,,,1.58,6,17,hf_chars,4.3.1/builds.json,https://huggingface.co/datasets/LvlUrArti/MocDataProcessed/resolve/main/4.3.1/builds.json,ok
4.3.1,2026-06-11,pf,虚构叙事,all,全部,4.2.1,Illusory Concepts,2026-05-11,2026-06-22,bronya,Bronya,布洛妮娅,,,1.23,0.22,24108,,,3.27,259,30,hf_chars,4.3.1/builds.json,https://huggingface.co/datasets/LvlUrArti/MocDataProcessed/resolve/main/4.3.1/builds.json,ok
4.3.1,2026-06-11,pf,虚构叙事,all,全部,4.2.1,Illusory Concepts,2026-05-11,2026-06-22,castorice,Castorice,遐蝶,,,49.53,21.62,39128,,,0.93,10444,6722,hf_chars,4.3.1/builds.json,https://huggingface.co/datasets/LvlUrArti/MocDataProcessed/resolve/main/4.3.1/builds.json,ok
4.3.1,2026-06-11,pf,虚构叙事,all,全部,4.2.1,Illusory Concepts,2026-05-11,2026-06-22,cerydra,Cerydra,刻律德菈,,,9.35,1.14,24928,,,0.51,1972,729,hf_chars,4.3.1/builds.json,https://huggingface.co/datasets/LvlUrArti/MocDataProcessed/resolve/main/4.3.1/builds.json,ok
4.3.1,2026-06-11,pf,虚构叙事,all,全部,4.2.1,Illusory Concepts,2026-05-11,2026-06-22,cipher,Cipher,赛飞儿,,,0.84,0.16,29300,,,0.58,178,143,hf_chars,4.3.1/builds.json,https://huggingface.co/datasets/LvlUrArti/MocDataProcessed/resolve/main/4.3.1/builds.json,ok
4.3.1,2026-06-11,pf,虚构叙事,all,全部,4.2.1,Illusory Concepts,2026-05-11,2026-06-22,clara,Clara,克拉拉,,,0.1,0.01,0,,,5.11,21,11,hf_chars,4.3.1/builds.json,https://huggingface.co/datasets/LvlUrArti/MocDataProcessed/resolve/main/4.3.1/builds.json,ok
4.3.1,2026-06-11,pf,虚构叙事,all,全部,4.2.1,Illusory Concepts,2026-05-11,2026-06-22,cyrene,Cyrene,昔涟,,,45.24,18.99,39314,,,0.77,9539,5261,hf_chars,4.3.1/builds.json,https://huggingface.co/datasets/LvlUrArti/MocDataProcessed/resolve/main/4.3.1/builds.json,ok
4.3.1,2026-06-11,pf,虚构叙事,all,全部,4.2.1,Illusory Concepts,2026-05-11,2026-06-22,dan-heng,Dan Heng,丹恒,,,0.0,0.0,0,,,6.0,1,1,hf_chars,4.3.1/builds.json,https://huggingface.co/datasets/LvlUrArti/MocDataProcessed/resolve/main/4.3.1/builds.json,ok
4.3.1,2026-06-11,pf,虚构叙事,all,全部,4.2.1,Illusory Concepts,2026-05-11,2026-06-22,dan-heng-permansor-terrae,Dan Heng • Permansor Terrae,丹恒•腾荒,,,45.53,16.46,32138,,,0.19,9599,1608,hf_chars,4.3.1/builds.json,https://huggingface.co/datasets/LvlUrArti/MocDataProcessed/resolve/main/4.3.1/builds.json,ok
4.3.1,2026-06-11,pf,虚构叙事,all,全部,4.2.1,Illusory Concepts,2026-05-11,2026-06-22,dr-ratio,Dr. Ratio,真理医生,,,0.0,0.0,0,,,3.35,0,7,hf_chars,4.3.1/builds.json,https://huggingface.co/datasets/LvlUrArti/MocDataProcessed/resolve/main/4.3.1/builds.json,ok
4.3.1,2026-06-11,pf,虚构叙事,all,全部,4.2.1,Illusory Concepts,2026-05-11,2026-06-22,evanescia,Evanescia,绯英,,,11.78,3.6,35496,,,1.08,2483,1664,hf_chars,4.3.1/builds.json,https://huggingface.co/datasets/LvlUrArti/MocDataProcessed/resolve/main/4.3.1/builds.json,ok
4.3.1,2026-06-11,pf,虚构叙事,all,全部,4.2.1,Illusory Concepts,2026-05-11,2026-06-22,feixiao,Feixiao,飞霄,,,0.18,0.0,0,,,1.64,37,40,hf_chars,4.3.1/builds.json,https://huggingface.co/datasets/LvlUrArti/MocDataProcessed/resolve/main/4.3.1/builds.json,ok
4.3.1,2026-06-11,pf,虚构叙事,all,全部,4.2.1,Illusory Concepts,2026-05-11,2026-06-22,firefly,Firefly,流萤,,,9.8,1.2,27586,,,1.57,2067,1715,hf_chars,4.3.1/builds.json,https://huggingface.co/datasets/LvlUrArti/MocDataProcessed/resolve/main/4.3.1/builds.json,ok
4.3.1,2026-06-11,pf,虚构叙事,all,全部,4.2.1,Illusory Concepts,2026-05-11,2026-06-22,fu-xuan,Fu Xuan,符玄,,,1.59,0.23,33492,,,1.5,336,83,hf_chars,4.3.1/builds.json,https://huggingface.co/datasets/LvlUrArti/MocDataProcessed/resolve/main/4.3.1/builds.json,ok
4.3.1,2026-06-11,pf,虚构叙事,all,全部,4.2.1,Illusory Concepts,2026-05-11,2026-06-22,gallagher,Gallagher,加拉赫,,,2.63,0.59,27149,,,5.97,555,13,hf_chars,4.3.1/builds.json,https://huggingface.co/datasets/LvlUrArti/MocDataProcessed/resolve/main/4.3.1/builds.json,ok
4.3.1,2026-06-11,pf,虚构叙事,all,全部,4.2.1,Illusory Concepts,2026-05-11,2026-06-22,gepard,Gepard,杰帕德,,,0.01,0.0,0,,,2.47,3,1,hf_chars,4.3.1/builds.json,https://huggingface.co/datasets/LvlUrArti/MocDataProcessed/resolve/main/4.3.1/builds.json,ok
4.3.1,2026-06-11,pf,虚构叙事,all,全部,4.2.1,Illusory Concepts,2026-05-11,2026-06-22,guinaifen,Guinaifen,桂乃芬,,,0.0,0.0,0,,,0.0,1,0,hf_chars,4.3.1/builds.json,https://huggingface.co/datasets/LvlUrArti/MocDataProcessed/resolve/main/4.3.1/builds.json,ok
4.3.1,2026-06-11,pf,虚构叙事,all,全部,4.2.1,Illusory Concepts,2026-05-11,2026-06-22,hanya,Hanya,寒鸦,,,0.0,0.0,0,,,6.0,0,1,hf_chars,4.3.1/builds.json,https://huggingface.co/datasets/LvlUrArti/MocDataProcessed/resolve/main/4.3.1/builds.json,ok
4.3.1,2026-06-11,pf,虚构叙事,all,全部,4.2.1,Illusory Concepts,2026-05-11,2026-06-22,herta,Herta,黑塔,,,5.74,1.74,29521,,,6.0,1210,56,hf_chars,4.3.1/builds.json,https://huggingface.co/datasets/LvlUrArti/MocDataProcessed/resolve/main/4.3.1/builds.json,ok
4.3.1,2026-06-11,pf,虚构叙事,all,全部,4.2.1,Illusory Concepts,2026-05-11,2026-06-22,himeko,Himeko,姬子,,,0.32,0.03,0,,,3.15,67,18,hf_chars,4.3.1/builds.json,https://huggingface.co/datasets/LvlUrArti/MocDataProcessed/resolve/main/4.3.1/builds.json,ok
4.3.1,2026-06-11,pf,虚构叙事,all,全部,4.2.1,Illusory Concepts,2026-05-11,2026-06-22,hook,Hook,虎克,,,0.0,0.0,0,,,0.0,0,1,hf_chars,4.3.1/builds.json,https://huggingface.co/datasets/LvlUrArti/MocDataProcessed/resolve/main/4.3.1/builds.json,ok
4.3.1,2026-06-11,pf,虚构叙事,all,全部,4.2.1,Illusory Concepts,2026-05-11,2026-06-22,huohuo,Huohuo,藿藿,,,49.71,14.74,35051,,,0.63,10481,1002,hf_chars,4.3.1/builds.json,https://huggingface.co/datasets/LvlUrArti/MocDataProcessed/resolve/main/4.3.1/builds.json,ok
4.3.1,2026-06-11,pf,虚构叙事,all,全部,4.2.1,Illusory Concepts,2026-05-11,2026-06-22,hyacine,Hyacine,风堇,,,60.75,25.16,38816,,,0.36,12809,5202,hf_chars,4.3.1/builds.json,https://huggingface.co/datasets/LvlUrArti/MocDataProcessed/resolve/main/4.3.1/builds.json,ok
4.3.1,2026-06-11,pf,虚构叙事,all,全部,4.2.1,Illusory Concepts,2026-05-11,2026-06-22,hysilens,Hysilens,海瑟音,,,18.62,4.9,30543,,,0.62,3926,2171,hf_chars,4.3.1/builds.json,https://huggingface.co/datasets/LvlUrArti/MocDataProcessed/resolve/main/4.3.1/builds.json,ok
4.3.1,2026-06-11,pf,虚构叙事,all,全部,4.2.1,Illusory Concepts,2026-05-11,2026-06-22,imbibitor-lunae,Dan Heng • Imbibitor Lunae,丹恒•饮月,,,0.02,0.0,0,,,3.65,5,21,hf_chars,4.3.1/builds.json,https://huggingface.co/datasets/LvlUrArti/MocDataProcessed/resolve/main/4.3.1/builds.json,ok
4.3.1,2026-06-11,pf,虚构叙事,all,全部,4.2.1,Illusory Concepts,2026-05-11,2026-06-22,jade,Jade,翡翠,,,3.11,0.86,29111,,,0.57,656,191,hf_chars,4.3.1/builds.json,https://huggingface.co/datasets/LvlUrArti/MocDataProcessed/resolve/main/4.3.1/builds.json,ok
4.3.1,2026-06-11,pf,虚构叙事,all,全部,4.2.1,Illusory Concepts,2026-05-11,2026-06-22,jiaoqiu,Jiaoqiu,椒丘,,,0.37,0.03,0,,,0.95,78,48,hf_chars,4.3.1/builds.json,https://huggingface.co/datasets/LvlUrArti/MocDataProcessed/resolve/main/4.3.1/builds.json,ok
4.3.1,2026-06-11,pf,虚构叙事,all,全部,4.2.1,Illusory Concepts,2026-05-11,2026-06-22,jing-yuan,Jing Yuan,景元,,,0.15,0.0,0,,,1.93,31,38,hf_chars,4.3.1/builds.json,https://huggingface.co/datasets/LvlUrArti/MocDataProcessed/resolve/main/4.3.1/builds.json,ok
4.3.1,2026-06-11,pf,虚构叙事,all,全部,4.2.1,Illusory Concepts,2026-05-11,2026-06-22,jingliu,Jingliu,镜流,,,0.07,0.01,0,,,3.36,15,21,hf_chars,4.3.1/builds.json,https://huggingface.co/datasets/LvlUrArti/MocDataProcessed/resolve/main/4.3.1/builds.json,ok
4.3.1,2026-06-11,pf,虚构叙事,all,全部,4.2.1,Illusory Concepts,2026-05-11,2026-06-22,kafka,Kafka,卡芙卡,,,18.82,4.94,30497,,,0.99,3969,2174,hf_chars,4.3.1/builds.json,https://huggingface.co/datasets/LvlUrArti/MocDataProcessed/resolve/main/4.3.1/builds.json,ok
4.3.1,2026-06-11,pf,虚构叙事,all,全部,4.2.1,Illusory Concepts,2026-05-11,2026-06-22,lingsha,Lingsha,灵砂,,,6.77,1.27,28212,,,0.26,1428,305,hf_chars,4.3.1/builds.json,https://huggingface.co/datasets/LvlUrArti/MocDataProcessed/resolve/main/4.3.1/builds.json,ok
4.3.1,2026-06-11,pf,虚构叙事,all,全部,4.2.1,Illusory Concepts,2026-05-11,2026-06-22,luka,Luka,卢卡,,,0.0,0.0,0,,,6.0,0,1,hf_chars,4.3.1/builds.json,https://huggingface.co/datasets/LvlUrArti/MocDataProcessed/resolve/main/4.3.1/builds.json,ok
4.3.1,2026-06-11,pf,虚构叙事,all,全部,4.2.1,Illusory Concepts,2026-05-11,2026-06-22,luocha,Luocha,罗刹,,,1.49,0.45,30066,,,0.39,314,34,hf_chars,4.3.1/builds.json,https://huggingface.co/datasets/LvlUrArti/MocDataProcessed/resolve/main/4.3.1/builds.json,ok
4.3.1,2026-06-11,pf,虚构叙事,all,全部,4.2.1,Illusory Concepts,2026-05-11,2026-06-22,lynx,Lynx,玲可,,,0.01,0.0,0,,,6.0,2,0,hf_chars,4.3.1/builds.json,https://huggingface.co/datasets/LvlUrArti/MocDataProcessed/resolve/main/4.3.1/builds.json,ok
4.3.1,2026-06-11,pf,虚构叙事,all,全部,4.2.1,Illusory Concepts,2026-05-11,2026-06-22,march-7th,March 7th,三月七 - 存护,,,0.0,0.0,0,,,6.0,0,0,hf_chars,4.3.1/builds.json,https://huggingface.co/datasets/LvlUrArti/MocDataProcessed/resolve/main/4.3.1/builds.json,ok
4.3.1,2026-06-11,pf,虚构叙事,all,全部,4.2.1,Illusory Concepts,2026-05-11,2026-06-22,march-7th-evernight,Evernight,长夜月,S-DPS,,43.82,19.31,39538,,,0.52,9239,0,hf_chars,4.3.1/builds.json,https://huggingface.co/datasets/LvlUrArti/MocDataProcessed/resolve/main/4.3.1/builds.json,ok
4.3.1,2026-06-11,pf,虚构叙事,all,全部,4.2.1,Illusory Concepts,2026-05-11,2026-06-22,march-7th-swordmaster,March 7th: The Hunt,三月七•巡猎,,,0.01,0.0,0,,,0.0,3,1,hf_chars,4.3.1/builds.json,https://huggingface.co/datasets/LvlUrArti/MocDataProcessed/resolve/main/4.3.1/builds.json,ok
4.3.1,2026-06-11,pf,虚构叙事,all,全部,4.2.1,Illusory Concepts,2026-05-11,2026-06-22,misha,Misha,米沙,,,0.0,0.0,0,,,0.0,0,0,hf_chars,4.3.1/builds.json,https://huggingface.co/datasets/LvlUrArti/MocDataProcessed/resolve/main/4.3.1/builds.json,ok
4.3.1,2026-06-11,pf,虚构叙事,all,全部,4.2.1,Illusory Concepts,2026-05-11,2026-06-22,moze,Moze,貊泽,,,0.01,0.0,0,,,6.0,2,0,hf_chars,4.3.1/builds.json,https://huggingface.co/datasets/LvlUrArti/MocDataProcessed/resolve/main/4.3.1/builds.json,ok
4.3.1,2026-06-11,pf,虚构叙事,all,全部,4.2.1,Illusory Concepts,2026-05-11,2026-06-22,mydei,Mydei,万敌,,,0.92,0.11,27983,,,2.21,193,236,hf_chars,4.3.1/builds.json,https://huggingface.co/datasets/LvlUrArti/MocDataProcessed/resolve/main/4.3.1/builds.json,ok
4.3.1,2026-06-11,pf,虚构叙事,all,全部,4.2.1,Illusory Concepts,2026-05-11,2026-06-22,natasha,Natasha,娜塔莎,,,0.01,0.0,0,,,6.0,2,1,hf_chars,4.3.1/builds.json,https://huggingface.co/datasets/LvlUrArti/MocDataProcessed/resolve/main/4.3.1/builds.json,ok
4.3.1,2026-06-11,pf,虚构叙事,all,全部,4.2.1,Illusory Concepts,2026-05-11,2026-06-22,pela,Pela,佩拉,,,0.03,0.0,0,,,5.88,6,1,hf_chars,4.3.1/builds.json,https://huggingface.co/datasets/LvlUrArti/MocDataProcessed/resolve/main/4.3.1/builds.json,ok
4.3.1,2026-06-11,pf,虚构叙事,all,全部,4.2.1,Illusory Concepts,2026-05-11,2026-06-22,phainon,Phainon,白厄,,,9.57,1.2,24839,,,1.97,2018,2072,hf_chars,4.3.1/builds.json,https://huggingface.co/datasets/LvlUrArti/MocDataProcessed/resolve/main/4.3.1/builds.json,ok
4.3.1,2026-06-11,pf,虚构叙事,all,全部,4.2.1,Illusory Concepts,2026-05-11,2026-06-22,qingque,Qingque,青雀,,,0.02,0.0,0,,,5.87,4,5,hf_chars,4.3.1/builds.json,https://huggingface.co/datasets/LvlUrArti/MocDataProcessed/resolve/main/4.3.1/builds.json,ok
4.3.1,2026-06-11,pf,虚构叙事,all,全部,4.2.1,Illusory Concepts,2026-05-11,2026-06-22,rappa,Rappa,乱破,,,0.62,0.11,25320,,,1.09,130,88,hf_chars,4.3.1/builds.json,https://huggingface.co/datasets/LvlUrArti/MocDataProcessed/resolve/main/4.3.1/builds.json,ok
4.3.1,2026-06-11,pf,虚构叙事,all,全部,4.2.1,Illusory Concepts,2026-05-11,2026-06-22,robin,Robin,知更鸟,,,3.42,0.25,25264,,,1.62,721,328,hf_chars,4.3.1/builds.json,https://huggingface.co/datasets/LvlUrArti/MocDataProcessed/resolve/main/4.3.1/builds.json,ok
4.3.1,2026-06-11,pf,虚构叙事,all,全部,4.2.1,Illusory Concepts,2026-05-11,2026-06-22,ruan-mei,Ruan Mei,阮•梅,,,4.68,0.33,26917,,,1.25,986,243,hf_chars,4.3.1/builds.json,https://huggingface.co/datasets/LvlUrArti/MocDataProcessed/resolve/main/4.3.1/builds.json,ok
4.3.1,2026-06-11,pf,虚构叙事,all,全部,4.2.1,Illusory Concepts,2026-05-11,2026-06-22,saber,Saber,Saber,,,0.18,0.01,0,,,4.35,38,175,hf_chars,4.3.1/builds.json,https://huggingface.co/datasets/LvlUrArti/MocDataProcessed/resolve/main/4.3.1/builds.json,ok
4.3.1,2026-06-11,pf,虚构叙事,all,全部,4.2.1,Illusory Concepts,2026-05-11,2026-06-22,sampo,Sampo,桑博,,,0.0,0.0,0,,,6.0,1,1,hf_chars,4.3.1/builds.json,https://huggingface.co/datasets/LvlUrArti/MocDataProcessed/resolve/main/4.3.1/builds.json,ok
4.3.1,2026-06-11,pf,虚构叙事,all,全部,4.2.1,Illusory Concepts,2026-05-11,2026-06-22,seele,Seele,希儿,,,1.65,0.21,27990,,,1.59,347,156,hf_chars,4.3.1/builds.json,https://huggingface.co/datasets/LvlUrArti/MocDataProcessed/resolve/main/4.3.1/builds.json,ok
4.3.1,2026-06-11,pf,虚构叙事,all,全部,4.2.1,Illusory Concepts,2026-05-11,2026-06-22,serval,Serval,希露瓦,,,0.14,0.03,0,,,5.97,30,0,hf_chars,4.3.1/builds.json,https://huggingface.co/datasets/LvlUrArti/MocDataProcessed/resolve/main/4.3.1/builds.json,ok
4.3.1,2026-06-11,pf,虚构叙事,all,全部,4.2.1,Illusory Concepts,2026-05-11,2026-06-22,silver-wolf,Silver Wolf,银狼,,,0.35,0.02,0,,,1.16,74,80,hf_chars,4.3.1/builds.json,https://huggingface.co/datasets/LvlUrArti/MocDataProcessed/resolve/main/4.3.1/builds.json,ok
4.3.1,2026-06-11,pf,虚构叙事,all,全部,4.2.1,Illusory Concepts,2026-05-11,2026-06-22,silver-wolf-lv-999,Silver Wolf LV.999,银狼LV.999,,,54.18,21.23,35054,,,0.99,11423,7165,hf_chars,4.3.1/builds.json,https://huggingface.co/datasets/LvlUrArti/MocDataProcessed/resolve/main/4.3.1/builds.json,ok
4.3.1,2026-06-11,pf,虚构叙事,all,全部,4.2.1,Illusory Concepts,2026-05-11,2026-06-22,sparkle,Sparkle,花火,,,13.27,2.45,30001,,,1.0,2798,1030,hf_chars,4.3.1/builds.json,https://huggingface.co/datasets/LvlUrArti/MocDataProcessed/resolve/main/4.3.1/builds.json,ok
4.3.1,2026-06-11,pf,虚构叙事,all,全部,4.2.1,Illusory Concepts,2026-05-11,2026-06-22,sparxie,Sparxie,火花,S-DPS,,37.58,14.31,36205,,,0.21,7923,0,hf_chars,4.3.1/builds.json,https://huggingface.co/datasets/LvlUrArti/MocDataProcessed/resolve/main/4.3.1/builds.json,ok
4.3.1,2026-06-11,pf,虚构叙事,all,全部,4.2.1,Illusory Concepts,2026-05-11,2026-06-22,sunday,Sunday,星期日,,,10.87,1.9,25507,,,0.64,2291,1328,hf_chars,4.3.1/builds.json,https://huggingface.co/datasets/LvlUrArti/MocDataProcessed/resolve/main/4.3.1/builds.json,ok
4.3.1,2026-06-11,pf,虚构叙事,all,全部,4.2.1,Illusory Concepts,2026-05-11,2026-06-22,sushang,Sushang,素裳,,,0.0,0.0,0,,,6.0,0,0,hf_chars,4.3.1/builds.json,https://huggingface.co/datasets/LvlUrArti/MocDataProcessed/resolve/main/4.3.1/builds.json,ok
4.3.1,2026-06-11,pf,虚构叙事,all,全部,4.2.1,Illusory Concepts,2026-05-11,2026-06-22,the-dahlia,The Dahlia,大丽花,,,10.94,1.36,27382,,,0.49,2307,1098,hf_chars,4.3.1/builds.json,https://huggingface.co/datasets/LvlUrArti/MocDataProcessed/resolve/main/4.3.1/builds.json,ok
4.3.1,2026-06-11,pf,虚构叙事,all,全部,4.2.1,Illusory Concepts,2026-05-11,2026-06-22,the-herta,The Herta,大黑塔,,,12.77,3.5,28839,,,1.35,2693,1597,hf_chars,4.3.1/builds.json,https://huggingface.co/datasets/LvlUrArti/MocDataProcessed/resolve/main/4.3.1/builds.json,ok
4.3.1,2026-06-11,pf,虚构叙事,all,全部,4.2.1,Illusory Concepts,2026-05-11,2026-06-22,tingyun,Tingyun,停云,,,0.12,0.01,0,,,5.99,25,0,hf_chars,4.3.1/builds.json,https://huggingface.co/datasets/LvlUrArti/MocDataProcessed/resolve/main/4.3.1/builds.json,ok
4.3.1,2026-06-11,pf,虚构叙事,all,全部,4.2.1,Illusory Concepts,2026-05-11,2026-06-22,tingyun-fugue,Fugue,忘归人,,,9.22,1.05,27561,,,0.54,1944,702,hf_chars,4.3.1/builds.json,https://huggingface.co/datasets/LvlUrArti/MocDataProcessed/resolve/main/4.3.1/builds.json,ok
4.3.1,2026-06-11,pf,虚构叙事,all,全部,4.2.1,Illusory Concepts,2026-05-11,2026-06-22,topaz,Topaz & Numby,托帕&账账,,,0.0,0.0,0,,,2.12,0,2,hf_chars,4.3.1/builds.json,https://huggingface.co/datasets/LvlUrArti/MocDataProcessed/resolve/main/4.3.1/builds.json,ok
4.3.1,2026-06-11,pf,虚构叙事,all,全部,4.2.1,Illusory Concepts,2026-05-11,2026-06-22,trailblazer-destruction,Trailblazer - The Destruction,开拓者 - 毁灭,,,0.0,0.0,0,,,0.0,0,0,hf_chars,4.3.1/builds.json,https://huggingface.co/datasets/LvlUrArti/MocDataProcessed/resolve/main/4.3.1/builds.json,ok
4.3.1,2026-06-11,pf,虚构叙事,all,全部,4.2.1,Illusory Concepts,2026-05-11,2026-06-22,trailblazer-elation,Trailblazer: Elation,开拓者•欢愉,,,30.71,11.26,33215,,,4.84,6475,618,hf_chars,4.3.1/builds.json,https://huggingface.co/datasets/LvlUrArti/MocDataProcessed/resolve/main/4.3.1/builds.json,ok
4.3.1,2026-06-11,pf,虚构叙事,all,全部,4.2.1,Illusory Concepts,2026-05-11,2026-06-22,trailblazer-harmony,Trailblazer - The Harmony,开拓者 - 同谐,,,3.13,0.33,27383,,,5.9,659,49,hf_chars,4.3.1/builds.json,https://huggingface.co/datasets/LvlUrArti/MocDataProcessed/resolve/main/4.3.1/builds.json,ok
4.3.1,2026-06-11,pf,虚构叙事,all,全部,4.2.1,Illusory Concepts,2026-05-11,2026-06-22,trailblazer-preservation,Trailblazer - The Preservation,开拓者 - 存护,,,0.0,0.0,0,,,0.0,0,0,hf_chars,4.3.1/builds.json,https://huggingface.co/datasets/LvlUrArti/MocDataProcessed/resolve/main/4.3.1/builds.json,ok
4.3.1,2026-06-11,pf,虚构叙事,all,全部,4.2.1,Illusory Concepts,2026-05-11,2026-06-22,trailblazer-remembrance,Trailblazer - Remembrance,开拓者•记忆,,,11.58,4.11,34015,,,5.96,2441,207,hf_chars,4.3.1/builds.json,https://huggingface.co/datasets/LvlUrArti/MocDataProcessed/resolve/main/4.3.1/builds.json,ok
4.3.1,2026-06-11,pf,虚构叙事,all,全部,4.2.1,Illusory Concepts,2026-05-11,2026-06-22,tribbie,Tribbie,缇宝,,,33.92,9.29,33412,,,0.73,7152,2602,hf_chars,4.3.1/builds.json,https://huggingface.co/datasets/LvlUrArti/MocDataProcessed/resolve/main/4.3.1/builds.json,ok
4.3.1,2026-06-11,pf,虚构叙事,all,全部,4.2.1,Illusory Concepts,2026-05-11,2026-06-22,welt,Welt,瓦尔特,,,0.7,0.22,27150,,,3.96,148,58,hf_chars,4.3.1/builds.json,https://huggingface.co/datasets/LvlUrArti/MocDataProcessed/resolve/main/4.3.1/builds.json,ok
4.3.1,2026-06-11,pf,虚构叙事,all,全部,4.2.1,Illusory Concepts,2026-05-11,2026-06-22,xueyi,Xueyi,雪衣,,,0.01,0.0,0,,,6.0,2,2,hf_chars,4.3.1/builds.json,https://huggingface.co/datasets/LvlUrArti/MocDataProcessed/resolve/main/4.3.1/builds.json,ok
4.3.1,2026-06-11,pf,虚构叙事,all,全部,4.2.1,Illusory Concepts,2026-05-11,2026-06-22,yanqing,Yanqing,彦卿,,,0.0,0.0,0,,,3.0,0,0,hf_chars,4.3.1/builds.json,https://huggingface.co/datasets/LvlUrArti/MocDataProcessed/resolve/main/4.3.1/builds.json,ok
4.3.1,2026-06-11,pf,虚构叙事,all,全部,4.2.1,Illusory Concepts,2026-05-11,2026-06-22,yao-guang,Yao Guang,爻光,,,56.78,22.1,35880,,,0.25,11972,5269,hf_chars,4.3.1/builds.json,https://huggingface.co/datasets/LvlUrArti/MocDataProcessed/resolve/main/4.3.1/builds.json,ok
4.3.1,2026-06-11,pf,虚构叙事,all,全部,4.2.1,Illusory Concepts,2026-05-11,2026-06-22,yukong,Yukong,驭空,,,0.0,0.0,0,,,0.0,0,0,hf_chars,4.3.1/builds.json,https://huggingface.co/datasets/LvlUrArti/MocDataProcessed/resolve/main/4.3.1/builds.json,ok
4.3.1,2026-06-11,pf,虚构叙事,all,全部,4.2.1,Illusory Concepts,2026-05-11,2026-06-22,yunli,Yunli,云璃,,,0.1,0.01,0,,,1.56,22,18,hf_chars,4.3.1/builds.json,https://huggingface.co/datasets/LvlUrArti/MocDataProcessed/resolve/main/4.3.1/builds.json,ok
4.3.2,2026-06-25,pf,虚构叙事,all,全部,4.3.1,Falsehood to Fact,2026-06-22,2026-08-03,acheron,Acheron,黄泉,,,19.43,4.59,30571,,,1.72,2805,2246,hf_chars,4.3.2/builds.json,https://huggingface.co/datasets/LvlUrArti/MocDataProcessed/resolve/main/4.3.2/builds.json,ok
4.3.2,2026-06-25,pf,虚构叙事,all,全部,4.3.1,Falsehood to Fact,2026-06-22,2026-08-03,aglaea,Aglaea,阿格莱雅,,,1.41,0.08,26204,,,1.88,204,257,hf_chars,4.3.2/builds.json,https://huggingface.co/datasets/LvlUrArti/MocDataProcessed/resolve/main/4.3.2/builds.json,ok
4.3.2,2026-06-25,pf,虚构叙事,all,全部,4.3.1,Falsehood to Fact,2026-06-22,2026-08-03,anaxa,Anaxa,那刻夏,S-DPS,,4.9,0.73,28114,,,0.29,707,0,hf_chars,4.3.2/builds.json,https://huggingface.co/datasets/LvlUrArti/MocDataProcessed/resolve/main/4.3.2/builds.json,ok
4.3.2,2026-06-25,pf,虚构叙事,all,全部,4.3.1,Falsehood to Fact,2026-06-22,2026-08-03,archer,Archer,Archer,,,2.52,0.3,24301,,,0.88,364,361,hf_chars,4.3.2/builds.json,https://huggingface.co/datasets/LvlUrArti/MocDataProcessed/resolve/main/4.3.2/builds.json,ok
4.3.2,2026-06-25,pf,虚构叙事,all,全部,4.3.1,Falsehood to Fact,2026-06-22,2026-08-03,argenti,Argenti,银枝,S-DPS,,0.19,0.01,0,,,0.36,28,0,hf_chars,4.3.2/builds.json,https://huggingface.co/datasets/LvlUrArti/MocDataProcessed/resolve/main/4.3.2/builds.json,ok
4.3.2,2026-06-25,pf,虚构叙事,all,全部,4.3.1,Falsehood to Fact,2026-06-22,2026-08-03,arlan,Arlan,阿兰,,,0.0,0.0,0,,,6.0,0,0,hf_chars,4.3.2/builds.json,https://huggingface.co/datasets/LvlUrArti/MocDataProcessed/resolve/main/4.3.2/builds.json,ok
4.3.2,2026-06-25,pf,虚构叙事,all,全部,4.3.1,Falsehood to Fact,2026-06-22,2026-08-03,ashveil,Ashveil,不死途,S-DPS,,3.4,0.73,34339,,,0.36,491,0,hf_chars,4.3.2/builds.json,https://huggingface.co/datasets/LvlUrArti/MocDataProcessed/resolve/main/4.3.2/builds.json,ok
4.3.2,2026-06-25,pf,虚构叙事,all,全部,4.3.1,Falsehood to Fact,2026-06-22,2026-08-03,asta,Asta,艾丝妲,,,0.55,0.18,33183,,,5.97,80,4,hf_chars,4.3.2/builds.json,https://huggingface.co/datasets/LvlUrArti/MocDataProcessed/resolve/main/4.3.2/builds.json,ok
4.3.2,2026-06-25,pf,虚构叙事,all,全部,4.3.1,Falsehood to Fact,2026-06-22,2026-08-03,aventurine,Aventurine,砂金,,,4.62,1.08,30597,,,0.69,667,390,hf_chars,4.3.2/builds.json,https://huggingface.co/datasets/LvlUrArti/MocDataProcessed/resolve/main/4.3.2/builds.json,ok
4.3.2,2026-06-25,pf,虚构叙事,all,全部,4.3.1,Falsehood to Fact,2026-06-22,2026-08-03,bailu,Bailu,白露,,,0.33,0.06,0,,,2.6,48,5,hf_chars,4.3.2/builds.json,https://huggingface.co/datasets/LvlUrArti/MocDataProcessed/resolve/main/4.3.2/builds.json,ok
4.3.2,2026-06-25,pf,虚构叙事,all,全部,4.3.1,Falsehood to Fact,2026-06-22,2026-08-03,black-swan,Black Swan,黑天鹅,,,23.94,6.1,33026,,,0.51,3456,1653,hf_chars,4.3.2/builds.json,https://huggingface.co/datasets/LvlUrArti/MocDataProcessed/resolve/main/4.3.2/builds.json,ok
4.3.2,2026-06-25,pf,虚构叙事,all,全部,4.3.1,Falsehood to Fact,2026-06-22,2026-08-03,blade,Blade,刃,S-DPS,,0.15,0.02,0,,,1.97,21,0,hf_chars,4.3.2/builds.json,https://huggingface.co/datasets/LvlUrArti/MocDataProcessed/resolve/main/4.3.2/builds.json,ok
4.3.2,2026-06-25,pf,虚构叙事,all,全部,4.3.1,Falsehood to Fact,2026-06-22,2026-08-03,blade-mortenax,Mortenax Blade,千冶•刃,,,36.36,9.44,33098,,,0.61,5249,3352,hf_chars,4.3.2/builds.json,https://huggingface.co/datasets/LvlUrArti/MocDataProcessed/resolve/main/4.3.2/builds.json,ok
4.3.2,2026-06-25,pf,虚构叙事,all,全部,4.3.1,Falsehood to Fact,2026-06-22,2026-08-03,boothill,Boothill,波提欧,,,0.03,0.0,0,,,1.56,5,24,hf_chars,4.3.2/builds.json,https://huggingface.co/datasets/LvlUrArti/MocDataProcessed/resolve/main/4.3.2/builds.json,ok
4.3.2,2026-06-25,pf,虚构叙事,all,全部,4.3.1,Falsehood to Fact,2026-06-22,2026-08-03,bronya,Bronya,布洛妮娅,,,2.4,0.13,24273,,,3.28,347,55,hf_chars,4.3.2/builds.json,https://huggingface.co/datasets/LvlUrArti/MocDataProcessed/resolve/main/4.3.2/builds.json,ok
4.3.2,2026-06-25,pf,虚构叙事,all,全部,4.3.1,Falsehood to Fact,2026-06-22,2026-08-03,castorice,Castorice,遐蝶,,,55.12,22.39,39355,,,0.93,7957,7056,hf_chars,4.3.2/builds.json,https://huggingface.co/datasets/LvlUrArti/MocDataProcessed/resolve/main/4.3.2/builds.json,ok
4.3.2,2026-06-25,pf,虚构叙事,all,全部,4.3.1,Falsehood to Fact,2026-06-22,2026-08-03,cerydra,Cerydra,刻律德菈,,,15.68,1.68,27366,,,0.5,2264,1009,hf_chars,4.3.2/builds.json,https://huggingface.co/datasets/LvlUrArti/MocDataProcessed/resolve/main/4.3.2/builds.json,ok
4.3.2,2026-06-25,pf,虚构叙事,all,全部,4.3.1,Falsehood to Fact,2026-06-22,2026-08-03,cipher,Cipher,赛飞儿,,,3.58,1.05,30826,,,0.56,517,361,hf_chars,4.3.2/builds.json,https://huggingface.co/datasets/LvlUrArti/MocDataProcessed/resolve/main/4.3.2/builds.json,ok
4.3.2,2026-06-25,pf,虚构叙事,all,全部,4.3.1,Falsehood to Fact,2026-06-22,2026-08-03,clara,Clara,克拉拉,,,0.12,0.02,0,,,5.22,17,11,hf_chars,4.3.2/builds.json,https://huggingface.co/datasets/LvlUrArti/MocDataProcessed/resolve/main/4.3.2/builds.json,ok
4.3.2,2026-06-25,pf,虚构叙事,all,全部,4.3.1,Falsehood to Fact,2026-06-22,2026-08-03,cyrene,Cyrene,昔涟,,,55.6,20.95,39299,,,0.79,8027,5867,hf_chars,4.3.2/builds.json,https://huggingface.co/datasets/LvlUrArti/MocDataProcessed/resolve/main/4.3.2/builds.json,ok
4.3.2,2026-06-25,pf,虚构叙事,all,全部,4.3.1,Falsehood to Fact,2026-06-22,2026-08-03,dan-heng,Dan Heng,丹恒,,,0.01,0.0,0,,,6.0,1,1,hf_chars,4.3.2/builds.json,https://huggingface.co/datasets/LvlUrArti/MocDataProcessed/resolve/main/4.3.2/builds.json,ok
4.3.2,2026-06-25,pf,虚构叙事,all,全部,4.3.1,Falsehood to Fact,2026-06-22,2026-08-03,dan-heng-permansor-terrae,Dan Heng • Permansor Terrae,丹恒•腾荒,,,53.07,14.43,31558,,,0.19,7661,1778,hf_chars,4.3.2/builds.json,https://huggingface.co/datasets/LvlUrArti/MocDataProcessed/resolve/main/4.3.2/builds.json,ok
4.3.2,2026-06-25,pf,虚构叙事,all,全部,4.3.1,Falsehood to Fact,2026-06-22,2026-08-03,dr-ratio,Dr. Ratio,真理医生,,,0.02,0.0,0,,,3.45,3,9,hf_chars,4.3.2/builds.json,https://huggingface.co/datasets/LvlUrArti/MocDataProcessed/resolve/main/4.3.2/builds.json,ok
4.3.2,2026-06-25,pf,虚构叙事,all,全部,4.3.1,Falsehood to Fact,2026-06-22,2026-08-03,evanescia,Evanescia,绯英,,,23.0,5.71,36474,,,1.07,3321,2782,hf_chars,4.3.2/builds.json,https://huggingface.co/datasets/LvlUrArti/MocDataProcessed/resolve/main/4.3.2/builds.json,ok
4.3.2,2026-06-25,pf,虚构叙事,all,全部,4.3.1,Falsehood to Fact,2026-06-22,2026-08-03,feixiao,Feixiao,飞霄,,,0.95,0.11,28570,,,1.6,137,146,hf_chars,4.3.2/builds.json,https://huggingface.co/datasets/LvlUrArti/MocDataProcessed/resolve/main/4.3.2/builds.json,ok
4.3.2,2026-06-25,pf,虚构叙事,all,全部,4.3.1,Falsehood to Fact,2026-06-22,2026-08-03,firefly,Firefly,流萤,,,30.05,5.49,30252,,,1.55,4338,3916,hf_chars,4.3.2/builds.json,https://huggingface.co/datasets/LvlUrArti/MocDataProcessed/resolve/main/4.3.2/builds.json,ok
4.3.2,2026-06-25,pf,虚构叙事,all,全部,4.3.1,Falsehood to Fact,2026-06-22,2026-08-03,fu-xuan,Fu Xuan,符玄,,,2.86,0.3,33772,,,1.5,413,143,hf_chars,4.3.2/builds.json,https://huggingface.co/datasets/LvlUrArti/MocDataProcessed/resolve/main/4.3.2/builds.json,ok
4.3.2,2026-06-25,pf,虚构叙事,all,全部,4.3.1,Falsehood to Fact,2026-06-22,2026-08-03,gallagher,Gallagher,加拉赫,,,9.58,2.58,28894,,,5.96,1383,28,hf_chars,4.3.2/builds.json,https://huggingface.co/datasets/LvlUrArti/MocDataProcessed/resolve/main/4.3.2/builds.json,ok
4.3.2,2026-06-25,pf,虚构叙事,all,全部,4.3.1,Falsehood to Fact,2026-06-22,2026-08-03,gepard,Gepard,杰帕德,,,0.03,0.01,0,,,2.73,5,3,hf_chars,4.3.2/builds.json,https://huggingface.co/datasets/LvlUrArti/MocDataProcessed/resolve/main/4.3.2/builds.json,ok
4.3.2,2026-06-25,pf,虚构叙事,all,全部,4.3.1,Falsehood to Fact,2026-06-22,2026-08-03,guinaifen,Guinaifen,桂乃芬,,,0.01,0.0,0,,,0.0,2,0,hf_chars,4.3.2/builds.json,https://huggingface.co/datasets/LvlUrArti/MocDataProcessed/resolve/main/4.3.2/builds.json,ok
4.3.2,2026-06-25,pf,虚构叙事,all,全部,4.3.1,Falsehood to Fact,2026-06-22,2026-08-03,hanya,Hanya,寒鸦,,,0.0,0.0,0,,,0.0,0,0,hf_chars,4.3.2/builds.json,https://huggingface.co/datasets/LvlUrArti/MocDataProcessed/resolve/main/4.3.2/builds.json,ok
4.3.2,2026-06-25,pf,虚构叙事,all,全部,4.3.1,Falsehood to Fact,2026-06-22,2026-08-03,herta,Herta,黑塔,,,6.5,1.31,29752,,,6.0,938,51,hf_chars,4.3.2/builds.json,https://huggingface.co/datasets/LvlUrArti/MocDataProcessed/resolve/main/4.3.2/builds.json,ok
4.3.2,2026-06-25,pf,虚构叙事,all,全部,4.3.1,Falsehood to Fact,2026-06-22,2026-08-03,himeko,Himeko,姬子,,,1.13,0.12,28953,,,3.05,163,34,hf_chars,4.3.2/builds.json,https://huggingface.co/datasets/LvlUrArti/MocDataProcessed/resolve/main/4.3.2/builds.json,ok
4.3.2,2026-06-25,pf,虚构叙事,all,全部,4.3.1,Falsehood to Fact,2026-06-22,2026-08-03,hook,Hook,虎克,,,0.01,0.0,0,,,0.0,1,2,hf_chars,4.3.2/builds.json,https://huggingface.co/datasets/LvlUrArti/MocDataProcessed/resolve/main/4.3.2/builds.json,ok
4.3.2,2026-06-25,pf,虚构叙事,all,全部,4.3.1,Falsehood to Fact,2026-06-22,2026-08-03,huohuo,Huohuo,藿藿,,,65.55,14.46,34825,,,0.64,9463,1117,hf_chars,4.3.2/builds.json,https://huggingface.co/datasets/LvlUrArti/MocDataProcessed/resolve/main/4.3.2/builds.json,ok
4.3.2,2026-06-25,pf,虚构叙事,all,全部,4.3.1,Falsehood to Fact,2026-06-22,2026-08-03,hyacine,Hyacine,风堇,,,71.22,26.74,39037,,,0.37,10282,5505,hf_chars,4.3.2/builds.json,https://huggingface.co/datasets/LvlUrArti/MocDataProcessed/resolve/main/4.3.2/builds.json,ok
4.3.2,2026-06-25,pf,虚构叙事,all,全部,4.3.1,Falsehood to Fact,2026-06-22,2026-08-03,hysilens,Hysilens,海瑟音,,,25.24,6.34,32924,,,0.6,3644,2599,hf_chars,4.3.2/builds.json,https://huggingface.co/datasets/LvlUrArti/MocDataProcessed/resolve/main/4.3.2/builds.json,ok
4.3.2,2026-06-25,pf,虚构叙事,all,全部,4.3.1,Falsehood to Fact,2026-06-22,2026-08-03,imbibitor-lunae,Dan Heng • Imbibitor Lunae,丹恒•饮月,,,0.05,0.0,0,,,3.75,7,34,hf_chars,4.3.2/builds.json,https://huggingface.co/datasets/LvlUrArti/MocDataProcessed/resolve/main/4.3.2/builds.json,ok
4.3.2,2026-06-25,pf,虚构叙事,all,全部,4.3.1,Falsehood to Fact,2026-06-22,2026-08-03,jade,Jade,翡翠,,,2.99,0.46,29573,,,0.65,432,193,hf_chars,4.3.2/builds.json,https://huggingface.co/datasets/LvlUrArti/MocDataProcessed/resolve/main/4.3.2/builds.json,ok
4.3.2,2026-06-25,pf,虚构叙事,all,全部,4.3.1,Falsehood to Fact,2026-06-22,2026-08-03,jiaoqiu,Jiaoqiu,椒丘,,,2.27,0.65,27815,,,0.8,327,113,hf_chars,4.3.2/builds.json,https://huggingface.co/datasets/LvlUrArti/MocDataProcessed/resolve/main/4.3.2/builds.json,ok
4.3.2,2026-06-25,pf,虚构叙事,all,全部,4.3.1,Falsehood to Fact,2026-06-22,2026-08-03,jing-yuan,Jing Yuan,景元,,,0.31,0.01,0,,,1.52,45,68,hf_chars,4.3.2/builds.json,https://huggingface.co/datasets/LvlUrArti/MocDataProcessed/resolve/main/4.3.2/builds.json,ok
4.3.2,2026-06-25,pf,虚构叙事,all,全部,4.3.1,Falsehood to Fact,2026-06-22,2026-08-03,jingliu,Jingliu,镜流,,,0.06,0.0,0,,,3.54,8,25,hf_chars,4.3.2/builds.json,https://huggingface.co/datasets/LvlUrArti/MocDataProcessed/resolve/main/4.3.2/builds.json,ok
4.3.2,2026-06-25,pf,虚构叙事,all,全部,4.3.1,Falsehood to Fact,2026-06-22,2026-08-03,kafka,Kafka,卡芙卡,,,25.84,6.54,32756,,,0.98,3731,2565,hf_chars,4.3.2/builds.json,https://huggingface.co/datasets/LvlUrArti/MocDataProcessed/resolve/main/4.3.2/builds.json,ok
4.3.2,2026-06-25,pf,虚构叙事,all,全部,4.3.1,Falsehood to Fact,2026-06-22,2026-08-03,lingsha,Lingsha,灵砂,,,20.14,4.67,30736,,,0.25,2907,524,hf_chars,4.3.2/builds.json,https://huggingface.co/datasets/LvlUrArti/MocDataProcessed/resolve/main/4.3.2/builds.json,ok
4.3.2,2026-06-25,pf,虚构叙事,all,全部,4.3.1,Falsehood to Fact,2026-06-22,2026-08-03,luka,Luka,卢卡,,,0.0,0.0,0,,,6.0,0,1,hf_chars,4.3.2/builds.json,https://huggingface.co/datasets/LvlUrArti/MocDataProcessed/resolve/main/4.3.2/builds.json,ok
4.3.2,2026-06-25,pf,虚构叙事,all,全部,4.3.1,Falsehood to Fact,2026-06-22,2026-08-03,luocha,Luocha,罗刹,,,3.59,0.8,31555,,,0.36,518,93,hf_chars,4.3.2/builds.json,https://huggingface.co/datasets/LvlUrArti/MocDataProcessed/resolve/main/4.3.2/builds.json,ok
4.3.2,2026-06-25,pf,虚构叙事,all,全部,4.3.1,Falsehood to Fact,2026-06-22,2026-08-03,lynx,Lynx,玲可,,,0.04,0.01,0,,,6.0,6,1,hf_chars,4.3.2/builds.json,https://huggingface.co/datasets/LvlUrArti/MocDataProcessed/resolve/main/4.3.2/builds.json,ok
4.3.2,2026-06-25,pf,虚构叙事,all,全部,4.3.1,Falsehood to Fact,2026-06-22,2026-08-03,march-7th,March 7th,三月七 - 存护,,,0.05,0.01,0,,,6.0,7,2,hf_chars,4.3.2/builds.json,https://huggingface.co/datasets/LvlUrArti/MocDataProcessed/resolve/main/4.3.2/builds.json,ok
4.3.2,2026-06-25,pf,虚构叙事,all,全部,4.3.1,Falsehood to Fact,2026-06-22,2026-08-03,march-7th-evernight,Evernight,长夜月,S-DPS,,49.46,20.71,39586,,,0.52,7141,0,hf_chars,4.3.2/builds.json,https://huggingface.co/datasets/LvlUrArti/MocDataProcessed/resolve/main/4.3.2/builds.json,ok
4.3.2,2026-06-25,pf,虚构叙事,all,全部,4.3.1,Falsehood to Fact,2026-06-22,2026-08-03,march-7th-swordmaster,March 7th: The Hunt,三月七•巡猎,,,0.04,0.01,0,,,0.0,6,3,hf_chars,4.3.2/builds.json,https://huggingface.co/datasets/LvlUrArti/MocDataProcessed/resolve/main/4.3.2/builds.json,ok
4.3.2,2026-06-25,pf,虚构叙事,all,全部,4.3.1,Falsehood to Fact,2026-06-22,2026-08-03,misha,Misha,米沙,,,0.0,0.0,0,,,0.0,0,0,hf_chars,4.3.2/builds.json,https://huggingface.co/datasets/LvlUrArti/MocDataProcessed/resolve/main/4.3.2/builds.json,ok
4.3.2,2026-06-25,pf,虚构叙事,all,全部,4.3.1,Falsehood to Fact,2026-06-22,2026-08-03,moze,Moze,貊泽,,,0.12,0.01,0,,,6.0,17,1,hf_chars,4.3.2/builds.json,https://huggingface.co/datasets/LvlUrArti/MocDataProcessed/resolve/main/4.3.2/builds.json,ok
4.3.2,2026-06-25,pf,虚构叙事,all,全部,4.3.1,Falsehood to Fact,2026-06-22,2026-08-03,mydei,Mydei,万敌,,,1.18,0.08,26742,,,2.25,171,292,hf_chars,4.3.2/builds.json,https://huggingface.co/datasets/LvlUrArti/MocDataProcessed/resolve/main/4.3.2/builds.json,ok
4.3.2,2026-06-25,pf,虚构叙事,all,全部,4.3.1,Falsehood to Fact,2026-06-22,2026-08-03,natasha,Natasha,娜塔莎,,,0.01,0.0,0,,,6.0,2,1,hf_chars,4.3.2/builds.json,https://huggingface.co/datasets/LvlUrArti/MocDataProcessed/resolve/main/4.3.2/builds.json,ok
4.3.2,2026-06-25,pf,虚构叙事,all,全部,4.3.1,Falsehood to Fact,2026-06-22,2026-08-03,pela,Pela,佩拉,,,0.22,0.06,0,,,5.92,32,1,hf_chars,4.3.2/builds.json,https://huggingface.co/datasets/LvlUrArti/MocDataProcessed/resolve/main/4.3.2/builds.json,ok
4.3.2,2026-06-25,pf,虚构叙事,all,全部,4.3.1,Falsehood to Fact,2026-06-22,2026-08-03,phainon,Phainon,白厄,,,14.64,1.12,25279,,,1.98,2114,2821,hf_chars,4.3.2/builds.json,https://huggingface.co/datasets/LvlUrArti/MocDataProcessed/resolve/main/4.3.2/builds.json,ok
4.3.2,2026-06-25,pf,虚构叙事,all,全部,4.3.1,Falsehood to Fact,2026-06-22,2026-08-03,qingque,Qingque,青雀,,,0.01,0.0,0,,,6.0,1,4,hf_chars,4.3.2/builds.json,https://huggingface.co/datasets/LvlUrArti/MocDataProcessed/resolve/main/4.3.2/builds.json,ok
4.3.2,2026-06-25,pf,虚构叙事,all,全部,4.3.1,Falsehood to Fact,2026-06-22,2026-08-03,rappa,Rappa,乱破,,,1.02,0.19,25403,,,1.03,147,135,hf_chars,4.3.2/builds.json,https://huggingface.co/datasets/LvlUrArti/MocDataProcessed/resolve/main/4.3.2/builds.json,ok
4.3.2,2026-06-25,pf,虚构叙事,all,全部,4.3.1,Falsehood to Fact,2026-06-22,2026-08-03,robin,Robin,知更鸟,,,8.06,0.47,26767,,,1.59,1163,674,hf_chars,4.3.2/builds.json,https://huggingface.co/datasets/LvlUrArti/MocDataProcessed/resolve/main/4.3.2/builds.json,ok
4.3.2,2026-06-25,pf,虚构叙事,all,全部,4.3.1,Falsehood to Fact,2026-06-22,2026-08-03,ruan-mei,Ruan Mei,阮•梅,,,14.14,0.92,30251,,,1.24,2042,522,hf_chars,4.3.2/builds.json,https://huggingface.co/datasets/LvlUrArti/MocDataProcessed/resolve/main/4.3.2/builds.json,ok
4.3.2,2026-06-25,pf,虚构叙事,all,全部,4.3.1,Falsehood to Fact,2026-06-22,2026-08-03,saber,Saber,Saber,,,1.03,0.16,24459,,,4.15,149,492,hf_chars,4.3.2/builds.json,https://huggingface.co/datasets/LvlUrArti/MocDataProcessed/resolve/main/4.3.2/builds.json,ok
4.3.2,2026-06-25,pf,虚构叙事,all,全部,4.3.1,Falsehood to Fact,2026-06-22,2026-08-03,sampo,Sampo,桑博,,,0.01,0.0,0,,,6.0,2,1,hf_chars,4.3.2/builds.json,https://huggingface.co/datasets/LvlUrArti/MocDataProcessed/resolve/main/4.3.2/builds.json,ok
4.3.2,2026-06-25,pf,虚构叙事,all,全部,4.3.1,Falsehood to Fact,2026-06-22,2026-08-03,seele,Seele,希儿,,,2.45,0.18,29012,,,1.57,354,180,hf_chars,4.3.2/builds.json,https://huggingface.co/datasets/LvlUrArti/MocDataProcessed/resolve/main/4.3.2/builds.json,ok
4.3.2,2026-06-25,pf,虚构叙事,all,全部,4.3.1,Falsehood to Fact,2026-06-22,2026-08-03,serval,Serval,希露瓦,,,0.08,0.02,0,,,0.0,11,0,hf_chars,4.3.2/builds.json,https://huggingface.co/datasets/LvlUrArti/MocDataProcessed/resolve/main/4.3.2/builds.json,ok
4.3.2,2026-06-25,pf,虚构叙事,all,全部,4.3.1,Falsehood to Fact,2026-06-22,2026-08-03,silver-wolf,Silver Wolf,银狼,,,1.68,0.25,25564,,,1.15,243,160,hf_chars,4.3.2/builds.json,https://huggingface.co/datasets/LvlUrArti/MocDataProcessed/resolve/main/4.3.2/builds.json,ok
4.3.2,2026-06-25,pf,虚构叙事,all,全部,4.3.1,Falsehood to Fact,2026-06-22,2026-08-03,silver-wolf-lv-999,Silver Wolf LV.999,银狼LV.999,,,53.85,15.15,34560,,,1.02,7775,7058,hf_chars,4.3.2/builds.json,https://huggingface.co/datasets/LvlUrArti/MocDataProcessed/resolve/main/4.3.2/builds.json,ok
4.3.2,2026-06-25,pf,虚构叙事,all,全部,4.3.1,Falsehood to Fact,2026-06-22,2026-08-03,sparkle,Sparkle,花火,,,21.03,2.5,29460,,,0.99,3036,1467,hf_chars,4.3.2/builds.json,https://huggingface.co/datasets/LvlUrArti/MocDataProcessed/resolve/main/4.3.2/builds.json,ok
4.3.2,2026-06-25,pf,虚构叙事,all,全部,4.3.1,Falsehood to Fact,2026-06-22,2026-08-03,sparxie,Sparxie,火花,S-DPS,,37.33,10.22,35158,,,0.22,5390,0,hf_chars,4.3.2/builds.json,https://huggingface.co/datasets/LvlUrArti/MocDataProcessed/resolve/main/4.3.2/builds.json,ok
4.3.2,2026-06-25,pf,虚构叙事,all,全部,4.3.1,Falsehood to Fact,2026-06-22,2026-08-03,sunday,Sunday,星期日,,,17.23,2.22,26304,,,0.62,2488,1864,hf_chars,4.3.2/builds.json,https://huggingface.co/datasets/LvlUrArti/MocDataProcessed/resolve/main/4.3.2/builds.json,ok
4.3.2,2026-06-25,pf,虚构叙事,all,全部,4.3.1,Falsehood to Fact,2026-06-22,2026-08-03,sushang,Sushang,素裳,,,0.0,0.0,0,,,6.0,0,0,hf_chars,4.3.2/builds.json,https://huggingface.co/datasets/LvlUrArti/MocDataProcessed/resolve/main/4.3.2/builds.json,ok
4.3.2,2026-06-25,pf,虚构叙事,all,全部,4.3.1,Falsehood to Fact,2026-06-22,2026-08-03,the-dahlia,The Dahlia,大丽花,,,32.44,5.86,30059,,,0.46,4683,1950,hf_chars,4.3.2/builds.json,https://huggingface.co/datasets/LvlUrArti/MocDataProcessed/resolve/main/4.3.2/builds.json,ok
4.3.2,2026-06-25,pf,虚构叙事,all,全部,4.3.1,Falsehood to Fact,2026-06-22,2026-08-03,the-herta,The Herta,大黑塔,,,13.45,2.36,28327,,,1.48,1942,1817,hf_chars,4.3.2/builds.json,https://huggingface.co/datasets/LvlUrArti/MocDataProcessed/resolve/main/4.3.2/builds.json,ok
4.3.2,2026-06-25,pf,虚构叙事,all,全部,4.3.1,Falsehood to Fact,2026-06-22,2026-08-03,tingyun,Tingyun,停云,,,0.31,0.04,0,,,5.95,45,2,hf_chars,4.3.2/builds.json,https://huggingface.co/datasets/LvlUrArti/MocDataProcessed/resolve/main/4.3.2/builds.json,ok
4.3.2,2026-06-25,pf,虚构叙事,all,全部,4.3.1,Falsehood to Fact,2026-06-22,2026-08-03,tingyun-fugue,Fugue,忘归人,,,28.2,5.07,30466,,,0.52,4071,1255,hf_chars,4.3.2/builds.json,https://huggingface.co/datasets/LvlUrArti/MocDataProcessed/resolve/main/4.3.2/builds.json,ok
4.3.2,2026-06-25,pf,虚构叙事,all,全部,4.3.1,Falsehood to Fact,2026-06-22,2026-08-03,topaz,Topaz & Numby,托帕&账账,,,0.08,0.0,0,,,2.08,11,12,hf_chars,4.3.2/builds.json,https://huggingface.co/datasets/LvlUrArti/MocDataProcessed/resolve/main/4.3.2/builds.json,ok
4.3.2,2026-06-25,pf,虚构叙事,all,全部,4.3.1,Falsehood to Fact,2026-06-22,2026-08-03,trailblazer-destruction,Trailblazer - The Destruction,开拓者 - 毁灭,,,0.0,0.0,0,,,0.0,0,0,hf_chars,4.3.2/builds.json,https://huggingface.co/datasets/LvlUrArti/MocDataProcessed/resolve/main/4.3.2/builds.json,ok
4.3.2,2026-06-25,pf,虚构叙事,all,全部,4.3.1,Falsehood to Fact,2026-06-22,2026-08-03,trailblazer-elation,Trailblazer: Elation,开拓者•欢愉,,,36.4,9.98,34693,,,4.99,5255,700,hf_chars,4.3.2/builds.json,https://huggingface.co/datasets/LvlUrArti/MocDataProcessed/resolve/main/4.3.2/builds.json,ok
4.3.2,2026-06-25,pf,虚构叙事,all,全部,4.3.1,Falsehood to Fact,2026-06-22,2026-08-03,trailblazer-harmony,Trailblazer - The Harmony,开拓者 - 同谐,,,7.58,1.36,31205,,,5.9,1094,113,hf_chars,4.3.2/builds.json,https://huggingface.co/datasets/LvlUrArti/MocDataProcessed/resolve/main/4.3.2/builds.json,ok
4.3.2,2026-06-25,pf,虚构叙事,all,全部,4.3.1,Falsehood to Fact,2026-06-22,2026-08-03,trailblazer-preservation,Trailblazer - The Preservation,开拓者 - 存护,,,0.0,0.0,0,,,0.0,0,0,hf_chars,4.3.2/builds.json,https://huggingface.co/datasets/LvlUrArti/MocDataProcessed/resolve/main/4.3.2/builds.json,ok
4.3.2,2026-06-25,pf,虚构叙事,all,全部,4.3.1,Falsehood to Fact,2026-06-22,2026-08-03,trailblazer-remembrance,Trailblazer - Remembrance,开拓者•记忆,,,15.72,4.55,36235,,,5.97,2269,322,hf_chars,4.3.2/builds.json,https://huggingface.co/datasets/LvlUrArti/MocDataProcessed/resolve/main/4.3.2/builds.json,ok
4.3.2,2026-06-25,pf,虚构叙事,all,全部,4.3.1,Falsehood to Fact,2026-06-22,2026-08-03,tribbie,Tribbie,缇宝,,,49.92,10.83,34461,,,0.73,7207,3314,hf_chars,4.3.2/builds.json,https://huggingface.co/datasets/LvlUrArti/MocDataProcessed/resolve/main/4.3.2/builds.json,ok
4.3.2,2026-06-25,pf,虚构叙事,all,全部,4.3.1,Falsehood to Fact,2026-06-22,2026-08-03,welt,Welt,瓦尔特,,,3.38,1.1,28376,,,3.87,488,137,hf_chars,4.3.2/builds.json,https://huggingface.co/datasets/LvlUrArti/MocDataProcessed/resolve/main/4.3.2/builds.json,ok
4.3.2,2026-06-25,pf,虚构叙事,all,全部,4.3.1,Falsehood to Fact,2026-06-22,2026-08-03,xueyi,Xueyi,雪衣,,,0.01,0.0,0,,,6.0,2,4,hf_chars,4.3.2/builds.json,https://huggingface.co/datasets/LvlUrArti/MocDataProcessed/resolve/main/4.3.2/builds.json,ok
4.3.2,2026-06-25,pf,虚构叙事,all,全部,4.3.1,Falsehood to Fact,2026-06-22,2026-08-03,yanqing,Yanqing,彦卿,,,0.0,0.0,0,,,3.0,0,0,hf_chars,4.3.2/builds.json,https://huggingface.co/datasets/LvlUrArti/MocDataProcessed/resolve/main/4.3.2/builds.json,ok
4.3.2,2026-06-25,pf,虚构叙事,all,全部,4.3.1,Falsehood to Fact,2026-06-22,2026-08-03,yao-guang,Yao Guang,爻光,,,71.39,19.4,35198,,,0.28,10306,5832,hf_chars,4.3.2/builds.json,https://huggingface.co/datasets/LvlUrArti/MocDataProcessed/resolve/main/4.3.2/builds.json,ok
4.3.2,2026-06-25,pf,虚构叙事,all,全部,4.3.1,Falsehood to Fact,2026-06-22,2026-08-03,yukong,Yukong,驭空,,,0.0,0.0,0,,,0.0,0,0,hf_chars,4.3.2/builds.json,https://huggingface.co/datasets/LvlUrArti/MocDataProcessed/resolve/main/4.3.2/builds.json,ok
4.3.2,2026-06-25,pf,虚构叙事,all,全部,4.3.1,Falsehood to Fact,2026-06-22,2026-08-03,yunli,Yunli,云璃,,,0.21,0.02,0,,,1.63,30,40,hf_chars,4.3.2/builds.json,https://huggingface.co/datasets/LvlUrArti/MocDataProcessed/resolve/main/4.3.2/builds.json,ok
