snapshot_id,collect_date,mode,mode_cn,character_slug,character_name_en,character_name_cn,usage_value,source_file,note
4.0.1,2026-02-22,moc,混沌回忆,acheron,Acheron,黄泉,2.8,4.0.1/histograph.json,trend auxiliary; not a full character usage table
4.0.1,2026-02-22,pf,虚构叙事,acheron,Acheron,黄泉,3.53,4.0.1/histograph.json,trend auxiliary; not a full character usage table
4.0.1,2026-02-22,as,末日幻影,acheron,Acheron,黄泉,2.38,4.0.1/histograph.json,trend auxiliary; not a full character usage table
4.0.1,2026-02-22,moc,混沌回忆,aglaea,Aglaea,阿格莱雅,3.08,4.0.1/histograph.json,trend auxiliary; not a full character usage table
4.0.1,2026-02-22,pf,虚构叙事,aglaea,Aglaea,阿格莱雅,1.86,4.0.1/histograph.json,trend auxiliary; not a full character usage table
4.0.1,2026-02-22,as,末日幻影,aglaea,Aglaea,阿格莱雅,2.19,4.0.1/histograph.json,trend auxiliary; not a full character usage table
4.0.1,2026-02-22,moc,混沌回忆,archer,Archer,Archer,11.0,4.0.1/histograph.json,trend auxiliary; not a full character usage table
4.0.1,2026-02-22,pf,虚构叙事,archer,Archer,Archer,3.47,4.0.1/histograph.json,trend auxiliary; not a full character usage table
4.0.1,2026-02-22,as,末日幻影,archer,Archer,Archer,2.16,4.0.1/histograph.json,trend auxiliary; not a full character usage table
4.0.1,2026-02-22,moc,混沌回忆,arlan,Arlan,阿兰,0.0,4.0.1/histograph.json,trend auxiliary; not a full character usage table
4.0.1,2026-02-22,pf,虚构叙事,arlan,Arlan,阿兰,0.0,4.0.1/histograph.json,trend auxiliary; not a full character usage table
4.0.1,2026-02-22,as,末日幻影,arlan,Arlan,阿兰,0.0,4.0.1/histograph.json,trend auxiliary; not a full character usage table
4.0.1,2026-02-22,moc,混沌回忆,asta,Asta,艾丝妲,0.02,4.0.1/histograph.json,trend auxiliary; not a full character usage table
4.0.1,2026-02-22,pf,虚构叙事,asta,Asta,艾丝妲,0.04,4.0.1/histograph.json,trend auxiliary; not a full character usage table
4.0.1,2026-02-22,as,末日幻影,asta,Asta,艾丝妲,0.01,4.0.1/histograph.json,trend auxiliary; not a full character usage table
4.0.1,2026-02-22,moc,混沌回忆,aventurine,Aventurine,砂金,5.13,4.0.1/histograph.json,trend auxiliary; not a full character usage table
4.0.1,2026-02-22,pf,虚构叙事,aventurine,Aventurine,砂金,4.91,4.0.1/histograph.json,trend auxiliary; not a full character usage table
4.0.1,2026-02-22,as,末日幻影,aventurine,Aventurine,砂金,4.02,4.0.1/histograph.json,trend auxiliary; not a full character usage table
4.0.1,2026-02-22,moc,混沌回忆,bailu,Bailu,白露,0.14,4.0.1/histograph.json,trend auxiliary; not a full character usage table
4.0.1,2026-02-22,pf,虚构叙事,bailu,Bailu,白露,0.13,4.0.1/histograph.json,trend auxiliary; not a full character usage table
4.0.1,2026-02-22,as,末日幻影,bailu,Bailu,白露,0.13,4.0.1/histograph.json,trend auxiliary; not a full character usage table
4.0.1,2026-02-22,moc,混沌回忆,black-swan,Black Swan,黑天鹅,11.7,4.0.1/histograph.json,trend auxiliary; not a full character usage table
4.0.1,2026-02-22,pf,虚构叙事,black-swan,Black Swan,黑天鹅,17.8,4.0.1/histograph.json,trend auxiliary; not a full character usage table
4.0.1,2026-02-22,as,末日幻影,black-swan,Black Swan,黑天鹅,10.8,4.0.1/histograph.json,trend auxiliary; not a full character usage table
4.0.1,2026-02-22,moc,混沌回忆,boothill,Boothill,波提欧,0.87,4.0.1/histograph.json,trend auxiliary; not a full character usage table
4.0.1,2026-02-22,pf,虚构叙事,boothill,Boothill,波提欧,0.11,4.0.1/histograph.json,trend auxiliary; not a full character usage table
4.0.1,2026-02-22,as,末日幻影,boothill,Boothill,波提欧,2.0,4.0.1/histograph.json,trend auxiliary; not a full character usage table
4.0.1,2026-02-22,moc,混沌回忆,bronya,Bronya,布洛妮娅,10.0,4.0.1/histograph.json,trend auxiliary; not a full character usage table
4.0.1,2026-02-22,pf,虚构叙事,bronya,Bronya,布洛妮娅,5.62,4.0.1/histograph.json,trend auxiliary; not a full character usage table
4.0.1,2026-02-22,as,末日幻影,bronya,Bronya,布洛妮娅,7.66,4.0.1/histograph.json,trend auxiliary; not a full character usage table
4.0.1,2026-02-22,moc,混沌回忆,castorice,Castorice,遐蝶,55.61,4.0.1/histograph.json,trend auxiliary; not a full character usage table
4.0.1,2026-02-22,pf,虚构叙事,castorice,Castorice,遐蝶,58.78,4.0.1/histograph.json,trend auxiliary; not a full character usage table
4.0.1,2026-02-22,as,末日幻影,castorice,Castorice,遐蝶,61.01,4.0.1/histograph.json,trend auxiliary; not a full character usage table
4.0.1,2026-02-22,moc,混沌回忆,cerydra,Cerydra,刻律德菈,21.77,4.0.1/histograph.json,trend auxiliary; not a full character usage table
4.0.1,2026-02-22,pf,虚构叙事,cerydra,Cerydra,刻律德菈,15.66,4.0.1/histograph.json,trend auxiliary; not a full character usage table
4.0.1,2026-02-22,as,末日幻影,cerydra,Cerydra,刻律德菈,18.2,4.0.1/histograph.json,trend auxiliary; not a full character usage table
4.0.1,2026-02-22,moc,混沌回忆,cipher,Cipher,赛飞儿,4.91,4.0.1/histograph.json,trend auxiliary; not a full character usage table
4.0.1,2026-02-22,pf,虚构叙事,cipher,Cipher,赛飞儿,2.08,4.0.1/histograph.json,trend auxiliary; not a full character usage table
4.0.1,2026-02-22,as,末日幻影,cipher,Cipher,赛飞儿,1.89,4.0.1/histograph.json,trend auxiliary; not a full character usage table
4.0.1,2026-02-22,moc,混沌回忆,clara,Clara,克拉拉,0.25,4.0.1/histograph.json,trend auxiliary; not a full character usage table
4.0.1,2026-02-22,pf,虚构叙事,clara,Clara,克拉拉,0.23,4.0.1/histograph.json,trend auxiliary; not a full character usage table
4.0.1,2026-02-22,as,末日幻影,clara,Clara,克拉拉,0.03,4.0.1/histograph.json,trend auxiliary; not a full character usage table
4.0.1,2026-02-22,moc,混沌回忆,cyrene,Cyrene,昔涟,39.56,4.0.1/histograph.json,trend auxiliary; not a full character usage table
4.0.1,2026-02-22,pf,虚构叙事,cyrene,Cyrene,昔涟,53.87,4.0.1/histograph.json,trend auxiliary; not a full character usage table
4.0.1,2026-02-22,as,末日幻影,cyrene,Cyrene,昔涟,54.67,4.0.1/histograph.json,trend auxiliary; not a full character usage table
4.0.1,2026-02-22,moc,混沌回忆,dan-heng,Dan Heng,丹恒,0.0,4.0.1/histograph.json,trend auxiliary; not a full character usage table
4.0.1,2026-02-22,pf,虚构叙事,dan-heng,Dan Heng,丹恒,0.01,4.0.1/histograph.json,trend auxiliary; not a full character usage table
4.0.1,2026-02-22,as,末日幻影,dan-heng,Dan Heng,丹恒,0.01,4.0.1/histograph.json,trend auxiliary; not a full character usage table
4.0.1,2026-02-22,moc,混沌回忆,dan-heng-permansor-terrae,Dan Heng • Permansor Terrae,丹恒•腾荒,59.3,4.0.1/histograph.json,trend auxiliary; not a full character usage table
4.0.1,2026-02-22,pf,虚构叙事,dan-heng-permansor-terrae,Dan Heng • Permansor Terrae,丹恒•腾荒,51.17,4.0.1/histograph.json,trend auxiliary; not a full character usage table
4.0.1,2026-02-22,as,末日幻影,dan-heng-permansor-terrae,Dan Heng • Permansor Terrae,丹恒•腾荒,41.91,4.0.1/histograph.json,trend auxiliary; not a full character usage table
4.0.1,2026-02-22,moc,混沌回忆,dr-ratio,Dr. Ratio,真理医生,0.09,4.0.1/histograph.json,trend auxiliary; not a full character usage table
4.0.1,2026-02-22,pf,虚构叙事,dr-ratio,Dr. Ratio,真理医生,0.0,4.0.1/histograph.json,trend auxiliary; not a full character usage table
4.0.1,2026-02-22,as,末日幻影,dr-ratio,Dr. Ratio,真理医生,0.05,4.0.1/histograph.json,trend auxiliary; not a full character usage table
4.0.1,2026-02-22,moc,混沌回忆,feixiao,Feixiao,飞霄,1.63,4.0.1/histograph.json,trend auxiliary; not a full character usage table
4.0.1,2026-02-22,pf,虚构叙事,feixiao,Feixiao,飞霄,0.14,4.0.1/histograph.json,trend auxiliary; not a full character usage table
4.0.1,2026-02-22,as,末日幻影,feixiao,Feixiao,飞霄,1.57,4.0.1/histograph.json,trend auxiliary; not a full character usage table
4.0.1,2026-02-22,moc,混沌回忆,firefly,Firefly,流萤,17.72,4.0.1/histograph.json,trend auxiliary; not a full character usage table
4.0.1,2026-02-22,pf,虚构叙事,firefly,Firefly,流萤,21.02,4.0.1/histograph.json,trend auxiliary; not a full character usage table
4.0.1,2026-02-22,as,末日幻影,firefly,Firefly,流萤,30.61,4.0.1/histograph.json,trend auxiliary; not a full character usage table
4.0.1,2026-02-22,moc,混沌回忆,fu-xuan,Fu Xuan,符玄,0.92,4.0.1/histograph.json,trend auxiliary; not a full character usage table
4.0.1,2026-02-22,pf,虚构叙事,fu-xuan,Fu Xuan,符玄,1.03,4.0.1/histograph.json,trend auxiliary; not a full character usage table
4.0.1,2026-02-22,as,末日幻影,fu-xuan,Fu Xuan,符玄,0.55,4.0.1/histograph.json,trend auxiliary; not a full character usage table
4.0.1,2026-02-22,moc,混沌回忆,gallagher,Gallagher,加拉赫,7.14,4.0.1/histograph.json,trend auxiliary; not a full character usage table
4.0.1,2026-02-22,pf,虚构叙事,gallagher,Gallagher,加拉赫,8.36,4.0.1/histograph.json,trend auxiliary; not a full character usage table
4.0.1,2026-02-22,as,末日幻影,gallagher,Gallagher,加拉赫,11.45,4.0.1/histograph.json,trend auxiliary; not a full character usage table
4.0.1,2026-02-22,moc,混沌回忆,gepard,Gepard,杰帕德,0.03,4.0.1/histograph.json,trend auxiliary; not a full character usage table
4.0.1,2026-02-22,pf,虚构叙事,gepard,Gepard,杰帕德,0.02,4.0.1/histograph.json,trend auxiliary; not a full character usage table
4.0.1,2026-02-22,as,末日幻影,gepard,Gepard,杰帕德,0.01,4.0.1/histograph.json,trend auxiliary; not a full character usage table
4.0.1,2026-02-22,moc,混沌回忆,guinaifen,Guinaifen,桂乃芬,0.01,4.0.1/histograph.json,trend auxiliary; not a full character usage table
4.0.1,2026-02-22,pf,虚构叙事,guinaifen,Guinaifen,桂乃芬,0.13,4.0.1/histograph.json,trend auxiliary; not a full character usage table
4.0.1,2026-02-22,as,末日幻影,guinaifen,Guinaifen,桂乃芬,0.02,4.0.1/histograph.json,trend auxiliary; not a full character usage table
4.0.1,2026-02-22,moc,混沌回忆,hanya,Hanya,寒鸦,0.05,4.0.1/histograph.json,trend auxiliary; not a full character usage table
4.0.1,2026-02-22,pf,虚构叙事,hanya,Hanya,寒鸦,0.01,4.0.1/histograph.json,trend auxiliary; not a full character usage table
4.0.1,2026-02-22,as,末日幻影,hanya,Hanya,寒鸦,0.01,4.0.1/histograph.json,trend auxiliary; not a full character usage table
4.0.1,2026-02-22,moc,混沌回忆,herta,Herta,黑塔,1.38,4.0.1/histograph.json,trend auxiliary; not a full character usage table
4.0.1,2026-02-22,pf,虚构叙事,herta,Herta,黑塔,11.08,4.0.1/histograph.json,trend auxiliary; not a full character usage table
4.0.1,2026-02-22,as,末日幻影,herta,Herta,黑塔,2.82,4.0.1/histograph.json,trend auxiliary; not a full character usage table
4.0.1,2026-02-22,moc,混沌回忆,himeko,Himeko,姬子,0.06,4.0.1/histograph.json,trend auxiliary; not a full character usage table
4.0.1,2026-02-22,pf,虚构叙事,himeko,Himeko,姬子,2.41,4.0.1/histograph.json,trend auxiliary; not a full character usage table
4.0.1,2026-02-22,as,末日幻影,himeko,Himeko,姬子,0.21,4.0.1/histograph.json,trend auxiliary; not a full character usage table
4.0.1,2026-02-22,moc,混沌回忆,hook,Hook,虎克,0.01,4.0.1/histograph.json,trend auxiliary; not a full character usage table
4.0.1,2026-02-22,pf,虚构叙事,hook,Hook,虎克,0.01,4.0.1/histograph.json,trend auxiliary; not a full character usage table
4.0.1,2026-02-22,as,末日幻影,hook,Hook,虎克,0.01,4.0.1/histograph.json,trend auxiliary; not a full character usage table
4.0.1,2026-02-22,moc,混沌回忆,huohuo,Huohuo,藿藿,6.17,4.0.1/histograph.json,trend auxiliary; not a full character usage table
4.0.1,2026-02-22,pf,虚构叙事,huohuo,Huohuo,藿藿,8.62,4.0.1/histograph.json,trend auxiliary; not a full character usage table
4.0.1,2026-02-22,as,末日幻影,huohuo,Huohuo,藿藿,6.79,4.0.1/histograph.json,trend auxiliary; not a full character usage table
4.0.1,2026-02-22,moc,混沌回忆,hyacine,Hyacine,风堇,58.45,4.0.1/histograph.json,trend auxiliary; not a full character usage table
4.0.1,2026-02-22,pf,虚构叙事,hyacine,Hyacine,风堇,67.22,4.0.1/histograph.json,trend auxiliary; not a full character usage table
4.0.1,2026-02-22,as,末日幻影,hyacine,Hyacine,风堇,68.13,4.0.1/histograph.json,trend auxiliary; not a full character usage table
4.0.1,2026-02-22,moc,混沌回忆,hysilens,Hysilens,海瑟音,15.73,4.0.1/histograph.json,trend auxiliary; not a full character usage table
4.0.1,2026-02-22,pf,虚构叙事,hysilens,Hysilens,海瑟音,20.48,4.0.1/histograph.json,trend auxiliary; not a full character usage table
4.0.1,2026-02-22,as,末日幻影,hysilens,Hysilens,海瑟音,13.3,4.0.1/histograph.json,trend auxiliary; not a full character usage table
4.0.1,2026-02-22,moc,混沌回忆,imbibitor-lunae,Dan Heng • Imbibitor Lunae,丹恒•饮月,0.09,4.0.1/histograph.json,trend auxiliary; not a full character usage table
4.0.1,2026-02-22,pf,虚构叙事,imbibitor-lunae,Dan Heng • Imbibitor Lunae,丹恒•饮月,0.13,4.0.1/histograph.json,trend auxiliary; not a full character usage table
4.0.1,2026-02-22,as,末日幻影,imbibitor-lunae,Dan Heng • Imbibitor Lunae,丹恒•饮月,0.21,4.0.1/histograph.json,trend auxiliary; not a full character usage table
4.0.1,2026-02-22,moc,混沌回忆,jade,Jade,翡翠,1.22,4.0.1/histograph.json,trend auxiliary; not a full character usage table
4.0.1,2026-02-22,pf,虚构叙事,jade,Jade,翡翠,5.1,4.0.1/histograph.json,trend auxiliary; not a full character usage table
4.0.1,2026-02-22,as,末日幻影,jade,Jade,翡翠,2.52,4.0.1/histograph.json,trend auxiliary; not a full character usage table
4.0.1,2026-02-22,moc,混沌回忆,jiaoqiu,Jiaoqiu,椒丘,1.54,4.0.1/histograph.json,trend auxiliary; not a full character usage table
4.0.1,2026-02-22,pf,虚构叙事,jiaoqiu,Jiaoqiu,椒丘,2.8,4.0.1/histograph.json,trend auxiliary; not a full character usage table
4.0.1,2026-02-22,as,末日幻影,jiaoqiu,Jiaoqiu,椒丘,1.49,4.0.1/histograph.json,trend auxiliary; not a full character usage table
4.0.1,2026-02-22,moc,混沌回忆,jing-yuan,Jing Yuan,景元,0.36,4.0.1/histograph.json,trend auxiliary; not a full character usage table
4.0.1,2026-02-22,pf,虚构叙事,jing-yuan,Jing Yuan,景元,0.45,4.0.1/histograph.json,trend auxiliary; not a full character usage table
4.0.1,2026-02-22,as,末日幻影,jing-yuan,Jing Yuan,景元,0.38,4.0.1/histograph.json,trend auxiliary; not a full character usage table
4.0.1,2026-02-22,moc,混沌回忆,jingliu,Jingliu,镜流,0.14,4.0.1/histograph.json,trend auxiliary; not a full character usage table
4.0.1,2026-02-22,pf,虚构叙事,jingliu,Jingliu,镜流,0.17,4.0.1/histograph.json,trend auxiliary; not a full character usage table
4.0.1,2026-02-22,as,末日幻影,jingliu,Jingliu,镜流,0.18,4.0.1/histograph.json,trend auxiliary; not a full character usage table
4.0.1,2026-02-22,moc,混沌回忆,kafka,Kafka,卡芙卡,15.77,4.0.1/histograph.json,trend auxiliary; not a full character usage table
4.0.1,2026-02-22,pf,虚构叙事,kafka,Kafka,卡芙卡,22.5,4.0.1/histograph.json,trend auxiliary; not a full character usage table
4.0.1,2026-02-22,as,末日幻影,kafka,Kafka,卡芙卡,13.63,4.0.1/histograph.json,trend auxiliary; not a full character usage table
4.0.1,2026-02-22,moc,混沌回忆,lingsha,Lingsha,灵砂,12.05,4.0.1/histograph.json,trend auxiliary; not a full character usage table
4.0.1,2026-02-22,pf,虚构叙事,lingsha,Lingsha,灵砂,20.13,4.0.1/histograph.json,trend auxiliary; not a full character usage table
4.0.1,2026-02-22,as,末日幻影,lingsha,Lingsha,灵砂,21.1,4.0.1/histograph.json,trend auxiliary; not a full character usage table
4.0.1,2026-02-22,moc,混沌回忆,luka,Luka,卢卡,0.01,4.0.1/histograph.json,trend auxiliary; not a full character usage table
4.0.1,2026-02-22,pf,虚构叙事,luka,Luka,卢卡,0.0,4.0.1/histograph.json,trend auxiliary; not a full character usage table
4.0.1,2026-02-22,as,末日幻影,luka,Luka,卢卡,0.01,4.0.1/histograph.json,trend auxiliary; not a full character usage table
4.0.1,2026-02-22,moc,混沌回忆,luocha,Luocha,罗刹,3.0,4.0.1/histograph.json,trend auxiliary; not a full character usage table
4.0.1,2026-02-22,pf,虚构叙事,luocha,Luocha,罗刹,2.42,4.0.1/histograph.json,trend auxiliary; not a full character usage table
4.0.1,2026-02-22,as,末日幻影,luocha,Luocha,罗刹,3.47,4.0.1/histograph.json,trend auxiliary; not a full character usage table
4.0.1,2026-02-22,moc,混沌回忆,lynx,Lynx,玲可,0.01,4.0.1/histograph.json,trend auxiliary; not a full character usage table
4.0.1,2026-02-22,pf,虚构叙事,lynx,Lynx,玲可,0.03,4.0.1/histograph.json,trend auxiliary; not a full character usage table
4.0.1,2026-02-22,as,末日幻影,lynx,Lynx,玲可,0.02,4.0.1/histograph.json,trend auxiliary; not a full character usage table
4.0.1,2026-02-22,moc,混沌回忆,march-7th,March 7th,三月七 - 存护,0.01,4.0.1/histograph.json,trend auxiliary; not a full character usage table
4.0.1,2026-02-22,pf,虚构叙事,march-7th,March 7th,三月七 - 存护,0.01,4.0.1/histograph.json,trend auxiliary; not a full character usage table
4.0.1,2026-02-22,as,末日幻影,march-7th,March 7th,三月七 - 存护,0.01,4.0.1/histograph.json,trend auxiliary; not a full character usage table
4.0.1,2026-02-22,moc,混沌回忆,march-7th-swordmaster,March 7th: The Hunt,三月七•巡猎,0.18,4.0.1/histograph.json,trend auxiliary; not a full character usage table
4.0.1,2026-02-22,pf,虚构叙事,march-7th-swordmaster,March 7th: The Hunt,三月七•巡猎,0.02,4.0.1/histograph.json,trend auxiliary; not a full character usage table
4.0.1,2026-02-22,as,末日幻影,march-7th-swordmaster,March 7th: The Hunt,三月七•巡猎,0.66,4.0.1/histograph.json,trend auxiliary; not a full character usage table
4.0.1,2026-02-22,moc,混沌回忆,misha,Misha,米沙,0.0,4.0.1/histograph.json,trend auxiliary; not a full character usage table
4.0.1,2026-02-22,pf,虚构叙事,misha,Misha,米沙,0.0,4.0.1/histograph.json,trend auxiliary; not a full character usage table
4.0.1,2026-02-22,as,末日幻影,misha,Misha,米沙,0.0,4.0.1/histograph.json,trend auxiliary; not a full character usage table
4.0.1,2026-02-22,moc,混沌回忆,moze,Moze,貊泽,0.07,4.0.1/histograph.json,trend auxiliary; not a full character usage table
4.0.1,2026-02-22,pf,虚构叙事,moze,Moze,貊泽,0.0,4.0.1/histograph.json,trend auxiliary; not a full character usage table
4.0.1,2026-02-22,as,末日幻影,moze,Moze,貊泽,0.05,4.0.1/histograph.json,trend auxiliary; not a full character usage table
4.0.1,2026-02-22,moc,混沌回忆,mydei,Mydei,万敌,1.71,4.0.1/histograph.json,trend auxiliary; not a full character usage table
4.0.1,2026-02-22,pf,虚构叙事,mydei,Mydei,万敌,1.97,4.0.1/histograph.json,trend auxiliary; not a full character usage table
4.0.1,2026-02-22,as,末日幻影,mydei,Mydei,万敌,2.92,4.0.1/histograph.json,trend auxiliary; not a full character usage table
4.0.1,2026-02-22,moc,混沌回忆,natasha,Natasha,娜塔莎,0.01,4.0.1/histograph.json,trend auxiliary; not a full character usage table
4.0.1,2026-02-22,pf,虚构叙事,natasha,Natasha,娜塔莎,0.01,4.0.1/histograph.json,trend auxiliary; not a full character usage table
4.0.1,2026-02-22,as,末日幻影,natasha,Natasha,娜塔莎,0.01,4.0.1/histograph.json,trend auxiliary; not a full character usage table
4.0.1,2026-02-22,moc,混沌回忆,pela,Pela,佩拉,0.13,4.0.1/histograph.json,trend auxiliary; not a full character usage table
4.0.1,2026-02-22,pf,虚构叙事,pela,Pela,佩拉,0.23,4.0.1/histograph.json,trend auxiliary; not a full character usage table
4.0.1,2026-02-22,as,末日幻影,pela,Pela,佩拉,0.16,4.0.1/histograph.json,trend auxiliary; not a full character usage table
4.0.1,2026-02-22,moc,混沌回忆,phainon,Phainon,白厄,31.9,4.0.1/histograph.json,trend auxiliary; not a full character usage table
4.0.1,2026-02-22,pf,虚构叙事,phainon,Phainon,白厄,20.51,4.0.1/histograph.json,trend auxiliary; not a full character usage table
4.0.1,2026-02-22,as,末日幻影,phainon,Phainon,白厄,23.3,4.0.1/histograph.json,trend auxiliary; not a full character usage table
4.0.1,2026-02-22,moc,混沌回忆,qingque,Qingque,青雀,0.03,4.0.1/histograph.json,trend auxiliary; not a full character usage table
4.0.1,2026-02-22,pf,虚构叙事,qingque,Qingque,青雀,0.04,4.0.1/histograph.json,trend auxiliary; not a full character usage table
4.0.1,2026-02-22,as,末日幻影,qingque,Qingque,青雀,0.01,4.0.1/histograph.json,trend auxiliary; not a full character usage table
4.0.1,2026-02-22,moc,混沌回忆,rappa,Rappa,乱破,0.65,4.0.1/histograph.json,trend auxiliary; not a full character usage table
4.0.1,2026-02-22,pf,虚构叙事,rappa,Rappa,乱破,2.56,4.0.1/histograph.json,trend auxiliary; not a full character usage table
4.0.1,2026-02-22,as,末日幻影,rappa,Rappa,乱破,3.86,4.0.1/histograph.json,trend auxiliary; not a full character usage table
4.0.1,2026-02-22,moc,混沌回忆,robin,Robin,知更鸟,10.04,4.0.1/histograph.json,trend auxiliary; not a full character usage table
4.0.1,2026-02-22,pf,虚构叙事,robin,Robin,知更鸟,7.66,4.0.1/histograph.json,trend auxiliary; not a full character usage table
4.0.1,2026-02-22,as,末日幻影,robin,Robin,知更鸟,7.97,4.0.1/histograph.json,trend auxiliary; not a full character usage table
4.0.1,2026-02-22,moc,混沌回忆,ruan-mei,Ruan Mei,阮•梅,12.46,4.0.1/histograph.json,trend auxiliary; not a full character usage table
4.0.1,2026-02-22,pf,虚构叙事,ruan-mei,Ruan Mei,阮•梅,15.19,4.0.1/histograph.json,trend auxiliary; not a full character usage table
4.0.1,2026-02-22,as,末日幻影,ruan-mei,Ruan Mei,阮•梅,25.65,4.0.1/histograph.json,trend auxiliary; not a full character usage table
4.0.1,2026-02-22,moc,混沌回忆,saber,Saber,Saber,2.7,4.0.1/histograph.json,trend auxiliary; not a full character usage table
4.0.1,2026-02-22,pf,虚构叙事,saber,Saber,Saber,1.42,4.0.1/histograph.json,trend auxiliary; not a full character usage table
4.0.1,2026-02-22,as,末日幻影,saber,Saber,Saber,4.09,4.0.1/histograph.json,trend auxiliary; not a full character usage table
4.0.1,2026-02-22,moc,混沌回忆,sampo,Sampo,桑博,0.0,4.0.1/histograph.json,trend auxiliary; not a full character usage table
4.0.1,2026-02-22,pf,虚构叙事,sampo,Sampo,桑博,0.08,4.0.1/histograph.json,trend auxiliary; not a full character usage table
4.0.1,2026-02-22,as,末日幻影,sampo,Sampo,桑博,0.02,4.0.1/histograph.json,trend auxiliary; not a full character usage table
4.0.1,2026-02-22,moc,混沌回忆,seele,Seele,希儿,0.02,4.0.1/histograph.json,trend auxiliary; not a full character usage table
4.0.1,2026-02-22,pf,虚构叙事,seele,Seele,希儿,0.03,4.0.1/histograph.json,trend auxiliary; not a full character usage table
4.0.1,2026-02-22,as,末日幻影,seele,Seele,希儿,0.01,4.0.1/histograph.json,trend auxiliary; not a full character usage table
4.0.1,2026-02-22,moc,混沌回忆,serval,Serval,希露瓦,0.33,4.0.1/histograph.json,trend auxiliary; not a full character usage table
4.0.1,2026-02-22,pf,虚构叙事,serval,Serval,希露瓦,0.32,4.0.1/histograph.json,trend auxiliary; not a full character usage table
4.0.1,2026-02-22,as,末日幻影,serval,Serval,希露瓦,0.58,4.0.1/histograph.json,trend auxiliary; not a full character usage table
4.0.1,2026-02-22,moc,混沌回忆,silver-wolf,Silver Wolf,银狼,4.63,4.0.1/histograph.json,trend auxiliary; not a full character usage table
4.0.1,2026-02-22,pf,虚构叙事,silver-wolf,Silver Wolf,银狼,1.34,4.0.1/histograph.json,trend auxiliary; not a full character usage table
4.0.1,2026-02-22,as,末日幻影,silver-wolf,Silver Wolf,银狼,2.98,4.0.1/histograph.json,trend auxiliary; not a full character usage table
4.0.1,2026-02-22,moc,混沌回忆,anaxa,Anaxa,那刻夏,5.71,4.0.1/histograph.json,trend auxiliary; not a full character usage table
4.0.1,2026-02-22,pf,虚构叙事,anaxa,Anaxa,那刻夏,4.25,4.0.1/histograph.json,trend auxiliary; not a full character usage table
4.0.1,2026-02-22,as,末日幻影,anaxa,Anaxa,那刻夏,6.94,4.0.1/histograph.json,trend auxiliary; not a full character usage table
4.0.1,2026-02-22,moc,混沌回忆,argenti,Argenti,银枝,0.01,4.0.1/histograph.json,trend auxiliary; not a full character usage table
4.0.1,2026-02-22,pf,虚构叙事,argenti,Argenti,银枝,0.32,4.0.1/histograph.json,trend auxiliary; not a full character usage table
4.0.1,2026-02-22,as,末日幻影,argenti,Argenti,银枝,0.03,4.0.1/histograph.json,trend auxiliary; not a full character usage table
4.0.1,2026-02-22,moc,混沌回忆,blade,Blade,刃,0.21,4.0.1/histograph.json,trend auxiliary; not a full character usage table
4.0.1,2026-02-22,pf,虚构叙事,blade,Blade,刃,0.24,4.0.1/histograph.json,trend auxiliary; not a full character usage table
4.0.1,2026-02-22,as,末日幻影,blade,Blade,刃,0.37,4.0.1/histograph.json,trend auxiliary; not a full character usage table
4.0.1,2026-02-22,moc,混沌回忆,march-7th-evernight,Evernight,长夜月,3.4,4.0.1/histograph.json,trend auxiliary; not a full character usage table
4.0.1,2026-02-22,pf,虚构叙事,march-7th-evernight,Evernight,长夜月,5.96,4.0.1/histograph.json,trend auxiliary; not a full character usage table
4.0.1,2026-02-22,as,末日幻影,march-7th-evernight,Evernight,长夜月,5.19,4.0.1/histograph.json,trend auxiliary; not a full character usage table
4.0.1,2026-02-22,moc,混沌回忆,sparkle,Sparkle,花火,12.98,4.0.1/histograph.json,trend auxiliary; not a full character usage table
4.0.1,2026-02-22,pf,虚构叙事,sparkle,Sparkle,花火,7.48,4.0.1/histograph.json,trend auxiliary; not a full character usage table
4.0.1,2026-02-22,as,末日幻影,sparkle,Sparkle,花火,4.23,4.0.1/histograph.json,trend auxiliary; not a full character usage table
4.0.1,2026-02-22,moc,混沌回忆,sunday,Sunday,星期日,36.17,4.0.1/histograph.json,trend auxiliary; not a full character usage table
4.0.1,2026-02-22,pf,虚构叙事,sunday,Sunday,星期日,24.0,4.0.1/histograph.json,trend auxiliary; not a full character usage table
4.0.1,2026-02-22,as,末日幻影,sunday,Sunday,星期日,30.03,4.0.1/histograph.json,trend auxiliary; not a full character usage table
4.0.1,2026-02-22,moc,混沌回忆,anaxa,Anaxa,那刻夏,5.55,4.0.1/histograph.json,trend auxiliary; not a full character usage table
4.0.1,2026-02-22,pf,虚构叙事,anaxa,Anaxa,那刻夏,8.91,4.0.1/histograph.json,trend auxiliary; not a full character usage table
4.0.1,2026-02-22,as,末日幻影,anaxa,Anaxa,那刻夏,8.61,4.0.1/histograph.json,trend auxiliary; not a full character usage table
4.0.1,2026-02-22,moc,混沌回忆,argenti,Argenti,银枝,0.09,4.0.1/histograph.json,trend auxiliary; not a full character usage table
4.0.1,2026-02-22,pf,虚构叙事,argenti,Argenti,银枝,0.34,4.0.1/histograph.json,trend auxiliary; not a full character usage table
4.0.1,2026-02-22,as,末日幻影,argenti,Argenti,银枝,0.27,4.0.1/histograph.json,trend auxiliary; not a full character usage table
4.0.1,2026-02-22,moc,混沌回忆,blade,Blade,刃,0.11,4.0.1/histograph.json,trend auxiliary; not a full character usage table
4.0.1,2026-02-22,pf,虚构叙事,blade,Blade,刃,0.22,4.0.1/histograph.json,trend auxiliary; not a full character usage table
4.0.1,2026-02-22,as,末日幻影,blade,Blade,刃,0.17,4.0.1/histograph.json,trend auxiliary; not a full character usage table
4.0.1,2026-02-22,moc,混沌回忆,march-7th-evernight,Evernight,长夜月,43.72,4.0.1/histograph.json,trend auxiliary; not a full character usage table
4.0.1,2026-02-22,pf,虚构叙事,march-7th-evernight,Evernight,长夜月,45.96,4.0.1/histograph.json,trend auxiliary; not a full character usage table
4.0.1,2026-02-22,as,末日幻影,march-7th-evernight,Evernight,长夜月,47.76,4.0.1/histograph.json,trend auxiliary; not a full character usage table
4.0.1,2026-02-22,moc,混沌回忆,sushang,Sushang,素裳,0.0,4.0.1/histograph.json,trend auxiliary; not a full character usage table
4.0.1,2026-02-22,pf,虚构叙事,sushang,Sushang,素裳,0.0,4.0.1/histograph.json,trend auxiliary; not a full character usage table
4.0.1,2026-02-22,as,末日幻影,sushang,Sushang,素裳,0.02,4.0.1/histograph.json,trend auxiliary; not a full character usage table
4.0.1,2026-02-22,moc,混沌回忆,the-dahlia,The Dahlia,大丽花,25.73,4.0.1/histograph.json,trend auxiliary; not a full character usage table
4.0.1,2026-02-22,pf,虚构叙事,the-dahlia,The Dahlia,大丽花,23.16,4.0.1/histograph.json,trend auxiliary; not a full character usage table
4.0.1,2026-02-22,as,末日幻影,the-dahlia,The Dahlia,大丽花,41.31,4.0.1/histograph.json,trend auxiliary; not a full character usage table
4.0.1,2026-02-22,moc,混沌回忆,the-herta,The Herta,大黑塔,8.55,4.0.1/histograph.json,trend auxiliary; not a full character usage table
4.0.1,2026-02-22,pf,虚构叙事,the-herta,The Herta,大黑塔,24.44,4.0.1/histograph.json,trend auxiliary; not a full character usage table
4.0.1,2026-02-22,as,末日幻影,the-herta,The Herta,大黑塔,14.76,4.0.1/histograph.json,trend auxiliary; not a full character usage table
4.0.1,2026-02-22,moc,混沌回忆,tingyun,Tingyun,停云,0.53,4.0.1/histograph.json,trend auxiliary; not a full character usage table
4.0.1,2026-02-22,pf,虚构叙事,tingyun,Tingyun,停云,0.37,4.0.1/histograph.json,trend auxiliary; not a full character usage table
4.0.1,2026-02-22,as,末日幻影,tingyun,Tingyun,停云,0.45,4.0.1/histograph.json,trend auxiliary; not a full character usage table
4.0.1,2026-02-22,moc,混沌回忆,tingyun-fugue,Fugue,忘归人,16.61,4.0.1/histograph.json,trend auxiliary; not a full character usage table
4.0.1,2026-02-22,pf,虚构叙事,tingyun-fugue,Fugue,忘归人,22.93,4.0.1/histograph.json,trend auxiliary; not a full character usage table
4.0.1,2026-02-22,as,末日幻影,tingyun-fugue,Fugue,忘归人,30.9,4.0.1/histograph.json,trend auxiliary; not a full character usage table
4.0.1,2026-02-22,moc,混沌回忆,topaz,Topaz & Numby,托帕&账账,0.46,4.0.1/histograph.json,trend auxiliary; not a full character usage table
4.0.1,2026-02-22,pf,虚构叙事,topaz,Topaz & Numby,托帕&账账,0.04,4.0.1/histograph.json,trend auxiliary; not a full character usage table
4.0.1,2026-02-22,as,末日幻影,topaz,Topaz & Numby,托帕&账账,0.47,4.0.1/histograph.json,trend auxiliary; not a full character usage table
4.0.1,2026-02-22,moc,混沌回忆,trailblazer-destruction,Trailblazer - The Destruction,开拓者 - 毁灭,0.0,4.0.1/histograph.json,trend auxiliary; not a full character usage table
4.0.1,2026-02-22,pf,虚构叙事,trailblazer-destruction,Trailblazer - The Destruction,开拓者 - 毁灭,0.0,4.0.1/histograph.json,trend auxiliary; not a full character usage table
4.0.1,2026-02-22,as,末日幻影,trailblazer-destruction,Trailblazer - The Destruction,开拓者 - 毁灭,0.0,4.0.1/histograph.json,trend auxiliary; not a full character usage table
4.0.1,2026-02-22,moc,混沌回忆,trailblazer-harmony,Trailblazer - The Harmony,开拓者 - 同谐,5.57,4.0.1/histograph.json,trend auxiliary; not a full character usage table
4.0.1,2026-02-22,pf,虚构叙事,trailblazer-harmony,Trailblazer - The Harmony,开拓者 - 同谐,6.75,4.0.1/histograph.json,trend auxiliary; not a full character usage table
4.0.1,2026-02-22,as,末日幻影,trailblazer-harmony,Trailblazer - The Harmony,开拓者 - 同谐,11.79,4.0.1/histograph.json,trend auxiliary; not a full character usage table
4.0.1,2026-02-22,moc,混沌回忆,trailblazer-preservation,Trailblazer - The Preservation,开拓者 - 存护,0.01,4.0.1/histograph.json,trend auxiliary; not a full character usage table
4.0.1,2026-02-22,pf,虚构叙事,trailblazer-preservation,Trailblazer - The Preservation,开拓者 - 存护,0.0,4.0.1/histograph.json,trend auxiliary; not a full character usage table
4.0.1,2026-02-22,as,末日幻影,trailblazer-preservation,Trailblazer - The Preservation,开拓者 - 存护,0.0,4.0.1/histograph.json,trend auxiliary; not a full character usage table
4.0.1,2026-02-22,moc,混沌回忆,trailblazer-remembrance,Trailblazer - Remembrance,开拓者•记忆,29.08,4.0.1/histograph.json,trend auxiliary; not a full character usage table
4.0.1,2026-02-22,pf,虚构叙事,trailblazer-remembrance,Trailblazer - Remembrance,开拓者•记忆,29.26,4.0.1/histograph.json,trend auxiliary; not a full character usage table
4.0.1,2026-02-22,as,末日幻影,trailblazer-remembrance,Trailblazer - Remembrance,开拓者•记忆,30.12,4.0.1/histograph.json,trend auxiliary; not a full character usage table
4.0.1,2026-02-22,moc,混沌回忆,tribbie,Tribbie,缇宝,40.02,4.0.1/histograph.json,trend auxiliary; not a full character usage table
4.0.1,2026-02-22,pf,虚构叙事,tribbie,Tribbie,缇宝,44.17,4.0.1/histograph.json,trend auxiliary; not a full character usage table
4.0.1,2026-02-22,as,末日幻影,tribbie,Tribbie,缇宝,38.04,4.0.1/histograph.json,trend auxiliary; not a full character usage table
4.0.1,2026-02-22,moc,混沌回忆,welt,Welt,瓦尔特,0.01,4.0.1/histograph.json,trend auxiliary; not a full character usage table
4.0.1,2026-02-22,pf,虚构叙事,welt,Welt,瓦尔特,0.01,4.0.1/histograph.json,trend auxiliary; not a full character usage table
4.0.1,2026-02-22,as,末日幻影,welt,Welt,瓦尔特,0.01,4.0.1/histograph.json,trend auxiliary; not a full character usage table
4.0.1,2026-02-22,moc,混沌回忆,xueyi,Xueyi,雪衣,0.04,4.0.1/histograph.json,trend auxiliary; not a full character usage table
4.0.1,2026-02-22,pf,虚构叙事,xueyi,Xueyi,雪衣,0.03,4.0.1/histograph.json,trend auxiliary; not a full character usage table
4.0.1,2026-02-22,as,末日幻影,xueyi,Xueyi,雪衣,0.03,4.0.1/histograph.json,trend auxiliary; not a full character usage table
4.0.1,2026-02-22,moc,混沌回忆,yanqing,Yanqing,彦卿,0.02,4.0.1/histograph.json,trend auxiliary; not a full character usage table
4.0.1,2026-02-22,pf,虚构叙事,yanqing,Yanqing,彦卿,0.0,4.0.1/histograph.json,trend auxiliary; not a full character usage table
4.0.1,2026-02-22,as,末日幻影,yanqing,Yanqing,彦卿,0.0,4.0.1/histograph.json,trend auxiliary; not a full character usage table
4.0.1,2026-02-22,moc,混沌回忆,yao-guang,Yao Guang,爻光,3.01,4.0.1/histograph.json,trend auxiliary; not a full character usage table
4.0.1,2026-02-22,pf,虚构叙事,yao-guang,Yao Guang,爻光,15.47,4.0.1/histograph.json,trend auxiliary; not a full character usage table
4.0.1,2026-02-22,as,末日幻影,yao-guang,Yao Guang,爻光,0.47,4.0.1/histograph.json,trend auxiliary; not a full character usage table
4.0.1,2026-02-22,moc,混沌回忆,yukong,Yukong,驭空,0.01,4.0.1/histograph.json,trend auxiliary; not a full character usage table
4.0.1,2026-02-22,pf,虚构叙事,yukong,Yukong,驭空,0.01,4.0.1/histograph.json,trend auxiliary; not a full character usage table
4.0.1,2026-02-22,as,末日幻影,yukong,Yukong,驭空,0.01,4.0.1/histograph.json,trend auxiliary; not a full character usage table
4.0.1,2026-02-22,moc,混沌回忆,yunli,Yunli,云璃,0.73,4.0.1/histograph.json,trend auxiliary; not a full character usage table
4.0.1,2026-02-22,pf,虚构叙事,yunli,Yunli,云璃,0.44,4.0.1/histograph.json,trend auxiliary; not a full character usage table
4.0.1,2026-02-22,as,末日幻影,yunli,Yunli,云璃,0.15,4.0.1/histograph.json,trend auxiliary; not a full character usage table
4.0.2,2026-03-06,moc,混沌回忆,acheron,Acheron,黄泉,1.77,4.0.2/histograph.json,trend auxiliary; not a full character usage table
4.0.2,2026-03-06,pf,虚构叙事,acheron,Acheron,黄泉,3.5,4.0.2/histograph.json,trend auxiliary; not a full character usage table
4.0.2,2026-03-06,as,末日幻影,acheron,Acheron,黄泉,2.37,4.0.2/histograph.json,trend auxiliary; not a full character usage table
4.0.2,2026-03-06,moc,混沌回忆,aglaea,Aglaea,阿格莱雅,2.2,4.0.2/histograph.json,trend auxiliary; not a full character usage table
4.0.2,2026-03-06,pf,虚构叙事,aglaea,Aglaea,阿格莱雅,1.87,4.0.2/histograph.json,trend auxiliary; not a full character usage table
4.0.2,2026-03-06,as,末日幻影,aglaea,Aglaea,阿格莱雅,2.19,4.0.2/histograph.json,trend auxiliary; not a full character usage table
4.0.2,2026-03-06,moc,混沌回忆,archer,Archer,Archer,16.15,4.0.2/histograph.json,trend auxiliary; not a full character usage table
4.0.2,2026-03-06,pf,虚构叙事,archer,Archer,Archer,3.44,4.0.2/histograph.json,trend auxiliary; not a full character usage table
4.0.2,2026-03-06,as,末日幻影,archer,Archer,Archer,2.32,4.0.2/histograph.json,trend auxiliary; not a full character usage table
4.0.2,2026-03-06,moc,混沌回忆,arlan,Arlan,阿兰,0.01,4.0.2/histograph.json,trend auxiliary; not a full character usage table
4.0.2,2026-03-06,pf,虚构叙事,arlan,Arlan,阿兰,0.0,4.0.2/histograph.json,trend auxiliary; not a full character usage table
4.0.2,2026-03-06,as,末日幻影,arlan,Arlan,阿兰,0.0,4.0.2/histograph.json,trend auxiliary; not a full character usage table
4.0.2,2026-03-06,moc,混沌回忆,asta,Asta,艾丝妲,0.02,4.0.2/histograph.json,trend auxiliary; not a full character usage table
4.0.2,2026-03-06,pf,虚构叙事,asta,Asta,艾丝妲,0.04,4.0.2/histograph.json,trend auxiliary; not a full character usage table
4.0.2,2026-03-06,as,末日幻影,asta,Asta,艾丝妲,0.01,4.0.2/histograph.json,trend auxiliary; not a full character usage table
4.0.2,2026-03-06,moc,混沌回忆,aventurine,Aventurine,砂金,4.07,4.0.2/histograph.json,trend auxiliary; not a full character usage table
4.0.2,2026-03-06,pf,虚构叙事,aventurine,Aventurine,砂金,4.95,4.0.2/histograph.json,trend auxiliary; not a full character usage table
4.0.2,2026-03-06,as,末日幻影,aventurine,Aventurine,砂金,4.03,4.0.2/histograph.json,trend auxiliary; not a full character usage table
4.0.2,2026-03-06,moc,混沌回忆,bailu,Bailu,白露,0.09,4.0.2/histograph.json,trend auxiliary; not a full character usage table
4.0.2,2026-03-06,pf,虚构叙事,bailu,Bailu,白露,0.14,4.0.2/histograph.json,trend auxiliary; not a full character usage table
4.0.2,2026-03-06,as,末日幻影,bailu,Bailu,白露,0.12,4.0.2/histograph.json,trend auxiliary; not a full character usage table
4.0.2,2026-03-06,moc,混沌回忆,black-swan,Black Swan,黑天鹅,14.63,4.0.2/histograph.json,trend auxiliary; not a full character usage table
4.0.2,2026-03-06,pf,虚构叙事,black-swan,Black Swan,黑天鹅,17.75,4.0.2/histograph.json,trend auxiliary; not a full character usage table
4.0.2,2026-03-06,as,末日幻影,black-swan,Black Swan,黑天鹅,11.11,4.0.2/histograph.json,trend auxiliary; not a full character usage table
4.0.2,2026-03-06,moc,混沌回忆,boothill,Boothill,波提欧,0.76,4.0.2/histograph.json,trend auxiliary; not a full character usage table
4.0.2,2026-03-06,pf,虚构叙事,boothill,Boothill,波提欧,0.1,4.0.2/histograph.json,trend auxiliary; not a full character usage table
4.0.2,2026-03-06,as,末日幻影,boothill,Boothill,波提欧,1.96,4.0.2/histograph.json,trend auxiliary; not a full character usage table
4.0.2,2026-03-06,moc,混沌回忆,bronya,Bronya,布洛妮娅,6.24,4.0.2/histograph.json,trend auxiliary; not a full character usage table
4.0.2,2026-03-06,pf,虚构叙事,bronya,Bronya,布洛妮娅,5.65,4.0.2/histograph.json,trend auxiliary; not a full character usage table
4.0.2,2026-03-06,as,末日幻影,bronya,Bronya,布洛妮娅,7.59,4.0.2/histograph.json,trend auxiliary; not a full character usage table
4.0.2,2026-03-06,moc,混沌回忆,castorice,Castorice,遐蝶,51.43,4.0.2/histograph.json,trend auxiliary; not a full character usage table
4.0.2,2026-03-06,pf,虚构叙事,castorice,Castorice,遐蝶,58.87,4.0.2/histograph.json,trend auxiliary; not a full character usage table
4.0.2,2026-03-06,as,末日幻影,castorice,Castorice,遐蝶,60.94,4.0.2/histograph.json,trend auxiliary; not a full character usage table
4.0.2,2026-03-06,moc,混沌回忆,cerydra,Cerydra,刻律德菈,18.86,4.0.2/histograph.json,trend auxiliary; not a full character usage table
4.0.2,2026-03-06,pf,虚构叙事,cerydra,Cerydra,刻律德菈,15.46,4.0.2/histograph.json,trend auxiliary; not a full character usage table
4.0.2,2026-03-06,as,末日幻影,cerydra,Cerydra,刻律德菈,18.13,4.0.2/histograph.json,trend auxiliary; not a full character usage table
4.0.2,2026-03-06,moc,混沌回忆,cipher,Cipher,赛飞儿,4.2,4.0.2/histograph.json,trend auxiliary; not a full character usage table
4.0.2,2026-03-06,pf,虚构叙事,cipher,Cipher,赛飞儿,2.06,4.0.2/histograph.json,trend auxiliary; not a full character usage table
4.0.2,2026-03-06,as,末日幻影,cipher,Cipher,赛飞儿,1.88,4.0.2/histograph.json,trend auxiliary; not a full character usage table
4.0.2,2026-03-06,moc,混沌回忆,clara,Clara,克拉拉,0.26,4.0.2/histograph.json,trend auxiliary; not a full character usage table
4.0.2,2026-03-06,pf,虚构叙事,clara,Clara,克拉拉,0.23,4.0.2/histograph.json,trend auxiliary; not a full character usage table
4.0.2,2026-03-06,as,末日幻影,clara,Clara,克拉拉,0.03,4.0.2/histograph.json,trend auxiliary; not a full character usage table
4.0.2,2026-03-06,moc,混沌回忆,cyrene,Cyrene,昔涟,49.62,4.0.2/histograph.json,trend auxiliary; not a full character usage table
4.0.2,2026-03-06,pf,虚构叙事,cyrene,Cyrene,昔涟,53.58,4.0.2/histograph.json,trend auxiliary; not a full character usage table
4.0.2,2026-03-06,as,末日幻影,cyrene,Cyrene,昔涟,54.35,4.0.2/histograph.json,trend auxiliary; not a full character usage table
4.0.2,2026-03-06,moc,混沌回忆,dan-heng,Dan Heng,丹恒,0.0,4.0.2/histograph.json,trend auxiliary; not a full character usage table
4.0.2,2026-03-06,pf,虚构叙事,dan-heng,Dan Heng,丹恒,0.0,4.0.2/histograph.json,trend auxiliary; not a full character usage table
4.0.2,2026-03-06,as,末日幻影,dan-heng,Dan Heng,丹恒,0.0,4.0.2/histograph.json,trend auxiliary; not a full character usage table
4.0.2,2026-03-06,moc,混沌回忆,dan-heng-permansor-terrae,Dan Heng • Permansor Terrae,丹恒•腾荒,55.37,4.0.2/histograph.json,trend auxiliary; not a full character usage table
4.0.2,2026-03-06,pf,虚构叙事,dan-heng-permansor-terrae,Dan Heng • Permansor Terrae,丹恒•腾荒,51.41,4.0.2/histograph.json,trend auxiliary; not a full character usage table
4.0.2,2026-03-06,as,末日幻影,dan-heng-permansor-terrae,Dan Heng • Permansor Terrae,丹恒•腾荒,42.25,4.0.2/histograph.json,trend auxiliary; not a full character usage table
4.0.2,2026-03-06,moc,混沌回忆,dr-ratio,Dr. Ratio,真理医生,0.03,4.0.2/histograph.json,trend auxiliary; not a full character usage table
4.0.2,2026-03-06,pf,虚构叙事,dr-ratio,Dr. Ratio,真理医生,0.0,4.0.2/histograph.json,trend auxiliary; not a full character usage table
4.0.2,2026-03-06,as,末日幻影,dr-ratio,Dr. Ratio,真理医生,0.05,4.0.2/histograph.json,trend auxiliary; not a full character usage table
4.0.2,2026-03-06,moc,混沌回忆,feixiao,Feixiao,飞霄,1.19,4.0.2/histograph.json,trend auxiliary; not a full character usage table
4.0.2,2026-03-06,pf,虚构叙事,feixiao,Feixiao,飞霄,0.14,4.0.2/histograph.json,trend auxiliary; not a full character usage table
4.0.2,2026-03-06,as,末日幻影,feixiao,Feixiao,飞霄,1.55,4.0.2/histograph.json,trend auxiliary; not a full character usage table
4.0.2,2026-03-06,moc,混沌回忆,firefly,Firefly,流萤,23.96,4.0.2/histograph.json,trend auxiliary; not a full character usage table
4.0.2,2026-03-06,pf,虚构叙事,firefly,Firefly,流萤,20.81,4.0.2/histograph.json,trend auxiliary; not a full character usage table
4.0.2,2026-03-06,as,末日幻影,firefly,Firefly,流萤,30.31,4.0.2/histograph.json,trend auxiliary; not a full character usage table
4.0.2,2026-03-06,moc,混沌回忆,fu-xuan,Fu Xuan,符玄,0.84,4.0.2/histograph.json,trend auxiliary; not a full character usage table
4.0.2,2026-03-06,pf,虚构叙事,fu-xuan,Fu Xuan,符玄,1.08,4.0.2/histograph.json,trend auxiliary; not a full character usage table
4.0.2,2026-03-06,as,末日幻影,fu-xuan,Fu Xuan,符玄,0.56,4.0.2/histograph.json,trend auxiliary; not a full character usage table
4.0.2,2026-03-06,moc,混沌回忆,gallagher,Gallagher,加拉赫,6.71,4.0.2/histograph.json,trend auxiliary; not a full character usage table
4.0.2,2026-03-06,pf,虚构叙事,gallagher,Gallagher,加拉赫,8.34,4.0.2/histograph.json,trend auxiliary; not a full character usage table
4.0.2,2026-03-06,as,末日幻影,gallagher,Gallagher,加拉赫,11.48,4.0.2/histograph.json,trend auxiliary; not a full character usage table
4.0.2,2026-03-06,moc,混沌回忆,gepard,Gepard,杰帕德,0.02,4.0.2/histograph.json,trend auxiliary; not a full character usage table
4.0.2,2026-03-06,pf,虚构叙事,gepard,Gepard,杰帕德,0.03,4.0.2/histograph.json,trend auxiliary; not a full character usage table
4.0.2,2026-03-06,as,末日幻影,gepard,Gepard,杰帕德,0.01,4.0.2/histograph.json,trend auxiliary; not a full character usage table
4.0.2,2026-03-06,moc,混沌回忆,guinaifen,Guinaifen,桂乃芬,0.01,4.0.2/histograph.json,trend auxiliary; not a full character usage table
4.0.2,2026-03-06,pf,虚构叙事,guinaifen,Guinaifen,桂乃芬,0.13,4.0.2/histograph.json,trend auxiliary; not a full character usage table
4.0.2,2026-03-06,as,末日幻影,guinaifen,Guinaifen,桂乃芬,0.02,4.0.2/histograph.json,trend auxiliary; not a full character usage table
4.0.2,2026-03-06,moc,混沌回忆,hanya,Hanya,寒鸦,0.04,4.0.2/histograph.json,trend auxiliary; not a full character usage table
4.0.2,2026-03-06,pf,虚构叙事,hanya,Hanya,寒鸦,0.01,4.0.2/histograph.json,trend auxiliary; not a full character usage table
4.0.2,2026-03-06,as,末日幻影,hanya,Hanya,寒鸦,0.01,4.0.2/histograph.json,trend auxiliary; not a full character usage table
4.0.2,2026-03-06,moc,混沌回忆,herta,Herta,黑塔,0.27,4.0.2/histograph.json,trend auxiliary; not a full character usage table
4.0.2,2026-03-06,pf,虚构叙事,herta,Herta,黑塔,11.0,4.0.2/histograph.json,trend auxiliary; not a full character usage table
4.0.2,2026-03-06,as,末日幻影,herta,Herta,黑塔,2.82,4.0.2/histograph.json,trend auxiliary; not a full character usage table
4.0.2,2026-03-06,moc,混沌回忆,himeko,Himeko,姬子,0.05,4.0.2/histograph.json,trend auxiliary; not a full character usage table
4.0.2,2026-03-06,pf,虚构叙事,himeko,Himeko,姬子,2.36,4.0.2/histograph.json,trend auxiliary; not a full character usage table
4.0.2,2026-03-06,as,末日幻影,himeko,Himeko,姬子,0.2,4.0.2/histograph.json,trend auxiliary; not a full character usage table
4.0.2,2026-03-06,moc,混沌回忆,hook,Hook,虎克,0.01,4.0.2/histograph.json,trend auxiliary; not a full character usage table
4.0.2,2026-03-06,pf,虚构叙事,hook,Hook,虎克,0.0,4.0.2/histograph.json,trend auxiliary; not a full character usage table
4.0.2,2026-03-06,as,末日幻影,hook,Hook,虎克,0.01,4.0.2/histograph.json,trend auxiliary; not a full character usage table
4.0.2,2026-03-06,moc,混沌回忆,huohuo,Huohuo,藿藿,5.86,4.0.2/histograph.json,trend auxiliary; not a full character usage table
4.0.2,2026-03-06,pf,虚构叙事,huohuo,Huohuo,藿藿,8.84,4.0.2/histograph.json,trend auxiliary; not a full character usage table
4.0.2,2026-03-06,as,末日幻影,huohuo,Huohuo,藿藿,6.89,4.0.2/histograph.json,trend auxiliary; not a full character usage table
4.0.2,2026-03-06,moc,混沌回忆,hyacine,Hyacine,风堇,58.26,4.0.2/histograph.json,trend auxiliary; not a full character usage table
4.0.2,2026-03-06,pf,虚构叙事,hyacine,Hyacine,风堇,67.16,4.0.2/histograph.json,trend auxiliary; not a full character usage table
4.0.2,2026-03-06,as,末日幻影,hyacine,Hyacine,风堇,67.93,4.0.2/histograph.json,trend auxiliary; not a full character usage table
4.0.2,2026-03-06,moc,混沌回忆,hysilens,Hysilens,海瑟音,17.3,4.0.2/histograph.json,trend auxiliary; not a full character usage table
4.0.2,2026-03-06,pf,虚构叙事,hysilens,Hysilens,海瑟音,20.4,4.0.2/histograph.json,trend auxiliary; not a full character usage table
4.0.2,2026-03-06,as,末日幻影,hysilens,Hysilens,海瑟音,13.55,4.0.2/histograph.json,trend auxiliary; not a full character usage table
4.0.2,2026-03-06,moc,混沌回忆,imbibitor-lunae,Dan Heng • Imbibitor Lunae,丹恒•饮月,0.05,4.0.2/histograph.json,trend auxiliary; not a full character usage table
4.0.2,2026-03-06,pf,虚构叙事,imbibitor-lunae,Dan Heng • Imbibitor Lunae,丹恒•饮月,0.12,4.0.2/histograph.json,trend auxiliary; not a full character usage table
4.0.2,2026-03-06,as,末日幻影,imbibitor-lunae,Dan Heng • Imbibitor Lunae,丹恒•饮月,0.21,4.0.2/histograph.json,trend auxiliary; not a full character usage table
4.0.2,2026-03-06,moc,混沌回忆,jade,Jade,翡翠,0.36,4.0.2/histograph.json,trend auxiliary; not a full character usage table
4.0.2,2026-03-06,pf,虚构叙事,jade,Jade,翡翠,5.04,4.0.2/histograph.json,trend auxiliary; not a full character usage table
4.0.2,2026-03-06,as,末日幻影,jade,Jade,翡翠,2.52,4.0.2/histograph.json,trend auxiliary; not a full character usage table
4.0.2,2026-03-06,moc,混沌回忆,jiaoqiu,Jiaoqiu,椒丘,1.02,4.0.2/histograph.json,trend auxiliary; not a full character usage table
4.0.2,2026-03-06,pf,虚构叙事,jiaoqiu,Jiaoqiu,椒丘,2.79,4.0.2/histograph.json,trend auxiliary; not a full character usage table
4.0.2,2026-03-06,as,末日幻影,jiaoqiu,Jiaoqiu,椒丘,1.47,4.0.2/histograph.json,trend auxiliary; not a full character usage table
4.0.2,2026-03-06,moc,混沌回忆,jing-yuan,Jing Yuan,景元,0.17,4.0.2/histograph.json,trend auxiliary; not a full character usage table
4.0.2,2026-03-06,pf,虚构叙事,jing-yuan,Jing Yuan,景元,0.45,4.0.2/histograph.json,trend auxiliary; not a full character usage table
4.0.2,2026-03-06,as,末日幻影,jing-yuan,Jing Yuan,景元,0.38,4.0.2/histograph.json,trend auxiliary; not a full character usage table
4.0.2,2026-03-06,moc,混沌回忆,jingliu,Jingliu,镜流,0.08,4.0.2/histograph.json,trend auxiliary; not a full character usage table
4.0.2,2026-03-06,pf,虚构叙事,jingliu,Jingliu,镜流,0.17,4.0.2/histograph.json,trend auxiliary; not a full character usage table
4.0.2,2026-03-06,as,末日幻影,jingliu,Jingliu,镜流,0.18,4.0.2/histograph.json,trend auxiliary; not a full character usage table
4.0.2,2026-03-06,moc,混沌回忆,kafka,Kafka,卡芙卡,17.44,4.0.2/histograph.json,trend auxiliary; not a full character usage table
4.0.2,2026-03-06,pf,虚构叙事,kafka,Kafka,卡芙卡,22.39,4.0.2/histograph.json,trend auxiliary; not a full character usage table
4.0.2,2026-03-06,as,末日幻影,kafka,Kafka,卡芙卡,13.89,4.0.2/histograph.json,trend auxiliary; not a full character usage table
4.0.2,2026-03-06,moc,混沌回忆,lingsha,Lingsha,灵砂,14.03,4.0.2/histograph.json,trend auxiliary; not a full character usage table
4.0.2,2026-03-06,pf,虚构叙事,lingsha,Lingsha,灵砂,19.91,4.0.2/histograph.json,trend auxiliary; not a full character usage table
4.0.2,2026-03-06,as,末日幻影,lingsha,Lingsha,灵砂,20.94,4.0.2/histograph.json,trend auxiliary; not a full character usage table
4.0.2,2026-03-06,moc,混沌回忆,luka,Luka,卢卡,0.01,4.0.2/histograph.json,trend auxiliary; not a full character usage table
4.0.2,2026-03-06,pf,虚构叙事,luka,Luka,卢卡,0.0,4.0.2/histograph.json,trend auxiliary; not a full character usage table
4.0.2,2026-03-06,as,末日幻影,luka,Luka,卢卡,0.01,4.0.2/histograph.json,trend auxiliary; not a full character usage table
4.0.2,2026-03-06,moc,混沌回忆,luocha,Luocha,罗刹,1.64,4.0.2/histograph.json,trend auxiliary; not a full character usage table
4.0.2,2026-03-06,pf,虚构叙事,luocha,Luocha,罗刹,2.48,4.0.2/histograph.json,trend auxiliary; not a full character usage table
4.0.2,2026-03-06,as,末日幻影,luocha,Luocha,罗刹,3.55,4.0.2/histograph.json,trend auxiliary; not a full character usage table
4.0.2,2026-03-06,moc,混沌回忆,lynx,Lynx,玲可,0.01,4.0.2/histograph.json,trend auxiliary; not a full character usage table
4.0.2,2026-03-06,pf,虚构叙事,lynx,Lynx,玲可,0.03,4.0.2/histograph.json,trend auxiliary; not a full character usage table
4.0.2,2026-03-06,as,末日幻影,lynx,Lynx,玲可,0.02,4.0.2/histograph.json,trend auxiliary; not a full character usage table
4.0.2,2026-03-06,moc,混沌回忆,march-7th,March 7th,三月七 - 存护,0.0,4.0.2/histograph.json,trend auxiliary; not a full character usage table
4.0.2,2026-03-06,pf,虚构叙事,march-7th,March 7th,三月七 - 存护,0.01,4.0.2/histograph.json,trend auxiliary; not a full character usage table
4.0.2,2026-03-06,as,末日幻影,march-7th,March 7th,三月七 - 存护,0.0,4.0.2/histograph.json,trend auxiliary; not a full character usage table
4.0.2,2026-03-06,moc,混沌回忆,march-7th-swordmaster,March 7th: The Hunt,三月七•巡猎,0.07,4.0.2/histograph.json,trend auxiliary; not a full character usage table
4.0.2,2026-03-06,pf,虚构叙事,march-7th-swordmaster,March 7th: The Hunt,三月七•巡猎,0.02,4.0.2/histograph.json,trend auxiliary; not a full character usage table
4.0.2,2026-03-06,as,末日幻影,march-7th-swordmaster,March 7th: The Hunt,三月七•巡猎,0.65,4.0.2/histograph.json,trend auxiliary; not a full character usage table
4.0.2,2026-03-06,moc,混沌回忆,misha,Misha,米沙,0.0,4.0.2/histograph.json,trend auxiliary; not a full character usage table
4.0.2,2026-03-06,pf,虚构叙事,misha,Misha,米沙,0.0,4.0.2/histograph.json,trend auxiliary; not a full character usage table
4.0.2,2026-03-06,as,末日幻影,misha,Misha,米沙,0.0,4.0.2/histograph.json,trend auxiliary; not a full character usage table
4.0.2,2026-03-06,moc,混沌回忆,moze,Moze,貊泽,0.06,4.0.2/histograph.json,trend auxiliary; not a full character usage table
4.0.2,2026-03-06,pf,虚构叙事,moze,Moze,貊泽,0.0,4.0.2/histograph.json,trend auxiliary; not a full character usage table
4.0.2,2026-03-06,as,末日幻影,moze,Moze,貊泽,0.05,4.0.2/histograph.json,trend auxiliary; not a full character usage table
4.0.2,2026-03-06,moc,混沌回忆,mydei,Mydei,万敌,1.64,4.0.2/histograph.json,trend auxiliary; not a full character usage table
4.0.2,2026-03-06,pf,虚构叙事,mydei,Mydei,万敌,1.93,4.0.2/histograph.json,trend auxiliary; not a full character usage table
4.0.2,2026-03-06,as,末日幻影,mydei,Mydei,万敌,2.9,4.0.2/histograph.json,trend auxiliary; not a full character usage table
4.0.2,2026-03-06,moc,混沌回忆,natasha,Natasha,娜塔莎,0.01,4.0.2/histograph.json,trend auxiliary; not a full character usage table
4.0.2,2026-03-06,pf,虚构叙事,natasha,Natasha,娜塔莎,0.01,4.0.2/histograph.json,trend auxiliary; not a full character usage table
4.0.2,2026-03-06,as,末日幻影,natasha,Natasha,娜塔莎,0.01,4.0.2/histograph.json,trend auxiliary; not a full character usage table
4.0.2,2026-03-06,moc,混沌回忆,pela,Pela,佩拉,0.06,4.0.2/histograph.json,trend auxiliary; not a full character usage table
4.0.2,2026-03-06,pf,虚构叙事,pela,Pela,佩拉,0.23,4.0.2/histograph.json,trend auxiliary; not a full character usage table
4.0.2,2026-03-06,as,末日幻影,pela,Pela,佩拉,0.16,4.0.2/histograph.json,trend auxiliary; not a full character usage table
4.0.2,2026-03-06,moc,混沌回忆,phainon,Phainon,白厄,25.53,4.0.2/histograph.json,trend auxiliary; not a full character usage table
4.0.2,2026-03-06,pf,虚构叙事,phainon,Phainon,白厄,20.39,4.0.2/histograph.json,trend auxiliary; not a full character usage table
4.0.2,2026-03-06,as,末日幻影,phainon,Phainon,白厄,23.22,4.0.2/histograph.json,trend auxiliary; not a full character usage table
4.0.2,2026-03-06,moc,混沌回忆,qingque,Qingque,青雀,0.03,4.0.2/histograph.json,trend auxiliary; not a full character usage table
4.0.2,2026-03-06,pf,虚构叙事,qingque,Qingque,青雀,0.04,4.0.2/histograph.json,trend auxiliary; not a full character usage table
4.0.2,2026-03-06,as,末日幻影,qingque,Qingque,青雀,0.01,4.0.2/histograph.json,trend auxiliary; not a full character usage table
4.0.2,2026-03-06,moc,混沌回忆,rappa,Rappa,乱破,0.69,4.0.2/histograph.json,trend auxiliary; not a full character usage table
4.0.2,2026-03-06,pf,虚构叙事,rappa,Rappa,乱破,2.51,4.0.2/histograph.json,trend auxiliary; not a full character usage table
4.0.2,2026-03-06,as,末日幻影,rappa,Rappa,乱破,3.84,4.0.2/histograph.json,trend auxiliary; not a full character usage table
4.0.2,2026-03-06,moc,混沌回忆,robin,Robin,知更鸟,6.95,4.0.2/histograph.json,trend auxiliary; not a full character usage table
4.0.2,2026-03-06,pf,虚构叙事,robin,Robin,知更鸟,7.63,4.0.2/histograph.json,trend auxiliary; not a full character usage table
4.0.2,2026-03-06,as,末日幻影,robin,Robin,知更鸟,7.91,4.0.2/histograph.json,trend auxiliary; not a full character usage table
4.0.2,2026-03-06,moc,混沌回忆,ruan-mei,Ruan Mei,阮•梅,10.16,4.0.2/histograph.json,trend auxiliary; not a full character usage table
4.0.2,2026-03-06,pf,虚构叙事,ruan-mei,Ruan Mei,阮•梅,15.13,4.0.2/histograph.json,trend auxiliary; not a full character usage table
4.0.2,2026-03-06,as,末日幻影,ruan-mei,Ruan Mei,阮•梅,25.6,4.0.2/histograph.json,trend auxiliary; not a full character usage table
4.0.2,2026-03-06,moc,混沌回忆,saber,Saber,Saber,2.24,4.0.2/histograph.json,trend auxiliary; not a full character usage table
4.0.2,2026-03-06,pf,虚构叙事,saber,Saber,Saber,1.43,4.0.2/histograph.json,trend auxiliary; not a full character usage table
4.0.2,2026-03-06,as,末日幻影,saber,Saber,Saber,4.08,4.0.2/histograph.json,trend auxiliary; not a full character usage table
4.0.2,2026-03-06,moc,混沌回忆,sampo,Sampo,桑博,0.0,4.0.2/histograph.json,trend auxiliary; not a full character usage table
4.0.2,2026-03-06,pf,虚构叙事,sampo,Sampo,桑博,0.08,4.0.2/histograph.json,trend auxiliary; not a full character usage table
4.0.2,2026-03-06,as,末日幻影,sampo,Sampo,桑博,0.02,4.0.2/histograph.json,trend auxiliary; not a full character usage table
4.0.2,2026-03-06,moc,混沌回忆,seele,Seele,希儿,0.02,4.0.2/histograph.json,trend auxiliary; not a full character usage table
4.0.2,2026-03-06,pf,虚构叙事,seele,Seele,希儿,0.03,4.0.2/histograph.json,trend auxiliary; not a full character usage table
4.0.2,2026-03-06,as,末日幻影,seele,Seele,希儿,0.0,4.0.2/histograph.json,trend auxiliary; not a full character usage table
4.0.2,2026-03-06,moc,混沌回忆,serval,Serval,希露瓦,0.11,4.0.2/histograph.json,trend auxiliary; not a full character usage table
4.0.2,2026-03-06,pf,虚构叙事,serval,Serval,希露瓦,0.33,4.0.2/histograph.json,trend auxiliary; not a full character usage table
4.0.2,2026-03-06,as,末日幻影,serval,Serval,希露瓦,0.58,4.0.2/histograph.json,trend auxiliary; not a full character usage table
4.0.2,2026-03-06,moc,混沌回忆,silver-wolf,Silver Wolf,银狼,3.45,4.0.2/histograph.json,trend auxiliary; not a full character usage table
4.0.2,2026-03-06,pf,虚构叙事,silver-wolf,Silver Wolf,银狼,1.34,4.0.2/histograph.json,trend auxiliary; not a full character usage table
4.0.2,2026-03-06,as,末日幻影,silver-wolf,Silver Wolf,银狼,3.02,4.0.2/histograph.json,trend auxiliary; not a full character usage table
4.0.2,2026-03-06,moc,混沌回忆,anaxa,Anaxa,那刻夏,4.68,4.0.2/histograph.json,trend auxiliary; not a full character usage table
4.0.2,2026-03-06,pf,虚构叙事,anaxa,Anaxa,那刻夏,4.2,4.0.2/histograph.json,trend auxiliary; not a full character usage table
4.0.2,2026-03-06,as,末日幻影,anaxa,Anaxa,那刻夏,6.92,4.0.2/histograph.json,trend auxiliary; not a full character usage table
4.0.2,2026-03-06,moc,混沌回忆,argenti,Argenti,银枝,0.0,4.0.2/histograph.json,trend auxiliary; not a full character usage table
4.0.2,2026-03-06,pf,虚构叙事,argenti,Argenti,银枝,0.3,4.0.2/histograph.json,trend auxiliary; not a full character usage table
4.0.2,2026-03-06,as,末日幻影,argenti,Argenti,银枝,0.02,4.0.2/histograph.json,trend auxiliary; not a full character usage table
4.0.2,2026-03-06,moc,混沌回忆,blade,Blade,刃,0.26,4.0.2/histograph.json,trend auxiliary; not a full character usage table
4.0.2,2026-03-06,pf,虚构叙事,blade,Blade,刃,0.24,4.0.2/histograph.json,trend auxiliary; not a full character usage table
4.0.2,2026-03-06,as,末日幻影,blade,Blade,刃,0.36,4.0.2/histograph.json,trend auxiliary; not a full character usage table
4.0.2,2026-03-06,moc,混沌回忆,march-7th-evernight,Evernight,长夜月,3.24,4.0.2/histograph.json,trend auxiliary; not a full character usage table
4.0.2,2026-03-06,pf,虚构叙事,march-7th-evernight,Evernight,长夜月,5.93,4.0.2/histograph.json,trend auxiliary; not a full character usage table
4.0.2,2026-03-06,as,末日幻影,march-7th-evernight,Evernight,长夜月,5.22,4.0.2/histograph.json,trend auxiliary; not a full character usage table
4.0.2,2026-03-06,moc,混沌回忆,sparkle,Sparkle,花火,22.52,4.0.2/histograph.json,trend auxiliary; not a full character usage table
4.0.2,2026-03-06,pf,虚构叙事,sparkle,Sparkle,花火,8.46,4.0.2/histograph.json,trend auxiliary; not a full character usage table
4.0.2,2026-03-06,as,末日幻影,sparkle,Sparkle,花火,4.85,4.0.2/histograph.json,trend auxiliary; not a full character usage table
4.0.2,2026-03-06,moc,混沌回忆,sparxie,Sparxie,火花,11.82,4.0.2/histograph.json,trend auxiliary; not a full character usage table
4.0.2,2026-03-06,pf,虚构叙事,sparxie,Sparxie,火花,3.36,4.0.2/histograph.json,trend auxiliary; not a full character usage table
4.0.2,2026-03-06,as,末日幻影,sparxie,Sparxie,火花,0.88,4.0.2/histograph.json,trend auxiliary; not a full character usage table
4.0.2,2026-03-06,moc,混沌回忆,sunday,Sunday,星期日,27.31,4.0.2/histograph.json,trend auxiliary; not a full character usage table
4.0.2,2026-03-06,pf,虚构叙事,sunday,Sunday,星期日,23.88,4.0.2/histograph.json,trend auxiliary; not a full character usage table
4.0.2,2026-03-06,as,末日幻影,sunday,Sunday,星期日,29.94,4.0.2/histograph.json,trend auxiliary; not a full character usage table
4.0.2,2026-03-06,moc,混沌回忆,anaxa,Anaxa,那刻夏,3.2,4.0.2/histograph.json,trend auxiliary; not a full character usage table
4.0.2,2026-03-06,pf,虚构叙事,anaxa,Anaxa,那刻夏,8.83,4.0.2/histograph.json,trend auxiliary; not a full character usage table
4.0.2,2026-03-06,as,末日幻影,anaxa,Anaxa,那刻夏,8.61,4.0.2/histograph.json,trend auxiliary; not a full character usage table
4.0.2,2026-03-06,moc,混沌回忆,argenti,Argenti,银枝,0.02,4.0.2/histograph.json,trend auxiliary; not a full character usage table
4.0.2,2026-03-06,pf,虚构叙事,argenti,Argenti,银枝,0.33,4.0.2/histograph.json,trend auxiliary; not a full character usage table
4.0.2,2026-03-06,as,末日幻影,argenti,Argenti,银枝,0.27,4.0.2/histograph.json,trend auxiliary; not a full character usage table
4.0.2,2026-03-06,moc,混沌回忆,blade,Blade,刃,0.08,4.0.2/histograph.json,trend auxiliary; not a full character usage table
4.0.2,2026-03-06,pf,虚构叙事,blade,Blade,刃,0.22,4.0.2/histograph.json,trend auxiliary; not a full character usage table
4.0.2,2026-03-06,as,末日幻影,blade,Blade,刃,0.17,4.0.2/histograph.json,trend auxiliary; not a full character usage table
4.0.2,2026-03-06,moc,混沌回忆,march-7th-evernight,Evernight,长夜月,42.45,4.0.2/histograph.json,trend auxiliary; not a full character usage table
4.0.2,2026-03-06,pf,虚构叙事,march-7th-evernight,Evernight,长夜月,46.01,4.0.2/histograph.json,trend auxiliary; not a full character usage table
4.0.2,2026-03-06,as,末日幻影,march-7th-evernight,Evernight,长夜月,47.78,4.0.2/histograph.json,trend auxiliary; not a full character usage table
4.0.2,2026-03-06,moc,混沌回忆,sushang,Sushang,素裳,0.0,4.0.2/histograph.json,trend auxiliary; not a full character usage table
4.0.2,2026-03-06,pf,虚构叙事,sushang,Sushang,素裳,0.0,4.0.2/histograph.json,trend auxiliary; not a full character usage table
4.0.2,2026-03-06,as,末日幻影,sushang,Sushang,素裳,0.02,4.0.2/histograph.json,trend auxiliary; not a full character usage table
4.0.2,2026-03-06,moc,混沌回忆,the-dahlia,The Dahlia,大丽花,24.95,4.0.2/histograph.json,trend auxiliary; not a full character usage table
4.0.2,2026-03-06,pf,虚构叙事,the-dahlia,The Dahlia,大丽花,22.76,4.0.2/histograph.json,trend auxiliary; not a full character usage table
4.0.2,2026-03-06,as,末日幻影,the-dahlia,The Dahlia,大丽花,40.72,4.0.2/histograph.json,trend auxiliary; not a full character usage table
4.0.2,2026-03-06,moc,混沌回忆,the-herta,The Herta,大黑塔,3.9,4.0.2/histograph.json,trend auxiliary; not a full character usage table
4.0.2,2026-03-06,pf,虚构叙事,the-herta,The Herta,大黑塔,24.24,4.0.2/histograph.json,trend auxiliary; not a full character usage table
4.0.2,2026-03-06,as,末日幻影,the-herta,The Herta,大黑塔,14.76,4.0.2/histograph.json,trend auxiliary; not a full character usage table
4.0.2,2026-03-06,moc,混沌回忆,tingyun,Tingyun,停云,0.33,4.0.2/histograph.json,trend auxiliary; not a full character usage table
4.0.2,2026-03-06,pf,虚构叙事,tingyun,Tingyun,停云,0.36,4.0.2/histograph.json,trend auxiliary; not a full character usage table
4.0.2,2026-03-06,as,末日幻影,tingyun,Tingyun,停云,0.44,4.0.2/histograph.json,trend auxiliary; not a full character usage table
4.0.2,2026-03-06,moc,混沌回忆,tingyun-fugue,Fugue,忘归人,22.06,4.0.2/histograph.json,trend auxiliary; not a full character usage table
4.0.2,2026-03-06,pf,虚构叙事,tingyun-fugue,Fugue,忘归人,22.62,4.0.2/histograph.json,trend auxiliary; not a full character usage table
4.0.2,2026-03-06,as,末日幻影,tingyun-fugue,Fugue,忘归人,30.55,4.0.2/histograph.json,trend auxiliary; not a full character usage table
4.0.2,2026-03-06,moc,混沌回忆,topaz,Topaz & Numby,托帕&账账,0.35,4.0.2/histograph.json,trend auxiliary; not a full character usage table
4.0.2,2026-03-06,pf,虚构叙事,topaz,Topaz & Numby,托帕&账账,0.04,4.0.2/histograph.json,trend auxiliary; not a full character usage table
4.0.2,2026-03-06,as,末日幻影,topaz,Topaz & Numby,托帕&账账,0.46,4.0.2/histograph.json,trend auxiliary; not a full character usage table
4.0.2,2026-03-06,moc,混沌回忆,trailblazer-destruction,Trailblazer - The Destruction,开拓者 - 毁灭,0.01,4.0.2/histograph.json,trend auxiliary; not a full character usage table
4.0.2,2026-03-06,pf,虚构叙事,trailblazer-destruction,Trailblazer - The Destruction,开拓者 - 毁灭,0.0,4.0.2/histograph.json,trend auxiliary; not a full character usage table
4.0.2,2026-03-06,as,末日幻影,trailblazer-destruction,Trailblazer - The Destruction,开拓者 - 毁灭,0.0,4.0.2/histograph.json,trend auxiliary; not a full character usage table
4.0.2,2026-03-06,moc,混沌回忆,trailblazer-harmony,Trailblazer - The Harmony,开拓者 - 同谐,7.51,4.0.2/histograph.json,trend auxiliary; not a full character usage table
4.0.2,2026-03-06,pf,虚构叙事,trailblazer-harmony,Trailblazer - The Harmony,开拓者 - 同谐,6.59,4.0.2/histograph.json,trend auxiliary; not a full character usage table
4.0.2,2026-03-06,as,末日幻影,trailblazer-harmony,Trailblazer - The Harmony,开拓者 - 同谐,11.67,4.0.2/histograph.json,trend auxiliary; not a full character usage table
4.0.2,2026-03-06,moc,混沌回忆,trailblazer-preservation,Trailblazer - The Preservation,开拓者 - 存护,0.0,4.0.2/histograph.json,trend auxiliary; not a full character usage table
4.0.2,2026-03-06,pf,虚构叙事,trailblazer-preservation,Trailblazer - The Preservation,开拓者 - 存护,0.0,4.0.2/histograph.json,trend auxiliary; not a full character usage table
4.0.2,2026-03-06,as,末日幻影,trailblazer-preservation,Trailblazer - The Preservation,开拓者 - 存护,0.0,4.0.2/histograph.json,trend auxiliary; not a full character usage table
4.0.2,2026-03-06,moc,混沌回忆,trailblazer-remembrance,Trailblazer - Remembrance,开拓者•记忆,20.9,4.0.2/histograph.json,trend auxiliary; not a full character usage table
4.0.2,2026-03-06,pf,虚构叙事,trailblazer-remembrance,Trailblazer - Remembrance,开拓者•记忆,29.51,4.0.2/histograph.json,trend auxiliary; not a full character usage table
4.0.2,2026-03-06,as,末日幻影,trailblazer-remembrance,Trailblazer - Remembrance,开拓者•记忆,30.12,4.0.2/histograph.json,trend auxiliary; not a full character usage table
4.0.2,2026-03-06,moc,混沌回忆,tribbie,Tribbie,缇宝,29.51,4.0.2/histograph.json,trend auxiliary; not a full character usage table
4.0.2,2026-03-06,pf,虚构叙事,tribbie,Tribbie,缇宝,44.12,4.0.2/histograph.json,trend auxiliary; not a full character usage table
4.0.2,2026-03-06,as,末日幻影,tribbie,Tribbie,缇宝,38.01,4.0.2/histograph.json,trend auxiliary; not a full character usage table
4.0.2,2026-03-06,moc,混沌回忆,welt,Welt,瓦尔特,0.01,4.0.2/histograph.json,trend auxiliary; not a full character usage table
4.0.2,2026-03-06,pf,虚构叙事,welt,Welt,瓦尔特,0.01,4.0.2/histograph.json,trend auxiliary; not a full character usage table
4.0.2,2026-03-06,as,末日幻影,welt,Welt,瓦尔特,0.01,4.0.2/histograph.json,trend auxiliary; not a full character usage table
4.0.2,2026-03-06,moc,混沌回忆,xueyi,Xueyi,雪衣,0.05,4.0.2/histograph.json,trend auxiliary; not a full character usage table
4.0.2,2026-03-06,pf,虚构叙事,xueyi,Xueyi,雪衣,0.03,4.0.2/histograph.json,trend auxiliary; not a full character usage table
4.0.2,2026-03-06,as,末日幻影,xueyi,Xueyi,雪衣,0.03,4.0.2/histograph.json,trend auxiliary; not a full character usage table
4.0.2,2026-03-06,moc,混沌回忆,yanqing,Yanqing,彦卿,0.01,4.0.2/histograph.json,trend auxiliary; not a full character usage table
4.0.2,2026-03-06,pf,虚构叙事,yanqing,Yanqing,彦卿,0.0,4.0.2/histograph.json,trend auxiliary; not a full character usage table
4.0.2,2026-03-06,as,末日幻影,yanqing,Yanqing,彦卿,0.0,4.0.2/histograph.json,trend auxiliary; not a full character usage table
4.0.2,2026-03-06,moc,混沌回忆,yao-guang,Yao Guang,爻光,13.13,4.0.2/histograph.json,trend auxiliary; not a full character usage table
4.0.2,2026-03-06,pf,虚构叙事,yao-guang,Yao Guang,爻光,17.3,4.0.2/histograph.json,trend auxiliary; not a full character usage table
4.0.2,2026-03-06,as,末日幻影,yao-guang,Yao Guang,爻光,1.5,4.0.2/histograph.json,trend auxiliary; not a full character usage table
4.0.2,2026-03-06,moc,混沌回忆,yukong,Yukong,驭空,0.02,4.0.2/histograph.json,trend auxiliary; not a full character usage table
4.0.2,2026-03-06,pf,虚构叙事,yukong,Yukong,驭空,0.01,4.0.2/histograph.json,trend auxiliary; not a full character usage table
4.0.2,2026-03-06,as,末日幻影,yukong,Yukong,驭空,0.01,4.0.2/histograph.json,trend auxiliary; not a full character usage table
4.0.2,2026-03-06,moc,混沌回忆,yunli,Yunli,云璃,0.62,4.0.2/histograph.json,trend auxiliary; not a full character usage table
4.0.2,2026-03-06,pf,虚构叙事,yunli,Yunli,云璃,0.44,4.0.2/histograph.json,trend auxiliary; not a full character usage table
4.0.2,2026-03-06,as,末日幻影,yunli,Yunli,云璃,0.15,4.0.2/histograph.json,trend auxiliary; not a full character usage table
4.1.1,2026-04-03,moc,混沌回忆,acheron,Acheron,黄泉,1.75,4.1.1/histograph.json,trend auxiliary; not a full character usage table
4.1.1,2026-04-03,pf,虚构叙事,acheron,Acheron,黄泉,2.0,4.1.1/histograph.json,trend auxiliary; not a full character usage table
4.1.1,2026-04-03,as,末日幻影,acheron,Acheron,黄泉,2.41,4.1.1/histograph.json,trend auxiliary; not a full character usage table
4.1.1,2026-04-03,moc,混沌回忆,aglaea,Aglaea,阿格莱雅,2.17,4.1.1/histograph.json,trend auxiliary; not a full character usage table
4.1.1,2026-04-03,pf,虚构叙事,aglaea,Aglaea,阿格莱雅,1.34,4.1.1/histograph.json,trend auxiliary; not a full character usage table
4.1.1,2026-04-03,as,末日幻影,aglaea,Aglaea,阿格莱雅,2.43,4.1.1/histograph.json,trend auxiliary; not a full character usage table
4.1.1,2026-04-03,moc,混沌回忆,archer,Archer,Archer,15.46,4.1.1/histograph.json,trend auxiliary; not a full character usage table
4.1.1,2026-04-03,pf,虚构叙事,archer,Archer,Archer,4.3,4.1.1/histograph.json,trend auxiliary; not a full character usage table
4.1.1,2026-04-03,as,末日幻影,archer,Archer,Archer,11.11,4.1.1/histograph.json,trend auxiliary; not a full character usage table
4.1.1,2026-04-03,moc,混沌回忆,arlan,Arlan,阿兰,0.01,4.1.1/histograph.json,trend auxiliary; not a full character usage table
4.1.1,2026-04-03,pf,虚构叙事,arlan,Arlan,阿兰,0.0,4.1.1/histograph.json,trend auxiliary; not a full character usage table
4.1.1,2026-04-03,as,末日幻影,arlan,Arlan,阿兰,0.0,4.1.1/histograph.json,trend auxiliary; not a full character usage table
4.1.1,2026-04-03,moc,混沌回忆,asta,Asta,艾丝妲,0.02,4.1.1/histograph.json,trend auxiliary; not a full character usage table
4.1.1,2026-04-03,pf,虚构叙事,asta,Asta,艾丝妲,0.04,4.1.1/histograph.json,trend auxiliary; not a full character usage table
4.1.1,2026-04-03,as,末日幻影,asta,Asta,艾丝妲,0.01,4.1.1/histograph.json,trend auxiliary; not a full character usage table
4.1.1,2026-04-03,moc,混沌回忆,aventurine,Aventurine,砂金,4.25,4.1.1/histograph.json,trend auxiliary; not a full character usage table
4.1.1,2026-04-03,pf,虚构叙事,aventurine,Aventurine,砂金,4.51,4.1.1/histograph.json,trend auxiliary; not a full character usage table
4.1.1,2026-04-03,as,末日幻影,aventurine,Aventurine,砂金,5.11,4.1.1/histograph.json,trend auxiliary; not a full character usage table
4.1.1,2026-04-03,moc,混沌回忆,bailu,Bailu,白露,0.11,4.1.1/histograph.json,trend auxiliary; not a full character usage table
4.1.1,2026-04-03,pf,虚构叙事,bailu,Bailu,白露,0.09,4.1.1/histograph.json,trend auxiliary; not a full character usage table
4.1.1,2026-04-03,as,末日幻影,bailu,Bailu,白露,0.12,4.1.1/histograph.json,trend auxiliary; not a full character usage table
4.1.1,2026-04-03,moc,混沌回忆,black-swan,Black Swan,黑天鹅,14.45,4.1.1/histograph.json,trend auxiliary; not a full character usage table
4.1.1,2026-04-03,pf,虚构叙事,black-swan,Black Swan,黑天鹅,18.48,4.1.1/histograph.json,trend auxiliary; not a full character usage table
4.1.1,2026-04-03,as,末日幻影,black-swan,Black Swan,黑天鹅,14.73,4.1.1/histograph.json,trend auxiliary; not a full character usage table
4.1.1,2026-04-03,moc,混沌回忆,boothill,Boothill,波提欧,0.75,4.1.1/histograph.json,trend auxiliary; not a full character usage table
4.1.1,2026-04-03,pf,虚构叙事,boothill,Boothill,波提欧,0.12,4.1.1/histograph.json,trend auxiliary; not a full character usage table
4.1.1,2026-04-03,as,末日幻影,boothill,Boothill,波提欧,1.41,4.1.1/histograph.json,trend auxiliary; not a full character usage table
4.1.1,2026-04-03,moc,混沌回忆,bronya,Bronya,布洛妮娅,6.24,4.1.1/histograph.json,trend auxiliary; not a full character usage table
4.1.1,2026-04-03,pf,虚构叙事,bronya,Bronya,布洛妮娅,4.47,4.1.1/histograph.json,trend auxiliary; not a full character usage table
4.1.1,2026-04-03,as,末日幻影,bronya,Bronya,布洛妮娅,5.46,4.1.1/histograph.json,trend auxiliary; not a full character usage table
4.1.1,2026-04-03,moc,混沌回忆,castorice,Castorice,遐蝶,51.2,4.1.1/histograph.json,trend auxiliary; not a full character usage table
4.1.1,2026-04-03,pf,虚构叙事,castorice,Castorice,遐蝶,52.76,4.1.1/histograph.json,trend auxiliary; not a full character usage table
4.1.1,2026-04-03,as,末日幻影,castorice,Castorice,遐蝶,49.99,4.1.1/histograph.json,trend auxiliary; not a full character usage table
4.1.1,2026-04-03,moc,混沌回忆,cerydra,Cerydra,刻律德菈,18.93,4.1.1/histograph.json,trend auxiliary; not a full character usage table
4.1.1,2026-04-03,pf,虚构叙事,cerydra,Cerydra,刻律德菈,14.96,4.1.1/histograph.json,trend auxiliary; not a full character usage table
4.1.1,2026-04-03,as,末日幻影,cerydra,Cerydra,刻律德菈,16.67,4.1.1/histograph.json,trend auxiliary; not a full character usage table
4.1.1,2026-04-03,moc,混沌回忆,cipher,Cipher,赛飞儿,4.15,4.1.1/histograph.json,trend auxiliary; not a full character usage table
4.1.1,2026-04-03,pf,虚构叙事,cipher,Cipher,赛飞儿,1.68,4.1.1/histograph.json,trend auxiliary; not a full character usage table
4.1.1,2026-04-03,as,末日幻影,cipher,Cipher,赛飞儿,2.22,4.1.1/histograph.json,trend auxiliary; not a full character usage table
4.1.1,2026-04-03,moc,混沌回忆,clara,Clara,克拉拉,0.26,4.1.1/histograph.json,trend auxiliary; not a full character usage table
4.1.1,2026-04-03,pf,虚构叙事,clara,Clara,克拉拉,0.22,4.1.1/histograph.json,trend auxiliary; not a full character usage table
4.1.1,2026-04-03,as,末日幻影,clara,Clara,克拉拉,0.02,4.1.1/histograph.json,trend auxiliary; not a full character usage table
4.1.1,2026-04-03,moc,混沌回忆,cyrene,Cyrene,昔涟,49.15,4.1.1/histograph.json,trend auxiliary; not a full character usage table
4.1.1,2026-04-03,pf,虚构叙事,cyrene,Cyrene,昔涟,50.67,4.1.1/histograph.json,trend auxiliary; not a full character usage table
4.1.1,2026-04-03,as,末日幻影,cyrene,Cyrene,昔涟,46.68,4.1.1/histograph.json,trend auxiliary; not a full character usage table
4.1.1,2026-04-03,moc,混沌回忆,dan-heng,Dan Heng,丹恒,0.0,4.1.1/histograph.json,trend auxiliary; not a full character usage table
4.1.1,2026-04-03,pf,虚构叙事,dan-heng,Dan Heng,丹恒,0.01,4.1.1/histograph.json,trend auxiliary; not a full character usage table
4.1.1,2026-04-03,as,末日幻影,dan-heng,Dan Heng,丹恒,0.01,4.1.1/histograph.json,trend auxiliary; not a full character usage table
4.1.1,2026-04-03,moc,混沌回忆,dan-heng-permansor-terrae,Dan Heng • Permansor Terrae,丹恒•腾荒,55.79,4.1.1/histograph.json,trend auxiliary; not a full character usage table
4.1.1,2026-04-03,pf,虚构叙事,dan-heng-permansor-terrae,Dan Heng • Permansor Terrae,丹恒•腾荒,55.21,4.1.1/histograph.json,trend auxiliary; not a full character usage table
4.1.1,2026-04-03,as,末日幻影,dan-heng-permansor-terrae,Dan Heng • Permansor Terrae,丹恒•腾荒,52.27,4.1.1/histograph.json,trend auxiliary; not a full character usage table
4.1.1,2026-04-03,moc,混沌回忆,dr-ratio,Dr. Ratio,真理医生,0.03,4.1.1/histograph.json,trend auxiliary; not a full character usage table
4.1.1,2026-04-03,pf,虚构叙事,dr-ratio,Dr. Ratio,真理医生,0.0,4.1.1/histograph.json,trend auxiliary; not a full character usage table
4.1.1,2026-04-03,as,末日幻影,dr-ratio,Dr. Ratio,真理医生,0.02,4.1.1/histograph.json,trend auxiliary; not a full character usage table
4.1.1,2026-04-03,moc,混沌回忆,feixiao,Feixiao,飞霄,1.25,4.1.1/histograph.json,trend auxiliary; not a full character usage table
4.1.1,2026-04-03,pf,虚构叙事,feixiao,Feixiao,飞霄,0.31,4.1.1/histograph.json,trend auxiliary; not a full character usage table
4.1.1,2026-04-03,as,末日幻影,feixiao,Feixiao,飞霄,1.02,4.1.1/histograph.json,trend auxiliary; not a full character usage table
4.1.1,2026-04-03,moc,混沌回忆,firefly,Firefly,流萤,23.44,4.1.1/histograph.json,trend auxiliary; not a full character usage table
4.1.1,2026-04-03,pf,虚构叙事,firefly,Firefly,流萤,22.27,4.1.1/histograph.json,trend auxiliary; not a full character usage table
4.1.1,2026-04-03,as,末日幻影,firefly,Firefly,流萤,26.82,4.1.1/histograph.json,trend auxiliary; not a full character usage table
4.1.1,2026-04-03,moc,混沌回忆,fu-xuan,Fu Xuan,符玄,0.95,4.1.1/histograph.json,trend auxiliary; not a full character usage table
4.1.1,2026-04-03,pf,虚构叙事,fu-xuan,Fu Xuan,符玄,1.15,4.1.1/histograph.json,trend auxiliary; not a full character usage table
4.1.1,2026-04-03,as,末日幻影,fu-xuan,Fu Xuan,符玄,1.26,4.1.1/histograph.json,trend auxiliary; not a full character usage table
4.1.1,2026-04-03,moc,混沌回忆,gallagher,Gallagher,加拉赫,6.76,4.1.1/histograph.json,trend auxiliary; not a full character usage table
4.1.1,2026-04-03,pf,虚构叙事,gallagher,Gallagher,加拉赫,7.21,4.1.1/histograph.json,trend auxiliary; not a full character usage table
4.1.1,2026-04-03,as,末日幻影,gallagher,Gallagher,加拉赫,9.18,4.1.1/histograph.json,trend auxiliary; not a full character usage table
4.1.1,2026-04-03,moc,混沌回忆,gepard,Gepard,杰帕德,0.02,4.1.1/histograph.json,trend auxiliary; not a full character usage table
4.1.1,2026-04-03,pf,虚构叙事,gepard,Gepard,杰帕德,0.01,4.1.1/histograph.json,trend auxiliary; not a full character usage table
4.1.1,2026-04-03,as,末日幻影,gepard,Gepard,杰帕德,0.01,4.1.1/histograph.json,trend auxiliary; not a full character usage table
4.1.1,2026-04-03,moc,混沌回忆,guinaifen,Guinaifen,桂乃芬,0.01,4.1.1/histograph.json,trend auxiliary; not a full character usage table
4.1.1,2026-04-03,pf,虚构叙事,guinaifen,Guinaifen,桂乃芬,0.01,4.1.1/histograph.json,trend auxiliary; not a full character usage table
4.1.1,2026-04-03,as,末日幻影,guinaifen,Guinaifen,桂乃芬,0.02,4.1.1/histograph.json,trend auxiliary; not a full character usage table
4.1.1,2026-04-03,moc,混沌回忆,hanya,Hanya,寒鸦,0.05,4.1.1/histograph.json,trend auxiliary; not a full character usage table
4.1.1,2026-04-03,pf,虚构叙事,hanya,Hanya,寒鸦,0.01,4.1.1/histograph.json,trend auxiliary; not a full character usage table
4.1.1,2026-04-03,as,末日幻影,hanya,Hanya,寒鸦,0.02,4.1.1/histograph.json,trend auxiliary; not a full character usage table
4.1.1,2026-04-03,moc,混沌回忆,herta,Herta,黑塔,0.26,4.1.1/histograph.json,trend auxiliary; not a full character usage table
4.1.1,2026-04-03,pf,虚构叙事,herta,Herta,黑塔,9.52,4.1.1/histograph.json,trend auxiliary; not a full character usage table
4.1.1,2026-04-03,as,末日幻影,herta,Herta,黑塔,2.83,4.1.1/histograph.json,trend auxiliary; not a full character usage table
4.1.1,2026-04-03,moc,混沌回忆,himeko,Himeko,姬子,0.06,4.1.1/histograph.json,trend auxiliary; not a full character usage table
4.1.1,2026-04-03,pf,虚构叙事,himeko,Himeko,姬子,2.26,4.1.1/histograph.json,trend auxiliary; not a full character usage table
4.1.1,2026-04-03,as,末日幻影,himeko,Himeko,姬子,0.18,4.1.1/histograph.json,trend auxiliary; not a full character usage table
4.1.1,2026-04-03,moc,混沌回忆,hook,Hook,虎克,0.01,4.1.1/histograph.json,trend auxiliary; not a full character usage table
4.1.1,2026-04-03,pf,虚构叙事,hook,Hook,虎克,0.0,4.1.1/histograph.json,trend auxiliary; not a full character usage table
4.1.1,2026-04-03,as,末日幻影,hook,Hook,虎克,0.01,4.1.1/histograph.json,trend auxiliary; not a full character usage table
4.1.1,2026-04-03,moc,混沌回忆,huohuo,Huohuo,藿藿,6.16,4.1.1/histograph.json,trend auxiliary; not a full character usage table
4.1.1,2026-04-03,pf,虚构叙事,huohuo,Huohuo,藿藿,8.51,4.1.1/histograph.json,trend auxiliary; not a full character usage table
4.1.1,2026-04-03,as,末日幻影,huohuo,Huohuo,藿藿,8.93,4.1.1/histograph.json,trend auxiliary; not a full character usage table
4.1.1,2026-04-03,moc,混沌回忆,hyacine,Hyacine,风堇,58.11,4.1.1/histograph.json,trend auxiliary; not a full character usage table
4.1.1,2026-04-03,pf,虚构叙事,hyacine,Hyacine,风堇,62.37,4.1.1/histograph.json,trend auxiliary; not a full character usage table
4.1.1,2026-04-03,as,末日幻影,hyacine,Hyacine,风堇,59.31,4.1.1/histograph.json,trend auxiliary; not a full character usage table
4.1.1,2026-04-03,moc,混沌回忆,hysilens,Hysilens,海瑟音,17.11,4.1.1/histograph.json,trend auxiliary; not a full character usage table
4.1.1,2026-04-03,pf,虚构叙事,hysilens,Hysilens,海瑟音,20.59,4.1.1/histograph.json,trend auxiliary; not a full character usage table
4.1.1,2026-04-03,as,末日幻影,hysilens,Hysilens,海瑟音,17.41,4.1.1/histograph.json,trend auxiliary; not a full character usage table
4.1.1,2026-04-03,moc,混沌回忆,imbibitor-lunae,Dan Heng • Imbibitor Lunae,丹恒•饮月,0.05,4.1.1/histograph.json,trend auxiliary; not a full character usage table
4.1.1,2026-04-03,pf,虚构叙事,imbibitor-lunae,Dan Heng • Imbibitor Lunae,丹恒•饮月,0.14,4.1.1/histograph.json,trend auxiliary; not a full character usage table
4.1.1,2026-04-03,as,末日幻影,imbibitor-lunae,Dan Heng • Imbibitor Lunae,丹恒•饮月,0.17,4.1.1/histograph.json,trend auxiliary; not a full character usage table
4.1.1,2026-04-03,moc,混沌回忆,jade,Jade,翡翠,0.34,4.1.1/histograph.json,trend auxiliary; not a full character usage table
4.1.1,2026-04-03,pf,虚构叙事,jade,Jade,翡翠,4.72,4.1.1/histograph.json,trend auxiliary; not a full character usage table
4.1.1,2026-04-03,as,末日幻影,jade,Jade,翡翠,2.55,4.1.1/histograph.json,trend auxiliary; not a full character usage table
4.1.1,2026-04-03,moc,混沌回忆,jiaoqiu,Jiaoqiu,椒丘,1.02,4.1.1/histograph.json,trend auxiliary; not a full character usage table
4.1.1,2026-04-03,pf,虚构叙事,jiaoqiu,Jiaoqiu,椒丘,1.52,4.1.1/histograph.json,trend auxiliary; not a full character usage table
4.1.1,2026-04-03,as,末日幻影,jiaoqiu,Jiaoqiu,椒丘,1.51,4.1.1/histograph.json,trend auxiliary; not a full character usage table
4.1.1,2026-04-03,moc,混沌回忆,jing-yuan,Jing Yuan,景元,0.16,4.1.1/histograph.json,trend auxiliary; not a full character usage table
4.1.1,2026-04-03,pf,虚构叙事,jing-yuan,Jing Yuan,景元,0.42,4.1.1/histograph.json,trend auxiliary; not a full character usage table
4.1.1,2026-04-03,as,末日幻影,jing-yuan,Jing Yuan,景元,0.44,4.1.1/histograph.json,trend auxiliary; not a full character usage table
4.1.1,2026-04-03,moc,混沌回忆,jingliu,Jingliu,镜流,0.07,4.1.1/histograph.json,trend auxiliary; not a full character usage table
4.1.1,2026-04-03,pf,虚构叙事,jingliu,Jingliu,镜流,0.13,4.1.1/histograph.json,trend auxiliary; not a full character usage table
4.1.1,2026-04-03,as,末日幻影,jingliu,Jingliu,镜流,0.12,4.1.1/histograph.json,trend auxiliary; not a full character usage table
4.1.1,2026-04-03,moc,混沌回忆,kafka,Kafka,卡芙卡,17.27,4.1.1/histograph.json,trend auxiliary; not a full character usage table
4.1.1,2026-04-03,pf,虚构叙事,kafka,Kafka,卡芙卡,21.01,4.1.1/histograph.json,trend auxiliary; not a full character usage table
4.1.1,2026-04-03,as,末日幻影,kafka,Kafka,卡芙卡,17.86,4.1.1/histograph.json,trend auxiliary; not a full character usage table
4.1.1,2026-04-03,moc,混沌回忆,lingsha,Lingsha,灵砂,13.78,4.1.1/histograph.json,trend auxiliary; not a full character usage table
4.1.1,2026-04-03,pf,虚构叙事,lingsha,Lingsha,灵砂,19.45,4.1.1/histograph.json,trend auxiliary; not a full character usage table
4.1.1,2026-04-03,as,末日幻影,lingsha,Lingsha,灵砂,18.79,4.1.1/histograph.json,trend auxiliary; not a full character usage table
4.1.1,2026-04-03,moc,混沌回忆,luka,Luka,卢卡,0.01,4.1.1/histograph.json,trend auxiliary; not a full character usage table
4.1.1,2026-04-03,pf,虚构叙事,luka,Luka,卢卡,0.0,4.1.1/histograph.json,trend auxiliary; not a full character usage table
4.1.1,2026-04-03,as,末日幻影,luka,Luka,卢卡,0.0,4.1.1/histograph.json,trend auxiliary; not a full character usage table
4.1.1,2026-04-03,moc,混沌回忆,luocha,Luocha,罗刹,1.68,4.1.1/histograph.json,trend auxiliary; not a full character usage table
4.1.1,2026-04-03,pf,虚构叙事,luocha,Luocha,罗刹,2.07,4.1.1/histograph.json,trend auxiliary; not a full character usage table
4.1.1,2026-04-03,as,末日幻影,luocha,Luocha,罗刹,2.12,4.1.1/histograph.json,trend auxiliary; not a full character usage table
4.1.1,2026-04-03,moc,混沌回忆,lynx,Lynx,玲可,0.01,4.1.1/histograph.json,trend auxiliary; not a full character usage table
4.1.1,2026-04-03,pf,虚构叙事,lynx,Lynx,玲可,0.03,4.1.1/histograph.json,trend auxiliary; not a full character usage table
4.1.1,2026-04-03,as,末日幻影,lynx,Lynx,玲可,0.02,4.1.1/histograph.json,trend auxiliary; not a full character usage table
4.1.1,2026-04-03,moc,混沌回忆,march-7th,March 7th,三月七 - 存护,0.0,4.1.1/histograph.json,trend auxiliary; not a full character usage table
4.1.1,2026-04-03,pf,虚构叙事,march-7th,March 7th,三月七 - 存护,0.01,4.1.1/histograph.json,trend auxiliary; not a full character usage table
4.1.1,2026-04-03,as,末日幻影,march-7th,March 7th,三月七 - 存护,0.01,4.1.1/histograph.json,trend auxiliary; not a full character usage table
4.1.1,2026-04-03,moc,混沌回忆,march-7th-swordmaster,March 7th: The Hunt,三月七•巡猎,0.07,4.1.1/histograph.json,trend auxiliary; not a full character usage table
4.1.1,2026-04-03,pf,虚构叙事,march-7th-swordmaster,March 7th: The Hunt,三月七•巡猎,0.01,4.1.1/histograph.json,trend auxiliary; not a full character usage table
4.1.1,2026-04-03,as,末日幻影,march-7th-swordmaster,March 7th: The Hunt,三月七•巡猎,0.46,4.1.1/histograph.json,trend auxiliary; not a full character usage table
4.1.1,2026-04-03,moc,混沌回忆,misha,Misha,米沙,0.0,4.1.1/histograph.json,trend auxiliary; not a full character usage table
4.1.1,2026-04-03,pf,虚构叙事,misha,Misha,米沙,0.0,4.1.1/histograph.json,trend auxiliary; not a full character usage table
4.1.1,2026-04-03,as,末日幻影,misha,Misha,米沙,0.0,4.1.1/histograph.json,trend auxiliary; not a full character usage table
4.1.1,2026-04-03,moc,混沌回忆,moze,Moze,貊泽,0.06,4.1.1/histograph.json,trend auxiliary; not a full character usage table
4.1.1,2026-04-03,pf,虚构叙事,moze,Moze,貊泽,0.01,4.1.1/histograph.json,trend auxiliary; not a full character usage table
4.1.1,2026-04-03,as,末日幻影,moze,Moze,貊泽,0.04,4.1.1/histograph.json,trend auxiliary; not a full character usage table
4.1.1,2026-04-03,moc,混沌回忆,mydei,Mydei,万敌,1.65,4.1.1/histograph.json,trend auxiliary; not a full character usage table
4.1.1,2026-04-03,pf,虚构叙事,mydei,Mydei,万敌,2.07,4.1.1/histograph.json,trend auxiliary; not a full character usage table
4.1.1,2026-04-03,as,末日幻影,mydei,Mydei,万敌,1.76,4.1.1/histograph.json,trend auxiliary; not a full character usage table
4.1.1,2026-04-03,moc,混沌回忆,natasha,Natasha,娜塔莎,0.01,4.1.1/histograph.json,trend auxiliary; not a full character usage table
4.1.1,2026-04-03,pf,虚构叙事,natasha,Natasha,娜塔莎,0.01,4.1.1/histograph.json,trend auxiliary; not a full character usage table
4.1.1,2026-04-03,as,末日幻影,natasha,Natasha,娜塔莎,0.01,4.1.1/histograph.json,trend auxiliary; not a full character usage table
4.1.1,2026-04-03,moc,混沌回忆,pela,Pela,佩拉,0.07,4.1.1/histograph.json,trend auxiliary; not a full character usage table
4.1.1,2026-04-03,pf,虚构叙事,pela,Pela,佩拉,0.09,4.1.1/histograph.json,trend auxiliary; not a full character usage table
4.1.1,2026-04-03,as,末日幻影,pela,Pela,佩拉,0.15,4.1.1/histograph.json,trend auxiliary; not a full character usage table
4.1.1,2026-04-03,moc,混沌回忆,phainon,Phainon,白厄,25.42,4.1.1/histograph.json,trend auxiliary; not a full character usage table
4.1.1,2026-04-03,pf,虚构叙事,phainon,Phainon,白厄,18.61,4.1.1/histograph.json,trend auxiliary; not a full character usage table
4.1.1,2026-04-03,as,末日幻影,phainon,Phainon,白厄,18.56,4.1.1/histograph.json,trend auxiliary; not a full character usage table
4.1.1,2026-04-03,moc,混沌回忆,qingque,Qingque,青雀,0.03,4.1.1/histograph.json,trend auxiliary; not a full character usage table
4.1.1,2026-04-03,pf,虚构叙事,qingque,Qingque,青雀,0.04,4.1.1/histograph.json,trend auxiliary; not a full character usage table
4.1.1,2026-04-03,as,末日幻影,qingque,Qingque,青雀,0.03,4.1.1/histograph.json,trend auxiliary; not a full character usage table
4.1.1,2026-04-03,moc,混沌回忆,rappa,Rappa,乱破,0.69,4.1.1/histograph.json,trend auxiliary; not a full character usage table
4.1.1,2026-04-03,pf,虚构叙事,rappa,Rappa,乱破,2.76,4.1.1/histograph.json,trend auxiliary; not a full character usage table
4.1.1,2026-04-03,as,末日幻影,rappa,Rappa,乱破,3.21,4.1.1/histograph.json,trend auxiliary; not a full character usage table
4.1.1,2026-04-03,moc,混沌回忆,robin,Robin,知更鸟,6.99,4.1.1/histograph.json,trend auxiliary; not a full character usage table
4.1.1,2026-04-03,pf,虚构叙事,robin,Robin,知更鸟,5.69,4.1.1/histograph.json,trend auxiliary; not a full character usage table
4.1.1,2026-04-03,as,末日幻影,robin,Robin,知更鸟,6.87,4.1.1/histograph.json,trend auxiliary; not a full character usage table
4.1.1,2026-04-03,moc,混沌回忆,ruan-mei,Ruan Mei,阮•梅,10.06,4.1.1/histograph.json,trend auxiliary; not a full character usage table
4.1.1,2026-04-03,pf,虚构叙事,ruan-mei,Ruan Mei,阮•梅,11.26,4.1.1/histograph.json,trend auxiliary; not a full character usage table
4.1.1,2026-04-03,as,末日幻影,ruan-mei,Ruan Mei,阮•梅,24.21,4.1.1/histograph.json,trend auxiliary; not a full character usage table
4.1.1,2026-04-03,moc,混沌回忆,saber,Saber,Saber,2.25,4.1.1/histograph.json,trend auxiliary; not a full character usage table
4.1.1,2026-04-03,pf,虚构叙事,saber,Saber,Saber,1.0,4.1.1/histograph.json,trend auxiliary; not a full character usage table
4.1.1,2026-04-03,as,末日幻影,saber,Saber,Saber,3.53,4.1.1/histograph.json,trend auxiliary; not a full character usage table
4.1.1,2026-04-03,moc,混沌回忆,sampo,Sampo,桑博,0.0,4.1.1/histograph.json,trend auxiliary; not a full character usage table
4.1.1,2026-04-03,pf,虚构叙事,sampo,Sampo,桑博,0.0,4.1.1/histograph.json,trend auxiliary; not a full character usage table
4.1.1,2026-04-03,as,末日幻影,sampo,Sampo,桑博,0.02,4.1.1/histograph.json,trend auxiliary; not a full character usage table
4.1.1,2026-04-03,moc,混沌回忆,seele,Seele,希儿,0.02,4.1.1/histograph.json,trend auxiliary; not a full character usage table
4.1.1,2026-04-03,pf,虚构叙事,seele,Seele,希儿,0.04,4.1.1/histograph.json,trend auxiliary; not a full character usage table
4.1.1,2026-04-03,as,末日幻影,seele,Seele,希儿,0.0,4.1.1/histograph.json,trend auxiliary; not a full character usage table
4.1.1,2026-04-03,moc,混沌回忆,serval,Serval,希露瓦,0.11,4.1.1/histograph.json,trend auxiliary; not a full character usage table
4.1.1,2026-04-03,pf,虚构叙事,serval,Serval,希露瓦,0.26,4.1.1/histograph.json,trend auxiliary; not a full character usage table
4.1.1,2026-04-03,as,末日幻影,serval,Serval,希露瓦,0.58,4.1.1/histograph.json,trend auxiliary; not a full character usage table
4.1.1,2026-04-03,moc,混沌回忆,silver-wolf,Silver Wolf,银狼,3.44,4.1.1/histograph.json,trend auxiliary; not a full character usage table
4.1.1,2026-04-03,pf,虚构叙事,silver-wolf,Silver Wolf,银狼,0.99,4.1.1/histograph.json,trend auxiliary; not a full character usage table
4.1.1,2026-04-03,as,末日幻影,silver-wolf,Silver Wolf,银狼,2.95,4.1.1/histograph.json,trend auxiliary; not a full character usage table
4.1.1,2026-04-03,moc,混沌回忆,anaxa,Anaxa,那刻夏,4.64,4.1.1/histograph.json,trend auxiliary; not a full character usage table
4.1.1,2026-04-03,pf,虚构叙事,anaxa,Anaxa,那刻夏,3.64,4.1.1/histograph.json,trend auxiliary; not a full character usage table
4.1.1,2026-04-03,as,末日幻影,anaxa,Anaxa,那刻夏,6.26,4.1.1/histograph.json,trend auxiliary; not a full character usage table
4.1.1,2026-04-03,moc,混沌回忆,argenti,Argenti,银枝,0.0,4.1.1/histograph.json,trend auxiliary; not a full character usage table
4.1.1,2026-04-03,pf,虚构叙事,argenti,Argenti,银枝,0.33,4.1.1/histograph.json,trend auxiliary; not a full character usage table
4.1.1,2026-04-03,as,末日幻影,argenti,Argenti,银枝,0.03,4.1.1/histograph.json,trend auxiliary; not a full character usage table
4.1.1,2026-04-03,moc,混沌回忆,ashveil,Ashveil,不死途,0.9,4.1.1/histograph.json,trend auxiliary; not a full character usage table
4.1.1,2026-04-03,pf,虚构叙事,ashveil,Ashveil,不死途,5.61,4.1.1/histograph.json,trend auxiliary; not a full character usage table
4.1.1,2026-04-03,as,末日幻影,ashveil,Ashveil,不死途,0.4,4.1.1/histograph.json,trend auxiliary; not a full character usage table
4.1.1,2026-04-03,moc,混沌回忆,blade,Blade,刃,0.26,4.1.1/histograph.json,trend auxiliary; not a full character usage table
4.1.1,2026-04-03,pf,虚构叙事,blade,Blade,刃,0.18,4.1.1/histograph.json,trend auxiliary; not a full character usage table
4.1.1,2026-04-03,as,末日幻影,blade,Blade,刃,0.23,4.1.1/histograph.json,trend auxiliary; not a full character usage table
4.1.1,2026-04-03,moc,混沌回忆,march-7th-evernight,Evernight,长夜月,3.15,4.1.1/histograph.json,trend auxiliary; not a full character usage table
4.1.1,2026-04-03,pf,虚构叙事,march-7th-evernight,Evernight,长夜月,5.28,4.1.1/histograph.json,trend auxiliary; not a full character usage table
4.1.1,2026-04-03,as,末日幻影,march-7th-evernight,Evernight,长夜月,4.59,4.1.1/histograph.json,trend auxiliary; not a full character usage table
4.1.1,2026-04-03,moc,混沌回忆,sparkle,Sparkle,花火,23.98,4.1.1/histograph.json,trend auxiliary; not a full character usage table
4.1.1,2026-04-03,pf,虚构叙事,sparkle,Sparkle,花火,21.09,4.1.1/histograph.json,trend auxiliary; not a full character usage table
4.1.1,2026-04-03,as,末日幻影,sparkle,Sparkle,花火,23.62,4.1.1/histograph.json,trend auxiliary; not a full character usage table
4.1.1,2026-04-03,moc,混沌回忆,sparxie,Sparxie,火花,18.58,4.1.1/histograph.json,trend auxiliary; not a full character usage table
4.1.1,2026-04-03,pf,虚构叙事,sparxie,Sparxie,火花,17.21,4.1.1/histograph.json,trend auxiliary; not a full character usage table
4.1.1,2026-04-03,as,末日幻影,sparxie,Sparxie,火花,33.51,4.1.1/histograph.json,trend auxiliary; not a full character usage table
4.1.1,2026-04-03,moc,混沌回忆,sunday,Sunday,星期日,27.45,4.1.1/histograph.json,trend auxiliary; not a full character usage table
4.1.1,2026-04-03,pf,虚构叙事,sunday,Sunday,星期日,21.62,4.1.1/histograph.json,trend auxiliary; not a full character usage table
4.1.1,2026-04-03,as,末日幻影,sunday,Sunday,星期日,25.36,4.1.1/histograph.json,trend auxiliary; not a full character usage table
4.1.1,2026-04-03,moc,混沌回忆,anaxa,Anaxa,那刻夏,3.16,4.1.1/histograph.json,trend auxiliary; not a full character usage table
4.1.1,2026-04-03,pf,虚构叙事,anaxa,Anaxa,那刻夏,7.53,4.1.1/histograph.json,trend auxiliary; not a full character usage table
4.1.1,2026-04-03,as,末日幻影,anaxa,Anaxa,那刻夏,8.16,4.1.1/histograph.json,trend auxiliary; not a full character usage table
4.1.1,2026-04-03,moc,混沌回忆,argenti,Argenti,银枝,0.02,4.1.1/histograph.json,trend auxiliary; not a full character usage table
4.1.1,2026-04-03,pf,虚构叙事,argenti,Argenti,银枝,0.35,4.1.1/histograph.json,trend auxiliary; not a full character usage table
4.1.1,2026-04-03,as,末日幻影,argenti,Argenti,银枝,0.27,4.1.1/histograph.json,trend auxiliary; not a full character usage table
4.1.1,2026-04-03,moc,混沌回忆,ashveil,Ashveil,不死途,0.22,4.1.1/histograph.json,trend auxiliary; not a full character usage table
4.1.1,2026-04-03,pf,虚构叙事,ashveil,Ashveil,不死途,1.04,4.1.1/histograph.json,trend auxiliary; not a full character usage table
4.1.1,2026-04-03,as,末日幻影,ashveil,Ashveil,不死途,0.23,4.1.1/histograph.json,trend auxiliary; not a full character usage table
4.1.1,2026-04-03,moc,混沌回忆,blade,Blade,刃,0.09,4.1.1/histograph.json,trend auxiliary; not a full character usage table
4.1.1,2026-04-03,pf,虚构叙事,blade,Blade,刃,0.16,4.1.1/histograph.json,trend auxiliary; not a full character usage table
4.1.1,2026-04-03,as,末日幻影,blade,Blade,刃,0.08,4.1.1/histograph.json,trend auxiliary; not a full character usage table
4.1.1,2026-04-03,moc,混沌回忆,march-7th-evernight,Evernight,长夜月,42.11,4.1.1/histograph.json,trend auxiliary; not a full character usage table
4.1.1,2026-04-03,pf,虚构叙事,march-7th-evernight,Evernight,长夜月,43.19,4.1.1/histograph.json,trend auxiliary; not a full character usage table
4.1.1,2026-04-03,as,末日幻影,march-7th-evernight,Evernight,长夜月,41.04,4.1.1/histograph.json,trend auxiliary; not a full character usage table
4.1.1,2026-04-03,moc,混沌回忆,sushang,Sushang,素裳,0.0,4.1.1/histograph.json,trend auxiliary; not a full character usage table
4.1.1,2026-04-03,pf,虚构叙事,sushang,Sushang,素裳,0.0,4.1.1/histograph.json,trend auxiliary; not a full character usage table
4.1.1,2026-04-03,as,末日幻影,sushang,Sushang,素裳,0.01,4.1.1/histograph.json,trend auxiliary; not a full character usage table
4.1.1,2026-04-03,moc,混沌回忆,the-dahlia,The Dahlia,大丽花,24.4,4.1.1/histograph.json,trend auxiliary; not a full character usage table
4.1.1,2026-04-03,pf,虚构叙事,the-dahlia,The Dahlia,大丽花,26.97,4.1.1/histograph.json,trend auxiliary; not a full character usage table
4.1.1,2026-04-03,as,末日幻影,the-dahlia,The Dahlia,大丽花,35.44,4.1.1/histograph.json,trend auxiliary; not a full character usage table
4.1.1,2026-04-03,moc,混沌回忆,the-herta,The Herta,大黑塔,3.84,4.1.1/histograph.json,trend auxiliary; not a full character usage table
4.1.1,2026-04-03,pf,虚构叙事,the-herta,The Herta,大黑塔,21.11,4.1.1/histograph.json,trend auxiliary; not a full character usage table
4.1.1,2026-04-03,as,末日幻影,the-herta,The Herta,大黑塔,14.37,4.1.1/histograph.json,trend auxiliary; not a full character usage table
4.1.1,2026-04-03,moc,混沌回忆,tingyun,Tingyun,停云,0.33,4.1.1/histograph.json,trend auxiliary; not a full character usage table
4.1.1,2026-04-03,pf,虚构叙事,tingyun,Tingyun,停云,0.29,4.1.1/histograph.json,trend auxiliary; not a full character usage table
4.1.1,2026-04-03,as,末日幻影,tingyun,Tingyun,停云,0.37,4.1.1/histograph.json,trend auxiliary; not a full character usage table
4.1.1,2026-04-03,moc,混沌回忆,tingyun-fugue,Fugue,忘归人,21.54,4.1.1/histograph.json,trend auxiliary; not a full character usage table
4.1.1,2026-04-03,pf,虚构叙事,tingyun-fugue,Fugue,忘归人,24.28,4.1.1/histograph.json,trend auxiliary; not a full character usage table
4.1.1,2026-04-03,as,末日幻影,tingyun-fugue,Fugue,忘归人,27.0,4.1.1/histograph.json,trend auxiliary; not a full character usage table
4.1.1,2026-04-03,moc,混沌回忆,topaz,Topaz & Numby,托帕&账账,0.36,4.1.1/histograph.json,trend auxiliary; not a full character usage table
4.1.1,2026-04-03,pf,虚构叙事,topaz,Topaz & Numby,托帕&账账,0.04,4.1.1/histograph.json,trend auxiliary; not a full character usage table
4.1.1,2026-04-03,as,末日幻影,topaz,Topaz & Numby,托帕&账账,0.27,4.1.1/histograph.json,trend auxiliary; not a full character usage table
4.1.1,2026-04-03,moc,混沌回忆,trailblazer-destruction,Trailblazer - The Destruction,开拓者 - 毁灭,0.0,4.1.1/histograph.json,trend auxiliary; not a full character usage table
4.1.1,2026-04-03,pf,虚构叙事,trailblazer-destruction,Trailblazer - The Destruction,开拓者 - 毁灭,0.0,4.1.1/histograph.json,trend auxiliary; not a full character usage table
4.1.1,2026-04-03,as,末日幻影,trailblazer-destruction,Trailblazer - The Destruction,开拓者 - 毁灭,0.0,4.1.1/histograph.json,trend auxiliary; not a full character usage table
4.1.1,2026-04-03,moc,混沌回忆,trailblazer-harmony,Trailblazer - The Harmony,开拓者 - 同谐,7.3,4.1.1/histograph.json,trend auxiliary; not a full character usage table
4.1.1,2026-04-03,pf,虚构叙事,trailblazer-harmony,Trailblazer - The Harmony,开拓者 - 同谐,7.64,4.1.1/histograph.json,trend auxiliary; not a full character usage table
4.1.1,2026-04-03,as,末日幻影,trailblazer-harmony,Trailblazer - The Harmony,开拓者 - 同谐,9.83,4.1.1/histograph.json,trend auxiliary; not a full character usage table
4.1.1,2026-04-03,moc,混沌回忆,trailblazer-preservation,Trailblazer - The Preservation,开拓者 - 存护,0.0,4.1.1/histograph.json,trend auxiliary; not a full character usage table
4.1.1,2026-04-03,pf,虚构叙事,trailblazer-preservation,Trailblazer - The Preservation,开拓者 - 存护,0.0,4.1.1/histograph.json,trend auxiliary; not a full character usage table
4.1.1,2026-04-03,as,末日幻影,trailblazer-preservation,Trailblazer - The Preservation,开拓者 - 存护,0.0,4.1.1/histograph.json,trend auxiliary; not a full character usage table
4.1.1,2026-04-03,moc,混沌回忆,trailblazer-remembrance,Trailblazer - Remembrance,开拓者•记忆,21.09,4.1.1/histograph.json,trend auxiliary; not a full character usage table
4.1.1,2026-04-03,pf,虚构叙事,trailblazer-remembrance,Trailblazer - Remembrance,开拓者•记忆,24.53,4.1.1/histograph.json,trend auxiliary; not a full character usage table
4.1.1,2026-04-03,as,末日幻影,trailblazer-remembrance,Trailblazer - Remembrance,开拓者•记忆,26.31,4.1.1/histograph.json,trend auxiliary; not a full character usage table
4.1.1,2026-04-03,moc,混沌回忆,tribbie,Tribbie,缇宝,29.69,4.1.1/histograph.json,trend auxiliary; not a full character usage table
4.1.1,2026-04-03,pf,虚构叙事,tribbie,Tribbie,缇宝,39.95,4.1.1/histograph.json,trend auxiliary; not a full character usage table
4.1.1,2026-04-03,as,末日幻影,tribbie,Tribbie,缇宝,36.46,4.1.1/histograph.json,trend auxiliary; not a full character usage table
4.1.1,2026-04-03,moc,混沌回忆,welt,Welt,瓦尔特,0.0,4.1.1/histograph.json,trend auxiliary; not a full character usage table
4.1.1,2026-04-03,pf,虚构叙事,welt,Welt,瓦尔特,0.02,4.1.1/histograph.json,trend auxiliary; not a full character usage table
4.1.1,2026-04-03,as,末日幻影,welt,Welt,瓦尔特,0.01,4.1.1/histograph.json,trend auxiliary; not a full character usage table
4.1.1,2026-04-03,moc,混沌回忆,xueyi,Xueyi,雪衣,0.05,4.1.1/histograph.json,trend auxiliary; not a full character usage table
4.1.1,2026-04-03,pf,虚构叙事,xueyi,Xueyi,雪衣,0.03,4.1.1/histograph.json,trend auxiliary; not a full character usage table
4.1.1,2026-04-03,as,末日幻影,xueyi,Xueyi,雪衣,0.02,4.1.1/histograph.json,trend auxiliary; not a full character usage table
4.1.1,2026-04-03,moc,混沌回忆,yanqing,Yanqing,彦卿,0.01,4.1.1/histograph.json,trend auxiliary; not a full character usage table
4.1.1,2026-04-03,pf,虚构叙事,yanqing,Yanqing,彦卿,0.0,4.1.1/histograph.json,trend auxiliary; not a full character usage table
4.1.1,2026-04-03,as,末日幻影,yanqing,Yanqing,彦卿,0.0,4.1.1/histograph.json,trend auxiliary; not a full character usage table
4.1.1,2026-04-03,moc,混沌回忆,yao-guang,Yao Guang,爻光,15.27,4.1.1/histograph.json,trend auxiliary; not a full character usage table
4.1.1,2026-04-03,pf,虚构叙事,yao-guang,Yao Guang,爻光,24.6,4.1.1/histograph.json,trend auxiliary; not a full character usage table
4.1.1,2026-04-03,as,末日幻影,yao-guang,Yao Guang,爻光,40.35,4.1.1/histograph.json,trend auxiliary; not a full character usage table
4.1.1,2026-04-03,moc,混沌回忆,yukong,Yukong,驭空,0.02,4.1.1/histograph.json,trend auxiliary; not a full character usage table
4.1.1,2026-04-03,pf,虚构叙事,yukong,Yukong,驭空,0.0,4.1.1/histograph.json,trend auxiliary; not a full character usage table
4.1.1,2026-04-03,as,末日幻影,yukong,Yukong,驭空,0.01,4.1.1/histograph.json,trend auxiliary; not a full character usage table
4.1.1,2026-04-03,moc,混沌回忆,yunli,Yunli,云璃,0.62,4.1.1/histograph.json,trend auxiliary; not a full character usage table
4.1.1,2026-04-03,pf,虚构叙事,yunli,Yunli,云璃,0.39,4.1.1/histograph.json,trend auxiliary; not a full character usage table
4.1.1,2026-04-03,as,末日幻影,yunli,Yunli,云璃,0.06,4.1.1/histograph.json,trend auxiliary; not a full character usage table
4.1.2,2026-04-19,moc,混沌回忆,acheron,Acheron,黄泉,1.14,4.1.2/histograph.json,trend auxiliary; not a full character usage table
4.1.2,2026-04-19,pf,虚构叙事,acheron,Acheron,黄泉,1.98,4.1.2/histograph.json,trend auxiliary; not a full character usage table
4.1.2,2026-04-19,as,末日幻影,acheron,Acheron,黄泉,2.42,4.1.2/histograph.json,trend auxiliary; not a full character usage table
4.1.2,2026-04-19,moc,混沌回忆,aglaea,Aglaea,阿格莱雅,1.87,4.1.2/histograph.json,trend auxiliary; not a full character usage table
4.1.2,2026-04-19,pf,虚构叙事,aglaea,Aglaea,阿格莱雅,1.34,4.1.2/histograph.json,trend auxiliary; not a full character usage table
4.1.2,2026-04-19,as,末日幻影,aglaea,Aglaea,阿格莱雅,2.42,4.1.2/histograph.json,trend auxiliary; not a full character usage table
4.1.2,2026-04-19,moc,混沌回忆,archer,Archer,Archer,14.29,4.1.2/histograph.json,trend auxiliary; not a full character usage table
4.1.2,2026-04-19,pf,虚构叙事,archer,Archer,Archer,4.29,4.1.2/histograph.json,trend auxiliary; not a full character usage table
4.1.2,2026-04-19,as,末日幻影,archer,Archer,Archer,11.1,4.1.2/histograph.json,trend auxiliary; not a full character usage table
4.1.2,2026-04-19,moc,混沌回忆,arlan,Arlan,阿兰,0.01,4.1.2/histograph.json,trend auxiliary; not a full character usage table
4.1.2,2026-04-19,pf,虚构叙事,arlan,Arlan,阿兰,0.0,4.1.2/histograph.json,trend auxiliary; not a full character usage table
4.1.2,2026-04-19,as,末日幻影,arlan,Arlan,阿兰,0.0,4.1.2/histograph.json,trend auxiliary; not a full character usage table
4.1.2,2026-04-19,moc,混沌回忆,asta,Asta,艾丝妲,0.03,4.1.2/histograph.json,trend auxiliary; not a full character usage table
4.1.2,2026-04-19,pf,虚构叙事,asta,Asta,艾丝妲,0.04,4.1.2/histograph.json,trend auxiliary; not a full character usage table
4.1.2,2026-04-19,as,末日幻影,asta,Asta,艾丝妲,0.01,4.1.2/histograph.json,trend auxiliary; not a full character usage table
4.1.2,2026-04-19,moc,混沌回忆,aventurine,Aventurine,砂金,3.97,4.1.2/histograph.json,trend auxiliary; not a full character usage table
4.1.2,2026-04-19,pf,虚构叙事,aventurine,Aventurine,砂金,4.5,4.1.2/histograph.json,trend auxiliary; not a full character usage table
4.1.2,2026-04-19,as,末日幻影,aventurine,Aventurine,砂金,5.16,4.1.2/histograph.json,trend auxiliary; not a full character usage table
4.1.2,2026-04-19,moc,混沌回忆,bailu,Bailu,白露,0.1,4.1.2/histograph.json,trend auxiliary; not a full character usage table
4.1.2,2026-04-19,pf,虚构叙事,bailu,Bailu,白露,0.1,4.1.2/histograph.json,trend auxiliary; not a full character usage table
4.1.2,2026-04-19,as,末日幻影,bailu,Bailu,白露,0.12,4.1.2/histograph.json,trend auxiliary; not a full character usage table
4.1.2,2026-04-19,moc,混沌回忆,black-swan,Black Swan,黑天鹅,16.55,4.1.2/histograph.json,trend auxiliary; not a full character usage table
4.1.2,2026-04-19,pf,虚构叙事,black-swan,Black Swan,黑天鹅,18.33,4.1.2/histograph.json,trend auxiliary; not a full character usage table
4.1.2,2026-04-19,as,末日幻影,black-swan,Black Swan,黑天鹅,14.7,4.1.2/histograph.json,trend auxiliary; not a full character usage table
4.1.2,2026-04-19,moc,混沌回忆,boothill,Boothill,波提欧,0.63,4.1.2/histograph.json,trend auxiliary; not a full character usage table
4.1.2,2026-04-19,pf,虚构叙事,boothill,Boothill,波提欧,0.12,4.1.2/histograph.json,trend auxiliary; not a full character usage table
4.1.2,2026-04-19,as,末日幻影,boothill,Boothill,波提欧,1.42,4.1.2/histograph.json,trend auxiliary; not a full character usage table
4.1.2,2026-04-19,moc,混沌回忆,bronya,Bronya,布洛妮娅,3.96,4.1.2/histograph.json,trend auxiliary; not a full character usage table
4.1.2,2026-04-19,pf,虚构叙事,bronya,Bronya,布洛妮娅,4.48,4.1.2/histograph.json,trend auxiliary; not a full character usage table
4.1.2,2026-04-19,as,末日幻影,bronya,Bronya,布洛妮娅,5.45,4.1.2/histograph.json,trend auxiliary; not a full character usage table
4.1.2,2026-04-19,moc,混沌回忆,castorice,Castorice,遐蝶,48.53,4.1.2/histograph.json,trend auxiliary; not a full character usage table
4.1.2,2026-04-19,pf,虚构叙事,castorice,Castorice,遐蝶,53.22,4.1.2/histograph.json,trend auxiliary; not a full character usage table
4.1.2,2026-04-19,as,末日幻影,castorice,Castorice,遐蝶,50.09,4.1.2/histograph.json,trend auxiliary; not a full character usage table
4.1.2,2026-04-19,moc,混沌回忆,cerydra,Cerydra,刻律德菈,16.88,4.1.2/histograph.json,trend auxiliary; not a full character usage table
4.1.2,2026-04-19,pf,虚构叙事,cerydra,Cerydra,刻律德菈,14.85,4.1.2/histograph.json,trend auxiliary; not a full character usage table
4.1.2,2026-04-19,as,末日幻影,cerydra,Cerydra,刻律德菈,16.6,4.1.2/histograph.json,trend auxiliary; not a full character usage table
4.1.2,2026-04-19,moc,混沌回忆,cipher,Cipher,赛飞儿,2.97,4.1.2/histograph.json,trend auxiliary; not a full character usage table
4.1.2,2026-04-19,pf,虚构叙事,cipher,Cipher,赛飞儿,1.65,4.1.2/histograph.json,trend auxiliary; not a full character usage table
4.1.2,2026-04-19,as,末日幻影,cipher,Cipher,赛飞儿,2.19,4.1.2/histograph.json,trend auxiliary; not a full character usage table
4.1.2,2026-04-19,moc,混沌回忆,clara,Clara,克拉拉,0.08,4.1.2/histograph.json,trend auxiliary; not a full character usage table
4.1.2,2026-04-19,pf,虚构叙事,clara,Clara,克拉拉,0.22,4.1.2/histograph.json,trend auxiliary; not a full character usage table
4.1.2,2026-04-19,as,末日幻影,clara,Clara,克拉拉,0.02,4.1.2/histograph.json,trend auxiliary; not a full character usage table
4.1.2,2026-04-19,moc,混沌回忆,cyrene,Cyrene,昔涟,47.64,4.1.2/histograph.json,trend auxiliary; not a full character usage table
4.1.2,2026-04-19,pf,虚构叙事,cyrene,Cyrene,昔涟,50.76,4.1.2/histograph.json,trend auxiliary; not a full character usage table
4.1.2,2026-04-19,as,末日幻影,cyrene,Cyrene,昔涟,46.68,4.1.2/histograph.json,trend auxiliary; not a full character usage table
4.1.2,2026-04-19,moc,混沌回忆,dan-heng,Dan Heng,丹恒,0.0,4.1.2/histograph.json,trend auxiliary; not a full character usage table
4.1.2,2026-04-19,pf,虚构叙事,dan-heng,Dan Heng,丹恒,0.01,4.1.2/histograph.json,trend auxiliary; not a full character usage table
4.1.2,2026-04-19,as,末日幻影,dan-heng,Dan Heng,丹恒,0.0,4.1.2/histograph.json,trend auxiliary; not a full character usage table
4.1.2,2026-04-19,moc,混沌回忆,dan-heng-permansor-terrae,Dan Heng • Permansor Terrae,丹恒•腾荒,57.2,4.1.2/histograph.json,trend auxiliary; not a full character usage table
4.1.2,2026-04-19,pf,虚构叙事,dan-heng-permansor-terrae,Dan Heng • Permansor Terrae,丹恒•腾荒,55.11,4.1.2/histograph.json,trend auxiliary; not a full character usage table
4.1.2,2026-04-19,as,末日幻影,dan-heng-permansor-terrae,Dan Heng • Permansor Terrae,丹恒•腾荒,52.33,4.1.2/histograph.json,trend auxiliary; not a full character usage table
4.1.2,2026-04-19,moc,混沌回忆,dr-ratio,Dr. Ratio,真理医生,0.02,4.1.2/histograph.json,trend auxiliary; not a full character usage table
4.1.2,2026-04-19,pf,虚构叙事,dr-ratio,Dr. Ratio,真理医生,0.0,4.1.2/histograph.json,trend auxiliary; not a full character usage table
4.1.2,2026-04-19,as,末日幻影,dr-ratio,Dr. Ratio,真理医生,0.02,4.1.2/histograph.json,trend auxiliary; not a full character usage table
4.1.2,2026-04-19,moc,混沌回忆,feixiao,Feixiao,飞霄,0.85,4.1.2/histograph.json,trend auxiliary; not a full character usage table
4.1.2,2026-04-19,pf,虚构叙事,feixiao,Feixiao,飞霄,0.32,4.1.2/histograph.json,trend auxiliary; not a full character usage table
4.1.2,2026-04-19,as,末日幻影,feixiao,Feixiao,飞霄,1.03,4.1.2/histograph.json,trend auxiliary; not a full character usage table
4.1.2,2026-04-19,moc,混沌回忆,firefly,Firefly,流萤,22.47,4.1.2/histograph.json,trend auxiliary; not a full character usage table
4.1.2,2026-04-19,pf,虚构叙事,firefly,Firefly,流萤,22.45,4.1.2/histograph.json,trend auxiliary; not a full character usage table
4.1.2,2026-04-19,as,末日幻影,firefly,Firefly,流萤,26.8,4.1.2/histograph.json,trend auxiliary; not a full character usage table
4.1.2,2026-04-19,moc,混沌回忆,fu-xuan,Fu Xuan,符玄,1.01,4.1.2/histograph.json,trend auxiliary; not a full character usage table
4.1.2,2026-04-19,pf,虚构叙事,fu-xuan,Fu Xuan,符玄,1.17,4.1.2/histograph.json,trend auxiliary; not a full character usage table
4.1.2,2026-04-19,as,末日幻影,fu-xuan,Fu Xuan,符玄,1.26,4.1.2/histograph.json,trend auxiliary; not a full character usage table
4.1.2,2026-04-19,moc,混沌回忆,gallagher,Gallagher,加拉赫,6.11,4.1.2/histograph.json,trend auxiliary; not a full character usage table
4.1.2,2026-04-19,pf,虚构叙事,gallagher,Gallagher,加拉赫,7.25,4.1.2/histograph.json,trend auxiliary; not a full character usage table
4.1.2,2026-04-19,as,末日幻影,gallagher,Gallagher,加拉赫,9.21,4.1.2/histograph.json,trend auxiliary; not a full character usage table
4.1.2,2026-04-19,moc,混沌回忆,gepard,Gepard,杰帕德,0.01,4.1.2/histograph.json,trend auxiliary; not a full character usage table
4.1.2,2026-04-19,pf,虚构叙事,gepard,Gepard,杰帕德,0.01,4.1.2/histograph.json,trend auxiliary; not a full character usage table
4.1.2,2026-04-19,as,末日幻影,gepard,Gepard,杰帕德,0.01,4.1.2/histograph.json,trend auxiliary; not a full character usage table
4.1.2,2026-04-19,moc,混沌回忆,guinaifen,Guinaifen,桂乃芬,0.01,4.1.2/histograph.json,trend auxiliary; not a full character usage table
4.1.2,2026-04-19,pf,虚构叙事,guinaifen,Guinaifen,桂乃芬,0.01,4.1.2/histograph.json,trend auxiliary; not a full character usage table
4.1.2,2026-04-19,as,末日幻影,guinaifen,Guinaifen,桂乃芬,0.02,4.1.2/histograph.json,trend auxiliary; not a full character usage table
4.1.2,2026-04-19,moc,混沌回忆,hanya,Hanya,寒鸦,0.04,4.1.2/histograph.json,trend auxiliary; not a full character usage table
4.1.2,2026-04-19,pf,虚构叙事,hanya,Hanya,寒鸦,0.01,4.1.2/histograph.json,trend auxiliary; not a full character usage table
4.1.2,2026-04-19,as,末日幻影,hanya,Hanya,寒鸦,0.02,4.1.2/histograph.json,trend auxiliary; not a full character usage table
4.1.2,2026-04-19,moc,混沌回忆,herta,Herta,黑塔,0.5,4.1.2/histograph.json,trend auxiliary; not a full character usage table
4.1.2,2026-04-19,pf,虚构叙事,herta,Herta,黑塔,9.6,4.1.2/histograph.json,trend auxiliary; not a full character usage table
4.1.2,2026-04-19,as,末日幻影,herta,Herta,黑塔,2.84,4.1.2/histograph.json,trend auxiliary; not a full character usage table
4.1.2,2026-04-19,moc,混沌回忆,himeko,Himeko,姬子,0.05,4.1.2/histograph.json,trend auxiliary; not a full character usage table
4.1.2,2026-04-19,pf,虚构叙事,himeko,Himeko,姬子,2.26,4.1.2/histograph.json,trend auxiliary; not a full character usage table
4.1.2,2026-04-19,as,末日幻影,himeko,Himeko,姬子,0.18,4.1.2/histograph.json,trend auxiliary; not a full character usage table
4.1.2,2026-04-19,moc,混沌回忆,hook,Hook,虎克,0.01,4.1.2/histograph.json,trend auxiliary; not a full character usage table
4.1.2,2026-04-19,pf,虚构叙事,hook,Hook,虎克,0.0,4.1.2/histograph.json,trend auxiliary; not a full character usage table
4.1.2,2026-04-19,as,末日幻影,hook,Hook,虎克,0.01,4.1.2/histograph.json,trend auxiliary; not a full character usage table
4.1.2,2026-04-19,moc,混沌回忆,huohuo,Huohuo,藿藿,7.01,4.1.2/histograph.json,trend auxiliary; not a full character usage table
4.1.2,2026-04-19,pf,虚构叙事,huohuo,Huohuo,藿藿,8.46,4.1.2/histograph.json,trend auxiliary; not a full character usage table
4.1.2,2026-04-19,as,末日幻影,huohuo,Huohuo,藿藿,8.89,4.1.2/histograph.json,trend auxiliary; not a full character usage table
4.1.2,2026-04-19,moc,混沌回忆,hyacine,Hyacine,风堇,57.21,4.1.2/histograph.json,trend auxiliary; not a full character usage table
4.1.2,2026-04-19,pf,虚构叙事,hyacine,Hyacine,风堇,62.65,4.1.2/histograph.json,trend auxiliary; not a full character usage table
4.1.2,2026-04-19,as,末日幻影,hyacine,Hyacine,风堇,59.4,4.1.2/histograph.json,trend auxiliary; not a full character usage table
4.1.2,2026-04-19,moc,混沌回忆,hysilens,Hysilens,海瑟音,18.17,4.1.2/histograph.json,trend auxiliary; not a full character usage table
4.1.2,2026-04-19,pf,虚构叙事,hysilens,Hysilens,海瑟音,20.37,4.1.2/histograph.json,trend auxiliary; not a full character usage table
4.1.2,2026-04-19,as,末日幻影,hysilens,Hysilens,海瑟音,17.38,4.1.2/histograph.json,trend auxiliary; not a full character usage table
4.1.2,2026-04-19,moc,混沌回忆,imbibitor-lunae,Dan Heng • Imbibitor Lunae,丹恒•饮月,0.07,4.1.2/histograph.json,trend auxiliary; not a full character usage table
4.1.2,2026-04-19,pf,虚构叙事,imbibitor-lunae,Dan Heng • Imbibitor Lunae,丹恒•饮月,0.14,4.1.2/histograph.json,trend auxiliary; not a full character usage table
4.1.2,2026-04-19,as,末日幻影,imbibitor-lunae,Dan Heng • Imbibitor Lunae,丹恒•饮月,0.17,4.1.2/histograph.json,trend auxiliary; not a full character usage table
4.1.2,2026-04-19,moc,混沌回忆,jade,Jade,翡翠,0.63,4.1.2/histograph.json,trend auxiliary; not a full character usage table
4.1.2,2026-04-19,pf,虚构叙事,jade,Jade,翡翠,4.66,4.1.2/histograph.json,trend auxiliary; not a full character usage table
4.1.2,2026-04-19,as,末日幻影,jade,Jade,翡翠,2.56,4.1.2/histograph.json,trend auxiliary; not a full character usage table
4.1.2,2026-04-19,moc,混沌回忆,jiaoqiu,Jiaoqiu,椒丘,0.65,4.1.2/histograph.json,trend auxiliary; not a full character usage table
4.1.2,2026-04-19,pf,虚构叙事,jiaoqiu,Jiaoqiu,椒丘,1.47,4.1.2/histograph.json,trend auxiliary; not a full character usage table
4.1.2,2026-04-19,as,末日幻影,jiaoqiu,Jiaoqiu,椒丘,1.52,4.1.2/histograph.json,trend auxiliary; not a full character usage table
4.1.2,2026-04-19,moc,混沌回忆,jing-yuan,Jing Yuan,景元,0.19,4.1.2/histograph.json,trend auxiliary; not a full character usage table
4.1.2,2026-04-19,pf,虚构叙事,jing-yuan,Jing Yuan,景元,0.38,4.1.2/histograph.json,trend auxiliary; not a full character usage table
4.1.2,2026-04-19,as,末日幻影,jing-yuan,Jing Yuan,景元,0.44,4.1.2/histograph.json,trend auxiliary; not a full character usage table
4.1.2,2026-04-19,moc,混沌回忆,jingliu,Jingliu,镜流,0.09,4.1.2/histograph.json,trend auxiliary; not a full character usage table
4.1.2,2026-04-19,pf,虚构叙事,jingliu,Jingliu,镜流,0.13,4.1.2/histograph.json,trend auxiliary; not a full character usage table
4.1.2,2026-04-19,as,末日幻影,jingliu,Jingliu,镜流,0.11,4.1.2/histograph.json,trend auxiliary; not a full character usage table
4.1.2,2026-04-19,moc,混沌回忆,kafka,Kafka,卡芙卡,18.32,4.1.2/histograph.json,trend auxiliary; not a full character usage table
4.1.2,2026-04-19,pf,虚构叙事,kafka,Kafka,卡芙卡,20.8,4.1.2/histograph.json,trend auxiliary; not a full character usage table
4.1.2,2026-04-19,as,末日幻影,kafka,Kafka,卡芙卡,17.83,4.1.2/histograph.json,trend auxiliary; not a full character usage table
4.1.2,2026-04-19,moc,混沌回忆,lingsha,Lingsha,灵砂,13.0,4.1.2/histograph.json,trend auxiliary; not a full character usage table
4.1.2,2026-04-19,pf,虚构叙事,lingsha,Lingsha,灵砂,19.56,4.1.2/histograph.json,trend auxiliary; not a full character usage table
4.1.2,2026-04-19,as,末日幻影,lingsha,Lingsha,灵砂,18.8,4.1.2/histograph.json,trend auxiliary; not a full character usage table
4.1.2,2026-04-19,moc,混沌回忆,luka,Luka,卢卡,0.01,4.1.2/histograph.json,trend auxiliary; not a full character usage table
4.1.2,2026-04-19,pf,虚构叙事,luka,Luka,卢卡,0.0,4.1.2/histograph.json,trend auxiliary; not a full character usage table
4.1.2,2026-04-19,as,末日幻影,luka,Luka,卢卡,0.0,4.1.2/histograph.json,trend auxiliary; not a full character usage table
4.1.2,2026-04-19,moc,混沌回忆,luocha,Luocha,罗刹,1.52,4.1.2/histograph.json,trend auxiliary; not a full character usage table
4.1.2,2026-04-19,pf,虚构叙事,luocha,Luocha,罗刹,2.08,4.1.2/histograph.json,trend auxiliary; not a full character usage table
4.1.2,2026-04-19,as,末日幻影,luocha,Luocha,罗刹,2.13,4.1.2/histograph.json,trend auxiliary; not a full character usage table
4.1.2,2026-04-19,moc,混沌回忆,lynx,Lynx,玲可,0.01,4.1.2/histograph.json,trend auxiliary; not a full character usage table
4.1.2,2026-04-19,pf,虚构叙事,lynx,Lynx,玲可,0.03,4.1.2/histograph.json,trend auxiliary; not a full character usage table
4.1.2,2026-04-19,as,末日幻影,lynx,Lynx,玲可,0.02,4.1.2/histograph.json,trend auxiliary; not a full character usage table
4.1.2,2026-04-19,moc,混沌回忆,march-7th,March 7th,三月七 - 存护,0.0,4.1.2/histograph.json,trend auxiliary; not a full character usage table
4.1.2,2026-04-19,pf,虚构叙事,march-7th,March 7th,三月七 - 存护,0.01,4.1.2/histograph.json,trend auxiliary; not a full character usage table
4.1.2,2026-04-19,as,末日幻影,march-7th,March 7th,三月七 - 存护,0.01,4.1.2/histograph.json,trend auxiliary; not a full character usage table
4.1.2,2026-04-19,moc,混沌回忆,march-7th-swordmaster,March 7th: The Hunt,三月七•巡猎,0.04,4.1.2/histograph.json,trend auxiliary; not a full character usage table
4.1.2,2026-04-19,pf,虚构叙事,march-7th-swordmaster,March 7th: The Hunt,三月七•巡猎,0.01,4.1.2/histograph.json,trend auxiliary; not a full character usage table
4.1.2,2026-04-19,as,末日幻影,march-7th-swordmaster,March 7th: The Hunt,三月七•巡猎,0.46,4.1.2/histograph.json,trend auxiliary; not a full character usage table
4.1.2,2026-04-19,moc,混沌回忆,misha,Misha,米沙,0.0,4.1.2/histograph.json,trend auxiliary; not a full character usage table
4.1.2,2026-04-19,pf,虚构叙事,misha,Misha,米沙,0.0,4.1.2/histograph.json,trend auxiliary; not a full character usage table
4.1.2,2026-04-19,as,末日幻影,misha,Misha,米沙,0.0,4.1.2/histograph.json,trend auxiliary; not a full character usage table
4.1.2,2026-04-19,moc,混沌回忆,moze,Moze,貊泽,0.05,4.1.2/histograph.json,trend auxiliary; not a full character usage table
4.1.2,2026-04-19,pf,虚构叙事,moze,Moze,貊泽,0.01,4.1.2/histograph.json,trend auxiliary; not a full character usage table
4.1.2,2026-04-19,as,末日幻影,moze,Moze,貊泽,0.04,4.1.2/histograph.json,trend auxiliary; not a full character usage table
4.1.2,2026-04-19,moc,混沌回忆,mydei,Mydei,万敌,1.67,4.1.2/histograph.json,trend auxiliary; not a full character usage table
4.1.2,2026-04-19,pf,虚构叙事,mydei,Mydei,万敌,2.03,4.1.2/histograph.json,trend auxiliary; not a full character usage table
4.1.2,2026-04-19,as,末日幻影,mydei,Mydei,万敌,1.77,4.1.2/histograph.json,trend auxiliary; not a full character usage table
4.1.2,2026-04-19,moc,混沌回忆,natasha,Natasha,娜塔莎,0.01,4.1.2/histograph.json,trend auxiliary; not a full character usage table
4.1.2,2026-04-19,pf,虚构叙事,natasha,Natasha,娜塔莎,0.01,4.1.2/histograph.json,trend auxiliary; not a full character usage table
4.1.2,2026-04-19,as,末日幻影,natasha,Natasha,娜塔莎,0.01,4.1.2/histograph.json,trend auxiliary; not a full character usage table
4.1.2,2026-04-19,moc,混沌回忆,pela,Pela,佩拉,0.06,4.1.2/histograph.json,trend auxiliary; not a full character usage table
4.1.2,2026-04-19,pf,虚构叙事,pela,Pela,佩拉,0.1,4.1.2/histograph.json,trend auxiliary; not a full character usage table
4.1.2,2026-04-19,as,末日幻影,pela,Pela,佩拉,0.15,4.1.2/histograph.json,trend auxiliary; not a full character usage table
4.1.2,2026-04-19,moc,混沌回忆,phainon,Phainon,白厄,20.61,4.1.2/histograph.json,trend auxiliary; not a full character usage table
4.1.2,2026-04-19,pf,虚构叙事,phainon,Phainon,白厄,18.6,4.1.2/histograph.json,trend auxiliary; not a full character usage table
4.1.2,2026-04-19,as,末日幻影,phainon,Phainon,白厄,18.54,4.1.2/histograph.json,trend auxiliary; not a full character usage table
4.1.2,2026-04-19,moc,混沌回忆,qingque,Qingque,青雀,0.04,4.1.2/histograph.json,trend auxiliary; not a full character usage table
4.1.2,2026-04-19,pf,虚构叙事,qingque,Qingque,青雀,0.04,4.1.2/histograph.json,trend auxiliary; not a full character usage table
4.1.2,2026-04-19,as,末日幻影,qingque,Qingque,青雀,0.03,4.1.2/histograph.json,trend auxiliary; not a full character usage table
4.1.2,2026-04-19,moc,混沌回忆,rappa,Rappa,乱破,0.85,4.1.2/histograph.json,trend auxiliary; not a full character usage table
4.1.2,2026-04-19,pf,虚构叙事,rappa,Rappa,乱破,2.73,4.1.2/histograph.json,trend auxiliary; not a full character usage table
4.1.2,2026-04-19,as,末日幻影,rappa,Rappa,乱破,3.2,4.1.2/histograph.json,trend auxiliary; not a full character usage table
4.1.2,2026-04-19,moc,混沌回忆,robin,Robin,知更鸟,4.38,4.1.2/histograph.json,trend auxiliary; not a full character usage table
4.1.2,2026-04-19,pf,虚构叙事,robin,Robin,知更鸟,5.67,4.1.2/histograph.json,trend auxiliary; not a full character usage table
4.1.2,2026-04-19,as,末日幻影,robin,Robin,知更鸟,6.88,4.1.2/histograph.json,trend auxiliary; not a full character usage table
4.1.2,2026-04-19,moc,混沌回忆,ruan-mei,Ruan Mei,阮•梅,8.17,4.1.2/histograph.json,trend auxiliary; not a full character usage table
4.1.2,2026-04-19,pf,虚构叙事,ruan-mei,Ruan Mei,阮•梅,11.33,4.1.2/histograph.json,trend auxiliary; not a full character usage table
4.1.2,2026-04-19,as,末日幻影,ruan-mei,Ruan Mei,阮•梅,24.2,4.1.2/histograph.json,trend auxiliary; not a full character usage table
4.1.2,2026-04-19,moc,混沌回忆,saber,Saber,Saber,1.4,4.1.2/histograph.json,trend auxiliary; not a full character usage table
4.1.2,2026-04-19,pf,虚构叙事,saber,Saber,Saber,1.0,4.1.2/histograph.json,trend auxiliary; not a full character usage table
4.1.2,2026-04-19,as,末日幻影,saber,Saber,Saber,3.52,4.1.2/histograph.json,trend auxiliary; not a full character usage table
4.1.2,2026-04-19,moc,混沌回忆,sampo,Sampo,桑博,0.0,4.1.2/histograph.json,trend auxiliary; not a full character usage table
4.1.2,2026-04-19,pf,虚构叙事,sampo,Sampo,桑博,0.0,4.1.2/histograph.json,trend auxiliary; not a full character usage table
4.1.2,2026-04-19,as,末日幻影,sampo,Sampo,桑博,0.02,4.1.2/histograph.json,trend auxiliary; not a full character usage table
4.1.2,2026-04-19,moc,混沌回忆,seele,Seele,希儿,0.02,4.1.2/histograph.json,trend auxiliary; not a full character usage table
4.1.2,2026-04-19,pf,虚构叙事,seele,Seele,希儿,0.04,4.1.2/histograph.json,trend auxiliary; not a full character usage table
4.1.2,2026-04-19,as,末日幻影,seele,Seele,希儿,0.0,4.1.2/histograph.json,trend auxiliary; not a full character usage table
4.1.2,2026-04-19,moc,混沌回忆,serval,Serval,希露瓦,0.17,4.1.2/histograph.json,trend auxiliary; not a full character usage table
4.1.2,2026-04-19,pf,虚构叙事,serval,Serval,希露瓦,0.26,4.1.2/histograph.json,trend auxiliary; not a full character usage table
4.1.2,2026-04-19,as,末日幻影,serval,Serval,希露瓦,0.58,4.1.2/histograph.json,trend auxiliary; not a full character usage table
4.1.2,2026-04-19,moc,混沌回忆,silver-wolf,Silver Wolf,银狼,2.25,4.1.2/histograph.json,trend auxiliary; not a full character usage table
4.1.2,2026-04-19,pf,虚构叙事,silver-wolf,Silver Wolf,银狼,0.96,4.1.2/histograph.json,trend auxiliary; not a full character usage table
4.1.2,2026-04-19,as,末日幻影,silver-wolf,Silver Wolf,银狼,2.95,4.1.2/histograph.json,trend auxiliary; not a full character usage table
4.1.2,2026-04-19,moc,混沌回忆,anaxa,Anaxa,那刻夏,3.46,4.1.2/histograph.json,trend auxiliary; not a full character usage table
4.1.2,2026-04-19,pf,虚构叙事,anaxa,Anaxa,那刻夏,3.63,4.1.2/histograph.json,trend auxiliary; not a full character usage table
4.1.2,2026-04-19,as,末日幻影,anaxa,Anaxa,那刻夏,6.25,4.1.2/histograph.json,trend auxiliary; not a full character usage table
4.1.2,2026-04-19,moc,混沌回忆,argenti,Argenti,银枝,0.01,4.1.2/histograph.json,trend auxiliary; not a full character usage table
4.1.2,2026-04-19,pf,虚构叙事,argenti,Argenti,银枝,0.33,4.1.2/histograph.json,trend auxiliary; not a full character usage table
4.1.2,2026-04-19,as,末日幻影,argenti,Argenti,银枝,0.03,4.1.2/histograph.json,trend auxiliary; not a full character usage table
4.1.2,2026-04-19,moc,混沌回忆,ashveil,Ashveil,不死途,3.22,4.1.2/histograph.json,trend auxiliary; not a full character usage table
4.1.2,2026-04-19,pf,虚构叙事,ashveil,Ashveil,不死途,5.51,4.1.2/histograph.json,trend auxiliary; not a full character usage table
4.1.2,2026-04-19,as,末日幻影,ashveil,Ashveil,不死途,0.64,4.1.2/histograph.json,trend auxiliary; not a full character usage table
4.1.2,2026-04-19,moc,混沌回忆,blade,Blade,刃,0.21,4.1.2/histograph.json,trend auxiliary; not a full character usage table
4.1.2,2026-04-19,pf,虚构叙事,blade,Blade,刃,0.18,4.1.2/histograph.json,trend auxiliary; not a full character usage table
4.1.2,2026-04-19,as,末日幻影,blade,Blade,刃,0.23,4.1.2/histograph.json,trend auxiliary; not a full character usage table
4.1.2,2026-04-19,moc,混沌回忆,march-7th-evernight,Evernight,长夜月,3.86,4.1.2/histograph.json,trend auxiliary; not a full character usage table
4.1.2,2026-04-19,pf,虚构叙事,march-7th-evernight,Evernight,长夜月,5.26,4.1.2/histograph.json,trend auxiliary; not a full character usage table
4.1.2,2026-04-19,as,末日幻影,march-7th-evernight,Evernight,长夜月,4.58,4.1.2/histograph.json,trend auxiliary; not a full character usage table
4.1.2,2026-04-19,moc,混沌回忆,sparkle,Sparkle,花火,33.15,4.1.2/histograph.json,trend auxiliary; not a full character usage table
4.1.2,2026-04-19,pf,虚构叙事,sparkle,Sparkle,花火,20.8,4.1.2/histograph.json,trend auxiliary; not a full character usage table
4.1.2,2026-04-19,as,末日幻影,sparkle,Sparkle,花火,23.54,4.1.2/histograph.json,trend auxiliary; not a full character usage table
4.1.2,2026-04-19,moc,混沌回忆,sparxie,Sparxie,火花,22.39,4.1.2/histograph.json,trend auxiliary; not a full character usage table
4.1.2,2026-04-19,pf,虚构叙事,sparxie,Sparxie,火花,16.91,4.1.2/histograph.json,trend auxiliary; not a full character usage table
4.1.2,2026-04-19,as,末日幻影,sparxie,Sparxie,火花,33.29,4.1.2/histograph.json,trend auxiliary; not a full character usage table
4.1.2,2026-04-19,moc,混沌回忆,sunday,Sunday,星期日,22.32,4.1.2/histograph.json,trend auxiliary; not a full character usage table
4.1.2,2026-04-19,pf,虚构叙事,sunday,Sunday,星期日,21.63,4.1.2/histograph.json,trend auxiliary; not a full character usage table
4.1.2,2026-04-19,as,末日幻影,sunday,Sunday,星期日,25.42,4.1.2/histograph.json,trend auxiliary; not a full character usage table
4.1.2,2026-04-19,moc,混沌回忆,anaxa,Anaxa,那刻夏,3.34,4.1.2/histograph.json,trend auxiliary; not a full character usage table
4.1.2,2026-04-19,pf,虚构叙事,anaxa,Anaxa,那刻夏,7.57,4.1.2/histograph.json,trend auxiliary; not a full character usage table
4.1.2,2026-04-19,as,末日幻影,anaxa,Anaxa,那刻夏,8.19,4.1.2/histograph.json,trend auxiliary; not a full character usage table
4.1.2,2026-04-19,moc,混沌回忆,argenti,Argenti,银枝,0.05,4.1.2/histograph.json,trend auxiliary; not a full character usage table
4.1.2,2026-04-19,pf,虚构叙事,argenti,Argenti,银枝,0.34,4.1.2/histograph.json,trend auxiliary; not a full character usage table
4.1.2,2026-04-19,as,末日幻影,argenti,Argenti,银枝,0.27,4.1.2/histograph.json,trend auxiliary; not a full character usage table
4.1.2,2026-04-19,moc,混沌回忆,ashveil,Ashveil,不死途,0.88,4.1.2/histograph.json,trend auxiliary; not a full character usage table
4.1.2,2026-04-19,pf,虚构叙事,ashveil,Ashveil,不死途,1.07,4.1.2/histograph.json,trend auxiliary; not a full character usage table
4.1.2,2026-04-19,as,末日幻影,ashveil,Ashveil,不死途,0.37,4.1.2/histograph.json,trend auxiliary; not a full character usage table
4.1.2,2026-04-19,moc,混沌回忆,blade,Blade,刃,0.09,4.1.2/histograph.json,trend auxiliary; not a full character usage table
4.1.2,2026-04-19,pf,虚构叙事,blade,Blade,刃,0.16,4.1.2/histograph.json,trend auxiliary; not a full character usage table
4.1.2,2026-04-19,as,末日幻影,blade,Blade,刃,0.08,4.1.2/histograph.json,trend auxiliary; not a full character usage table
4.1.2,2026-04-19,moc,混沌回忆,march-7th-evernight,Evernight,长夜月,41.3,4.1.2/histograph.json,trend auxiliary; not a full character usage table
4.1.2,2026-04-19,pf,虚构叙事,march-7th-evernight,Evernight,长夜月,43.46,4.1.2/histograph.json,trend auxiliary; not a full character usage table
4.1.2,2026-04-19,as,末日幻影,march-7th-evernight,Evernight,长夜月,41.07,4.1.2/histograph.json,trend auxiliary; not a full character usage table
4.1.2,2026-04-19,moc,混沌回忆,sushang,Sushang,素裳,0.01,4.1.2/histograph.json,trend auxiliary; not a full character usage table
4.1.2,2026-04-19,pf,虚构叙事,sushang,Sushang,素裳,0.0,4.1.2/histograph.json,trend auxiliary; not a full character usage table
4.1.2,2026-04-19,as,末日幻影,sushang,Sushang,素裳,0.0,4.1.2/histograph.json,trend auxiliary; not a full character usage table
4.1.2,2026-04-19,moc,混沌回忆,the-dahlia,The Dahlia,大丽花,24.35,4.1.2/histograph.json,trend auxiliary; not a full character usage table
4.1.2,2026-04-19,pf,虚构叙事,the-dahlia,The Dahlia,大丽花,27.06,4.1.2/histograph.json,trend auxiliary; not a full character usage table
4.1.2,2026-04-19,as,末日幻影,the-dahlia,The Dahlia,大丽花,35.37,4.1.2/histograph.json,trend auxiliary; not a full character usage table
4.1.2,2026-04-19,moc,混沌回忆,the-herta,The Herta,大黑塔,4.65,4.1.2/histograph.json,trend auxiliary; not a full character usage table
4.1.2,2026-04-19,pf,虚构叙事,the-herta,The Herta,大黑塔,21.18,4.1.2/histograph.json,trend auxiliary; not a full character usage table
4.1.2,2026-04-19,as,末日幻影,the-herta,The Herta,大黑塔,14.41,4.1.2/histograph.json,trend auxiliary; not a full character usage table
4.1.2,2026-04-19,moc,混沌回忆,tingyun,Tingyun,停云,0.25,4.1.2/histograph.json,trend auxiliary; not a full character usage table
4.1.2,2026-04-19,pf,虚构叙事,tingyun,Tingyun,停云,0.29,4.1.2/histograph.json,trend auxiliary; not a full character usage table
4.1.2,2026-04-19,as,末日幻影,tingyun,Tingyun,停云,0.38,4.1.2/histograph.json,trend auxiliary; not a full character usage table
4.1.2,2026-04-19,moc,混沌回忆,tingyun-fugue,Fugue,忘归人,20.99,4.1.2/histograph.json,trend auxiliary; not a full character usage table
4.1.2,2026-04-19,pf,虚构叙事,tingyun-fugue,Fugue,忘归人,24.36,4.1.2/histograph.json,trend auxiliary; not a full character usage table
4.1.2,2026-04-19,as,末日幻影,tingyun-fugue,Fugue,忘归人,26.94,4.1.2/histograph.json,trend auxiliary; not a full character usage table
4.1.2,2026-04-19,moc,混沌回忆,topaz,Topaz & Numby,托帕&账账,0.13,4.1.2/histograph.json,trend auxiliary; not a full character usage table
4.1.2,2026-04-19,pf,虚构叙事,topaz,Topaz & Numby,托帕&账账,0.04,4.1.2/histograph.json,trend auxiliary; not a full character usage table
4.1.2,2026-04-19,as,末日幻影,topaz,Topaz & Numby,托帕&账账,0.27,4.1.2/histograph.json,trend auxiliary; not a full character usage table
4.1.2,2026-04-19,moc,混沌回忆,trailblazer-destruction,Trailblazer - The Destruction,开拓者 - 毁灭,0.0,4.1.2/histograph.json,trend auxiliary; not a full character usage table
4.1.2,2026-04-19,pf,虚构叙事,trailblazer-destruction,Trailblazer - The Destruction,开拓者 - 毁灭,0.0,4.1.2/histograph.json,trend auxiliary; not a full character usage table
4.1.2,2026-04-19,as,末日幻影,trailblazer-destruction,Trailblazer - The Destruction,开拓者 - 毁灭,0.0,4.1.2/histograph.json,trend auxiliary; not a full character usage table
4.1.2,2026-04-19,moc,混沌回忆,trailblazer-harmony,Trailblazer - The Harmony,开拓者 - 同谐,7.26,4.1.2/histograph.json,trend auxiliary; not a full character usage table
4.1.2,2026-04-19,pf,虚构叙事,trailblazer-harmony,Trailblazer - The Harmony,开拓者 - 同谐,7.62,4.1.2/histograph.json,trend auxiliary; not a full character usage table
4.1.2,2026-04-19,as,末日幻影,trailblazer-harmony,Trailblazer - The Harmony,开拓者 - 同谐,9.82,4.1.2/histograph.json,trend auxiliary; not a full character usage table
4.1.2,2026-04-19,moc,混沌回忆,trailblazer-preservation,Trailblazer - The Preservation,开拓者 - 存护,0.0,4.1.2/histograph.json,trend auxiliary; not a full character usage table
4.1.2,2026-04-19,pf,虚构叙事,trailblazer-preservation,Trailblazer - The Preservation,开拓者 - 存护,0.0,4.1.2/histograph.json,trend auxiliary; not a full character usage table
4.1.2,2026-04-19,as,末日幻影,trailblazer-preservation,Trailblazer - The Preservation,开拓者 - 存护,0.0,4.1.2/histograph.json,trend auxiliary; not a full character usage table
4.1.2,2026-04-19,moc,混沌回忆,trailblazer-remembrance,Trailblazer - Remembrance,开拓者•记忆,19.51,4.1.2/histograph.json,trend auxiliary; not a full character usage table
4.1.2,2026-04-19,pf,虚构叙事,trailblazer-remembrance,Trailblazer - Remembrance,开拓者•记忆,24.67,4.1.2/histograph.json,trend auxiliary; not a full character usage table
4.1.2,2026-04-19,as,末日幻影,trailblazer-remembrance,Trailblazer - Remembrance,开拓者•记忆,26.45,4.1.2/histograph.json,trend auxiliary; not a full character usage table
4.1.2,2026-04-19,moc,混沌回忆,tribbie,Tribbie,缇宝,27.9,4.1.2/histograph.json,trend auxiliary; not a full character usage table
4.1.2,2026-04-19,pf,虚构叙事,tribbie,Tribbie,缇宝,39.94,4.1.2/histograph.json,trend auxiliary; not a full character usage table
4.1.2,2026-04-19,as,末日幻影,tribbie,Tribbie,缇宝,36.52,4.1.2/histograph.json,trend auxiliary; not a full character usage table
4.1.2,2026-04-19,moc,混沌回忆,welt,Welt,瓦尔特,0.01,4.1.2/histograph.json,trend auxiliary; not a full character usage table
4.1.2,2026-04-19,pf,虚构叙事,welt,Welt,瓦尔特,0.01,4.1.2/histograph.json,trend auxiliary; not a full character usage table
4.1.2,2026-04-19,as,末日幻影,welt,Welt,瓦尔特,0.01,4.1.2/histograph.json,trend auxiliary; not a full character usage table
4.1.2,2026-04-19,moc,混沌回忆,xueyi,Xueyi,雪衣,0.05,4.1.2/histograph.json,trend auxiliary; not a full character usage table
4.1.2,2026-04-19,pf,虚构叙事,xueyi,Xueyi,雪衣,0.03,4.1.2/histograph.json,trend auxiliary; not a full character usage table
4.1.2,2026-04-19,as,末日幻影,xueyi,Xueyi,雪衣,0.02,4.1.2/histograph.json,trend auxiliary; not a full character usage table
4.1.2,2026-04-19,moc,混沌回忆,yanqing,Yanqing,彦卿,0.01,4.1.2/histograph.json,trend auxiliary; not a full character usage table
4.1.2,2026-04-19,pf,虚构叙事,yanqing,Yanqing,彦卿,0.0,4.1.2/histograph.json,trend auxiliary; not a full character usage table
4.1.2,2026-04-19,as,末日幻影,yanqing,Yanqing,彦卿,0.0,4.1.2/histograph.json,trend auxiliary; not a full character usage table
4.1.2,2026-04-19,moc,混沌回忆,yao-guang,Yao Guang,爻光,19.7,4.1.2/histograph.json,trend auxiliary; not a full character usage table
4.1.2,2026-04-19,pf,虚构叙事,yao-guang,Yao Guang,爻光,24.34,4.1.2/histograph.json,trend auxiliary; not a full character usage table
4.1.2,2026-04-19,as,末日幻影,yao-guang,Yao Guang,爻光,40.1,4.1.2/histograph.json,trend auxiliary; not a full character usage table
4.1.2,2026-04-19,moc,混沌回忆,yukong,Yukong,驭空,0.01,4.1.2/histograph.json,trend auxiliary; not a full character usage table
4.1.2,2026-04-19,pf,虚构叙事,yukong,Yukong,驭空,0.0,4.1.2/histograph.json,trend auxiliary; not a full character usage table
4.1.2,2026-04-19,as,末日幻影,yukong,Yukong,驭空,0.01,4.1.2/histograph.json,trend auxiliary; not a full character usage table
4.1.2,2026-04-19,moc,混沌回忆,yunli,Yunli,云璃,0.13,4.1.2/histograph.json,trend auxiliary; not a full character usage table
4.1.2,2026-04-19,pf,虚构叙事,yunli,Yunli,云璃,0.38,4.1.2/histograph.json,trend auxiliary; not a full character usage table
4.1.2,2026-04-19,as,末日幻影,yunli,Yunli,云璃,0.06,4.1.2/histograph.json,trend auxiliary; not a full character usage table
4.2.1,2026-05-02,moc,混沌回忆,acheron,Acheron,黄泉,1.14,4.2.1/histograph.json,trend auxiliary; not a full character usage table
4.2.1,2026-05-02,pf,虚构叙事,acheron,Acheron,黄泉,1.87,4.2.1/histograph.json,trend auxiliary; not a full character usage table
4.2.1,2026-05-02,as,末日幻影,acheron,Acheron,黄泉,0.49,4.2.1/histograph.json,trend auxiliary; not a full character usage table
4.2.1,2026-05-02,moc,混沌回忆,aglaea,Aglaea,阿格莱雅,1.79,4.2.1/histograph.json,trend auxiliary; not a full character usage table
4.2.1,2026-05-02,pf,虚构叙事,aglaea,Aglaea,阿格莱雅,1.3,4.2.1/histograph.json,trend auxiliary; not a full character usage table
4.2.1,2026-05-02,as,末日幻影,aglaea,Aglaea,阿格莱雅,0.67,4.2.1/histograph.json,trend auxiliary; not a full character usage table
4.2.1,2026-05-02,moc,混沌回忆,archer,Archer,Archer,13.88,4.2.1/histograph.json,trend auxiliary; not a full character usage table
4.2.1,2026-05-02,pf,虚构叙事,archer,Archer,Archer,4.14,4.2.1/histograph.json,trend auxiliary; not a full character usage table
4.2.1,2026-05-02,as,末日幻影,archer,Archer,Archer,12.31,4.2.1/histograph.json,trend auxiliary; not a full character usage table
4.2.1,2026-05-02,moc,混沌回忆,arlan,Arlan,阿兰,0.0,4.2.1/histograph.json,trend auxiliary; not a full character usage table
4.2.1,2026-05-02,pf,虚构叙事,arlan,Arlan,阿兰,0.0,4.2.1/histograph.json,trend auxiliary; not a full character usage table
4.2.1,2026-05-02,as,末日幻影,arlan,Arlan,阿兰,0.0,4.2.1/histograph.json,trend auxiliary; not a full character usage table
4.2.1,2026-05-02,moc,混沌回忆,asta,Asta,艾丝妲,0.11,4.2.1/histograph.json,trend auxiliary; not a full character usage table
4.2.1,2026-05-02,pf,虚构叙事,asta,Asta,艾丝妲,0.07,4.2.1/histograph.json,trend auxiliary; not a full character usage table
4.2.1,2026-05-02,as,末日幻影,asta,Asta,艾丝妲,0.27,4.2.1/histograph.json,trend auxiliary; not a full character usage table
4.2.1,2026-05-02,moc,混沌回忆,aventurine,Aventurine,砂金,3.85,4.2.1/histograph.json,trend auxiliary; not a full character usage table
4.2.1,2026-05-02,pf,虚构叙事,aventurine,Aventurine,砂金,4.45,4.2.1/histograph.json,trend auxiliary; not a full character usage table
4.2.1,2026-05-02,as,末日幻影,aventurine,Aventurine,砂金,2.63,4.2.1/histograph.json,trend auxiliary; not a full character usage table
4.2.1,2026-05-02,moc,混沌回忆,bailu,Bailu,白露,0.11,4.2.1/histograph.json,trend auxiliary; not a full character usage table
4.2.1,2026-05-02,pf,虚构叙事,bailu,Bailu,白露,0.1,4.2.1/histograph.json,trend auxiliary; not a full character usage table
4.2.1,2026-05-02,as,末日幻影,bailu,Bailu,白露,0.12,4.2.1/histograph.json,trend auxiliary; not a full character usage table
4.2.1,2026-05-02,moc,混沌回忆,black-swan,Black Swan,黑天鹅,16.01,4.2.1/histograph.json,trend auxiliary; not a full character usage table
4.2.1,2026-05-02,pf,虚构叙事,black-swan,Black Swan,黑天鹅,17.75,4.2.1/histograph.json,trend auxiliary; not a full character usage table
4.2.1,2026-05-02,as,末日幻影,black-swan,Black Swan,黑天鹅,16.65,4.2.1/histograph.json,trend auxiliary; not a full character usage table
4.2.1,2026-05-02,moc,混沌回忆,boothill,Boothill,波提欧,0.62,4.2.1/histograph.json,trend auxiliary; not a full character usage table
4.2.1,2026-05-02,pf,虚构叙事,boothill,Boothill,波提欧,0.12,4.2.1/histograph.json,trend auxiliary; not a full character usage table
4.2.1,2026-05-02,as,末日幻影,boothill,Boothill,波提欧,1.28,4.2.1/histograph.json,trend auxiliary; not a full character usage table
4.2.1,2026-05-02,moc,混沌回忆,bronya,Bronya,布洛妮娅,3.93,4.2.1/histograph.json,trend auxiliary; not a full character usage table
4.2.1,2026-05-02,pf,虚构叙事,bronya,Bronya,布洛妮娅,4.5,4.2.1/histograph.json,trend auxiliary; not a full character usage table
4.2.1,2026-05-02,as,末日幻影,bronya,Bronya,布洛妮娅,3.76,4.2.1/histograph.json,trend auxiliary; not a full character usage table
4.2.1,2026-05-02,moc,混沌回忆,castorice,Castorice,遐蝶,48.06,4.2.1/histograph.json,trend auxiliary; not a full character usage table
4.2.1,2026-05-02,pf,虚构叙事,castorice,Castorice,遐蝶,52.95,4.2.1/histograph.json,trend auxiliary; not a full character usage table
4.2.1,2026-05-02,as,末日幻影,castorice,Castorice,遐蝶,53.16,4.2.1/histograph.json,trend auxiliary; not a full character usage table
4.2.1,2026-05-02,moc,混沌回忆,cerydra,Cerydra,刻律德菈,16.12,4.2.1/histograph.json,trend auxiliary; not a full character usage table
4.2.1,2026-05-02,pf,虚构叙事,cerydra,Cerydra,刻律德菈,14.75,4.2.1/histograph.json,trend auxiliary; not a full character usage table
4.2.1,2026-05-02,as,末日幻影,cerydra,Cerydra,刻律德菈,13.06,4.2.1/histograph.json,trend auxiliary; not a full character usage table
4.2.1,2026-05-02,moc,混沌回忆,cipher,Cipher,赛飞儿,2.94,4.2.1/histograph.json,trend auxiliary; not a full character usage table
4.2.1,2026-05-02,pf,虚构叙事,cipher,Cipher,赛飞儿,1.59,4.2.1/histograph.json,trend auxiliary; not a full character usage table
4.2.1,2026-05-02,as,末日幻影,cipher,Cipher,赛飞儿,1.65,4.2.1/histograph.json,trend auxiliary; not a full character usage table
4.2.1,2026-05-02,moc,混沌回忆,clara,Clara,克拉拉,0.08,4.2.1/histograph.json,trend auxiliary; not a full character usage table
4.2.1,2026-05-02,pf,虚构叙事,clara,Clara,克拉拉,0.22,4.2.1/histograph.json,trend auxiliary; not a full character usage table
4.2.1,2026-05-02,as,末日幻影,clara,Clara,克拉拉,0.03,4.2.1/histograph.json,trend auxiliary; not a full character usage table
4.2.1,2026-05-02,moc,混沌回忆,cyrene,Cyrene,昔涟,46.62,4.2.1/histograph.json,trend auxiliary; not a full character usage table
4.2.1,2026-05-02,pf,虚构叙事,cyrene,Cyrene,昔涟,50.18,4.2.1/histograph.json,trend auxiliary; not a full character usage table
4.2.1,2026-05-02,as,末日幻影,cyrene,Cyrene,昔涟,48.6,4.2.1/histograph.json,trend auxiliary; not a full character usage table
4.2.1,2026-05-02,moc,混沌回忆,dan-heng,Dan Heng,丹恒,0.0,4.2.1/histograph.json,trend auxiliary; not a full character usage table
4.2.1,2026-05-02,pf,虚构叙事,dan-heng,Dan Heng,丹恒,0.0,4.2.1/histograph.json,trend auxiliary; not a full character usage table
4.2.1,2026-05-02,as,末日幻影,dan-heng,Dan Heng,丹恒,0.0,4.2.1/histograph.json,trend auxiliary; not a full character usage table
4.2.1,2026-05-02,moc,混沌回忆,dan-heng-permansor-terrae,Dan Heng • Permansor Terrae,丹恒•腾荒,54.84,4.2.1/histograph.json,trend auxiliary; not a full character usage table
4.2.1,2026-05-02,pf,虚构叙事,dan-heng-permansor-terrae,Dan Heng • Permansor Terrae,丹恒•腾荒,53.84,4.2.1/histograph.json,trend auxiliary; not a full character usage table
4.2.1,2026-05-02,as,末日幻影,dan-heng-permansor-terrae,Dan Heng • Permansor Terrae,丹恒•腾荒,48.78,4.2.1/histograph.json,trend auxiliary; not a full character usage table
4.2.1,2026-05-02,moc,混沌回忆,dr-ratio,Dr. Ratio,真理医生,0.02,4.2.1/histograph.json,trend auxiliary; not a full character usage table
4.2.1,2026-05-02,pf,虚构叙事,dr-ratio,Dr. Ratio,真理医生,0.0,4.2.1/histograph.json,trend auxiliary; not a full character usage table
4.2.1,2026-05-02,as,末日幻影,dr-ratio,Dr. Ratio,真理医生,0.04,4.2.1/histograph.json,trend auxiliary; not a full character usage table
4.2.1,2026-05-02,moc,混沌回忆,feixiao,Feixiao,飞霄,0.79,4.2.1/histograph.json,trend auxiliary; not a full character usage table
4.2.1,2026-05-02,pf,虚构叙事,feixiao,Feixiao,飞霄,0.31,4.2.1/histograph.json,trend auxiliary; not a full character usage table
4.2.1,2026-05-02,as,末日幻影,feixiao,Feixiao,飞霄,0.74,4.2.1/histograph.json,trend auxiliary; not a full character usage table
4.2.1,2026-05-02,moc,混沌回忆,firefly,Firefly,流萤,22.99,4.2.1/histograph.json,trend auxiliary; not a full character usage table
4.2.1,2026-05-02,pf,虚构叙事,firefly,Firefly,流萤,23.16,4.2.1/histograph.json,trend auxiliary; not a full character usage table
4.2.1,2026-05-02,as,末日幻影,firefly,Firefly,流萤,27.84,4.2.1/histograph.json,trend auxiliary; not a full character usage table
4.2.1,2026-05-02,moc,混沌回忆,fu-xuan,Fu Xuan,符玄,1.07,4.2.1/histograph.json,trend auxiliary; not a full character usage table
4.2.1,2026-05-02,pf,虚构叙事,fu-xuan,Fu Xuan,符玄,1.19,4.2.1/histograph.json,trend auxiliary; not a full character usage table
4.2.1,2026-05-02,as,末日幻影,fu-xuan,Fu Xuan,符玄,1.27,4.2.1/histograph.json,trend auxiliary; not a full character usage table
4.2.1,2026-05-02,moc,混沌回忆,gallagher,Gallagher,加拉赫,6.19,4.2.1/histograph.json,trend auxiliary; not a full character usage table
4.2.1,2026-05-02,pf,虚构叙事,gallagher,Gallagher,加拉赫,7.37,4.2.1/histograph.json,trend auxiliary; not a full character usage table
4.2.1,2026-05-02,as,末日幻影,gallagher,Gallagher,加拉赫,9.0,4.2.1/histograph.json,trend auxiliary; not a full character usage table
4.2.1,2026-05-02,moc,混沌回忆,gepard,Gepard,杰帕德,0.01,4.2.1/histograph.json,trend auxiliary; not a full character usage table
4.2.1,2026-05-02,pf,虚构叙事,gepard,Gepard,杰帕德,0.01,4.2.1/histograph.json,trend auxiliary; not a full character usage table
4.2.1,2026-05-02,as,末日幻影,gepard,Gepard,杰帕德,0.01,4.2.1/histograph.json,trend auxiliary; not a full character usage table
4.2.1,2026-05-02,moc,混沌回忆,guinaifen,Guinaifen,桂乃芬,0.01,4.2.1/histograph.json,trend auxiliary; not a full character usage table
4.2.1,2026-05-02,pf,虚构叙事,guinaifen,Guinaifen,桂乃芬,0.01,4.2.1/histograph.json,trend auxiliary; not a full character usage table
4.2.1,2026-05-02,as,末日幻影,guinaifen,Guinaifen,桂乃芬,0.02,4.2.1/histograph.json,trend auxiliary; not a full character usage table
4.2.1,2026-05-02,moc,混沌回忆,hanya,Hanya,寒鸦,0.03,4.2.1/histograph.json,trend auxiliary; not a full character usage table
4.2.1,2026-05-02,pf,虚构叙事,hanya,Hanya,寒鸦,0.01,4.2.1/histograph.json,trend auxiliary; not a full character usage table
4.2.1,2026-05-02,as,末日幻影,hanya,Hanya,寒鸦,0.01,4.2.1/histograph.json,trend auxiliary; not a full character usage table
4.2.1,2026-05-02,moc,混沌回忆,herta,Herta,黑塔,0.51,4.2.1/histograph.json,trend auxiliary; not a full character usage table
4.2.1,2026-05-02,pf,虚构叙事,herta,Herta,黑塔,9.43,4.2.1/histograph.json,trend auxiliary; not a full character usage table
4.2.1,2026-05-02,as,末日幻影,herta,Herta,黑塔,0.49,4.2.1/histograph.json,trend auxiliary; not a full character usage table
4.2.1,2026-05-02,moc,混沌回忆,himeko,Himeko,姬子,0.05,4.2.1/histograph.json,trend auxiliary; not a full character usage table
4.2.1,2026-05-02,pf,虚构叙事,himeko,Himeko,姬子,2.23,4.2.1/histograph.json,trend auxiliary; not a full character usage table
4.2.1,2026-05-02,as,末日幻影,himeko,Himeko,姬子,0.11,4.2.1/histograph.json,trend auxiliary; not a full character usage table
4.2.1,2026-05-02,moc,混沌回忆,hook,Hook,虎克,0.01,4.2.1/histograph.json,trend auxiliary; not a full character usage table
4.2.1,2026-05-02,pf,虚构叙事,hook,Hook,虎克,0.0,4.2.1/histograph.json,trend auxiliary; not a full character usage table
4.2.1,2026-05-02,as,末日幻影,hook,Hook,虎克,0.0,4.2.1/histograph.json,trend auxiliary; not a full character usage table
4.2.1,2026-05-02,moc,混沌回忆,huohuo,Huohuo,藿藿,10.03,4.2.1/histograph.json,trend auxiliary; not a full character usage table
4.2.1,2026-05-02,pf,虚构叙事,huohuo,Huohuo,藿藿,10.01,4.2.1/histograph.json,trend auxiliary; not a full character usage table
4.2.1,2026-05-02,as,末日幻影,huohuo,Huohuo,藿藿,18.81,4.2.1/histograph.json,trend auxiliary; not a full character usage table
4.2.1,2026-05-02,moc,混沌回忆,hyacine,Hyacine,风堇,56.2,4.2.1/histograph.json,trend auxiliary; not a full character usage table
4.2.1,2026-05-02,pf,虚构叙事,hyacine,Hyacine,风堇,62.06,4.2.1/histograph.json,trend auxiliary; not a full character usage table
4.2.1,2026-05-02,as,末日幻影,hyacine,Hyacine,风堇,59.94,4.2.1/histograph.json,trend auxiliary; not a full character usage table
4.2.1,2026-05-02,moc,混沌回忆,hysilens,Hysilens,海瑟音,17.56,4.2.1/histograph.json,trend auxiliary; not a full character usage table
4.2.1,2026-05-02,pf,虚构叙事,hysilens,Hysilens,海瑟音,19.72,4.2.1/histograph.json,trend auxiliary; not a full character usage table
4.2.1,2026-05-02,as,末日幻影,hysilens,Hysilens,海瑟音,18.44,4.2.1/histograph.json,trend auxiliary; not a full character usage table
4.2.1,2026-05-02,moc,混沌回忆,imbibitor-lunae,Dan Heng • Imbibitor Lunae,丹恒•饮月,0.06,4.2.1/histograph.json,trend auxiliary; not a full character usage table
4.2.1,2026-05-02,pf,虚构叙事,imbibitor-lunae,Dan Heng • Imbibitor Lunae,丹恒•饮月,0.14,4.2.1/histograph.json,trend auxiliary; not a full character usage table
4.2.1,2026-05-02,as,末日幻影,imbibitor-lunae,Dan Heng • Imbibitor Lunae,丹恒•饮月,0.06,4.2.1/histograph.json,trend auxiliary; not a full character usage table
4.2.1,2026-05-02,moc,混沌回忆,jade,Jade,翡翠,0.6,4.2.1/histograph.json,trend auxiliary; not a full character usage table
4.2.1,2026-05-02,pf,虚构叙事,jade,Jade,翡翠,4.59,4.2.1/histograph.json,trend auxiliary; not a full character usage table
4.2.1,2026-05-02,as,末日幻影,jade,Jade,翡翠,0.73,4.2.1/histograph.json,trend auxiliary; not a full character usage table
4.2.1,2026-05-02,moc,混沌回忆,jiaoqiu,Jiaoqiu,椒丘,0.65,4.2.1/histograph.json,trend auxiliary; not a full character usage table
4.2.1,2026-05-02,pf,虚构叙事,jiaoqiu,Jiaoqiu,椒丘,1.4,4.2.1/histograph.json,trend auxiliary; not a full character usage table
4.2.1,2026-05-02,as,末日幻影,jiaoqiu,Jiaoqiu,椒丘,0.32,4.2.1/histograph.json,trend auxiliary; not a full character usage table
4.2.1,2026-05-02,moc,混沌回忆,jing-yuan,Jing Yuan,景元,0.16,4.2.1/histograph.json,trend auxiliary; not a full character usage table
4.2.1,2026-05-02,pf,虚构叙事,jing-yuan,Jing Yuan,景元,0.37,4.2.1/histograph.json,trend auxiliary; not a full character usage table
4.2.1,2026-05-02,as,末日幻影,jing-yuan,Jing Yuan,景元,0.07,4.2.1/histograph.json,trend auxiliary; not a full character usage table
4.2.1,2026-05-02,moc,混沌回忆,jingliu,Jingliu,镜流,0.08,4.2.1/histograph.json,trend auxiliary; not a full character usage table
4.2.1,2026-05-02,pf,虚构叙事,jingliu,Jingliu,镜流,0.13,4.2.1/histograph.json,trend auxiliary; not a full character usage table
4.2.1,2026-05-02,as,末日幻影,jingliu,Jingliu,镜流,0.08,4.2.1/histograph.json,trend auxiliary; not a full character usage table
4.2.1,2026-05-02,moc,混沌回忆,kafka,Kafka,卡芙卡,17.71,4.2.1/histograph.json,trend auxiliary; not a full character usage table
4.2.1,2026-05-02,pf,虚构叙事,kafka,Kafka,卡芙卡,20.14,4.2.1/histograph.json,trend auxiliary; not a full character usage table
4.2.1,2026-05-02,as,末日幻影,kafka,Kafka,卡芙卡,18.74,4.2.1/histograph.json,trend auxiliary; not a full character usage table
4.2.1,2026-05-02,moc,混沌回忆,lingsha,Lingsha,灵砂,12.97,4.2.1/histograph.json,trend auxiliary; not a full character usage table
4.2.1,2026-05-02,pf,虚构叙事,lingsha,Lingsha,灵砂,19.51,4.2.1/histograph.json,trend auxiliary; not a full character usage table
4.2.1,2026-05-02,as,末日幻影,lingsha,Lingsha,灵砂,15.77,4.2.1/histograph.json,trend auxiliary; not a full character usage table
4.2.1,2026-05-02,moc,混沌回忆,luka,Luka,卢卡,0.0,4.2.1/histograph.json,trend auxiliary; not a full character usage table
4.2.1,2026-05-02,pf,虚构叙事,luka,Luka,卢卡,0.0,4.2.1/histograph.json,trend auxiliary; not a full character usage table
4.2.1,2026-05-02,as,末日幻影,luka,Luka,卢卡,0.01,4.2.1/histograph.json,trend auxiliary; not a full character usage table
4.2.1,2026-05-02,moc,混沌回忆,luocha,Luocha,罗刹,1.57,4.2.1/histograph.json,trend auxiliary; not a full character usage table
4.2.1,2026-05-02,pf,虚构叙事,luocha,Luocha,罗刹,2.08,4.2.1/histograph.json,trend auxiliary; not a full character usage table
4.2.1,2026-05-02,as,末日幻影,luocha,Luocha,罗刹,2.67,4.2.1/histograph.json,trend auxiliary; not a full character usage table
4.2.1,2026-05-02,moc,混沌回忆,lynx,Lynx,玲可,0.01,4.2.1/histograph.json,trend auxiliary; not a full character usage table
4.2.1,2026-05-02,pf,虚构叙事,lynx,Lynx,玲可,0.03,4.2.1/histograph.json,trend auxiliary; not a full character usage table
4.2.1,2026-05-02,as,末日幻影,lynx,Lynx,玲可,0.02,4.2.1/histograph.json,trend auxiliary; not a full character usage table
4.2.1,2026-05-02,moc,混沌回忆,march-7th,March 7th,三月七 - 存护,0.0,4.2.1/histograph.json,trend auxiliary; not a full character usage table
4.2.1,2026-05-02,pf,虚构叙事,march-7th,March 7th,三月七 - 存护,0.01,4.2.1/histograph.json,trend auxiliary; not a full character usage table
4.2.1,2026-05-02,as,末日幻影,march-7th,March 7th,三月七 - 存护,0.01,4.2.1/histograph.json,trend auxiliary; not a full character usage table
4.2.1,2026-05-02,moc,混沌回忆,march-7th-swordmaster,March 7th: The Hunt,三月七•巡猎,0.05,4.2.1/histograph.json,trend auxiliary; not a full character usage table
4.2.1,2026-05-02,pf,虚构叙事,march-7th-swordmaster,March 7th: The Hunt,三月七•巡猎,0.01,4.2.1/histograph.json,trend auxiliary; not a full character usage table
4.2.1,2026-05-02,as,末日幻影,march-7th-swordmaster,March 7th: The Hunt,三月七•巡猎,0.23,4.2.1/histograph.json,trend auxiliary; not a full character usage table
4.2.1,2026-05-02,moc,混沌回忆,misha,Misha,米沙,0.0,4.2.1/histograph.json,trend auxiliary; not a full character usage table
4.2.1,2026-05-02,pf,虚构叙事,misha,Misha,米沙,0.0,4.2.1/histograph.json,trend auxiliary; not a full character usage table
4.2.1,2026-05-02,as,末日幻影,misha,Misha,米沙,0.0,4.2.1/histograph.json,trend auxiliary; not a full character usage table
4.2.1,2026-05-02,moc,混沌回忆,moze,Moze,貊泽,0.05,4.2.1/histograph.json,trend auxiliary; not a full character usage table
4.2.1,2026-05-02,pf,虚构叙事,moze,Moze,貊泽,0.01,4.2.1/histograph.json,trend auxiliary; not a full character usage table
4.2.1,2026-05-02,as,末日幻影,moze,Moze,貊泽,0.02,4.2.1/histograph.json,trend auxiliary; not a full character usage table
4.2.1,2026-05-02,moc,混沌回忆,mydei,Mydei,万敌,1.53,4.2.1/histograph.json,trend auxiliary; not a full character usage table
4.2.1,2026-05-02,pf,虚构叙事,mydei,Mydei,万敌,1.95,4.2.1/histograph.json,trend auxiliary; not a full character usage table
4.2.1,2026-05-02,as,末日幻影,mydei,Mydei,万敌,1.72,4.2.1/histograph.json,trend auxiliary; not a full character usage table
4.2.1,2026-05-02,moc,混沌回忆,natasha,Natasha,娜塔莎,0.01,4.2.1/histograph.json,trend auxiliary; not a full character usage table
4.2.1,2026-05-02,pf,虚构叙事,natasha,Natasha,娜塔莎,0.01,4.2.1/histograph.json,trend auxiliary; not a full character usage table
4.2.1,2026-05-02,as,末日幻影,natasha,Natasha,娜塔莎,0.01,4.2.1/histograph.json,trend auxiliary; not a full character usage table
4.2.1,2026-05-02,moc,混沌回忆,pela,Pela,佩拉,0.06,4.2.1/histograph.json,trend auxiliary; not a full character usage table
4.2.1,2026-05-02,pf,虚构叙事,pela,Pela,佩拉,0.09,4.2.1/histograph.json,trend auxiliary; not a full character usage table
4.2.1,2026-05-02,as,末日幻影,pela,Pela,佩拉,0.05,4.2.1/histograph.json,trend auxiliary; not a full character usage table
4.2.1,2026-05-02,moc,混沌回忆,phainon,Phainon,白厄,19.85,4.2.1/histograph.json,trend auxiliary; not a full character usage table
4.2.1,2026-05-02,pf,虚构叙事,phainon,Phainon,白厄,18.46,4.2.1/histograph.json,trend auxiliary; not a full character usage table
4.2.1,2026-05-02,as,末日幻影,phainon,Phainon,白厄,15.08,4.2.1/histograph.json,trend auxiliary; not a full character usage table
4.2.1,2026-05-02,moc,混沌回忆,qingque,Qingque,青雀,0.04,4.2.1/histograph.json,trend auxiliary; not a full character usage table
4.2.1,2026-05-02,pf,虚构叙事,qingque,Qingque,青雀,0.03,4.2.1/histograph.json,trend auxiliary; not a full character usage table
4.2.1,2026-05-02,as,末日幻影,qingque,Qingque,青雀,0.04,4.2.1/histograph.json,trend auxiliary; not a full character usage table
4.2.1,2026-05-02,moc,混沌回忆,rappa,Rappa,乱破,0.8,4.2.1/histograph.json,trend auxiliary; not a full character usage table
4.2.1,2026-05-02,pf,虚构叙事,rappa,Rappa,乱破,2.65,4.2.1/histograph.json,trend auxiliary; not a full character usage table
4.2.1,2026-05-02,as,末日幻影,rappa,Rappa,乱破,1.58,4.2.1/histograph.json,trend auxiliary; not a full character usage table
4.2.1,2026-05-02,moc,混沌回忆,robin,Robin,知更鸟,4.45,4.2.1/histograph.json,trend auxiliary; not a full character usage table
4.2.1,2026-05-02,pf,虚构叙事,robin,Robin,知更鸟,5.76,4.2.1/histograph.json,trend auxiliary; not a full character usage table
4.2.1,2026-05-02,as,末日幻影,robin,Robin,知更鸟,3.69,4.2.1/histograph.json,trend auxiliary; not a full character usage table
4.2.1,2026-05-02,moc,混沌回忆,ruan-mei,Ruan Mei,阮•梅,8.52,4.2.1/histograph.json,trend auxiliary; not a full character usage table
4.2.1,2026-05-02,pf,虚构叙事,ruan-mei,Ruan Mei,阮•梅,11.4,4.2.1/histograph.json,trend auxiliary; not a full character usage table
4.2.1,2026-05-02,as,末日幻影,ruan-mei,Ruan Mei,阮•梅,15.45,4.2.1/histograph.json,trend auxiliary; not a full character usage table
4.2.1,2026-05-02,moc,混沌回忆,saber,Saber,Saber,1.35,4.2.1/histograph.json,trend auxiliary; not a full character usage table
4.2.1,2026-05-02,pf,虚构叙事,saber,Saber,Saber,1.0,4.2.1/histograph.json,trend auxiliary; not a full character usage table
4.2.1,2026-05-02,as,末日幻影,saber,Saber,Saber,1.12,4.2.1/histograph.json,trend auxiliary; not a full character usage table
4.2.1,2026-05-02,moc,混沌回忆,sampo,Sampo,桑博,0.0,4.2.1/histograph.json,trend auxiliary; not a full character usage table
4.2.1,2026-05-02,pf,虚构叙事,sampo,Sampo,桑博,0.0,4.2.1/histograph.json,trend auxiliary; not a full character usage table
4.2.1,2026-05-02,as,末日幻影,sampo,Sampo,桑博,0.02,4.2.1/histograph.json,trend auxiliary; not a full character usage table
4.2.1,2026-05-02,moc,混沌回忆,seele,Seele,希儿,0.31,4.2.1/histograph.json,trend auxiliary; not a full character usage table
4.2.1,2026-05-02,pf,虚构叙事,seele,Seele,希儿,0.39,4.2.1/histograph.json,trend auxiliary; not a full character usage table
4.2.1,2026-05-02,as,末日幻影,seele,Seele,希儿,0.14,4.2.1/histograph.json,trend auxiliary; not a full character usage table
4.2.1,2026-05-02,moc,混沌回忆,serval,Serval,希露瓦,0.15,4.2.1/histograph.json,trend auxiliary; not a full character usage table
4.2.1,2026-05-02,pf,虚构叙事,serval,Serval,希露瓦,0.25,4.2.1/histograph.json,trend auxiliary; not a full character usage table
4.2.1,2026-05-02,as,末日幻影,serval,Serval,希露瓦,0.09,4.2.1/histograph.json,trend auxiliary; not a full character usage table
4.2.1,2026-05-02,moc,混沌回忆,silver-wolf,Silver Wolf,银狼,2.24,4.2.1/histograph.json,trend auxiliary; not a full character usage table
4.2.1,2026-05-02,pf,虚构叙事,silver-wolf,Silver Wolf,银狼,0.94,4.2.1/histograph.json,trend auxiliary; not a full character usage table
4.2.1,2026-05-02,as,末日幻影,silver-wolf,Silver Wolf,银狼,1.96,4.2.1/histograph.json,trend auxiliary; not a full character usage table
4.2.1,2026-05-02,moc,混沌回忆,silver-wolf-lv-999,Silver Wolf LV.999,银狼LV.999,16.37,4.2.1/histograph.json,trend auxiliary; not a full character usage table
4.2.1,2026-05-02,pf,虚构叙事,silver-wolf-lv-999,Silver Wolf LV.999,银狼LV.999,9.05,4.2.1/histograph.json,trend auxiliary; not a full character usage table
4.2.1,2026-05-02,as,末日幻影,silver-wolf-lv-999,Silver Wolf LV.999,银狼LV.999,51.35,4.2.1/histograph.json,trend auxiliary; not a full character usage table
4.2.1,2026-05-02,moc,混沌回忆,anaxa,Anaxa,那刻夏,3.32,4.2.1/histograph.json,trend auxiliary; not a full character usage table
4.2.1,2026-05-02,pf,虚构叙事,anaxa,Anaxa,那刻夏,3.58,4.2.1/histograph.json,trend auxiliary; not a full character usage table
4.2.1,2026-05-02,as,末日幻影,anaxa,Anaxa,那刻夏,3.83,4.2.1/histograph.json,trend auxiliary; not a full character usage table
4.2.1,2026-05-02,moc,混沌回忆,argenti,Argenti,银枝,0.0,4.2.1/histograph.json,trend auxiliary; not a full character usage table
4.2.1,2026-05-02,pf,虚构叙事,argenti,Argenti,银枝,0.33,4.2.1/histograph.json,trend auxiliary; not a full character usage table
4.2.1,2026-05-02,as,末日幻影,argenti,Argenti,银枝,0.01,4.2.1/histograph.json,trend auxiliary; not a full character usage table
4.2.1,2026-05-02,moc,混沌回忆,ashveil,Ashveil,不死途,2.9,4.2.1/histograph.json,trend auxiliary; not a full character usage table
4.2.1,2026-05-02,pf,虚构叙事,ashveil,Ashveil,不死途,5.0,4.2.1/histograph.json,trend auxiliary; not a full character usage table
4.2.1,2026-05-02,as,末日幻影,ashveil,Ashveil,不死途,0.51,4.2.1/histograph.json,trend auxiliary; not a full character usage table
4.2.1,2026-05-02,moc,混沌回忆,blade,Blade,刃,0.19,4.2.1/histograph.json,trend auxiliary; not a full character usage table
4.2.1,2026-05-02,pf,虚构叙事,blade,Blade,刃,0.17,4.2.1/histograph.json,trend auxiliary; not a full character usage table
4.2.1,2026-05-02,as,末日幻影,blade,Blade,刃,0.22,4.2.1/histograph.json,trend auxiliary; not a full character usage table
4.2.1,2026-05-02,moc,混沌回忆,march-7th-evernight,Evernight,长夜月,3.6,4.2.1/histograph.json,trend auxiliary; not a full character usage table
4.2.1,2026-05-02,pf,虚构叙事,march-7th-evernight,Evernight,长夜月,5.1,4.2.1/histograph.json,trend auxiliary; not a full character usage table
4.2.1,2026-05-02,as,末日幻影,march-7th-evernight,Evernight,长夜月,3.26,4.2.1/histograph.json,trend auxiliary; not a full character usage table
4.2.1,2026-05-02,moc,混沌回忆,sparxie,Sparxie,火花,17.34,4.2.1/histograph.json,trend auxiliary; not a full character usage table
4.2.1,2026-05-02,pf,虚构叙事,sparxie,Sparxie,火花,25.06,4.2.1/histograph.json,trend auxiliary; not a full character usage table
4.2.1,2026-05-02,as,末日幻影,sparxie,Sparxie,火花,3.77,4.2.1/histograph.json,trend auxiliary; not a full character usage table
4.2.1,2026-05-02,moc,混沌回忆,sparkle,Sparkle,花火,30.47,4.2.1/histograph.json,trend auxiliary; not a full character usage table
4.2.1,2026-05-02,pf,虚构叙事,sparkle,Sparkle,花火,19.36,4.2.1/histograph.json,trend auxiliary; not a full character usage table
4.2.1,2026-05-02,as,末日幻影,sparkle,Sparkle,花火,28.31,4.2.1/histograph.json,trend auxiliary; not a full character usage table
4.2.1,2026-05-02,moc,混沌回忆,sunday,Sunday,星期日,21.86,4.2.1/histograph.json,trend auxiliary; not a full character usage table
4.2.1,2026-05-02,pf,虚构叙事,sunday,Sunday,星期日,21.44,4.2.1/histograph.json,trend auxiliary; not a full character usage table
4.2.1,2026-05-02,as,末日幻影,sunday,Sunday,星期日,16.5,4.2.1/histograph.json,trend auxiliary; not a full character usage table
4.2.1,2026-05-02,moc,混沌回忆,anaxa,Anaxa,那刻夏,3.26,4.2.1/histograph.json,trend auxiliary; not a full character usage table
4.2.1,2026-05-02,pf,虚构叙事,anaxa,Anaxa,那刻夏,7.52,4.2.1/histograph.json,trend auxiliary; not a full character usage table
4.2.1,2026-05-02,as,末日幻影,anaxa,Anaxa,那刻夏,4.03,4.2.1/histograph.json,trend auxiliary; not a full character usage table
4.2.1,2026-05-02,moc,混沌回忆,argenti,Argenti,银枝,0.04,4.2.1/histograph.json,trend auxiliary; not a full character usage table
4.2.1,2026-05-02,pf,虚构叙事,argenti,Argenti,银枝,0.32,4.2.1/histograph.json,trend auxiliary; not a full character usage table
4.2.1,2026-05-02,as,末日幻影,argenti,Argenti,银枝,0.05,4.2.1/histograph.json,trend auxiliary; not a full character usage table
4.2.1,2026-05-02,moc,混沌回忆,ashveil,Ashveil,不死途,0.82,4.2.1/histograph.json,trend auxiliary; not a full character usage table
4.2.1,2026-05-02,pf,虚构叙事,ashveil,Ashveil,不死途,1.08,4.2.1/histograph.json,trend auxiliary; not a full character usage table
4.2.1,2026-05-02,as,末日幻影,ashveil,Ashveil,不死途,0.32,4.2.1/histograph.json,trend auxiliary; not a full character usage table
4.2.1,2026-05-02,moc,混沌回忆,blade,Blade,刃,0.08,4.2.1/histograph.json,trend auxiliary; not a full character usage table
4.2.1,2026-05-02,pf,虚构叙事,blade,Blade,刃,0.15,4.2.1/histograph.json,trend auxiliary; not a full character usage table
4.2.1,2026-05-02,as,末日幻影,blade,Blade,刃,0.13,4.2.1/histograph.json,trend auxiliary; not a full character usage table
4.2.1,2026-05-02,moc,混沌回忆,march-7th-evernight,Evernight,长夜月,40.77,4.2.1/histograph.json,trend auxiliary; not a full character usage table
4.2.1,2026-05-02,pf,虚构叙事,march-7th-evernight,Evernight,长夜月,43.09,4.2.1/histograph.json,trend auxiliary; not a full character usage table
4.2.1,2026-05-02,as,末日幻影,march-7th-evernight,Evernight,长夜月,44.05,4.2.1/histograph.json,trend auxiliary; not a full character usage table
4.2.1,2026-05-02,moc,混沌回忆,sparxie,Sparxie,火花,11.46,4.2.1/histograph.json,trend auxiliary; not a full character usage table
4.2.1,2026-05-02,pf,虚构叙事,sparxie,Sparxie,火花,6.06,4.2.1/histograph.json,trend auxiliary; not a full character usage table
4.2.1,2026-05-02,as,末日幻影,sparxie,Sparxie,火花,38.22,4.2.1/histograph.json,trend auxiliary; not a full character usage table
4.2.1,2026-05-02,moc,混沌回忆,sushang,Sushang,素裳,0.0,4.2.1/histograph.json,trend auxiliary; not a full character usage table
4.2.1,2026-05-02,pf,虚构叙事,sushang,Sushang,素裳,0.0,4.2.1/histograph.json,trend auxiliary; not a full character usage table
4.2.1,2026-05-02,as,末日幻影,sushang,Sushang,素裳,0.02,4.2.1/histograph.json,trend auxiliary; not a full character usage table
4.2.1,2026-05-02,moc,混沌回忆,the-dahlia,The Dahlia,大丽花,24.76,4.2.1/histograph.json,trend auxiliary; not a full character usage table
4.2.1,2026-05-02,pf,虚构叙事,the-dahlia,The Dahlia,大丽花,27.62,4.2.1/histograph.json,trend auxiliary; not a full character usage table
4.2.1,2026-05-02,as,末日幻影,the-dahlia,The Dahlia,大丽花,29.97,4.2.1/histograph.json,trend auxiliary; not a full character usage table
4.2.1,2026-05-02,moc,混沌回忆,the-herta,The Herta,大黑塔,4.5,4.2.1/histograph.json,trend auxiliary; not a full character usage table
4.2.1,2026-05-02,pf,虚构叙事,the-herta,The Herta,大黑塔,20.91,4.2.1/histograph.json,trend auxiliary; not a full character usage table
4.2.1,2026-05-02,as,末日幻影,the-herta,The Herta,大黑塔,5.23,4.2.1/histograph.json,trend auxiliary; not a full character usage table
4.2.1,2026-05-02,moc,混沌回忆,tingyun,Tingyun,停云,0.24,4.2.1/histograph.json,trend auxiliary; not a full character usage table
4.2.1,2026-05-02,pf,虚构叙事,tingyun,Tingyun,停云,0.29,4.2.1/histograph.json,trend auxiliary; not a full character usage table
4.2.1,2026-05-02,as,末日幻影,tingyun,Tingyun,停云,0.2,4.2.1/histograph.json,trend auxiliary; not a full character usage table
4.2.1,2026-05-02,moc,混沌回忆,tingyun-fugue,Fugue,忘归人,21.21,4.2.1/histograph.json,trend auxiliary; not a full character usage table
4.2.1,2026-05-02,pf,虚构叙事,tingyun-fugue,Fugue,忘归人,24.76,4.2.1/histograph.json,trend auxiliary; not a full character usage table
4.2.1,2026-05-02,as,末日幻影,tingyun-fugue,Fugue,忘归人,26.31,4.2.1/histograph.json,trend auxiliary; not a full character usage table
4.2.1,2026-05-02,moc,混沌回忆,topaz,Topaz & Numby,托帕&账账,0.13,4.2.1/histograph.json,trend auxiliary; not a full character usage table
4.2.1,2026-05-02,pf,虚构叙事,topaz,Topaz & Numby,托帕&账账,0.04,4.2.1/histograph.json,trend auxiliary; not a full character usage table
4.2.1,2026-05-02,as,末日幻影,topaz,Topaz & Numby,托帕&账账,0.2,4.2.1/histograph.json,trend auxiliary; not a full character usage table
4.2.1,2026-05-02,moc,混沌回忆,trailblazer-destruction,Trailblazer - The Destruction,开拓者 - 毁灭,0.0,4.2.1/histograph.json,trend auxiliary; not a full character usage table
4.2.1,2026-05-02,pf,虚构叙事,trailblazer-destruction,Trailblazer - The Destruction,开拓者 - 毁灭,0.0,4.2.1/histograph.json,trend auxiliary; not a full character usage table
4.2.1,2026-05-02,as,末日幻影,trailblazer-destruction,Trailblazer - The Destruction,开拓者 - 毁灭,0.0,4.2.1/histograph.json,trend auxiliary; not a full character usage table
4.2.1,2026-05-02,moc,混沌回忆,trailblazer-elation,Trailblazer: Elation,开拓者•欢愉,6.03,4.2.1/histograph.json,trend auxiliary; not a full character usage table
4.2.1,2026-05-02,pf,虚构叙事,trailblazer-elation,Trailblazer: Elation,开拓者•欢愉,3.91,4.2.1/histograph.json,trend auxiliary; not a full character usage table
4.2.1,2026-05-02,as,末日幻影,trailblazer-elation,Trailblazer: Elation,开拓者•欢愉,17.84,4.2.1/histograph.json,trend auxiliary; not a full character usage table
4.2.1,2026-05-02,moc,混沌回忆,trailblazer-harmony,Trailblazer - The Harmony,开拓者 - 同谐,7.32,4.2.1/histograph.json,trend auxiliary; not a full character usage table
4.2.1,2026-05-02,pf,虚构叙事,trailblazer-harmony,Trailblazer - The Harmony,开拓者 - 同谐,7.68,4.2.1/histograph.json,trend auxiliary; not a full character usage table
4.2.1,2026-05-02,as,末日幻影,trailblazer-harmony,Trailblazer - The Harmony,开拓者 - 同谐,8.82,4.2.1/histograph.json,trend auxiliary; not a full character usage table
4.2.1,2026-05-02,moc,混沌回忆,trailblazer-preservation,Trailblazer - The Preservation,开拓者 - 存护,0.0,4.2.1/histograph.json,trend auxiliary; not a full character usage table
4.2.1,2026-05-02,pf,虚构叙事,trailblazer-preservation,Trailblazer - The Preservation,开拓者 - 存护,0.0,4.2.1/histograph.json,trend auxiliary; not a full character usage table
4.2.1,2026-05-02,as,末日幻影,trailblazer-preservation,Trailblazer - The Preservation,开拓者 - 存护,0.0,4.2.1/histograph.json,trend auxiliary; not a full character usage table
4.2.1,2026-05-02,moc,混沌回忆,trailblazer-remembrance,Trailblazer - Remembrance,开拓者•记忆,18.6,4.2.1/histograph.json,trend auxiliary; not a full character usage table
4.2.1,2026-05-02,pf,虚构叙事,trailblazer-remembrance,Trailblazer - Remembrance,开拓者•记忆,24.23,4.2.1/histograph.json,trend auxiliary; not a full character usage table
4.2.1,2026-05-02,as,末日幻影,trailblazer-remembrance,Trailblazer - Remembrance,开拓者•记忆,18.78,4.2.1/histograph.json,trend auxiliary; not a full character usage table
4.2.1,2026-05-02,moc,混沌回忆,tribbie,Tribbie,缇宝,27.32,4.2.1/histograph.json,trend auxiliary; not a full character usage table
4.2.1,2026-05-02,pf,虚构叙事,tribbie,Tribbie,缇宝,39.42,4.2.1/histograph.json,trend auxiliary; not a full character usage table
4.2.1,2026-05-02,as,末日幻影,tribbie,Tribbie,缇宝,27.26,4.2.1/histograph.json,trend auxiliary; not a full character usage table
4.2.1,2026-05-02,moc,混沌回忆,welt,Welt,瓦尔特,0.54,4.2.1/histograph.json,trend auxiliary; not a full character usage table
4.2.1,2026-05-02,pf,虚构叙事,welt,Welt,瓦尔特,0.08,4.2.1/histograph.json,trend auxiliary; not a full character usage table
4.2.1,2026-05-02,as,末日幻影,welt,Welt,瓦尔特,0.36,4.2.1/histograph.json,trend auxiliary; not a full character usage table
4.2.1,2026-05-02,moc,混沌回忆,xueyi,Xueyi,雪衣,0.04,4.2.1/histograph.json,trend auxiliary; not a full character usage table
4.2.1,2026-05-02,pf,虚构叙事,xueyi,Xueyi,雪衣,0.03,4.2.1/histograph.json,trend auxiliary; not a full character usage table
4.2.1,2026-05-02,as,末日幻影,xueyi,Xueyi,雪衣,0.04,4.2.1/histograph.json,trend auxiliary; not a full character usage table
4.2.1,2026-05-02,moc,混沌回忆,yanqing,Yanqing,彦卿,0.0,4.2.1/histograph.json,trend auxiliary; not a full character usage table
4.2.1,2026-05-02,pf,虚构叙事,yanqing,Yanqing,彦卿,0.0,4.2.1/histograph.json,trend auxiliary; not a full character usage table
4.2.1,2026-05-02,as,末日幻影,yanqing,Yanqing,彦卿,0.0,4.2.1/histograph.json,trend auxiliary; not a full character usage table
4.2.1,2026-05-02,moc,混沌回忆,yao-guang,Yao Guang,爻光,21.26,4.2.1/histograph.json,trend auxiliary; not a full character usage table
4.2.1,2026-05-02,pf,虚构叙事,yao-guang,Yao Guang,爻光,25.38,4.2.1/histograph.json,trend auxiliary; not a full character usage table
4.2.1,2026-05-02,as,末日幻影,yao-guang,Yao Guang,爻光,30.44,4.2.1/histograph.json,trend auxiliary; not a full character usage table
4.2.1,2026-05-02,moc,混沌回忆,yukong,Yukong,驭空,0.01,4.2.1/histograph.json,trend auxiliary; not a full character usage table
4.2.1,2026-05-02,pf,虚构叙事,yukong,Yukong,驭空,0.0,4.2.1/histograph.json,trend auxiliary; not a full character usage table
4.2.1,2026-05-02,as,末日幻影,yukong,Yukong,驭空,0.0,4.2.1/histograph.json,trend auxiliary; not a full character usage table
4.2.1,2026-05-02,moc,混沌回忆,yunli,Yunli,云璃,0.13,4.2.1/histograph.json,trend auxiliary; not a full character usage table
4.2.1,2026-05-02,pf,虚构叙事,yunli,Yunli,云璃,0.37,4.2.1/histograph.json,trend auxiliary; not a full character usage table
4.2.1,2026-05-02,as,末日幻影,yunli,Yunli,云璃,0.11,4.2.1/histograph.json,trend auxiliary; not a full character usage table
4.2.2,2026-05-16,moc,混沌回忆,acheron,Acheron,黄泉,1.13,4.2.2/histograph.json,trend auxiliary; not a full character usage table
4.2.2,2026-05-16,pf,虚构叙事,acheron,Acheron,黄泉,1.47,4.2.2/histograph.json,trend auxiliary; not a full character usage table
4.2.2,2026-05-16,as,末日幻影,acheron,Acheron,黄泉,0.49,4.2.2/histograph.json,trend auxiliary; not a full character usage table
4.2.2,2026-05-16,moc,混沌回忆,aglaea,Aglaea,阿格莱雅,1.73,4.2.2/histograph.json,trend auxiliary; not a full character usage table
4.2.2,2026-05-16,pf,虚构叙事,aglaea,Aglaea,阿格莱雅,1.13,4.2.2/histograph.json,trend auxiliary; not a full character usage table
4.2.2,2026-05-16,as,末日幻影,aglaea,Aglaea,阿格莱雅,0.67,4.2.2/histograph.json,trend auxiliary; not a full character usage table
4.2.2,2026-05-16,moc,混沌回忆,archer,Archer,Archer,13.67,4.2.2/histograph.json,trend auxiliary; not a full character usage table
4.2.2,2026-05-16,pf,虚构叙事,archer,Archer,Archer,4.34,4.2.2/histograph.json,trend auxiliary; not a full character usage table
4.2.2,2026-05-16,as,末日幻影,archer,Archer,Archer,12.2,4.2.2/histograph.json,trend auxiliary; not a full character usage table
4.2.2,2026-05-16,moc,混沌回忆,arlan,Arlan,阿兰,0.0,4.2.2/histograph.json,trend auxiliary; not a full character usage table
4.2.2,2026-05-16,pf,虚构叙事,arlan,Arlan,阿兰,0.0,4.2.2/histograph.json,trend auxiliary; not a full character usage table
4.2.2,2026-05-16,as,末日幻影,arlan,Arlan,阿兰,0.0,4.2.2/histograph.json,trend auxiliary; not a full character usage table
4.2.2,2026-05-16,moc,混沌回忆,asta,Asta,艾丝妲,0.14,4.2.2/histograph.json,trend auxiliary; not a full character usage table
4.2.2,2026-05-16,pf,虚构叙事,asta,Asta,艾丝妲,0.37,4.2.2/histograph.json,trend auxiliary; not a full character usage table
4.2.2,2026-05-16,as,末日幻影,asta,Asta,艾丝妲,0.29,4.2.2/histograph.json,trend auxiliary; not a full character usage table
4.2.2,2026-05-16,moc,混沌回忆,aventurine,Aventurine,砂金,3.83,4.2.2/histograph.json,trend auxiliary; not a full character usage table
4.2.2,2026-05-16,pf,虚构叙事,aventurine,Aventurine,砂金,3.91,4.2.2/histograph.json,trend auxiliary; not a full character usage table
4.2.2,2026-05-16,as,末日幻影,aventurine,Aventurine,砂金,2.65,4.2.2/histograph.json,trend auxiliary; not a full character usage table
4.2.2,2026-05-16,moc,混沌回忆,bailu,Bailu,白露,0.11,4.2.2/histograph.json,trend auxiliary; not a full character usage table
4.2.2,2026-05-16,pf,虚构叙事,bailu,Bailu,白露,0.08,4.2.2/histograph.json,trend auxiliary; not a full character usage table
4.2.2,2026-05-16,as,末日幻影,bailu,Bailu,白露,0.12,4.2.2/histograph.json,trend auxiliary; not a full character usage table
4.2.2,2026-05-16,moc,混沌回忆,black-swan,Black Swan,黑天鹅,15.77,4.2.2/histograph.json,trend auxiliary; not a full character usage table
4.2.2,2026-05-16,pf,虚构叙事,black-swan,Black Swan,黑天鹅,21.86,4.2.2/histograph.json,trend auxiliary; not a full character usage table
4.2.2,2026-05-16,as,末日幻影,black-swan,Black Swan,黑天鹅,16.74,4.2.2/histograph.json,trend auxiliary; not a full character usage table
4.2.2,2026-05-16,moc,混沌回忆,boothill,Boothill,波提欧,0.6,4.2.2/histograph.json,trend auxiliary; not a full character usage table
4.2.2,2026-05-16,pf,虚构叙事,boothill,Boothill,波提欧,0.06,4.2.2/histograph.json,trend auxiliary; not a full character usage table
4.2.2,2026-05-16,as,末日幻影,boothill,Boothill,波提欧,1.27,4.2.2/histograph.json,trend auxiliary; not a full character usage table
4.2.2,2026-05-16,moc,混沌回忆,bronya,Bronya,布洛妮娅,3.9,4.2.2/histograph.json,trend auxiliary; not a full character usage table
4.2.2,2026-05-16,pf,虚构叙事,bronya,Bronya,布洛妮娅,2.8,4.2.2/histograph.json,trend auxiliary; not a full character usage table
4.2.2,2026-05-16,as,末日幻影,bronya,Bronya,布洛妮娅,3.75,4.2.2/histograph.json,trend auxiliary; not a full character usage table
4.2.2,2026-05-16,moc,混沌回忆,castorice,Castorice,遐蝶,47.86,4.2.2/histograph.json,trend auxiliary; not a full character usage table
4.2.2,2026-05-16,pf,虚构叙事,castorice,Castorice,遐蝶,48.86,4.2.2/histograph.json,trend auxiliary; not a full character usage table
4.2.2,2026-05-16,as,末日幻影,castorice,Castorice,遐蝶,52.91,4.2.2/histograph.json,trend auxiliary; not a full character usage table
4.2.2,2026-05-16,moc,混沌回忆,cerydra,Cerydra,刻律德菈,15.87,4.2.2/histograph.json,trend auxiliary; not a full character usage table
4.2.2,2026-05-16,pf,虚构叙事,cerydra,Cerydra,刻律德菈,12.59,4.2.2/histograph.json,trend auxiliary; not a full character usage table
4.2.2,2026-05-16,as,末日幻影,cerydra,Cerydra,刻律德菈,12.91,4.2.2/histograph.json,trend auxiliary; not a full character usage table
4.2.2,2026-05-16,moc,混沌回忆,cipher,Cipher,赛飞儿,2.91,4.2.2/histograph.json,trend auxiliary; not a full character usage table
4.2.2,2026-05-16,pf,虚构叙事,cipher,Cipher,赛飞儿,1.24,4.2.2/histograph.json,trend auxiliary; not a full character usage table
4.2.2,2026-05-16,as,末日幻影,cipher,Cipher,赛飞儿,1.66,4.2.2/histograph.json,trend auxiliary; not a full character usage table
4.2.2,2026-05-16,moc,混沌回忆,clara,Clara,克拉拉,0.08,4.2.2/histograph.json,trend auxiliary; not a full character usage table
4.2.2,2026-05-16,pf,虚构叙事,clara,Clara,克拉拉,0.17,4.2.2/histograph.json,trend auxiliary; not a full character usage table
4.2.2,2026-05-16,as,末日幻影,clara,Clara,克拉拉,0.03,4.2.2/histograph.json,trend auxiliary; not a full character usage table
4.2.2,2026-05-16,moc,混沌回忆,cyrene,Cyrene,昔涟,46.25,4.2.2/histograph.json,trend auxiliary; not a full character usage table
4.2.2,2026-05-16,pf,虚构叙事,cyrene,Cyrene,昔涟,46.35,4.2.2/histograph.json,trend auxiliary; not a full character usage table
4.2.2,2026-05-16,as,末日幻影,cyrene,Cyrene,昔涟,48.2,4.2.2/histograph.json,trend auxiliary; not a full character usage table
4.2.2,2026-05-16,moc,混沌回忆,dan-heng,Dan Heng,丹恒,0.0,4.2.2/histograph.json,trend auxiliary; not a full character usage table
4.2.2,2026-05-16,pf,虚构叙事,dan-heng,Dan Heng,丹恒,0.0,4.2.2/histograph.json,trend auxiliary; not a full character usage table
4.2.2,2026-05-16,as,末日幻影,dan-heng,Dan Heng,丹恒,0.0,4.2.2/histograph.json,trend auxiliary; not a full character usage table
4.2.2,2026-05-16,moc,混沌回忆,dan-heng-permansor-terrae,Dan Heng • Permansor Terrae,丹恒•腾荒,53.98,4.2.2/histograph.json,trend auxiliary; not a full character usage table
4.2.2,2026-05-16,pf,虚构叙事,dan-heng-permansor-terrae,Dan Heng • Permansor Terrae,丹恒•腾荒,53.97,4.2.2/histograph.json,trend auxiliary; not a full character usage table
4.2.2,2026-05-16,as,末日幻影,dan-heng-permansor-terrae,Dan Heng • Permansor Terrae,丹恒•腾荒,49.02,4.2.2/histograph.json,trend auxiliary; not a full character usage table
4.2.2,2026-05-16,moc,混沌回忆,dr-ratio,Dr. Ratio,真理医生,0.02,4.2.2/histograph.json,trend auxiliary; not a full character usage table
4.2.2,2026-05-16,pf,虚构叙事,dr-ratio,Dr. Ratio,真理医生,0.0,4.2.2/histograph.json,trend auxiliary; not a full character usage table
4.2.2,2026-05-16,as,末日幻影,dr-ratio,Dr. Ratio,真理医生,0.04,4.2.2/histograph.json,trend auxiliary; not a full character usage table
4.2.2,2026-05-16,moc,混沌回忆,evanescia,Evanescia,绯英,3.82,4.2.2/histograph.json,trend auxiliary; not a full character usage table
4.2.2,2026-05-16,pf,虚构叙事,evanescia,Evanescia,绯英,4.83,4.2.2/histograph.json,trend auxiliary; not a full character usage table
4.2.2,2026-05-16,as,末日幻影,evanescia,Evanescia,绯英,4.09,4.2.2/histograph.json,trend auxiliary; not a full character usage table
4.2.2,2026-05-16,moc,混沌回忆,feixiao,Feixiao,飞霄,0.78,4.2.2/histograph.json,trend auxiliary; not a full character usage table
4.2.2,2026-05-16,pf,虚构叙事,feixiao,Feixiao,飞霄,0.31,4.2.2/histograph.json,trend auxiliary; not a full character usage table
4.2.2,2026-05-16,as,末日幻影,feixiao,Feixiao,飞霄,0.74,4.2.2/histograph.json,trend auxiliary; not a full character usage table
4.2.2,2026-05-16,moc,混沌回忆,firefly,Firefly,流萤,23.03,4.2.2/histograph.json,trend auxiliary; not a full character usage table
4.2.2,2026-05-16,pf,虚构叙事,firefly,Firefly,流萤,15.89,4.2.2/histograph.json,trend auxiliary; not a full character usage table
4.2.2,2026-05-16,as,末日幻影,firefly,Firefly,流萤,27.76,4.2.2/histograph.json,trend auxiliary; not a full character usage table
4.2.2,2026-05-16,moc,混沌回忆,fu-xuan,Fu Xuan,符玄,1.07,4.2.2/histograph.json,trend auxiliary; not a full character usage table
4.2.2,2026-05-16,pf,虚构叙事,fu-xuan,Fu Xuan,符玄,1.36,4.2.2/histograph.json,trend auxiliary; not a full character usage table
4.2.2,2026-05-16,as,末日幻影,fu-xuan,Fu Xuan,符玄,1.28,4.2.2/histograph.json,trend auxiliary; not a full character usage table
4.2.2,2026-05-16,moc,混沌回忆,gallagher,Gallagher,加拉赫,6.17,4.2.2/histograph.json,trend auxiliary; not a full character usage table
4.2.2,2026-05-16,pf,虚构叙事,gallagher,Gallagher,加拉赫,4.71,4.2.2/histograph.json,trend auxiliary; not a full character usage table
4.2.2,2026-05-16,as,末日幻影,gallagher,Gallagher,加拉赫,9.12,4.2.2/histograph.json,trend auxiliary; not a full character usage table
4.2.2,2026-05-16,moc,混沌回忆,gepard,Gepard,杰帕德,0.01,4.2.2/histograph.json,trend auxiliary; not a full character usage table
4.2.2,2026-05-16,pf,虚构叙事,gepard,Gepard,杰帕德,0.01,4.2.2/histograph.json,trend auxiliary; not a full character usage table
4.2.2,2026-05-16,as,末日幻影,gepard,Gepard,杰帕德,0.01,4.2.2/histograph.json,trend auxiliary; not a full character usage table
4.2.2,2026-05-16,moc,混沌回忆,guinaifen,Guinaifen,桂乃芬,0.01,4.2.2/histograph.json,trend auxiliary; not a full character usage table
4.2.2,2026-05-16,pf,虚构叙事,guinaifen,Guinaifen,桂乃芬,0.01,4.2.2/histograph.json,trend auxiliary; not a full character usage table
4.2.2,2026-05-16,as,末日幻影,guinaifen,Guinaifen,桂乃芬,0.02,4.2.2/histograph.json,trend auxiliary; not a full character usage table
4.2.2,2026-05-16,moc,混沌回忆,hanya,Hanya,寒鸦,0.03,4.2.2/histograph.json,trend auxiliary; not a full character usage table
4.2.2,2026-05-16,pf,虚构叙事,hanya,Hanya,寒鸦,0.0,4.2.2/histograph.json,trend auxiliary; not a full character usage table
4.2.2,2026-05-16,as,末日幻影,hanya,Hanya,寒鸦,0.01,4.2.2/histograph.json,trend auxiliary; not a full character usage table
4.2.2,2026-05-16,moc,混沌回忆,herta,Herta,黑塔,0.49,4.2.2/histograph.json,trend auxiliary; not a full character usage table
4.2.2,2026-05-16,pf,虚构叙事,herta,Herta,黑塔,6.65,4.2.2/histograph.json,trend auxiliary; not a full character usage table
4.2.2,2026-05-16,as,末日幻影,herta,Herta,黑塔,0.5,4.2.2/histograph.json,trend auxiliary; not a full character usage table
4.2.2,2026-05-16,moc,混沌回忆,himeko,Himeko,姬子,0.05,4.2.2/histograph.json,trend auxiliary; not a full character usage table
4.2.2,2026-05-16,pf,虚构叙事,himeko,Himeko,姬子,1.24,4.2.2/histograph.json,trend auxiliary; not a full character usage table
4.2.2,2026-05-16,as,末日幻影,himeko,Himeko,姬子,0.11,4.2.2/histograph.json,trend auxiliary; not a full character usage table
4.2.2,2026-05-16,moc,混沌回忆,hook,Hook,虎克,0.0,4.2.2/histograph.json,trend auxiliary; not a full character usage table
4.2.2,2026-05-16,pf,虚构叙事,hook,Hook,虎克,0.0,4.2.2/histograph.json,trend auxiliary; not a full character usage table
4.2.2,2026-05-16,as,末日幻影,hook,Hook,虎克,0.0,4.2.2/histograph.json,trend auxiliary; not a full character usage table
4.2.2,2026-05-16,moc,混沌回忆,huohuo,Huohuo,藿藿,11.31,4.2.2/histograph.json,trend auxiliary; not a full character usage table
4.2.2,2026-05-16,pf,虚构叙事,huohuo,Huohuo,藿藿,23.64,4.2.2/histograph.json,trend auxiliary; not a full character usage table
4.2.2,2026-05-16,as,末日幻影,huohuo,Huohuo,藿藿,19.08,4.2.2/histograph.json,trend auxiliary; not a full character usage table
4.2.2,2026-05-16,moc,混沌回忆,hyacine,Hyacine,风堇,55.77,4.2.2/histograph.json,trend auxiliary; not a full character usage table
4.2.2,2026-05-16,pf,虚构叙事,hyacine,Hyacine,风堇,58.72,4.2.2/histograph.json,trend auxiliary; not a full character usage table
4.2.2,2026-05-16,as,末日幻影,hyacine,Hyacine,风堇,59.71,4.2.2/histograph.json,trend auxiliary; not a full character usage table
4.2.2,2026-05-16,moc,混沌回忆,hysilens,Hysilens,海瑟音,17.28,4.2.2/histograph.json,trend auxiliary; not a full character usage table
4.2.2,2026-05-16,pf,虚构叙事,hysilens,Hysilens,海瑟音,23.42,4.2.2/histograph.json,trend auxiliary; not a full character usage table
4.2.2,2026-05-16,as,末日幻影,hysilens,Hysilens,海瑟音,18.54,4.2.2/histograph.json,trend auxiliary; not a full character usage table
4.2.2,2026-05-16,moc,混沌回忆,imbibitor-lunae,Dan Heng • Imbibitor Lunae,丹恒•饮月,0.06,4.2.2/histograph.json,trend auxiliary; not a full character usage table
4.2.2,2026-05-16,pf,虚构叙事,imbibitor-lunae,Dan Heng • Imbibitor Lunae,丹恒•饮月,0.15,4.2.2/histograph.json,trend auxiliary; not a full character usage table
4.2.2,2026-05-16,as,末日幻影,imbibitor-lunae,Dan Heng • Imbibitor Lunae,丹恒•饮月,0.05,4.2.2/histograph.json,trend auxiliary; not a full character usage table
4.2.2,2026-05-16,moc,混沌回忆,jade,Jade,翡翠,0.59,4.2.2/histograph.json,trend auxiliary; not a full character usage table
4.2.2,2026-05-16,pf,虚构叙事,jade,Jade,翡翠,3.55,4.2.2/histograph.json,trend auxiliary; not a full character usage table
4.2.2,2026-05-16,as,末日幻影,jade,Jade,翡翠,0.69,4.2.2/histograph.json,trend auxiliary; not a full character usage table
4.2.2,2026-05-16,moc,混沌回忆,jiaoqiu,Jiaoqiu,椒丘,0.64,4.2.2/histograph.json,trend auxiliary; not a full character usage table
4.2.2,2026-05-16,pf,虚构叙事,jiaoqiu,Jiaoqiu,椒丘,1.08,4.2.2/histograph.json,trend auxiliary; not a full character usage table
4.2.2,2026-05-16,as,末日幻影,jiaoqiu,Jiaoqiu,椒丘,0.32,4.2.2/histograph.json,trend auxiliary; not a full character usage table
4.2.2,2026-05-16,moc,混沌回忆,jing-yuan,Jing Yuan,景元,0.15,4.2.2/histograph.json,trend auxiliary; not a full character usage table
4.2.2,2026-05-16,pf,虚构叙事,jing-yuan,Jing Yuan,景元,0.32,4.2.2/histograph.json,trend auxiliary; not a full character usage table
4.2.2,2026-05-16,as,末日幻影,jing-yuan,Jing Yuan,景元,0.07,4.2.2/histograph.json,trend auxiliary; not a full character usage table
4.2.2,2026-05-16,moc,混沌回忆,jingliu,Jingliu,镜流,0.08,4.2.2/histograph.json,trend auxiliary; not a full character usage table
4.2.2,2026-05-16,pf,虚构叙事,jingliu,Jingliu,镜流,0.07,4.2.2/histograph.json,trend auxiliary; not a full character usage table
4.2.2,2026-05-16,as,末日幻影,jingliu,Jingliu,镜流,0.08,4.2.2/histograph.json,trend auxiliary; not a full character usage table
4.2.2,2026-05-16,moc,混沌回忆,kafka,Kafka,卡芙卡,17.43,4.2.2/histograph.json,trend auxiliary; not a full character usage table
4.2.2,2026-05-16,pf,虚构叙事,kafka,Kafka,卡芙卡,23.92,4.2.2/histograph.json,trend auxiliary; not a full character usage table
4.2.2,2026-05-16,as,末日幻影,kafka,Kafka,卡芙卡,18.84,4.2.2/histograph.json,trend auxiliary; not a full character usage table
4.2.2,2026-05-16,moc,混沌回忆,lingsha,Lingsha,灵砂,12.91,4.2.2/histograph.json,trend auxiliary; not a full character usage table
4.2.2,2026-05-16,pf,虚构叙事,lingsha,Lingsha,灵砂,12.87,4.2.2/histograph.json,trend auxiliary; not a full character usage table
4.2.2,2026-05-16,as,末日幻影,lingsha,Lingsha,灵砂,15.86,4.2.2/histograph.json,trend auxiliary; not a full character usage table
4.2.2,2026-05-16,moc,混沌回忆,luka,Luka,卢卡,0.0,4.2.2/histograph.json,trend auxiliary; not a full character usage table
4.2.2,2026-05-16,pf,虚构叙事,luka,Luka,卢卡,0.0,4.2.2/histograph.json,trend auxiliary; not a full character usage table
4.2.2,2026-05-16,as,末日幻影,luka,Luka,卢卡,0.01,4.2.2/histograph.json,trend auxiliary; not a full character usage table
4.2.2,2026-05-16,moc,混沌回忆,luocha,Luocha,罗刹,1.58,4.2.2/histograph.json,trend auxiliary; not a full character usage table
4.2.2,2026-05-16,pf,虚构叙事,luocha,Luocha,罗刹,1.63,4.2.2/histograph.json,trend auxiliary; not a full character usage table
4.2.2,2026-05-16,as,末日幻影,luocha,Luocha,罗刹,2.68,4.2.2/histograph.json,trend auxiliary; not a full character usage table
4.2.2,2026-05-16,moc,混沌回忆,lynx,Lynx,玲可,0.01,4.2.2/histograph.json,trend auxiliary; not a full character usage table
4.2.2,2026-05-16,pf,虚构叙事,lynx,Lynx,玲可,0.02,4.2.2/histograph.json,trend auxiliary; not a full character usage table
4.2.2,2026-05-16,as,末日幻影,lynx,Lynx,玲可,0.02,4.2.2/histograph.json,trend auxiliary; not a full character usage table
4.2.2,2026-05-16,moc,混沌回忆,march-7th,March 7th,三月七 - 存护,0.0,4.2.2/histograph.json,trend auxiliary; not a full character usage table
4.2.2,2026-05-16,pf,虚构叙事,march-7th,March 7th,三月七 - 存护,0.0,4.2.2/histograph.json,trend auxiliary; not a full character usage table
4.2.2,2026-05-16,as,末日幻影,march-7th,March 7th,三月七 - 存护,0.01,4.2.2/histograph.json,trend auxiliary; not a full character usage table
4.2.2,2026-05-16,moc,混沌回忆,march-7th-swordmaster,March 7th: The Hunt,三月七•巡猎,0.04,4.2.2/histograph.json,trend auxiliary; not a full character usage table
4.2.2,2026-05-16,pf,虚构叙事,march-7th-swordmaster,March 7th: The Hunt,三月七•巡猎,0.01,4.2.2/histograph.json,trend auxiliary; not a full character usage table
4.2.2,2026-05-16,as,末日幻影,march-7th-swordmaster,March 7th: The Hunt,三月七•巡猎,0.23,4.2.2/histograph.json,trend auxiliary; not a full character usage table
4.2.2,2026-05-16,moc,混沌回忆,misha,Misha,米沙,0.0,4.2.2/histograph.json,trend auxiliary; not a full character usage table
4.2.2,2026-05-16,pf,虚构叙事,misha,Misha,米沙,0.0,4.2.2/histograph.json,trend auxiliary; not a full character usage table
4.2.2,2026-05-16,as,末日幻影,misha,Misha,米沙,0.0,4.2.2/histograph.json,trend auxiliary; not a full character usage table
4.2.2,2026-05-16,moc,混沌回忆,moze,Moze,貊泽,0.05,4.2.2/histograph.json,trend auxiliary; not a full character usage table
4.2.2,2026-05-16,pf,虚构叙事,moze,Moze,貊泽,0.01,4.2.2/histograph.json,trend auxiliary; not a full character usage table
4.2.2,2026-05-16,as,末日幻影,moze,Moze,貊泽,0.02,4.2.2/histograph.json,trend auxiliary; not a full character usage table
4.2.2,2026-05-16,moc,混沌回忆,mydei,Mydei,万敌,1.5,4.2.2/histograph.json,trend auxiliary; not a full character usage table
4.2.2,2026-05-16,pf,虚构叙事,mydei,Mydei,万敌,1.73,4.2.2/histograph.json,trend auxiliary; not a full character usage table
4.2.2,2026-05-16,as,末日幻影,mydei,Mydei,万敌,1.72,4.2.2/histograph.json,trend auxiliary; not a full character usage table
4.2.2,2026-05-16,moc,混沌回忆,natasha,Natasha,娜塔莎,0.01,4.2.2/histograph.json,trend auxiliary; not a full character usage table
4.2.2,2026-05-16,pf,虚构叙事,natasha,Natasha,娜塔莎,0.01,4.2.2/histograph.json,trend auxiliary; not a full character usage table
4.2.2,2026-05-16,as,末日幻影,natasha,Natasha,娜塔莎,0.01,4.2.2/histograph.json,trend auxiliary; not a full character usage table
4.2.2,2026-05-16,moc,混沌回忆,pela,Pela,佩拉,0.06,4.2.2/histograph.json,trend auxiliary; not a full character usage table
4.2.2,2026-05-16,pf,虚构叙事,pela,Pela,佩拉,0.06,4.2.2/histograph.json,trend auxiliary; not a full character usage table
4.2.2,2026-05-16,as,末日幻影,pela,Pela,佩拉,0.05,4.2.2/histograph.json,trend auxiliary; not a full character usage table
4.2.2,2026-05-16,moc,混沌回忆,phainon,Phainon,白厄,19.59,4.2.2/histograph.json,trend auxiliary; not a full character usage table
4.2.2,2026-05-16,pf,虚构叙事,phainon,Phainon,白厄,14.75,4.2.2/histograph.json,trend auxiliary; not a full character usage table
4.2.2,2026-05-16,as,末日幻影,phainon,Phainon,白厄,14.97,4.2.2/histograph.json,trend auxiliary; not a full character usage table
4.2.2,2026-05-16,moc,混沌回忆,qingque,Qingque,青雀,0.04,4.2.2/histograph.json,trend auxiliary; not a full character usage table
4.2.2,2026-05-16,pf,虚构叙事,qingque,Qingque,青雀,0.03,4.2.2/histograph.json,trend auxiliary; not a full character usage table
4.2.2,2026-05-16,as,末日幻影,qingque,Qingque,青雀,0.04,4.2.2/histograph.json,trend auxiliary; not a full character usage table
4.2.2,2026-05-16,moc,混沌回忆,rappa,Rappa,乱破,0.77,4.2.2/histograph.json,trend auxiliary; not a full character usage table
4.2.2,2026-05-16,pf,虚构叙事,rappa,Rappa,乱破,1.88,4.2.2/histograph.json,trend auxiliary; not a full character usage table
4.2.2,2026-05-16,as,末日幻影,rappa,Rappa,乱破,1.59,4.2.2/histograph.json,trend auxiliary; not a full character usage table
4.2.2,2026-05-16,moc,混沌回忆,robin,Robin,知更鸟,4.44,4.2.2/histograph.json,trend auxiliary; not a full character usage table
4.2.2,2026-05-16,pf,虚构叙事,robin,Robin,知更鸟,4.41,4.2.2/histograph.json,trend auxiliary; not a full character usage table
4.2.2,2026-05-16,as,末日幻影,robin,Robin,知更鸟,3.66,4.2.2/histograph.json,trend auxiliary; not a full character usage table
4.2.2,2026-05-16,moc,混沌回忆,ruan-mei,Ruan Mei,阮•梅,8.65,4.2.2/histograph.json,trend auxiliary; not a full character usage table
4.2.2,2026-05-16,pf,虚构叙事,ruan-mei,Ruan Mei,阮•梅,7.5,4.2.2/histograph.json,trend auxiliary; not a full character usage table
4.2.2,2026-05-16,as,末日幻影,ruan-mei,Ruan Mei,阮•梅,15.44,4.2.2/histograph.json,trend auxiliary; not a full character usage table
4.2.2,2026-05-16,moc,混沌回忆,saber,Saber,Saber,1.31,4.2.2/histograph.json,trend auxiliary; not a full character usage table
4.2.2,2026-05-16,pf,虚构叙事,saber,Saber,Saber,0.53,4.2.2/histograph.json,trend auxiliary; not a full character usage table
4.2.2,2026-05-16,as,末日幻影,saber,Saber,Saber,1.12,4.2.2/histograph.json,trend auxiliary; not a full character usage table
4.2.2,2026-05-16,moc,混沌回忆,sampo,Sampo,桑博,0.0,4.2.2/histograph.json,trend auxiliary; not a full character usage table
4.2.2,2026-05-16,pf,虚构叙事,sampo,Sampo,桑博,0.0,4.2.2/histograph.json,trend auxiliary; not a full character usage table
4.2.2,2026-05-16,as,末日幻影,sampo,Sampo,桑博,0.02,4.2.2/histograph.json,trend auxiliary; not a full character usage table
4.2.2,2026-05-16,moc,混沌回忆,seele,Seele,希儿,0.33,4.2.2/histograph.json,trend auxiliary; not a full character usage table
4.2.2,2026-05-16,pf,虚构叙事,seele,Seele,希儿,1.03,4.2.2/histograph.json,trend auxiliary; not a full character usage table
4.2.2,2026-05-16,as,末日幻影,seele,Seele,希儿,0.14,4.2.2/histograph.json,trend auxiliary; not a full character usage table
4.2.2,2026-05-16,moc,混沌回忆,serval,Serval,希露瓦,0.15,4.2.2/histograph.json,trend auxiliary; not a full character usage table
4.2.2,2026-05-16,pf,虚构叙事,serval,Serval,希露瓦,0.17,4.2.2/histograph.json,trend auxiliary; not a full character usage table
4.2.2,2026-05-16,as,末日幻影,serval,Serval,希露瓦,0.09,4.2.2/histograph.json,trend auxiliary; not a full character usage table
4.2.2,2026-05-16,moc,混沌回忆,silver-wolf,Silver Wolf,银狼,2.23,4.2.2/histograph.json,trend auxiliary; not a full character usage table
4.2.2,2026-05-16,pf,虚构叙事,silver-wolf,Silver Wolf,银狼,0.76,4.2.2/histograph.json,trend auxiliary; not a full character usage table
4.2.2,2026-05-16,as,末日幻影,silver-wolf,Silver Wolf,银狼,1.97,4.2.2/histograph.json,trend auxiliary; not a full character usage table
4.2.2,2026-05-16,moc,混沌回忆,silver-wolf-lv-999,Silver Wolf LV.999,银狼LV.999,19.16,4.2.2/histograph.json,trend auxiliary; not a full character usage table
4.2.2,2026-05-16,pf,虚构叙事,silver-wolf-lv-999,Silver Wolf LV.999,银狼LV.999,32.38,4.2.2/histograph.json,trend auxiliary; not a full character usage table
4.2.2,2026-05-16,as,末日幻影,silver-wolf-lv-999,Silver Wolf LV.999,银狼LV.999,50.05,4.2.2/histograph.json,trend auxiliary; not a full character usage table
4.2.2,2026-05-16,moc,混沌回忆,anaxa,Anaxa,那刻夏,3.26,4.2.2/histograph.json,trend auxiliary; not a full character usage table
4.2.2,2026-05-16,pf,虚构叙事,anaxa,Anaxa,那刻夏,2.02,4.2.2/histograph.json,trend auxiliary; not a full character usage table
4.2.2,2026-05-16,as,末日幻影,anaxa,Anaxa,那刻夏,3.79,4.2.2/histograph.json,trend auxiliary; not a full character usage table
4.2.2,2026-05-16,moc,混沌回忆,argenti,Argenti,银枝,0.0,4.2.2/histograph.json,trend auxiliary; not a full character usage table
4.2.2,2026-05-16,pf,虚构叙事,argenti,Argenti,银枝,0.25,4.2.2/histograph.json,trend auxiliary; not a full character usage table
4.2.2,2026-05-16,as,末日幻影,argenti,Argenti,银枝,0.01,4.2.2/histograph.json,trend auxiliary; not a full character usage table
4.2.2,2026-05-16,moc,混沌回忆,ashveil,Ashveil,不死途,2.76,4.2.2/histograph.json,trend auxiliary; not a full character usage table
4.2.2,2026-05-16,pf,虚构叙事,ashveil,Ashveil,不死途,3.44,4.2.2/histograph.json,trend auxiliary; not a full character usage table
4.2.2,2026-05-16,as,末日幻影,ashveil,Ashveil,不死途,0.52,4.2.2/histograph.json,trend auxiliary; not a full character usage table
4.2.2,2026-05-16,moc,混沌回忆,blade,Blade,刃,0.19,4.2.2/histograph.json,trend auxiliary; not a full character usage table
4.2.2,2026-05-16,pf,虚构叙事,blade,Blade,刃,0.14,4.2.2/histograph.json,trend auxiliary; not a full character usage table
4.2.2,2026-05-16,as,末日幻影,blade,Blade,刃,0.22,4.2.2/histograph.json,trend auxiliary; not a full character usage table
4.2.2,2026-05-16,moc,混沌回忆,march-7th-evernight,Evernight,长夜月,3.52,4.2.2/histograph.json,trend auxiliary; not a full character usage table
4.2.2,2026-05-16,pf,虚构叙事,march-7th-evernight,Evernight,长夜月,4.52,4.2.2/histograph.json,trend auxiliary; not a full character usage table
4.2.2,2026-05-16,as,末日幻影,march-7th-evernight,Evernight,长夜月,3.19,4.2.2/histograph.json,trend auxiliary; not a full character usage table
4.2.2,2026-05-16,moc,混沌回忆,sparxie,Sparxie,火花,15.24,4.2.2/histograph.json,trend auxiliary; not a full character usage table
4.2.2,2026-05-16,pf,虚构叙事,sparxie,Sparxie,火花,13.45,4.2.2/histograph.json,trend auxiliary; not a full character usage table
4.2.2,2026-05-16,as,末日幻影,sparxie,Sparxie,火花,3.44,4.2.2/histograph.json,trend auxiliary; not a full character usage table
4.2.2,2026-05-16,moc,混沌回忆,sparkle,Sparkle,花火,29.71,4.2.2/histograph.json,trend auxiliary; not a full character usage table
4.2.2,2026-05-16,pf,虚构叙事,sparkle,Sparkle,花火,22.87,4.2.2/histograph.json,trend auxiliary; not a full character usage table
4.2.2,2026-05-16,as,末日幻影,sparkle,Sparkle,花火,28.19,4.2.2/histograph.json,trend auxiliary; not a full character usage table
4.2.2,2026-05-16,moc,混沌回忆,sunday,Sunday,星期日,21.55,4.2.2/histograph.json,trend auxiliary; not a full character usage table
4.2.2,2026-05-16,pf,虚构叙事,sunday,Sunday,星期日,16.68,4.2.2/histograph.json,trend auxiliary; not a full character usage table
4.2.2,2026-05-16,as,末日幻影,sunday,Sunday,星期日,16.55,4.2.2/histograph.json,trend auxiliary; not a full character usage table
4.2.2,2026-05-16,moc,混沌回忆,anaxa,Anaxa,那刻夏,3.21,4.2.2/histograph.json,trend auxiliary; not a full character usage table
4.2.2,2026-05-16,pf,虚构叙事,anaxa,Anaxa,那刻夏,5.53,4.2.2/histograph.json,trend auxiliary; not a full character usage table
4.2.2,2026-05-16,as,末日幻影,anaxa,Anaxa,那刻夏,4.07,4.2.2/histograph.json,trend auxiliary; not a full character usage table
4.2.2,2026-05-16,moc,混沌回忆,argenti,Argenti,银枝,0.05,4.2.2/histograph.json,trend auxiliary; not a full character usage table
4.2.2,2026-05-16,pf,虚构叙事,argenti,Argenti,银枝,0.25,4.2.2/histograph.json,trend auxiliary; not a full character usage table
4.2.2,2026-05-16,as,末日幻影,argenti,Argenti,银枝,0.06,4.2.2/histograph.json,trend auxiliary; not a full character usage table
4.2.2,2026-05-16,moc,混沌回忆,ashveil,Ashveil,不死途,0.84,4.2.2/histograph.json,trend auxiliary; not a full character usage table
4.2.2,2026-05-16,pf,虚构叙事,ashveil,Ashveil,不死途,0.83,4.2.2/histograph.json,trend auxiliary; not a full character usage table
4.2.2,2026-05-16,as,末日幻影,ashveil,Ashveil,不死途,0.3,4.2.2/histograph.json,trend auxiliary; not a full character usage table
4.2.2,2026-05-16,moc,混沌回忆,blade,Blade,刃,0.08,4.2.2/histograph.json,trend auxiliary; not a full character usage table
4.2.2,2026-05-16,pf,虚构叙事,blade,Blade,刃,0.1,4.2.2/histograph.json,trend auxiliary; not a full character usage table
4.2.2,2026-05-16,as,末日幻影,blade,Blade,刃,0.13,4.2.2/histograph.json,trend auxiliary; not a full character usage table
4.2.2,2026-05-16,moc,混沌回忆,march-7th-evernight,Evernight,长夜月,40.56,4.2.2/histograph.json,trend auxiliary; not a full character usage table
4.2.2,2026-05-16,pf,虚构叙事,march-7th-evernight,Evernight,长夜月,41.96,4.2.2/histograph.json,trend auxiliary; not a full character usage table
4.2.2,2026-05-16,as,末日幻影,march-7th-evernight,Evernight,长夜月,43.7,4.2.2/histograph.json,trend auxiliary; not a full character usage table
4.2.2,2026-05-16,moc,混沌回忆,sparxie,Sparxie,火花,13.12,4.2.2/histograph.json,trend auxiliary; not a full character usage table
4.2.2,2026-05-16,pf,虚构叙事,sparxie,Sparxie,火花,22.64,4.2.2/histograph.json,trend auxiliary; not a full character usage table
4.2.2,2026-05-16,as,末日幻影,sparxie,Sparxie,火花,36.76,4.2.2/histograph.json,trend auxiliary; not a full character usage table
4.2.2,2026-05-16,moc,混沌回忆,sushang,Sushang,素裳,0.0,4.2.2/histograph.json,trend auxiliary; not a full character usage table
4.2.2,2026-05-16,pf,虚构叙事,sushang,Sushang,素裳,0.0,4.2.2/histograph.json,trend auxiliary; not a full character usage table
4.2.2,2026-05-16,as,末日幻影,sushang,Sushang,素裳,0.02,4.2.2/histograph.json,trend auxiliary; not a full character usage table
4.2.2,2026-05-16,moc,混沌回忆,the-dahlia,The Dahlia,大丽花,24.75,4.2.2/histograph.json,trend auxiliary; not a full character usage table
4.2.2,2026-05-16,pf,虚构叙事,the-dahlia,The Dahlia,大丽花,18.97,4.2.2/histograph.json,trend auxiliary; not a full character usage table
4.2.2,2026-05-16,as,末日幻影,the-dahlia,The Dahlia,大丽花,29.9,4.2.2/histograph.json,trend auxiliary; not a full character usage table
4.2.2,2026-05-16,moc,混沌回忆,the-herta,The Herta,大黑塔,4.43,4.2.2/histograph.json,trend auxiliary; not a full character usage table
4.2.2,2026-05-16,pf,虚构叙事,the-herta,The Herta,大黑塔,15.32,4.2.2/histograph.json,trend auxiliary; not a full character usage table
4.2.2,2026-05-16,as,末日幻影,the-herta,The Herta,大黑塔,5.27,4.2.2/histograph.json,trend auxiliary; not a full character usage table
4.2.2,2026-05-16,moc,混沌回忆,tingyun,Tingyun,停云,0.24,4.2.2/histograph.json,trend auxiliary; not a full character usage table
4.2.2,2026-05-16,pf,虚构叙事,tingyun,Tingyun,停云,0.22,4.2.2/histograph.json,trend auxiliary; not a full character usage table
4.2.2,2026-05-16,as,末日幻影,tingyun,Tingyun,停云,0.21,4.2.2/histograph.json,trend auxiliary; not a full character usage table
4.2.2,2026-05-16,moc,混沌回忆,tingyun-fugue,Fugue,忘归人,21.14,4.2.2/histograph.json,trend auxiliary; not a full character usage table
4.2.2,2026-05-16,pf,虚构叙事,tingyun-fugue,Fugue,忘归人,17.11,4.2.2/histograph.json,trend auxiliary; not a full character usage table
4.2.2,2026-05-16,as,末日幻影,tingyun-fugue,Fugue,忘归人,26.16,4.2.2/histograph.json,trend auxiliary; not a full character usage table
4.2.2,2026-05-16,moc,混沌回忆,topaz,Topaz & Numby,托帕&账账,0.13,4.2.2/histograph.json,trend auxiliary; not a full character usage table
4.2.2,2026-05-16,pf,虚构叙事,topaz,Topaz & Numby,托帕&账账,0.03,4.2.2/histograph.json,trend auxiliary; not a full character usage table
4.2.2,2026-05-16,as,末日幻影,topaz,Topaz & Numby,托帕&账账,0.2,4.2.2/histograph.json,trend auxiliary; not a full character usage table
4.2.2,2026-05-16,moc,混沌回忆,trailblazer-destruction,Trailblazer - The Destruction,开拓者 - 毁灭,0.0,4.2.2/histograph.json,trend auxiliary; not a full character usage table
4.2.2,2026-05-16,pf,虚构叙事,trailblazer-destruction,Trailblazer - The Destruction,开拓者 - 毁灭,0.0,4.2.2/histograph.json,trend auxiliary; not a full character usage table
4.2.2,2026-05-16,as,末日幻影,trailblazer-destruction,Trailblazer - The Destruction,开拓者 - 毁灭,0.0,4.2.2/histograph.json,trend auxiliary; not a full character usage table
4.2.2,2026-05-16,moc,混沌回忆,trailblazer-elation,Trailblazer: Elation,开拓者•欢愉,10.94,4.2.2/histograph.json,trend auxiliary; not a full character usage table
4.2.2,2026-05-16,pf,虚构叙事,trailblazer-elation,Trailblazer: Elation,开拓者•欢愉,14.89,4.2.2/histograph.json,trend auxiliary; not a full character usage table
4.2.2,2026-05-16,as,末日幻影,trailblazer-elation,Trailblazer: Elation,开拓者•欢愉,21.22,4.2.2/histograph.json,trend auxiliary; not a full character usage table
4.2.2,2026-05-16,moc,混沌回忆,trailblazer-harmony,Trailblazer - The Harmony,开拓者 - 同谐,7.26,4.2.2/histograph.json,trend auxiliary; not a full character usage table
4.2.2,2026-05-16,pf,虚构叙事,trailblazer-harmony,Trailblazer - The Harmony,开拓者 - 同谐,4.96,4.2.2/histograph.json,trend auxiliary; not a full character usage table
4.2.2,2026-05-16,as,末日幻影,trailblazer-harmony,Trailblazer - The Harmony,开拓者 - 同谐,8.69,4.2.2/histograph.json,trend auxiliary; not a full character usage table
4.2.2,2026-05-16,moc,混沌回忆,trailblazer-preservation,Trailblazer - The Preservation,开拓者 - 存护,0.0,4.2.2/histograph.json,trend auxiliary; not a full character usage table
4.2.2,2026-05-16,pf,虚构叙事,trailblazer-preservation,Trailblazer - The Preservation,开拓者 - 存护,0.0,4.2.2/histograph.json,trend auxiliary; not a full character usage table
4.2.2,2026-05-16,as,末日幻影,trailblazer-preservation,Trailblazer - The Preservation,开拓者 - 存护,0.0,4.2.2/histograph.json,trend auxiliary; not a full character usage table
4.2.2,2026-05-16,moc,混沌回忆,trailblazer-remembrance,Trailblazer - Remembrance,开拓者•记忆,18.24,4.2.2/histograph.json,trend auxiliary; not a full character usage table
4.2.2,2026-05-16,pf,虚构叙事,trailblazer-remembrance,Trailblazer - Remembrance,开拓者•记忆,18.09,4.2.2/histograph.json,trend auxiliary; not a full character usage table
4.2.2,2026-05-16,as,末日幻影,trailblazer-remembrance,Trailblazer - Remembrance,开拓者•记忆,18.66,4.2.2/histograph.json,trend auxiliary; not a full character usage table
4.2.2,2026-05-16,moc,混沌回忆,tribbie,Tribbie,缇宝,27.28,4.2.2/histograph.json,trend auxiliary; not a full character usage table
4.2.2,2026-05-16,pf,虚构叙事,tribbie,Tribbie,缇宝,34.28,4.2.2/histograph.json,trend auxiliary; not a full character usage table
4.2.2,2026-05-16,as,末日幻影,tribbie,Tribbie,缇宝,27.44,4.2.2/histograph.json,trend auxiliary; not a full character usage table
4.2.2,2026-05-16,moc,混沌回忆,welt,Welt,瓦尔特,0.6,4.2.2/histograph.json,trend auxiliary; not a full character usage table
4.2.2,2026-05-16,pf,虚构叙事,welt,Welt,瓦尔特,0.32,4.2.2/histograph.json,trend auxiliary; not a full character usage table
4.2.2,2026-05-16,as,末日幻影,welt,Welt,瓦尔特,0.37,4.2.2/histograph.json,trend auxiliary; not a full character usage table
4.2.2,2026-05-16,moc,混沌回忆,xueyi,Xueyi,雪衣,0.04,4.2.2/histograph.json,trend auxiliary; not a full character usage table
4.2.2,2026-05-16,pf,虚构叙事,xueyi,Xueyi,雪衣,0.02,4.2.2/histograph.json,trend auxiliary; not a full character usage table
4.2.2,2026-05-16,as,末日幻影,xueyi,Xueyi,雪衣,0.04,4.2.2/histograph.json,trend auxiliary; not a full character usage table
4.2.2,2026-05-16,moc,混沌回忆,yanqing,Yanqing,彦卿,0.0,4.2.2/histograph.json,trend auxiliary; not a full character usage table
4.2.2,2026-05-16,pf,虚构叙事,yanqing,Yanqing,彦卿,0.0,4.2.2/histograph.json,trend auxiliary; not a full character usage table
4.2.2,2026-05-16,as,末日幻影,yanqing,Yanqing,彦卿,0.0,4.2.2/histograph.json,trend auxiliary; not a full character usage table
4.2.2,2026-05-16,moc,混沌回忆,yao-guang,Yao Guang,爻光,22.14,4.2.2/histograph.json,trend auxiliary; not a full character usage table
4.2.2,2026-05-16,pf,虚构叙事,yao-guang,Yao Guang,爻光,34.64,4.2.2/histograph.json,trend auxiliary; not a full character usage table
4.2.2,2026-05-16,as,末日幻影,yao-guang,Yao Guang,爻光,30.82,4.2.2/histograph.json,trend auxiliary; not a full character usage table
4.2.2,2026-05-16,moc,混沌回忆,yukong,Yukong,驭空,0.01,4.2.2/histograph.json,trend auxiliary; not a full character usage table
4.2.2,2026-05-16,pf,虚构叙事,yukong,Yukong,驭空,0.0,4.2.2/histograph.json,trend auxiliary; not a full character usage table
4.2.2,2026-05-16,as,末日幻影,yukong,Yukong,驭空,0.0,4.2.2/histograph.json,trend auxiliary; not a full character usage table
4.2.2,2026-05-16,moc,混沌回忆,yunli,Yunli,云璃,0.13,4.2.2/histograph.json,trend auxiliary; not a full character usage table
4.2.2,2026-05-16,pf,虚构叙事,yunli,Yunli,云璃,0.26,4.2.2/histograph.json,trend auxiliary; not a full character usage table
4.2.2,2026-05-16,as,末日幻影,yunli,Yunli,云璃,0.11,4.2.2/histograph.json,trend auxiliary; not a full character usage table
4.2.3,2026-05-29,moc,混沌回忆,acheron,Acheron,黄泉,0.71,4.2.3/histograph.json,trend auxiliary; not a full character usage table
4.2.3,2026-05-29,pf,虚构叙事,acheron,Acheron,黄泉,1.46,4.2.3/histograph.json,trend auxiliary; not a full character usage table
4.2.3,2026-05-29,as,末日幻影,acheron,Acheron,黄泉,0.49,4.2.3/histograph.json,trend auxiliary; not a full character usage table
4.2.3,2026-05-29,aa,异相仲裁,acheron,Acheron,黄泉,1.59,4.2.3/histograph.json,trend auxiliary; not a full character usage table
4.2.3,2026-05-29,moc,混沌回忆,aglaea,Aglaea,阿格莱雅,1.25,4.2.3/histograph.json,trend auxiliary; not a full character usage table
4.2.3,2026-05-29,pf,虚构叙事,aglaea,Aglaea,阿格莱雅,1.12,4.2.3/histograph.json,trend auxiliary; not a full character usage table
4.2.3,2026-05-29,as,末日幻影,aglaea,Aglaea,阿格莱雅,0.67,4.2.3/histograph.json,trend auxiliary; not a full character usage table
4.2.3,2026-05-29,aa,异相仲裁,aglaea,Aglaea,阿格莱雅,1.83,4.2.3/histograph.json,trend auxiliary; not a full character usage table
4.2.3,2026-05-29,moc,混沌回忆,archer,Archer,Archer,8.83,4.2.3/histograph.json,trend auxiliary; not a full character usage table
4.2.3,2026-05-29,pf,虚构叙事,archer,Archer,Archer,4.3,4.2.3/histograph.json,trend auxiliary; not a full character usage table
4.2.3,2026-05-29,as,末日幻影,archer,Archer,Archer,12.16,4.2.3/histograph.json,trend auxiliary; not a full character usage table
4.2.3,2026-05-29,aa,异相仲裁,archer,Archer,Archer,29.4,4.2.3/histograph.json,trend auxiliary; not a full character usage table
4.2.3,2026-05-29,moc,混沌回忆,arlan,Arlan,阿兰,0.01,4.2.3/histograph.json,trend auxiliary; not a full character usage table
4.2.3,2026-05-29,pf,虚构叙事,arlan,Arlan,阿兰,0.0,4.2.3/histograph.json,trend auxiliary; not a full character usage table
4.2.3,2026-05-29,as,末日幻影,arlan,Arlan,阿兰,0.0,4.2.3/histograph.json,trend auxiliary; not a full character usage table
4.2.3,2026-05-29,aa,异相仲裁,arlan,Arlan,阿兰,0.0,4.2.3/histograph.json,trend auxiliary; not a full character usage table
4.2.3,2026-05-29,moc,混沌回忆,asta,Asta,艾丝妲,0.32,4.2.3/histograph.json,trend auxiliary; not a full character usage table
4.2.3,2026-05-29,pf,虚构叙事,asta,Asta,艾丝妲,0.35,4.2.3/histograph.json,trend auxiliary; not a full character usage table
4.2.3,2026-05-29,as,末日幻影,asta,Asta,艾丝妲,0.29,4.2.3/histograph.json,trend auxiliary; not a full character usage table
4.2.3,2026-05-29,aa,异相仲裁,asta,Asta,艾丝妲,0.58,4.2.3/histograph.json,trend auxiliary; not a full character usage table
4.2.3,2026-05-29,moc,混沌回忆,aventurine,Aventurine,砂金,3.51,4.2.3/histograph.json,trend auxiliary; not a full character usage table
4.2.3,2026-05-29,pf,虚构叙事,aventurine,Aventurine,砂金,3.93,4.2.3/histograph.json,trend auxiliary; not a full character usage table
4.2.3,2026-05-29,as,末日幻影,aventurine,Aventurine,砂金,2.66,4.2.3/histograph.json,trend auxiliary; not a full character usage table
4.2.3,2026-05-29,aa,异相仲裁,aventurine,Aventurine,砂金,12.32,4.2.3/histograph.json,trend auxiliary; not a full character usage table
4.2.3,2026-05-29,moc,混沌回忆,bailu,Bailu,白露,0.1,4.2.3/histograph.json,trend auxiliary; not a full character usage table
4.2.3,2026-05-29,pf,虚构叙事,bailu,Bailu,白露,0.1,4.2.3/histograph.json,trend auxiliary; not a full character usage table
4.2.3,2026-05-29,as,末日幻影,bailu,Bailu,白露,0.12,4.2.3/histograph.json,trend auxiliary; not a full character usage table
4.2.3,2026-05-29,aa,异相仲裁,bailu,Bailu,白露,0.85,4.2.3/histograph.json,trend auxiliary; not a full character usage table
4.2.3,2026-05-29,moc,混沌回忆,black-swan,Black Swan,黑天鹅,16.72,4.2.3/histograph.json,trend auxiliary; not a full character usage table
4.2.3,2026-05-29,pf,虚构叙事,black-swan,Black Swan,黑天鹅,21.76,4.2.3/histograph.json,trend auxiliary; not a full character usage table
4.2.3,2026-05-29,as,末日幻影,black-swan,Black Swan,黑天鹅,16.8,4.2.3/histograph.json,trend auxiliary; not a full character usage table
4.2.3,2026-05-29,aa,异相仲裁,black-swan,Black Swan,黑天鹅,26.34,4.2.3/histograph.json,trend auxiliary; not a full character usage table
4.2.3,2026-05-29,moc,混沌回忆,boothill,Boothill,波提欧,0.37,4.2.3/histograph.json,trend auxiliary; not a full character usage table
4.2.3,2026-05-29,pf,虚构叙事,boothill,Boothill,波提欧,0.06,4.2.3/histograph.json,trend auxiliary; not a full character usage table
4.2.3,2026-05-29,as,末日幻影,boothill,Boothill,波提欧,1.27,4.2.3/histograph.json,trend auxiliary; not a full character usage table
4.2.3,2026-05-29,aa,异相仲裁,boothill,Boothill,波提欧,0.89,4.2.3/histograph.json,trend auxiliary; not a full character usage table
4.2.3,2026-05-29,moc,混沌回忆,bronya,Bronya,布洛妮娅,2.19,4.2.3/histograph.json,trend auxiliary; not a full character usage table
4.2.3,2026-05-29,pf,虚构叙事,bronya,Bronya,布洛妮娅,2.81,4.2.3/histograph.json,trend auxiliary; not a full character usage table
4.2.3,2026-05-29,as,末日幻影,bronya,Bronya,布洛妮娅,3.76,4.2.3/histograph.json,trend auxiliary; not a full character usage table
4.2.3,2026-05-29,aa,异相仲裁,bronya,Bronya,布洛妮娅,5.38,4.2.3/histograph.json,trend auxiliary; not a full character usage table
4.2.3,2026-05-29,moc,混沌回忆,castorice,Castorice,遐蝶,39.48,4.2.3/histograph.json,trend auxiliary; not a full character usage table
4.2.3,2026-05-29,pf,虚构叙事,castorice,Castorice,遐蝶,48.77,4.2.3/histograph.json,trend auxiliary; not a full character usage table
4.2.3,2026-05-29,as,末日幻影,castorice,Castorice,遐蝶,52.76,4.2.3/histograph.json,trend auxiliary; not a full character usage table
4.2.3,2026-05-29,aa,异相仲裁,castorice,Castorice,遐蝶,63.42,4.2.3/histograph.json,trend auxiliary; not a full character usage table
4.2.3,2026-05-29,moc,混沌回忆,cerydra,Cerydra,刻律德菈,13.36,4.2.3/histograph.json,trend auxiliary; not a full character usage table
4.2.3,2026-05-29,pf,虚构叙事,cerydra,Cerydra,刻律德菈,12.37,4.2.3/histograph.json,trend auxiliary; not a full character usage table
4.2.3,2026-05-29,as,末日幻影,cerydra,Cerydra,刻律德菈,12.86,4.2.3/histograph.json,trend auxiliary; not a full character usage table
4.2.3,2026-05-29,aa,异相仲裁,cerydra,Cerydra,刻律德菈,19.38,4.2.3/histograph.json,trend auxiliary; not a full character usage table
4.2.3,2026-05-29,moc,混沌回忆,cipher,Cipher,赛飞儿,1.6,4.2.3/histograph.json,trend auxiliary; not a full character usage table
4.2.3,2026-05-29,pf,虚构叙事,cipher,Cipher,赛飞儿,1.25,4.2.3/histograph.json,trend auxiliary; not a full character usage table
4.2.3,2026-05-29,as,末日幻影,cipher,Cipher,赛飞儿,1.66,4.2.3/histograph.json,trend auxiliary; not a full character usage table
4.2.3,2026-05-29,aa,异相仲裁,cipher,Cipher,赛飞儿,5.55,4.2.3/histograph.json,trend auxiliary; not a full character usage table
4.2.3,2026-05-29,moc,混沌回忆,clara,Clara,克拉拉,0.06,4.2.3/histograph.json,trend auxiliary; not a full character usage table
4.2.3,2026-05-29,pf,虚构叙事,clara,Clara,克拉拉,0.18,4.2.3/histograph.json,trend auxiliary; not a full character usage table
4.2.3,2026-05-29,as,末日幻影,clara,Clara,克拉拉,0.02,4.2.3/histograph.json,trend auxiliary; not a full character usage table
4.2.3,2026-05-29,aa,异相仲裁,clara,Clara,克拉拉,0.09,4.2.3/histograph.json,trend auxiliary; not a full character usage table
4.2.3,2026-05-29,moc,混沌回忆,cyrene,Cyrene,昔涟,39.42,4.2.3/histograph.json,trend auxiliary; not a full character usage table
4.2.3,2026-05-29,pf,虚构叙事,cyrene,Cyrene,昔涟,45.97,4.2.3/histograph.json,trend auxiliary; not a full character usage table
4.2.3,2026-05-29,as,末日幻影,cyrene,Cyrene,昔涟,48.01,4.2.3/histograph.json,trend auxiliary; not a full character usage table
4.2.3,2026-05-29,aa,异相仲裁,cyrene,Cyrene,昔涟,57.38,4.2.3/histograph.json,trend auxiliary; not a full character usage table
4.2.3,2026-05-29,moc,混沌回忆,dan-heng,Dan Heng,丹恒,0.0,4.2.3/histograph.json,trend auxiliary; not a full character usage table
4.2.3,2026-05-29,pf,虚构叙事,dan-heng,Dan Heng,丹恒,0.0,4.2.3/histograph.json,trend auxiliary; not a full character usage table
4.2.3,2026-05-29,as,末日幻影,dan-heng,Dan Heng,丹恒,0.0,4.2.3/histograph.json,trend auxiliary; not a full character usage table
4.2.3,2026-05-29,aa,异相仲裁,dan-heng,Dan Heng,丹恒,0.0,4.2.3/histograph.json,trend auxiliary; not a full character usage table
4.2.3,2026-05-29,moc,混沌回忆,dan-heng-permansor-terrae,Dan Heng • Permansor Terrae,丹恒•腾荒,49.74,4.2.3/histograph.json,trend auxiliary; not a full character usage table
4.2.3,2026-05-29,pf,虚构叙事,dan-heng-permansor-terrae,Dan Heng • Permansor Terrae,丹恒•腾荒,53.85,4.2.3/histograph.json,trend auxiliary; not a full character usage table
4.2.3,2026-05-29,as,末日幻影,dan-heng-permansor-terrae,Dan Heng • Permansor Terrae,丹恒•腾荒,49.06,4.2.3/histograph.json,trend auxiliary; not a full character usage table
4.2.3,2026-05-29,aa,异相仲裁,dan-heng-permansor-terrae,Dan Heng • Permansor Terrae,丹恒•腾荒,71.1,4.2.3/histograph.json,trend auxiliary; not a full character usage table
4.2.3,2026-05-29,moc,混沌回忆,dr-ratio,Dr. Ratio,真理医生,0.02,4.2.3/histograph.json,trend auxiliary; not a full character usage table
4.2.3,2026-05-29,pf,虚构叙事,dr-ratio,Dr. Ratio,真理医生,0.0,4.2.3/histograph.json,trend auxiliary; not a full character usage table
4.2.3,2026-05-29,as,末日幻影,dr-ratio,Dr. Ratio,真理医生,0.03,4.2.3/histograph.json,trend auxiliary; not a full character usage table
4.2.3,2026-05-29,aa,异相仲裁,dr-ratio,Dr. Ratio,真理医生,0.02,4.2.3/histograph.json,trend auxiliary; not a full character usage table
4.2.3,2026-05-29,moc,混沌回忆,evanescia,Evanescia,绯英,8.96,4.2.3/histograph.json,trend auxiliary; not a full character usage table
4.2.3,2026-05-29,pf,虚构叙事,evanescia,Evanescia,绯英,10.78,4.2.3/histograph.json,trend auxiliary; not a full character usage table
4.2.3,2026-05-29,as,末日幻影,evanescia,Evanescia,绯英,6.15,4.2.3/histograph.json,trend auxiliary; not a full character usage table
4.2.3,2026-05-29,aa,异相仲裁,evanescia,Evanescia,绯英,11.06,4.2.3/histograph.json,trend auxiliary; not a full character usage table
4.2.3,2026-05-29,moc,混沌回忆,feixiao,Feixiao,飞霄,0.78,4.2.3/histograph.json,trend auxiliary; not a full character usage table
4.2.3,2026-05-29,pf,虚构叙事,feixiao,Feixiao,飞霄,0.31,4.2.3/histograph.json,trend auxiliary; not a full character usage table
4.2.3,2026-05-29,as,末日幻影,feixiao,Feixiao,飞霄,0.74,4.2.3/histograph.json,trend auxiliary; not a full character usage table
4.2.3,2026-05-29,aa,异相仲裁,feixiao,Feixiao,飞霄,1.11,4.2.3/histograph.json,trend auxiliary; not a full character usage table
4.2.3,2026-05-29,moc,混沌回忆,firefly,Firefly,流萤,20.27,4.2.3/histograph.json,trend auxiliary; not a full character usage table
4.2.3,2026-05-29,pf,虚构叙事,firefly,Firefly,流萤,15.83,4.2.3/histograph.json,trend auxiliary; not a full character usage table
4.2.3,2026-05-29,as,末日幻影,firefly,Firefly,流萤,27.64,4.2.3/histograph.json,trend auxiliary; not a full character usage table
4.2.3,2026-05-29,aa,异相仲裁,firefly,Firefly,流萤,34.21,4.2.3/histograph.json,trend auxiliary; not a full character usage table
4.2.3,2026-05-29,moc,混沌回忆,fu-xuan,Fu Xuan,符玄,1.19,4.2.3/histograph.json,trend auxiliary; not a full character usage table
4.2.3,2026-05-29,pf,虚构叙事,fu-xuan,Fu Xuan,符玄,1.34,4.2.3/histograph.json,trend auxiliary; not a full character usage table
4.2.3,2026-05-29,as,末日幻影,fu-xuan,Fu Xuan,符玄,1.3,4.2.3/histograph.json,trend auxiliary; not a full character usage table
4.2.3,2026-05-29,aa,异相仲裁,fu-xuan,Fu Xuan,符玄,4.14,4.2.3/histograph.json,trend auxiliary; not a full character usage table
4.2.3,2026-05-29,moc,混沌回忆,gallagher,Gallagher,加拉赫,4.47,4.2.3/histograph.json,trend auxiliary; not a full character usage table
4.2.3,2026-05-29,pf,虚构叙事,gallagher,Gallagher,加拉赫,4.79,4.2.3/histograph.json,trend auxiliary; not a full character usage table
4.2.3,2026-05-29,as,末日幻影,gallagher,Gallagher,加拉赫,9.15,4.2.3/histograph.json,trend auxiliary; not a full character usage table
4.2.3,2026-05-29,aa,异相仲裁,gallagher,Gallagher,加拉赫,12.77,4.2.3/histograph.json,trend auxiliary; not a full character usage table
4.2.3,2026-05-29,moc,混沌回忆,gepard,Gepard,杰帕德,0.0,4.2.3/histograph.json,trend auxiliary; not a full character usage table
4.2.3,2026-05-29,pf,虚构叙事,gepard,Gepard,杰帕德,0.01,4.2.3/histograph.json,trend auxiliary; not a full character usage table
4.2.3,2026-05-29,as,末日幻影,gepard,Gepard,杰帕德,0.01,4.2.3/histograph.json,trend auxiliary; not a full character usage table
4.2.3,2026-05-29,aa,异相仲裁,gepard,Gepard,杰帕德,0.11,4.2.3/histograph.json,trend auxiliary; not a full character usage table
4.2.3,2026-05-29,moc,混沌回忆,guinaifen,Guinaifen,桂乃芬,0.01,4.2.3/histograph.json,trend auxiliary; not a full character usage table
4.2.3,2026-05-29,pf,虚构叙事,guinaifen,Guinaifen,桂乃芬,0.01,4.2.3/histograph.json,trend auxiliary; not a full character usage table
4.2.3,2026-05-29,as,末日幻影,guinaifen,Guinaifen,桂乃芬,0.02,4.2.3/histograph.json,trend auxiliary; not a full character usage table
4.2.3,2026-05-29,aa,异相仲裁,guinaifen,Guinaifen,桂乃芬,0.04,4.2.3/histograph.json,trend auxiliary; not a full character usage table
4.2.3,2026-05-29,moc,混沌回忆,hanya,Hanya,寒鸦,0.01,4.2.3/histograph.json,trend auxiliary; not a full character usage table
4.2.3,2026-05-29,pf,虚构叙事,hanya,Hanya,寒鸦,0.0,4.2.3/histograph.json,trend auxiliary; not a full character usage table
4.2.3,2026-05-29,as,末日幻影,hanya,Hanya,寒鸦,0.01,4.2.3/histograph.json,trend auxiliary; not a full character usage table
4.2.3,2026-05-29,aa,异相仲裁,hanya,Hanya,寒鸦,0.08,4.2.3/histograph.json,trend auxiliary; not a full character usage table
4.2.3,2026-05-29,moc,混沌回忆,herta,Herta,黑塔,0.46,4.2.3/histograph.json,trend auxiliary; not a full character usage table
4.2.3,2026-05-29,pf,虚构叙事,herta,Herta,黑塔,6.7,4.2.3/histograph.json,trend auxiliary; not a full character usage table
4.2.3,2026-05-29,as,末日幻影,herta,Herta,黑塔,0.5,4.2.3/histograph.json,trend auxiliary; not a full character usage table
4.2.3,2026-05-29,aa,异相仲裁,herta,Herta,黑塔,0.71,4.2.3/histograph.json,trend auxiliary; not a full character usage table
4.2.3,2026-05-29,moc,混沌回忆,himeko,Himeko,姬子,0.03,4.2.3/histograph.json,trend auxiliary; not a full character usage table
4.2.3,2026-05-29,pf,虚构叙事,himeko,Himeko,姬子,1.22,4.2.3/histograph.json,trend auxiliary; not a full character usage table
4.2.3,2026-05-29,as,末日幻影,himeko,Himeko,姬子,0.11,4.2.3/histograph.json,trend auxiliary; not a full character usage table
4.2.3,2026-05-29,aa,异相仲裁,himeko,Himeko,姬子,0.1,4.2.3/histograph.json,trend auxiliary; not a full character usage table
4.2.3,2026-05-29,moc,混沌回忆,hook,Hook,虎克,0.0,4.2.3/histograph.json,trend auxiliary; not a full character usage table
4.2.3,2026-05-29,pf,虚构叙事,hook,Hook,虎克,0.0,4.2.3/histograph.json,trend auxiliary; not a full character usage table
4.2.3,2026-05-29,as,末日幻影,hook,Hook,虎克,0.0,4.2.3/histograph.json,trend auxiliary; not a full character usage table
4.2.3,2026-05-29,aa,异相仲裁,hook,Hook,虎克,0.0,4.2.3/histograph.json,trend auxiliary; not a full character usage table
4.2.3,2026-05-29,moc,混沌回忆,huohuo,Huohuo,藿藿,26.23,4.2.3/histograph.json,trend auxiliary; not a full character usage table
4.2.3,2026-05-29,pf,虚构叙事,huohuo,Huohuo,藿藿,24.19,4.2.3/histograph.json,trend auxiliary; not a full character usage table
4.2.3,2026-05-29,as,末日幻影,huohuo,Huohuo,藿藿,19.27,4.2.3/histograph.json,trend auxiliary; not a full character usage table
4.2.3,2026-05-29,aa,异相仲裁,huohuo,Huohuo,藿藿,29.54,4.2.3/histograph.json,trend auxiliary; not a full character usage table
4.2.3,2026-05-29,moc,混沌回忆,hyacine,Hyacine,风堇,48.27,4.2.3/histograph.json,trend auxiliary; not a full character usage table
4.2.3,2026-05-29,pf,虚构叙事,hyacine,Hyacine,风堇,58.63,4.2.3/histograph.json,trend auxiliary; not a full character usage table
4.2.3,2026-05-29,as,末日幻影,hyacine,Hyacine,风堇,59.58,4.2.3/histograph.json,trend auxiliary; not a full character usage table
4.2.3,2026-05-29,aa,异相仲裁,hyacine,Hyacine,风堇,70.01,4.2.3/histograph.json,trend auxiliary; not a full character usage table
4.2.3,2026-05-29,moc,混沌回忆,hysilens,Hysilens,海瑟音,17.66,4.2.3/histograph.json,trend auxiliary; not a full character usage table
4.2.3,2026-05-29,pf,虚构叙事,hysilens,Hysilens,海瑟音,23.3,4.2.3/histograph.json,trend auxiliary; not a full character usage table
4.2.3,2026-05-29,as,末日幻影,hysilens,Hysilens,海瑟音,18.62,4.2.3/histograph.json,trend auxiliary; not a full character usage table
4.2.3,2026-05-29,aa,异相仲裁,hysilens,Hysilens,海瑟音,27.64,4.2.3/histograph.json,trend auxiliary; not a full character usage table
4.2.3,2026-05-29,moc,混沌回忆,imbibitor-lunae,Dan Heng • Imbibitor Lunae,丹恒•饮月,0.06,4.2.3/histograph.json,trend auxiliary; not a full character usage table
4.2.3,2026-05-29,pf,虚构叙事,imbibitor-lunae,Dan Heng • Imbibitor Lunae,丹恒•饮月,0.14,4.2.3/histograph.json,trend auxiliary; not a full character usage table
4.2.3,2026-05-29,as,末日幻影,imbibitor-lunae,Dan Heng • Imbibitor Lunae,丹恒•饮月,0.05,4.2.3/histograph.json,trend auxiliary; not a full character usage table
4.2.3,2026-05-29,aa,异相仲裁,imbibitor-lunae,Dan Heng • Imbibitor Lunae,丹恒•饮月,0.14,4.2.3/histograph.json,trend auxiliary; not a full character usage table
4.2.3,2026-05-29,moc,混沌回忆,jade,Jade,翡翠,0.52,4.2.3/histograph.json,trend auxiliary; not a full character usage table
4.2.3,2026-05-29,pf,虚构叙事,jade,Jade,翡翠,3.52,4.2.3/histograph.json,trend auxiliary; not a full character usage table
4.2.3,2026-05-29,as,末日幻影,jade,Jade,翡翠,0.69,4.2.3/histograph.json,trend auxiliary; not a full character usage table
4.2.3,2026-05-29,aa,异相仲裁,jade,Jade,翡翠,0.83,4.2.3/histograph.json,trend auxiliary; not a full character usage table
4.2.3,2026-05-29,moc,混沌回忆,jiaoqiu,Jiaoqiu,椒丘,0.36,4.2.3/histograph.json,trend auxiliary; not a full character usage table
4.2.3,2026-05-29,pf,虚构叙事,jiaoqiu,Jiaoqiu,椒丘,1.09,4.2.3/histograph.json,trend auxiliary; not a full character usage table
4.2.3,2026-05-29,as,末日幻影,jiaoqiu,Jiaoqiu,椒丘,0.33,4.2.3/histograph.json,trend auxiliary; not a full character usage table
4.2.3,2026-05-29,aa,异相仲裁,jiaoqiu,Jiaoqiu,椒丘,1.06,4.2.3/histograph.json,trend auxiliary; not a full character usage table
4.2.3,2026-05-29,moc,混沌回忆,jing-yuan,Jing Yuan,景元,0.12,4.2.3/histograph.json,trend auxiliary; not a full character usage table
4.2.3,2026-05-29,pf,虚构叙事,jing-yuan,Jing Yuan,景元,0.33,4.2.3/histograph.json,trend auxiliary; not a full character usage table
4.2.3,2026-05-29,as,末日幻影,jing-yuan,Jing Yuan,景元,0.07,4.2.3/histograph.json,trend auxiliary; not a full character usage table
4.2.3,2026-05-29,aa,异相仲裁,jing-yuan,Jing Yuan,景元,0.1,4.2.3/histograph.json,trend auxiliary; not a full character usage table
4.2.3,2026-05-29,moc,混沌回忆,jingliu,Jingliu,镜流,0.07,4.2.3/histograph.json,trend auxiliary; not a full character usage table
4.2.3,2026-05-29,pf,虚构叙事,jingliu,Jingliu,镜流,0.06,4.2.3/histograph.json,trend auxiliary; not a full character usage table
4.2.3,2026-05-29,as,末日幻影,jingliu,Jingliu,镜流,0.08,4.2.3/histograph.json,trend auxiliary; not a full character usage table
4.2.3,2026-05-29,aa,异相仲裁,jingliu,Jingliu,镜流,0.22,4.2.3/histograph.json,trend auxiliary; not a full character usage table
4.2.3,2026-05-29,moc,混沌回忆,kafka,Kafka,卡芙卡,17.82,4.2.3/histograph.json,trend auxiliary; not a full character usage table
4.2.3,2026-05-29,pf,虚构叙事,kafka,Kafka,卡芙卡,23.8,4.2.3/histograph.json,trend auxiliary; not a full character usage table
4.2.3,2026-05-29,as,末日幻影,kafka,Kafka,卡芙卡,18.92,4.2.3/histograph.json,trend auxiliary; not a full character usage table
4.2.3,2026-05-29,aa,异相仲裁,kafka,Kafka,卡芙卡,28.55,4.2.3/histograph.json,trend auxiliary; not a full character usage table
4.2.3,2026-05-29,moc,混沌回忆,lingsha,Lingsha,灵砂,10.21,4.2.3/histograph.json,trend auxiliary; not a full character usage table
4.2.3,2026-05-29,pf,虚构叙事,lingsha,Lingsha,灵砂,12.4,4.2.3/histograph.json,trend auxiliary; not a full character usage table
4.2.3,2026-05-29,as,末日幻影,lingsha,Lingsha,灵砂,15.3,4.2.3/histograph.json,trend auxiliary; not a full character usage table
4.2.3,2026-05-29,aa,异相仲裁,lingsha,Lingsha,灵砂,19.33,4.2.3/histograph.json,trend auxiliary; not a full character usage table
4.2.3,2026-05-29,moc,混沌回忆,luka,Luka,卢卡,0.0,4.2.3/histograph.json,trend auxiliary; not a full character usage table
4.2.3,2026-05-29,pf,虚构叙事,luka,Luka,卢卡,0.0,4.2.3/histograph.json,trend auxiliary; not a full character usage table
4.2.3,2026-05-29,as,末日幻影,luka,Luka,卢卡,0.0,4.2.3/histograph.json,trend auxiliary; not a full character usage table
4.2.3,2026-05-29,aa,异相仲裁,luka,Luka,卢卡,0.0,4.2.3/histograph.json,trend auxiliary; not a full character usage table
4.2.3,2026-05-29,moc,混沌回忆,luocha,Luocha,罗刹,1.23,4.2.3/histograph.json,trend auxiliary; not a full character usage table
4.2.3,2026-05-29,pf,虚构叙事,luocha,Luocha,罗刹,1.68,4.2.3/histograph.json,trend auxiliary; not a full character usage table
4.2.3,2026-05-29,as,末日幻影,luocha,Luocha,罗刹,2.71,4.2.3/histograph.json,trend auxiliary; not a full character usage table
4.2.3,2026-05-29,aa,异相仲裁,luocha,Luocha,罗刹,5.51,4.2.3/histograph.json,trend auxiliary; not a full character usage table
4.2.3,2026-05-29,moc,混沌回忆,lynx,Lynx,玲可,0.0,4.2.3/histograph.json,trend auxiliary; not a full character usage table
4.2.3,2026-05-29,pf,虚构叙事,lynx,Lynx,玲可,0.02,4.2.3/histograph.json,trend auxiliary; not a full character usage table
4.2.3,2026-05-29,as,末日幻影,lynx,Lynx,玲可,0.02,4.2.3/histograph.json,trend auxiliary; not a full character usage table
4.2.3,2026-05-29,aa,异相仲裁,lynx,Lynx,玲可,0.1,4.2.3/histograph.json,trend auxiliary; not a full character usage table
4.2.3,2026-05-29,moc,混沌回忆,march-7th,March 7th,三月七 - 存护,0.0,4.2.3/histograph.json,trend auxiliary; not a full character usage table
4.2.3,2026-05-29,pf,虚构叙事,march-7th,March 7th,三月七 - 存护,0.0,4.2.3/histograph.json,trend auxiliary; not a full character usage table
4.2.3,2026-05-29,as,末日幻影,march-7th,March 7th,三月七 - 存护,0.0,4.2.3/histograph.json,trend auxiliary; not a full character usage table
4.2.3,2026-05-29,aa,异相仲裁,march-7th,March 7th,三月七 - 存护,0.0,4.2.3/histograph.json,trend auxiliary; not a full character usage table
4.2.3,2026-05-29,moc,混沌回忆,march-7th-swordmaster,March 7th: The Hunt,三月七•巡猎,0.03,4.2.3/histograph.json,trend auxiliary; not a full character usage table
4.2.3,2026-05-29,pf,虚构叙事,march-7th-swordmaster,March 7th: The Hunt,三月七•巡猎,0.01,4.2.3/histograph.json,trend auxiliary; not a full character usage table
4.2.3,2026-05-29,as,末日幻影,march-7th-swordmaster,March 7th: The Hunt,三月七•巡猎,0.23,4.2.3/histograph.json,trend auxiliary; not a full character usage table
4.2.3,2026-05-29,aa,异相仲裁,march-7th-swordmaster,March 7th: The Hunt,三月七•巡猎,0.09,4.2.3/histograph.json,trend auxiliary; not a full character usage table
4.2.3,2026-05-29,moc,混沌回忆,misha,Misha,米沙,0.0,4.2.3/histograph.json,trend auxiliary; not a full character usage table
4.2.3,2026-05-29,pf,虚构叙事,misha,Misha,米沙,0.0,4.2.3/histograph.json,trend auxiliary; not a full character usage table
4.2.3,2026-05-29,as,末日幻影,misha,Misha,米沙,0.0,4.2.3/histograph.json,trend auxiliary; not a full character usage table
4.2.3,2026-05-29,aa,异相仲裁,misha,Misha,米沙,0.0,4.2.3/histograph.json,trend auxiliary; not a full character usage table
4.2.3,2026-05-29,moc,混沌回忆,moze,Moze,貊泽,0.05,4.2.3/histograph.json,trend auxiliary; not a full character usage table
4.2.3,2026-05-29,pf,虚构叙事,moze,Moze,貊泽,0.01,4.2.3/histograph.json,trend auxiliary; not a full character usage table
4.2.3,2026-05-29,as,末日幻影,moze,Moze,貊泽,0.02,4.2.3/histograph.json,trend auxiliary; not a full character usage table
4.2.3,2026-05-29,aa,异相仲裁,moze,Moze,貊泽,0.06,4.2.3/histograph.json,trend auxiliary; not a full character usage table
4.2.3,2026-05-29,moc,混沌回忆,mydei,Mydei,万敌,1.23,4.2.3/histograph.json,trend auxiliary; not a full character usage table
4.2.3,2026-05-29,pf,虚构叙事,mydei,Mydei,万敌,1.73,4.2.3/histograph.json,trend auxiliary; not a full character usage table
4.2.3,2026-05-29,as,末日幻影,mydei,Mydei,万敌,1.72,4.2.3/histograph.json,trend auxiliary; not a full character usage table
4.2.3,2026-05-29,aa,异相仲裁,mydei,Mydei,万敌,2.37,4.2.3/histograph.json,trend auxiliary; not a full character usage table
4.2.3,2026-05-29,moc,混沌回忆,natasha,Natasha,娜塔莎,0.01,4.2.3/histograph.json,trend auxiliary; not a full character usage table
4.2.3,2026-05-29,pf,虚构叙事,natasha,Natasha,娜塔莎,0.01,4.2.3/histograph.json,trend auxiliary; not a full character usage table
4.2.3,2026-05-29,as,末日幻影,natasha,Natasha,娜塔莎,0.01,4.2.3/histograph.json,trend auxiliary; not a full character usage table
4.2.3,2026-05-29,aa,异相仲裁,natasha,Natasha,娜塔莎,0.02,4.2.3/histograph.json,trend auxiliary; not a full character usage table
4.2.3,2026-05-29,moc,混沌回忆,pela,Pela,佩拉,0.04,4.2.3/histograph.json,trend auxiliary; not a full character usage table
4.2.3,2026-05-29,pf,虚构叙事,pela,Pela,佩拉,0.06,4.2.3/histograph.json,trend auxiliary; not a full character usage table
4.2.3,2026-05-29,as,末日幻影,pela,Pela,佩拉,0.05,4.2.3/histograph.json,trend auxiliary; not a full character usage table
4.2.3,2026-05-29,aa,异相仲裁,pela,Pela,佩拉,0.33,4.2.3/histograph.json,trend auxiliary; not a full character usage table
4.2.3,2026-05-29,moc,混沌回忆,phainon,Phainon,白厄,15.09,4.2.3/histograph.json,trend auxiliary; not a full character usage table
4.2.3,2026-05-29,pf,虚构叙事,phainon,Phainon,白厄,14.63,4.2.3/histograph.json,trend auxiliary; not a full character usage table
4.2.3,2026-05-29,as,末日幻影,phainon,Phainon,白厄,14.94,4.2.3/histograph.json,trend auxiliary; not a full character usage table
4.2.3,2026-05-29,aa,异相仲裁,phainon,Phainon,白厄,22.38,4.2.3/histograph.json,trend auxiliary; not a full character usage table
4.2.3,2026-05-29,moc,混沌回忆,qingque,Qingque,青雀,0.02,4.2.3/histograph.json,trend auxiliary; not a full character usage table
4.2.3,2026-05-29,pf,虚构叙事,qingque,Qingque,青雀,0.03,4.2.3/histograph.json,trend auxiliary; not a full character usage table
4.2.3,2026-05-29,as,末日幻影,qingque,Qingque,青雀,0.04,4.2.3/histograph.json,trend auxiliary; not a full character usage table
4.2.3,2026-05-29,aa,异相仲裁,qingque,Qingque,青雀,0.01,4.2.3/histograph.json,trend auxiliary; not a full character usage table
4.2.3,2026-05-29,moc,混沌回忆,rappa,Rappa,乱破,0.51,4.2.3/histograph.json,trend auxiliary; not a full character usage table
4.2.3,2026-05-29,pf,虚构叙事,rappa,Rappa,乱破,1.88,4.2.3/histograph.json,trend auxiliary; not a full character usage table
4.2.3,2026-05-29,as,末日幻影,rappa,Rappa,乱破,1.59,4.2.3/histograph.json,trend auxiliary; not a full character usage table
4.2.3,2026-05-29,aa,异相仲裁,rappa,Rappa,乱破,1.32,4.2.3/histograph.json,trend auxiliary; not a full character usage table
4.2.3,2026-05-29,moc,混沌回忆,robin,Robin,知更鸟,3.51,4.2.3/histograph.json,trend auxiliary; not a full character usage table
4.2.3,2026-05-29,pf,虚构叙事,robin,Robin,知更鸟,4.45,4.2.3/histograph.json,trend auxiliary; not a full character usage table
4.2.3,2026-05-29,as,末日幻影,robin,Robin,知更鸟,3.66,4.2.3/histograph.json,trend auxiliary; not a full character usage table
4.2.3,2026-05-29,aa,异相仲裁,robin,Robin,知更鸟,8.72,4.2.3/histograph.json,trend auxiliary; not a full character usage table
4.2.3,2026-05-29,moc,混沌回忆,ruan-mei,Ruan Mei,阮•梅,7.51,4.2.3/histograph.json,trend auxiliary; not a full character usage table
4.2.3,2026-05-29,pf,虚构叙事,ruan-mei,Ruan Mei,阮•梅,7.59,4.2.3/histograph.json,trend auxiliary; not a full character usage table
4.2.3,2026-05-29,as,末日幻影,ruan-mei,Ruan Mei,阮•梅,15.41,4.2.3/histograph.json,trend auxiliary; not a full character usage table
4.2.3,2026-05-29,aa,异相仲裁,ruan-mei,Ruan Mei,阮•梅,19.21,4.2.3/histograph.json,trend auxiliary; not a full character usage table
4.2.3,2026-05-29,moc,混沌回忆,saber,Saber,Saber,0.96,4.2.3/histograph.json,trend auxiliary; not a full character usage table
4.2.3,2026-05-29,pf,虚构叙事,saber,Saber,Saber,0.52,4.2.3/histograph.json,trend auxiliary; not a full character usage table
4.2.3,2026-05-29,as,末日幻影,saber,Saber,Saber,1.12,4.2.3/histograph.json,trend auxiliary; not a full character usage table
4.2.3,2026-05-29,aa,异相仲裁,saber,Saber,Saber,1.84,4.2.3/histograph.json,trend auxiliary; not a full character usage table
4.2.3,2026-05-29,moc,混沌回忆,sampo,Sampo,桑博,0.0,4.2.3/histograph.json,trend auxiliary; not a full character usage table
4.2.3,2026-05-29,pf,虚构叙事,sampo,Sampo,桑博,0.0,4.2.3/histograph.json,trend auxiliary; not a full character usage table
4.2.3,2026-05-29,as,末日幻影,sampo,Sampo,桑博,0.02,4.2.3/histograph.json,trend auxiliary; not a full character usage table
4.2.3,2026-05-29,aa,异相仲裁,sampo,Sampo,桑博,0.03,4.2.3/histograph.json,trend auxiliary; not a full character usage table
4.2.3,2026-05-29,moc,混沌回忆,seele,Seele,希儿,0.54,4.2.3/histograph.json,trend auxiliary; not a full character usage table
4.2.3,2026-05-29,pf,虚构叙事,seele,Seele,希儿,0.97,4.2.3/histograph.json,trend auxiliary; not a full character usage table
4.2.3,2026-05-29,as,末日幻影,seele,Seele,希儿,0.14,4.2.3/histograph.json,trend auxiliary; not a full character usage table
4.2.3,2026-05-29,aa,异相仲裁,seele,Seele,希儿,1.07,4.2.3/histograph.json,trend auxiliary; not a full character usage table
4.2.3,2026-05-29,moc,混沌回忆,serval,Serval,希露瓦,0.12,4.2.3/histograph.json,trend auxiliary; not a full character usage table
4.2.3,2026-05-29,pf,虚构叙事,serval,Serval,希露瓦,0.17,4.2.3/histograph.json,trend auxiliary; not a full character usage table
4.2.3,2026-05-29,as,末日幻影,serval,Serval,希露瓦,0.1,4.2.3/histograph.json,trend auxiliary; not a full character usage table
4.2.3,2026-05-29,aa,异相仲裁,serval,Serval,希露瓦,0.23,4.2.3/histograph.json,trend auxiliary; not a full character usage table
4.2.3,2026-05-29,moc,混沌回忆,silver-wolf,Silver Wolf,银狼,1.43,4.2.3/histograph.json,trend auxiliary; not a full character usage table
4.2.3,2026-05-29,pf,虚构叙事,silver-wolf,Silver Wolf,银狼,0.76,4.2.3/histograph.json,trend auxiliary; not a full character usage table
4.2.3,2026-05-29,as,末日幻影,silver-wolf,Silver Wolf,银狼,1.98,4.2.3/histograph.json,trend auxiliary; not a full character usage table
4.2.3,2026-05-29,aa,异相仲裁,silver-wolf,Silver Wolf,银狼,5.66,4.2.3/histograph.json,trend auxiliary; not a full character usage table
4.2.3,2026-05-29,moc,混沌回忆,silver-wolf-lv-999,Silver Wolf LV.999,银狼LV.999,33.64,4.2.3/histograph.json,trend auxiliary; not a full character usage table
4.2.3,2026-05-29,pf,虚构叙事,silver-wolf-lv-999,Silver Wolf LV.999,银狼LV.999,30.98,4.2.3/histograph.json,trend auxiliary; not a full character usage table
4.2.3,2026-05-29,as,末日幻影,silver-wolf-lv-999,Silver Wolf LV.999,银狼LV.999,49.17,4.2.3/histograph.json,trend auxiliary; not a full character usage table
4.2.3,2026-05-29,aa,异相仲裁,silver-wolf-lv-999,Silver Wolf LV.999,银狼LV.999,55.02,4.2.3/histograph.json,trend auxiliary; not a full character usage table
4.2.3,2026-05-29,moc,混沌回忆,anaxa,Anaxa,那刻夏,2.1,4.2.3/histograph.json,trend auxiliary; not a full character usage table
4.2.3,2026-05-29,pf,虚构叙事,anaxa,Anaxa,那刻夏,2.02,4.2.3/histograph.json,trend auxiliary; not a full character usage table
4.2.3,2026-05-29,as,末日幻影,anaxa,Anaxa,那刻夏,3.78,4.2.3/histograph.json,trend auxiliary; not a full character usage table
4.2.3,2026-05-29,aa,异相仲裁,anaxa,Anaxa,那刻夏,3.75,4.2.3/histograph.json,trend auxiliary; not a full character usage table
4.2.3,2026-05-29,moc,混沌回忆,argenti,Argenti,银枝,0.0,4.2.3/histograph.json,trend auxiliary; not a full character usage table
4.2.3,2026-05-29,pf,虚构叙事,argenti,Argenti,银枝,0.25,4.2.3/histograph.json,trend auxiliary; not a full character usage table
4.2.3,2026-05-29,as,末日幻影,argenti,Argenti,银枝,0.01,4.2.3/histograph.json,trend auxiliary; not a full character usage table
4.2.3,2026-05-29,aa,异相仲裁,argenti,Argenti,银枝,0.0,4.2.3/histograph.json,trend auxiliary; not a full character usage table
4.2.3,2026-05-29,moc,混沌回忆,ashveil,Ashveil,不死途,2.92,4.2.3/histograph.json,trend auxiliary; not a full character usage table
4.2.3,2026-05-29,pf,虚构叙事,ashveil,Ashveil,不死途,3.39,4.2.3/histograph.json,trend auxiliary; not a full character usage table
4.2.3,2026-05-29,as,末日幻影,ashveil,Ashveil,不死途,0.53,4.2.3/histograph.json,trend auxiliary; not a full character usage table
4.2.3,2026-05-29,aa,异相仲裁,ashveil,Ashveil,不死途,5.03,4.2.3/histograph.json,trend auxiliary; not a full character usage table
4.2.3,2026-05-29,moc,混沌回忆,blade,Blade,刃,0.17,4.2.3/histograph.json,trend auxiliary; not a full character usage table
4.2.3,2026-05-29,pf,虚构叙事,blade,Blade,刃,0.13,4.2.3/histograph.json,trend auxiliary; not a full character usage table
4.2.3,2026-05-29,as,末日幻影,blade,Blade,刃,0.22,4.2.3/histograph.json,trend auxiliary; not a full character usage table
4.2.3,2026-05-29,aa,异相仲裁,blade,Blade,刃,0.37,4.2.3/histograph.json,trend auxiliary; not a full character usage table
4.2.3,2026-05-29,moc,混沌回忆,march-7th-evernight,Evernight,长夜月,3.3,4.2.3/histograph.json,trend auxiliary; not a full character usage table
4.2.3,2026-05-29,pf,虚构叙事,march-7th-evernight,Evernight,长夜月,4.48,4.2.3/histograph.json,trend auxiliary; not a full character usage table
4.2.3,2026-05-29,as,末日幻影,march-7th-evernight,Evernight,长夜月,3.19,4.2.3/histograph.json,trend auxiliary; not a full character usage table
4.2.3,2026-05-29,aa,异相仲裁,march-7th-evernight,Evernight,长夜月,6.67,4.2.3/histograph.json,trend auxiliary; not a full character usage table
4.2.3,2026-05-29,moc,混沌回忆,sparxie,Sparxie,火花,11.68,4.2.3/histograph.json,trend auxiliary; not a full character usage table
4.2.3,2026-05-29,pf,虚构叙事,sparxie,Sparxie,火花,10.07,4.2.3/histograph.json,trend auxiliary; not a full character usage table
4.2.3,2026-05-29,as,末日幻影,sparxie,Sparxie,火花,12.48,4.2.3/histograph.json,trend auxiliary; not a full character usage table
4.2.3,2026-05-29,aa,异相仲裁,sparxie,Sparxie,火花,16.11,4.2.3/histograph.json,trend auxiliary; not a full character usage table
4.2.3,2026-05-29,moc,混沌回忆,sparkle,Sparkle,花火,27.97,4.2.3/histograph.json,trend auxiliary; not a full character usage table
4.2.3,2026-05-29,pf,虚构叙事,sparkle,Sparkle,花火,23.01,4.2.3/histograph.json,trend auxiliary; not a full character usage table
4.2.3,2026-05-29,as,末日幻影,sparkle,Sparkle,花火,28.16,4.2.3/histograph.json,trend auxiliary; not a full character usage table
4.2.3,2026-05-29,aa,异相仲裁,sparkle,Sparkle,花火,53.28,4.2.3/histograph.json,trend auxiliary; not a full character usage table
4.2.3,2026-05-29,moc,混沌回忆,sunday,Sunday,星期日,16.87,4.2.3/histograph.json,trend auxiliary; not a full character usage table
4.2.3,2026-05-29,pf,虚构叙事,sunday,Sunday,星期日,16.7,4.2.3/histograph.json,trend auxiliary; not a full character usage table
4.2.3,2026-05-29,as,末日幻影,sunday,Sunday,星期日,16.55,4.2.3/histograph.json,trend auxiliary; not a full character usage table
4.2.3,2026-05-29,aa,异相仲裁,sunday,Sunday,星期日,26.91,4.2.3/histograph.json,trend auxiliary; not a full character usage table
4.2.3,2026-05-29,moc,混沌回忆,anaxa,Anaxa,那刻夏,2.6,4.2.3/histograph.json,trend auxiliary; not a full character usage table
4.2.3,2026-05-29,pf,虚构叙事,anaxa,Anaxa,那刻夏,5.54,4.2.3/histograph.json,trend auxiliary; not a full character usage table
4.2.3,2026-05-29,as,末日幻影,anaxa,Anaxa,那刻夏,4.08,4.2.3/histograph.json,trend auxiliary; not a full character usage table
4.2.3,2026-05-29,aa,异相仲裁,anaxa,Anaxa,那刻夏,3.63,4.2.3/histograph.json,trend auxiliary; not a full character usage table
4.2.3,2026-05-29,moc,混沌回忆,argenti,Argenti,银枝,0.04,4.2.3/histograph.json,trend auxiliary; not a full character usage table
4.2.3,2026-05-29,pf,虚构叙事,argenti,Argenti,银枝,0.25,4.2.3/histograph.json,trend auxiliary; not a full character usage table
4.2.3,2026-05-29,as,末日幻影,argenti,Argenti,银枝,0.06,4.2.3/histograph.json,trend auxiliary; not a full character usage table
4.2.3,2026-05-29,aa,异相仲裁,argenti,Argenti,银枝,0.06,4.2.3/histograph.json,trend auxiliary; not a full character usage table
4.2.3,2026-05-29,moc,混沌回忆,ashveil,Ashveil,不死途,0.77,4.2.3/histograph.json,trend auxiliary; not a full character usage table
4.2.3,2026-05-29,pf,虚构叙事,ashveil,Ashveil,不死途,0.84,4.2.3/histograph.json,trend auxiliary; not a full character usage table
4.2.3,2026-05-29,as,末日幻影,ashveil,Ashveil,不死途,0.3,4.2.3/histograph.json,trend auxiliary; not a full character usage table
4.2.3,2026-05-29,aa,异相仲裁,ashveil,Ashveil,不死途,1.29,4.2.3/histograph.json,trend auxiliary; not a full character usage table
4.2.3,2026-05-29,moc,混沌回忆,blade,Blade,刃,0.06,4.2.3/histograph.json,trend auxiliary; not a full character usage table
4.2.3,2026-05-29,pf,虚构叙事,blade,Blade,刃,0.1,4.2.3/histograph.json,trend auxiliary; not a full character usage table
4.2.3,2026-05-29,as,末日幻影,blade,Blade,刃,0.13,4.2.3/histograph.json,trend auxiliary; not a full character usage table
4.2.3,2026-05-29,aa,异相仲裁,blade,Blade,刃,0.32,4.2.3/histograph.json,trend auxiliary; not a full character usage table
4.2.3,2026-05-29,moc,混沌回忆,march-7th-evernight,Evernight,长夜月,35.06,4.2.3/histograph.json,trend auxiliary; not a full character usage table
4.2.3,2026-05-29,pf,虚构叙事,march-7th-evernight,Evernight,长夜月,41.83,4.2.3/histograph.json,trend auxiliary; not a full character usage table
4.2.3,2026-05-29,as,末日幻影,march-7th-evernight,Evernight,长夜月,43.55,4.2.3/histograph.json,trend auxiliary; not a full character usage table
4.2.3,2026-05-29,aa,异相仲裁,march-7th-evernight,Evernight,长夜月,51.36,4.2.3/histograph.json,trend auxiliary; not a full character usage table
4.2.3,2026-05-29,moc,混沌回忆,sparxie,Sparxie,火花,15.89,4.2.3/histograph.json,trend auxiliary; not a full character usage table
4.2.3,2026-05-29,pf,虚构叙事,sparxie,Sparxie,火花,14.39,4.2.3/histograph.json,trend auxiliary; not a full character usage table
4.2.3,2026-05-29,as,末日幻影,sparxie,Sparxie,火花,12.05,4.2.3/histograph.json,trend auxiliary; not a full character usage table
4.2.3,2026-05-29,aa,异相仲裁,sparxie,Sparxie,火花,12.42,4.2.3/histograph.json,trend auxiliary; not a full character usage table
4.2.3,2026-05-29,moc,混沌回忆,sushang,Sushang,素裳,0.0,4.2.3/histograph.json,trend auxiliary; not a full character usage table
4.2.3,2026-05-29,pf,虚构叙事,sushang,Sushang,素裳,0.0,4.2.3/histograph.json,trend auxiliary; not a full character usage table
4.2.3,2026-05-29,as,末日幻影,sushang,Sushang,素裳,0.02,4.2.3/histograph.json,trend auxiliary; not a full character usage table
4.2.3,2026-05-29,aa,异相仲裁,sushang,Sushang,素裳,0.0,4.2.3/histograph.json,trend auxiliary; not a full character usage table
4.2.3,2026-05-29,moc,混沌回忆,the-dahlia,The Dahlia,大丽花,21.46,4.2.3/histograph.json,trend auxiliary; not a full character usage table
4.2.3,2026-05-29,pf,虚构叙事,the-dahlia,The Dahlia,大丽花,18.85,4.2.3/histograph.json,trend auxiliary; not a full character usage table
4.2.3,2026-05-29,as,末日幻影,the-dahlia,The Dahlia,大丽花,29.78,4.2.3/histograph.json,trend auxiliary; not a full character usage table
4.2.3,2026-05-29,aa,异相仲裁,the-dahlia,The Dahlia,大丽花,36.64,4.2.3/histograph.json,trend auxiliary; not a full character usage table
4.2.3,2026-05-29,moc,混沌回忆,the-herta,The Herta,大黑塔,3.69,4.2.3/histograph.json,trend auxiliary; not a full character usage table
4.2.3,2026-05-29,pf,虚构叙事,the-herta,The Herta,大黑塔,15.35,4.2.3/histograph.json,trend auxiliary; not a full character usage table
4.2.3,2026-05-29,as,末日幻影,the-herta,The Herta,大黑塔,5.27,4.2.3/histograph.json,trend auxiliary; not a full character usage table
4.2.3,2026-05-29,aa,异相仲裁,the-herta,The Herta,大黑塔,5.36,4.2.3/histograph.json,trend auxiliary; not a full character usage table
4.2.3,2026-05-29,moc,混沌回忆,tingyun,Tingyun,停云,0.15,4.2.3/histograph.json,trend auxiliary; not a full character usage table
4.2.3,2026-05-29,pf,虚构叙事,tingyun,Tingyun,停云,0.22,4.2.3/histograph.json,trend auxiliary; not a full character usage table
4.2.3,2026-05-29,as,末日幻影,tingyun,Tingyun,停云,0.22,4.2.3/histograph.json,trend auxiliary; not a full character usage table
4.2.3,2026-05-29,aa,异相仲裁,tingyun,Tingyun,停云,0.71,4.2.3/histograph.json,trend auxiliary; not a full character usage table
4.2.3,2026-05-29,moc,混沌回忆,tingyun-fugue,Fugue,忘归人,18.34,4.2.3/histograph.json,trend auxiliary; not a full character usage table
4.2.3,2026-05-29,pf,虚构叙事,tingyun-fugue,Fugue,忘归人,17.01,4.2.3/histograph.json,trend auxiliary; not a full character usage table
4.2.3,2026-05-29,as,末日幻影,tingyun-fugue,Fugue,忘归人,26.05,4.2.3/histograph.json,trend auxiliary; not a full character usage table
4.2.3,2026-05-29,aa,异相仲裁,tingyun-fugue,Fugue,忘归人,31.45,4.2.3/histograph.json,trend auxiliary; not a full character usage table
4.2.3,2026-05-29,moc,混沌回忆,topaz,Topaz & Numby,托帕&账账,0.09,4.2.3/histograph.json,trend auxiliary; not a full character usage table
4.2.3,2026-05-29,pf,虚构叙事,topaz,Topaz & Numby,托帕&账账,0.03,4.2.3/histograph.json,trend auxiliary; not a full character usage table
4.2.3,2026-05-29,as,末日幻影,topaz,Topaz & Numby,托帕&账账,0.2,4.2.3/histograph.json,trend auxiliary; not a full character usage table
4.2.3,2026-05-29,aa,异相仲裁,topaz,Topaz & Numby,托帕&账账,0.14,4.2.3/histograph.json,trend auxiliary; not a full character usage table
4.2.3,2026-05-29,moc,混沌回忆,trailblazer-destruction,Trailblazer - The Destruction,开拓者 - 毁灭,0.0,4.2.3/histograph.json,trend auxiliary; not a full character usage table
4.2.3,2026-05-29,pf,虚构叙事,trailblazer-destruction,Trailblazer - The Destruction,开拓者 - 毁灭,0.0,4.2.3/histograph.json,trend auxiliary; not a full character usage table
4.2.3,2026-05-29,as,末日幻影,trailblazer-destruction,Trailblazer - The Destruction,开拓者 - 毁灭,0.0,4.2.3/histograph.json,trend auxiliary; not a full character usage table
4.2.3,2026-05-29,aa,异相仲裁,trailblazer-destruction,Trailblazer - The Destruction,开拓者 - 毁灭,0.0,4.2.3/histograph.json,trend auxiliary; not a full character usage table
4.2.3,2026-05-29,moc,混沌回忆,trailblazer-elation,Trailblazer: Elation,开拓者•欢愉,20.44,4.2.3/histograph.json,trend auxiliary; not a full character usage table
4.2.3,2026-05-29,pf,虚构叙事,trailblazer-elation,Trailblazer: Elation,开拓者•欢愉,16.76,4.2.3/histograph.json,trend auxiliary; not a full character usage table
4.2.3,2026-05-29,as,末日幻影,trailblazer-elation,Trailblazer: Elation,开拓者•欢愉,22.61,4.2.3/histograph.json,trend auxiliary; not a full character usage table
4.2.3,2026-05-29,aa,异相仲裁,trailblazer-elation,Trailblazer: Elation,开拓者•欢愉,30.18,4.2.3/histograph.json,trend auxiliary; not a full character usage table
4.2.3,2026-05-29,moc,混沌回忆,trailblazer-harmony,Trailblazer - The Harmony,开拓者 - 同谐,5.73,4.2.3/histograph.json,trend auxiliary; not a full character usage table
4.2.3,2026-05-29,pf,虚构叙事,trailblazer-harmony,Trailblazer - The Harmony,开拓者 - 同谐,4.86,4.2.3/histograph.json,trend auxiliary; not a full character usage table
4.2.3,2026-05-29,as,末日幻影,trailblazer-harmony,Trailblazer - The Harmony,开拓者 - 同谐,8.62,4.2.3/histograph.json,trend auxiliary; not a full character usage table
4.2.3,2026-05-29,aa,异相仲裁,trailblazer-harmony,Trailblazer - The Harmony,开拓者 - 同谐,9.49,4.2.3/histograph.json,trend auxiliary; not a full character usage table
4.2.3,2026-05-29,moc,混沌回忆,trailblazer-preservation,Trailblazer - The Preservation,开拓者 - 存护,0.0,4.2.3/histograph.json,trend auxiliary; not a full character usage table
4.2.3,2026-05-29,pf,虚构叙事,trailblazer-preservation,Trailblazer - The Preservation,开拓者 - 存护,0.0,4.2.3/histograph.json,trend auxiliary; not a full character usage table
4.2.3,2026-05-29,as,末日幻影,trailblazer-preservation,Trailblazer - The Preservation,开拓者 - 存护,0.0,4.2.3/histograph.json,trend auxiliary; not a full character usage table
4.2.3,2026-05-29,aa,异相仲裁,trailblazer-preservation,Trailblazer - The Preservation,开拓者 - 存护,0.0,4.2.3/histograph.json,trend auxiliary; not a full character usage table
4.2.3,2026-05-29,moc,混沌回忆,trailblazer-remembrance,Trailblazer - Remembrance,开拓者•记忆,13.5,4.2.3/histograph.json,trend auxiliary; not a full character usage table
4.2.3,2026-05-29,pf,虚构叙事,trailblazer-remembrance,Trailblazer - Remembrance,开拓者•记忆,17.92,4.2.3/histograph.json,trend auxiliary; not a full character usage table
4.2.3,2026-05-29,as,末日幻影,trailblazer-remembrance,Trailblazer - Remembrance,开拓者•记忆,18.59,4.2.3/histograph.json,trend auxiliary; not a full character usage table
4.2.3,2026-05-29,aa,异相仲裁,trailblazer-remembrance,Trailblazer - Remembrance,开拓者•记忆,27.72,4.2.3/histograph.json,trend auxiliary; not a full character usage table
4.2.3,2026-05-29,moc,混沌回忆,tribbie,Tribbie,缇宝,22.91,4.2.3/histograph.json,trend auxiliary; not a full character usage table
4.2.3,2026-05-29,pf,虚构叙事,tribbie,Tribbie,缇宝,34.51,4.2.3/histograph.json,trend auxiliary; not a full character usage table
4.2.3,2026-05-29,as,末日幻影,tribbie,Tribbie,缇宝,27.6,4.2.3/histograph.json,trend auxiliary; not a full character usage table
4.2.3,2026-05-29,aa,异相仲裁,tribbie,Tribbie,缇宝,39.83,4.2.3/histograph.json,trend auxiliary; not a full character usage table
4.2.3,2026-05-29,moc,混沌回忆,welt,Welt,瓦尔特,1.15,4.2.3/histograph.json,trend auxiliary; not a full character usage table
4.2.3,2026-05-29,pf,虚构叙事,welt,Welt,瓦尔特,0.3,4.2.3/histograph.json,trend auxiliary; not a full character usage table
4.2.3,2026-05-29,as,末日幻影,welt,Welt,瓦尔特,0.38,4.2.3/histograph.json,trend auxiliary; not a full character usage table
4.2.3,2026-05-29,aa,异相仲裁,welt,Welt,瓦尔特,0.87,4.2.3/histograph.json,trend auxiliary; not a full character usage table
4.2.3,2026-05-29,moc,混沌回忆,xueyi,Xueyi,雪衣,0.03,4.2.3/histograph.json,trend auxiliary; not a full character usage table
4.2.3,2026-05-29,pf,虚构叙事,xueyi,Xueyi,雪衣,0.02,4.2.3/histograph.json,trend auxiliary; not a full character usage table
4.2.3,2026-05-29,as,末日幻影,xueyi,Xueyi,雪衣,0.04,4.2.3/histograph.json,trend auxiliary; not a full character usage table
4.2.3,2026-05-29,aa,异相仲裁,xueyi,Xueyi,雪衣,0.02,4.2.3/histograph.json,trend auxiliary; not a full character usage table
4.2.3,2026-05-29,moc,混沌回忆,yanqing,Yanqing,彦卿,0.0,4.2.3/histograph.json,trend auxiliary; not a full character usage table
4.2.3,2026-05-29,pf,虚构叙事,yanqing,Yanqing,彦卿,0.0,4.2.3/histograph.json,trend auxiliary; not a full character usage table
4.2.3,2026-05-29,as,末日幻影,yanqing,Yanqing,彦卿,0.0,4.2.3/histograph.json,trend auxiliary; not a full character usage table
4.2.3,2026-05-29,aa,异相仲裁,yanqing,Yanqing,彦卿,0.0,4.2.3/histograph.json,trend auxiliary; not a full character usage table
4.2.3,2026-05-29,moc,混沌回忆,yao-guang,Yao Guang,爻光,38.3,4.2.3/histograph.json,trend auxiliary; not a full character usage table
4.2.3,2026-05-29,pf,虚构叙事,yao-guang,Yao Guang,爻光,34.96,4.2.3/histograph.json,trend auxiliary; not a full character usage table
4.2.3,2026-05-29,as,末日幻影,yao-guang,Yao Guang,爻光,30.87,4.2.3/histograph.json,trend auxiliary; not a full character usage table
4.2.3,2026-05-29,aa,异相仲裁,yao-guang,Yao Guang,爻光,40.31,4.2.3/histograph.json,trend auxiliary; not a full character usage table
4.2.3,2026-05-29,moc,混沌回忆,yukong,Yukong,驭空,0.01,4.2.3/histograph.json,trend auxiliary; not a full character usage table
4.2.3,2026-05-29,pf,虚构叙事,yukong,Yukong,驭空,0.0,4.2.3/histograph.json,trend auxiliary; not a full character usage table
4.2.3,2026-05-29,as,末日幻影,yukong,Yukong,驭空,0.0,4.2.3/histograph.json,trend auxiliary; not a full character usage table
4.2.3,2026-05-29,aa,异相仲裁,yukong,Yukong,驭空,0.01,4.2.3/histograph.json,trend auxiliary; not a full character usage table
4.2.3,2026-05-29,moc,混沌回忆,yunli,Yunli,云璃,0.1,4.2.3/histograph.json,trend auxiliary; not a full character usage table
4.2.3,2026-05-29,pf,虚构叙事,yunli,Yunli,云璃,0.27,4.2.3/histograph.json,trend auxiliary; not a full character usage table
4.2.3,2026-05-29,as,末日幻影,yunli,Yunli,云璃,0.11,4.2.3/histograph.json,trend auxiliary; not a full character usage table
4.2.3,2026-05-29,aa,异相仲裁,yunli,Yunli,云璃,0.25,4.2.3/histograph.json,trend auxiliary; not a full character usage table
4.3.1,2026-06-11,moc,混沌回忆,acheron,Acheron,黄泉,1.83,4.3.1/histograph.json,trend auxiliary; not a full character usage table
4.3.1,2026-06-11,pf,虚构叙事,acheron,Acheron,黄泉,1.92,4.3.1/histograph.json,trend auxiliary; not a full character usage table
4.3.1,2026-06-11,as,末日幻影,acheron,Acheron,黄泉,5.02,4.3.1/histograph.json,trend auxiliary; not a full character usage table
4.3.1,2026-06-11,aa,异相仲裁,acheron,Acheron,黄泉,5.4,4.3.1/histograph.json,trend auxiliary; not a full character usage table
4.3.1,2026-06-11,moc,混沌回忆,aglaea,Aglaea,阿格莱雅,1.28,4.3.1/histograph.json,trend auxiliary; not a full character usage table
4.3.1,2026-06-11,pf,虚构叙事,aglaea,Aglaea,阿格莱雅,1.11,4.3.1/histograph.json,trend auxiliary; not a full character usage table
4.3.1,2026-06-11,as,末日幻影,aglaea,Aglaea,阿格莱雅,0.9,4.3.1/histograph.json,trend auxiliary; not a full character usage table
4.3.1,2026-06-11,aa,异相仲裁,aglaea,Aglaea,阿格莱雅,1.71,4.3.1/histograph.json,trend auxiliary; not a full character usage table
4.3.1,2026-06-11,moc,混沌回忆,archer,Archer,Archer,9.02,4.3.1/histograph.json,trend auxiliary; not a full character usage table
4.3.1,2026-06-11,pf,虚构叙事,archer,Archer,Archer,4.31,4.3.1/histograph.json,trend auxiliary; not a full character usage table
4.3.1,2026-06-11,as,末日幻影,archer,Archer,Archer,15.79,4.3.1/histograph.json,trend auxiliary; not a full character usage table
4.3.1,2026-06-11,aa,异相仲裁,archer,Archer,Archer,11.62,4.3.1/histograph.json,trend auxiliary; not a full character usage table
4.3.1,2026-06-11,moc,混沌回忆,arlan,Arlan,阿兰,0.01,4.3.1/histograph.json,trend auxiliary; not a full character usage table
4.3.1,2026-06-11,pf,虚构叙事,arlan,Arlan,阿兰,0.0,4.3.1/histograph.json,trend auxiliary; not a full character usage table
4.3.1,2026-06-11,as,末日幻影,arlan,Arlan,阿兰,0.0,4.3.1/histograph.json,trend auxiliary; not a full character usage table
4.3.1,2026-06-11,aa,异相仲裁,arlan,Arlan,阿兰,0.0,4.3.1/histograph.json,trend auxiliary; not a full character usage table
4.3.1,2026-06-11,moc,混沌回忆,asta,Asta,艾丝妲,0.34,4.3.1/histograph.json,trend auxiliary; not a full character usage table
4.3.1,2026-06-11,pf,虚构叙事,asta,Asta,艾丝妲,0.35,4.3.1/histograph.json,trend auxiliary; not a full character usage table
4.3.1,2026-06-11,as,末日幻影,asta,Asta,艾丝妲,0.45,4.3.1/histograph.json,trend auxiliary; not a full character usage table
4.3.1,2026-06-11,aa,异相仲裁,asta,Asta,艾丝妲,0.8,4.3.1/histograph.json,trend auxiliary; not a full character usage table
4.3.1,2026-06-11,moc,混沌回忆,aventurine,Aventurine,砂金,3.71,4.3.1/histograph.json,trend auxiliary; not a full character usage table
4.3.1,2026-06-11,pf,虚构叙事,aventurine,Aventurine,砂金,3.97,4.3.1/histograph.json,trend auxiliary; not a full character usage table
4.3.1,2026-06-11,as,末日幻影,aventurine,Aventurine,砂金,4.59,4.3.1/histograph.json,trend auxiliary; not a full character usage table
4.3.1,2026-06-11,aa,异相仲裁,aventurine,Aventurine,砂金,9.82,4.3.1/histograph.json,trend auxiliary; not a full character usage table
4.3.1,2026-06-11,moc,混沌回忆,bailu,Bailu,白露,0.11,4.3.1/histograph.json,trend auxiliary; not a full character usage table
4.3.1,2026-06-11,pf,虚构叙事,bailu,Bailu,白露,0.1,4.3.1/histograph.json,trend auxiliary; not a full character usage table
4.3.1,2026-06-11,as,末日幻影,bailu,Bailu,白露,0.17,4.3.1/histograph.json,trend auxiliary; not a full character usage table
4.3.1,2026-06-11,aa,异相仲裁,bailu,Bailu,白露,0.84,4.3.1/histograph.json,trend auxiliary; not a full character usage table
4.3.1,2026-06-11,moc,混沌回忆,black-swan,Black Swan,黑天鹅,17.96,4.3.1/histograph.json,trend auxiliary; not a full character usage table
4.3.1,2026-06-11,pf,虚构叙事,black-swan,Black Swan,黑天鹅,21.84,4.3.1/histograph.json,trend auxiliary; not a full character usage table
4.3.1,2026-06-11,as,末日幻影,black-swan,Black Swan,黑天鹅,19.94,4.3.1/histograph.json,trend auxiliary; not a full character usage table
4.3.1,2026-06-11,aa,异相仲裁,black-swan,Black Swan,黑天鹅,22.63,4.3.1/histograph.json,trend auxiliary; not a full character usage table
4.3.1,2026-06-11,moc,混沌回忆,blade-mortenax,Mortenax Blade,千冶•刃,9.37,4.3.1/histograph.json,trend auxiliary; not a full character usage table
4.3.1,2026-06-11,pf,虚构叙事,blade-mortenax,Mortenax Blade,千冶•刃,4.42,4.3.1/histograph.json,trend auxiliary; not a full character usage table
4.3.1,2026-06-11,as,末日幻影,blade-mortenax,Mortenax Blade,千冶•刃,28.86,4.3.1/histograph.json,trend auxiliary; not a full character usage table
4.3.1,2026-06-11,aa,异相仲裁,blade-mortenax,Mortenax Blade,千冶•刃,26.4,4.3.1/histograph.json,trend auxiliary; not a full character usage table
4.3.1,2026-06-11,moc,混沌回忆,boothill,Boothill,波提欧,0.39,4.3.1/histograph.json,trend auxiliary; not a full character usage table
4.3.1,2026-06-11,pf,虚构叙事,boothill,Boothill,波提欧,0.06,4.3.1/histograph.json,trend auxiliary; not a full character usage table
4.3.1,2026-06-11,as,末日幻影,boothill,Boothill,波提欧,0.75,4.3.1/histograph.json,trend auxiliary; not a full character usage table
4.3.1,2026-06-11,aa,异相仲裁,boothill,Boothill,波提欧,0.48,4.3.1/histograph.json,trend auxiliary; not a full character usage table
4.3.1,2026-06-11,moc,混沌回忆,bronya,Bronya,布洛妮娅,2.24,4.3.1/histograph.json,trend auxiliary; not a full character usage table
4.3.1,2026-06-11,pf,虚构叙事,bronya,Bronya,布洛妮娅,2.83,4.3.1/histograph.json,trend auxiliary; not a full character usage table
4.3.1,2026-06-11,as,末日幻影,bronya,Bronya,布洛妮娅,1.76,4.3.1/histograph.json,trend auxiliary; not a full character usage table
4.3.1,2026-06-11,aa,异相仲裁,bronya,Bronya,布洛妮娅,4.01,4.3.1/histograph.json,trend auxiliary; not a full character usage table
4.3.1,2026-06-11,moc,混沌回忆,castorice,Castorice,遐蝶,41.42,4.3.1/histograph.json,trend auxiliary; not a full character usage table
4.3.1,2026-06-11,pf,虚构叙事,castorice,Castorice,遐蝶,49.01,4.3.1/histograph.json,trend auxiliary; not a full character usage table
4.3.1,2026-06-11,as,末日幻影,castorice,Castorice,遐蝶,48.51,4.3.1/histograph.json,trend auxiliary; not a full character usage table
4.3.1,2026-06-11,aa,异相仲裁,castorice,Castorice,遐蝶,62.44,4.3.1/histograph.json,trend auxiliary; not a full character usage table
4.3.1,2026-06-11,moc,混沌回忆,cerydra,Cerydra,刻律德菈,14.22,4.3.1/histograph.json,trend auxiliary; not a full character usage table
4.3.1,2026-06-11,pf,虚构叙事,cerydra,Cerydra,刻律德菈,12.49,4.3.1/histograph.json,trend auxiliary; not a full character usage table
4.3.1,2026-06-11,as,末日幻影,cerydra,Cerydra,刻律德菈,13.27,4.3.1/histograph.json,trend auxiliary; not a full character usage table
4.3.1,2026-06-11,aa,异相仲裁,cerydra,Cerydra,刻律德菈,17.81,4.3.1/histograph.json,trend auxiliary; not a full character usage table
4.3.1,2026-06-11,moc,混沌回忆,cipher,Cipher,赛飞儿,1.77,4.3.1/histograph.json,trend auxiliary; not a full character usage table
4.3.1,2026-06-11,pf,虚构叙事,cipher,Cipher,赛飞儿,1.27,4.3.1/histograph.json,trend auxiliary; not a full character usage table
4.3.1,2026-06-11,as,末日幻影,cipher,Cipher,赛飞儿,2.45,4.3.1/histograph.json,trend auxiliary; not a full character usage table
4.3.1,2026-06-11,aa,异相仲裁,cipher,Cipher,赛飞儿,3.81,4.3.1/histograph.json,trend auxiliary; not a full character usage table
4.3.1,2026-06-11,moc,混沌回忆,clara,Clara,克拉拉,0.07,4.3.1/histograph.json,trend auxiliary; not a full character usage table
4.3.1,2026-06-11,pf,虚构叙事,clara,Clara,克拉拉,0.19,4.3.1/histograph.json,trend auxiliary; not a full character usage table
4.3.1,2026-06-11,as,末日幻影,clara,Clara,克拉拉,0.02,4.3.1/histograph.json,trend auxiliary; not a full character usage table
4.3.1,2026-06-11,aa,异相仲裁,clara,Clara,克拉拉,0.08,4.3.1/histograph.json,trend auxiliary; not a full character usage table
4.3.1,2026-06-11,moc,混沌回忆,cyrene,Cyrene,昔涟,41.4,4.3.1/histograph.json,trend auxiliary; not a full character usage table
4.3.1,2026-06-11,pf,虚构叙事,cyrene,Cyrene,昔涟,46.12,4.3.1/histograph.json,trend auxiliary; not a full character usage table
4.3.1,2026-06-11,as,末日幻影,cyrene,Cyrene,昔涟,46.79,4.3.1/histograph.json,trend auxiliary; not a full character usage table
4.3.1,2026-06-11,aa,异相仲裁,cyrene,Cyrene,昔涟,56.3,4.3.1/histograph.json,trend auxiliary; not a full character usage table
4.3.1,2026-06-11,moc,混沌回忆,dan-heng,Dan Heng,丹恒,0.0,4.3.1/histograph.json,trend auxiliary; not a full character usage table
4.3.1,2026-06-11,pf,虚构叙事,dan-heng,Dan Heng,丹恒,0.0,4.3.1/histograph.json,trend auxiliary; not a full character usage table
4.3.1,2026-06-11,as,末日幻影,dan-heng,Dan Heng,丹恒,0.0,4.3.1/histograph.json,trend auxiliary; not a full character usage table
4.3.1,2026-06-11,aa,异相仲裁,dan-heng,Dan Heng,丹恒,0.0,4.3.1/histograph.json,trend auxiliary; not a full character usage table
4.3.1,2026-06-11,moc,混沌回忆,dan-heng-permansor-terrae,Dan Heng • Permansor Terrae,丹恒•腾荒,52.59,4.3.1/histograph.json,trend auxiliary; not a full character usage table
4.3.1,2026-06-11,pf,虚构叙事,dan-heng-permansor-terrae,Dan Heng • Permansor Terrae,丹恒•腾荒,54.31,4.3.1/histograph.json,trend auxiliary; not a full character usage table
4.3.1,2026-06-11,as,末日幻影,dan-heng-permansor-terrae,Dan Heng • Permansor Terrae,丹恒•腾荒,56.43,4.3.1/histograph.json,trend auxiliary; not a full character usage table
4.3.1,2026-06-11,aa,异相仲裁,dan-heng-permansor-terrae,Dan Heng • Permansor Terrae,丹恒•腾荒,63.93,4.3.1/histograph.json,trend auxiliary; not a full character usage table
4.3.1,2026-06-11,moc,混沌回忆,dr-ratio,Dr. Ratio,真理医生,0.02,4.3.1/histograph.json,trend auxiliary; not a full character usage table
4.3.1,2026-06-11,pf,虚构叙事,dr-ratio,Dr. Ratio,真理医生,0.0,4.3.1/histograph.json,trend auxiliary; not a full character usage table
4.3.1,2026-06-11,as,末日幻影,dr-ratio,Dr. Ratio,真理医生,0.01,4.3.1/histograph.json,trend auxiliary; not a full character usage table
4.3.1,2026-06-11,aa,异相仲裁,dr-ratio,Dr. Ratio,真理医生,0.01,4.3.1/histograph.json,trend auxiliary; not a full character usage table
4.3.1,2026-06-11,moc,混沌回忆,evanescia,Evanescia,绯英,10.58,4.3.1/histograph.json,trend auxiliary; not a full character usage table
4.3.1,2026-06-11,pf,虚构叙事,evanescia,Evanescia,绯英,11.78,4.3.1/histograph.json,trend auxiliary; not a full character usage table
4.3.1,2026-06-11,as,末日幻影,evanescia,Evanescia,绯英,13.23,4.3.1/histograph.json,trend auxiliary; not a full character usage table
4.3.1,2026-06-11,aa,异相仲裁,evanescia,Evanescia,绯英,13.52,4.3.1/histograph.json,trend auxiliary; not a full character usage table
4.3.1,2026-06-11,moc,混沌回忆,feixiao,Feixiao,飞霄,0.86,4.3.1/histograph.json,trend auxiliary; not a full character usage table
4.3.1,2026-06-11,pf,虚构叙事,feixiao,Feixiao,飞霄,0.32,4.3.1/histograph.json,trend auxiliary; not a full character usage table
4.3.1,2026-06-11,as,末日幻影,feixiao,Feixiao,飞霄,1.02,4.3.1/histograph.json,trend auxiliary; not a full character usage table
4.3.1,2026-06-11,aa,异相仲裁,feixiao,Feixiao,飞霄,1.18,4.3.1/histograph.json,trend auxiliary; not a full character usage table
4.3.1,2026-06-11,moc,混沌回忆,firefly,Firefly,流萤,22.07,4.3.1/histograph.json,trend auxiliary; not a full character usage table
4.3.1,2026-06-11,pf,虚构叙事,firefly,Firefly,流萤,15.88,4.3.1/histograph.json,trend auxiliary; not a full character usage table
4.3.1,2026-06-11,as,末日幻影,firefly,Firefly,流萤,27.65,4.3.1/histograph.json,trend auxiliary; not a full character usage table
4.3.1,2026-06-11,aa,异相仲裁,firefly,Firefly,流萤,34.37,4.3.1/histograph.json,trend auxiliary; not a full character usage table
4.3.1,2026-06-11,moc,混沌回忆,fu-xuan,Fu Xuan,符玄,1.31,4.3.1/histograph.json,trend auxiliary; not a full character usage table
4.3.1,2026-06-11,pf,虚构叙事,fu-xuan,Fu Xuan,符玄,1.36,4.3.1/histograph.json,trend auxiliary; not a full character usage table
4.3.1,2026-06-11,as,末日幻影,fu-xuan,Fu Xuan,符玄,2.21,4.3.1/histograph.json,trend auxiliary; not a full character usage table
4.3.1,2026-06-11,aa,异相仲裁,fu-xuan,Fu Xuan,符玄,3.72,4.3.1/histograph.json,trend auxiliary; not a full character usage table
4.3.1,2026-06-11,moc,混沌回忆,gallagher,Gallagher,加拉赫,4.96,4.3.1/histograph.json,trend auxiliary; not a full character usage table
4.3.1,2026-06-11,pf,虚构叙事,gallagher,Gallagher,加拉赫,4.9,4.3.1/histograph.json,trend auxiliary; not a full character usage table
4.3.1,2026-06-11,as,末日幻影,gallagher,Gallagher,加拉赫,8.35,4.3.1/histograph.json,trend auxiliary; not a full character usage table
4.3.1,2026-06-11,aa,异相仲裁,gallagher,Gallagher,加拉赫,11.25,4.3.1/histograph.json,trend auxiliary; not a full character usage table
4.3.1,2026-06-11,moc,混沌回忆,gepard,Gepard,杰帕德,0.01,4.3.1/histograph.json,trend auxiliary; not a full character usage table
4.3.1,2026-06-11,pf,虚构叙事,gepard,Gepard,杰帕德,0.01,4.3.1/histograph.json,trend auxiliary; not a full character usage table
4.3.1,2026-06-11,as,末日幻影,gepard,Gepard,杰帕德,0.03,4.3.1/histograph.json,trend auxiliary; not a full character usage table
4.3.1,2026-06-11,aa,异相仲裁,gepard,Gepard,杰帕德,0.09,4.3.1/histograph.json,trend auxiliary; not a full character usage table
4.3.1,2026-06-11,moc,混沌回忆,guinaifen,Guinaifen,桂乃芬,0.01,4.3.1/histograph.json,trend auxiliary; not a full character usage table
4.3.1,2026-06-11,pf,虚构叙事,guinaifen,Guinaifen,桂乃芬,0.01,4.3.1/histograph.json,trend auxiliary; not a full character usage table
4.3.1,2026-06-11,as,末日幻影,guinaifen,Guinaifen,桂乃芬,0.01,4.3.1/histograph.json,trend auxiliary; not a full character usage table
4.3.1,2026-06-11,aa,异相仲裁,guinaifen,Guinaifen,桂乃芬,0.02,4.3.1/histograph.json,trend auxiliary; not a full character usage table
4.3.1,2026-06-11,moc,混沌回忆,hanya,Hanya,寒鸦,0.01,4.3.1/histograph.json,trend auxiliary; not a full character usage table
4.3.1,2026-06-11,pf,虚构叙事,hanya,Hanya,寒鸦,0.0,4.3.1/histograph.json,trend auxiliary; not a full character usage table
4.3.1,2026-06-11,as,末日幻影,hanya,Hanya,寒鸦,0.01,4.3.1/histograph.json,trend auxiliary; not a full character usage table
4.3.1,2026-06-11,aa,异相仲裁,hanya,Hanya,寒鸦,0.04,4.3.1/histograph.json,trend auxiliary; not a full character usage table
4.3.1,2026-06-11,moc,混沌回忆,herta,Herta,黑塔,0.46,4.3.1/histograph.json,trend auxiliary; not a full character usage table
4.3.1,2026-06-11,pf,虚构叙事,herta,Herta,黑塔,6.76,4.3.1/histograph.json,trend auxiliary; not a full character usage table
4.3.1,2026-06-11,as,末日幻影,herta,Herta,黑塔,0.69,4.3.1/histograph.json,trend auxiliary; not a full character usage table
4.3.1,2026-06-11,aa,异相仲裁,herta,Herta,黑塔,0.48,4.3.1/histograph.json,trend auxiliary; not a full character usage table
4.3.1,2026-06-11,moc,混沌回忆,himeko,Himeko,姬子,0.03,4.3.1/histograph.json,trend auxiliary; not a full character usage table
4.3.1,2026-06-11,pf,虚构叙事,himeko,Himeko,姬子,1.22,4.3.1/histograph.json,trend auxiliary; not a full character usage table
4.3.1,2026-06-11,as,末日幻影,himeko,Himeko,姬子,0.07,4.3.1/histograph.json,trend auxiliary; not a full character usage table
4.3.1,2026-06-11,aa,异相仲裁,himeko,Himeko,姬子,0.09,4.3.1/histograph.json,trend auxiliary; not a full character usage table
4.3.1,2026-06-11,moc,混沌回忆,hook,Hook,虎克,0.0,4.3.1/histograph.json,trend auxiliary; not a full character usage table
4.3.1,2026-06-11,pf,虚构叙事,hook,Hook,虎克,0.0,4.3.1/histograph.json,trend auxiliary; not a full character usage table
4.3.1,2026-06-11,as,末日幻影,hook,Hook,虎克,0.0,4.3.1/histograph.json,trend auxiliary; not a full character usage table
4.3.1,2026-06-11,aa,异相仲裁,hook,Hook,虎克,0.0,4.3.1/histograph.json,trend auxiliary; not a full character usage table
4.3.1,2026-06-11,moc,混沌回忆,huohuo,Huohuo,藿藿,30.3,4.3.1/histograph.json,trend auxiliary; not a full character usage table
4.3.1,2026-06-11,pf,虚构叙事,huohuo,Huohuo,藿藿,24.84,4.3.1/histograph.json,trend auxiliary; not a full character usage table
4.3.1,2026-06-11,as,末日幻影,huohuo,Huohuo,藿藿,37.96,4.3.1/histograph.json,trend auxiliary; not a full character usage table
4.3.1,2026-06-11,aa,异相仲裁,huohuo,Huohuo,藿藿,45.36,4.3.1/histograph.json,trend auxiliary; not a full character usage table
4.3.1,2026-06-11,moc,混沌回忆,hyacine,Hyacine,风堇,52.02,4.3.1/histograph.json,trend auxiliary; not a full character usage table
4.3.1,2026-06-11,pf,虚构叙事,hyacine,Hyacine,风堇,59.43,4.3.1/histograph.json,trend auxiliary; not a full character usage table
4.3.1,2026-06-11,as,末日幻影,hyacine,Hyacine,风堇,58.5,4.3.1/histograph.json,trend auxiliary; not a full character usage table
4.3.1,2026-06-11,aa,异相仲裁,hyacine,Hyacine,风堇,70.34,4.3.1/histograph.json,trend auxiliary; not a full character usage table
4.3.1,2026-06-11,moc,混沌回忆,hysilens,Hysilens,海瑟音,18.93,4.3.1/histograph.json,trend auxiliary; not a full character usage table
4.3.1,2026-06-11,pf,虚构叙事,hysilens,Hysilens,海瑟音,23.37,4.3.1/histograph.json,trend auxiliary; not a full character usage table
4.3.1,2026-06-11,as,末日幻影,hysilens,Hysilens,海瑟音,21.89,4.3.1/histograph.json,trend auxiliary; not a full character usage table
4.3.1,2026-06-11,aa,异相仲裁,hysilens,Hysilens,海瑟音,24.04,4.3.1/histograph.json,trend auxiliary; not a full character usage table
4.3.1,2026-06-11,moc,混沌回忆,imbibitor-lunae,Dan Heng • Imbibitor Lunae,丹恒•饮月,0.06,4.3.1/histograph.json,trend auxiliary; not a full character usage table
4.3.1,2026-06-11,pf,虚构叙事,imbibitor-lunae,Dan Heng • Imbibitor Lunae,丹恒•饮月,0.14,4.3.1/histograph.json,trend auxiliary; not a full character usage table
4.3.1,2026-06-11,as,末日幻影,imbibitor-lunae,Dan Heng • Imbibitor Lunae,丹恒•饮月,0.02,4.3.1/histograph.json,trend auxiliary; not a full character usage table
4.3.1,2026-06-11,aa,异相仲裁,imbibitor-lunae,Dan Heng • Imbibitor Lunae,丹恒•饮月,0.06,4.3.1/histograph.json,trend auxiliary; not a full character usage table
4.3.1,2026-06-11,moc,混沌回忆,jade,Jade,翡翠,0.52,4.3.1/histograph.json,trend auxiliary; not a full character usage table
4.3.1,2026-06-11,pf,虚构叙事,jade,Jade,翡翠,3.56,4.3.1/histograph.json,trend auxiliary; not a full character usage table
4.3.1,2026-06-11,as,末日幻影,jade,Jade,翡翠,0.73,4.3.1/histograph.json,trend auxiliary; not a full character usage table
4.3.1,2026-06-11,aa,异相仲裁,jade,Jade,翡翠,0.63,4.3.1/histograph.json,trend auxiliary; not a full character usage table
4.3.1,2026-06-11,moc,混沌回忆,jiaoqiu,Jiaoqiu,椒丘,0.41,4.3.1/histograph.json,trend auxiliary; not a full character usage table
4.3.1,2026-06-11,pf,虚构叙事,jiaoqiu,Jiaoqiu,椒丘,1.09,4.3.1/histograph.json,trend auxiliary; not a full character usage table
4.3.1,2026-06-11,as,末日幻影,jiaoqiu,Jiaoqiu,椒丘,0.54,4.3.1/histograph.json,trend auxiliary; not a full character usage table
4.3.1,2026-06-11,aa,异相仲裁,jiaoqiu,Jiaoqiu,椒丘,1.16,4.3.1/histograph.json,trend auxiliary; not a full character usage table
4.3.1,2026-06-11,moc,混沌回忆,jing-yuan,Jing Yuan,景元,0.12,4.3.1/histograph.json,trend auxiliary; not a full character usage table
4.3.1,2026-06-11,pf,虚构叙事,jing-yuan,Jing Yuan,景元,0.33,4.3.1/histograph.json,trend auxiliary; not a full character usage table
4.3.1,2026-06-11,as,末日幻影,jing-yuan,Jing Yuan,景元,0.1,4.3.1/histograph.json,trend auxiliary; not a full character usage table
4.3.1,2026-06-11,aa,异相仲裁,jing-yuan,Jing Yuan,景元,0.12,4.3.1/histograph.json,trend auxiliary; not a full character usage table
4.3.1,2026-06-11,moc,混沌回忆,jingliu,Jingliu,镜流,0.07,4.3.1/histograph.json,trend auxiliary; not a full character usage table
4.3.1,2026-06-11,pf,虚构叙事,jingliu,Jingliu,镜流,0.07,4.3.1/histograph.json,trend auxiliary; not a full character usage table
4.3.1,2026-06-11,as,末日幻影,jingliu,Jingliu,镜流,0.01,4.3.1/histograph.json,trend auxiliary; not a full character usage table
4.3.1,2026-06-11,aa,异相仲裁,jingliu,Jingliu,镜流,0.16,4.3.1/histograph.json,trend auxiliary; not a full character usage table
4.3.1,2026-06-11,moc,混沌回忆,kafka,Kafka,卡芙卡,19.11,4.3.1/histograph.json,trend auxiliary; not a full character usage table
4.3.1,2026-06-11,pf,虚构叙事,kafka,Kafka,卡芙卡,23.87,4.3.1/histograph.json,trend auxiliary; not a full character usage table
4.3.1,2026-06-11,as,末日幻影,kafka,Kafka,卡芙卡,22.15,4.3.1/histograph.json,trend auxiliary; not a full character usage table
4.3.1,2026-06-11,aa,异相仲裁,kafka,Kafka,卡芙卡,24.45,4.3.1/histograph.json,trend auxiliary; not a full character usage table
4.3.1,2026-06-11,moc,混沌回忆,lingsha,Lingsha,灵砂,11.16,4.3.1/histograph.json,trend auxiliary; not a full character usage table
4.3.1,2026-06-11,pf,虚构叙事,lingsha,Lingsha,灵砂,12.54,4.3.1/histograph.json,trend auxiliary; not a full character usage table
4.3.1,2026-06-11,as,末日幻影,lingsha,Lingsha,灵砂,14.97,4.3.1/histograph.json,trend auxiliary; not a full character usage table
4.3.1,2026-06-11,aa,异相仲裁,lingsha,Lingsha,灵砂,18.79,4.3.1/histograph.json,trend auxiliary; not a full character usage table
4.3.1,2026-06-11,moc,混沌回忆,luka,Luka,卢卡,0.0,4.3.1/histograph.json,trend auxiliary; not a full character usage table
4.3.1,2026-06-11,pf,虚构叙事,luka,Luka,卢卡,0.0,4.3.1/histograph.json,trend auxiliary; not a full character usage table
4.3.1,2026-06-11,as,末日幻影,luka,Luka,卢卡,0.0,4.3.1/histograph.json,trend auxiliary; not a full character usage table
4.3.1,2026-06-11,aa,异相仲裁,luka,Luka,卢卡,0.0,4.3.1/histograph.json,trend auxiliary; not a full character usage table
4.3.1,2026-06-11,moc,混沌回忆,luocha,Luocha,罗刹,1.42,4.3.1/histograph.json,trend auxiliary; not a full character usage table
4.3.1,2026-06-11,pf,虚构叙事,luocha,Luocha,罗刹,1.79,4.3.1/histograph.json,trend auxiliary; not a full character usage table
4.3.1,2026-06-11,as,末日幻影,luocha,Luocha,罗刹,1.84,4.3.1/histograph.json,trend auxiliary; not a full character usage table
4.3.1,2026-06-11,aa,异相仲裁,luocha,Luocha,罗刹,4.73,4.3.1/histograph.json,trend auxiliary; not a full character usage table
4.3.1,2026-06-11,moc,混沌回忆,lynx,Lynx,玲可,0.0,4.3.1/histograph.json,trend auxiliary; not a full character usage table
4.3.1,2026-06-11,pf,虚构叙事,lynx,Lynx,玲可,0.02,4.3.1/histograph.json,trend auxiliary; not a full character usage table
4.3.1,2026-06-11,as,末日幻影,lynx,Lynx,玲可,0.03,4.3.1/histograph.json,trend auxiliary; not a full character usage table
4.3.1,2026-06-11,aa,异相仲裁,lynx,Lynx,玲可,0.06,4.3.1/histograph.json,trend auxiliary; not a full character usage table
4.3.1,2026-06-11,moc,混沌回忆,march-7th,March 7th,三月七 - 存护,0.0,4.3.1/histograph.json,trend auxiliary; not a full character usage table
4.3.1,2026-06-11,pf,虚构叙事,march-7th,March 7th,三月七 - 存护,0.0,4.3.1/histograph.json,trend auxiliary; not a full character usage table
4.3.1,2026-06-11,as,末日幻影,march-7th,March 7th,三月七 - 存护,0.02,4.3.1/histograph.json,trend auxiliary; not a full character usage table
4.3.1,2026-06-11,aa,异相仲裁,march-7th,March 7th,三月七 - 存护,0.02,4.3.1/histograph.json,trend auxiliary; not a full character usage table
4.3.1,2026-06-11,moc,混沌回忆,march-7th-swordmaster,March 7th: The Hunt,三月七•巡猎,0.04,4.3.1/histograph.json,trend auxiliary; not a full character usage table
4.3.1,2026-06-11,pf,虚构叙事,march-7th-swordmaster,March 7th: The Hunt,三月七•巡猎,0.01,4.3.1/histograph.json,trend auxiliary; not a full character usage table
4.3.1,2026-06-11,as,末日幻影,march-7th-swordmaster,March 7th: The Hunt,三月七•巡猎,0.06,4.3.1/histograph.json,trend auxiliary; not a full character usage table
4.3.1,2026-06-11,aa,异相仲裁,march-7th-swordmaster,March 7th: The Hunt,三月七•巡猎,0.04,4.3.1/histograph.json,trend auxiliary; not a full character usage table
4.3.1,2026-06-11,moc,混沌回忆,misha,Misha,米沙,0.0,4.3.1/histograph.json,trend auxiliary; not a full character usage table
4.3.1,2026-06-11,pf,虚构叙事,misha,Misha,米沙,0.0,4.3.1/histograph.json,trend auxiliary; not a full character usage table
4.3.1,2026-06-11,as,末日幻影,misha,Misha,米沙,0.0,4.3.1/histograph.json,trend auxiliary; not a full character usage table
4.3.1,2026-06-11,aa,异相仲裁,misha,Misha,米沙,0.0,4.3.1/histograph.json,trend auxiliary; not a full character usage table
4.3.1,2026-06-11,moc,混沌回忆,moze,Moze,貊泽,0.07,4.3.1/histograph.json,trend auxiliary; not a full character usage table
4.3.1,2026-06-11,pf,虚构叙事,moze,Moze,貊泽,0.01,4.3.1/histograph.json,trend auxiliary; not a full character usage table
4.3.1,2026-06-11,as,末日幻影,moze,Moze,貊泽,0.08,4.3.1/histograph.json,trend auxiliary; not a full character usage table
4.3.1,2026-06-11,aa,异相仲裁,moze,Moze,貊泽,0.05,4.3.1/histograph.json,trend auxiliary; not a full character usage table
4.3.1,2026-06-11,moc,混沌回忆,mydei,Mydei,万敌,1.27,4.3.1/histograph.json,trend auxiliary; not a full character usage table
4.3.1,2026-06-11,pf,虚构叙事,mydei,Mydei,万敌,1.72,4.3.1/histograph.json,trend auxiliary; not a full character usage table
4.3.1,2026-06-11,as,末日幻影,mydei,Mydei,万敌,0.64,4.3.1/histograph.json,trend auxiliary; not a full character usage table
4.3.1,2026-06-11,aa,异相仲裁,mydei,Mydei,万敌,2.27,4.3.1/histograph.json,trend auxiliary; not a full character usage table
4.3.1,2026-06-11,moc,混沌回忆,natasha,Natasha,娜塔莎,0.02,4.3.1/histograph.json,trend auxiliary; not a full character usage table
4.3.1,2026-06-11,pf,虚构叙事,natasha,Natasha,娜塔莎,0.01,4.3.1/histograph.json,trend auxiliary; not a full character usage table
4.3.1,2026-06-11,as,末日幻影,natasha,Natasha,娜塔莎,0.02,4.3.1/histograph.json,trend auxiliary; not a full character usage table
4.3.1,2026-06-11,aa,异相仲裁,natasha,Natasha,娜塔莎,0.02,4.3.1/histograph.json,trend auxiliary; not a full character usage table
4.3.1,2026-06-11,moc,混沌回忆,pela,Pela,佩拉,0.04,4.3.1/histograph.json,trend auxiliary; not a full character usage table
4.3.1,2026-06-11,pf,虚构叙事,pela,Pela,佩拉,0.06,4.3.1/histograph.json,trend auxiliary; not a full character usage table
4.3.1,2026-06-11,as,末日幻影,pela,Pela,佩拉,0.05,4.3.1/histograph.json,trend auxiliary; not a full character usage table
4.3.1,2026-06-11,aa,异相仲裁,pela,Pela,佩拉,0.21,4.3.1/histograph.json,trend auxiliary; not a full character usage table
4.3.1,2026-06-11,moc,混沌回忆,phainon,Phainon,白厄,16.0,4.3.1/histograph.json,trend auxiliary; not a full character usage table
4.3.1,2026-06-11,pf,虚构叙事,phainon,Phainon,白厄,14.78,4.3.1/histograph.json,trend auxiliary; not a full character usage table
4.3.1,2026-06-11,as,末日幻影,phainon,Phainon,白厄,12.06,4.3.1/histograph.json,trend auxiliary; not a full character usage table
4.3.1,2026-06-11,aa,异相仲裁,phainon,Phainon,白厄,19.68,4.3.1/histograph.json,trend auxiliary; not a full character usage table
4.3.1,2026-06-11,moc,混沌回忆,qingque,Qingque,青雀,0.02,4.3.1/histograph.json,trend auxiliary; not a full character usage table
4.3.1,2026-06-11,pf,虚构叙事,qingque,Qingque,青雀,0.03,4.3.1/histograph.json,trend auxiliary; not a full character usage table
4.3.1,2026-06-11,as,末日幻影,qingque,Qingque,青雀,0.04,4.3.1/histograph.json,trend auxiliary; not a full character usage table
4.3.1,2026-06-11,aa,异相仲裁,qingque,Qingque,青雀,0.01,4.3.1/histograph.json,trend auxiliary; not a full character usage table
4.3.1,2026-06-11,moc,混沌回忆,rappa,Rappa,乱破,0.53,4.3.1/histograph.json,trend auxiliary; not a full character usage table
4.3.1,2026-06-11,pf,虚构叙事,rappa,Rappa,乱破,1.88,4.3.1/histograph.json,trend auxiliary; not a full character usage table
4.3.1,2026-06-11,as,末日幻影,rappa,Rappa,乱破,0.82,4.3.1/histograph.json,trend auxiliary; not a full character usage table
4.3.1,2026-06-11,aa,异相仲裁,rappa,Rappa,乱破,0.94,4.3.1/histograph.json,trend auxiliary; not a full character usage table
4.3.1,2026-06-11,moc,混沌回忆,robin,Robin,知更鸟,3.69,4.3.1/histograph.json,trend auxiliary; not a full character usage table
4.3.1,2026-06-11,pf,虚构叙事,robin,Robin,知更鸟,4.47,4.3.1/histograph.json,trend auxiliary; not a full character usage table
4.3.1,2026-06-11,as,末日幻影,robin,Robin,知更鸟,4.34,4.3.1/histograph.json,trend auxiliary; not a full character usage table
4.3.1,2026-06-11,aa,异相仲裁,robin,Robin,知更鸟,7.49,4.3.1/histograph.json,trend auxiliary; not a full character usage table
4.3.1,2026-06-11,moc,混沌回忆,ruan-mei,Ruan Mei,阮•梅,8.11,4.3.1/histograph.json,trend auxiliary; not a full character usage table
4.3.1,2026-06-11,pf,虚构叙事,ruan-mei,Ruan Mei,阮•梅,7.61,4.3.1/histograph.json,trend auxiliary; not a full character usage table
4.3.1,2026-06-11,as,末日幻影,ruan-mei,Ruan Mei,阮•梅,14.67,4.3.1/histograph.json,trend auxiliary; not a full character usage table
4.3.1,2026-06-11,aa,异相仲裁,ruan-mei,Ruan Mei,阮•梅,16.1,4.3.1/histograph.json,trend auxiliary; not a full character usage table
4.3.1,2026-06-11,moc,混沌回忆,saber,Saber,Saber,0.98,4.3.1/histograph.json,trend auxiliary; not a full character usage table
4.3.1,2026-06-11,pf,虚构叙事,saber,Saber,Saber,0.53,4.3.1/histograph.json,trend auxiliary; not a full character usage table
4.3.1,2026-06-11,as,末日幻影,saber,Saber,Saber,0.62,4.3.1/histograph.json,trend auxiliary; not a full character usage table
4.3.1,2026-06-11,aa,异相仲裁,saber,Saber,Saber,1.42,4.3.1/histograph.json,trend auxiliary; not a full character usage table
4.3.1,2026-06-11,moc,混沌回忆,sampo,Sampo,桑博,0.0,4.3.1/histograph.json,trend auxiliary; not a full character usage table
4.3.1,2026-06-11,pf,虚构叙事,sampo,Sampo,桑博,0.0,4.3.1/histograph.json,trend auxiliary; not a full character usage table
4.3.1,2026-06-11,as,末日幻影,sampo,Sampo,桑博,0.01,4.3.1/histograph.json,trend auxiliary; not a full character usage table
4.3.1,2026-06-11,aa,异相仲裁,sampo,Sampo,桑博,0.01,4.3.1/histograph.json,trend auxiliary; not a full character usage table
4.3.1,2026-06-11,moc,混沌回忆,seele,Seele,希儿,0.57,4.3.1/histograph.json,trend auxiliary; not a full character usage table
4.3.1,2026-06-11,pf,虚构叙事,seele,Seele,希儿,0.93,4.3.1/histograph.json,trend auxiliary; not a full character usage table
4.3.1,2026-06-11,as,末日幻影,seele,Seele,希儿,1.4,4.3.1/histograph.json,trend auxiliary; not a full character usage table
4.3.1,2026-06-11,aa,异相仲裁,seele,Seele,希儿,1.59,4.3.1/histograph.json,trend auxiliary; not a full character usage table
4.3.1,2026-06-11,moc,混沌回忆,serval,Serval,希露瓦,0.12,4.3.1/histograph.json,trend auxiliary; not a full character usage table
4.3.1,2026-06-11,pf,虚构叙事,serval,Serval,希露瓦,0.17,4.3.1/histograph.json,trend auxiliary; not a full character usage table
4.3.1,2026-06-11,as,末日幻影,serval,Serval,希露瓦,0.09,4.3.1/histograph.json,trend auxiliary; not a full character usage table
4.3.1,2026-06-11,aa,异相仲裁,serval,Serval,希露瓦,0.2,4.3.1/histograph.json,trend auxiliary; not a full character usage table
4.3.1,2026-06-11,moc,混沌回忆,silver-wolf,Silver Wolf,银狼,1.58,4.3.1/histograph.json,trend auxiliary; not a full character usage table
4.3.1,2026-06-11,pf,虚构叙事,silver-wolf,Silver Wolf,银狼,0.76,4.3.1/histograph.json,trend auxiliary; not a full character usage table
4.3.1,2026-06-11,as,末日幻影,silver-wolf,Silver Wolf,银狼,2.43,4.3.1/histograph.json,trend auxiliary; not a full character usage table
4.3.1,2026-06-11,aa,异相仲裁,silver-wolf,Silver Wolf,银狼,3.3,4.3.1/histograph.json,trend auxiliary; not a full character usage table
4.3.1,2026-06-11,moc,混沌回忆,silver-wolf-lv-999,Silver Wolf LV.999,银狼LV.999,39.64,4.3.1/histograph.json,trend auxiliary; not a full character usage table
4.3.1,2026-06-11,pf,虚构叙事,silver-wolf-lv-999,Silver Wolf LV.999,银狼LV.999,31.62,4.3.1/histograph.json,trend auxiliary; not a full character usage table
4.3.1,2026-06-11,as,末日幻影,silver-wolf-lv-999,Silver Wolf LV.999,银狼LV.999,50.94,4.3.1/histograph.json,trend auxiliary; not a full character usage table
4.3.1,2026-06-11,aa,异相仲裁,silver-wolf-lv-999,Silver Wolf LV.999,银狼LV.999,56.06,4.3.1/histograph.json,trend auxiliary; not a full character usage table
4.3.1,2026-06-11,moc,混沌回忆,anaxa,Anaxa,那刻夏,2.23,4.3.1/histograph.json,trend auxiliary; not a full character usage table
4.3.1,2026-06-11,pf,虚构叙事,anaxa,Anaxa,那刻夏,2.05,4.3.1/histograph.json,trend auxiliary; not a full character usage table
4.3.1,2026-06-11,as,末日幻影,anaxa,Anaxa,那刻夏,3.41,4.3.1/histograph.json,trend auxiliary; not a full character usage table
4.3.1,2026-06-11,aa,异相仲裁,anaxa,Anaxa,那刻夏,2.85,4.3.1/histograph.json,trend auxiliary; not a full character usage table
4.3.1,2026-06-11,moc,混沌回忆,argenti,Argenti,银枝,0.0,4.3.1/histograph.json,trend auxiliary; not a full character usage table
4.3.1,2026-06-11,pf,虚构叙事,argenti,Argenti,银枝,0.25,4.3.1/histograph.json,trend auxiliary; not a full character usage table
4.3.1,2026-06-11,as,末日幻影,argenti,Argenti,银枝,0.01,4.3.1/histograph.json,trend auxiliary; not a full character usage table
4.3.1,2026-06-11,aa,异相仲裁,argenti,Argenti,银枝,0.0,4.3.1/histograph.json,trend auxiliary; not a full character usage table
4.3.1,2026-06-11,moc,混沌回忆,ashveil,Ashveil,不死途,3.94,4.3.1/histograph.json,trend auxiliary; not a full character usage table
4.3.1,2026-06-11,pf,虚构叙事,ashveil,Ashveil,不死途,4.06,4.3.1/histograph.json,trend auxiliary; not a full character usage table
4.3.1,2026-06-11,as,末日幻影,ashveil,Ashveil,不死途,3.68,4.3.1/histograph.json,trend auxiliary; not a full character usage table
4.3.1,2026-06-11,aa,异相仲裁,ashveil,Ashveil,不死途,6.66,4.3.1/histograph.json,trend auxiliary; not a full character usage table
4.3.1,2026-06-11,moc,混沌回忆,blade,Blade,刃,0.17,4.3.1/histograph.json,trend auxiliary; not a full character usage table
4.3.1,2026-06-11,pf,虚构叙事,blade,Blade,刃,0.14,4.3.1/histograph.json,trend auxiliary; not a full character usage table
4.3.1,2026-06-11,as,末日幻影,blade,Blade,刃,0.06,4.3.1/histograph.json,trend auxiliary; not a full character usage table
4.3.1,2026-06-11,aa,异相仲裁,blade,Blade,刃,0.31,4.3.1/histograph.json,trend auxiliary; not a full character usage table
4.3.1,2026-06-11,moc,混沌回忆,march-7th-evernight,Evernight,长夜月,3.39,4.3.1/histograph.json,trend auxiliary; not a full character usage table
4.3.1,2026-06-11,pf,虚构叙事,march-7th-evernight,Evernight,长夜月,4.49,4.3.1/histograph.json,trend auxiliary; not a full character usage table
4.3.1,2026-06-11,as,末日幻影,march-7th-evernight,Evernight,长夜月,3.02,4.3.1/histograph.json,trend auxiliary; not a full character usage table
4.3.1,2026-06-11,aa,异相仲裁,march-7th-evernight,Evernight,长夜月,6.02,4.3.1/histograph.json,trend auxiliary; not a full character usage table
4.3.1,2026-06-11,moc,混沌回忆,sparxie,Sparxie,火花,11.84,4.3.1/histograph.json,trend auxiliary; not a full character usage table
4.3.1,2026-06-11,pf,虚构叙事,sparxie,Sparxie,火花,10.08,4.3.1/histograph.json,trend auxiliary; not a full character usage table
4.3.1,2026-06-11,as,末日幻影,sparxie,Sparxie,火花,12.91,4.3.1/histograph.json,trend auxiliary; not a full character usage table
4.3.1,2026-06-11,aa,异相仲裁,sparxie,Sparxie,火花,15.65,4.3.1/histograph.json,trend auxiliary; not a full character usage table
4.3.1,2026-06-11,moc,混沌回忆,sparkle,Sparkle,花火,28.9,4.3.1/histograph.json,trend auxiliary; not a full character usage table
4.3.1,2026-06-11,pf,虚构叙事,sparkle,Sparkle,花火,23.06,4.3.1/histograph.json,trend auxiliary; not a full character usage table
4.3.1,2026-06-11,as,末日幻影,sparkle,Sparkle,花火,35.83,4.3.1/histograph.json,trend auxiliary; not a full character usage table
4.3.1,2026-06-11,aa,异相仲裁,sparkle,Sparkle,花火,38.62,4.3.1/histograph.json,trend auxiliary; not a full character usage table
4.3.1,2026-06-11,moc,混沌回忆,sunday,Sunday,星期日,17.71,4.3.1/histograph.json,trend auxiliary; not a full character usage table
4.3.1,2026-06-11,pf,虚构叙事,sunday,Sunday,星期日,16.85,4.3.1/histograph.json,trend auxiliary; not a full character usage table
4.3.1,2026-06-11,as,末日幻影,sunday,Sunday,星期日,13.86,4.3.1/histograph.json,trend auxiliary; not a full character usage table
4.3.1,2026-06-11,aa,异相仲裁,sunday,Sunday,星期日,23.61,4.3.1/histograph.json,trend auxiliary; not a full character usage table
4.3.1,2026-06-11,moc,混沌回忆,anaxa,Anaxa,那刻夏,2.65,4.3.1/histograph.json,trend auxiliary; not a full character usage table
4.3.1,2026-06-11,pf,虚构叙事,anaxa,Anaxa,那刻夏,5.59,4.3.1/histograph.json,trend auxiliary; not a full character usage table
4.3.1,2026-06-11,as,末日幻影,anaxa,Anaxa,那刻夏,3.44,4.3.1/histograph.json,trend auxiliary; not a full character usage table
4.3.1,2026-06-11,aa,异相仲裁,anaxa,Anaxa,那刻夏,3.09,4.3.1/histograph.json,trend auxiliary; not a full character usage table
4.3.1,2026-06-11,moc,混沌回忆,argenti,Argenti,银枝,0.04,4.3.1/histograph.json,trend auxiliary; not a full character usage table
4.3.1,2026-06-11,pf,虚构叙事,argenti,Argenti,银枝,0.25,4.3.1/histograph.json,trend auxiliary; not a full character usage table
4.3.1,2026-06-11,as,末日幻影,argenti,Argenti,银枝,0.06,4.3.1/histograph.json,trend auxiliary; not a full character usage table
4.3.1,2026-06-11,aa,异相仲裁,argenti,Argenti,银枝,0.05,4.3.1/histograph.json,trend auxiliary; not a full character usage table
4.3.1,2026-06-11,moc,混沌回忆,ashveil,Ashveil,不死途,0.98,4.3.1/histograph.json,trend auxiliary; not a full character usage table
4.3.1,2026-06-11,pf,虚构叙事,ashveil,Ashveil,不死途,0.97,4.3.1/histograph.json,trend auxiliary; not a full character usage table
4.3.1,2026-06-11,as,末日幻影,ashveil,Ashveil,不死途,1.44,4.3.1/histograph.json,trend auxiliary; not a full character usage table
4.3.1,2026-06-11,aa,异相仲裁,ashveil,Ashveil,不死途,1.71,4.3.1/histograph.json,trend auxiliary; not a full character usage table
4.3.1,2026-06-11,moc,混沌回忆,blade,Blade,刃,0.06,4.3.1/histograph.json,trend auxiliary; not a full character usage table
4.3.1,2026-06-11,pf,虚构叙事,blade,Blade,刃,0.1,4.3.1/histograph.json,trend auxiliary; not a full character usage table
4.3.1,2026-06-11,as,末日幻影,blade,Blade,刃,0.04,4.3.1/histograph.json,trend auxiliary; not a full character usage table
4.3.1,2026-06-11,aa,异相仲裁,blade,Blade,刃,0.29,4.3.1/histograph.json,trend auxiliary; not a full character usage table
4.3.1,2026-06-11,moc,混沌回忆,march-7th-evernight,Evernight,长夜月,36.77,4.3.1/histograph.json,trend auxiliary; not a full character usage table
4.3.1,2026-06-11,pf,虚构叙事,march-7th-evernight,Evernight,长夜月,42.0,4.3.1/histograph.json,trend auxiliary; not a full character usage table
4.3.1,2026-06-11,as,末日幻影,march-7th-evernight,Evernight,长夜月,43.22,4.3.1/histograph.json,trend auxiliary; not a full character usage table
4.3.1,2026-06-11,aa,异相仲裁,march-7th-evernight,Evernight,长夜月,51.55,4.3.1/histograph.json,trend auxiliary; not a full character usage table
4.3.1,2026-06-11,moc,混沌回忆,sparxie,Sparxie,火花,18.43,4.3.1/histograph.json,trend auxiliary; not a full character usage table
4.3.1,2026-06-11,pf,虚构叙事,sparxie,Sparxie,火花,14.55,4.3.1/histograph.json,trend auxiliary; not a full character usage table
4.3.1,2026-06-11,as,末日幻影,sparxie,Sparxie,火花,24.66,4.3.1/histograph.json,trend auxiliary; not a full character usage table
4.3.1,2026-06-11,aa,异相仲裁,sparxie,Sparxie,火花,25.32,4.3.1/histograph.json,trend auxiliary; not a full character usage table
4.3.1,2026-06-11,moc,混沌回忆,sushang,Sushang,素裳,0.0,4.3.1/histograph.json,trend auxiliary; not a full character usage table
4.3.1,2026-06-11,pf,虚构叙事,sushang,Sushang,素裳,0.0,4.3.1/histograph.json,trend auxiliary; not a full character usage table
4.3.1,2026-06-11,as,末日幻影,sushang,Sushang,素裳,0.0,4.3.1/histograph.json,trend auxiliary; not a full character usage table
4.3.1,2026-06-11,aa,异相仲裁,sushang,Sushang,素裳,0.0,4.3.1/histograph.json,trend auxiliary; not a full character usage table
4.3.1,2026-06-11,moc,混沌回忆,the-dahlia,The Dahlia,大丽花,23.33,4.3.1/histograph.json,trend auxiliary; not a full character usage table
4.3.1,2026-06-11,pf,虚构叙事,the-dahlia,The Dahlia,大丽花,18.91,4.3.1/histograph.json,trend auxiliary; not a full character usage table
4.3.1,2026-06-11,as,末日幻影,the-dahlia,The Dahlia,大丽花,29.75,4.3.1/histograph.json,trend auxiliary; not a full character usage table
4.3.1,2026-06-11,aa,异相仲裁,the-dahlia,The Dahlia,大丽花,36.34,4.3.1/histograph.json,trend auxiliary; not a full character usage table
4.3.1,2026-06-11,moc,混沌回忆,the-herta,The Herta,大黑塔,3.75,4.3.1/histograph.json,trend auxiliary; not a full character usage table
4.3.1,2026-06-11,pf,虚构叙事,the-herta,The Herta,大黑塔,15.45,4.3.1/histograph.json,trend auxiliary; not a full character usage table
4.3.1,2026-06-11,as,末日幻影,the-herta,The Herta,大黑塔,4.75,4.3.1/histograph.json,trend auxiliary; not a full character usage table
4.3.1,2026-06-11,aa,异相仲裁,the-herta,The Herta,大黑塔,4.34,4.3.1/histograph.json,trend auxiliary; not a full character usage table
4.3.1,2026-06-11,moc,混沌回忆,tingyun,Tingyun,停云,0.17,4.3.1/histograph.json,trend auxiliary; not a full character usage table
4.3.1,2026-06-11,pf,虚构叙事,tingyun,Tingyun,停云,0.22,4.3.1/histograph.json,trend auxiliary; not a full character usage table
4.3.1,2026-06-11,as,末日幻影,tingyun,Tingyun,停云,0.27,4.3.1/histograph.json,trend auxiliary; not a full character usage table
4.3.1,2026-06-11,aa,异相仲裁,tingyun,Tingyun,停云,0.48,4.3.1/histograph.json,trend auxiliary; not a full character usage table
4.3.1,2026-06-11,moc,混沌回忆,tingyun-fugue,Fugue,忘归人,19.83,4.3.1/histograph.json,trend auxiliary; not a full character usage table
4.3.1,2026-06-11,pf,虚构叙事,tingyun-fugue,Fugue,忘归人,17.04,4.3.1/histograph.json,trend auxiliary; not a full character usage table
4.3.1,2026-06-11,as,末日幻影,tingyun-fugue,Fugue,忘归人,25.08,4.3.1/histograph.json,trend auxiliary; not a full character usage table
4.3.1,2026-06-11,aa,异相仲裁,tingyun-fugue,Fugue,忘归人,30.63,4.3.1/histograph.json,trend auxiliary; not a full character usage table
4.3.1,2026-06-11,moc,混沌回忆,topaz,Topaz & Numby,托帕&账账,0.1,4.3.1/histograph.json,trend auxiliary; not a full character usage table
4.3.1,2026-06-11,pf,虚构叙事,topaz,Topaz & Numby,托帕&账账,0.03,4.3.1/histograph.json,trend auxiliary; not a full character usage table
4.3.1,2026-06-11,as,末日幻影,topaz,Topaz & Numby,托帕&账账,0.1,4.3.1/histograph.json,trend auxiliary; not a full character usage table
4.3.1,2026-06-11,aa,异相仲裁,topaz,Topaz & Numby,托帕&账账,0.11,4.3.1/histograph.json,trend auxiliary; not a full character usage table
4.3.1,2026-06-11,moc,混沌回忆,trailblazer-destruction,Trailblazer - The Destruction,开拓者 - 毁灭,0.0,4.3.1/histograph.json,trend auxiliary; not a full character usage table
4.3.1,2026-06-11,pf,虚构叙事,trailblazer-destruction,Trailblazer - The Destruction,开拓者 - 毁灭,0.0,4.3.1/histograph.json,trend auxiliary; not a full character usage table
4.3.1,2026-06-11,as,末日幻影,trailblazer-destruction,Trailblazer - The Destruction,开拓者 - 毁灭,0.0,4.3.1/histograph.json,trend auxiliary; not a full character usage table
4.3.1,2026-06-11,aa,异相仲裁,trailblazer-destruction,Trailblazer - The Destruction,开拓者 - 毁灭,0.0,4.3.1/histograph.json,trend auxiliary; not a full character usage table
4.3.1,2026-06-11,moc,混沌回忆,trailblazer-elation,Trailblazer: Elation,开拓者•欢愉,23.86,4.3.1/histograph.json,trend auxiliary; not a full character usage table
4.3.1,2026-06-11,pf,虚构叙事,trailblazer-elation,Trailblazer: Elation,开拓者•欢愉,17.31,4.3.1/histograph.json,trend auxiliary; not a full character usage table
4.3.1,2026-06-11,as,末日幻影,trailblazer-elation,Trailblazer: Elation,开拓者•欢愉,27.85,4.3.1/histograph.json,trend auxiliary; not a full character usage table
4.3.1,2026-06-11,aa,异相仲裁,trailblazer-elation,Trailblazer: Elation,开拓者•欢愉,31.46,4.3.1/histograph.json,trend auxiliary; not a full character usage table
4.3.1,2026-06-11,moc,混沌回忆,trailblazer-harmony,Trailblazer - The Harmony,开拓者 - 同谐,6.19,4.3.1/histograph.json,trend auxiliary; not a full character usage table
4.3.1,2026-06-11,pf,虚构叙事,trailblazer-harmony,Trailblazer - The Harmony,开拓者 - 同谐,4.85,4.3.1/histograph.json,trend auxiliary; not a full character usage table
4.3.1,2026-06-11,as,末日幻影,trailblazer-harmony,Trailblazer - The Harmony,开拓者 - 同谐,6.97,4.3.1/histograph.json,trend auxiliary; not a full character usage table
4.3.1,2026-06-11,aa,异相仲裁,trailblazer-harmony,Trailblazer - The Harmony,开拓者 - 同谐,8.88,4.3.1/histograph.json,trend auxiliary; not a full character usage table
4.3.1,2026-06-11,moc,混沌回忆,trailblazer-preservation,Trailblazer - The Preservation,开拓者 - 存护,0.0,4.3.1/histograph.json,trend auxiliary; not a full character usage table
4.3.1,2026-06-11,pf,虚构叙事,trailblazer-preservation,Trailblazer - The Preservation,开拓者 - 存护,0.0,4.3.1/histograph.json,trend auxiliary; not a full character usage table
4.3.1,2026-06-11,as,末日幻影,trailblazer-preservation,Trailblazer - The Preservation,开拓者 - 存护,0.0,4.3.1/histograph.json,trend auxiliary; not a full character usage table
4.3.1,2026-06-11,aa,异相仲裁,trailblazer-preservation,Trailblazer - The Preservation,开拓者 - 存护,0.0,4.3.1/histograph.json,trend auxiliary; not a full character usage table
4.3.1,2026-06-11,moc,混沌回忆,trailblazer-remembrance,Trailblazer - Remembrance,开拓者•记忆,13.99,4.3.1/histograph.json,trend auxiliary; not a full character usage table
4.3.1,2026-06-11,pf,虚构叙事,trailblazer-remembrance,Trailblazer - Remembrance,开拓者•记忆,18.04,4.3.1/histograph.json,trend auxiliary; not a full character usage table
4.3.1,2026-06-11,as,末日幻影,trailblazer-remembrance,Trailblazer - Remembrance,开拓者•记忆,14.73,4.3.1/histograph.json,trend auxiliary; not a full character usage table
4.3.1,2026-06-11,aa,异相仲裁,trailblazer-remembrance,Trailblazer - Remembrance,开拓者•记忆,22.09,4.3.1/histograph.json,trend auxiliary; not a full character usage table
4.3.1,2026-06-11,moc,混沌回忆,tribbie,Tribbie,缇宝,25.13,4.3.1/histograph.json,trend auxiliary; not a full character usage table
4.3.1,2026-06-11,pf,虚构叙事,tribbie,Tribbie,缇宝,35.33,4.3.1/histograph.json,trend auxiliary; not a full character usage table
4.3.1,2026-06-11,as,末日幻影,tribbie,Tribbie,缇宝,30.66,4.3.1/histograph.json,trend auxiliary; not a full character usage table
4.3.1,2026-06-11,aa,异相仲裁,tribbie,Tribbie,缇宝,39.25,4.3.1/histograph.json,trend auxiliary; not a full character usage table
4.3.1,2026-06-11,moc,混沌回忆,welt,Welt,瓦尔特,1.39,4.3.1/histograph.json,trend auxiliary; not a full character usage table
4.3.1,2026-06-11,pf,虚构叙事,welt,Welt,瓦尔特,0.31,4.3.1/histograph.json,trend auxiliary; not a full character usage table
4.3.1,2026-06-11,as,末日幻影,welt,Welt,瓦尔特,1.51,4.3.1/histograph.json,trend auxiliary; not a full character usage table
4.3.1,2026-06-11,aa,异相仲裁,welt,Welt,瓦尔特,2.14,4.3.1/histograph.json,trend auxiliary; not a full character usage table
4.3.1,2026-06-11,moc,混沌回忆,xueyi,Xueyi,雪衣,0.02,4.3.1/histograph.json,trend auxiliary; not a full character usage table
4.3.1,2026-06-11,pf,虚构叙事,xueyi,Xueyi,雪衣,0.02,4.3.1/histograph.json,trend auxiliary; not a full character usage table
4.3.1,2026-06-11,as,末日幻影,xueyi,Xueyi,雪衣,0.03,4.3.1/histograph.json,trend auxiliary; not a full character usage table
4.3.1,2026-06-11,aa,异相仲裁,xueyi,Xueyi,雪衣,0.01,4.3.1/histograph.json,trend auxiliary; not a full character usage table
4.3.1,2026-06-11,moc,混沌回忆,yanqing,Yanqing,彦卿,0.0,4.3.1/histograph.json,trend auxiliary; not a full character usage table
4.3.1,2026-06-11,pf,虚构叙事,yanqing,Yanqing,彦卿,0.0,4.3.1/histograph.json,trend auxiliary; not a full character usage table
4.3.1,2026-06-11,as,末日幻影,yanqing,Yanqing,彦卿,0.0,4.3.1/histograph.json,trend auxiliary; not a full character usage table
4.3.1,2026-06-11,aa,异相仲裁,yanqing,Yanqing,彦卿,0.0,4.3.1/histograph.json,trend auxiliary; not a full character usage table
4.3.1,2026-06-11,moc,混沌回忆,yao-guang,Yao Guang,爻光,43.35,4.3.1/histograph.json,trend auxiliary; not a full character usage table
4.3.1,2026-06-11,pf,虚构叙事,yao-guang,Yao Guang,爻光,35.85,4.3.1/histograph.json,trend auxiliary; not a full character usage table
4.3.1,2026-06-11,as,末日幻影,yao-guang,Yao Guang,爻光,53.01,4.3.1/histograph.json,trend auxiliary; not a full character usage table
4.3.1,2026-06-11,aa,异相仲裁,yao-guang,Yao Guang,爻光,54.59,4.3.1/histograph.json,trend auxiliary; not a full character usage table
4.3.1,2026-06-11,moc,混沌回忆,yukong,Yukong,驭空,0.01,4.3.1/histograph.json,trend auxiliary; not a full character usage table
4.3.1,2026-06-11,pf,虚构叙事,yukong,Yukong,驭空,0.0,4.3.1/histograph.json,trend auxiliary; not a full character usage table
4.3.1,2026-06-11,as,末日幻影,yukong,Yukong,驭空,0.0,4.3.1/histograph.json,trend auxiliary; not a full character usage table
4.3.1,2026-06-11,aa,异相仲裁,yukong,Yukong,驭空,0.01,4.3.1/histograph.json,trend auxiliary; not a full character usage table
4.3.1,2026-06-11,moc,混沌回忆,yunli,Yunli,云璃,0.11,4.3.1/histograph.json,trend auxiliary; not a full character usage table
4.3.1,2026-06-11,pf,虚构叙事,yunli,Yunli,云璃,0.27,4.3.1/histograph.json,trend auxiliary; not a full character usage table
4.3.1,2026-06-11,as,末日幻影,yunli,Yunli,云璃,0.04,4.3.1/histograph.json,trend auxiliary; not a full character usage table
4.3.1,2026-06-11,aa,异相仲裁,yunli,Yunli,云璃,0.23,4.3.1/histograph.json,trend auxiliary; not a full character usage table
4.3.2,2026-06-25,moc,混沌回忆,acheron,Acheron,黄泉,2.07,4.3.2/histograph.json,trend auxiliary; not a full character usage table
4.3.2,2026-06-25,pf,虚构叙事,acheron,Acheron,黄泉,7.8,4.3.2/histograph.json,trend auxiliary; not a full character usage table
4.3.2,2026-06-25,as,末日幻影,acheron,Acheron,黄泉,5.2,4.3.2/histograph.json,trend auxiliary; not a full character usage table
4.3.2,2026-06-25,aa,异相仲裁,acheron,Acheron,黄泉,5.79,4.3.2/histograph.json,trend auxiliary; not a full character usage table
4.3.2,2026-06-25,moc,混沌回忆,aglaea,Aglaea,阿格莱雅,1.29,4.3.2/histograph.json,trend auxiliary; not a full character usage table
4.3.2,2026-06-25,pf,虚构叙事,aglaea,Aglaea,阿格莱雅,1.22,4.3.2/histograph.json,trend auxiliary; not a full character usage table
4.3.2,2026-06-25,as,末日幻影,aglaea,Aglaea,阿格莱雅,0.87,4.3.2/histograph.json,trend auxiliary; not a full character usage table
4.3.2,2026-06-25,aa,异相仲裁,aglaea,Aglaea,阿格莱雅,1.68,4.3.2/histograph.json,trend auxiliary; not a full character usage table
4.3.2,2026-06-25,moc,混沌回忆,archer,Archer,Archer,9.01,4.3.2/histograph.json,trend auxiliary; not a full character usage table
4.3.2,2026-06-25,pf,虚构叙事,archer,Archer,Archer,1.95,4.3.2/histograph.json,trend auxiliary; not a full character usage table
4.3.2,2026-06-25,as,末日幻影,archer,Archer,Archer,15.81,4.3.2/histograph.json,trend auxiliary; not a full character usage table
4.3.2,2026-06-25,aa,异相仲裁,archer,Archer,Archer,11.6,4.3.2/histograph.json,trend auxiliary; not a full character usage table
4.3.2,2026-06-25,moc,混沌回忆,arlan,Arlan,阿兰,0.01,4.3.2/histograph.json,trend auxiliary; not a full character usage table
4.3.2,2026-06-25,pf,虚构叙事,arlan,Arlan,阿兰,0.0,4.3.2/histograph.json,trend auxiliary; not a full character usage table
4.3.2,2026-06-25,as,末日幻影,arlan,Arlan,阿兰,0.0,4.3.2/histograph.json,trend auxiliary; not a full character usage table
4.3.2,2026-06-25,aa,异相仲裁,arlan,Arlan,阿兰,0.0,4.3.2/histograph.json,trend auxiliary; not a full character usage table
4.3.2,2026-06-25,moc,混沌回忆,asta,Asta,艾丝妲,0.32,4.3.2/histograph.json,trend auxiliary; not a full character usage table
4.3.2,2026-06-25,pf,虚构叙事,asta,Asta,艾丝妲,0.52,4.3.2/histograph.json,trend auxiliary; not a full character usage table
4.3.2,2026-06-25,as,末日幻影,asta,Asta,艾丝妲,0.44,4.3.2/histograph.json,trend auxiliary; not a full character usage table
4.3.2,2026-06-25,aa,异相仲裁,asta,Asta,艾丝妲,0.8,4.3.2/histograph.json,trend auxiliary; not a full character usage table
4.3.2,2026-06-25,moc,混沌回忆,aventurine,Aventurine,砂金,3.72,4.3.2/histograph.json,trend auxiliary; not a full character usage table
4.3.2,2026-06-25,pf,虚构叙事,aventurine,Aventurine,砂金,4.04,4.3.2/histograph.json,trend auxiliary; not a full character usage table
4.3.2,2026-06-25,as,末日幻影,aventurine,Aventurine,砂金,4.72,4.3.2/histograph.json,trend auxiliary; not a full character usage table
4.3.2,2026-06-25,aa,异相仲裁,aventurine,Aventurine,砂金,9.86,4.3.2/histograph.json,trend auxiliary; not a full character usage table
4.3.2,2026-06-25,moc,混沌回忆,bailu,Bailu,白露,0.11,4.3.2/histograph.json,trend auxiliary; not a full character usage table
4.3.2,2026-06-25,pf,虚构叙事,bailu,Bailu,白露,0.17,4.3.2/histograph.json,trend auxiliary; not a full character usage table
4.3.2,2026-06-25,as,末日幻影,bailu,Bailu,白露,0.18,4.3.2/histograph.json,trend auxiliary; not a full character usage table
4.3.2,2026-06-25,aa,异相仲裁,bailu,Bailu,白露,0.83,4.3.2/histograph.json,trend auxiliary; not a full character usage table
4.3.2,2026-06-25,moc,混沌回忆,black-swan,Black Swan,黑天鹅,17.86,4.3.2/histograph.json,trend auxiliary; not a full character usage table
4.3.2,2026-06-25,pf,虚构叙事,black-swan,Black Swan,黑天鹅,23.21,4.3.2/histograph.json,trend auxiliary; not a full character usage table
4.3.2,2026-06-25,as,末日幻影,black-swan,Black Swan,黑天鹅,19.95,4.3.2/histograph.json,trend auxiliary; not a full character usage table
4.3.2,2026-06-25,aa,异相仲裁,black-swan,Black Swan,黑天鹅,22.6,4.3.2/histograph.json,trend auxiliary; not a full character usage table
4.3.2,2026-06-25,moc,混沌回忆,blade-mortenax,Mortenax Blade,千冶•刃,11.35,4.3.2/histograph.json,trend auxiliary; not a full character usage table
4.3.2,2026-06-25,pf,虚构叙事,blade-mortenax,Mortenax Blade,千冶•刃,20.39,4.3.2/histograph.json,trend auxiliary; not a full character usage table
4.3.2,2026-06-25,as,末日幻影,blade-mortenax,Mortenax Blade,千冶•刃,29.78,4.3.2/histograph.json,trend auxiliary; not a full character usage table
4.3.2,2026-06-25,aa,异相仲裁,blade-mortenax,Mortenax Blade,千冶•刃,28.51,4.3.2/histograph.json,trend auxiliary; not a full character usage table
4.3.2,2026-06-25,moc,混沌回忆,boothill,Boothill,波提欧,0.39,4.3.2/histograph.json,trend auxiliary; not a full character usage table
4.3.2,2026-06-25,pf,虚构叙事,boothill,Boothill,波提欧,0.04,4.3.2/histograph.json,trend auxiliary; not a full character usage table
4.3.2,2026-06-25,as,末日幻影,boothill,Boothill,波提欧,0.75,4.3.2/histograph.json,trend auxiliary; not a full character usage table
4.3.2,2026-06-25,aa,异相仲裁,boothill,Boothill,波提欧,0.48,4.3.2/histograph.json,trend auxiliary; not a full character usage table
4.3.2,2026-06-25,moc,混沌回忆,bronya,Bronya,布洛妮娅,2.24,4.3.2/histograph.json,trend auxiliary; not a full character usage table
4.3.2,2026-06-25,pf,虚构叙事,bronya,Bronya,布洛妮娅,2.05,4.3.2/histograph.json,trend auxiliary; not a full character usage table
4.3.2,2026-06-25,as,末日幻影,bronya,Bronya,布洛妮娅,1.79,4.3.2/histograph.json,trend auxiliary; not a full character usage table
4.3.2,2026-06-25,aa,异相仲裁,bronya,Bronya,布洛妮娅,4.04,4.3.2/histograph.json,trend auxiliary; not a full character usage table
4.3.2,2026-06-25,moc,混沌回忆,castorice,Castorice,遐蝶,41.34,4.3.2/histograph.json,trend auxiliary; not a full character usage table
4.3.2,2026-06-25,pf,虚构叙事,castorice,Castorice,遐蝶,49.29,4.3.2/histograph.json,trend auxiliary; not a full character usage table
4.3.2,2026-06-25,as,末日幻影,castorice,Castorice,遐蝶,48.42,4.3.2/histograph.json,trend auxiliary; not a full character usage table
4.3.2,2026-06-25,aa,异相仲裁,castorice,Castorice,遐蝶,62.6,4.3.2/histograph.json,trend auxiliary; not a full character usage table
4.3.2,2026-06-25,moc,混沌回忆,cerydra,Cerydra,刻律德菈,14.21,4.3.2/histograph.json,trend auxiliary; not a full character usage table
4.3.2,2026-06-25,pf,虚构叙事,cerydra,Cerydra,刻律德菈,12.73,4.3.2/histograph.json,trend auxiliary; not a full character usage table
4.3.2,2026-06-25,as,末日幻影,cerydra,Cerydra,刻律德菈,13.31,4.3.2/histograph.json,trend auxiliary; not a full character usage table
4.3.2,2026-06-25,aa,异相仲裁,cerydra,Cerydra,刻律德菈,17.83,4.3.2/histograph.json,trend auxiliary; not a full character usage table
4.3.2,2026-06-25,moc,混沌回忆,cipher,Cipher,赛飞儿,1.78,4.3.2/histograph.json,trend auxiliary; not a full character usage table
4.3.2,2026-06-25,pf,虚构叙事,cipher,Cipher,赛飞儿,1.94,4.3.2/histograph.json,trend auxiliary; not a full character usage table
4.3.2,2026-06-25,as,末日幻影,cipher,Cipher,赛飞儿,2.48,4.3.2/histograph.json,trend auxiliary; not a full character usage table
4.3.2,2026-06-25,aa,异相仲裁,cipher,Cipher,赛飞儿,3.81,4.3.2/histograph.json,trend auxiliary; not a full character usage table
4.3.2,2026-06-25,moc,混沌回忆,clara,Clara,克拉拉,0.07,4.3.2/histograph.json,trend auxiliary; not a full character usage table
4.3.2,2026-06-25,pf,虚构叙事,clara,Clara,克拉拉,0.12,4.3.2/histograph.json,trend auxiliary; not a full character usage table
4.3.2,2026-06-25,as,末日幻影,clara,Clara,克拉拉,0.01,4.3.2/histograph.json,trend auxiliary; not a full character usage table
4.3.2,2026-06-25,aa,异相仲裁,clara,Clara,克拉拉,0.08,4.3.2/histograph.json,trend auxiliary; not a full character usage table
4.3.2,2026-06-25,moc,混沌回忆,cyrene,Cyrene,昔涟,41.32,4.3.2/histograph.json,trend auxiliary; not a full character usage table
4.3.2,2026-06-25,pf,虚构叙事,cyrene,Cyrene,昔涟,47.87,4.3.2/histograph.json,trend auxiliary; not a full character usage table
4.3.2,2026-06-25,as,末日幻影,cyrene,Cyrene,昔涟,46.7,4.3.2/histograph.json,trend auxiliary; not a full character usage table
4.3.2,2026-06-25,aa,异相仲裁,cyrene,Cyrene,昔涟,56.44,4.3.2/histograph.json,trend auxiliary; not a full character usage table
4.3.2,2026-06-25,moc,混沌回忆,dan-heng,Dan Heng,丹恒,0.0,4.3.2/histograph.json,trend auxiliary; not a full character usage table
4.3.2,2026-06-25,pf,虚构叙事,dan-heng,Dan Heng,丹恒,0.0,4.3.2/histograph.json,trend auxiliary; not a full character usage table
4.3.2,2026-06-25,as,末日幻影,dan-heng,Dan Heng,丹恒,0.0,4.3.2/histograph.json,trend auxiliary; not a full character usage table
4.3.2,2026-06-25,aa,异相仲裁,dan-heng,Dan Heng,丹恒,0.0,4.3.2/histograph.json,trend auxiliary; not a full character usage table
4.3.2,2026-06-25,moc,混沌回忆,dan-heng-permansor-terrae,Dan Heng • Permansor Terrae,丹恒•腾荒,52.43,4.3.2/histograph.json,trend auxiliary; not a full character usage table
4.3.2,2026-06-25,pf,虚构叙事,dan-heng-permansor-terrae,Dan Heng • Permansor Terrae,丹恒•腾荒,53.38,4.3.2/histograph.json,trend auxiliary; not a full character usage table
4.3.2,2026-06-25,as,末日幻影,dan-heng-permansor-terrae,Dan Heng • Permansor Terrae,丹恒•腾荒,56.43,4.3.2/histograph.json,trend auxiliary; not a full character usage table
4.3.2,2026-06-25,aa,异相仲裁,dan-heng-permansor-terrae,Dan Heng • Permansor Terrae,丹恒•腾荒,63.86,4.3.2/histograph.json,trend auxiliary; not a full character usage table
4.3.2,2026-06-25,moc,混沌回忆,dr-ratio,Dr. Ratio,真理医生,0.02,4.3.2/histograph.json,trend auxiliary; not a full character usage table
4.3.2,2026-06-25,pf,虚构叙事,dr-ratio,Dr. Ratio,真理医生,0.01,4.3.2/histograph.json,trend auxiliary; not a full character usage table
4.3.2,2026-06-25,as,末日幻影,dr-ratio,Dr. Ratio,真理医生,0.01,4.3.2/histograph.json,trend auxiliary; not a full character usage table
4.3.2,2026-06-25,aa,异相仲裁,dr-ratio,Dr. Ratio,真理医生,0.01,4.3.2/histograph.json,trend auxiliary; not a full character usage table
4.3.2,2026-06-25,moc,混沌回忆,evanescia,Evanescia,绯英,10.51,4.3.2/histograph.json,trend auxiliary; not a full character usage table
4.3.2,2026-06-25,pf,虚构叙事,evanescia,Evanescia,绯英,17.39,4.3.2/histograph.json,trend auxiliary; not a full character usage table
4.3.2,2026-06-25,as,末日幻影,evanescia,Evanescia,绯英,13.09,4.3.2/histograph.json,trend auxiliary; not a full character usage table
4.3.2,2026-06-25,aa,异相仲裁,evanescia,Evanescia,绯英,13.42,4.3.2/histograph.json,trend auxiliary; not a full character usage table
4.3.2,2026-06-25,moc,混沌回忆,feixiao,Feixiao,飞霄,0.87,4.3.2/histograph.json,trend auxiliary; not a full character usage table
4.3.2,2026-06-25,pf,虚构叙事,feixiao,Feixiao,飞霄,0.59,4.3.2/histograph.json,trend auxiliary; not a full character usage table
4.3.2,2026-06-25,as,末日幻影,feixiao,Feixiao,飞霄,1.02,4.3.2/histograph.json,trend auxiliary; not a full character usage table
4.3.2,2026-06-25,aa,异相仲裁,feixiao,Feixiao,飞霄,1.2,4.3.2/histograph.json,trend auxiliary; not a full character usage table
4.3.2,2026-06-25,moc,混沌回忆,firefly,Firefly,流萤,21.94,4.3.2/histograph.json,trend auxiliary; not a full character usage table
4.3.2,2026-06-25,pf,虚构叙事,firefly,Firefly,流萤,18.29,4.3.2/histograph.json,trend auxiliary; not a full character usage table
4.3.2,2026-06-25,as,末日幻影,firefly,Firefly,流萤,27.7,4.3.2/histograph.json,trend auxiliary; not a full character usage table
4.3.2,2026-06-25,aa,异相仲裁,firefly,Firefly,流萤,34.26,4.3.2/histograph.json,trend auxiliary; not a full character usage table
4.3.2,2026-06-25,moc,混沌回忆,fu-xuan,Fu Xuan,符玄,1.32,4.3.2/histograph.json,trend auxiliary; not a full character usage table
4.3.2,2026-06-25,pf,虚构叙事,fu-xuan,Fu Xuan,符玄,1.98,4.3.2/histograph.json,trend auxiliary; not a full character usage table
4.3.2,2026-06-25,as,末日幻影,fu-xuan,Fu Xuan,符玄,2.22,4.3.2/histograph.json,trend auxiliary; not a full character usage table
4.3.2,2026-06-25,aa,异相仲裁,fu-xuan,Fu Xuan,符玄,3.72,4.3.2/histograph.json,trend auxiliary; not a full character usage table
4.3.2,2026-06-25,moc,混沌回忆,gallagher,Gallagher,加拉赫,5.01,4.3.2/histograph.json,trend auxiliary; not a full character usage table
4.3.2,2026-06-25,pf,虚构叙事,gallagher,Gallagher,加拉赫,5.36,4.3.2/histograph.json,trend auxiliary; not a full character usage table
4.3.2,2026-06-25,as,末日幻影,gallagher,Gallagher,加拉赫,8.43,4.3.2/histograph.json,trend auxiliary; not a full character usage table
4.3.2,2026-06-25,aa,异相仲裁,gallagher,Gallagher,加拉赫,11.36,4.3.2/histograph.json,trend auxiliary; not a full character usage table
4.3.2,2026-06-25,moc,混沌回忆,gepard,Gepard,杰帕德,0.01,4.3.2/histograph.json,trend auxiliary; not a full character usage table
4.3.2,2026-06-25,pf,虚构叙事,gepard,Gepard,杰帕德,0.01,4.3.2/histograph.json,trend auxiliary; not a full character usage table
4.3.2,2026-06-25,as,末日幻影,gepard,Gepard,杰帕德,0.03,4.3.2/histograph.json,trend auxiliary; not a full character usage table
4.3.2,2026-06-25,aa,异相仲裁,gepard,Gepard,杰帕德,0.09,4.3.2/histograph.json,trend auxiliary; not a full character usage table
4.3.2,2026-06-25,moc,混沌回忆,guinaifen,Guinaifen,桂乃芬,0.01,4.3.2/histograph.json,trend auxiliary; not a full character usage table
4.3.2,2026-06-25,pf,虚构叙事,guinaifen,Guinaifen,桂乃芬,0.01,4.3.2/histograph.json,trend auxiliary; not a full character usage table
4.3.2,2026-06-25,as,末日幻影,guinaifen,Guinaifen,桂乃芬,0.01,4.3.2/histograph.json,trend auxiliary; not a full character usage table
4.3.2,2026-06-25,aa,异相仲裁,guinaifen,Guinaifen,桂乃芬,0.02,4.3.2/histograph.json,trend auxiliary; not a full character usage table
4.3.2,2026-06-25,moc,混沌回忆,hanya,Hanya,寒鸦,0.01,4.3.2/histograph.json,trend auxiliary; not a full character usage table
4.3.2,2026-06-25,pf,虚构叙事,hanya,Hanya,寒鸦,0.0,4.3.2/histograph.json,trend auxiliary; not a full character usage table
4.3.2,2026-06-25,as,末日幻影,hanya,Hanya,寒鸦,0.01,4.3.2/histograph.json,trend auxiliary; not a full character usage table
4.3.2,2026-06-25,aa,异相仲裁,hanya,Hanya,寒鸦,0.04,4.3.2/histograph.json,trend auxiliary; not a full character usage table
4.3.2,2026-06-25,moc,混沌回忆,herta,Herta,黑塔,0.46,4.3.2/histograph.json,trend auxiliary; not a full character usage table
4.3.2,2026-06-25,pf,虚构叙事,herta,Herta,黑塔,6.08,4.3.2/histograph.json,trend auxiliary; not a full character usage table
4.3.2,2026-06-25,as,末日幻影,herta,Herta,黑塔,0.69,4.3.2/histograph.json,trend auxiliary; not a full character usage table
4.3.2,2026-06-25,aa,异相仲裁,herta,Herta,黑塔,0.48,4.3.2/histograph.json,trend auxiliary; not a full character usage table
4.3.2,2026-06-25,moc,混沌回忆,himeko,Himeko,姬子,0.03,4.3.2/histograph.json,trend auxiliary; not a full character usage table
4.3.2,2026-06-25,pf,虚构叙事,himeko,Himeko,姬子,1.0,4.3.2/histograph.json,trend auxiliary; not a full character usage table
4.3.2,2026-06-25,as,末日幻影,himeko,Himeko,姬子,0.07,4.3.2/histograph.json,trend auxiliary; not a full character usage table
4.3.2,2026-06-25,aa,异相仲裁,himeko,Himeko,姬子,0.09,4.3.2/histograph.json,trend auxiliary; not a full character usage table
4.3.2,2026-06-25,moc,混沌回忆,hook,Hook,虎克,0.0,4.3.2/histograph.json,trend auxiliary; not a full character usage table
4.3.2,2026-06-25,pf,虚构叙事,hook,Hook,虎克,0.0,4.3.2/histograph.json,trend auxiliary; not a full character usage table
4.3.2,2026-06-25,as,末日幻影,hook,Hook,虎克,0.0,4.3.2/histograph.json,trend auxiliary; not a full character usage table
4.3.2,2026-06-25,aa,异相仲裁,hook,Hook,虎克,0.0,4.3.2/histograph.json,trend auxiliary; not a full character usage table
4.3.2,2026-06-25,moc,混沌回忆,huohuo,Huohuo,藿藿,30.24,4.3.2/histograph.json,trend auxiliary; not a full character usage table
4.3.2,2026-06-25,pf,虚构叙事,huohuo,Huohuo,藿藿,44.3,4.3.2/histograph.json,trend auxiliary; not a full character usage table
4.3.2,2026-06-25,as,末日幻影,huohuo,Huohuo,藿藿,37.86,4.3.2/histograph.json,trend auxiliary; not a full character usage table
4.3.2,2026-06-25,aa,异相仲裁,huohuo,Huohuo,藿藿,45.46,4.3.2/histograph.json,trend auxiliary; not a full character usage table
4.3.2,2026-06-25,moc,混沌回忆,hyacine,Hyacine,风堇,52.17,4.3.2/histograph.json,trend auxiliary; not a full character usage table
4.3.2,2026-06-25,pf,虚构叙事,hyacine,Hyacine,风堇,62.26,4.3.2/histograph.json,trend auxiliary; not a full character usage table
4.3.2,2026-06-25,as,末日幻影,hyacine,Hyacine,风堇,58.39,4.3.2/histograph.json,trend auxiliary; not a full character usage table
4.3.2,2026-06-25,aa,异相仲裁,hyacine,Hyacine,风堇,70.44,4.3.2/histograph.json,trend auxiliary; not a full character usage table
4.3.2,2026-06-25,moc,混沌回忆,hysilens,Hysilens,海瑟音,18.82,4.3.2/histograph.json,trend auxiliary; not a full character usage table
4.3.2,2026-06-25,pf,虚构叙事,hysilens,Hysilens,海瑟音,24.59,4.3.2/histograph.json,trend auxiliary; not a full character usage table
4.3.2,2026-06-25,as,末日幻影,hysilens,Hysilens,海瑟音,21.89,4.3.2/histograph.json,trend auxiliary; not a full character usage table
4.3.2,2026-06-25,aa,异相仲裁,hysilens,Hysilens,海瑟音,24.02,4.3.2/histograph.json,trend auxiliary; not a full character usage table
4.3.2,2026-06-25,moc,混沌回忆,imbibitor-lunae,Dan Heng • Imbibitor Lunae,丹恒•饮月,0.06,4.3.2/histograph.json,trend auxiliary; not a full character usage table
4.3.2,2026-06-25,pf,虚构叙事,imbibitor-lunae,Dan Heng • Imbibitor Lunae,丹恒•饮月,0.04,4.3.2/histograph.json,trend auxiliary; not a full character usage table
4.3.2,2026-06-25,as,末日幻影,imbibitor-lunae,Dan Heng • Imbibitor Lunae,丹恒•饮月,0.02,4.3.2/histograph.json,trend auxiliary; not a full character usage table
4.3.2,2026-06-25,aa,异相仲裁,imbibitor-lunae,Dan Heng • Imbibitor Lunae,丹恒•饮月,0.06,4.3.2/histograph.json,trend auxiliary; not a full character usage table
4.3.2,2026-06-25,moc,混沌回忆,jade,Jade,翡翠,0.52,4.3.2/histograph.json,trend auxiliary; not a full character usage table
4.3.2,2026-06-25,pf,虚构叙事,jade,Jade,翡翠,2.96,4.3.2/histograph.json,trend auxiliary; not a full character usage table
4.3.2,2026-06-25,as,末日幻影,jade,Jade,翡翠,0.73,4.3.2/histograph.json,trend auxiliary; not a full character usage table
4.3.2,2026-06-25,aa,异相仲裁,jade,Jade,翡翠,0.63,4.3.2/histograph.json,trend auxiliary; not a full character usage table
4.3.2,2026-06-25,moc,混沌回忆,jiaoqiu,Jiaoqiu,椒丘,0.41,4.3.2/histograph.json,trend auxiliary; not a full character usage table
4.3.2,2026-06-25,pf,虚构叙事,jiaoqiu,Jiaoqiu,椒丘,1.37,4.3.2/histograph.json,trend auxiliary; not a full character usage table
4.3.2,2026-06-25,as,末日幻影,jiaoqiu,Jiaoqiu,椒丘,0.51,4.3.2/histograph.json,trend auxiliary; not a full character usage table
4.3.2,2026-06-25,aa,异相仲裁,jiaoqiu,Jiaoqiu,椒丘,1.17,4.3.2/histograph.json,trend auxiliary; not a full character usage table
4.3.2,2026-06-25,moc,混沌回忆,jing-yuan,Jing Yuan,景元,0.12,4.3.2/histograph.json,trend auxiliary; not a full character usage table
4.3.2,2026-06-25,pf,虚构叙事,jing-yuan,Jing Yuan,景元,0.35,4.3.2/histograph.json,trend auxiliary; not a full character usage table
4.3.2,2026-06-25,as,末日幻影,jing-yuan,Jing Yuan,景元,0.1,4.3.2/histograph.json,trend auxiliary; not a full character usage table
4.3.2,2026-06-25,aa,异相仲裁,jing-yuan,Jing Yuan,景元,0.12,4.3.2/histograph.json,trend auxiliary; not a full character usage table
4.3.2,2026-06-25,moc,混沌回忆,jingliu,Jingliu,镜流,0.07,4.3.2/histograph.json,trend auxiliary; not a full character usage table
4.3.2,2026-06-25,pf,虚构叙事,jingliu,Jingliu,镜流,0.05,4.3.2/histograph.json,trend auxiliary; not a full character usage table
4.3.2,2026-06-25,as,末日幻影,jingliu,Jingliu,镜流,0.01,4.3.2/histograph.json,trend auxiliary; not a full character usage table
4.3.2,2026-06-25,aa,异相仲裁,jingliu,Jingliu,镜流,0.16,4.3.2/histograph.json,trend auxiliary; not a full character usage table
4.3.2,2026-06-25,moc,混沌回忆,kafka,Kafka,卡芙卡,19.0,4.3.2/histograph.json,trend auxiliary; not a full character usage table
4.3.2,2026-06-25,pf,虚构叙事,kafka,Kafka,卡芙卡,25.17,4.3.2/histograph.json,trend auxiliary; not a full character usage table
4.3.2,2026-06-25,as,末日幻影,kafka,Kafka,卡芙卡,22.16,4.3.2/histograph.json,trend auxiliary; not a full character usage table
4.3.2,2026-06-25,aa,异相仲裁,kafka,Kafka,卡芙卡,24.44,4.3.2/histograph.json,trend auxiliary; not a full character usage table
4.3.2,2026-06-25,moc,混沌回忆,lingsha,Lingsha,灵砂,11.16,4.3.2/histograph.json,trend auxiliary; not a full character usage table
4.3.2,2026-06-25,pf,虚构叙事,lingsha,Lingsha,灵砂,12.65,4.3.2/histograph.json,trend auxiliary; not a full character usage table
4.3.2,2026-06-25,as,末日幻影,lingsha,Lingsha,灵砂,15.07,4.3.2/histograph.json,trend auxiliary; not a full character usage table
4.3.2,2026-06-25,aa,异相仲裁,lingsha,Lingsha,灵砂,18.87,4.3.2/histograph.json,trend auxiliary; not a full character usage table
4.3.2,2026-06-25,moc,混沌回忆,luka,Luka,卢卡,0.0,4.3.2/histograph.json,trend auxiliary; not a full character usage table
4.3.2,2026-06-25,pf,虚构叙事,luka,Luka,卢卡,0.0,4.3.2/histograph.json,trend auxiliary; not a full character usage table
4.3.2,2026-06-25,as,末日幻影,luka,Luka,卢卡,0.0,4.3.2/histograph.json,trend auxiliary; not a full character usage table
4.3.2,2026-06-25,aa,异相仲裁,luka,Luka,卢卡,0.0,4.3.2/histograph.json,trend auxiliary; not a full character usage table
4.3.2,2026-06-25,moc,混沌回忆,luocha,Luocha,罗刹,1.44,4.3.2/histograph.json,trend auxiliary; not a full character usage table
4.3.2,2026-06-25,pf,虚构叙事,luocha,Luocha,罗刹,2.24,4.3.2/histograph.json,trend auxiliary; not a full character usage table
4.3.2,2026-06-25,as,末日幻影,luocha,Luocha,罗刹,1.9,4.3.2/histograph.json,trend auxiliary; not a full character usage table
4.3.2,2026-06-25,aa,异相仲裁,luocha,Luocha,罗刹,4.8,4.3.2/histograph.json,trend auxiliary; not a full character usage table
4.3.2,2026-06-25,moc,混沌回忆,lynx,Lynx,玲可,0.0,4.3.2/histograph.json,trend auxiliary; not a full character usage table
4.3.2,2026-06-25,pf,虚构叙事,lynx,Lynx,玲可,0.03,4.3.2/histograph.json,trend auxiliary; not a full character usage table
4.3.2,2026-06-25,as,末日幻影,lynx,Lynx,玲可,0.03,4.3.2/histograph.json,trend auxiliary; not a full character usage table
4.3.2,2026-06-25,aa,异相仲裁,lynx,Lynx,玲可,0.06,4.3.2/histograph.json,trend auxiliary; not a full character usage table
4.3.2,2026-06-25,moc,混沌回忆,march-7th,March 7th,三月七 - 存护,0.0,4.3.2/histograph.json,trend auxiliary; not a full character usage table
4.3.2,2026-06-25,pf,虚构叙事,march-7th,March 7th,三月七 - 存护,0.02,4.3.2/histograph.json,trend auxiliary; not a full character usage table
4.3.2,2026-06-25,as,末日幻影,march-7th,March 7th,三月七 - 存护,0.02,4.3.2/histograph.json,trend auxiliary; not a full character usage table
4.3.2,2026-06-25,aa,异相仲裁,march-7th,March 7th,三月七 - 存护,0.02,4.3.2/histograph.json,trend auxiliary; not a full character usage table
4.3.2,2026-06-25,moc,混沌回忆,march-7th-swordmaster,March 7th: The Hunt,三月七•巡猎,0.04,4.3.2/histograph.json,trend auxiliary; not a full character usage table
4.3.2,2026-06-25,pf,虚构叙事,march-7th-swordmaster,March 7th: The Hunt,三月七•巡猎,0.02,4.3.2/histograph.json,trend auxiliary; not a full character usage table
4.3.2,2026-06-25,as,末日幻影,march-7th-swordmaster,March 7th: The Hunt,三月七•巡猎,0.06,4.3.2/histograph.json,trend auxiliary; not a full character usage table
4.3.2,2026-06-25,aa,异相仲裁,march-7th-swordmaster,March 7th: The Hunt,三月七•巡猎,0.04,4.3.2/histograph.json,trend auxiliary; not a full character usage table
4.3.2,2026-06-25,moc,混沌回忆,misha,Misha,米沙,0.0,4.3.2/histograph.json,trend auxiliary; not a full character usage table
4.3.2,2026-06-25,pf,虚构叙事,misha,Misha,米沙,0.0,4.3.2/histograph.json,trend auxiliary; not a full character usage table
4.3.2,2026-06-25,as,末日幻影,misha,Misha,米沙,0.0,4.3.2/histograph.json,trend auxiliary; not a full character usage table
4.3.2,2026-06-25,aa,异相仲裁,misha,Misha,米沙,0.0,4.3.2/histograph.json,trend auxiliary; not a full character usage table
4.3.2,2026-06-25,moc,混沌回忆,moze,Moze,貊泽,0.07,4.3.2/histograph.json,trend auxiliary; not a full character usage table
4.3.2,2026-06-25,pf,虚构叙事,moze,Moze,貊泽,0.05,4.3.2/histograph.json,trend auxiliary; not a full character usage table
4.3.2,2026-06-25,as,末日幻影,moze,Moze,貊泽,0.09,4.3.2/histograph.json,trend auxiliary; not a full character usage table
4.3.2,2026-06-25,aa,异相仲裁,moze,Moze,貊泽,0.05,4.3.2/histograph.json,trend auxiliary; not a full character usage table
4.3.2,2026-06-25,moc,混沌回忆,mydei,Mydei,万敌,1.26,4.3.2/histograph.json,trend auxiliary; not a full character usage table
4.3.2,2026-06-25,pf,虚构叙事,mydei,Mydei,万敌,1.25,4.3.2/histograph.json,trend auxiliary; not a full character usage table
4.3.2,2026-06-25,as,末日幻影,mydei,Mydei,万敌,0.65,4.3.2/histograph.json,trend auxiliary; not a full character usage table
4.3.2,2026-06-25,aa,异相仲裁,mydei,Mydei,万敌,2.26,4.3.2/histograph.json,trend auxiliary; not a full character usage table
4.3.2,2026-06-25,moc,混沌回忆,natasha,Natasha,娜塔莎,0.02,4.3.2/histograph.json,trend auxiliary; not a full character usage table
4.3.2,2026-06-25,pf,虚构叙事,natasha,Natasha,娜塔莎,0.01,4.3.2/histograph.json,trend auxiliary; not a full character usage table
4.3.2,2026-06-25,as,末日幻影,natasha,Natasha,娜塔莎,0.01,4.3.2/histograph.json,trend auxiliary; not a full character usage table
4.3.2,2026-06-25,aa,异相仲裁,natasha,Natasha,娜塔莎,0.02,4.3.2/histograph.json,trend auxiliary; not a full character usage table
4.3.2,2026-06-25,moc,混沌回忆,pela,Pela,佩拉,0.04,4.3.2/histograph.json,trend auxiliary; not a full character usage table
4.3.2,2026-06-25,pf,虚构叙事,pela,Pela,佩拉,0.11,4.3.2/histograph.json,trend auxiliary; not a full character usage table
4.3.2,2026-06-25,as,末日幻影,pela,Pela,佩拉,0.05,4.3.2/histograph.json,trend auxiliary; not a full character usage table
4.3.2,2026-06-25,aa,异相仲裁,pela,Pela,佩拉,0.21,4.3.2/histograph.json,trend auxiliary; not a full character usage table
4.3.2,2026-06-25,moc,混沌回忆,phainon,Phainon,白厄,16.02,4.3.2/histograph.json,trend auxiliary; not a full character usage table
4.3.2,2026-06-25,pf,虚构叙事,phainon,Phainon,白厄,12.71,4.3.2/histograph.json,trend auxiliary; not a full character usage table
4.3.2,2026-06-25,as,末日幻影,phainon,Phainon,白厄,12.07,4.3.2/histograph.json,trend auxiliary; not a full character usage table
4.3.2,2026-06-25,aa,异相仲裁,phainon,Phainon,白厄,19.74,4.3.2/histograph.json,trend auxiliary; not a full character usage table
4.3.2,2026-06-25,moc,混沌回忆,qingque,Qingque,青雀,0.02,4.3.2/histograph.json,trend auxiliary; not a full character usage table
4.3.2,2026-06-25,pf,虚构叙事,qingque,Qingque,青雀,0.01,4.3.2/histograph.json,trend auxiliary; not a full character usage table
4.3.2,2026-06-25,as,末日幻影,qingque,Qingque,青雀,0.04,4.3.2/histograph.json,trend auxiliary; not a full character usage table
4.3.2,2026-06-25,aa,异相仲裁,qingque,Qingque,青雀,0.01,4.3.2/histograph.json,trend auxiliary; not a full character usage table
4.3.2,2026-06-25,moc,混沌回忆,rappa,Rappa,乱破,0.52,4.3.2/histograph.json,trend auxiliary; not a full character usage table
4.3.2,2026-06-25,pf,虚构叙事,rappa,Rappa,乱破,1.12,4.3.2/histograph.json,trend auxiliary; not a full character usage table
4.3.2,2026-06-25,as,末日幻影,rappa,Rappa,乱破,0.82,4.3.2/histograph.json,trend auxiliary; not a full character usage table
4.3.2,2026-06-25,aa,异相仲裁,rappa,Rappa,乱破,0.95,4.3.2/histograph.json,trend auxiliary; not a full character usage table
4.3.2,2026-06-25,moc,混沌回忆,robin,Robin,知更鸟,3.7,4.3.2/histograph.json,trend auxiliary; not a full character usage table
4.3.2,2026-06-25,pf,虚构叙事,robin,Robin,知更鸟,5.43,4.3.2/histograph.json,trend auxiliary; not a full character usage table
4.3.2,2026-06-25,as,末日幻影,robin,Robin,知更鸟,4.34,4.3.2/histograph.json,trend auxiliary; not a full character usage table
4.3.2,2026-06-25,aa,异相仲裁,robin,Robin,知更鸟,7.45,4.3.2/histograph.json,trend auxiliary; not a full character usage table
4.3.2,2026-06-25,moc,混沌回忆,ruan-mei,Ruan Mei,阮•梅,8.04,4.3.2/histograph.json,trend auxiliary; not a full character usage table
4.3.2,2026-06-25,pf,虚构叙事,ruan-mei,Ruan Mei,阮•梅,9.13,4.3.2/histograph.json,trend auxiliary; not a full character usage table
4.3.2,2026-06-25,as,末日幻影,ruan-mei,Ruan Mei,阮•梅,14.7,4.3.2/histograph.json,trend auxiliary; not a full character usage table
4.3.2,2026-06-25,aa,异相仲裁,ruan-mei,Ruan Mei,阮•梅,16.03,4.3.2/histograph.json,trend auxiliary; not a full character usage table
4.3.2,2026-06-25,moc,混沌回忆,saber,Saber,Saber,0.98,4.3.2/histograph.json,trend auxiliary; not a full character usage table
4.3.2,2026-06-25,pf,虚构叙事,saber,Saber,Saber,0.55,4.3.2/histograph.json,trend auxiliary; not a full character usage table
4.3.2,2026-06-25,as,末日幻影,saber,Saber,Saber,0.61,4.3.2/histograph.json,trend auxiliary; not a full character usage table
4.3.2,2026-06-25,aa,异相仲裁,saber,Saber,Saber,1.41,4.3.2/histograph.json,trend auxiliary; not a full character usage table
4.3.2,2026-06-25,moc,混沌回忆,sampo,Sampo,桑博,0.0,4.3.2/histograph.json,trend auxiliary; not a full character usage table
4.3.2,2026-06-25,pf,虚构叙事,sampo,Sampo,桑博,0.0,4.3.2/histograph.json,trend auxiliary; not a full character usage table
4.3.2,2026-06-25,as,末日幻影,sampo,Sampo,桑博,0.01,4.3.2/histograph.json,trend auxiliary; not a full character usage table
4.3.2,2026-06-25,aa,异相仲裁,sampo,Sampo,桑博,0.01,4.3.2/histograph.json,trend auxiliary; not a full character usage table
4.3.2,2026-06-25,moc,混沌回忆,seele,Seele,希儿,0.57,4.3.2/histograph.json,trend auxiliary; not a full character usage table
4.3.2,2026-06-25,pf,虚构叙事,seele,Seele,希儿,1.72,4.3.2/histograph.json,trend auxiliary; not a full character usage table
4.3.2,2026-06-25,as,末日幻影,seele,Seele,希儿,1.47,4.3.2/histograph.json,trend auxiliary; not a full character usage table
4.3.2,2026-06-25,aa,异相仲裁,seele,Seele,希儿,1.57,4.3.2/histograph.json,trend auxiliary; not a full character usage table
4.3.2,2026-06-25,moc,混沌回忆,serval,Serval,希露瓦,0.12,4.3.2/histograph.json,trend auxiliary; not a full character usage table
4.3.2,2026-06-25,pf,虚构叙事,serval,Serval,希露瓦,0.13,4.3.2/histograph.json,trend auxiliary; not a full character usage table
4.3.2,2026-06-25,as,末日幻影,serval,Serval,希露瓦,0.09,4.3.2/histograph.json,trend auxiliary; not a full character usage table
4.3.2,2026-06-25,aa,异相仲裁,serval,Serval,希露瓦,0.2,4.3.2/histograph.json,trend auxiliary; not a full character usage table
4.3.2,2026-06-25,moc,混沌回忆,silver-wolf,Silver Wolf,银狼,1.58,4.3.2/histograph.json,trend auxiliary; not a full character usage table
4.3.2,2026-06-25,pf,虚构叙事,silver-wolf,Silver Wolf,银狼,0.98,4.3.2/histograph.json,trend auxiliary; not a full character usage table
4.3.2,2026-06-25,as,末日幻影,silver-wolf,Silver Wolf,银狼,2.48,4.3.2/histograph.json,trend auxiliary; not a full character usage table
4.3.2,2026-06-25,aa,异相仲裁,silver-wolf,Silver Wolf,银狼,3.32,4.3.2/histograph.json,trend auxiliary; not a full character usage table
4.3.2,2026-06-25,moc,混沌回忆,silver-wolf-lv-999,Silver Wolf LV.999,银狼LV.999,39.59,4.3.2/histograph.json,trend auxiliary; not a full character usage table
4.3.2,2026-06-25,pf,虚构叙事,silver-wolf-lv-999,Silver Wolf LV.999,银狼LV.999,39.03,4.3.2/histograph.json,trend auxiliary; not a full character usage table
4.3.2,2026-06-25,as,末日幻影,silver-wolf-lv-999,Silver Wolf LV.999,银狼LV.999,51.17,4.3.2/histograph.json,trend auxiliary; not a full character usage table
4.3.2,2026-06-25,aa,异相仲裁,silver-wolf-lv-999,Silver Wolf LV.999,银狼LV.999,56.34,4.3.2/histograph.json,trend auxiliary; not a full character usage table
4.3.2,2026-06-25,moc,混沌回忆,anaxa,Anaxa,那刻夏,2.22,4.3.2/histograph.json,trend auxiliary; not a full character usage table
4.3.2,2026-06-25,pf,虚构叙事,anaxa,Anaxa,那刻夏,2.06,4.3.2/histograph.json,trend auxiliary; not a full character usage table
4.3.2,2026-06-25,as,末日幻影,anaxa,Anaxa,那刻夏,3.46,4.3.2/histograph.json,trend auxiliary; not a full character usage table
4.3.2,2026-06-25,aa,异相仲裁,anaxa,Anaxa,那刻夏,2.86,4.3.2/histograph.json,trend auxiliary; not a full character usage table
4.3.2,2026-06-25,moc,混沌回忆,argenti,Argenti,银枝,0.0,4.3.2/histograph.json,trend auxiliary; not a full character usage table
4.3.2,2026-06-25,pf,虚构叙事,argenti,Argenti,银枝,0.17,4.3.2/histograph.json,trend auxiliary; not a full character usage table
4.3.2,2026-06-25,as,末日幻影,argenti,Argenti,银枝,0.01,4.3.2/histograph.json,trend auxiliary; not a full character usage table
4.3.2,2026-06-25,aa,异相仲裁,argenti,Argenti,银枝,0.0,4.3.2/histograph.json,trend auxiliary; not a full character usage table
4.3.2,2026-06-25,moc,混沌回忆,ashveil,Ashveil,不死途,4.09,4.3.2/histograph.json,trend auxiliary; not a full character usage table
4.3.2,2026-06-25,pf,虚构叙事,ashveil,Ashveil,不死途,6.17,4.3.2/histograph.json,trend auxiliary; not a full character usage table
4.3.2,2026-06-25,as,末日幻影,ashveil,Ashveil,不死途,3.67,4.3.2/histograph.json,trend auxiliary; not a full character usage table
4.3.2,2026-06-25,aa,异相仲裁,ashveil,Ashveil,不死途,6.67,4.3.2/histograph.json,trend auxiliary; not a full character usage table
4.3.2,2026-06-25,moc,混沌回忆,blade,Blade,刃,0.17,4.3.2/histograph.json,trend auxiliary; not a full character usage table
4.3.2,2026-06-25,pf,虚构叙事,blade,Blade,刃,0.11,4.3.2/histograph.json,trend auxiliary; not a full character usage table
4.3.2,2026-06-25,as,末日幻影,blade,Blade,刃,0.06,4.3.2/histograph.json,trend auxiliary; not a full character usage table
4.3.2,2026-06-25,aa,异相仲裁,blade,Blade,刃,0.31,4.3.2/histograph.json,trend auxiliary; not a full character usage table
4.3.2,2026-06-25,moc,混沌回忆,march-7th-evernight,Evernight,长夜月,3.37,4.3.2/histograph.json,trend auxiliary; not a full character usage table
4.3.2,2026-06-25,pf,虚构叙事,march-7th-evernight,Evernight,长夜月,4.8,4.3.2/histograph.json,trend auxiliary; not a full character usage table
4.3.2,2026-06-25,as,末日幻影,march-7th-evernight,Evernight,长夜月,2.96,4.3.2/histograph.json,trend auxiliary; not a full character usage table
4.3.2,2026-06-25,aa,异相仲裁,march-7th-evernight,Evernight,长夜月,5.97,4.3.2/histograph.json,trend auxiliary; not a full character usage table
4.3.2,2026-06-25,moc,混沌回忆,sparxie,Sparxie,火花,11.83,4.3.2/histograph.json,trend auxiliary; not a full character usage table
4.3.2,2026-06-25,pf,虚构叙事,sparxie,Sparxie,火花,9.51,4.3.2/histograph.json,trend auxiliary; not a full character usage table
4.3.2,2026-06-25,as,末日幻影,sparxie,Sparxie,火花,12.94,4.3.2/histograph.json,trend auxiliary; not a full character usage table
4.3.2,2026-06-25,aa,异相仲裁,sparxie,Sparxie,火花,15.63,4.3.2/histograph.json,trend auxiliary; not a full character usage table
4.3.2,2026-06-25,moc,混沌回忆,sparkle,Sparkle,花火,28.88,4.3.2/histograph.json,trend auxiliary; not a full character usage table
4.3.2,2026-06-25,pf,虚构叙事,sparkle,Sparkle,花火,23.12,4.3.2/histograph.json,trend auxiliary; not a full character usage table
4.3.2,2026-06-25,as,末日幻影,sparkle,Sparkle,花火,35.89,4.3.2/histograph.json,trend auxiliary; not a full character usage table
4.3.2,2026-06-25,aa,异相仲裁,sparkle,Sparkle,花火,38.5,4.3.2/histograph.json,trend auxiliary; not a full character usage table
4.3.2,2026-06-25,moc,混沌回忆,sunday,Sunday,星期日,17.67,4.3.2/histograph.json,trend auxiliary; not a full character usage table
4.3.2,2026-06-25,pf,虚构叙事,sunday,Sunday,星期日,15.31,4.3.2/histograph.json,trend auxiliary; not a full character usage table
4.3.2,2026-06-25,as,末日幻影,sunday,Sunday,星期日,13.88,4.3.2/histograph.json,trend auxiliary; not a full character usage table
4.3.2,2026-06-25,aa,异相仲裁,sunday,Sunday,星期日,23.65,4.3.2/histograph.json,trend auxiliary; not a full character usage table
4.3.2,2026-06-25,moc,混沌回忆,anaxa,Anaxa,那刻夏,2.65,4.3.2/histograph.json,trend auxiliary; not a full character usage table
4.3.2,2026-06-25,pf,虚构叙事,anaxa,Anaxa,那刻夏,4.74,4.3.2/histograph.json,trend auxiliary; not a full character usage table
4.3.2,2026-06-25,as,末日幻影,anaxa,Anaxa,那刻夏,3.43,4.3.2/histograph.json,trend auxiliary; not a full character usage table
4.3.2,2026-06-25,aa,异相仲裁,anaxa,Anaxa,那刻夏,3.07,4.3.2/histograph.json,trend auxiliary; not a full character usage table
4.3.2,2026-06-25,moc,混沌回忆,argenti,Argenti,银枝,0.05,4.3.2/histograph.json,trend auxiliary; not a full character usage table
4.3.2,2026-06-25,pf,虚构叙事,argenti,Argenti,银枝,0.22,4.3.2/histograph.json,trend auxiliary; not a full character usage table
4.3.2,2026-06-25,as,末日幻影,argenti,Argenti,银枝,0.06,4.3.2/histograph.json,trend auxiliary; not a full character usage table
4.3.2,2026-06-25,aa,异相仲裁,argenti,Argenti,银枝,0.05,4.3.2/histograph.json,trend auxiliary; not a full character usage table
4.3.2,2026-06-25,moc,混沌回忆,ashveil,Ashveil,不死途,1.0,4.3.2/histograph.json,trend auxiliary; not a full character usage table
4.3.2,2026-06-25,pf,虚构叙事,ashveil,Ashveil,不死途,1.78,4.3.2/histograph.json,trend auxiliary; not a full character usage table
4.3.2,2026-06-25,as,末日幻影,ashveil,Ashveil,不死途,1.44,4.3.2/histograph.json,trend auxiliary; not a full character usage table
4.3.2,2026-06-25,aa,异相仲裁,ashveil,Ashveil,不死途,1.75,4.3.2/histograph.json,trend auxiliary; not a full character usage table
4.3.2,2026-06-25,moc,混沌回忆,blade,Blade,刃,0.06,4.3.2/histograph.json,trend auxiliary; not a full character usage table
4.3.2,2026-06-25,pf,虚构叙事,blade,Blade,刃,0.11,4.3.2/histograph.json,trend auxiliary; not a full character usage table
4.3.2,2026-06-25,as,末日幻影,blade,Blade,刃,0.04,4.3.2/histograph.json,trend auxiliary; not a full character usage table
4.3.2,2026-06-25,aa,异相仲裁,blade,Blade,刃,0.3,4.3.2/histograph.json,trend auxiliary; not a full character usage table
4.3.2,2026-06-25,moc,混沌回忆,march-7th-evernight,Evernight,长夜月,36.67,4.3.2/histograph.json,trend auxiliary; not a full character usage table
4.3.2,2026-06-25,pf,虚构叙事,march-7th-evernight,Evernight,长夜月,43.57,4.3.2/histograph.json,trend auxiliary; not a full character usage table
4.3.2,2026-06-25,as,末日幻影,march-7th-evernight,Evernight,长夜月,43.12,4.3.2/histograph.json,trend auxiliary; not a full character usage table
4.3.2,2026-06-25,aa,异相仲裁,march-7th-evernight,Evernight,长夜月,51.7,4.3.2/histograph.json,trend auxiliary; not a full character usage table
4.3.2,2026-06-25,moc,混沌回忆,sparxie,Sparxie,火花,18.35,4.3.2/histograph.json,trend auxiliary; not a full character usage table
4.3.2,2026-06-25,pf,虚构叙事,sparxie,Sparxie,火花,26.99,4.3.2/histograph.json,trend auxiliary; not a full character usage table
4.3.2,2026-06-25,as,末日幻影,sparxie,Sparxie,火花,24.65,4.3.2/histograph.json,trend auxiliary; not a full character usage table
4.3.2,2026-06-25,aa,异相仲裁,sparxie,Sparxie,火花,25.32,4.3.2/histograph.json,trend auxiliary; not a full character usage table
4.3.2,2026-06-25,moc,混沌回忆,sushang,Sushang,素裳,0.0,4.3.2/histograph.json,trend auxiliary; not a full character usage table
4.3.2,2026-06-25,pf,虚构叙事,sushang,Sushang,素裳,0.0,4.3.2/histograph.json,trend auxiliary; not a full character usage table
4.3.2,2026-06-25,as,末日幻影,sushang,Sushang,素裳,0.0,4.3.2/histograph.json,trend auxiliary; not a full character usage table
4.3.2,2026-06-25,aa,异相仲裁,sushang,Sushang,素裳,0.0,4.3.2/histograph.json,trend auxiliary; not a full character usage table
4.3.2,2026-06-25,moc,混沌回忆,the-dahlia,The Dahlia,大丽花,23.2,4.3.2/histograph.json,trend auxiliary; not a full character usage table
4.3.2,2026-06-25,pf,虚构叙事,the-dahlia,The Dahlia,大丽花,20.52,4.3.2/histograph.json,trend auxiliary; not a full character usage table
4.3.2,2026-06-25,as,末日幻影,the-dahlia,The Dahlia,大丽花,29.8,4.3.2/histograph.json,trend auxiliary; not a full character usage table
4.3.2,2026-06-25,aa,异相仲裁,the-dahlia,The Dahlia,大丽花,36.21,4.3.2/histograph.json,trend auxiliary; not a full character usage table
4.3.2,2026-06-25,moc,混沌回忆,the-herta,The Herta,大黑塔,3.76,4.3.2/histograph.json,trend auxiliary; not a full character usage table
4.3.2,2026-06-25,pf,虚构叙事,the-herta,The Herta,大黑塔,13.2,4.3.2/histograph.json,trend auxiliary; not a full character usage table
4.3.2,2026-06-25,as,末日幻影,the-herta,The Herta,大黑塔,4.71,4.3.2/histograph.json,trend auxiliary; not a full character usage table
4.3.2,2026-06-25,aa,异相仲裁,the-herta,The Herta,大黑塔,4.31,4.3.2/histograph.json,trend auxiliary; not a full character usage table
4.3.2,2026-06-25,moc,混沌回忆,tingyun,Tingyun,停云,0.17,4.3.2/histograph.json,trend auxiliary; not a full character usage table
4.3.2,2026-06-25,pf,虚构叙事,tingyun,Tingyun,停云,0.23,4.3.2/histograph.json,trend auxiliary; not a full character usage table
4.3.2,2026-06-25,as,末日幻影,tingyun,Tingyun,停云,0.28,4.3.2/histograph.json,trend auxiliary; not a full character usage table
4.3.2,2026-06-25,aa,异相仲裁,tingyun,Tingyun,停云,0.48,4.3.2/histograph.json,trend auxiliary; not a full character usage table
4.3.2,2026-06-25,moc,混沌回忆,tingyun-fugue,Fugue,忘归人,19.71,4.3.2/histograph.json,trend auxiliary; not a full character usage table
4.3.2,2026-06-25,pf,虚构叙事,tingyun-fugue,Fugue,忘归人,17.99,4.3.2/histograph.json,trend auxiliary; not a full character usage table
4.3.2,2026-06-25,as,末日幻影,tingyun-fugue,Fugue,忘归人,25.1,4.3.2/histograph.json,trend auxiliary; not a full character usage table
4.3.2,2026-06-25,aa,异相仲裁,tingyun-fugue,Fugue,忘归人,30.5,4.3.2/histograph.json,trend auxiliary; not a full character usage table
4.3.2,2026-06-25,moc,混沌回忆,topaz,Topaz & Numby,托帕&账账,0.1,4.3.2/histograph.json,trend auxiliary; not a full character usage table
4.3.2,2026-06-25,pf,虚构叙事,topaz,Topaz & Numby,托帕&账账,0.04,4.3.2/histograph.json,trend auxiliary; not a full character usage table
4.3.2,2026-06-25,as,末日幻影,topaz,Topaz & Numby,托帕&账账,0.09,4.3.2/histograph.json,trend auxiliary; not a full character usage table
4.3.2,2026-06-25,aa,异相仲裁,topaz,Topaz & Numby,托帕&账账,0.11,4.3.2/histograph.json,trend auxiliary; not a full character usage table
4.3.2,2026-06-25,moc,混沌回忆,trailblazer-destruction,Trailblazer - The Destruction,开拓者 - 毁灭,0.0,4.3.2/histograph.json,trend auxiliary; not a full character usage table
4.3.2,2026-06-25,pf,虚构叙事,trailblazer-destruction,Trailblazer - The Destruction,开拓者 - 毁灭,0.0,4.3.2/histograph.json,trend auxiliary; not a full character usage table
4.3.2,2026-06-25,as,末日幻影,trailblazer-destruction,Trailblazer - The Destruction,开拓者 - 毁灭,0.0,4.3.2/histograph.json,trend auxiliary; not a full character usage table
4.3.2,2026-06-25,aa,异相仲裁,trailblazer-destruction,Trailblazer - The Destruction,开拓者 - 毁灭,0.0,4.3.2/histograph.json,trend auxiliary; not a full character usage table
4.3.2,2026-06-25,moc,混沌回忆,trailblazer-elation,Trailblazer: Elation,开拓者•欢愉,23.83,4.3.2/histograph.json,trend auxiliary; not a full character usage table
4.3.2,2026-06-25,pf,虚构叙事,trailblazer-elation,Trailblazer: Elation,开拓者•欢愉,23.67,4.3.2/histograph.json,trend auxiliary; not a full character usage table
4.3.2,2026-06-25,as,末日幻影,trailblazer-elation,Trailblazer: Elation,开拓者•欢愉,27.93,4.3.2/histograph.json,trend auxiliary; not a full character usage table
4.3.2,2026-06-25,aa,异相仲裁,trailblazer-elation,Trailblazer: Elation,开拓者•欢愉,31.5,4.3.2/histograph.json,trend auxiliary; not a full character usage table
4.3.2,2026-06-25,moc,混沌回忆,trailblazer-harmony,Trailblazer - The Harmony,开拓者 - 同谐,6.09,4.3.2/histograph.json,trend auxiliary; not a full character usage table
4.3.2,2026-06-25,pf,虚构叙事,trailblazer-harmony,Trailblazer - The Harmony,开拓者 - 同谐,5.39,4.3.2/histograph.json,trend auxiliary; not a full character usage table
4.3.2,2026-06-25,as,末日幻影,trailblazer-harmony,Trailblazer - The Harmony,开拓者 - 同谐,6.91,4.3.2/histograph.json,trend auxiliary; not a full character usage table
4.3.2,2026-06-25,aa,异相仲裁,trailblazer-harmony,Trailblazer - The Harmony,开拓者 - 同谐,8.79,4.3.2/histograph.json,trend auxiliary; not a full character usage table
4.3.2,2026-06-25,moc,混沌回忆,trailblazer-preservation,Trailblazer - The Preservation,开拓者 - 存护,0.0,4.3.2/histograph.json,trend auxiliary; not a full character usage table
4.3.2,2026-06-25,pf,虚构叙事,trailblazer-preservation,Trailblazer - The Preservation,开拓者 - 存护,0.0,4.3.2/histograph.json,trend auxiliary; not a full character usage table
4.3.2,2026-06-25,as,末日幻影,trailblazer-preservation,Trailblazer - The Preservation,开拓者 - 存护,0.0,4.3.2/histograph.json,trend auxiliary; not a full character usage table
4.3.2,2026-06-25,aa,异相仲裁,trailblazer-preservation,Trailblazer - The Preservation,开拓者 - 存护,0.0,4.3.2/histograph.json,trend auxiliary; not a full character usage table
4.3.2,2026-06-25,moc,混沌回忆,trailblazer-remembrance,Trailblazer - Remembrance,开拓者•记忆,14.0,4.3.2/histograph.json,trend auxiliary; not a full character usage table
4.3.2,2026-06-25,pf,虚构叙事,trailblazer-remembrance,Trailblazer - Remembrance,开拓者•记忆,15.6,4.3.2/histograph.json,trend auxiliary; not a full character usage table
4.3.2,2026-06-25,as,末日幻影,trailblazer-remembrance,Trailblazer - Remembrance,开拓者•记忆,14.71,4.3.2/histograph.json,trend auxiliary; not a full character usage table
4.3.2,2026-06-25,aa,异相仲裁,trailblazer-remembrance,Trailblazer - Remembrance,开拓者•记忆,22.1,4.3.2/histograph.json,trend auxiliary; not a full character usage table
4.3.2,2026-06-25,moc,混沌回忆,tribbie,Tribbie,缇宝,25.31,4.3.2/histograph.json,trend auxiliary; not a full character usage table
4.3.2,2026-06-25,pf,虚构叙事,tribbie,Tribbie,缇宝,39.12,4.3.2/histograph.json,trend auxiliary; not a full character usage table
4.3.2,2026-06-25,as,末日幻影,tribbie,Tribbie,缇宝,30.61,4.3.2/histograph.json,trend auxiliary; not a full character usage table
4.3.2,2026-06-25,aa,异相仲裁,tribbie,Tribbie,缇宝,39.29,4.3.2/histograph.json,trend auxiliary; not a full character usage table
4.3.2,2026-06-25,moc,混沌回忆,welt,Welt,瓦尔特,1.41,4.3.2/histograph.json,trend auxiliary; not a full character usage table
4.3.2,2026-06-25,pf,虚构叙事,welt,Welt,瓦尔特,1.43,4.3.2/histograph.json,trend auxiliary; not a full character usage table
4.3.2,2026-06-25,as,末日幻影,welt,Welt,瓦尔特,1.54,4.3.2/histograph.json,trend auxiliary; not a full character usage table
4.3.2,2026-06-25,aa,异相仲裁,welt,Welt,瓦尔特,2.17,4.3.2/histograph.json,trend auxiliary; not a full character usage table
4.3.2,2026-06-25,moc,混沌回忆,xueyi,Xueyi,雪衣,0.02,4.3.2/histograph.json,trend auxiliary; not a full character usage table
4.3.2,2026-06-25,pf,虚构叙事,xueyi,Xueyi,雪衣,0.01,4.3.2/histograph.json,trend auxiliary; not a full character usage table
4.3.2,2026-06-25,as,末日幻影,xueyi,Xueyi,雪衣,0.03,4.3.2/histograph.json,trend auxiliary; not a full character usage table
4.3.2,2026-06-25,aa,异相仲裁,xueyi,Xueyi,雪衣,0.01,4.3.2/histograph.json,trend auxiliary; not a full character usage table
4.3.2,2026-06-25,moc,混沌回忆,yanqing,Yanqing,彦卿,0.0,4.3.2/histograph.json,trend auxiliary; not a full character usage table
4.3.2,2026-06-25,pf,虚构叙事,yanqing,Yanqing,彦卿,0.0,4.3.2/histograph.json,trend auxiliary; not a full character usage table
4.3.2,2026-06-25,as,末日幻影,yanqing,Yanqing,彦卿,0.0,4.3.2/histograph.json,trend auxiliary; not a full character usage table
4.3.2,2026-06-25,aa,异相仲裁,yanqing,Yanqing,彦卿,0.0,4.3.2/histograph.json,trend auxiliary; not a full character usage table
4.3.2,2026-06-25,moc,混沌回忆,yao-guang,Yao Guang,爻光,43.45,4.3.2/histograph.json,trend auxiliary; not a full character usage table
4.3.2,2026-06-25,pf,虚构叙事,yao-guang,Yao Guang,爻光,53.88,4.3.2/histograph.json,trend auxiliary; not a full character usage table
4.3.2,2026-06-25,as,末日幻影,yao-guang,Yao Guang,爻光,53.12,4.3.2/histograph.json,trend auxiliary; not a full character usage table
4.3.2,2026-06-25,aa,异相仲裁,yao-guang,Yao Guang,爻光,54.9,4.3.2/histograph.json,trend auxiliary; not a full character usage table
4.3.2,2026-06-25,moc,混沌回忆,yukong,Yukong,驭空,0.01,4.3.2/histograph.json,trend auxiliary; not a full character usage table
4.3.2,2026-06-25,pf,虚构叙事,yukong,Yukong,驭空,0.0,4.3.2/histograph.json,trend auxiliary; not a full character usage table
4.3.2,2026-06-25,as,末日幻影,yukong,Yukong,驭空,0.0,4.3.2/histograph.json,trend auxiliary; not a full character usage table
4.3.2,2026-06-25,aa,异相仲裁,yukong,Yukong,驭空,0.01,4.3.2/histograph.json,trend auxiliary; not a full character usage table
4.3.2,2026-06-25,moc,混沌回忆,yunli,Yunli,云璃,0.11,4.3.2/histograph.json,trend auxiliary; not a full character usage table
4.3.2,2026-06-25,pf,虚构叙事,yunli,Yunli,云璃,0.18,4.3.2/histograph.json,trend auxiliary; not a full character usage table
4.3.2,2026-06-25,as,末日幻影,yunli,Yunli,云璃,0.03,4.3.2/histograph.json,trend auxiliary; not a full character usage table
4.3.2,2026-06-25,aa,异相仲裁,yunli,Yunli,云璃,0.23,4.3.2/histograph.json,trend auxiliary; not a full character usage table
