tier_snapshot_id,tier_updated_date,tier_mode,tier_mode_cn,character_slug,character_name_en,character_name_cn,prydwen_role,role_group,role_group_cn,tier,rating,tags,marks,collect_date,phase_ver,phase_name,app_rate,avg_round,quality_flag,icon_url
20260630,2026-06-30,moc,混沌回忆,acheron,Acheron,黄泉,DPS,main_dps,主C,T0.5,10,Debuff,,2026-02-22,3.8.1,Breached Nest,1.76,99.99,ok,https://cdn.prydwen.gg/images/honkai-star-rail/characters/acheron_icon.webp
20260630,2026-06-30,moc,混沌回忆,acheron,Acheron,黄泉,DPS,main_dps,主C,T0.5,10,Debuff,,2026-03-06,4.0.1,Cyber Mystery,0.48,99.99,ok,https://cdn.prydwen.gg/images/honkai-star-rail/characters/acheron_icon.webp
20260630,2026-06-30,moc,混沌回忆,acheron,Acheron,黄泉,DPS,main_dps,主C,T0.5,10,Debuff,,2026-04-03,4.0.1,Cyber Mystery,0.43,99.99,ok,https://cdn.prydwen.gg/images/honkai-star-rail/characters/acheron_icon.webp
20260630,2026-06-30,moc,混沌回忆,acheron,Acheron,黄泉,DPS,main_dps,主C,T0.5,10,Debuff,,2026-04-19,4.1.1,Grand Finale,1.22,99.99,ok,https://cdn.prydwen.gg/images/honkai-star-rail/characters/acheron_icon.webp
20260630,2026-06-30,moc,混沌回忆,acheron,Acheron,黄泉,DPS,main_dps,主C,T0.5,10,Debuff,,2026-05-02,4.1.1,Grand Finale,1.24,7.91,ok,https://cdn.prydwen.gg/images/honkai-star-rail/characters/acheron_icon.webp
20260630,2026-06-30,moc,混沌回忆,acheron,Acheron,黄泉,DPS,main_dps,主C,T0.5,10,Debuff,,2026-05-16,4.1.1,Grand Finale,1.2,7.56,ok,https://cdn.prydwen.gg/images/honkai-star-rail/characters/acheron_icon.webp
20260630,2026-06-30,moc,混沌回忆,acheron,Acheron,黄泉,DPS,main_dps,主C,T0.5,10,Debuff,,2026-05-29,4.2.1,Duty Action,0.49,99.99,ok,https://cdn.prydwen.gg/images/honkai-star-rail/characters/acheron_icon.webp
20260630,2026-06-30,moc,混沌回忆,acheron,Acheron,黄泉,DPS,main_dps,主C,T0.5,10,Debuff,,2026-06-11,4.2.1,Duty Action,3.86,8.84,ok,https://cdn.prydwen.gg/images/honkai-star-rail/characters/acheron_icon.webp
20260630,2026-06-30,moc,混沌回忆,acheron,Acheron,黄泉,DPS,main_dps,主C,T0.5,10,Debuff,,2026-06-25,4.2.1,Duty Action,4.59,8.73,ok,https://cdn.prydwen.gg/images/honkai-star-rail/characters/acheron_icon.webp
20260630,2026-06-30,pf,虚构叙事,acheron,Acheron,黄泉,DPS,main_dps,主C,T0.5,10,Debuff,,2026-02-22,4.0.1,Wordless Novel,1.89,25967,ok,https://cdn.prydwen.gg/images/honkai-star-rail/characters/acheron_icon.webp
20260630,2026-06-30,pf,虚构叙事,acheron,Acheron,黄泉,DPS,main_dps,主C,T0.5,10,Debuff,,2026-03-06,4.0.1,Wordless Novel,1.8,25643,ok,https://cdn.prydwen.gg/images/honkai-star-rail/characters/acheron_icon.webp
20260630,2026-06-30,pf,虚构叙事,acheron,Acheron,黄泉,DPS,main_dps,主C,T0.5,10,Debuff,,2026-04-03,4.1.1,Virtual Made Manifest,2.53,26175,ok,https://cdn.prydwen.gg/images/honkai-star-rail/characters/acheron_icon.webp
20260630,2026-06-30,pf,虚构叙事,acheron,Acheron,黄泉,DPS,main_dps,主C,T0.5,10,Debuff,,2026-04-19,4.1.1,Virtual Made Manifest,2.47,25903,ok,https://cdn.prydwen.gg/images/honkai-star-rail/characters/acheron_icon.webp
20260630,2026-06-30,pf,虚构叙事,acheron,Acheron,黄泉,DPS,main_dps,主C,T0.5,10,Debuff,,2026-05-02,4.1.1,Virtual Made Manifest,2.14,26046,ok,https://cdn.prydwen.gg/images/honkai-star-rail/characters/acheron_icon.webp
20260630,2026-06-30,pf,虚构叙事,acheron,Acheron,黄泉,DPS,main_dps,主C,T0.5,10,Debuff,,2026-05-16,4.2.1,Illusory Concepts,0.47,0,ok,https://cdn.prydwen.gg/images/honkai-star-rail/characters/acheron_icon.webp
20260630,2026-06-30,pf,虚构叙事,acheron,Acheron,黄泉,DPS,main_dps,主C,T0.5,10,Debuff,,2026-05-29,4.2.1,Illusory Concepts,0.44,0,ok,https://cdn.prydwen.gg/images/honkai-star-rail/characters/acheron_icon.webp
20260630,2026-06-30,pf,虚构叙事,acheron,Acheron,黄泉,DPS,main_dps,主C,T0.5,10,Debuff,,2026-06-11,4.2.1,Illusory Concepts,1.83,34591,ok,https://cdn.prydwen.gg/images/honkai-star-rail/characters/acheron_icon.webp
20260630,2026-06-30,pf,虚构叙事,acheron,Acheron,黄泉,DPS,main_dps,主C,T0.5,10,Debuff,,2026-06-25,4.3.1,Falsehood to Fact,19.43,30571,ok,https://cdn.prydwen.gg/images/honkai-star-rail/characters/acheron_icon.webp
20260630,2026-06-30,as,末日幻影,acheron,Acheron,黄泉,DPS,main_dps,主C,T0.5,10,Debuff,up,2026-02-22,3.8.2,Dominance of Netherveil,0.61,0,ok,https://cdn.prydwen.gg/images/honkai-star-rail/characters/acheron_icon.webp
20260630,2026-06-30,as,末日幻影,acheron,Acheron,黄泉,DPS,main_dps,主C,T0.5,10,Debuff,up,2026-03-06,3.8.2,Dominance of Netherveil,0.57,0,ok,https://cdn.prydwen.gg/images/honkai-star-rail/characters/acheron_icon.webp
20260630,2026-06-30,as,末日幻影,acheron,Acheron,黄泉,DPS,main_dps,主C,T0.5,10,Debuff,up,2026-04-03,4.0.1,Militant Lupine,0.71,3212,ok,https://cdn.prydwen.gg/images/honkai-star-rail/characters/acheron_icon.webp
20260630,2026-06-30,as,末日幻影,acheron,Acheron,黄泉,DPS,main_dps,主C,T0.5,10,Debuff,up,2026-04-19,4.0.1,Militant Lupine,0.73,3226,ok,https://cdn.prydwen.gg/images/honkai-star-rail/characters/acheron_icon.webp
20260630,2026-06-30,as,末日幻影,acheron,Acheron,黄泉,DPS,main_dps,主C,T0.5,10,Debuff,up,2026-05-02,4.2.1,Idol of the Locusts,0.16,0,ok,https://cdn.prydwen.gg/images/honkai-star-rail/characters/acheron_icon.webp
20260630,2026-06-30,as,末日幻影,acheron,Acheron,黄泉,DPS,main_dps,主C,T0.5,10,Debuff,up,2026-05-16,4.2.1,Idol of the Locusts,0.16,0,ok,https://cdn.prydwen.gg/images/honkai-star-rail/characters/acheron_icon.webp
20260630,2026-06-30,as,末日幻影,acheron,Acheron,黄泉,DPS,main_dps,主C,T0.5,10,Debuff,up,2026-05-29,4.2.1,Idol of the Locusts,0.16,0,ok,https://cdn.prydwen.gg/images/honkai-star-rail/characters/acheron_icon.webp
20260630,2026-06-30,as,末日幻影,acheron,Acheron,黄泉,DPS,main_dps,主C,T0.5,10,Debuff,up,2026-06-11,4.3.1,Gale of Forgetting,14.16,3402,ok,https://cdn.prydwen.gg/images/honkai-star-rail/characters/acheron_icon.webp
20260630,2026-06-30,as,末日幻影,acheron,Acheron,黄泉,DPS,main_dps,主C,T0.5,10,Debuff,up,2026-06-25,4.3.1,Gale of Forgetting,14.7,3399,ok,https://cdn.prydwen.gg/images/honkai-star-rail/characters/acheron_icon.webp
20260630,2026-06-30,moc,混沌回忆,aglaea,Aglaea,阿格莱雅,DPS,main_dps,主C,T1.5,8,"Advance, SP-Friendly",down,2026-02-22,3.8.1,Breached Nest,2.0,8.44,ok,https://cdn.prydwen.gg/images/honkai-star-rail/characters/aglaea_icon.webp
20260630,2026-06-30,moc,混沌回忆,aglaea,Aglaea,阿格莱雅,DPS,main_dps,主C,T1.5,8,"Advance, SP-Friendly",down,2026-03-06,4.0.1,Cyber Mystery,1.04,99.99,ok,https://cdn.prydwen.gg/images/honkai-star-rail/characters/aglaea_icon.webp
20260630,2026-06-30,moc,混沌回忆,aglaea,Aglaea,阿格莱雅,DPS,main_dps,主C,T1.5,8,"Advance, SP-Friendly",down,2026-04-03,4.0.1,Cyber Mystery,0.96,99.99,ok,https://cdn.prydwen.gg/images/honkai-star-rail/characters/aglaea_icon.webp
20260630,2026-06-30,moc,混沌回忆,aglaea,Aglaea,阿格莱雅,DPS,main_dps,主C,T1.5,8,"Advance, SP-Friendly",down,2026-04-19,4.1.1,Grand Finale,2.64,7.78,ok,https://cdn.prydwen.gg/images/honkai-star-rail/characters/aglaea_icon.webp
20260630,2026-06-30,moc,混沌回忆,aglaea,Aglaea,阿格莱雅,DPS,main_dps,主C,T1.5,8,"Advance, SP-Friendly",down,2026-05-02,4.1.1,Grand Finale,2.41,7.82,ok,https://cdn.prydwen.gg/images/honkai-star-rail/characters/aglaea_icon.webp
20260630,2026-06-30,moc,混沌回忆,aglaea,Aglaea,阿格莱雅,DPS,main_dps,主C,T1.5,8,"Advance, SP-Friendly",down,2026-05-16,4.1.1,Grand Finale,2.24,7.9,ok,https://cdn.prydwen.gg/images/honkai-star-rail/characters/aglaea_icon.webp
20260630,2026-06-30,moc,混沌回忆,aglaea,Aglaea,阿格莱雅,DPS,main_dps,主C,T1.5,8,"Advance, SP-Friendly",down,2026-05-29,4.2.1,Duty Action,0.54,99.99,ok,https://cdn.prydwen.gg/images/honkai-star-rail/characters/aglaea_icon.webp
20260630,2026-06-30,moc,混沌回忆,aglaea,Aglaea,阿格莱雅,DPS,main_dps,主C,T1.5,8,"Advance, SP-Friendly",down,2026-06-11,4.2.1,Duty Action,0.65,99.99,ok,https://cdn.prydwen.gg/images/honkai-star-rail/characters/aglaea_icon.webp
20260630,2026-06-30,moc,混沌回忆,aglaea,Aglaea,阿格莱雅,DPS,main_dps,主C,T1.5,8,"Advance, SP-Friendly",down,2026-06-25,4.2.1,Duty Action,0.66,99.99,ok,https://cdn.prydwen.gg/images/honkai-star-rail/characters/aglaea_icon.webp
20260630,2026-06-30,pf,虚构叙事,aglaea,Aglaea,阿格莱雅,DPS,main_dps,主C,T1.5,8,"Advance, SP-Friendly",,2026-02-22,4.0.1,Wordless Novel,1.06,0,ok,https://cdn.prydwen.gg/images/honkai-star-rail/characters/aglaea_icon.webp
20260630,2026-06-30,pf,虚构叙事,aglaea,Aglaea,阿格莱雅,DPS,main_dps,主C,T1.5,8,"Advance, SP-Friendly",,2026-03-06,4.0.1,Wordless Novel,1.08,0,ok,https://cdn.prydwen.gg/images/honkai-star-rail/characters/aglaea_icon.webp
20260630,2026-06-30,pf,虚构叙事,aglaea,Aglaea,阿格莱雅,DPS,main_dps,主C,T1.5,8,"Advance, SP-Friendly",,2026-04-03,4.1.1,Virtual Made Manifest,1.79,26280,ok,https://cdn.prydwen.gg/images/honkai-star-rail/characters/aglaea_icon.webp
20260630,2026-06-30,pf,虚构叙事,aglaea,Aglaea,阿格莱雅,DPS,main_dps,主C,T1.5,8,"Advance, SP-Friendly",,2026-04-19,4.1.1,Virtual Made Manifest,1.79,28205,ok,https://cdn.prydwen.gg/images/honkai-star-rail/characters/aglaea_icon.webp
20260630,2026-06-30,pf,虚构叙事,aglaea,Aglaea,阿格莱雅,DPS,main_dps,主C,T1.5,8,"Advance, SP-Friendly",,2026-05-02,4.1.1,Virtual Made Manifest,1.67,28039,ok,https://cdn.prydwen.gg/images/honkai-star-rail/characters/aglaea_icon.webp
20260630,2026-06-30,pf,虚构叙事,aglaea,Aglaea,阿格莱雅,DPS,main_dps,主C,T1.5,8,"Advance, SP-Friendly",,2026-05-16,4.2.1,Illusory Concepts,0.64,0,ok,https://cdn.prydwen.gg/images/honkai-star-rail/characters/aglaea_icon.webp
20260630,2026-06-30,pf,虚构叙事,aglaea,Aglaea,阿格莱雅,DPS,main_dps,主C,T1.5,8,"Advance, SP-Friendly",,2026-05-29,4.2.1,Illusory Concepts,0.61,0,ok,https://cdn.prydwen.gg/images/honkai-star-rail/characters/aglaea_icon.webp
20260630,2026-06-30,pf,虚构叙事,aglaea,Aglaea,阿格莱雅,DPS,main_dps,主C,T1.5,8,"Advance, SP-Friendly",,2026-06-11,4.2.1,Illusory Concepts,0.58,0,ok,https://cdn.prydwen.gg/images/honkai-star-rail/characters/aglaea_icon.webp
20260630,2026-06-30,pf,虚构叙事,aglaea,Aglaea,阿格莱雅,DPS,main_dps,主C,T1.5,8,"Advance, SP-Friendly",,2026-06-25,4.3.1,Falsehood to Fact,1.41,26204,ok,https://cdn.prydwen.gg/images/honkai-star-rail/characters/aglaea_icon.webp
20260630,2026-06-30,as,末日幻影,aglaea,Aglaea,阿格莱雅,DPS,main_dps,主C,T1.5,8,"Advance, SP-Friendly",down,2026-02-22,3.8.2,Dominance of Netherveil,0.56,0,ok,https://cdn.prydwen.gg/images/honkai-star-rail/characters/aglaea_icon.webp
20260630,2026-06-30,as,末日幻影,aglaea,Aglaea,阿格莱雅,DPS,main_dps,主C,T1.5,8,"Advance, SP-Friendly",down,2026-03-06,3.8.2,Dominance of Netherveil,0.55,0,ok,https://cdn.prydwen.gg/images/honkai-star-rail/characters/aglaea_icon.webp
20260630,2026-06-30,as,末日幻影,aglaea,Aglaea,阿格莱雅,DPS,main_dps,主C,T1.5,8,"Advance, SP-Friendly",down,2026-04-03,4.0.1,Militant Lupine,1.26,3323,ok,https://cdn.prydwen.gg/images/honkai-star-rail/characters/aglaea_icon.webp
20260630,2026-06-30,as,末日幻影,aglaea,Aglaea,阿格莱雅,DPS,main_dps,主C,T1.5,8,"Advance, SP-Friendly",down,2026-04-19,4.0.1,Militant Lupine,1.25,3323,ok,https://cdn.prydwen.gg/images/honkai-star-rail/characters/aglaea_icon.webp
20260630,2026-06-30,as,末日幻影,aglaea,Aglaea,阿格莱雅,DPS,main_dps,主C,T1.5,8,"Advance, SP-Friendly",down,2026-05-02,4.2.1,Idol of the Locusts,0.22,0,ok,https://cdn.prydwen.gg/images/honkai-star-rail/characters/aglaea_icon.webp
20260630,2026-06-30,as,末日幻影,aglaea,Aglaea,阿格莱雅,DPS,main_dps,主C,T1.5,8,"Advance, SP-Friendly",down,2026-05-16,4.2.1,Idol of the Locusts,0.21,0,ok,https://cdn.prydwen.gg/images/honkai-star-rail/characters/aglaea_icon.webp
20260630,2026-06-30,as,末日幻影,aglaea,Aglaea,阿格莱雅,DPS,main_dps,主C,T1.5,8,"Advance, SP-Friendly",down,2026-05-29,4.2.1,Idol of the Locusts,0.2,0,ok,https://cdn.prydwen.gg/images/honkai-star-rail/characters/aglaea_icon.webp
20260630,2026-06-30,as,末日幻影,aglaea,Aglaea,阿格莱雅,DPS,main_dps,主C,T1.5,8,"Advance, SP-Friendly",down,2026-06-11,4.3.1,Gale of Forgetting,1.26,0,ok,https://cdn.prydwen.gg/images/honkai-star-rail/characters/aglaea_icon.webp
20260630,2026-06-30,as,末日幻影,aglaea,Aglaea,阿格莱雅,DPS,main_dps,主C,T1.5,8,"Advance, SP-Friendly",down,2026-06-25,4.3.1,Gale of Forgetting,1.17,0,ok,https://cdn.prydwen.gg/images/honkai-star-rail/characters/aglaea_icon.webp
20260630,2026-06-30,moc,混沌回忆,anaxa,Anaxa,那刻夏,Support DPS,sub_dps,副C,T1.5,8,Debuff,down,2026-02-22,3.8.1,Breached Nest,7.13,8.62,ok,https://cdn.prydwen.gg/images/honkai-star-rail/characters/anaxa_icon.webp
20260630,2026-06-30,moc,混沌回忆,anaxa,Anaxa,那刻夏,Support DPS,sub_dps,副C,T1.5,8,Debuff,down,2026-02-22,3.8.1,Breached Nest,4.55,8.51,ok,https://cdn.prydwen.gg/images/honkai-star-rail/characters/anaxa_icon.webp
20260630,2026-06-30,moc,混沌回忆,anaxa,Anaxa,那刻夏,Support DPS,sub_dps,副C,T1.5,8,Debuff,down,2026-02-22,3.8.1,Breached Nest,2.57,9.08,ok,https://cdn.prydwen.gg/images/honkai-star-rail/characters/anaxa_icon.webp
20260630,2026-06-30,moc,混沌回忆,anaxa,Anaxa,那刻夏,Support DPS,sub_dps,副C,T1.5,8,Debuff,down,2026-03-06,4.0.1,Cyber Mystery,5.85,8.09,ok,https://cdn.prydwen.gg/images/honkai-star-rail/characters/anaxa_icon.webp
20260630,2026-06-30,moc,混沌回忆,anaxa,Anaxa,那刻夏,Support DPS,sub_dps,副C,T1.5,8,Debuff,down,2026-03-06,4.0.1,Cyber Mystery,3.12,7.81,ok,https://cdn.prydwen.gg/images/honkai-star-rail/characters/anaxa_icon.webp
20260630,2026-06-30,moc,混沌回忆,anaxa,Anaxa,那刻夏,Support DPS,sub_dps,副C,T1.5,8,Debuff,down,2026-03-06,4.0.1,Cyber Mystery,2.73,9.0,ok,https://cdn.prydwen.gg/images/honkai-star-rail/characters/anaxa_icon.webp
20260630,2026-06-30,moc,混沌回忆,anaxa,Anaxa,那刻夏,Support DPS,sub_dps,副C,T1.5,8,Debuff,down,2026-04-03,4.0.1,Cyber Mystery,5.62,8.07,ok,https://cdn.prydwen.gg/images/honkai-star-rail/characters/anaxa_icon.webp
20260630,2026-06-30,moc,混沌回忆,anaxa,Anaxa,那刻夏,Support DPS,sub_dps,副C,T1.5,8,Debuff,down,2026-04-03,4.0.1,Cyber Mystery,3.01,7.89,ok,https://cdn.prydwen.gg/images/honkai-star-rail/characters/anaxa_icon.webp
20260630,2026-06-30,moc,混沌回忆,anaxa,Anaxa,那刻夏,Support DPS,sub_dps,副C,T1.5,8,Debuff,down,2026-04-03,4.0.1,Cyber Mystery,2.61,8.72,ok,https://cdn.prydwen.gg/images/honkai-star-rail/characters/anaxa_icon.webp
20260630,2026-06-30,moc,混沌回忆,anaxa,Anaxa,那刻夏,Support DPS,sub_dps,副C,T1.5,8,Debuff,down,2026-04-19,4.1.1,Grand Finale,7.65,7.72,ok,https://cdn.prydwen.gg/images/honkai-star-rail/characters/anaxa_icon.webp
20260630,2026-06-30,moc,混沌回忆,anaxa,Anaxa,那刻夏,Support DPS,sub_dps,副C,T1.5,8,Debuff,down,2026-04-19,4.1.1,Grand Finale,2.82,7.63,ok,https://cdn.prydwen.gg/images/honkai-star-rail/characters/anaxa_icon.webp
20260630,2026-06-30,moc,混沌回忆,anaxa,Anaxa,那刻夏,Support DPS,sub_dps,副C,T1.5,8,Debuff,down,2026-04-19,4.1.1,Grand Finale,4.83,7.77,ok,https://cdn.prydwen.gg/images/honkai-star-rail/characters/anaxa_icon.webp
20260630,2026-06-30,moc,混沌回忆,anaxa,Anaxa,那刻夏,Support DPS,sub_dps,副C,T1.5,8,Debuff,down,2026-05-02,4.1.1,Grand Finale,6.98,7.72,ok,https://cdn.prydwen.gg/images/honkai-star-rail/characters/anaxa_icon.webp
20260630,2026-06-30,moc,混沌回忆,anaxa,Anaxa,那刻夏,Support DPS,sub_dps,副C,T1.5,8,Debuff,down,2026-05-02,4.1.1,Grand Finale,2.39,7.74,ok,https://cdn.prydwen.gg/images/honkai-star-rail/characters/anaxa_icon.webp
20260630,2026-06-30,moc,混沌回忆,anaxa,Anaxa,那刻夏,Support DPS,sub_dps,副C,T1.5,8,Debuff,down,2026-05-02,4.1.1,Grand Finale,4.59,7.9,ok,https://cdn.prydwen.gg/images/honkai-star-rail/characters/anaxa_icon.webp
20260630,2026-06-30,moc,混沌回忆,anaxa,Anaxa,那刻夏,Support DPS,sub_dps,副C,T1.5,8,Debuff,down,2026-05-16,4.1.1,Grand Finale,6.66,7.75,ok,https://cdn.prydwen.gg/images/honkai-star-rail/characters/anaxa_icon.webp
20260630,2026-06-30,moc,混沌回忆,anaxa,Anaxa,那刻夏,Support DPS,sub_dps,副C,T1.5,8,Debuff,down,2026-05-16,4.1.1,Grand Finale,2.21,7.85,ok,https://cdn.prydwen.gg/images/honkai-star-rail/characters/anaxa_icon.webp
20260630,2026-06-30,moc,混沌回忆,anaxa,Anaxa,那刻夏,Support DPS,sub_dps,副C,T1.5,8,Debuff,down,2026-05-16,4.1.1,Grand Finale,4.45,7.87,ok,https://cdn.prydwen.gg/images/honkai-star-rail/characters/anaxa_icon.webp
20260630,2026-06-30,moc,混沌回忆,anaxa,Anaxa,那刻夏,Support DPS,sub_dps,副C,T1.5,8,Debuff,down,2026-05-29,4.2.1,Duty Action,1.8,8.12,ok,https://cdn.prydwen.gg/images/honkai-star-rail/characters/anaxa_icon.webp
20260630,2026-06-30,moc,混沌回忆,anaxa,Anaxa,那刻夏,Support DPS,sub_dps,副C,T1.5,8,Debuff,down,2026-05-29,4.2.1,Duty Action,1.07,8.12,ok,https://cdn.prydwen.gg/images/honkai-star-rail/characters/anaxa_icon.webp
20260630,2026-06-30,moc,混沌回忆,anaxa,Anaxa,那刻夏,Support DPS,sub_dps,副C,T1.5,8,Debuff,down,2026-05-29,4.2.1,Duty Action,0.73,99.99,ok,https://cdn.prydwen.gg/images/honkai-star-rail/characters/anaxa_icon.webp
20260630,2026-06-30,moc,混沌回忆,anaxa,Anaxa,那刻夏,Support DPS,sub_dps,副C,T1.5,8,Debuff,down,2026-06-11,4.2.1,Duty Action,2.36,9.0,ok,https://cdn.prydwen.gg/images/honkai-star-rail/characters/anaxa_icon.webp
20260630,2026-06-30,moc,混沌回忆,anaxa,Anaxa,那刻夏,Support DPS,sub_dps,副C,T1.5,8,Debuff,down,2026-06-11,4.2.1,Duty Action,1.47,9.0,ok,https://cdn.prydwen.gg/images/honkai-star-rail/characters/anaxa_icon.webp
20260630,2026-06-30,moc,混沌回忆,anaxa,Anaxa,那刻夏,Support DPS,sub_dps,副C,T1.5,8,Debuff,down,2026-06-11,4.2.1,Duty Action,0.89,99.99,ok,https://cdn.prydwen.gg/images/honkai-star-rail/characters/anaxa_icon.webp
20260630,2026-06-30,moc,混沌回忆,anaxa,Anaxa,那刻夏,Support DPS,sub_dps,副C,T1.5,8,Debuff,down,2026-06-25,4.2.1,Duty Action,2.34,8.43,ok,https://cdn.prydwen.gg/images/honkai-star-rail/characters/anaxa_icon.webp
20260630,2026-06-30,moc,混沌回忆,anaxa,Anaxa,那刻夏,Support DPS,sub_dps,副C,T1.5,8,Debuff,down,2026-06-25,4.2.1,Duty Action,1.45,8.43,ok,https://cdn.prydwen.gg/images/honkai-star-rail/characters/anaxa_icon.webp
20260630,2026-06-30,moc,混沌回忆,anaxa,Anaxa,那刻夏,Support DPS,sub_dps,副C,T1.5,8,Debuff,down,2026-06-25,4.2.1,Duty Action,0.89,99.99,ok,https://cdn.prydwen.gg/images/honkai-star-rail/characters/anaxa_icon.webp
20260630,2026-06-30,pf,虚构叙事,anaxa,Anaxa,那刻夏,Support DPS,sub_dps,副C,T0.5,10,Debuff,,2026-02-22,4.0.1,Wordless Novel,11.13,29425,ok,https://cdn.prydwen.gg/images/honkai-star-rail/characters/anaxa_icon.webp
20260630,2026-06-30,pf,虚构叙事,anaxa,Anaxa,那刻夏,Support DPS,sub_dps,副C,T0.5,10,Debuff,,2026-02-22,4.0.1,Wordless Novel,3.47,27752,ok,https://cdn.prydwen.gg/images/honkai-star-rail/characters/anaxa_icon.webp
20260630,2026-06-30,pf,虚构叙事,anaxa,Anaxa,那刻夏,Support DPS,sub_dps,副C,T0.5,10,Debuff,,2026-02-22,4.0.1,Wordless Novel,7.66,30117,ok,https://cdn.prydwen.gg/images/honkai-star-rail/characters/anaxa_icon.webp
20260630,2026-06-30,pf,虚构叙事,anaxa,Anaxa,那刻夏,Support DPS,sub_dps,副C,T0.5,10,Debuff,,2026-03-06,4.0.1,Wordless Novel,10.73,29386,ok,https://cdn.prydwen.gg/images/honkai-star-rail/characters/anaxa_icon.webp
20260630,2026-06-30,pf,虚构叙事,anaxa,Anaxa,那刻夏,Support DPS,sub_dps,副C,T0.5,10,Debuff,,2026-03-06,4.0.1,Wordless Novel,3.31,27686,ok,https://cdn.prydwen.gg/images/honkai-star-rail/characters/anaxa_icon.webp
20260630,2026-06-30,pf,虚构叙事,anaxa,Anaxa,那刻夏,Support DPS,sub_dps,副C,T0.5,10,Debuff,,2026-03-06,4.0.1,Wordless Novel,7.43,30054,ok,https://cdn.prydwen.gg/images/honkai-star-rail/characters/anaxa_icon.webp
20260630,2026-06-30,pf,虚构叙事,anaxa,Anaxa,那刻夏,Support DPS,sub_dps,副C,T0.5,10,Debuff,,2026-04-03,4.1.1,Virtual Made Manifest,7.1,28277,ok,https://cdn.prydwen.gg/images/honkai-star-rail/characters/anaxa_icon.webp
20260630,2026-06-30,pf,虚构叙事,anaxa,Anaxa,那刻夏,Support DPS,sub_dps,副C,T0.5,10,Debuff,,2026-04-03,4.1.1,Virtual Made Manifest,2.04,26306,ok,https://cdn.prydwen.gg/images/honkai-star-rail/characters/anaxa_icon.webp
20260630,2026-06-30,pf,虚构叙事,anaxa,Anaxa,那刻夏,Support DPS,sub_dps,副C,T0.5,10,Debuff,,2026-04-03,4.1.1,Virtual Made Manifest,5.06,28723,ok,https://cdn.prydwen.gg/images/honkai-star-rail/characters/anaxa_icon.webp
20260630,2026-06-30,pf,虚构叙事,anaxa,Anaxa,那刻夏,Support DPS,sub_dps,副C,T0.5,10,Debuff,,2026-04-19,4.1.1,Virtual Made Manifest,7.19,28299,ok,https://cdn.prydwen.gg/images/honkai-star-rail/characters/anaxa_icon.webp
20260630,2026-06-30,pf,虚构叙事,anaxa,Anaxa,那刻夏,Support DPS,sub_dps,副C,T0.5,10,Debuff,,2026-04-19,4.1.1,Virtual Made Manifest,1.99,26387,ok,https://cdn.prydwen.gg/images/honkai-star-rail/characters/anaxa_icon.webp
20260630,2026-06-30,pf,虚构叙事,anaxa,Anaxa,那刻夏,Support DPS,sub_dps,副C,T0.5,10,Debuff,,2026-04-19,4.1.1,Virtual Made Manifest,5.2,28753,ok,https://cdn.prydwen.gg/images/honkai-star-rail/characters/anaxa_icon.webp
20260630,2026-06-30,pf,虚构叙事,anaxa,Anaxa,那刻夏,Support DPS,sub_dps,副C,T0.5,10,Debuff,,2026-05-02,4.1.1,Virtual Made Manifest,6.89,28304,ok,https://cdn.prydwen.gg/images/honkai-star-rail/characters/anaxa_icon.webp
20260630,2026-06-30,pf,虚构叙事,anaxa,Anaxa,那刻夏,Support DPS,sub_dps,副C,T0.5,10,Debuff,,2026-05-02,4.1.1,Virtual Made Manifest,1.86,26313,ok,https://cdn.prydwen.gg/images/honkai-star-rail/characters/anaxa_icon.webp
20260630,2026-06-30,pf,虚构叙事,anaxa,Anaxa,那刻夏,Support DPS,sub_dps,副C,T0.5,10,Debuff,,2026-05-02,4.1.1,Virtual Made Manifest,5.03,28709,ok,https://cdn.prydwen.gg/images/honkai-star-rail/characters/anaxa_icon.webp
20260630,2026-06-30,pf,虚构叙事,anaxa,Anaxa,那刻夏,Support DPS,sub_dps,副C,T0.5,10,Debuff,,2026-05-16,4.2.1,Illusory Concepts,5.03,26929,ok,https://cdn.prydwen.gg/images/honkai-star-rail/characters/anaxa_icon.webp
20260630,2026-06-30,pf,虚构叙事,anaxa,Anaxa,那刻夏,Support DPS,sub_dps,副C,T0.5,10,Debuff,,2026-05-16,4.2.1,Illusory Concepts,0.9,25202,ok,https://cdn.prydwen.gg/images/honkai-star-rail/characters/anaxa_icon.webp
20260630,2026-06-30,pf,虚构叙事,anaxa,Anaxa,那刻夏,Support DPS,sub_dps,副C,T0.5,10,Debuff,,2026-05-16,4.2.1,Illusory Concepts,4.12,27249,ok,https://cdn.prydwen.gg/images/honkai-star-rail/characters/anaxa_icon.webp
20260630,2026-06-30,pf,虚构叙事,anaxa,Anaxa,那刻夏,Support DPS,sub_dps,副C,T0.5,10,Debuff,,2026-05-29,4.2.1,Illusory Concepts,5.05,26997,ok,https://cdn.prydwen.gg/images/honkai-star-rail/characters/anaxa_icon.webp
20260630,2026-06-30,pf,虚构叙事,anaxa,Anaxa,那刻夏,Support DPS,sub_dps,副C,T0.5,10,Debuff,,2026-05-29,4.2.1,Illusory Concepts,0.88,24801,ok,https://cdn.prydwen.gg/images/honkai-star-rail/characters/anaxa_icon.webp
20260630,2026-06-30,pf,虚构叙事,anaxa,Anaxa,那刻夏,Support DPS,sub_dps,副C,T0.5,10,Debuff,,2026-05-29,4.2.1,Illusory Concepts,4.17,27342,ok,https://cdn.prydwen.gg/images/honkai-star-rail/characters/anaxa_icon.webp
20260630,2026-06-30,pf,虚构叙事,anaxa,Anaxa,那刻夏,Support DPS,sub_dps,副C,T0.5,10,Debuff,,2026-06-11,4.2.1,Illusory Concepts,5.27,26966,ok,https://cdn.prydwen.gg/images/honkai-star-rail/characters/anaxa_icon.webp
20260630,2026-06-30,pf,虚构叙事,anaxa,Anaxa,那刻夏,Support DPS,sub_dps,副C,T0.5,10,Debuff,,2026-06-11,4.2.1,Illusory Concepts,0.97,24360,ok,https://cdn.prydwen.gg/images/honkai-star-rail/characters/anaxa_icon.webp
20260630,2026-06-30,pf,虚构叙事,anaxa,Anaxa,那刻夏,Support DPS,sub_dps,副C,T0.5,10,Debuff,,2026-06-11,4.2.1,Illusory Concepts,4.3,27384,ok,https://cdn.prydwen.gg/images/honkai-star-rail/characters/anaxa_icon.webp
20260630,2026-06-30,pf,虚构叙事,anaxa,Anaxa,那刻夏,Support DPS,sub_dps,副C,T0.5,10,Debuff,,2026-06-25,4.3.1,Falsehood to Fact,8.24,29732,ok,https://cdn.prydwen.gg/images/honkai-star-rail/characters/anaxa_icon.webp
20260630,2026-06-30,pf,虚构叙事,anaxa,Anaxa,那刻夏,Support DPS,sub_dps,副C,T0.5,10,Debuff,,2026-06-25,4.3.1,Falsehood to Fact,3.34,31160,ok,https://cdn.prydwen.gg/images/honkai-star-rail/characters/anaxa_icon.webp
20260630,2026-06-30,pf,虚构叙事,anaxa,Anaxa,那刻夏,Support DPS,sub_dps,副C,T0.5,10,Debuff,,2026-06-25,4.3.1,Falsehood to Fact,4.9,28114,ok,https://cdn.prydwen.gg/images/honkai-star-rail/characters/anaxa_icon.webp
20260630,2026-06-30,as,末日幻影,anaxa,Anaxa,那刻夏,Support DPS,sub_dps,副C,T1.5,8,Debuff,down,2026-02-22,3.8.2,Dominance of Netherveil,10.36,3381,ok,https://cdn.prydwen.gg/images/honkai-star-rail/characters/anaxa_icon.webp
20260630,2026-06-30,as,末日幻影,anaxa,Anaxa,那刻夏,Support DPS,sub_dps,副C,T1.5,8,Debuff,down,2026-02-22,3.8.2,Dominance of Netherveil,5.95,3466,ok,https://cdn.prydwen.gg/images/honkai-star-rail/characters/anaxa_icon.webp
20260630,2026-06-30,as,末日幻影,anaxa,Anaxa,那刻夏,Support DPS,sub_dps,副C,T1.5,8,Debuff,down,2026-02-22,3.8.2,Dominance of Netherveil,4.41,3188,ok,https://cdn.prydwen.gg/images/honkai-star-rail/characters/anaxa_icon.webp
20260630,2026-06-30,as,末日幻影,anaxa,Anaxa,那刻夏,Support DPS,sub_dps,副C,T1.5,8,Debuff,down,2026-03-06,3.8.2,Dominance of Netherveil,10.28,3380,ok,https://cdn.prydwen.gg/images/honkai-star-rail/characters/anaxa_icon.webp
20260630,2026-06-30,as,末日幻影,anaxa,Anaxa,那刻夏,Support DPS,sub_dps,副C,T1.5,8,Debuff,down,2026-03-06,3.8.2,Dominance of Netherveil,5.87,3464,ok,https://cdn.prydwen.gg/images/honkai-star-rail/characters/anaxa_icon.webp
20260630,2026-06-30,as,末日幻影,anaxa,Anaxa,那刻夏,Support DPS,sub_dps,副C,T1.5,8,Debuff,down,2026-03-06,3.8.2,Dominance of Netherveil,4.41,3195,ok,https://cdn.prydwen.gg/images/honkai-star-rail/characters/anaxa_icon.webp
20260630,2026-06-30,as,末日幻影,anaxa,Anaxa,那刻夏,Support DPS,sub_dps,副C,T1.5,8,Debuff,down,2026-04-03,4.0.1,Militant Lupine,6.97,3344,ok,https://cdn.prydwen.gg/images/honkai-star-rail/characters/anaxa_icon.webp
20260630,2026-06-30,as,末日幻影,anaxa,Anaxa,那刻夏,Support DPS,sub_dps,副C,T1.5,8,Debuff,down,2026-04-03,4.0.1,Militant Lupine,3.91,3425,ok,https://cdn.prydwen.gg/images/honkai-star-rail/characters/anaxa_icon.webp
20260630,2026-06-30,as,末日幻影,anaxa,Anaxa,那刻夏,Support DPS,sub_dps,副C,T1.5,8,Debuff,down,2026-04-03,4.0.1,Militant Lupine,3.06,3128,ok,https://cdn.prydwen.gg/images/honkai-star-rail/characters/anaxa_icon.webp
20260630,2026-06-30,as,末日幻影,anaxa,Anaxa,那刻夏,Support DPS,sub_dps,副C,T1.5,8,Debuff,down,2026-04-19,4.0.1,Militant Lupine,7.01,3341,ok,https://cdn.prydwen.gg/images/honkai-star-rail/characters/anaxa_icon.webp
20260630,2026-06-30,as,末日幻影,anaxa,Anaxa,那刻夏,Support DPS,sub_dps,副C,T1.5,8,Debuff,down,2026-04-19,4.0.1,Militant Lupine,3.86,3423,ok,https://cdn.prydwen.gg/images/honkai-star-rail/characters/anaxa_icon.webp
20260630,2026-06-30,as,末日幻影,anaxa,Anaxa,那刻夏,Support DPS,sub_dps,副C,T1.5,8,Debuff,down,2026-04-19,4.0.1,Militant Lupine,3.15,3127,ok,https://cdn.prydwen.gg/images/honkai-star-rail/characters/anaxa_icon.webp
20260630,2026-06-30,as,末日幻影,anaxa,Anaxa,那刻夏,Support DPS,sub_dps,副C,T1.5,8,Debuff,down,2026-05-02,4.2.1,Idol of the Locusts,6.27,3186,ok,https://cdn.prydwen.gg/images/honkai-star-rail/characters/anaxa_icon.webp
20260630,2026-06-30,as,末日幻影,anaxa,Anaxa,那刻夏,Support DPS,sub_dps,副C,T1.5,8,Debuff,down,2026-05-02,4.2.1,Idol of the Locusts,1.75,3285,ok,https://cdn.prydwen.gg/images/honkai-star-rail/characters/anaxa_icon.webp
20260630,2026-06-30,as,末日幻影,anaxa,Anaxa,那刻夏,Support DPS,sub_dps,副C,T1.5,8,Debuff,down,2026-05-02,4.2.1,Idol of the Locusts,4.52,3155,ok,https://cdn.prydwen.gg/images/honkai-star-rail/characters/anaxa_icon.webp
20260630,2026-06-30,as,末日幻影,anaxa,Anaxa,那刻夏,Support DPS,sub_dps,副C,T1.5,8,Debuff,down,2026-05-16,4.2.1,Idol of the Locusts,6.32,3174,ok,https://cdn.prydwen.gg/images/honkai-star-rail/characters/anaxa_icon.webp
20260630,2026-06-30,as,末日幻影,anaxa,Anaxa,那刻夏,Support DPS,sub_dps,副C,T1.5,8,Debuff,down,2026-05-16,4.2.1,Idol of the Locusts,1.65,3255,ok,https://cdn.prydwen.gg/images/honkai-star-rail/characters/anaxa_icon.webp
20260630,2026-06-30,as,末日幻影,anaxa,Anaxa,那刻夏,Support DPS,sub_dps,副C,T1.5,8,Debuff,down,2026-05-16,4.2.1,Idol of the Locusts,4.66,3150,ok,https://cdn.prydwen.gg/images/honkai-star-rail/characters/anaxa_icon.webp
20260630,2026-06-30,as,末日幻影,anaxa,Anaxa,那刻夏,Support DPS,sub_dps,副C,T1.5,8,Debuff,down,2026-05-29,4.2.1,Idol of the Locusts,6.29,3170,ok,https://cdn.prydwen.gg/images/honkai-star-rail/characters/anaxa_icon.webp
20260630,2026-06-30,as,末日幻影,anaxa,Anaxa,那刻夏,Support DPS,sub_dps,副C,T1.5,8,Debuff,down,2026-05-29,4.2.1,Idol of the Locusts,1.6,3247,ok,https://cdn.prydwen.gg/images/honkai-star-rail/characters/anaxa_icon.webp
20260630,2026-06-30,as,末日幻影,anaxa,Anaxa,那刻夏,Support DPS,sub_dps,副C,T1.5,8,Debuff,down,2026-05-29,4.2.1,Idol of the Locusts,4.68,3148,ok,https://cdn.prydwen.gg/images/honkai-star-rail/characters/anaxa_icon.webp
20260630,2026-06-30,as,末日幻影,anaxa,Anaxa,那刻夏,Support DPS,sub_dps,副C,T1.5,8,Debuff,down,2026-06-11,4.3.1,Gale of Forgetting,7.27,3358,ok,https://cdn.prydwen.gg/images/honkai-star-rail/characters/anaxa_icon.webp
20260630,2026-06-30,as,末日幻影,anaxa,Anaxa,那刻夏,Support DPS,sub_dps,副C,T1.5,8,Debuff,down,2026-06-11,4.3.1,Gale of Forgetting,4.78,3392,ok,https://cdn.prydwen.gg/images/honkai-star-rail/characters/anaxa_icon.webp
20260630,2026-06-30,as,末日幻影,anaxa,Anaxa,那刻夏,Support DPS,sub_dps,副C,T1.5,8,Debuff,down,2026-06-11,4.3.1,Gale of Forgetting,2.5,2994,ok,https://cdn.prydwen.gg/images/honkai-star-rail/characters/anaxa_icon.webp
20260630,2026-06-30,as,末日幻影,anaxa,Anaxa,那刻夏,Support DPS,sub_dps,副C,T1.5,8,Debuff,down,2026-06-25,4.3.1,Gale of Forgetting,7.39,3357,ok,https://cdn.prydwen.gg/images/honkai-star-rail/characters/anaxa_icon.webp
20260630,2026-06-30,as,末日幻影,anaxa,Anaxa,那刻夏,Support DPS,sub_dps,副C,T1.5,8,Debuff,down,2026-06-25,4.3.1,Gale of Forgetting,4.93,3387,ok,https://cdn.prydwen.gg/images/honkai-star-rail/characters/anaxa_icon.webp
20260630,2026-06-30,as,末日幻影,anaxa,Anaxa,那刻夏,Support DPS,sub_dps,副C,T1.5,8,Debuff,down,2026-06-25,4.3.1,Gale of Forgetting,2.46,3026,ok,https://cdn.prydwen.gg/images/honkai-star-rail/characters/anaxa_icon.webp
20260630,2026-06-30,moc,混沌回忆,anaxa,Anaxa,那刻夏,DPS,main_dps,主C,T0.5,10,Debuff,,2026-02-22,3.8.1,Breached Nest,7.13,8.62,ok,https://cdn.prydwen.gg/images/honkai-star-rail/characters/anaxa_icon.webp
20260630,2026-06-30,moc,混沌回忆,anaxa,Anaxa,那刻夏,DPS,main_dps,主C,T0.5,10,Debuff,,2026-02-22,3.8.1,Breached Nest,4.55,8.51,ok,https://cdn.prydwen.gg/images/honkai-star-rail/characters/anaxa_icon.webp
20260630,2026-06-30,moc,混沌回忆,anaxa,Anaxa,那刻夏,DPS,main_dps,主C,T0.5,10,Debuff,,2026-02-22,3.8.1,Breached Nest,2.57,9.08,ok,https://cdn.prydwen.gg/images/honkai-star-rail/characters/anaxa_icon.webp
20260630,2026-06-30,moc,混沌回忆,anaxa,Anaxa,那刻夏,DPS,main_dps,主C,T0.5,10,Debuff,,2026-03-06,4.0.1,Cyber Mystery,5.85,8.09,ok,https://cdn.prydwen.gg/images/honkai-star-rail/characters/anaxa_icon.webp
20260630,2026-06-30,moc,混沌回忆,anaxa,Anaxa,那刻夏,DPS,main_dps,主C,T0.5,10,Debuff,,2026-03-06,4.0.1,Cyber Mystery,3.12,7.81,ok,https://cdn.prydwen.gg/images/honkai-star-rail/characters/anaxa_icon.webp
20260630,2026-06-30,moc,混沌回忆,anaxa,Anaxa,那刻夏,DPS,main_dps,主C,T0.5,10,Debuff,,2026-03-06,4.0.1,Cyber Mystery,2.73,9.0,ok,https://cdn.prydwen.gg/images/honkai-star-rail/characters/anaxa_icon.webp
20260630,2026-06-30,moc,混沌回忆,anaxa,Anaxa,那刻夏,DPS,main_dps,主C,T0.5,10,Debuff,,2026-04-03,4.0.1,Cyber Mystery,5.62,8.07,ok,https://cdn.prydwen.gg/images/honkai-star-rail/characters/anaxa_icon.webp
20260630,2026-06-30,moc,混沌回忆,anaxa,Anaxa,那刻夏,DPS,main_dps,主C,T0.5,10,Debuff,,2026-04-03,4.0.1,Cyber Mystery,3.01,7.89,ok,https://cdn.prydwen.gg/images/honkai-star-rail/characters/anaxa_icon.webp
20260630,2026-06-30,moc,混沌回忆,anaxa,Anaxa,那刻夏,DPS,main_dps,主C,T0.5,10,Debuff,,2026-04-03,4.0.1,Cyber Mystery,2.61,8.72,ok,https://cdn.prydwen.gg/images/honkai-star-rail/characters/anaxa_icon.webp
20260630,2026-06-30,moc,混沌回忆,anaxa,Anaxa,那刻夏,DPS,main_dps,主C,T0.5,10,Debuff,,2026-04-19,4.1.1,Grand Finale,7.65,7.72,ok,https://cdn.prydwen.gg/images/honkai-star-rail/characters/anaxa_icon.webp
20260630,2026-06-30,moc,混沌回忆,anaxa,Anaxa,那刻夏,DPS,main_dps,主C,T0.5,10,Debuff,,2026-04-19,4.1.1,Grand Finale,2.82,7.63,ok,https://cdn.prydwen.gg/images/honkai-star-rail/characters/anaxa_icon.webp
20260630,2026-06-30,moc,混沌回忆,anaxa,Anaxa,那刻夏,DPS,main_dps,主C,T0.5,10,Debuff,,2026-04-19,4.1.1,Grand Finale,4.83,7.77,ok,https://cdn.prydwen.gg/images/honkai-star-rail/characters/anaxa_icon.webp
20260630,2026-06-30,moc,混沌回忆,anaxa,Anaxa,那刻夏,DPS,main_dps,主C,T0.5,10,Debuff,,2026-05-02,4.1.1,Grand Finale,6.98,7.72,ok,https://cdn.prydwen.gg/images/honkai-star-rail/characters/anaxa_icon.webp
20260630,2026-06-30,moc,混沌回忆,anaxa,Anaxa,那刻夏,DPS,main_dps,主C,T0.5,10,Debuff,,2026-05-02,4.1.1,Grand Finale,2.39,7.74,ok,https://cdn.prydwen.gg/images/honkai-star-rail/characters/anaxa_icon.webp
20260630,2026-06-30,moc,混沌回忆,anaxa,Anaxa,那刻夏,DPS,main_dps,主C,T0.5,10,Debuff,,2026-05-02,4.1.1,Grand Finale,4.59,7.9,ok,https://cdn.prydwen.gg/images/honkai-star-rail/characters/anaxa_icon.webp
20260630,2026-06-30,moc,混沌回忆,anaxa,Anaxa,那刻夏,DPS,main_dps,主C,T0.5,10,Debuff,,2026-05-16,4.1.1,Grand Finale,6.66,7.75,ok,https://cdn.prydwen.gg/images/honkai-star-rail/characters/anaxa_icon.webp
20260630,2026-06-30,moc,混沌回忆,anaxa,Anaxa,那刻夏,DPS,main_dps,主C,T0.5,10,Debuff,,2026-05-16,4.1.1,Grand Finale,2.21,7.85,ok,https://cdn.prydwen.gg/images/honkai-star-rail/characters/anaxa_icon.webp
20260630,2026-06-30,moc,混沌回忆,anaxa,Anaxa,那刻夏,DPS,main_dps,主C,T0.5,10,Debuff,,2026-05-16,4.1.1,Grand Finale,4.45,7.87,ok,https://cdn.prydwen.gg/images/honkai-star-rail/characters/anaxa_icon.webp
20260630,2026-06-30,moc,混沌回忆,anaxa,Anaxa,那刻夏,DPS,main_dps,主C,T0.5,10,Debuff,,2026-05-29,4.2.1,Duty Action,1.8,8.12,ok,https://cdn.prydwen.gg/images/honkai-star-rail/characters/anaxa_icon.webp
20260630,2026-06-30,moc,混沌回忆,anaxa,Anaxa,那刻夏,DPS,main_dps,主C,T0.5,10,Debuff,,2026-05-29,4.2.1,Duty Action,1.07,8.12,ok,https://cdn.prydwen.gg/images/honkai-star-rail/characters/anaxa_icon.webp
20260630,2026-06-30,moc,混沌回忆,anaxa,Anaxa,那刻夏,DPS,main_dps,主C,T0.5,10,Debuff,,2026-05-29,4.2.1,Duty Action,0.73,99.99,ok,https://cdn.prydwen.gg/images/honkai-star-rail/characters/anaxa_icon.webp
20260630,2026-06-30,moc,混沌回忆,anaxa,Anaxa,那刻夏,DPS,main_dps,主C,T0.5,10,Debuff,,2026-06-11,4.2.1,Duty Action,2.36,9.0,ok,https://cdn.prydwen.gg/images/honkai-star-rail/characters/anaxa_icon.webp
20260630,2026-06-30,moc,混沌回忆,anaxa,Anaxa,那刻夏,DPS,main_dps,主C,T0.5,10,Debuff,,2026-06-11,4.2.1,Duty Action,1.47,9.0,ok,https://cdn.prydwen.gg/images/honkai-star-rail/characters/anaxa_icon.webp
20260630,2026-06-30,moc,混沌回忆,anaxa,Anaxa,那刻夏,DPS,main_dps,主C,T0.5,10,Debuff,,2026-06-11,4.2.1,Duty Action,0.89,99.99,ok,https://cdn.prydwen.gg/images/honkai-star-rail/characters/anaxa_icon.webp
20260630,2026-06-30,moc,混沌回忆,anaxa,Anaxa,那刻夏,DPS,main_dps,主C,T0.5,10,Debuff,,2026-06-25,4.2.1,Duty Action,2.34,8.43,ok,https://cdn.prydwen.gg/images/honkai-star-rail/characters/anaxa_icon.webp
20260630,2026-06-30,moc,混沌回忆,anaxa,Anaxa,那刻夏,DPS,main_dps,主C,T0.5,10,Debuff,,2026-06-25,4.2.1,Duty Action,1.45,8.43,ok,https://cdn.prydwen.gg/images/honkai-star-rail/characters/anaxa_icon.webp
20260630,2026-06-30,moc,混沌回忆,anaxa,Anaxa,那刻夏,DPS,main_dps,主C,T0.5,10,Debuff,,2026-06-25,4.2.1,Duty Action,0.89,99.99,ok,https://cdn.prydwen.gg/images/honkai-star-rail/characters/anaxa_icon.webp
20260630,2026-06-30,pf,虚构叙事,anaxa,Anaxa,那刻夏,DPS,main_dps,主C,T1,9,Debuff,,2026-02-22,4.0.1,Wordless Novel,11.13,29425,ok,https://cdn.prydwen.gg/images/honkai-star-rail/characters/anaxa_icon.webp
20260630,2026-06-30,pf,虚构叙事,anaxa,Anaxa,那刻夏,DPS,main_dps,主C,T1,9,Debuff,,2026-02-22,4.0.1,Wordless Novel,3.47,27752,ok,https://cdn.prydwen.gg/images/honkai-star-rail/characters/anaxa_icon.webp
20260630,2026-06-30,pf,虚构叙事,anaxa,Anaxa,那刻夏,DPS,main_dps,主C,T1,9,Debuff,,2026-02-22,4.0.1,Wordless Novel,7.66,30117,ok,https://cdn.prydwen.gg/images/honkai-star-rail/characters/anaxa_icon.webp
20260630,2026-06-30,pf,虚构叙事,anaxa,Anaxa,那刻夏,DPS,main_dps,主C,T1,9,Debuff,,2026-03-06,4.0.1,Wordless Novel,10.73,29386,ok,https://cdn.prydwen.gg/images/honkai-star-rail/characters/anaxa_icon.webp
20260630,2026-06-30,pf,虚构叙事,anaxa,Anaxa,那刻夏,DPS,main_dps,主C,T1,9,Debuff,,2026-03-06,4.0.1,Wordless Novel,3.31,27686,ok,https://cdn.prydwen.gg/images/honkai-star-rail/characters/anaxa_icon.webp
20260630,2026-06-30,pf,虚构叙事,anaxa,Anaxa,那刻夏,DPS,main_dps,主C,T1,9,Debuff,,2026-03-06,4.0.1,Wordless Novel,7.43,30054,ok,https://cdn.prydwen.gg/images/honkai-star-rail/characters/anaxa_icon.webp
20260630,2026-06-30,pf,虚构叙事,anaxa,Anaxa,那刻夏,DPS,main_dps,主C,T1,9,Debuff,,2026-04-03,4.1.1,Virtual Made Manifest,7.1,28277,ok,https://cdn.prydwen.gg/images/honkai-star-rail/characters/anaxa_icon.webp
20260630,2026-06-30,pf,虚构叙事,anaxa,Anaxa,那刻夏,DPS,main_dps,主C,T1,9,Debuff,,2026-04-03,4.1.1,Virtual Made Manifest,2.04,26306,ok,https://cdn.prydwen.gg/images/honkai-star-rail/characters/anaxa_icon.webp
20260630,2026-06-30,pf,虚构叙事,anaxa,Anaxa,那刻夏,DPS,main_dps,主C,T1,9,Debuff,,2026-04-03,4.1.1,Virtual Made Manifest,5.06,28723,ok,https://cdn.prydwen.gg/images/honkai-star-rail/characters/anaxa_icon.webp
20260630,2026-06-30,pf,虚构叙事,anaxa,Anaxa,那刻夏,DPS,main_dps,主C,T1,9,Debuff,,2026-04-19,4.1.1,Virtual Made Manifest,7.19,28299,ok,https://cdn.prydwen.gg/images/honkai-star-rail/characters/anaxa_icon.webp
20260630,2026-06-30,pf,虚构叙事,anaxa,Anaxa,那刻夏,DPS,main_dps,主C,T1,9,Debuff,,2026-04-19,4.1.1,Virtual Made Manifest,1.99,26387,ok,https://cdn.prydwen.gg/images/honkai-star-rail/characters/anaxa_icon.webp
20260630,2026-06-30,pf,虚构叙事,anaxa,Anaxa,那刻夏,DPS,main_dps,主C,T1,9,Debuff,,2026-04-19,4.1.1,Virtual Made Manifest,5.2,28753,ok,https://cdn.prydwen.gg/images/honkai-star-rail/characters/anaxa_icon.webp
20260630,2026-06-30,pf,虚构叙事,anaxa,Anaxa,那刻夏,DPS,main_dps,主C,T1,9,Debuff,,2026-05-02,4.1.1,Virtual Made Manifest,6.89,28304,ok,https://cdn.prydwen.gg/images/honkai-star-rail/characters/anaxa_icon.webp
20260630,2026-06-30,pf,虚构叙事,anaxa,Anaxa,那刻夏,DPS,main_dps,主C,T1,9,Debuff,,2026-05-02,4.1.1,Virtual Made Manifest,1.86,26313,ok,https://cdn.prydwen.gg/images/honkai-star-rail/characters/anaxa_icon.webp
20260630,2026-06-30,pf,虚构叙事,anaxa,Anaxa,那刻夏,DPS,main_dps,主C,T1,9,Debuff,,2026-05-02,4.1.1,Virtual Made Manifest,5.03,28709,ok,https://cdn.prydwen.gg/images/honkai-star-rail/characters/anaxa_icon.webp
20260630,2026-06-30,pf,虚构叙事,anaxa,Anaxa,那刻夏,DPS,main_dps,主C,T1,9,Debuff,,2026-05-16,4.2.1,Illusory Concepts,5.03,26929,ok,https://cdn.prydwen.gg/images/honkai-star-rail/characters/anaxa_icon.webp
20260630,2026-06-30,pf,虚构叙事,anaxa,Anaxa,那刻夏,DPS,main_dps,主C,T1,9,Debuff,,2026-05-16,4.2.1,Illusory Concepts,0.9,25202,ok,https://cdn.prydwen.gg/images/honkai-star-rail/characters/anaxa_icon.webp
20260630,2026-06-30,pf,虚构叙事,anaxa,Anaxa,那刻夏,DPS,main_dps,主C,T1,9,Debuff,,2026-05-16,4.2.1,Illusory Concepts,4.12,27249,ok,https://cdn.prydwen.gg/images/honkai-star-rail/characters/anaxa_icon.webp
20260630,2026-06-30,pf,虚构叙事,anaxa,Anaxa,那刻夏,DPS,main_dps,主C,T1,9,Debuff,,2026-05-29,4.2.1,Illusory Concepts,5.05,26997,ok,https://cdn.prydwen.gg/images/honkai-star-rail/characters/anaxa_icon.webp
20260630,2026-06-30,pf,虚构叙事,anaxa,Anaxa,那刻夏,DPS,main_dps,主C,T1,9,Debuff,,2026-05-29,4.2.1,Illusory Concepts,0.88,24801,ok,https://cdn.prydwen.gg/images/honkai-star-rail/characters/anaxa_icon.webp
20260630,2026-06-30,pf,虚构叙事,anaxa,Anaxa,那刻夏,DPS,main_dps,主C,T1,9,Debuff,,2026-05-29,4.2.1,Illusory Concepts,4.17,27342,ok,https://cdn.prydwen.gg/images/honkai-star-rail/characters/anaxa_icon.webp
20260630,2026-06-30,pf,虚构叙事,anaxa,Anaxa,那刻夏,DPS,main_dps,主C,T1,9,Debuff,,2026-06-11,4.2.1,Illusory Concepts,5.27,26966,ok,https://cdn.prydwen.gg/images/honkai-star-rail/characters/anaxa_icon.webp
20260630,2026-06-30,pf,虚构叙事,anaxa,Anaxa,那刻夏,DPS,main_dps,主C,T1,9,Debuff,,2026-06-11,4.2.1,Illusory Concepts,0.97,24360,ok,https://cdn.prydwen.gg/images/honkai-star-rail/characters/anaxa_icon.webp
20260630,2026-06-30,pf,虚构叙事,anaxa,Anaxa,那刻夏,DPS,main_dps,主C,T1,9,Debuff,,2026-06-11,4.2.1,Illusory Concepts,4.3,27384,ok,https://cdn.prydwen.gg/images/honkai-star-rail/characters/anaxa_icon.webp
20260630,2026-06-30,pf,虚构叙事,anaxa,Anaxa,那刻夏,DPS,main_dps,主C,T1,9,Debuff,,2026-06-25,4.3.1,Falsehood to Fact,8.24,29732,ok,https://cdn.prydwen.gg/images/honkai-star-rail/characters/anaxa_icon.webp
20260630,2026-06-30,pf,虚构叙事,anaxa,Anaxa,那刻夏,DPS,main_dps,主C,T1,9,Debuff,,2026-06-25,4.3.1,Falsehood to Fact,3.34,31160,ok,https://cdn.prydwen.gg/images/honkai-star-rail/characters/anaxa_icon.webp
20260630,2026-06-30,pf,虚构叙事,anaxa,Anaxa,那刻夏,DPS,main_dps,主C,T1,9,Debuff,,2026-06-25,4.3.1,Falsehood to Fact,4.9,28114,ok,https://cdn.prydwen.gg/images/honkai-star-rail/characters/anaxa_icon.webp
20260630,2026-06-30,as,末日幻影,anaxa,Anaxa,那刻夏,DPS,main_dps,主C,T0.5,10,Debuff,,2026-02-22,3.8.2,Dominance of Netherveil,10.36,3381,ok,https://cdn.prydwen.gg/images/honkai-star-rail/characters/anaxa_icon.webp
20260630,2026-06-30,as,末日幻影,anaxa,Anaxa,那刻夏,DPS,main_dps,主C,T0.5,10,Debuff,,2026-02-22,3.8.2,Dominance of Netherveil,5.95,3466,ok,https://cdn.prydwen.gg/images/honkai-star-rail/characters/anaxa_icon.webp
20260630,2026-06-30,as,末日幻影,anaxa,Anaxa,那刻夏,DPS,main_dps,主C,T0.5,10,Debuff,,2026-02-22,3.8.2,Dominance of Netherveil,4.41,3188,ok,https://cdn.prydwen.gg/images/honkai-star-rail/characters/anaxa_icon.webp
20260630,2026-06-30,as,末日幻影,anaxa,Anaxa,那刻夏,DPS,main_dps,主C,T0.5,10,Debuff,,2026-03-06,3.8.2,Dominance of Netherveil,10.28,3380,ok,https://cdn.prydwen.gg/images/honkai-star-rail/characters/anaxa_icon.webp
20260630,2026-06-30,as,末日幻影,anaxa,Anaxa,那刻夏,DPS,main_dps,主C,T0.5,10,Debuff,,2026-03-06,3.8.2,Dominance of Netherveil,5.87,3464,ok,https://cdn.prydwen.gg/images/honkai-star-rail/characters/anaxa_icon.webp
20260630,2026-06-30,as,末日幻影,anaxa,Anaxa,那刻夏,DPS,main_dps,主C,T0.5,10,Debuff,,2026-03-06,3.8.2,Dominance of Netherveil,4.41,3195,ok,https://cdn.prydwen.gg/images/honkai-star-rail/characters/anaxa_icon.webp
20260630,2026-06-30,as,末日幻影,anaxa,Anaxa,那刻夏,DPS,main_dps,主C,T0.5,10,Debuff,,2026-04-03,4.0.1,Militant Lupine,6.97,3344,ok,https://cdn.prydwen.gg/images/honkai-star-rail/characters/anaxa_icon.webp
20260630,2026-06-30,as,末日幻影,anaxa,Anaxa,那刻夏,DPS,main_dps,主C,T0.5,10,Debuff,,2026-04-03,4.0.1,Militant Lupine,3.91,3425,ok,https://cdn.prydwen.gg/images/honkai-star-rail/characters/anaxa_icon.webp
20260630,2026-06-30,as,末日幻影,anaxa,Anaxa,那刻夏,DPS,main_dps,主C,T0.5,10,Debuff,,2026-04-03,4.0.1,Militant Lupine,3.06,3128,ok,https://cdn.prydwen.gg/images/honkai-star-rail/characters/anaxa_icon.webp
20260630,2026-06-30,as,末日幻影,anaxa,Anaxa,那刻夏,DPS,main_dps,主C,T0.5,10,Debuff,,2026-04-19,4.0.1,Militant Lupine,7.01,3341,ok,https://cdn.prydwen.gg/images/honkai-star-rail/characters/anaxa_icon.webp
20260630,2026-06-30,as,末日幻影,anaxa,Anaxa,那刻夏,DPS,main_dps,主C,T0.5,10,Debuff,,2026-04-19,4.0.1,Militant Lupine,3.86,3423,ok,https://cdn.prydwen.gg/images/honkai-star-rail/characters/anaxa_icon.webp
20260630,2026-06-30,as,末日幻影,anaxa,Anaxa,那刻夏,DPS,main_dps,主C,T0.5,10,Debuff,,2026-04-19,4.0.1,Militant Lupine,3.15,3127,ok,https://cdn.prydwen.gg/images/honkai-star-rail/characters/anaxa_icon.webp
20260630,2026-06-30,as,末日幻影,anaxa,Anaxa,那刻夏,DPS,main_dps,主C,T0.5,10,Debuff,,2026-05-02,4.2.1,Idol of the Locusts,6.27,3186,ok,https://cdn.prydwen.gg/images/honkai-star-rail/characters/anaxa_icon.webp
20260630,2026-06-30,as,末日幻影,anaxa,Anaxa,那刻夏,DPS,main_dps,主C,T0.5,10,Debuff,,2026-05-02,4.2.1,Idol of the Locusts,1.75,3285,ok,https://cdn.prydwen.gg/images/honkai-star-rail/characters/anaxa_icon.webp
20260630,2026-06-30,as,末日幻影,anaxa,Anaxa,那刻夏,DPS,main_dps,主C,T0.5,10,Debuff,,2026-05-02,4.2.1,Idol of the Locusts,4.52,3155,ok,https://cdn.prydwen.gg/images/honkai-star-rail/characters/anaxa_icon.webp
20260630,2026-06-30,as,末日幻影,anaxa,Anaxa,那刻夏,DPS,main_dps,主C,T0.5,10,Debuff,,2026-05-16,4.2.1,Idol of the Locusts,6.32,3174,ok,https://cdn.prydwen.gg/images/honkai-star-rail/characters/anaxa_icon.webp
20260630,2026-06-30,as,末日幻影,anaxa,Anaxa,那刻夏,DPS,main_dps,主C,T0.5,10,Debuff,,2026-05-16,4.2.1,Idol of the Locusts,1.65,3255,ok,https://cdn.prydwen.gg/images/honkai-star-rail/characters/anaxa_icon.webp
20260630,2026-06-30,as,末日幻影,anaxa,Anaxa,那刻夏,DPS,main_dps,主C,T0.5,10,Debuff,,2026-05-16,4.2.1,Idol of the Locusts,4.66,3150,ok,https://cdn.prydwen.gg/images/honkai-star-rail/characters/anaxa_icon.webp
20260630,2026-06-30,as,末日幻影,anaxa,Anaxa,那刻夏,DPS,main_dps,主C,T0.5,10,Debuff,,2026-05-29,4.2.1,Idol of the Locusts,6.29,3170,ok,https://cdn.prydwen.gg/images/honkai-star-rail/characters/anaxa_icon.webp
20260630,2026-06-30,as,末日幻影,anaxa,Anaxa,那刻夏,DPS,main_dps,主C,T0.5,10,Debuff,,2026-05-29,4.2.1,Idol of the Locusts,1.6,3247,ok,https://cdn.prydwen.gg/images/honkai-star-rail/characters/anaxa_icon.webp
20260630,2026-06-30,as,末日幻影,anaxa,Anaxa,那刻夏,DPS,main_dps,主C,T0.5,10,Debuff,,2026-05-29,4.2.1,Idol of the Locusts,4.68,3148,ok,https://cdn.prydwen.gg/images/honkai-star-rail/characters/anaxa_icon.webp
20260630,2026-06-30,as,末日幻影,anaxa,Anaxa,那刻夏,DPS,main_dps,主C,T0.5,10,Debuff,,2026-06-11,4.3.1,Gale of Forgetting,7.27,3358,ok,https://cdn.prydwen.gg/images/honkai-star-rail/characters/anaxa_icon.webp
20260630,2026-06-30,as,末日幻影,anaxa,Anaxa,那刻夏,DPS,main_dps,主C,T0.5,10,Debuff,,2026-06-11,4.3.1,Gale of Forgetting,4.78,3392,ok,https://cdn.prydwen.gg/images/honkai-star-rail/characters/anaxa_icon.webp
20260630,2026-06-30,as,末日幻影,anaxa,Anaxa,那刻夏,DPS,main_dps,主C,T0.5,10,Debuff,,2026-06-11,4.3.1,Gale of Forgetting,2.5,2994,ok,https://cdn.prydwen.gg/images/honkai-star-rail/characters/anaxa_icon.webp
20260630,2026-06-30,as,末日幻影,anaxa,Anaxa,那刻夏,DPS,main_dps,主C,T0.5,10,Debuff,,2026-06-25,4.3.1,Gale of Forgetting,7.39,3357,ok,https://cdn.prydwen.gg/images/honkai-star-rail/characters/anaxa_icon.webp
20260630,2026-06-30,as,末日幻影,anaxa,Anaxa,那刻夏,DPS,main_dps,主C,T0.5,10,Debuff,,2026-06-25,4.3.1,Gale of Forgetting,4.93,3387,ok,https://cdn.prydwen.gg/images/honkai-star-rail/characters/anaxa_icon.webp
20260630,2026-06-30,as,末日幻影,anaxa,Anaxa,那刻夏,DPS,main_dps,主C,T0.5,10,Debuff,,2026-06-25,4.3.1,Gale of Forgetting,2.46,3026,ok,https://cdn.prydwen.gg/images/honkai-star-rail/characters/anaxa_icon.webp
20260630,2026-06-30,moc,混沌回忆,archer,Archer,Archer,DPS,main_dps,主C,T0.5,10,SP-Unfriendly,down,2026-02-22,3.8.1,Breached Nest,17.44,8.4,ok,https://cdn.prydwen.gg/images/honkai-star-rail/characters/archer_icon.webp
20260630,2026-06-30,moc,混沌回忆,archer,Archer,Archer,DPS,main_dps,主C,T0.5,10,SP-Unfriendly,down,2026-03-06,4.0.1,Cyber Mystery,20.02,6.62,ok,https://cdn.prydwen.gg/images/honkai-star-rail/characters/archer_icon.webp
20260630,2026-06-30,moc,混沌回忆,archer,Archer,Archer,DPS,main_dps,主C,T0.5,10,SP-Unfriendly,down,2026-04-03,4.0.1,Cyber Mystery,17.94,6.85,ok,https://cdn.prydwen.gg/images/honkai-star-rail/characters/archer_icon.webp
20260630,2026-06-30,moc,混沌回忆,archer,Archer,Archer,DPS,main_dps,主C,T0.5,10,SP-Unfriendly,down,2026-04-19,4.1.1,Grand Finale,7.49,7.97,ok,https://cdn.prydwen.gg/images/honkai-star-rail/characters/archer_icon.webp
20260630,2026-06-30,moc,混沌回忆,archer,Archer,Archer,DPS,main_dps,主C,T0.5,10,SP-Unfriendly,down,2026-05-02,4.1.1,Grand Finale,6.27,8.12,ok,https://cdn.prydwen.gg/images/honkai-star-rail/characters/archer_icon.webp
20260630,2026-06-30,moc,混沌回忆,archer,Archer,Archer,DPS,main_dps,主C,T0.5,10,SP-Unfriendly,down,2026-05-16,4.1.1,Grand Finale,5.62,8.1,ok,https://cdn.prydwen.gg/images/honkai-star-rail/characters/archer_icon.webp
20260630,2026-06-30,moc,混沌回忆,archer,Archer,Archer,DPS,main_dps,主C,T0.5,10,SP-Unfriendly,down,2026-05-29,4.2.1,Duty Action,2.93,9.86,ok,https://cdn.prydwen.gg/images/honkai-star-rail/characters/archer_icon.webp
20260630,2026-06-30,moc,混沌回忆,archer,Archer,Archer,DPS,main_dps,主C,T0.5,10,SP-Unfriendly,down,2026-06-11,4.2.1,Duty Action,3.49,10.0,ok,https://cdn.prydwen.gg/images/honkai-star-rail/characters/archer_icon.webp
20260630,2026-06-30,moc,混沌回忆,archer,Archer,Archer,DPS,main_dps,主C,T0.5,10,SP-Unfriendly,down,2026-06-25,4.2.1,Duty Action,3.46,9.38,ok,https://cdn.prydwen.gg/images/honkai-star-rail/characters/archer_icon.webp
20260630,2026-06-30,pf,虚构叙事,archer,Archer,Archer,DPS,main_dps,主C,T1.5,8,SP-Unfriendly,,2026-02-22,4.0.1,Wordless Novel,9.7,30758,ok,https://cdn.prydwen.gg/images/honkai-star-rail/characters/archer_icon.webp
20260630,2026-06-30,pf,虚构叙事,archer,Archer,Archer,DPS,main_dps,主C,T1.5,8,SP-Unfriendly,,2026-03-06,4.0.1,Wordless Novel,9.61,30501,ok,https://cdn.prydwen.gg/images/honkai-star-rail/characters/archer_icon.webp
20260630,2026-06-30,pf,虚构叙事,archer,Archer,Archer,DPS,main_dps,主C,T1.5,8,SP-Unfriendly,,2026-04-03,4.1.1,Virtual Made Manifest,2.84,25158,ok,https://cdn.prydwen.gg/images/honkai-star-rail/characters/archer_icon.webp
20260630,2026-06-30,pf,虚构叙事,archer,Archer,Archer,DPS,main_dps,主C,T1.5,8,SP-Unfriendly,,2026-04-19,4.1.1,Virtual Made Manifest,2.81,25283,ok,https://cdn.prydwen.gg/images/honkai-star-rail/characters/archer_icon.webp
20260630,2026-06-30,pf,虚构叙事,archer,Archer,Archer,DPS,main_dps,主C,T1.5,8,SP-Unfriendly,,2026-05-02,4.1.1,Virtual Made Manifest,2.36,25077,ok,https://cdn.prydwen.gg/images/honkai-star-rail/characters/archer_icon.webp
20260630,2026-06-30,pf,虚构叙事,archer,Archer,Archer,DPS,main_dps,主C,T1.5,8,SP-Unfriendly,,2026-05-16,4.2.1,Illusory Concepts,1.05,26776,ok,https://cdn.prydwen.gg/images/honkai-star-rail/characters/archer_icon.webp
20260630,2026-06-30,pf,虚构叙事,archer,Archer,Archer,DPS,main_dps,主C,T1.5,8,SP-Unfriendly,,2026-05-29,4.2.1,Illusory Concepts,0.93,25658,ok,https://cdn.prydwen.gg/images/honkai-star-rail/characters/archer_icon.webp
20260630,2026-06-30,pf,虚构叙事,archer,Archer,Archer,DPS,main_dps,主C,T1.5,8,SP-Unfriendly,,2026-06-11,4.2.1,Illusory Concepts,0.96,25131,ok,https://cdn.prydwen.gg/images/honkai-star-rail/characters/archer_icon.webp
20260630,2026-06-30,pf,虚构叙事,archer,Archer,Archer,DPS,main_dps,主C,T1.5,8,SP-Unfriendly,,2026-06-25,4.3.1,Falsehood to Fact,2.52,24301,ok,https://cdn.prydwen.gg/images/honkai-star-rail/characters/archer_icon.webp
20260630,2026-06-30,as,末日幻影,archer,Archer,Archer,DPS,main_dps,主C,T0.5,10,SP-Unfriendly,,2026-02-22,3.8.2,Dominance of Netherveil,3.12,3352,ok,https://cdn.prydwen.gg/images/honkai-star-rail/characters/archer_icon.webp
20260630,2026-06-30,as,末日幻影,archer,Archer,Archer,DPS,main_dps,主C,T0.5,10,SP-Unfriendly,,2026-03-06,3.8.2,Dominance of Netherveil,3.59,3358,ok,https://cdn.prydwen.gg/images/honkai-star-rail/characters/archer_icon.webp
20260630,2026-06-30,as,末日幻影,archer,Archer,Archer,DPS,main_dps,主C,T0.5,10,SP-Unfriendly,,2026-04-03,4.0.1,Militant Lupine,29.95,3481,ok,https://cdn.prydwen.gg/images/honkai-star-rail/characters/archer_icon.webp
20260630,2026-06-30,as,末日幻影,archer,Archer,Archer,DPS,main_dps,主C,T0.5,10,SP-Unfriendly,,2026-04-19,4.0.1,Militant Lupine,29.92,3477,ok,https://cdn.prydwen.gg/images/honkai-star-rail/characters/archer_icon.webp
20260630,2026-06-30,as,末日幻影,archer,Archer,Archer,DPS,main_dps,主C,T0.5,10,SP-Unfriendly,,2026-05-02,4.2.1,Idol of the Locusts,3.43,3326,ok,https://cdn.prydwen.gg/images/honkai-star-rail/characters/archer_icon.webp
20260630,2026-06-30,as,末日幻影,archer,Archer,Archer,DPS,main_dps,主C,T0.5,10,SP-Unfriendly,,2026-05-16,4.2.1,Idol of the Locusts,3.1,3302,ok,https://cdn.prydwen.gg/images/honkai-star-rail/characters/archer_icon.webp
20260630,2026-06-30,as,末日幻影,archer,Archer,Archer,DPS,main_dps,主C,T0.5,10,SP-Unfriendly,,2026-05-29,4.2.1,Idol of the Locusts,2.97,3300,ok,https://cdn.prydwen.gg/images/honkai-star-rail/characters/archer_icon.webp
20260630,2026-06-30,as,末日幻影,archer,Archer,Archer,DPS,main_dps,主C,T0.5,10,SP-Unfriendly,,2026-06-11,4.3.1,Gale of Forgetting,14.48,3364,ok,https://cdn.prydwen.gg/images/honkai-star-rail/characters/archer_icon.webp
20260630,2026-06-30,as,末日幻影,archer,Archer,Archer,DPS,main_dps,主C,T0.5,10,SP-Unfriendly,,2026-06-25,4.3.1,Gale of Forgetting,14.53,3359,ok,https://cdn.prydwen.gg/images/honkai-star-rail/characters/archer_icon.webp
20260630,2026-06-30,pf,虚构叙事,argenti,Argenti,银枝,Support DPS,sub_dps,副C,T1,9,,,2026-02-22,4.0.1,Wordless Novel,0.74,28918,ok,https://cdn.prydwen.gg/images/honkai-star-rail/characters/argenti_icon.webp
20260630,2026-06-30,pf,虚构叙事,argenti,Argenti,银枝,Support DPS,sub_dps,副C,T1,9,,,2026-02-22,4.0.1,Wordless Novel,0.43,27076,ok,https://cdn.prydwen.gg/images/honkai-star-rail/characters/argenti_icon.webp
20260630,2026-06-30,pf,虚构叙事,argenti,Argenti,银枝,Support DPS,sub_dps,副C,T1,9,,,2026-02-22,4.0.1,Wordless Novel,0.31,31811,ok,https://cdn.prydwen.gg/images/honkai-star-rail/characters/argenti_icon.webp
20260630,2026-06-30,pf,虚构叙事,argenti,Argenti,银枝,Support DPS,sub_dps,副C,T1,9,,,2026-03-06,4.0.1,Wordless Novel,0.67,28991,ok,https://cdn.prydwen.gg/images/honkai-star-rail/characters/argenti_icon.webp
20260630,2026-06-30,pf,虚构叙事,argenti,Argenti,银枝,Support DPS,sub_dps,副C,T1,9,,,2026-03-06,4.0.1,Wordless Novel,0.39,26887,ok,https://cdn.prydwen.gg/images/honkai-star-rail/characters/argenti_icon.webp
20260630,2026-06-30,pf,虚构叙事,argenti,Argenti,银枝,Support DPS,sub_dps,副C,T1,9,,,2026-03-06,4.0.1,Wordless Novel,0.28,31680,ok,https://cdn.prydwen.gg/images/honkai-star-rail/characters/argenti_icon.webp
20260630,2026-06-30,pf,虚构叙事,argenti,Argenti,银枝,Support DPS,sub_dps,副C,T1,9,,,2026-04-03,4.1.1,Virtual Made Manifest,0.68,29812,ok,https://cdn.prydwen.gg/images/honkai-star-rail/characters/argenti_icon.webp
20260630,2026-06-30,pf,虚构叙事,argenti,Argenti,银枝,Support DPS,sub_dps,副C,T1,9,,,2026-04-03,4.1.1,Virtual Made Manifest,0.29,0,ok,https://cdn.prydwen.gg/images/honkai-star-rail/characters/argenti_icon.webp
20260630,2026-06-30,pf,虚构叙事,argenti,Argenti,银枝,Support DPS,sub_dps,副C,T1,9,,,2026-04-03,4.1.1,Virtual Made Manifest,0.39,30851,ok,https://cdn.prydwen.gg/images/honkai-star-rail/characters/argenti_icon.webp
20260630,2026-06-30,pf,虚构叙事,argenti,Argenti,银枝,Support DPS,sub_dps,副C,T1,9,,,2026-04-19,4.1.1,Virtual Made Manifest,0.64,29587,ok,https://cdn.prydwen.gg/images/honkai-star-rail/characters/argenti_icon.webp
20260630,2026-06-30,pf,虚构叙事,argenti,Argenti,银枝,Support DPS,sub_dps,副C,T1,9,,,2026-04-19,4.1.1,Virtual Made Manifest,0.29,0,ok,https://cdn.prydwen.gg/images/honkai-star-rail/characters/argenti_icon.webp
20260630,2026-06-30,pf,虚构叙事,argenti,Argenti,银枝,Support DPS,sub_dps,副C,T1,9,,,2026-04-19,4.1.1,Virtual Made Manifest,0.34,30689,ok,https://cdn.prydwen.gg/images/honkai-star-rail/characters/argenti_icon.webp
20260630,2026-06-30,pf,虚构叙事,argenti,Argenti,银枝,Support DPS,sub_dps,副C,T1,9,,,2026-05-02,4.1.1,Virtual Made Manifest,0.57,28366,ok,https://cdn.prydwen.gg/images/honkai-star-rail/characters/argenti_icon.webp
20260630,2026-06-30,pf,虚构叙事,argenti,Argenti,银枝,Support DPS,sub_dps,副C,T1,9,,,2026-05-02,4.1.1,Virtual Made Manifest,0.27,26616,ok,https://cdn.prydwen.gg/images/honkai-star-rail/characters/argenti_icon.webp
20260630,2026-06-30,pf,虚构叙事,argenti,Argenti,银枝,Support DPS,sub_dps,副C,T1,9,,,2026-05-02,4.1.1,Virtual Made Manifest,0.3,29162,ok,https://cdn.prydwen.gg/images/honkai-star-rail/characters/argenti_icon.webp
20260630,2026-06-30,pf,虚构叙事,argenti,Argenti,银枝,Support DPS,sub_dps,副C,T1,9,,,2026-05-16,4.2.1,Illusory Concepts,0.27,28500,ok,https://cdn.prydwen.gg/images/honkai-star-rail/characters/argenti_icon.webp
20260630,2026-06-30,pf,虚构叙事,argenti,Argenti,银枝,Support DPS,sub_dps,副C,T1,9,,,2026-05-16,4.2.1,Illusory Concepts,0.1,0,ok,https://cdn.prydwen.gg/images/honkai-star-rail/characters/argenti_icon.webp
20260630,2026-06-30,pf,虚构叙事,argenti,Argenti,银枝,Support DPS,sub_dps,副C,T1,9,,,2026-05-16,4.2.1,Illusory Concepts,0.18,0,ok,https://cdn.prydwen.gg/images/honkai-star-rail/characters/argenti_icon.webp
20260630,2026-06-30,pf,虚构叙事,argenti,Argenti,银枝,Support DPS,sub_dps,副C,T1,9,,,2026-05-29,4.2.1,Illusory Concepts,0.27,28948,ok,https://cdn.prydwen.gg/images/honkai-star-rail/characters/argenti_icon.webp
20260630,2026-06-30,pf,虚构叙事,argenti,Argenti,银枝,Support DPS,sub_dps,副C,T1,9,,,2026-05-29,4.2.1,Illusory Concepts,0.09,0,ok,https://cdn.prydwen.gg/images/honkai-star-rail/characters/argenti_icon.webp
20260630,2026-06-30,pf,虚构叙事,argenti,Argenti,银枝,Support DPS,sub_dps,副C,T1,9,,,2026-05-29,4.2.1,Illusory Concepts,0.18,29873,ok,https://cdn.prydwen.gg/images/honkai-star-rail/characters/argenti_icon.webp
20260630,2026-06-30,pf,虚构叙事,argenti,Argenti,银枝,Support DPS,sub_dps,副C,T1,9,,,2026-06-11,4.2.1,Illusory Concepts,0.28,28988,ok,https://cdn.prydwen.gg/images/honkai-star-rail/characters/argenti_icon.webp
20260630,2026-06-30,pf,虚构叙事,argenti,Argenti,银枝,Support DPS,sub_dps,副C,T1,9,,,2026-06-11,4.2.1,Illusory Concepts,0.1,0,ok,https://cdn.prydwen.gg/images/honkai-star-rail/characters/argenti_icon.webp
20260630,2026-06-30,pf,虚构叙事,argenti,Argenti,银枝,Support DPS,sub_dps,副C,T1,9,,,2026-06-11,4.2.1,Illusory Concepts,0.18,29505,ok,https://cdn.prydwen.gg/images/honkai-star-rail/characters/argenti_icon.webp
20260630,2026-06-30,pf,虚构叙事,argenti,Argenti,银枝,Support DPS,sub_dps,副C,T1,9,,,2026-06-25,4.3.1,Falsehood to Fact,0.33,0,ok,https://cdn.prydwen.gg/images/honkai-star-rail/characters/argenti_icon.webp
20260630,2026-06-30,pf,虚构叙事,argenti,Argenti,银枝,Support DPS,sub_dps,副C,T1,9,,,2026-06-25,4.3.1,Falsehood to Fact,0.13,0,ok,https://cdn.prydwen.gg/images/honkai-star-rail/characters/argenti_icon.webp
20260630,2026-06-30,pf,虚构叙事,argenti,Argenti,银枝,Support DPS,sub_dps,副C,T1,9,,,2026-06-25,4.3.1,Falsehood to Fact,0.19,0,ok,https://cdn.prydwen.gg/images/honkai-star-rail/characters/argenti_icon.webp
20260630,2026-06-30,pf,虚构叙事,argenti,Argenti,银枝,DPS,main_dps,主C,T2,7,,,2026-02-22,4.0.1,Wordless Novel,0.74,28918,ok,https://cdn.prydwen.gg/images/honkai-star-rail/characters/argenti_icon.webp
20260630,2026-06-30,pf,虚构叙事,argenti,Argenti,银枝,DPS,main_dps,主C,T2,7,,,2026-02-22,4.0.1,Wordless Novel,0.43,27076,ok,https://cdn.prydwen.gg/images/honkai-star-rail/characters/argenti_icon.webp
20260630,2026-06-30,pf,虚构叙事,argenti,Argenti,银枝,DPS,main_dps,主C,T2,7,,,2026-02-22,4.0.1,Wordless Novel,0.31,31811,ok,https://cdn.prydwen.gg/images/honkai-star-rail/characters/argenti_icon.webp
20260630,2026-06-30,pf,虚构叙事,argenti,Argenti,银枝,DPS,main_dps,主C,T2,7,,,2026-03-06,4.0.1,Wordless Novel,0.67,28991,ok,https://cdn.prydwen.gg/images/honkai-star-rail/characters/argenti_icon.webp
20260630,2026-06-30,pf,虚构叙事,argenti,Argenti,银枝,DPS,main_dps,主C,T2,7,,,2026-03-06,4.0.1,Wordless Novel,0.39,26887,ok,https://cdn.prydwen.gg/images/honkai-star-rail/characters/argenti_icon.webp
20260630,2026-06-30,pf,虚构叙事,argenti,Argenti,银枝,DPS,main_dps,主C,T2,7,,,2026-03-06,4.0.1,Wordless Novel,0.28,31680,ok,https://cdn.prydwen.gg/images/honkai-star-rail/characters/argenti_icon.webp
20260630,2026-06-30,pf,虚构叙事,argenti,Argenti,银枝,DPS,main_dps,主C,T2,7,,,2026-04-03,4.1.1,Virtual Made Manifest,0.68,29812,ok,https://cdn.prydwen.gg/images/honkai-star-rail/characters/argenti_icon.webp
20260630,2026-06-30,pf,虚构叙事,argenti,Argenti,银枝,DPS,main_dps,主C,T2,7,,,2026-04-03,4.1.1,Virtual Made Manifest,0.29,0,ok,https://cdn.prydwen.gg/images/honkai-star-rail/characters/argenti_icon.webp
20260630,2026-06-30,pf,虚构叙事,argenti,Argenti,银枝,DPS,main_dps,主C,T2,7,,,2026-04-03,4.1.1,Virtual Made Manifest,0.39,30851,ok,https://cdn.prydwen.gg/images/honkai-star-rail/characters/argenti_icon.webp
20260630,2026-06-30,pf,虚构叙事,argenti,Argenti,银枝,DPS,main_dps,主C,T2,7,,,2026-04-19,4.1.1,Virtual Made Manifest,0.64,29587,ok,https://cdn.prydwen.gg/images/honkai-star-rail/characters/argenti_icon.webp
20260630,2026-06-30,pf,虚构叙事,argenti,Argenti,银枝,DPS,main_dps,主C,T2,7,,,2026-04-19,4.1.1,Virtual Made Manifest,0.29,0,ok,https://cdn.prydwen.gg/images/honkai-star-rail/characters/argenti_icon.webp
20260630,2026-06-30,pf,虚构叙事,argenti,Argenti,银枝,DPS,main_dps,主C,T2,7,,,2026-04-19,4.1.1,Virtual Made Manifest,0.34,30689,ok,https://cdn.prydwen.gg/images/honkai-star-rail/characters/argenti_icon.webp
20260630,2026-06-30,pf,虚构叙事,argenti,Argenti,银枝,DPS,main_dps,主C,T2,7,,,2026-05-02,4.1.1,Virtual Made Manifest,0.57,28366,ok,https://cdn.prydwen.gg/images/honkai-star-rail/characters/argenti_icon.webp
20260630,2026-06-30,pf,虚构叙事,argenti,Argenti,银枝,DPS,main_dps,主C,T2,7,,,2026-05-02,4.1.1,Virtual Made Manifest,0.27,26616,ok,https://cdn.prydwen.gg/images/honkai-star-rail/characters/argenti_icon.webp
20260630,2026-06-30,pf,虚构叙事,argenti,Argenti,银枝,DPS,main_dps,主C,T2,7,,,2026-05-02,4.1.1,Virtual Made Manifest,0.3,29162,ok,https://cdn.prydwen.gg/images/honkai-star-rail/characters/argenti_icon.webp
20260630,2026-06-30,pf,虚构叙事,argenti,Argenti,银枝,DPS,main_dps,主C,T2,7,,,2026-05-16,4.2.1,Illusory Concepts,0.27,28500,ok,https://cdn.prydwen.gg/images/honkai-star-rail/characters/argenti_icon.webp
20260630,2026-06-30,pf,虚构叙事,argenti,Argenti,银枝,DPS,main_dps,主C,T2,7,,,2026-05-16,4.2.1,Illusory Concepts,0.1,0,ok,https://cdn.prydwen.gg/images/honkai-star-rail/characters/argenti_icon.webp
20260630,2026-06-30,pf,虚构叙事,argenti,Argenti,银枝,DPS,main_dps,主C,T2,7,,,2026-05-16,4.2.1,Illusory Concepts,0.18,0,ok,https://cdn.prydwen.gg/images/honkai-star-rail/characters/argenti_icon.webp
20260630,2026-06-30,pf,虚构叙事,argenti,Argenti,银枝,DPS,main_dps,主C,T2,7,,,2026-05-29,4.2.1,Illusory Concepts,0.27,28948,ok,https://cdn.prydwen.gg/images/honkai-star-rail/characters/argenti_icon.webp
20260630,2026-06-30,pf,虚构叙事,argenti,Argenti,银枝,DPS,main_dps,主C,T2,7,,,2026-05-29,4.2.1,Illusory Concepts,0.09,0,ok,https://cdn.prydwen.gg/images/honkai-star-rail/characters/argenti_icon.webp
20260630,2026-06-30,pf,虚构叙事,argenti,Argenti,银枝,DPS,main_dps,主C,T2,7,,,2026-05-29,4.2.1,Illusory Concepts,0.18,29873,ok,https://cdn.prydwen.gg/images/honkai-star-rail/characters/argenti_icon.webp
20260630,2026-06-30,pf,虚构叙事,argenti,Argenti,银枝,DPS,main_dps,主C,T2,7,,,2026-06-11,4.2.1,Illusory Concepts,0.28,28988,ok,https://cdn.prydwen.gg/images/honkai-star-rail/characters/argenti_icon.webp
20260630,2026-06-30,pf,虚构叙事,argenti,Argenti,银枝,DPS,main_dps,主C,T2,7,,,2026-06-11,4.2.1,Illusory Concepts,0.1,0,ok,https://cdn.prydwen.gg/images/honkai-star-rail/characters/argenti_icon.webp
20260630,2026-06-30,pf,虚构叙事,argenti,Argenti,银枝,DPS,main_dps,主C,T2,7,,,2026-06-11,4.2.1,Illusory Concepts,0.18,29505,ok,https://cdn.prydwen.gg/images/honkai-star-rail/characters/argenti_icon.webp
20260630,2026-06-30,pf,虚构叙事,argenti,Argenti,银枝,DPS,main_dps,主C,T2,7,,,2026-06-25,4.3.1,Falsehood to Fact,0.33,0,ok,https://cdn.prydwen.gg/images/honkai-star-rail/characters/argenti_icon.webp
20260630,2026-06-30,pf,虚构叙事,argenti,Argenti,银枝,DPS,main_dps,主C,T2,7,,,2026-06-25,4.3.1,Falsehood to Fact,0.13,0,ok,https://cdn.prydwen.gg/images/honkai-star-rail/characters/argenti_icon.webp
20260630,2026-06-30,pf,虚构叙事,argenti,Argenti,银枝,DPS,main_dps,主C,T2,7,,,2026-06-25,4.3.1,Falsehood to Fact,0.19,0,ok,https://cdn.prydwen.gg/images/honkai-star-rail/characters/argenti_icon.webp
20260630,2026-06-30,moc,混沌回忆,ashveil,Ashveil,不死途,Support DPS,sub_dps,副C,T0.5,10,"Buff, SP-Friendly",up,2026-04-03,4.0.1,Cyber Mystery,1.12,6.2,ok,https://cdn.prydwen.gg/images/honkai-star-rail/characters/ashveil_icon.webp
20260630,2026-06-30,moc,混沌回忆,ashveil,Ashveil,不死途,Support DPS,sub_dps,副C,T0.5,10,"Buff, SP-Friendly",up,2026-04-03,4.0.1,Cyber Mystery,0.9,6.27,ok,https://cdn.prydwen.gg/images/honkai-star-rail/characters/ashveil_icon.webp
20260630,2026-06-30,moc,混沌回忆,ashveil,Ashveil,不死途,Support DPS,sub_dps,副C,T0.5,10,"Buff, SP-Friendly",up,2026-04-03,4.0.1,Cyber Mystery,0.22,99.99,ok,https://cdn.prydwen.gg/images/honkai-star-rail/characters/ashveil_icon.webp
20260630,2026-06-30,moc,混沌回忆,ashveil,Ashveil,不死途,Support DPS,sub_dps,副C,T0.5,10,"Buff, SP-Friendly",up,2026-04-19,4.1.1,Grand Finale,7.08,6.87,ok,https://cdn.prydwen.gg/images/honkai-star-rail/characters/ashveil_icon.webp
20260630,2026-06-30,moc,混沌回忆,ashveil,Ashveil,不死途,Support DPS,sub_dps,副C,T0.5,10,"Buff, SP-Friendly",up,2026-04-19,4.1.1,Grand Finale,5.54,6.71,ok,https://cdn.prydwen.gg/images/honkai-star-rail/characters/ashveil_icon.webp
20260630,2026-06-30,moc,混沌回忆,ashveil,Ashveil,不死途,Support DPS,sub_dps,副C,T0.5,10,"Buff, SP-Friendly",up,2026-04-19,4.1.1,Grand Finale,1.54,7.68,ok,https://cdn.prydwen.gg/images/honkai-star-rail/characters/ashveil_icon.webp
20260630,2026-06-30,moc,混沌回忆,ashveil,Ashveil,不死途,Support DPS,sub_dps,副C,T0.5,10,"Buff, SP-Friendly",up,2026-05-02,4.1.1,Grand Finale,6.32,6.9,ok,https://cdn.prydwen.gg/images/honkai-star-rail/characters/ashveil_icon.webp
20260630,2026-06-30,moc,混沌回忆,ashveil,Ashveil,不死途,Support DPS,sub_dps,副C,T0.5,10,"Buff, SP-Friendly",up,2026-05-02,4.1.1,Grand Finale,4.9,6.7,ok,https://cdn.prydwen.gg/images/honkai-star-rail/characters/ashveil_icon.webp
20260630,2026-06-30,moc,混沌回忆,ashveil,Ashveil,不死途,Support DPS,sub_dps,副C,T0.5,10,"Buff, SP-Friendly",up,2026-05-02,4.1.1,Grand Finale,1.42,7.95,ok,https://cdn.prydwen.gg/images/honkai-star-rail/characters/ashveil_icon.webp
20260630,2026-06-30,moc,混沌回忆,ashveil,Ashveil,不死途,Support DPS,sub_dps,副C,T0.5,10,"Buff, SP-Friendly",up,2026-05-16,4.1.1,Grand Finale,6.07,6.93,ok,https://cdn.prydwen.gg/images/honkai-star-rail/characters/ashveil_icon.webp
20260630,2026-06-30,moc,混沌回忆,ashveil,Ashveil,不死途,Support DPS,sub_dps,副C,T0.5,10,"Buff, SP-Friendly",up,2026-05-16,4.1.1,Grand Finale,4.61,6.68,ok,https://cdn.prydwen.gg/images/honkai-star-rail/characters/ashveil_icon.webp
20260630,2026-06-30,moc,混沌回忆,ashveil,Ashveil,不死途,Support DPS,sub_dps,副C,T0.5,10,"Buff, SP-Friendly",up,2026-05-16,4.1.1,Grand Finale,1.46,8.15,ok,https://cdn.prydwen.gg/images/honkai-star-rail/characters/ashveil_icon.webp
20260630,2026-06-30,moc,混沌回忆,ashveil,Ashveil,不死途,Support DPS,sub_dps,副C,T0.5,10,"Buff, SP-Friendly",up,2026-05-29,4.2.1,Duty Action,3.88,8.43,ok,https://cdn.prydwen.gg/images/honkai-star-rail/characters/ashveil_icon.webp
20260630,2026-06-30,moc,混沌回忆,ashveil,Ashveil,不死途,Support DPS,sub_dps,副C,T0.5,10,"Buff, SP-Friendly",up,2026-05-29,4.2.1,Duty Action,3.25,8.44,ok,https://cdn.prydwen.gg/images/honkai-star-rail/characters/ashveil_icon.webp
20260630,2026-06-30,moc,混沌回忆,ashveil,Ashveil,不死途,Support DPS,sub_dps,副C,T0.5,10,"Buff, SP-Friendly",up,2026-05-29,4.2.1,Duty Action,0.63,99.99,ok,https://cdn.prydwen.gg/images/honkai-star-rail/characters/ashveil_icon.webp
20260630,2026-06-30,moc,混沌回忆,ashveil,Ashveil,不死途,Support DPS,sub_dps,副C,T0.5,10,"Buff, SP-Friendly",up,2026-06-11,4.2.1,Duty Action,7.55,8.3,ok,https://cdn.prydwen.gg/images/honkai-star-rail/characters/ashveil_icon.webp
20260630,2026-06-30,moc,混沌回忆,ashveil,Ashveil,不死途,Support DPS,sub_dps,副C,T0.5,10,"Buff, SP-Friendly",up,2026-06-11,4.2.1,Duty Action,6.3,8.29,ok,https://cdn.prydwen.gg/images/honkai-star-rail/characters/ashveil_icon.webp
20260630,2026-06-30,moc,混沌回忆,ashveil,Ashveil,不死途,Support DPS,sub_dps,副C,T0.5,10,"Buff, SP-Friendly",up,2026-06-11,4.2.1,Duty Action,1.25,8.38,ok,https://cdn.prydwen.gg/images/honkai-star-rail/characters/ashveil_icon.webp
20260630,2026-06-30,moc,混沌回忆,ashveil,Ashveil,不死途,Support DPS,sub_dps,副C,T0.5,10,"Buff, SP-Friendly",up,2026-06-25,4.2.1,Duty Action,8.08,8.14,ok,https://cdn.prydwen.gg/images/honkai-star-rail/characters/ashveil_icon.webp
20260630,2026-06-30,moc,混沌回忆,ashveil,Ashveil,不死途,Support DPS,sub_dps,副C,T0.5,10,"Buff, SP-Friendly",up,2026-06-25,4.2.1,Duty Action,6.75,8.13,ok,https://cdn.prydwen.gg/images/honkai-star-rail/characters/ashveil_icon.webp
20260630,2026-06-30,moc,混沌回忆,ashveil,Ashveil,不死途,Support DPS,sub_dps,副C,T0.5,10,"Buff, SP-Friendly",up,2026-06-25,4.2.1,Duty Action,1.33,8.07,ok,https://cdn.prydwen.gg/images/honkai-star-rail/characters/ashveil_icon.webp
20260630,2026-06-30,pf,虚构叙事,ashveil,Ashveil,不死途,Support DPS,sub_dps,副C,T1,9,"Buff, SP-Friendly",,2026-04-03,4.1.1,Virtual Made Manifest,6.64,31985,ok,https://cdn.prydwen.gg/images/honkai-star-rail/characters/ashveil_icon.webp
20260630,2026-06-30,pf,虚构叙事,ashveil,Ashveil,不死途,Support DPS,sub_dps,副C,T1,9,"Buff, SP-Friendly",,2026-04-03,4.1.1,Virtual Made Manifest,5.61,32656,ok,https://cdn.prydwen.gg/images/honkai-star-rail/characters/ashveil_icon.webp
20260630,2026-06-30,pf,虚构叙事,ashveil,Ashveil,不死途,Support DPS,sub_dps,副C,T1,9,"Buff, SP-Friendly",,2026-04-03,4.1.1,Virtual Made Manifest,1.04,26255,ok,https://cdn.prydwen.gg/images/honkai-star-rail/characters/ashveil_icon.webp
20260630,2026-06-30,pf,虚构叙事,ashveil,Ashveil,不死途,Support DPS,sub_dps,副C,T1,9,"Buff, SP-Friendly",,2026-04-19,4.1.1,Virtual Made Manifest,6.58,31998,ok,https://cdn.prydwen.gg/images/honkai-star-rail/characters/ashveil_icon.webp
20260630,2026-06-30,pf,虚构叙事,ashveil,Ashveil,不死途,Support DPS,sub_dps,副C,T1,9,"Buff, SP-Friendly",,2026-04-19,4.1.1,Virtual Made Manifest,5.51,32739,ok,https://cdn.prydwen.gg/images/honkai-star-rail/characters/ashveil_icon.webp
20260630,2026-06-30,pf,虚构叙事,ashveil,Ashveil,不死途,Support DPS,sub_dps,副C,T1,9,"Buff, SP-Friendly",,2026-04-19,4.1.1,Virtual Made Manifest,1.07,26012,ok,https://cdn.prydwen.gg/images/honkai-star-rail/characters/ashveil_icon.webp
20260630,2026-06-30,pf,虚构叙事,ashveil,Ashveil,不死途,Support DPS,sub_dps,副C,T1,9,"Buff, SP-Friendly",,2026-05-02,4.1.1,Virtual Made Manifest,6.08,32050,ok,https://cdn.prydwen.gg/images/honkai-star-rail/characters/ashveil_icon.webp
20260630,2026-06-30,pf,虚构叙事,ashveil,Ashveil,不死途,Support DPS,sub_dps,副C,T1,9,"Buff, SP-Friendly",,2026-05-02,4.1.1,Virtual Made Manifest,5.0,32796,ok,https://cdn.prydwen.gg/images/honkai-star-rail/characters/ashveil_icon.webp
20260630,2026-06-30,pf,虚构叙事,ashveil,Ashveil,不死途,Support DPS,sub_dps,副C,T1,9,"Buff, SP-Friendly",,2026-05-02,4.1.1,Virtual Made Manifest,1.08,26143,ok,https://cdn.prydwen.gg/images/honkai-star-rail/characters/ashveil_icon.webp
20260630,2026-06-30,pf,虚构叙事,ashveil,Ashveil,不死途,Support DPS,sub_dps,副C,T1,9,"Buff, SP-Friendly",,2026-05-16,4.2.1,Illusory Concepts,2.46,29472,ok,https://cdn.prydwen.gg/images/honkai-star-rail/characters/ashveil_icon.webp
20260630,2026-06-30,pf,虚构叙事,ashveil,Ashveil,不死途,Support DPS,sub_dps,副C,T1,9,"Buff, SP-Friendly",,2026-05-16,4.2.1,Illusory Concepts,1.89,29326,ok,https://cdn.prydwen.gg/images/honkai-star-rail/characters/ashveil_icon.webp
20260630,2026-06-30,pf,虚构叙事,ashveil,Ashveil,不死途,Support DPS,sub_dps,副C,T1,9,"Buff, SP-Friendly",,2026-05-16,4.2.1,Illusory Concepts,0.58,29966,ok,https://cdn.prydwen.gg/images/honkai-star-rail/characters/ashveil_icon.webp
20260630,2026-06-30,pf,虚构叙事,ashveil,Ashveil,不死途,Support DPS,sub_dps,副C,T1,9,"Buff, SP-Friendly",,2026-05-29,4.2.1,Illusory Concepts,2.38,29437,ok,https://cdn.prydwen.gg/images/honkai-star-rail/characters/ashveil_icon.webp
20260630,2026-06-30,pf,虚构叙事,ashveil,Ashveil,不死途,Support DPS,sub_dps,副C,T1,9,"Buff, SP-Friendly",,2026-05-29,4.2.1,Illusory Concepts,1.78,29586,ok,https://cdn.prydwen.gg/images/honkai-star-rail/characters/ashveil_icon.webp
20260630,2026-06-30,pf,虚构叙事,ashveil,Ashveil,不死途,Support DPS,sub_dps,副C,T1,9,"Buff, SP-Friendly",,2026-05-29,4.2.1,Illusory Concepts,0.6,29006,ok,https://cdn.prydwen.gg/images/honkai-star-rail/characters/ashveil_icon.webp
20260630,2026-06-30,pf,虚构叙事,ashveil,Ashveil,不死途,Support DPS,sub_dps,副C,T1,9,"Buff, SP-Friendly",,2026-06-11,4.2.1,Illusory Concepts,3.97,34248,ok,https://cdn.prydwen.gg/images/honkai-star-rail/characters/ashveil_icon.webp
20260630,2026-06-30,pf,虚构叙事,ashveil,Ashveil,不死途,Support DPS,sub_dps,副C,T1,9,"Buff, SP-Friendly",,2026-06-11,4.2.1,Illusory Concepts,3.12,34872,ok,https://cdn.prydwen.gg/images/honkai-star-rail/characters/ashveil_icon.webp
20260630,2026-06-30,pf,虚构叙事,ashveil,Ashveil,不死途,Support DPS,sub_dps,副C,T1,9,"Buff, SP-Friendly",,2026-06-11,4.2.1,Illusory Concepts,0.85,31404,ok,https://cdn.prydwen.gg/images/honkai-star-rail/characters/ashveil_icon.webp
20260630,2026-06-30,pf,虚构叙事,ashveil,Ashveil,不死途,Support DPS,sub_dps,副C,T1,9,"Buff, SP-Friendly",,2026-06-25,4.3.1,Falsehood to Fact,13.79,35476,ok,https://cdn.prydwen.gg/images/honkai-star-rail/characters/ashveil_icon.webp
20260630,2026-06-30,pf,虚构叙事,ashveil,Ashveil,不死途,Support DPS,sub_dps,副C,T1,9,"Buff, SP-Friendly",,2026-06-25,4.3.1,Falsehood to Fact,10.39,35750,ok,https://cdn.prydwen.gg/images/honkai-star-rail/characters/ashveil_icon.webp
20260630,2026-06-30,pf,虚构叙事,ashveil,Ashveil,不死途,Support DPS,sub_dps,副C,T1,9,"Buff, SP-Friendly",,2026-06-25,4.3.1,Falsehood to Fact,3.4,34339,ok,https://cdn.prydwen.gg/images/honkai-star-rail/characters/ashveil_icon.webp
20260630,2026-06-30,as,末日幻影,ashveil,Ashveil,不死途,Support DPS,sub_dps,副C,T1,9,"Buff, SP-Friendly",,2026-04-03,4.0.1,Militant Lupine,0.63,3387,ok,https://cdn.prydwen.gg/images/honkai-star-rail/characters/ashveil_icon.webp
20260630,2026-06-30,as,末日幻影,ashveil,Ashveil,不死途,Support DPS,sub_dps,副C,T1,9,"Buff, SP-Friendly",,2026-04-03,4.0.1,Militant Lupine,0.4,3341,ok,https://cdn.prydwen.gg/images/honkai-star-rail/characters/ashveil_icon.webp
20260630,2026-06-30,as,末日幻影,ashveil,Ashveil,不死途,Support DPS,sub_dps,副C,T1,9,"Buff, SP-Friendly",,2026-04-03,4.0.1,Militant Lupine,0.23,3500,ok,https://cdn.prydwen.gg/images/honkai-star-rail/characters/ashveil_icon.webp
20260630,2026-06-30,as,末日幻影,ashveil,Ashveil,不死途,Support DPS,sub_dps,副C,T1,9,"Buff, SP-Friendly",,2026-04-19,4.0.1,Militant Lupine,1.01,3374,ok,https://cdn.prydwen.gg/images/honkai-star-rail/characters/ashveil_icon.webp
20260630,2026-06-30,as,末日幻影,ashveil,Ashveil,不死途,Support DPS,sub_dps,副C,T1,9,"Buff, SP-Friendly",,2026-04-19,4.0.1,Militant Lupine,0.64,3338,ok,https://cdn.prydwen.gg/images/honkai-star-rail/characters/ashveil_icon.webp
20260630,2026-06-30,as,末日幻影,ashveil,Ashveil,不死途,Support DPS,sub_dps,副C,T1,9,"Buff, SP-Friendly",,2026-04-19,4.0.1,Militant Lupine,0.37,3453,ok,https://cdn.prydwen.gg/images/honkai-star-rail/characters/ashveil_icon.webp
20260630,2026-06-30,as,末日幻影,ashveil,Ashveil,不死途,Support DPS,sub_dps,副C,T1,9,"Buff, SP-Friendly",,2026-05-02,4.2.1,Idol of the Locusts,0.63,3294,ok,https://cdn.prydwen.gg/images/honkai-star-rail/characters/ashveil_icon.webp
20260630,2026-06-30,as,末日幻影,ashveil,Ashveil,不死途,Support DPS,sub_dps,副C,T1,9,"Buff, SP-Friendly",,2026-05-02,4.2.1,Idol of the Locusts,0.37,3251,ok,https://cdn.prydwen.gg/images/honkai-star-rail/characters/ashveil_icon.webp
20260630,2026-06-30,as,末日幻影,ashveil,Ashveil,不死途,Support DPS,sub_dps,副C,T1,9,"Buff, SP-Friendly",,2026-05-02,4.2.1,Idol of the Locusts,0.26,0,ok,https://cdn.prydwen.gg/images/honkai-star-rail/characters/ashveil_icon.webp
20260630,2026-06-30,as,末日幻影,ashveil,Ashveil,不死途,Support DPS,sub_dps,副C,T1,9,"Buff, SP-Friendly",,2026-05-16,4.2.1,Idol of the Locusts,0.64,3241,ok,https://cdn.prydwen.gg/images/honkai-star-rail/characters/ashveil_icon.webp
20260630,2026-06-30,as,末日幻影,ashveil,Ashveil,不死途,Support DPS,sub_dps,副C,T1,9,"Buff, SP-Friendly",,2026-05-16,4.2.1,Idol of the Locusts,0.4,3186,ok,https://cdn.prydwen.gg/images/honkai-star-rail/characters/ashveil_icon.webp
20260630,2026-06-30,as,末日幻影,ashveil,Ashveil,不死途,Support DPS,sub_dps,副C,T1,9,"Buff, SP-Friendly",,2026-05-16,4.2.1,Idol of the Locusts,0.24,0,ok,https://cdn.prydwen.gg/images/honkai-star-rail/characters/ashveil_icon.webp
20260630,2026-06-30,as,末日幻影,ashveil,Ashveil,不死途,Support DPS,sub_dps,副C,T1,9,"Buff, SP-Friendly",,2026-05-29,4.2.1,Idol of the Locusts,0.65,3250,ok,https://cdn.prydwen.gg/images/honkai-star-rail/characters/ashveil_icon.webp
20260630,2026-06-30,as,末日幻影,ashveil,Ashveil,不死途,Support DPS,sub_dps,副C,T1,9,"Buff, SP-Friendly",,2026-05-29,4.2.1,Idol of the Locusts,0.41,3192,ok,https://cdn.prydwen.gg/images/honkai-star-rail/characters/ashveil_icon.webp
20260630,2026-06-30,as,末日幻影,ashveil,Ashveil,不死途,Support DPS,sub_dps,副C,T1,9,"Buff, SP-Friendly",,2026-05-29,4.2.1,Idol of the Locusts,0.24,0,ok,https://cdn.prydwen.gg/images/honkai-star-rail/characters/ashveil_icon.webp
20260630,2026-06-30,as,末日幻影,ashveil,Ashveil,不死途,Support DPS,sub_dps,副C,T1,9,"Buff, SP-Friendly",,2026-06-11,4.3.1,Gale of Forgetting,13.71,3588,ok,https://cdn.prydwen.gg/images/honkai-star-rail/characters/ashveil_icon.webp
20260630,2026-06-30,as,末日幻影,ashveil,Ashveil,不死途,Support DPS,sub_dps,副C,T1,9,"Buff, SP-Friendly",,2026-06-11,4.3.1,Gale of Forgetting,10.0,3589,ok,https://cdn.prydwen.gg/images/honkai-star-rail/characters/ashveil_icon.webp
20260630,2026-06-30,as,末日幻影,ashveil,Ashveil,不死途,Support DPS,sub_dps,副C,T1,9,"Buff, SP-Friendly",,2026-06-11,4.3.1,Gale of Forgetting,3.71,3588,ok,https://cdn.prydwen.gg/images/honkai-star-rail/characters/ashveil_icon.webp
20260630,2026-06-30,as,末日幻影,ashveil,Ashveil,不死途,Support DPS,sub_dps,副C,T1,9,"Buff, SP-Friendly",,2026-06-25,4.3.1,Gale of Forgetting,13.68,3588,ok,https://cdn.prydwen.gg/images/honkai-star-rail/characters/ashveil_icon.webp
20260630,2026-06-30,as,末日幻影,ashveil,Ashveil,不死途,Support DPS,sub_dps,副C,T1,9,"Buff, SP-Friendly",,2026-06-25,4.3.1,Gale of Forgetting,9.96,3588,ok,https://cdn.prydwen.gg/images/honkai-star-rail/characters/ashveil_icon.webp
20260630,2026-06-30,as,末日幻影,ashveil,Ashveil,不死途,Support DPS,sub_dps,副C,T1,9,"Buff, SP-Friendly",,2026-06-25,4.3.1,Gale of Forgetting,3.71,3594,ok,https://cdn.prydwen.gg/images/honkai-star-rail/characters/ashveil_icon.webp
20260630,2026-06-30,moc,混沌回忆,ashveil,Ashveil,不死途,DPS,main_dps,主C,T0,11,"Buff, SP-Friendly",,2026-04-03,4.0.1,Cyber Mystery,1.12,6.2,ok,https://cdn.prydwen.gg/images/honkai-star-rail/characters/ashveil_icon.webp
20260630,2026-06-30,moc,混沌回忆,ashveil,Ashveil,不死途,DPS,main_dps,主C,T0,11,"Buff, SP-Friendly",,2026-04-03,4.0.1,Cyber Mystery,0.9,6.27,ok,https://cdn.prydwen.gg/images/honkai-star-rail/characters/ashveil_icon.webp
20260630,2026-06-30,moc,混沌回忆,ashveil,Ashveil,不死途,DPS,main_dps,主C,T0,11,"Buff, SP-Friendly",,2026-04-03,4.0.1,Cyber Mystery,0.22,99.99,ok,https://cdn.prydwen.gg/images/honkai-star-rail/characters/ashveil_icon.webp
20260630,2026-06-30,moc,混沌回忆,ashveil,Ashveil,不死途,DPS,main_dps,主C,T0,11,"Buff, SP-Friendly",,2026-04-19,4.1.1,Grand Finale,7.08,6.87,ok,https://cdn.prydwen.gg/images/honkai-star-rail/characters/ashveil_icon.webp
20260630,2026-06-30,moc,混沌回忆,ashveil,Ashveil,不死途,DPS,main_dps,主C,T0,11,"Buff, SP-Friendly",,2026-04-19,4.1.1,Grand Finale,5.54,6.71,ok,https://cdn.prydwen.gg/images/honkai-star-rail/characters/ashveil_icon.webp
20260630,2026-06-30,moc,混沌回忆,ashveil,Ashveil,不死途,DPS,main_dps,主C,T0,11,"Buff, SP-Friendly",,2026-04-19,4.1.1,Grand Finale,1.54,7.68,ok,https://cdn.prydwen.gg/images/honkai-star-rail/characters/ashveil_icon.webp
20260630,2026-06-30,moc,混沌回忆,ashveil,Ashveil,不死途,DPS,main_dps,主C,T0,11,"Buff, SP-Friendly",,2026-05-02,4.1.1,Grand Finale,6.32,6.9,ok,https://cdn.prydwen.gg/images/honkai-star-rail/characters/ashveil_icon.webp
20260630,2026-06-30,moc,混沌回忆,ashveil,Ashveil,不死途,DPS,main_dps,主C,T0,11,"Buff, SP-Friendly",,2026-05-02,4.1.1,Grand Finale,4.9,6.7,ok,https://cdn.prydwen.gg/images/honkai-star-rail/characters/ashveil_icon.webp
20260630,2026-06-30,moc,混沌回忆,ashveil,Ashveil,不死途,DPS,main_dps,主C,T0,11,"Buff, SP-Friendly",,2026-05-02,4.1.1,Grand Finale,1.42,7.95,ok,https://cdn.prydwen.gg/images/honkai-star-rail/characters/ashveil_icon.webp
20260630,2026-06-30,moc,混沌回忆,ashveil,Ashveil,不死途,DPS,main_dps,主C,T0,11,"Buff, SP-Friendly",,2026-05-16,4.1.1,Grand Finale,6.07,6.93,ok,https://cdn.prydwen.gg/images/honkai-star-rail/characters/ashveil_icon.webp
20260630,2026-06-30,moc,混沌回忆,ashveil,Ashveil,不死途,DPS,main_dps,主C,T0,11,"Buff, SP-Friendly",,2026-05-16,4.1.1,Grand Finale,4.61,6.68,ok,https://cdn.prydwen.gg/images/honkai-star-rail/characters/ashveil_icon.webp
20260630,2026-06-30,moc,混沌回忆,ashveil,Ashveil,不死途,DPS,main_dps,主C,T0,11,"Buff, SP-Friendly",,2026-05-16,4.1.1,Grand Finale,1.46,8.15,ok,https://cdn.prydwen.gg/images/honkai-star-rail/characters/ashveil_icon.webp
20260630,2026-06-30,moc,混沌回忆,ashveil,Ashveil,不死途,DPS,main_dps,主C,T0,11,"Buff, SP-Friendly",,2026-05-29,4.2.1,Duty Action,3.88,8.43,ok,https://cdn.prydwen.gg/images/honkai-star-rail/characters/ashveil_icon.webp
20260630,2026-06-30,moc,混沌回忆,ashveil,Ashveil,不死途,DPS,main_dps,主C,T0,11,"Buff, SP-Friendly",,2026-05-29,4.2.1,Duty Action,3.25,8.44,ok,https://cdn.prydwen.gg/images/honkai-star-rail/characters/ashveil_icon.webp
20260630,2026-06-30,moc,混沌回忆,ashveil,Ashveil,不死途,DPS,main_dps,主C,T0,11,"Buff, SP-Friendly",,2026-05-29,4.2.1,Duty Action,0.63,99.99,ok,https://cdn.prydwen.gg/images/honkai-star-rail/characters/ashveil_icon.webp
20260630,2026-06-30,moc,混沌回忆,ashveil,Ashveil,不死途,DPS,main_dps,主C,T0,11,"Buff, SP-Friendly",,2026-06-11,4.2.1,Duty Action,7.55,8.3,ok,https://cdn.prydwen.gg/images/honkai-star-rail/characters/ashveil_icon.webp
20260630,2026-06-30,moc,混沌回忆,ashveil,Ashveil,不死途,DPS,main_dps,主C,T0,11,"Buff, SP-Friendly",,2026-06-11,4.2.1,Duty Action,6.3,8.29,ok,https://cdn.prydwen.gg/images/honkai-star-rail/characters/ashveil_icon.webp
20260630,2026-06-30,moc,混沌回忆,ashveil,Ashveil,不死途,DPS,main_dps,主C,T0,11,"Buff, SP-Friendly",,2026-06-11,4.2.1,Duty Action,1.25,8.38,ok,https://cdn.prydwen.gg/images/honkai-star-rail/characters/ashveil_icon.webp
20260630,2026-06-30,moc,混沌回忆,ashveil,Ashveil,不死途,DPS,main_dps,主C,T0,11,"Buff, SP-Friendly",,2026-06-25,4.2.1,Duty Action,8.08,8.14,ok,https://cdn.prydwen.gg/images/honkai-star-rail/characters/ashveil_icon.webp
20260630,2026-06-30,moc,混沌回忆,ashveil,Ashveil,不死途,DPS,main_dps,主C,T0,11,"Buff, SP-Friendly",,2026-06-25,4.2.1,Duty Action,6.75,8.13,ok,https://cdn.prydwen.gg/images/honkai-star-rail/characters/ashveil_icon.webp
20260630,2026-06-30,moc,混沌回忆,ashveil,Ashveil,不死途,DPS,main_dps,主C,T0,11,"Buff, SP-Friendly",,2026-06-25,4.2.1,Duty Action,1.33,8.07,ok,https://cdn.prydwen.gg/images/honkai-star-rail/characters/ashveil_icon.webp
20260630,2026-06-30,pf,虚构叙事,ashveil,Ashveil,不死途,DPS,main_dps,主C,T0.5,10,"Buff, SP-Friendly",,2026-04-03,4.1.1,Virtual Made Manifest,6.64,31985,ok,https://cdn.prydwen.gg/images/honkai-star-rail/characters/ashveil_icon.webp
20260630,2026-06-30,pf,虚构叙事,ashveil,Ashveil,不死途,DPS,main_dps,主C,T0.5,10,"Buff, SP-Friendly",,2026-04-03,4.1.1,Virtual Made Manifest,5.61,32656,ok,https://cdn.prydwen.gg/images/honkai-star-rail/characters/ashveil_icon.webp
20260630,2026-06-30,pf,虚构叙事,ashveil,Ashveil,不死途,DPS,main_dps,主C,T0.5,10,"Buff, SP-Friendly",,2026-04-03,4.1.1,Virtual Made Manifest,1.04,26255,ok,https://cdn.prydwen.gg/images/honkai-star-rail/characters/ashveil_icon.webp
20260630,2026-06-30,pf,虚构叙事,ashveil,Ashveil,不死途,DPS,main_dps,主C,T0.5,10,"Buff, SP-Friendly",,2026-04-19,4.1.1,Virtual Made Manifest,6.58,31998,ok,https://cdn.prydwen.gg/images/honkai-star-rail/characters/ashveil_icon.webp
20260630,2026-06-30,pf,虚构叙事,ashveil,Ashveil,不死途,DPS,main_dps,主C,T0.5,10,"Buff, SP-Friendly",,2026-04-19,4.1.1,Virtual Made Manifest,5.51,32739,ok,https://cdn.prydwen.gg/images/honkai-star-rail/characters/ashveil_icon.webp
20260630,2026-06-30,pf,虚构叙事,ashveil,Ashveil,不死途,DPS,main_dps,主C,T0.5,10,"Buff, SP-Friendly",,2026-04-19,4.1.1,Virtual Made Manifest,1.07,26012,ok,https://cdn.prydwen.gg/images/honkai-star-rail/characters/ashveil_icon.webp
20260630,2026-06-30,pf,虚构叙事,ashveil,Ashveil,不死途,DPS,main_dps,主C,T0.5,10,"Buff, SP-Friendly",,2026-05-02,4.1.1,Virtual Made Manifest,6.08,32050,ok,https://cdn.prydwen.gg/images/honkai-star-rail/characters/ashveil_icon.webp
20260630,2026-06-30,pf,虚构叙事,ashveil,Ashveil,不死途,DPS,main_dps,主C,T0.5,10,"Buff, SP-Friendly",,2026-05-02,4.1.1,Virtual Made Manifest,5.0,32796,ok,https://cdn.prydwen.gg/images/honkai-star-rail/characters/ashveil_icon.webp
20260630,2026-06-30,pf,虚构叙事,ashveil,Ashveil,不死途,DPS,main_dps,主C,T0.5,10,"Buff, SP-Friendly",,2026-05-02,4.1.1,Virtual Made Manifest,1.08,26143,ok,https://cdn.prydwen.gg/images/honkai-star-rail/characters/ashveil_icon.webp
20260630,2026-06-30,pf,虚构叙事,ashveil,Ashveil,不死途,DPS,main_dps,主C,T0.5,10,"Buff, SP-Friendly",,2026-05-16,4.2.1,Illusory Concepts,2.46,29472,ok,https://cdn.prydwen.gg/images/honkai-star-rail/characters/ashveil_icon.webp
20260630,2026-06-30,pf,虚构叙事,ashveil,Ashveil,不死途,DPS,main_dps,主C,T0.5,10,"Buff, SP-Friendly",,2026-05-16,4.2.1,Illusory Concepts,1.89,29326,ok,https://cdn.prydwen.gg/images/honkai-star-rail/characters/ashveil_icon.webp
20260630,2026-06-30,pf,虚构叙事,ashveil,Ashveil,不死途,DPS,main_dps,主C,T0.5,10,"Buff, SP-Friendly",,2026-05-16,4.2.1,Illusory Concepts,0.58,29966,ok,https://cdn.prydwen.gg/images/honkai-star-rail/characters/ashveil_icon.webp
20260630,2026-06-30,pf,虚构叙事,ashveil,Ashveil,不死途,DPS,main_dps,主C,T0.5,10,"Buff, SP-Friendly",,2026-05-29,4.2.1,Illusory Concepts,2.38,29437,ok,https://cdn.prydwen.gg/images/honkai-star-rail/characters/ashveil_icon.webp
20260630,2026-06-30,pf,虚构叙事,ashveil,Ashveil,不死途,DPS,main_dps,主C,T0.5,10,"Buff, SP-Friendly",,2026-05-29,4.2.1,Illusory Concepts,1.78,29586,ok,https://cdn.prydwen.gg/images/honkai-star-rail/characters/ashveil_icon.webp
20260630,2026-06-30,pf,虚构叙事,ashveil,Ashveil,不死途,DPS,main_dps,主C,T0.5,10,"Buff, SP-Friendly",,2026-05-29,4.2.1,Illusory Concepts,0.6,29006,ok,https://cdn.prydwen.gg/images/honkai-star-rail/characters/ashveil_icon.webp
20260630,2026-06-30,pf,虚构叙事,ashveil,Ashveil,不死途,DPS,main_dps,主C,T0.5,10,"Buff, SP-Friendly",,2026-06-11,4.2.1,Illusory Concepts,3.97,34248,ok,https://cdn.prydwen.gg/images/honkai-star-rail/characters/ashveil_icon.webp
20260630,2026-06-30,pf,虚构叙事,ashveil,Ashveil,不死途,DPS,main_dps,主C,T0.5,10,"Buff, SP-Friendly",,2026-06-11,4.2.1,Illusory Concepts,3.12,34872,ok,https://cdn.prydwen.gg/images/honkai-star-rail/characters/ashveil_icon.webp
20260630,2026-06-30,pf,虚构叙事,ashveil,Ashveil,不死途,DPS,main_dps,主C,T0.5,10,"Buff, SP-Friendly",,2026-06-11,4.2.1,Illusory Concepts,0.85,31404,ok,https://cdn.prydwen.gg/images/honkai-star-rail/characters/ashveil_icon.webp
20260630,2026-06-30,pf,虚构叙事,ashveil,Ashveil,不死途,DPS,main_dps,主C,T0.5,10,"Buff, SP-Friendly",,2026-06-25,4.3.1,Falsehood to Fact,13.79,35476,ok,https://cdn.prydwen.gg/images/honkai-star-rail/characters/ashveil_icon.webp
20260630,2026-06-30,pf,虚构叙事,ashveil,Ashveil,不死途,DPS,main_dps,主C,T0.5,10,"Buff, SP-Friendly",,2026-06-25,4.3.1,Falsehood to Fact,10.39,35750,ok,https://cdn.prydwen.gg/images/honkai-star-rail/characters/ashveil_icon.webp
20260630,2026-06-30,pf,虚构叙事,ashveil,Ashveil,不死途,DPS,main_dps,主C,T0.5,10,"Buff, SP-Friendly",,2026-06-25,4.3.1,Falsehood to Fact,3.4,34339,ok,https://cdn.prydwen.gg/images/honkai-star-rail/characters/ashveil_icon.webp
20260630,2026-06-30,as,末日幻影,ashveil,Ashveil,不死途,DPS,main_dps,主C,T0.5,10,"Buff, SP-Friendly",,2026-04-03,4.0.1,Militant Lupine,0.63,3387,ok,https://cdn.prydwen.gg/images/honkai-star-rail/characters/ashveil_icon.webp
20260630,2026-06-30,as,末日幻影,ashveil,Ashveil,不死途,DPS,main_dps,主C,T0.5,10,"Buff, SP-Friendly",,2026-04-03,4.0.1,Militant Lupine,0.4,3341,ok,https://cdn.prydwen.gg/images/honkai-star-rail/characters/ashveil_icon.webp
20260630,2026-06-30,as,末日幻影,ashveil,Ashveil,不死途,DPS,main_dps,主C,T0.5,10,"Buff, SP-Friendly",,2026-04-03,4.0.1,Militant Lupine,0.23,3500,ok,https://cdn.prydwen.gg/images/honkai-star-rail/characters/ashveil_icon.webp
20260630,2026-06-30,as,末日幻影,ashveil,Ashveil,不死途,DPS,main_dps,主C,T0.5,10,"Buff, SP-Friendly",,2026-04-19,4.0.1,Militant Lupine,1.01,3374,ok,https://cdn.prydwen.gg/images/honkai-star-rail/characters/ashveil_icon.webp
20260630,2026-06-30,as,末日幻影,ashveil,Ashveil,不死途,DPS,main_dps,主C,T0.5,10,"Buff, SP-Friendly",,2026-04-19,4.0.1,Militant Lupine,0.64,3338,ok,https://cdn.prydwen.gg/images/honkai-star-rail/characters/ashveil_icon.webp
20260630,2026-06-30,as,末日幻影,ashveil,Ashveil,不死途,DPS,main_dps,主C,T0.5,10,"Buff, SP-Friendly",,2026-04-19,4.0.1,Militant Lupine,0.37,3453,ok,https://cdn.prydwen.gg/images/honkai-star-rail/characters/ashveil_icon.webp
20260630,2026-06-30,as,末日幻影,ashveil,Ashveil,不死途,DPS,main_dps,主C,T0.5,10,"Buff, SP-Friendly",,2026-05-02,4.2.1,Idol of the Locusts,0.63,3294,ok,https://cdn.prydwen.gg/images/honkai-star-rail/characters/ashveil_icon.webp
20260630,2026-06-30,as,末日幻影,ashveil,Ashveil,不死途,DPS,main_dps,主C,T0.5,10,"Buff, SP-Friendly",,2026-05-02,4.2.1,Idol of the Locusts,0.37,3251,ok,https://cdn.prydwen.gg/images/honkai-star-rail/characters/ashveil_icon.webp
20260630,2026-06-30,as,末日幻影,ashveil,Ashveil,不死途,DPS,main_dps,主C,T0.5,10,"Buff, SP-Friendly",,2026-05-02,4.2.1,Idol of the Locusts,0.26,0,ok,https://cdn.prydwen.gg/images/honkai-star-rail/characters/ashveil_icon.webp
20260630,2026-06-30,as,末日幻影,ashveil,Ashveil,不死途,DPS,main_dps,主C,T0.5,10,"Buff, SP-Friendly",,2026-05-16,4.2.1,Idol of the Locusts,0.64,3241,ok,https://cdn.prydwen.gg/images/honkai-star-rail/characters/ashveil_icon.webp
20260630,2026-06-30,as,末日幻影,ashveil,Ashveil,不死途,DPS,main_dps,主C,T0.5,10,"Buff, SP-Friendly",,2026-05-16,4.2.1,Idol of the Locusts,0.4,3186,ok,https://cdn.prydwen.gg/images/honkai-star-rail/characters/ashveil_icon.webp
20260630,2026-06-30,as,末日幻影,ashveil,Ashveil,不死途,DPS,main_dps,主C,T0.5,10,"Buff, SP-Friendly",,2026-05-16,4.2.1,Idol of the Locusts,0.24,0,ok,https://cdn.prydwen.gg/images/honkai-star-rail/characters/ashveil_icon.webp
20260630,2026-06-30,as,末日幻影,ashveil,Ashveil,不死途,DPS,main_dps,主C,T0.5,10,"Buff, SP-Friendly",,2026-05-29,4.2.1,Idol of the Locusts,0.65,3250,ok,https://cdn.prydwen.gg/images/honkai-star-rail/characters/ashveil_icon.webp
20260630,2026-06-30,as,末日幻影,ashveil,Ashveil,不死途,DPS,main_dps,主C,T0.5,10,"Buff, SP-Friendly",,2026-05-29,4.2.1,Idol of the Locusts,0.41,3192,ok,https://cdn.prydwen.gg/images/honkai-star-rail/characters/ashveil_icon.webp
20260630,2026-06-30,as,末日幻影,ashveil,Ashveil,不死途,DPS,main_dps,主C,T0.5,10,"Buff, SP-Friendly",,2026-05-29,4.2.1,Idol of the Locusts,0.24,0,ok,https://cdn.prydwen.gg/images/honkai-star-rail/characters/ashveil_icon.webp
20260630,2026-06-30,as,末日幻影,ashveil,Ashveil,不死途,DPS,main_dps,主C,T0.5,10,"Buff, SP-Friendly",,2026-06-11,4.3.1,Gale of Forgetting,13.71,3588,ok,https://cdn.prydwen.gg/images/honkai-star-rail/characters/ashveil_icon.webp
20260630,2026-06-30,as,末日幻影,ashveil,Ashveil,不死途,DPS,main_dps,主C,T0.5,10,"Buff, SP-Friendly",,2026-06-11,4.3.1,Gale of Forgetting,10.0,3589,ok,https://cdn.prydwen.gg/images/honkai-star-rail/characters/ashveil_icon.webp
20260630,2026-06-30,as,末日幻影,ashveil,Ashveil,不死途,DPS,main_dps,主C,T0.5,10,"Buff, SP-Friendly",,2026-06-11,4.3.1,Gale of Forgetting,3.71,3588,ok,https://cdn.prydwen.gg/images/honkai-star-rail/characters/ashveil_icon.webp
20260630,2026-06-30,as,末日幻影,ashveil,Ashveil,不死途,DPS,main_dps,主C,T0.5,10,"Buff, SP-Friendly",,2026-06-25,4.3.1,Gale of Forgetting,13.68,3588,ok,https://cdn.prydwen.gg/images/honkai-star-rail/characters/ashveil_icon.webp
20260630,2026-06-30,as,末日幻影,ashveil,Ashveil,不死途,DPS,main_dps,主C,T0.5,10,"Buff, SP-Friendly",,2026-06-25,4.3.1,Gale of Forgetting,9.96,3588,ok,https://cdn.prydwen.gg/images/honkai-star-rail/characters/ashveil_icon.webp
20260630,2026-06-30,as,末日幻影,ashveil,Ashveil,不死途,DPS,main_dps,主C,T0.5,10,"Buff, SP-Friendly",,2026-06-25,4.3.1,Gale of Forgetting,3.71,3594,ok,https://cdn.prydwen.gg/images/honkai-star-rail/characters/ashveil_icon.webp
20260630,2026-06-30,moc,混沌回忆,asta,Asta,艾丝妲,Amplifier,support,辅助,T2,7,Buff,up,2026-02-22,3.8.1,Breached Nest,0.02,99.99,ok,https://cdn.prydwen.gg/images/honkai-star-rail/characters/asta_icon.webp
20260630,2026-06-30,moc,混沌回忆,asta,Asta,艾丝妲,Amplifier,support,辅助,T2,7,Buff,up,2026-03-06,4.0.1,Cyber Mystery,0.02,99.99,ok,https://cdn.prydwen.gg/images/honkai-star-rail/characters/asta_icon.webp
20260630,2026-06-30,moc,混沌回忆,asta,Asta,艾丝妲,Amplifier,support,辅助,T2,7,Buff,up,2026-04-03,4.0.1,Cyber Mystery,0.02,99.99,ok,https://cdn.prydwen.gg/images/honkai-star-rail/characters/asta_icon.webp
20260630,2026-06-30,moc,混沌回忆,asta,Asta,艾丝妲,Amplifier,support,辅助,T2,7,Buff,up,2026-04-19,4.1.1,Grand Finale,0.05,99.99,ok,https://cdn.prydwen.gg/images/honkai-star-rail/characters/asta_icon.webp
20260630,2026-06-30,moc,混沌回忆,asta,Asta,艾丝妲,Amplifier,support,辅助,T2,7,Buff,up,2026-05-02,4.1.1,Grand Finale,0.29,7.06,ok,https://cdn.prydwen.gg/images/honkai-star-rail/characters/asta_icon.webp
20260630,2026-06-30,moc,混沌回忆,asta,Asta,艾丝妲,Amplifier,support,辅助,T2,7,Buff,up,2026-05-16,4.1.1,Grand Finale,0.39,7.42,ok,https://cdn.prydwen.gg/images/honkai-star-rail/characters/asta_icon.webp
20260630,2026-06-30,moc,混沌回忆,asta,Asta,艾丝妲,Amplifier,support,辅助,T2,7,Buff,up,2026-05-29,4.2.1,Duty Action,0.55,99.99,ok,https://cdn.prydwen.gg/images/honkai-star-rail/characters/asta_icon.webp
20260630,2026-06-30,moc,混沌回忆,asta,Asta,艾丝妲,Amplifier,support,辅助,T2,7,Buff,up,2026-06-11,4.2.1,Duty Action,0.6,99.99,ok,https://cdn.prydwen.gg/images/honkai-star-rail/characters/asta_icon.webp
20260630,2026-06-30,moc,混沌回忆,asta,Asta,艾丝妲,Amplifier,support,辅助,T2,7,Buff,up,2026-06-25,4.2.1,Duty Action,0.56,99.99,ok,https://cdn.prydwen.gg/images/honkai-star-rail/characters/asta_icon.webp
20260630,2026-06-30,as,末日幻影,asta,Asta,艾丝妲,Amplifier,support,辅助,T1.5,8,Buff,up,2026-02-22,3.8.2,Dominance of Netherveil,0.0,0,ok,https://cdn.prydwen.gg/images/honkai-star-rail/characters/asta_icon.webp
20260630,2026-06-30,as,末日幻影,asta,Asta,艾丝妲,Amplifier,support,辅助,T1.5,8,Buff,up,2026-03-06,3.8.2,Dominance of Netherveil,0.0,0,ok,https://cdn.prydwen.gg/images/honkai-star-rail/characters/asta_icon.webp
20260630,2026-06-30,as,末日幻影,asta,Asta,艾丝妲,Amplifier,support,辅助,T1.5,8,Buff,up,2026-04-03,4.0.1,Militant Lupine,0.02,0,ok,https://cdn.prydwen.gg/images/honkai-star-rail/characters/asta_icon.webp
20260630,2026-06-30,as,末日幻影,asta,Asta,艾丝妲,Amplifier,support,辅助,T1.5,8,Buff,up,2026-04-19,4.0.1,Militant Lupine,0.02,0,ok,https://cdn.prydwen.gg/images/honkai-star-rail/characters/asta_icon.webp
20260630,2026-06-30,as,末日幻影,asta,Asta,艾丝妲,Amplifier,support,辅助,T1.5,8,Buff,up,2026-05-02,4.2.1,Idol of the Locusts,0.78,3429,ok,https://cdn.prydwen.gg/images/honkai-star-rail/characters/asta_icon.webp
20260630,2026-06-30,as,末日幻影,asta,Asta,艾丝妲,Amplifier,support,辅助,T1.5,8,Buff,up,2026-05-16,4.2.1,Idol of the Locusts,0.85,3420,ok,https://cdn.prydwen.gg/images/honkai-star-rail/characters/asta_icon.webp
20260630,2026-06-30,as,末日幻影,asta,Asta,艾丝妲,Amplifier,support,辅助,T1.5,8,Buff,up,2026-05-29,4.2.1,Idol of the Locusts,0.86,3420,ok,https://cdn.prydwen.gg/images/honkai-star-rail/characters/asta_icon.webp
20260630,2026-06-30,as,末日幻影,asta,Asta,艾丝妲,Amplifier,support,辅助,T1.5,8,Buff,up,2026-06-11,4.3.1,Gale of Forgetting,0.46,3371,ok,https://cdn.prydwen.gg/images/honkai-star-rail/characters/asta_icon.webp
20260630,2026-06-30,as,末日幻影,asta,Asta,艾丝妲,Amplifier,support,辅助,T1.5,8,Buff,up,2026-06-25,4.3.1,Gale of Forgetting,0.45,3408,ok,https://cdn.prydwen.gg/images/honkai-star-rail/characters/asta_icon.webp
20260630,2026-06-30,moc,混沌回忆,aventurine,Aventurine,砂金,Sustain,sustain,生存位,T1,9,"Debuff, SP-Friendly",,2026-02-22,3.8.1,Breached Nest,2.73,9.07,ok,https://cdn.prydwen.gg/images/honkai-star-rail/characters/aventurine_icon.webp
20260630,2026-06-30,moc,混沌回忆,aventurine,Aventurine,砂金,Sustain,sustain,生存位,T1,9,"Debuff, SP-Friendly",,2026-03-06,4.0.1,Cyber Mystery,3.52,7.16,ok,https://cdn.prydwen.gg/images/honkai-star-rail/characters/aventurine_icon.webp
20260630,2026-06-30,moc,混沌回忆,aventurine,Aventurine,砂金,Sustain,sustain,生存位,T1,9,"Debuff, SP-Friendly",,2026-04-03,4.0.1,Cyber Mystery,4.08,7.33,ok,https://cdn.prydwen.gg/images/honkai-star-rail/characters/aventurine_icon.webp
20260630,2026-06-30,moc,混沌回忆,aventurine,Aventurine,砂金,Sustain,sustain,生存位,T1,9,"Debuff, SP-Friendly",,2026-04-19,4.1.1,Grand Finale,5.09,7.72,ok,https://cdn.prydwen.gg/images/honkai-star-rail/characters/aventurine_icon.webp
20260630,2026-06-30,moc,混沌回忆,aventurine,Aventurine,砂金,Sustain,sustain,生存位,T1,9,"Debuff, SP-Friendly",,2026-05-02,4.1.1,Grand Finale,4.74,7.82,ok,https://cdn.prydwen.gg/images/honkai-star-rail/characters/aventurine_icon.webp
20260630,2026-06-30,moc,混沌回忆,aventurine,Aventurine,砂金,Sustain,sustain,生存位,T1,9,"Debuff, SP-Friendly",,2026-05-16,4.1.1,Grand Finale,4.69,7.88,ok,https://cdn.prydwen.gg/images/honkai-star-rail/characters/aventurine_icon.webp
20260630,2026-06-30,moc,混沌回忆,aventurine,Aventurine,砂金,Sustain,sustain,生存位,T1,9,"Debuff, SP-Friendly",,2026-05-29,4.2.1,Duty Action,1.75,8.42,ok,https://cdn.prydwen.gg/images/honkai-star-rail/characters/aventurine_icon.webp
20260630,2026-06-30,moc,混沌回忆,aventurine,Aventurine,砂金,Sustain,sustain,生存位,T1,9,"Debuff, SP-Friendly",,2026-06-11,4.2.1,Duty Action,2.36,8.67,ok,https://cdn.prydwen.gg/images/honkai-star-rail/characters/aventurine_icon.webp
20260630,2026-06-30,moc,混沌回忆,aventurine,Aventurine,砂金,Sustain,sustain,生存位,T1,9,"Debuff, SP-Friendly",,2026-06-25,4.2.1,Duty Action,2.4,8.7,ok,https://cdn.prydwen.gg/images/honkai-star-rail/characters/aventurine_icon.webp
20260630,2026-06-30,pf,虚构叙事,aventurine,Aventurine,砂金,Sustain,sustain,生存位,T1,9,"Debuff, SP-Friendly",,2026-02-22,4.0.1,Wordless Novel,4.28,29045,ok,https://cdn.prydwen.gg/images/honkai-star-rail/characters/aventurine_icon.webp
20260630,2026-06-30,pf,虚构叙事,aventurine,Aventurine,砂金,Sustain,sustain,生存位,T1,9,"Debuff, SP-Friendly",,2026-03-06,4.0.1,Wordless Novel,4.41,28843,ok,https://cdn.prydwen.gg/images/honkai-star-rail/characters/aventurine_icon.webp
20260630,2026-06-30,pf,虚构叙事,aventurine,Aventurine,砂金,Sustain,sustain,生存位,T1,9,"Debuff, SP-Friendly",,2026-04-03,4.1.1,Virtual Made Manifest,5.1,29911,ok,https://cdn.prydwen.gg/images/honkai-star-rail/characters/aventurine_icon.webp
20260630,2026-06-30,pf,虚构叙事,aventurine,Aventurine,砂金,Sustain,sustain,生存位,T1,9,"Debuff, SP-Friendly",,2026-04-19,4.1.1,Virtual Made Manifest,5.07,29829,ok,https://cdn.prydwen.gg/images/honkai-star-rail/characters/aventurine_icon.webp
20260630,2026-06-30,pf,虚构叙事,aventurine,Aventurine,砂金,Sustain,sustain,生存位,T1,9,"Debuff, SP-Friendly",,2026-05-02,4.1.1,Virtual Made Manifest,4.92,29906,ok,https://cdn.prydwen.gg/images/honkai-star-rail/characters/aventurine_icon.webp
20260630,2026-06-30,pf,虚构叙事,aventurine,Aventurine,砂金,Sustain,sustain,生存位,T1,9,"Debuff, SP-Friendly",,2026-05-16,4.2.1,Illusory Concepts,2.39,31063,ok,https://cdn.prydwen.gg/images/honkai-star-rail/characters/aventurine_icon.webp
20260630,2026-06-30,pf,虚构叙事,aventurine,Aventurine,砂金,Sustain,sustain,生存位,T1,9,"Debuff, SP-Friendly",,2026-05-29,4.2.1,Illusory Concepts,2.47,30810,ok,https://cdn.prydwen.gg/images/honkai-star-rail/characters/aventurine_icon.webp
20260630,2026-06-30,pf,虚构叙事,aventurine,Aventurine,砂金,Sustain,sustain,生存位,T1,9,"Debuff, SP-Friendly",,2026-06-11,4.2.1,Illusory Concepts,2.57,30505,ok,https://cdn.prydwen.gg/images/honkai-star-rail/characters/aventurine_icon.webp
20260630,2026-06-30,pf,虚构叙事,aventurine,Aventurine,砂金,Sustain,sustain,生存位,T1,9,"Debuff, SP-Friendly",,2026-06-25,4.3.1,Falsehood to Fact,4.62,30597,ok,https://cdn.prydwen.gg/images/honkai-star-rail/characters/aventurine_icon.webp
20260630,2026-06-30,as,末日幻影,aventurine,Aventurine,砂金,Sustain,sustain,生存位,T1,9,"Debuff, SP-Friendly",,2026-02-22,3.8.2,Dominance of Netherveil,1.27,3339,ok,https://cdn.prydwen.gg/images/honkai-star-rail/characters/aventurine_icon.webp
20260630,2026-06-30,as,末日幻影,aventurine,Aventurine,砂金,Sustain,sustain,生存位,T1,9,"Debuff, SP-Friendly",,2026-03-06,3.8.2,Dominance of Netherveil,1.31,3350,ok,https://cdn.prydwen.gg/images/honkai-star-rail/characters/aventurine_icon.webp
20260630,2026-06-30,as,末日幻影,aventurine,Aventurine,砂金,Sustain,sustain,生存位,T1,9,"Debuff, SP-Friendly",,2026-04-03,4.0.1,Militant Lupine,4.55,3469,ok,https://cdn.prydwen.gg/images/honkai-star-rail/characters/aventurine_icon.webp
20260630,2026-06-30,as,末日幻影,aventurine,Aventurine,砂金,Sustain,sustain,生存位,T1,9,"Debuff, SP-Friendly",,2026-04-19,4.0.1,Militant Lupine,4.71,3463,ok,https://cdn.prydwen.gg/images/honkai-star-rail/characters/aventurine_icon.webp
20260630,2026-06-30,as,末日幻影,aventurine,Aventurine,砂金,Sustain,sustain,生存位,T1,9,"Debuff, SP-Friendly",,2026-05-02,4.2.1,Idol of the Locusts,1.87,3529,ok,https://cdn.prydwen.gg/images/honkai-star-rail/characters/aventurine_icon.webp
20260630,2026-06-30,as,末日幻影,aventurine,Aventurine,砂金,Sustain,sustain,生存位,T1,9,"Debuff, SP-Friendly",,2026-05-16,4.2.1,Idol of the Locusts,1.93,3543,ok,https://cdn.prydwen.gg/images/honkai-star-rail/characters/aventurine_icon.webp
20260630,2026-06-30,as,末日幻影,aventurine,Aventurine,砂金,Sustain,sustain,生存位,T1,9,"Debuff, SP-Friendly",,2026-05-29,4.2.1,Idol of the Locusts,1.97,3531,ok,https://cdn.prydwen.gg/images/honkai-star-rail/characters/aventurine_icon.webp
20260630,2026-06-30,as,末日幻影,aventurine,Aventurine,砂金,Sustain,sustain,生存位,T1,9,"Debuff, SP-Friendly",,2026-06-11,4.3.1,Gale of Forgetting,7.1,3539,ok,https://cdn.prydwen.gg/images/honkai-star-rail/characters/aventurine_icon.webp
20260630,2026-06-30,as,末日幻影,aventurine,Aventurine,砂金,Sustain,sustain,生存位,T1,9,"Debuff, SP-Friendly",,2026-06-25,4.3.1,Gale of Forgetting,7.47,3516,ok,https://cdn.prydwen.gg/images/honkai-star-rail/characters/aventurine_icon.webp
20260630,2026-06-30,moc,混沌回忆,black-swan,Black Swan,黑天鹅,Support DPS,sub_dps,副C,T0.5,10,"Debuff, DOT",down,2026-02-22,3.8.1,Breached Nest,12.45,8.08,ok,https://cdn.prydwen.gg/images/honkai-star-rail/characters/black-swan_icon.webp
20260630,2026-06-30,moc,混沌回忆,black-swan,Black Swan,黑天鹅,Support DPS,sub_dps,副C,T0.5,10,"Debuff, DOT",down,2026-03-06,4.0.1,Cyber Mystery,19.71,6.29,ok,https://cdn.prydwen.gg/images/honkai-star-rail/characters/black-swan_icon.webp
20260630,2026-06-30,moc,混沌回忆,black-swan,Black Swan,黑天鹅,Support DPS,sub_dps,副C,T0.5,10,"Debuff, DOT",down,2026-04-03,4.0.1,Cyber Mystery,19.18,6.39,ok,https://cdn.prydwen.gg/images/honkai-star-rail/characters/black-swan_icon.webp
20260630,2026-06-30,moc,混沌回忆,black-swan,Black Swan,黑天鹅,Support DPS,sub_dps,副C,T0.5,10,"Debuff, DOT",down,2026-04-19,4.1.1,Grand Finale,18.02,6.3,ok,https://cdn.prydwen.gg/images/honkai-star-rail/characters/black-swan_icon.webp
20260630,2026-06-30,moc,混沌回忆,black-swan,Black Swan,黑天鹅,Support DPS,sub_dps,副C,T0.5,10,"Debuff, DOT",down,2026-05-02,4.1.1,Grand Finale,16.41,6.38,ok,https://cdn.prydwen.gg/images/honkai-star-rail/characters/black-swan_icon.webp
20260630,2026-06-30,moc,混沌回忆,black-swan,Black Swan,黑天鹅,Support DPS,sub_dps,副C,T0.5,10,"Debuff, DOT",down,2026-05-16,4.1.1,Grand Finale,15.67,6.4,ok,https://cdn.prydwen.gg/images/honkai-star-rail/characters/black-swan_icon.webp
20260630,2026-06-30,moc,混沌回忆,black-swan,Black Swan,黑天鹅,Support DPS,sub_dps,副C,T0.5,10,"Debuff, DOT",down,2026-05-29,4.2.1,Duty Action,15.3,8.1,ok,https://cdn.prydwen.gg/images/honkai-star-rail/characters/black-swan_icon.webp
20260630,2026-06-30,moc,混沌回忆,black-swan,Black Swan,黑天鹅,Support DPS,sub_dps,副C,T0.5,10,"Debuff, DOT",down,2026-06-11,4.2.1,Duty Action,19.04,8.24,ok,https://cdn.prydwen.gg/images/honkai-star-rail/characters/black-swan_icon.webp
20260630,2026-06-30,moc,混沌回忆,black-swan,Black Swan,黑天鹅,Support DPS,sub_dps,副C,T0.5,10,"Debuff, DOT",down,2026-06-25,4.2.1,Duty Action,18.73,8.17,ok,https://cdn.prydwen.gg/images/honkai-star-rail/characters/black-swan_icon.webp
20260630,2026-06-30,pf,虚构叙事,black-swan,Black Swan,黑天鹅,Support DPS,sub_dps,副C,T0.5,10,"Debuff, DOT",,2026-02-22,4.0.1,Wordless Novel,19.99,34202,ok,https://cdn.prydwen.gg/images/honkai-star-rail/characters/black-swan_icon.webp
20260630,2026-06-30,pf,虚构叙事,black-swan,Black Swan,黑天鹅,Support DPS,sub_dps,副C,T0.5,10,"Debuff, DOT",,2026-03-06,4.0.1,Wordless Novel,19.83,33962,ok,https://cdn.prydwen.gg/images/honkai-star-rail/characters/black-swan_icon.webp
20260630,2026-06-30,pf,虚构叙事,black-swan,Black Swan,黑天鹅,Support DPS,sub_dps,副C,T0.5,10,"Debuff, DOT",,2026-04-03,4.1.1,Virtual Made Manifest,30.46,33357,ok,https://cdn.prydwen.gg/images/honkai-star-rail/characters/black-swan_icon.webp
20260630,2026-06-30,pf,虚构叙事,black-swan,Black Swan,黑天鹅,Support DPS,sub_dps,副C,T0.5,10,"Debuff, DOT",,2026-04-19,4.1.1,Virtual Made Manifest,30.01,33170,ok,https://cdn.prydwen.gg/images/honkai-star-rail/characters/black-swan_icon.webp
20260630,2026-06-30,pf,虚构叙事,black-swan,Black Swan,黑天鹅,Support DPS,sub_dps,副C,T0.5,10,"Debuff, DOT",,2026-05-02,4.1.1,Virtual Made Manifest,28.29,33056,ok,https://cdn.prydwen.gg/images/honkai-star-rail/characters/black-swan_icon.webp
20260630,2026-06-30,pf,虚构叙事,black-swan,Black Swan,黑天鹅,Support DPS,sub_dps,副C,T0.5,10,"Debuff, DOT",,2026-05-16,4.2.1,Illusory Concepts,17.47,30970,ok,https://cdn.prydwen.gg/images/honkai-star-rail/characters/black-swan_icon.webp
20260630,2026-06-30,pf,虚构叙事,black-swan,Black Swan,黑天鹅,Support DPS,sub_dps,副C,T0.5,10,"Debuff, DOT",,2026-05-29,4.2.1,Illusory Concepts,17.16,30855,ok,https://cdn.prydwen.gg/images/honkai-star-rail/characters/black-swan_icon.webp
20260630,2026-06-30,pf,虚构叙事,black-swan,Black Swan,黑天鹅,Support DPS,sub_dps,副C,T0.5,10,"Debuff, DOT",,2026-06-11,4.2.1,Illusory Concepts,17.41,30699,ok,https://cdn.prydwen.gg/images/honkai-star-rail/characters/black-swan_icon.webp
20260630,2026-06-30,pf,虚构叙事,black-swan,Black Swan,黑天鹅,Support DPS,sub_dps,副C,T0.5,10,"Debuff, DOT",,2026-06-25,4.3.1,Falsehood to Fact,23.94,33026,ok,https://cdn.prydwen.gg/images/honkai-star-rail/characters/black-swan_icon.webp
20260630,2026-06-30,as,末日幻影,black-swan,Black Swan,黑天鹅,Support DPS,sub_dps,副C,T0.5,10,"Debuff, DOT",,2026-02-22,3.8.2,Dominance of Netherveil,11.01,3395,ok,https://cdn.prydwen.gg/images/honkai-star-rail/characters/black-swan_icon.webp
20260630,2026-06-30,as,末日幻影,black-swan,Black Swan,黑天鹅,Support DPS,sub_dps,副C,T0.5,10,"Debuff, DOT",,2026-03-06,3.8.2,Dominance of Netherveil,11.92,3406,ok,https://cdn.prydwen.gg/images/honkai-star-rail/characters/black-swan_icon.webp
20260630,2026-06-30,as,末日幻影,black-swan,Black Swan,黑天鹅,Support DPS,sub_dps,副C,T0.5,10,"Debuff, DOT",,2026-04-03,4.0.1,Militant Lupine,22.8,3600,ok,https://cdn.prydwen.gg/images/honkai-star-rail/characters/black-swan_icon.webp
20260630,2026-06-30,as,末日幻影,black-swan,Black Swan,黑天鹅,Support DPS,sub_dps,副C,T0.5,10,"Debuff, DOT",,2026-04-19,4.0.1,Militant Lupine,22.7,3598,ok,https://cdn.prydwen.gg/images/honkai-star-rail/characters/black-swan_icon.webp
20260630,2026-06-30,as,末日幻影,black-swan,Black Swan,黑天鹅,Support DPS,sub_dps,副C,T0.5,10,"Debuff, DOT",,2026-05-02,4.2.1,Idol of the Locusts,15.32,3544,ok,https://cdn.prydwen.gg/images/honkai-star-rail/characters/black-swan_icon.webp
20260630,2026-06-30,as,末日幻影,black-swan,Black Swan,黑天鹅,Support DPS,sub_dps,副C,T0.5,10,"Debuff, DOT",,2026-05-16,4.2.1,Idol of the Locusts,15.59,3542,ok,https://cdn.prydwen.gg/images/honkai-star-rail/characters/black-swan_icon.webp
20260630,2026-06-30,as,末日幻影,black-swan,Black Swan,黑天鹅,Support DPS,sub_dps,副C,T0.5,10,"Debuff, DOT",,2026-05-29,4.2.1,Idol of the Locusts,15.79,3541,ok,https://cdn.prydwen.gg/images/honkai-star-rail/characters/black-swan_icon.webp
20260630,2026-06-30,as,末日幻影,black-swan,Black Swan,黑天鹅,Support DPS,sub_dps,副C,T0.5,10,"Debuff, DOT",,2026-06-11,4.3.1,Gale of Forgetting,21.33,3370,ok,https://cdn.prydwen.gg/images/honkai-star-rail/characters/black-swan_icon.webp
20260630,2026-06-30,as,末日幻影,black-swan,Black Swan,黑天鹅,Support DPS,sub_dps,副C,T0.5,10,"Debuff, DOT",,2026-06-25,4.3.1,Gale of Forgetting,21.35,3368,ok,https://cdn.prydwen.gg/images/honkai-star-rail/characters/black-swan_icon.webp
20260630,2026-06-30,moc,混沌回忆,boothill,Boothill,波提欧,DPS,main_dps,主C,T1.5,8,Break,down,2026-02-22,3.8.1,Breached Nest,1.14,8.72,ok,https://cdn.prydwen.gg/images/honkai-star-rail/characters/boothill_icon.webp
20260630,2026-06-30,moc,混沌回忆,boothill,Boothill,波提欧,DPS,main_dps,主C,T1.5,8,Break,down,2026-03-06,4.0.1,Cyber Mystery,0.25,99.99,ok,https://cdn.prydwen.gg/images/honkai-star-rail/characters/boothill_icon.webp
20260630,2026-06-30,moc,混沌回忆,boothill,Boothill,波提欧,DPS,main_dps,主C,T1.5,8,Break,down,2026-04-03,4.0.1,Cyber Mystery,0.22,99.99,ok,https://cdn.prydwen.gg/images/honkai-star-rail/characters/boothill_icon.webp
20260630,2026-06-30,moc,混沌回忆,boothill,Boothill,波提欧,DPS,main_dps,主C,T1.5,8,Break,down,2026-04-19,4.1.1,Grand Finale,0.53,9.0,ok,https://cdn.prydwen.gg/images/honkai-star-rail/characters/boothill_icon.webp
20260630,2026-06-30,moc,混沌回忆,boothill,Boothill,波提欧,DPS,main_dps,主C,T1.5,8,Break,down,2026-05-02,4.1.1,Grand Finale,0.5,9.14,ok,https://cdn.prydwen.gg/images/honkai-star-rail/characters/boothill_icon.webp
20260630,2026-06-30,moc,混沌回忆,boothill,Boothill,波提欧,DPS,main_dps,主C,T1.5,8,Break,down,2026-05-16,4.1.1,Grand Finale,0.45,9.33,ok,https://cdn.prydwen.gg/images/honkai-star-rail/characters/boothill_icon.webp
20260630,2026-06-30,moc,混沌回忆,boothill,Boothill,波提欧,DPS,main_dps,主C,T1.5,8,Break,down,2026-05-29,4.2.1,Duty Action,0.43,99.99,ok,https://cdn.prydwen.gg/images/honkai-star-rail/characters/boothill_icon.webp
20260630,2026-06-30,moc,混沌回忆,boothill,Boothill,波提欧,DPS,main_dps,主C,T1.5,8,Break,down,2026-06-11,4.2.1,Duty Action,0.5,99.99,ok,https://cdn.prydwen.gg/images/honkai-star-rail/characters/boothill_icon.webp
20260630,2026-06-30,moc,混沌回忆,boothill,Boothill,波提欧,DPS,main_dps,主C,T1.5,8,Break,down,2026-06-25,4.2.1,Duty Action,0.5,99.99,ok,https://cdn.prydwen.gg/images/honkai-star-rail/characters/boothill_icon.webp
20260630,2026-06-30,as,末日幻影,boothill,Boothill,波提欧,DPS,main_dps,主C,T1,9,Break,down,2026-02-22,3.8.2,Dominance of Netherveil,2.64,3549,ok,https://cdn.prydwen.gg/images/honkai-star-rail/characters/boothill_icon.webp
20260630,2026-06-30,as,末日幻影,boothill,Boothill,波提欧,DPS,main_dps,主C,T1,9,Break,down,2026-03-06,3.8.2,Dominance of Netherveil,2.53,3544,ok,https://cdn.prydwen.gg/images/honkai-star-rail/characters/boothill_icon.webp
20260630,2026-06-30,as,末日幻影,boothill,Boothill,波提欧,DPS,main_dps,主C,T1,9,Break,down,2026-04-03,4.0.1,Militant Lupine,0.88,3348,ok,https://cdn.prydwen.gg/images/honkai-star-rail/characters/boothill_icon.webp
20260630,2026-06-30,as,末日幻影,boothill,Boothill,波提欧,DPS,main_dps,主C,T1,9,Break,down,2026-04-19,4.0.1,Militant Lupine,0.89,3353,ok,https://cdn.prydwen.gg/images/honkai-star-rail/characters/boothill_icon.webp
20260630,2026-06-30,as,末日幻影,boothill,Boothill,波提欧,DPS,main_dps,主C,T1,9,Break,down,2026-05-02,4.2.1,Idol of the Locusts,0.42,0,ok,https://cdn.prydwen.gg/images/honkai-star-rail/characters/boothill_icon.webp
20260630,2026-06-30,as,末日幻影,boothill,Boothill,波提欧,DPS,main_dps,主C,T1,9,Break,down,2026-05-16,4.2.1,Idol of the Locusts,0.38,0,ok,https://cdn.prydwen.gg/images/honkai-star-rail/characters/boothill_icon.webp
20260630,2026-06-30,as,末日幻影,boothill,Boothill,波提欧,DPS,main_dps,主C,T1,9,Break,down,2026-05-29,4.2.1,Idol of the Locusts,0.38,0,ok,https://cdn.prydwen.gg/images/honkai-star-rail/characters/boothill_icon.webp
20260630,2026-06-30,as,末日幻影,boothill,Boothill,波提欧,DPS,main_dps,主C,T1,9,Break,down,2026-06-11,4.3.1,Gale of Forgetting,0.98,3326,ok,https://cdn.prydwen.gg/images/honkai-star-rail/characters/boothill_icon.webp
20260630,2026-06-30,as,末日幻影,boothill,Boothill,波提欧,DPS,main_dps,主C,T1,9,Break,down,2026-06-25,4.3.1,Gale of Forgetting,0.99,3327,ok,https://cdn.prydwen.gg/images/honkai-star-rail/characters/boothill_icon.webp
20260630,2026-06-30,moc,混沌回忆,bronya,Bronya,布洛妮娅,Amplifier,support,辅助,T2,7,"Advance, Buff, SP-Unfriendly",down,2026-02-22,3.8.1,Breached Nest,6.08,8.56,ok,https://cdn.prydwen.gg/images/honkai-star-rail/characters/bronya_icon.webp
20260630,2026-06-30,moc,混沌回忆,bronya,Bronya,布洛妮娅,Amplifier,support,辅助,T2,7,"Advance, Buff, SP-Unfriendly",down,2026-03-06,4.0.1,Cyber Mystery,3.67,8.33,ok,https://cdn.prydwen.gg/images/honkai-star-rail/characters/bronya_icon.webp
20260630,2026-06-30,moc,混沌回忆,bronya,Bronya,布洛妮娅,Amplifier,support,辅助,T2,7,"Advance, Buff, SP-Unfriendly",down,2026-04-03,4.0.1,Cyber Mystery,3.65,8.68,ok,https://cdn.prydwen.gg/images/honkai-star-rail/characters/bronya_icon.webp
20260630,2026-06-30,moc,混沌回忆,bronya,Bronya,布洛妮娅,Amplifier,support,辅助,T2,7,"Advance, Buff, SP-Unfriendly",down,2026-04-19,4.1.1,Grand Finale,2.15,8.59,ok,https://cdn.prydwen.gg/images/honkai-star-rail/characters/bronya_icon.webp
20260630,2026-06-30,moc,混沌回忆,bronya,Bronya,布洛妮娅,Amplifier,support,辅助,T2,7,"Advance, Buff, SP-Unfriendly",down,2026-05-02,4.1.1,Grand Finale,2.05,8.57,ok,https://cdn.prydwen.gg/images/honkai-star-rail/characters/bronya_icon.webp
20260630,2026-06-30,moc,混沌回忆,bronya,Bronya,布洛妮娅,Amplifier,support,辅助,T2,7,"Advance, Buff, SP-Unfriendly",down,2026-05-16,4.1.1,Grand Finale,1.97,8.56,ok,https://cdn.prydwen.gg/images/honkai-star-rail/characters/bronya_icon.webp
20260630,2026-06-30,moc,混沌回忆,bronya,Bronya,布洛妮娅,Amplifier,support,辅助,T2,7,"Advance, Buff, SP-Unfriendly",down,2026-05-29,4.2.1,Duty Action,0.95,99.99,ok,https://cdn.prydwen.gg/images/honkai-star-rail/characters/bronya_icon.webp
20260630,2026-06-30,moc,混沌回忆,bronya,Bronya,布洛妮娅,Amplifier,support,辅助,T2,7,"Advance, Buff, SP-Unfriendly",down,2026-06-11,4.2.1,Duty Action,1.11,99.99,ok,https://cdn.prydwen.gg/images/honkai-star-rail/characters/bronya_icon.webp
20260630,2026-06-30,moc,混沌回忆,bronya,Bronya,布洛妮娅,Amplifier,support,辅助,T2,7,"Advance, Buff, SP-Unfriendly",down,2026-06-25,4.2.1,Duty Action,1.09,99.99,ok,https://cdn.prydwen.gg/images/honkai-star-rail/characters/bronya_icon.webp
20260630,2026-06-30,pf,虚构叙事,bronya,Bronya,布洛妮娅,Amplifier,support,辅助,T1.5,8,"Advance, Buff, SP-Unfriendly",,2026-02-22,4.0.1,Wordless Novel,4.67,27568,ok,https://cdn.prydwen.gg/images/honkai-star-rail/characters/bronya_icon.webp
20260630,2026-06-30,pf,虚构叙事,bronya,Bronya,布洛妮娅,Amplifier,support,辅助,T1.5,8,"Advance, Buff, SP-Unfriendly",,2026-03-06,4.0.1,Wordless Novel,4.76,27452,ok,https://cdn.prydwen.gg/images/honkai-star-rail/characters/bronya_icon.webp
20260630,2026-06-30,pf,虚构叙事,bronya,Bronya,布洛妮娅,Amplifier,support,辅助,T1.5,8,"Advance, Buff, SP-Unfriendly",,2026-04-03,4.1.1,Virtual Made Manifest,2.43,26286,ok,https://cdn.prydwen.gg/images/honkai-star-rail/characters/bronya_icon.webp
20260630,2026-06-30,pf,虚构叙事,bronya,Bronya,布洛妮娅,Amplifier,support,辅助,T1.5,8,"Advance, Buff, SP-Unfriendly",,2026-04-19,4.1.1,Virtual Made Manifest,2.47,25904,ok,https://cdn.prydwen.gg/images/honkai-star-rail/characters/bronya_icon.webp
20260630,2026-06-30,pf,虚构叙事,bronya,Bronya,布洛妮娅,Amplifier,support,辅助,T1.5,8,"Advance, Buff, SP-Unfriendly",,2026-05-02,4.1.1,Virtual Made Manifest,2.51,25897,ok,https://cdn.prydwen.gg/images/honkai-star-rail/characters/bronya_icon.webp
20260630,2026-06-30,pf,虚构叙事,bronya,Bronya,布洛妮娅,Amplifier,support,辅助,T1.5,8,"Advance, Buff, SP-Unfriendly",,2026-05-16,4.2.1,Illusory Concepts,1.12,23971,ok,https://cdn.prydwen.gg/images/honkai-star-rail/characters/bronya_icon.webp
20260630,2026-06-30,pf,虚构叙事,bronya,Bronya,布洛妮娅,Amplifier,support,辅助,T1.5,8,"Advance, Buff, SP-Unfriendly",,2026-05-29,4.2.1,Illusory Concepts,1.15,24147,ok,https://cdn.prydwen.gg/images/honkai-star-rail/characters/bronya_icon.webp
20260630,2026-06-30,pf,虚构叙事,bronya,Bronya,布洛妮娅,Amplifier,support,辅助,T1.5,8,"Advance, Buff, SP-Unfriendly",,2026-06-11,4.2.1,Illusory Concepts,1.23,24108,ok,https://cdn.prydwen.gg/images/honkai-star-rail/characters/bronya_icon.webp
20260630,2026-06-30,pf,虚构叙事,bronya,Bronya,布洛妮娅,Amplifier,support,辅助,T1.5,8,"Advance, Buff, SP-Unfriendly",,2026-06-25,4.3.1,Falsehood to Fact,2.4,24273,ok,https://cdn.prydwen.gg/images/honkai-star-rail/characters/bronya_icon.webp
20260630,2026-06-30,as,末日幻影,bronya,Bronya,布洛妮娅,Amplifier,support,辅助,T1.5,8,"Advance, Buff, SP-Unfriendly",,2026-02-22,3.8.2,Dominance of Netherveil,8.65,3544,ok,https://cdn.prydwen.gg/images/honkai-star-rail/characters/bronya_icon.webp
20260630,2026-06-30,as,末日幻影,bronya,Bronya,布洛妮娅,Amplifier,support,辅助,T1.5,8,"Advance, Buff, SP-Unfriendly",,2026-03-06,3.8.2,Dominance of Netherveil,8.44,3542,ok,https://cdn.prydwen.gg/images/honkai-star-rail/characters/bronya_icon.webp
20260630,2026-06-30,as,末日幻影,bronya,Bronya,布洛妮娅,Amplifier,support,辅助,T1.5,8,"Advance, Buff, SP-Unfriendly",,2026-04-03,4.0.1,Militant Lupine,2.06,3248,ok,https://cdn.prydwen.gg/images/honkai-star-rail/characters/bronya_icon.webp
20260630,2026-06-30,as,末日幻影,bronya,Bronya,布洛妮娅,Amplifier,support,辅助,T1.5,8,"Advance, Buff, SP-Unfriendly",,2026-04-19,4.0.1,Militant Lupine,2.02,3249,ok,https://cdn.prydwen.gg/images/honkai-star-rail/characters/bronya_icon.webp
20260630,2026-06-30,as,末日幻影,bronya,Bronya,布洛妮娅,Amplifier,support,辅助,T1.5,8,"Advance, Buff, SP-Unfriendly",,2026-05-02,4.2.1,Idol of the Locusts,0.81,0,ok,https://cdn.prydwen.gg/images/honkai-star-rail/characters/bronya_icon.webp
20260630,2026-06-30,as,末日幻影,bronya,Bronya,布洛妮娅,Amplifier,support,辅助,T1.5,8,"Advance, Buff, SP-Unfriendly",,2026-05-16,4.2.1,Idol of the Locusts,0.78,0,ok,https://cdn.prydwen.gg/images/honkai-star-rail/characters/bronya_icon.webp
20260630,2026-06-30,as,末日幻影,bronya,Bronya,布洛妮娅,Amplifier,support,辅助,T1.5,8,"Advance, Buff, SP-Unfriendly",,2026-05-29,4.2.1,Idol of the Locusts,0.81,0,ok,https://cdn.prydwen.gg/images/honkai-star-rail/characters/bronya_icon.webp
20260630,2026-06-30,as,末日幻影,bronya,Bronya,布洛妮娅,Amplifier,support,辅助,T1.5,8,"Advance, Buff, SP-Unfriendly",,2026-06-11,4.3.1,Gale of Forgetting,2.46,3228,ok,https://cdn.prydwen.gg/images/honkai-star-rail/characters/bronya_icon.webp
20260630,2026-06-30,as,末日幻影,bronya,Bronya,布洛妮娅,Amplifier,support,辅助,T1.5,8,"Advance, Buff, SP-Unfriendly",,2026-06-25,4.3.1,Gale of Forgetting,2.54,3208,ok,https://cdn.prydwen.gg/images/honkai-star-rail/characters/bronya_icon.webp
20260630,2026-06-30,moc,混沌回忆,castorice,Castorice,遐蝶,DPS,main_dps,主C,T0,11,"Advance, SP-Friendly",,2026-02-22,3.8.1,Breached Nest,51.91,7.45,ok,https://cdn.prydwen.gg/images/honkai-star-rail/characters/castorice_icon.webp
20260630,2026-06-30,moc,混沌回忆,castorice,Castorice,遐蝶,DPS,main_dps,主C,T0,11,"Advance, SP-Friendly",,2026-03-06,4.0.1,Cyber Mystery,46.86,6.31,ok,https://cdn.prydwen.gg/images/honkai-star-rail/characters/castorice_icon.webp
20260630,2026-06-30,moc,混沌回忆,castorice,Castorice,遐蝶,DPS,main_dps,主C,T0,11,"Advance, SP-Friendly",,2026-04-03,4.0.1,Cyber Mystery,46.17,6.29,ok,https://cdn.prydwen.gg/images/honkai-star-rail/characters/castorice_icon.webp
20260630,2026-06-30,moc,混沌回忆,castorice,Castorice,遐蝶,DPS,main_dps,主C,T0,11,"Advance, SP-Friendly",,2026-04-19,4.1.1,Grand Finale,47.5,6.25,ok,https://cdn.prydwen.gg/images/honkai-star-rail/characters/castorice_icon.webp
20260630,2026-06-30,moc,混沌回忆,castorice,Castorice,遐蝶,DPS,main_dps,主C,T0,11,"Advance, SP-Friendly",,2026-05-02,4.1.1,Grand Finale,46.11,6.04,ok,https://cdn.prydwen.gg/images/honkai-star-rail/characters/castorice_icon.webp
20260630,2026-06-30,moc,混沌回忆,castorice,Castorice,遐蝶,DPS,main_dps,主C,T0,11,"Advance, SP-Friendly",,2026-05-16,4.1.1,Grand Finale,45.51,6.02,ok,https://cdn.prydwen.gg/images/honkai-star-rail/characters/castorice_icon.webp
20260630,2026-06-30,moc,混沌回忆,castorice,Castorice,遐蝶,DPS,main_dps,主C,T0,11,"Advance, SP-Friendly",,2026-05-29,4.2.1,Duty Action,26.77,7.31,ok,https://cdn.prydwen.gg/images/honkai-star-rail/characters/castorice_icon.webp
20260630,2026-06-30,moc,混沌回忆,castorice,Castorice,遐蝶,DPS,main_dps,主C,T0,11,"Advance, SP-Friendly",,2026-06-11,4.2.1,Duty Action,32.59,7.48,ok,https://cdn.prydwen.gg/images/honkai-star-rail/characters/castorice_icon.webp
20260630,2026-06-30,moc,混沌回忆,castorice,Castorice,遐蝶,DPS,main_dps,主C,T0,11,"Advance, SP-Friendly",,2026-06-25,4.2.1,Duty Action,32.33,7.48,ok,https://cdn.prydwen.gg/images/honkai-star-rail/characters/castorice_icon.webp
20260630,2026-06-30,pf,虚构叙事,castorice,Castorice,遐蝶,DPS,main_dps,主C,T0,11,"Advance, SP-Friendly",,2026-02-22,4.0.1,Wordless Novel,54.0,39979,ok,https://cdn.prydwen.gg/images/honkai-star-rail/characters/castorice_icon.webp
20260630,2026-06-30,pf,虚构叙事,castorice,Castorice,遐蝶,DPS,main_dps,主C,T0,11,"Advance, SP-Friendly",,2026-03-06,4.0.1,Wordless Novel,54.28,39950,ok,https://cdn.prydwen.gg/images/honkai-star-rail/characters/castorice_icon.webp
20260630,2026-06-30,pf,虚构叙事,castorice,Castorice,遐蝶,DPS,main_dps,主C,T0,11,"Advance, SP-Friendly",,2026-04-03,4.1.1,Virtual Made Manifest,42.65,39467,ok,https://cdn.prydwen.gg/images/honkai-star-rail/characters/castorice_icon.webp
20260630,2026-06-30,pf,虚构叙事,castorice,Castorice,遐蝶,DPS,main_dps,主C,T0,11,"Advance, SP-Friendly",,2026-04-19,4.1.1,Virtual Made Manifest,44.03,39329,ok,https://cdn.prydwen.gg/images/honkai-star-rail/characters/castorice_icon.webp
20260630,2026-06-30,pf,虚构叙事,castorice,Castorice,遐蝶,DPS,main_dps,主C,T0,11,"Advance, SP-Friendly",,2026-05-02,4.1.1,Virtual Made Manifest,43.22,39197,ok,https://cdn.prydwen.gg/images/honkai-star-rail/characters/castorice_icon.webp
20260630,2026-06-30,pf,虚构叙事,castorice,Castorice,遐蝶,DPS,main_dps,主C,T0,11,"Advance, SP-Friendly",,2026-05-16,4.2.1,Illusory Concepts,49.07,39383,ok,https://cdn.prydwen.gg/images/honkai-star-rail/characters/castorice_icon.webp
20260630,2026-06-30,pf,虚构叙事,castorice,Castorice,遐蝶,DPS,main_dps,主C,T0,11,"Advance, SP-Friendly",,2026-05-29,4.2.1,Illusory Concepts,48.81,39196,ok,https://cdn.prydwen.gg/images/honkai-star-rail/characters/castorice_icon.webp
20260630,2026-06-30,pf,虚构叙事,castorice,Castorice,遐蝶,DPS,main_dps,主C,T0,11,"Advance, SP-Friendly",,2026-06-11,4.2.1,Illusory Concepts,49.53,39128,ok,https://cdn.prydwen.gg/images/honkai-star-rail/characters/castorice_icon.webp
20260630,2026-06-30,pf,虚构叙事,castorice,Castorice,遐蝶,DPS,main_dps,主C,T0,11,"Advance, SP-Friendly",,2026-06-25,4.3.1,Falsehood to Fact,55.12,39355,ok,https://cdn.prydwen.gg/images/honkai-star-rail/characters/castorice_icon.webp
20260630,2026-06-30,as,末日幻影,castorice,Castorice,遐蝶,DPS,main_dps,主C,T0,11,"Advance, SP-Friendly",,2026-02-22,3.8.2,Dominance of Netherveil,69.08,3671,ok,https://cdn.prydwen.gg/images/honkai-star-rail/characters/castorice_icon.webp
20260630,2026-06-30,as,末日幻影,castorice,Castorice,遐蝶,DPS,main_dps,主C,T0,11,"Advance, SP-Friendly",,2026-03-06,3.8.2,Dominance of Netherveil,68.88,3666,ok,https://cdn.prydwen.gg/images/honkai-star-rail/characters/castorice_icon.webp
20260630,2026-06-30,as,末日幻影,castorice,Castorice,遐蝶,DPS,main_dps,主C,T0,11,"Advance, SP-Friendly",,2026-04-03,4.0.1,Militant Lupine,36.02,3479,ok,https://cdn.prydwen.gg/images/honkai-star-rail/characters/castorice_icon.webp
20260630,2026-06-30,as,末日幻影,castorice,Castorice,遐蝶,DPS,main_dps,主C,T0,11,"Advance, SP-Friendly",,2026-04-19,4.0.1,Militant Lupine,36.33,3474,ok,https://cdn.prydwen.gg/images/honkai-star-rail/characters/castorice_icon.webp
20260630,2026-06-30,as,末日幻影,castorice,Castorice,遐蝶,DPS,main_dps,主C,T0,11,"Advance, SP-Friendly",,2026-05-02,4.2.1,Idol of the Locusts,54.28,3464,ok,https://cdn.prydwen.gg/images/honkai-star-rail/characters/castorice_icon.webp
20260630,2026-06-30,as,末日幻影,castorice,Castorice,遐蝶,DPS,main_dps,主C,T0,11,"Advance, SP-Friendly",,2026-05-16,4.2.1,Idol of the Locusts,53.52,3456,ok,https://cdn.prydwen.gg/images/honkai-star-rail/characters/castorice_icon.webp
20260630,2026-06-30,as,末日幻影,castorice,Castorice,遐蝶,DPS,main_dps,主C,T0,11,"Advance, SP-Friendly",,2026-05-29,4.2.1,Idol of the Locusts,53.07,3454,ok,https://cdn.prydwen.gg/images/honkai-star-rail/characters/castorice_icon.webp
20260630,2026-06-30,as,末日幻影,castorice,Castorice,遐蝶,DPS,main_dps,主C,T0,11,"Advance, SP-Friendly",,2026-06-11,4.3.1,Gale of Forgetting,56.13,3471,ok,https://cdn.prydwen.gg/images/honkai-star-rail/characters/castorice_icon.webp
20260630,2026-06-30,as,末日幻影,castorice,Castorice,遐蝶,DPS,main_dps,主C,T0,11,"Advance, SP-Friendly",,2026-06-25,4.3.1,Gale of Forgetting,55.85,3464,ok,https://cdn.prydwen.gg/images/honkai-star-rail/characters/castorice_icon.webp
20260630,2026-06-30,moc,混沌回忆,cerydra,Cerydra,刻律德菈,Amplifier,support,辅助,T0.5,10,Buff,,2026-02-22,3.8.1,Breached Nest,18.01,8.05,ok,https://cdn.prydwen.gg/images/honkai-star-rail/characters/cerydra_icon.webp
20260630,2026-06-30,moc,混沌回忆,cerydra,Cerydra,刻律德菈,Amplifier,support,辅助,T0.5,10,Buff,,2026-03-06,4.0.1,Cyber Mystery,16.61,7.8,ok,https://cdn.prydwen.gg/images/honkai-star-rail/characters/cerydra_icon.webp
20260630,2026-06-30,moc,混沌回忆,cerydra,Cerydra,刻律德菈,Amplifier,support,辅助,T0.5,10,Buff,,2026-04-03,4.0.1,Cyber Mystery,16.84,8.08,ok,https://cdn.prydwen.gg/images/honkai-star-rail/characters/cerydra_icon.webp
20260630,2026-06-30,moc,混沌回忆,cerydra,Cerydra,刻律德菈,Amplifier,support,辅助,T0.5,10,Buff,,2026-04-19,4.1.1,Grand Finale,15.78,7.48,ok,https://cdn.prydwen.gg/images/honkai-star-rail/characters/cerydra_icon.webp
20260630,2026-06-30,moc,混沌回忆,cerydra,Cerydra,刻律德菈,Amplifier,support,辅助,T0.5,10,Buff,,2026-05-02,4.1.1,Grand Finale,13.52,7.57,ok,https://cdn.prydwen.gg/images/honkai-star-rail/characters/cerydra_icon.webp
20260630,2026-06-30,moc,混沌回忆,cerydra,Cerydra,刻律德菈,Amplifier,support,辅助,T0.5,10,Buff,,2026-05-16,4.1.1,Grand Finale,12.75,7.67,ok,https://cdn.prydwen.gg/images/honkai-star-rail/characters/cerydra_icon.webp
20260630,2026-06-30,moc,混沌回忆,cerydra,Cerydra,刻律德菈,Amplifier,support,辅助,T0.5,10,Buff,,2026-05-29,4.2.1,Duty Action,10.48,8.63,ok,https://cdn.prydwen.gg/images/honkai-star-rail/characters/cerydra_icon.webp
20260630,2026-06-30,moc,混沌回忆,cerydra,Cerydra,刻律德菈,Amplifier,support,辅助,T0.5,10,Buff,,2026-06-11,4.2.1,Duty Action,13.08,8.9,ok,https://cdn.prydwen.gg/images/honkai-star-rail/characters/cerydra_icon.webp
20260630,2026-06-30,moc,混沌回忆,cerydra,Cerydra,刻律德菈,Amplifier,support,辅助,T0.5,10,Buff,,2026-06-25,4.2.1,Duty Action,13.03,8.77,ok,https://cdn.prydwen.gg/images/honkai-star-rail/characters/cerydra_icon.webp
20260630,2026-06-30,pf,虚构叙事,cerydra,Cerydra,刻律德菈,Amplifier,support,辅助,T1,9,Buff,,2026-02-22,4.0.1,Wordless Novel,15.56,29551,ok,https://cdn.prydwen.gg/images/honkai-star-rail/characters/cerydra_icon.webp
20260630,2026-06-30,pf,虚构叙事,cerydra,Cerydra,刻律德菈,Amplifier,support,辅助,T1,9,Buff,,2026-03-06,4.0.1,Wordless Novel,14.98,29434,ok,https://cdn.prydwen.gg/images/honkai-star-rail/characters/cerydra_icon.webp
20260630,2026-06-30,pf,虚构叙事,cerydra,Cerydra,刻律德菈,Amplifier,support,辅助,T1,9,Buff,,2026-04-03,4.1.1,Virtual Made Manifest,13.78,27195,ok,https://cdn.prydwen.gg/images/honkai-star-rail/characters/cerydra_icon.webp
20260630,2026-06-30,pf,虚构叙事,cerydra,Cerydra,刻律德菈,Amplifier,support,辅助,T1,9,Buff,,2026-04-19,4.1.1,Virtual Made Manifest,13.45,27195,ok,https://cdn.prydwen.gg/images/honkai-star-rail/characters/cerydra_icon.webp
20260630,2026-06-30,pf,虚构叙事,cerydra,Cerydra,刻律德菈,Amplifier,support,辅助,T1,9,Buff,,2026-05-02,4.1.1,Virtual Made Manifest,13.15,27218,ok,https://cdn.prydwen.gg/images/honkai-star-rail/characters/cerydra_icon.webp
20260630,2026-06-30,pf,虚构叙事,cerydra,Cerydra,刻律德菈,Amplifier,support,辅助,T1,9,Buff,,2026-05-16,4.2.1,Illusory Concepts,9.63,24969,ok,https://cdn.prydwen.gg/images/honkai-star-rail/characters/cerydra_icon.webp
20260630,2026-06-30,pf,虚构叙事,cerydra,Cerydra,刻律德菈,Amplifier,support,辅助,T1,9,Buff,,2026-05-29,4.2.1,Illusory Concepts,8.99,25074,ok,https://cdn.prydwen.gg/images/honkai-star-rail/characters/cerydra_icon.webp
20260630,2026-06-30,pf,虚构叙事,cerydra,Cerydra,刻律德菈,Amplifier,support,辅助,T1,9,Buff,,2026-06-11,4.2.1,Illusory Concepts,9.35,24928,ok,https://cdn.prydwen.gg/images/honkai-star-rail/characters/cerydra_icon.webp
20260630,2026-06-30,pf,虚构叙事,cerydra,Cerydra,刻律德菈,Amplifier,support,辅助,T1,9,Buff,,2026-06-25,4.3.1,Falsehood to Fact,15.68,27366,ok,https://cdn.prydwen.gg/images/honkai-star-rail/characters/cerydra_icon.webp
20260630,2026-06-30,as,末日幻影,cerydra,Cerydra,刻律德菈,Amplifier,support,辅助,T0.5,10,Buff,,2026-02-22,3.8.2,Dominance of Netherveil,18.22,3607,ok,https://cdn.prydwen.gg/images/honkai-star-rail/characters/cerydra_icon.webp
20260630,2026-06-30,as,末日幻影,cerydra,Cerydra,刻律德菈,Amplifier,support,辅助,T0.5,10,Buff,,2026-03-06,3.8.2,Dominance of Netherveil,18.02,3607,ok,https://cdn.prydwen.gg/images/honkai-star-rail/characters/cerydra_icon.webp
20260630,2026-06-30,as,末日幻影,cerydra,Cerydra,刻律德菈,Amplifier,support,辅助,T0.5,10,Buff,,2026-04-03,4.0.1,Militant Lupine,13.63,3387,ok,https://cdn.prydwen.gg/images/honkai-star-rail/characters/cerydra_icon.webp
20260630,2026-06-30,as,末日幻影,cerydra,Cerydra,刻律德菈,Amplifier,support,辅助,T0.5,10,Buff,,2026-04-19,4.0.1,Militant Lupine,13.42,3385,ok,https://cdn.prydwen.gg/images/honkai-star-rail/characters/cerydra_icon.webp
20260630,2026-06-30,as,末日幻影,cerydra,Cerydra,刻律德菈,Amplifier,support,辅助,T0.5,10,Buff,,2026-05-02,4.2.1,Idol of the Locusts,7.73,3218,ok,https://cdn.prydwen.gg/images/honkai-star-rail/characters/cerydra_icon.webp
20260630,2026-06-30,as,末日幻影,cerydra,Cerydra,刻律德菈,Amplifier,support,辅助,T0.5,10,Buff,,2026-05-16,4.2.1,Idol of the Locusts,7.3,3193,ok,https://cdn.prydwen.gg/images/honkai-star-rail/characters/cerydra_icon.webp
20260630,2026-06-30,as,末日幻影,cerydra,Cerydra,刻律德菈,Amplifier,support,辅助,T0.5,10,Buff,,2026-05-29,4.2.1,Idol of the Locusts,7.15,3193,ok,https://cdn.prydwen.gg/images/honkai-star-rail/characters/cerydra_icon.webp
20260630,2026-06-30,as,末日幻影,cerydra,Cerydra,刻律德菈,Amplifier,support,辅助,T0.5,10,Buff,,2026-06-11,4.3.1,Gale of Forgetting,19.24,3369,ok,https://cdn.prydwen.gg/images/honkai-star-rail/characters/cerydra_icon.webp
20260630,2026-06-30,as,末日幻影,cerydra,Cerydra,刻律德菈,Amplifier,support,辅助,T0.5,10,Buff,,2026-06-25,4.3.1,Gale of Forgetting,19.35,3366,ok,https://cdn.prydwen.gg/images/honkai-star-rail/characters/cerydra_icon.webp
20260630,2026-06-30,moc,混沌回忆,cipher,Cipher,赛飞儿,Amplifier,support,辅助,T0.5,10,"Debuff, SP-Friendly",watch,2026-02-22,3.8.1,Breached Nest,4.95,8.21,ok,https://cdn.prydwen.gg/images/honkai-star-rail/characters/cipher_icon.webp
20260630,2026-06-30,moc,混沌回忆,cipher,Cipher,赛飞儿,Amplifier,support,辅助,T0.5,10,"Debuff, SP-Friendly",watch,2026-03-06,4.0.1,Cyber Mystery,2.02,7.59,ok,https://cdn.prydwen.gg/images/honkai-star-rail/characters/cipher_icon.webp
20260630,2026-06-30,moc,混沌回忆,cipher,Cipher,赛飞儿,Amplifier,support,辅助,T0.5,10,"Debuff, SP-Friendly",watch,2026-04-03,4.0.1,Cyber Mystery,1.87,7.53,ok,https://cdn.prydwen.gg/images/honkai-star-rail/characters/cipher_icon.webp
20260630,2026-06-30,moc,混沌回忆,cipher,Cipher,赛飞儿,Amplifier,support,辅助,T0.5,10,"Debuff, SP-Friendly",watch,2026-04-19,4.1.1,Grand Finale,2.09,7.43,ok,https://cdn.prydwen.gg/images/honkai-star-rail/characters/cipher_icon.webp
20260630,2026-06-30,moc,混沌回忆,cipher,Cipher,赛飞儿,Amplifier,support,辅助,T0.5,10,"Debuff, SP-Friendly",watch,2026-05-02,4.1.1,Grand Finale,2.0,7.76,ok,https://cdn.prydwen.gg/images/honkai-star-rail/characters/cipher_icon.webp
20260630,2026-06-30,moc,混沌回忆,cipher,Cipher,赛飞儿,Amplifier,support,辅助,T0.5,10,"Debuff, SP-Friendly",watch,2026-05-16,4.1.1,Grand Finale,1.92,7.62,ok,https://cdn.prydwen.gg/images/honkai-star-rail/characters/cipher_icon.webp
20260630,2026-06-30,moc,混沌回忆,cipher,Cipher,赛飞儿,Amplifier,support,辅助,T0.5,10,"Debuff, SP-Friendly",watch,2026-05-29,4.2.1,Duty Action,1.01,99.99,ok,https://cdn.prydwen.gg/images/honkai-star-rail/characters/cipher_icon.webp
20260630,2026-06-30,moc,混沌回忆,cipher,Cipher,赛飞儿,Amplifier,support,辅助,T0.5,10,"Debuff, SP-Friendly",watch,2026-06-11,4.2.1,Duty Action,1.53,99.99,ok,https://cdn.prydwen.gg/images/honkai-star-rail/characters/cipher_icon.webp
20260630,2026-06-30,moc,混沌回忆,cipher,Cipher,赛飞儿,Amplifier,support,辅助,T0.5,10,"Debuff, SP-Friendly",watch,2026-06-25,4.2.1,Duty Action,1.54,8.25,ok,https://cdn.prydwen.gg/images/honkai-star-rail/characters/cipher_icon.webp
20260630,2026-06-30,pf,虚构叙事,cipher,Cipher,赛飞儿,Amplifier,support,辅助,T0.5,10,"Debuff, SP-Friendly",,2026-02-22,4.0.1,Wordless Novel,1.62,31004,ok,https://cdn.prydwen.gg/images/honkai-star-rail/characters/cipher_icon.webp
20260630,2026-06-30,pf,虚构叙事,cipher,Cipher,赛飞儿,Amplifier,support,辅助,T0.5,10,"Debuff, SP-Friendly",,2026-03-06,4.0.1,Wordless Novel,1.57,30457,ok,https://cdn.prydwen.gg/images/honkai-star-rail/characters/cipher_icon.webp
20260630,2026-06-30,pf,虚构叙事,cipher,Cipher,赛飞儿,Amplifier,support,辅助,T0.5,10,"Debuff, SP-Friendly",,2026-04-03,4.1.1,Virtual Made Manifest,1.69,28015,ok,https://cdn.prydwen.gg/images/honkai-star-rail/characters/cipher_icon.webp
20260630,2026-06-30,pf,虚构叙事,cipher,Cipher,赛飞儿,Amplifier,support,辅助,T0.5,10,"Debuff, SP-Friendly",,2026-04-19,4.1.1,Virtual Made Manifest,1.6,26912,ok,https://cdn.prydwen.gg/images/honkai-star-rail/characters/cipher_icon.webp
20260630,2026-06-30,pf,虚构叙事,cipher,Cipher,赛飞儿,Amplifier,support,辅助,T0.5,10,"Debuff, SP-Friendly",,2026-05-02,4.1.1,Virtual Made Manifest,1.41,28815,ok,https://cdn.prydwen.gg/images/honkai-star-rail/characters/cipher_icon.webp
20260630,2026-06-30,pf,虚构叙事,cipher,Cipher,赛飞儿,Amplifier,support,辅助,T0.5,10,"Debuff, SP-Friendly",,2026-05-16,4.2.1,Illusory Concepts,0.73,30447,ok,https://cdn.prydwen.gg/images/honkai-star-rail/characters/cipher_icon.webp
20260630,2026-06-30,pf,虚构叙事,cipher,Cipher,赛飞儿,Amplifier,support,辅助,T0.5,10,"Debuff, SP-Friendly",,2026-05-29,4.2.1,Illusory Concepts,0.77,30032,ok,https://cdn.prydwen.gg/images/honkai-star-rail/characters/cipher_icon.webp
20260630,2026-06-30,pf,虚构叙事,cipher,Cipher,赛飞儿,Amplifier,support,辅助,T0.5,10,"Debuff, SP-Friendly",,2026-06-11,4.2.1,Illusory Concepts,0.84,29300,ok,https://cdn.prydwen.gg/images/honkai-star-rail/characters/cipher_icon.webp
20260630,2026-06-30,pf,虚构叙事,cipher,Cipher,赛飞儿,Amplifier,support,辅助,T0.5,10,"Debuff, SP-Friendly",,2026-06-25,4.3.1,Falsehood to Fact,3.58,30826,ok,https://cdn.prydwen.gg/images/honkai-star-rail/characters/cipher_icon.webp
20260630,2026-06-30,as,末日幻影,cipher,Cipher,赛飞儿,Amplifier,support,辅助,T1,9,"Debuff, SP-Friendly",,2026-02-22,3.8.2,Dominance of Netherveil,1.7,3355,ok,https://cdn.prydwen.gg/images/honkai-star-rail/characters/cipher_icon.webp
20260630,2026-06-30,as,末日幻影,cipher,Cipher,赛飞儿,Amplifier,support,辅助,T1,9,"Debuff, SP-Friendly",,2026-03-06,3.8.2,Dominance of Netherveil,1.66,3351,ok,https://cdn.prydwen.gg/images/honkai-star-rail/characters/cipher_icon.webp
20260630,2026-06-30,as,末日幻影,cipher,Cipher,赛飞儿,Amplifier,support,辅助,T1,9,"Debuff, SP-Friendly",,2026-04-03,4.0.1,Militant Lupine,2.67,3491,ok,https://cdn.prydwen.gg/images/honkai-star-rail/characters/cipher_icon.webp
20260630,2026-06-30,as,末日幻影,cipher,Cipher,赛飞儿,Amplifier,support,辅助,T1,9,"Debuff, SP-Friendly",,2026-04-19,4.0.1,Militant Lupine,2.58,3484,ok,https://cdn.prydwen.gg/images/honkai-star-rail/characters/cipher_icon.webp
20260630,2026-06-30,as,末日幻影,cipher,Cipher,赛飞儿,Amplifier,support,辅助,T1,9,"Debuff, SP-Friendly",,2026-05-02,4.2.1,Idol of the Locusts,0.72,3361,ok,https://cdn.prydwen.gg/images/honkai-star-rail/characters/cipher_icon.webp
20260630,2026-06-30,as,末日幻影,cipher,Cipher,赛飞儿,Amplifier,support,辅助,T1,9,"Debuff, SP-Friendly",,2026-05-16,4.2.1,Idol of the Locusts,0.73,3332,ok,https://cdn.prydwen.gg/images/honkai-star-rail/characters/cipher_icon.webp
20260630,2026-06-30,as,末日幻影,cipher,Cipher,赛飞儿,Amplifier,support,辅助,T1,9,"Debuff, SP-Friendly",,2026-05-29,4.2.1,Idol of the Locusts,0.75,3337,ok,https://cdn.prydwen.gg/images/honkai-star-rail/characters/cipher_icon.webp
20260630,2026-06-30,as,末日幻影,cipher,Cipher,赛飞儿,Amplifier,support,辅助,T1,9,"Debuff, SP-Friendly",,2026-06-11,4.3.1,Gale of Forgetting,4.02,3433,ok,https://cdn.prydwen.gg/images/honkai-star-rail/characters/cipher_icon.webp
20260630,2026-06-30,as,末日幻影,cipher,Cipher,赛飞儿,Amplifier,support,辅助,T1,9,"Debuff, SP-Friendly",,2026-06-25,4.3.1,Gale of Forgetting,4.1,3424,ok,https://cdn.prydwen.gg/images/honkai-star-rail/characters/cipher_icon.webp
20260630,2026-06-30,moc,混沌回忆,cyrene,Cyrene,昔涟,Amplifier,support,辅助,T0,11,"Energy, Buff",,2026-02-22,3.8.1,Breached Nest,49.34,7.38,ok,https://cdn.prydwen.gg/images/honkai-star-rail/characters/cyrene_icon.webp
20260630,2026-06-30,moc,混沌回忆,cyrene,Cyrene,昔涟,Amplifier,support,辅助,T0,11,"Energy, Buff",,2026-03-06,4.0.1,Cyber Mystery,47.2,6.25,ok,https://cdn.prydwen.gg/images/honkai-star-rail/characters/cyrene_icon.webp
20260630,2026-06-30,moc,混沌回忆,cyrene,Cyrene,昔涟,Amplifier,support,辅助,T0,11,"Energy, Buff",,2026-04-03,4.0.1,Cyber Mystery,45.79,6.26,ok,https://cdn.prydwen.gg/images/honkai-star-rail/characters/cyrene_icon.webp
20260630,2026-06-30,moc,混沌回忆,cyrene,Cyrene,昔涟,Amplifier,support,辅助,T0,11,"Energy, Buff",,2026-04-19,4.1.1,Grand Finale,47.79,6.23,ok,https://cdn.prydwen.gg/images/honkai-star-rail/characters/cyrene_icon.webp
20260630,2026-06-30,moc,混沌回忆,cyrene,Cyrene,昔涟,Amplifier,support,辅助,T0,11,"Energy, Buff",,2026-05-02,4.1.1,Grand Finale,44.72,6.0,ok,https://cdn.prydwen.gg/images/honkai-star-rail/characters/cyrene_icon.webp
20260630,2026-06-30,moc,混沌回忆,cyrene,Cyrene,昔涟,Amplifier,support,辅助,T0,11,"Energy, Buff",,2026-05-16,4.1.1,Grand Finale,43.62,5.97,ok,https://cdn.prydwen.gg/images/honkai-star-rail/characters/cyrene_icon.webp
20260630,2026-06-30,moc,混沌回忆,cyrene,Cyrene,昔涟,Amplifier,support,辅助,T0,11,"Energy, Buff",,2026-05-29,4.2.1,Duty Action,28.84,7.28,ok,https://cdn.prydwen.gg/images/honkai-star-rail/characters/cyrene_icon.webp
20260630,2026-06-30,moc,混沌回忆,cyrene,Cyrene,昔涟,Amplifier,support,辅助,T0,11,"Energy, Buff",,2026-06-11,4.2.1,Duty Action,34.79,7.45,ok,https://cdn.prydwen.gg/images/honkai-star-rail/characters/cyrene_icon.webp
20260630,2026-06-30,moc,混沌回忆,cyrene,Cyrene,昔涟,Amplifier,support,辅助,T0,11,"Energy, Buff",,2026-06-25,4.2.1,Duty Action,34.54,7.43,ok,https://cdn.prydwen.gg/images/honkai-star-rail/characters/cyrene_icon.webp
20260630,2026-06-30,pf,虚构叙事,cyrene,Cyrene,昔涟,Amplifier,support,辅助,T0,11,"Energy, Buff",,2026-02-22,4.0.1,Wordless Novel,51.22,39930,ok,https://cdn.prydwen.gg/images/honkai-star-rail/characters/cyrene_icon.webp
20260630,2026-06-30,pf,虚构叙事,cyrene,Cyrene,昔涟,Amplifier,support,辅助,T0,11,"Energy, Buff",,2026-03-06,4.0.1,Wordless Novel,50.34,39880,ok,https://cdn.prydwen.gg/images/honkai-star-rail/characters/cyrene_icon.webp
20260630,2026-06-30,pf,虚构叙事,cyrene,Cyrene,昔涟,Amplifier,support,辅助,T0,11,"Energy, Buff",,2026-04-03,4.1.1,Virtual Made Manifest,44.25,39479,ok,https://cdn.prydwen.gg/images/honkai-star-rail/characters/cyrene_icon.webp
20260630,2026-06-30,pf,虚构叙事,cyrene,Cyrene,昔涟,Amplifier,support,辅助,T0,11,"Energy, Buff",,2026-04-19,4.1.1,Virtual Made Manifest,44.51,39380,ok,https://cdn.prydwen.gg/images/honkai-star-rail/characters/cyrene_icon.webp
20260630,2026-06-30,pf,虚构叙事,cyrene,Cyrene,昔涟,Amplifier,support,辅助,T0,11,"Energy, Buff",,2026-05-02,4.1.1,Virtual Made Manifest,42.77,39228,ok,https://cdn.prydwen.gg/images/honkai-star-rail/characters/cyrene_icon.webp
20260630,2026-06-30,pf,虚构叙事,cyrene,Cyrene,昔涟,Amplifier,support,辅助,T0,11,"Energy, Buff",,2026-05-16,4.2.1,Illusory Concepts,45.95,39516,ok,https://cdn.prydwen.gg/images/honkai-star-rail/characters/cyrene_icon.webp
20260630,2026-06-30,pf,虚构叙事,cyrene,Cyrene,昔涟,Amplifier,support,辅助,T0,11,"Energy, Buff",,2026-05-29,4.2.1,Illusory Concepts,44.8,39379,ok,https://cdn.prydwen.gg/images/honkai-star-rail/characters/cyrene_icon.webp
20260630,2026-06-30,pf,虚构叙事,cyrene,Cyrene,昔涟,Amplifier,support,辅助,T0,11,"Energy, Buff",,2026-06-11,4.2.1,Illusory Concepts,45.24,39314,ok,https://cdn.prydwen.gg/images/honkai-star-rail/characters/cyrene_icon.webp
20260630,2026-06-30,pf,虚构叙事,cyrene,Cyrene,昔涟,Amplifier,support,辅助,T0,11,"Energy, Buff",,2026-06-25,4.3.1,Falsehood to Fact,55.6,39299,ok,https://cdn.prydwen.gg/images/honkai-star-rail/characters/cyrene_icon.webp
20260630,2026-06-30,as,末日幻影,cyrene,Cyrene,昔涟,Amplifier,support,辅助,T0,11,"Energy, Buff",,2026-02-22,3.8.2,Dominance of Netherveil,59.94,3682,ok,https://cdn.prydwen.gg/images/honkai-star-rail/characters/cyrene_icon.webp
20260630,2026-06-30,as,末日幻影,cyrene,Cyrene,昔涟,Amplifier,support,辅助,T0,11,"Energy, Buff",,2026-03-06,3.8.2,Dominance of Netherveil,58.98,3679,ok,https://cdn.prydwen.gg/images/honkai-star-rail/characters/cyrene_icon.webp
20260630,2026-06-30,as,末日幻影,cyrene,Cyrene,昔涟,Amplifier,support,辅助,T0,11,"Energy, Buff",,2026-04-03,4.0.1,Militant Lupine,35.98,3487,ok,https://cdn.prydwen.gg/images/honkai-star-rail/characters/cyrene_icon.webp
20260630,2026-06-30,as,末日幻影,cyrene,Cyrene,昔涟,Amplifier,support,辅助,T0,11,"Energy, Buff",,2026-04-19,4.0.1,Militant Lupine,35.96,3483,ok,https://cdn.prydwen.gg/images/honkai-star-rail/characters/cyrene_icon.webp
20260630,2026-06-30,as,末日幻影,cyrene,Cyrene,昔涟,Amplifier,support,辅助,T0,11,"Energy, Buff",,2026-05-02,4.2.1,Idol of the Locusts,50.85,3507,ok,https://cdn.prydwen.gg/images/honkai-star-rail/characters/cyrene_icon.webp
20260630,2026-06-30,as,末日幻影,cyrene,Cyrene,昔涟,Amplifier,support,辅助,T0,11,"Energy, Buff",,2026-05-16,4.2.1,Idol of the Locusts,49.66,3500,ok,https://cdn.prydwen.gg/images/honkai-star-rail/characters/cyrene_icon.webp
20260630,2026-06-30,as,末日幻影,cyrene,Cyrene,昔涟,Amplifier,support,辅助,T0,11,"Energy, Buff",,2026-05-29,4.2.1,Idol of the Locusts,49.1,3499,ok,https://cdn.prydwen.gg/images/honkai-star-rail/characters/cyrene_icon.webp
20260630,2026-06-30,as,末日幻影,cyrene,Cyrene,昔涟,Amplifier,support,辅助,T0,11,"Energy, Buff",,2026-06-11,4.3.1,Gale of Forgetting,55.32,3482,ok,https://cdn.prydwen.gg/images/honkai-star-rail/characters/cyrene_icon.webp
20260630,2026-06-30,as,末日幻影,cyrene,Cyrene,昔涟,Amplifier,support,辅助,T0,11,"Energy, Buff",,2026-06-25,4.3.1,Gale of Forgetting,55.03,3476,ok,https://cdn.prydwen.gg/images/honkai-star-rail/characters/cyrene_icon.webp
20260630,2026-06-30,moc,混沌回忆,dan-heng-permansor-terrae,Dan Heng • Permansor Terrae,丹恒•腾荒,Sustain,sustain,生存位,T0,11,"Buff, SP-Friendly",,2026-02-22,3.8.1,Breached Nest,48.05,8.29,ok,https://cdn.prydwen.gg/images/honkai-star-rail/characters/dan-heng-permansor-terrae_icon.webp
20260630,2026-06-30,moc,混沌回忆,dan-heng-permansor-terrae,Dan Heng • Permansor Terrae,丹恒•腾荒,Sustain,sustain,生存位,T0,11,"Buff, SP-Friendly",,2026-03-06,4.0.1,Cyber Mystery,60.16,6.72,ok,https://cdn.prydwen.gg/images/honkai-star-rail/characters/dan-heng-permansor-terrae_icon.webp
20260630,2026-06-30,moc,混沌回忆,dan-heng-permansor-terrae,Dan Heng • Permansor Terrae,丹恒•腾荒,Sustain,sustain,生存位,T0,11,"Buff, SP-Friendly",,2026-04-03,4.0.1,Cyber Mystery,61.42,6.76,ok,https://cdn.prydwen.gg/images/honkai-star-rail/characters/dan-heng-permansor-terrae_icon.webp
20260630,2026-06-30,moc,混沌回忆,dan-heng-permansor-terrae,Dan Heng • Permansor Terrae,丹恒•腾荒,Sustain,sustain,生存位,T0,11,"Buff, SP-Friendly",,2026-04-19,4.1.1,Grand Finale,62.12,6.66,ok,https://cdn.prydwen.gg/images/honkai-star-rail/characters/dan-heng-permansor-terrae_icon.webp
20260630,2026-06-30,moc,混沌回忆,dan-heng-permansor-terrae,Dan Heng • Permansor Terrae,丹恒•腾荒,Sustain,sustain,生存位,T0,11,"Buff, SP-Friendly",,2026-05-02,4.1.1,Grand Finale,55.05,6.7,ok,https://cdn.prydwen.gg/images/honkai-star-rail/characters/dan-heng-permansor-terrae_icon.webp
20260630,2026-06-30,moc,混沌回忆,dan-heng-permansor-terrae,Dan Heng • Permansor Terrae,丹恒•腾荒,Sustain,sustain,生存位,T0,11,"Buff, SP-Friendly",,2026-05-16,4.1.1,Grand Finale,52.46,6.74,ok,https://cdn.prydwen.gg/images/honkai-star-rail/characters/dan-heng-permansor-terrae_icon.webp
20260630,2026-06-30,moc,混沌回忆,dan-heng-permansor-terrae,Dan Heng • Permansor Terrae,丹恒•腾荒,Sustain,sustain,生存位,T0,11,"Buff, SP-Friendly",,2026-05-29,4.2.1,Duty Action,35.34,7.96,ok,https://cdn.prydwen.gg/images/honkai-star-rail/characters/dan-heng-permansor-terrae_icon.webp
20260630,2026-06-30,moc,混沌回忆,dan-heng-permansor-terrae,Dan Heng • Permansor Terrae,丹恒•腾荒,Sustain,sustain,生存位,T0,11,"Buff, SP-Friendly",,2026-06-11,4.2.1,Duty Action,43.88,8.06,ok,https://cdn.prydwen.gg/images/honkai-star-rail/characters/dan-heng-permansor-terrae_icon.webp
20260630,2026-06-30,moc,混沌回忆,dan-heng-permansor-terrae,Dan Heng • Permansor Terrae,丹恒•腾荒,Sustain,sustain,生存位,T0,11,"Buff, SP-Friendly",,2026-06-25,4.2.1,Duty Action,43.4,8.07,ok,https://cdn.prydwen.gg/images/honkai-star-rail/characters/dan-heng-permansor-terrae_icon.webp
20260630,2026-06-30,pf,虚构叙事,dan-heng-permansor-terrae,Dan Heng • Permansor Terrae,丹恒•腾荒,Sustain,sustain,生存位,T0.5,10,"Buff, SP-Friendly",,2026-02-22,4.0.1,Wordless Novel,55.12,30722,ok,https://cdn.prydwen.gg/images/honkai-star-rail/characters/dan-heng-permansor-terrae_icon.webp
20260630,2026-06-30,pf,虚构叙事,dan-heng-permansor-terrae,Dan Heng • Permansor Terrae,丹恒•腾荒,Sustain,sustain,生存位,T0.5,10,"Buff, SP-Friendly",,2026-03-06,4.0.1,Wordless Novel,55.85,30983,ok,https://cdn.prydwen.gg/images/honkai-star-rail/characters/dan-heng-permansor-terrae_icon.webp
20260630,2026-06-30,pf,虚构叙事,dan-heng-permansor-terrae,Dan Heng • Permansor Terrae,丹恒•腾荒,Sustain,sustain,生存位,T0.5,10,"Buff, SP-Friendly",,2026-04-03,4.1.1,Virtual Made Manifest,65.66,32226,ok,https://cdn.prydwen.gg/images/honkai-star-rail/characters/dan-heng-permansor-terrae_icon.webp
20260630,2026-06-30,pf,虚构叙事,dan-heng-permansor-terrae,Dan Heng • Permansor Terrae,丹恒•腾荒,Sustain,sustain,生存位,T0.5,10,"Buff, SP-Friendly",,2026-04-19,4.1.1,Virtual Made Manifest,65.35,31999,ok,https://cdn.prydwen.gg/images/honkai-star-rail/characters/dan-heng-permansor-terrae_icon.webp
20260630,2026-06-30,pf,虚构叙事,dan-heng-permansor-terrae,Dan Heng • Permansor Terrae,丹恒•腾荒,Sustain,sustain,生存位,T0.5,10,"Buff, SP-Friendly",,2026-05-02,4.1.1,Virtual Made Manifest,61.55,31857,ok,https://cdn.prydwen.gg/images/honkai-star-rail/characters/dan-heng-permansor-terrae_icon.webp
20260630,2026-06-30,pf,虚构叙事,dan-heng-permansor-terrae,Dan Heng • Permansor Terrae,丹恒•腾荒,Sustain,sustain,生存位,T0.5,10,"Buff, SP-Friendly",,2026-05-16,4.2.1,Illusory Concepts,44.52,32311,ok,https://cdn.prydwen.gg/images/honkai-star-rail/characters/dan-heng-permansor-terrae_icon.webp
20260630,2026-06-30,pf,虚构叙事,dan-heng-permansor-terrae,Dan Heng • Permansor Terrae,丹恒•腾荒,Sustain,sustain,生存位,T0.5,10,"Buff, SP-Friendly",,2026-05-29,4.2.1,Illusory Concepts,44.15,32184,ok,https://cdn.prydwen.gg/images/honkai-star-rail/characters/dan-heng-permansor-terrae_icon.webp
20260630,2026-06-30,pf,虚构叙事,dan-heng-permansor-terrae,Dan Heng • Permansor Terrae,丹恒•腾荒,Sustain,sustain,生存位,T0.5,10,"Buff, SP-Friendly",,2026-06-11,4.2.1,Illusory Concepts,45.53,32138,ok,https://cdn.prydwen.gg/images/honkai-star-rail/characters/dan-heng-permansor-terrae_icon.webp
20260630,2026-06-30,pf,虚构叙事,dan-heng-permansor-terrae,Dan Heng • Permansor Terrae,丹恒•腾荒,Sustain,sustain,生存位,T0.5,10,"Buff, SP-Friendly",,2026-06-25,4.3.1,Falsehood to Fact,53.07,31558,ok,https://cdn.prydwen.gg/images/honkai-star-rail/characters/dan-heng-permansor-terrae_icon.webp
20260630,2026-06-30,as,末日幻影,dan-heng-permansor-terrae,Dan Heng • Permansor Terrae,丹恒•腾荒,Sustain,sustain,生存位,T0,11,"Buff, SP-Friendly",up,2026-02-22,3.8.2,Dominance of Netherveil,38.38,3527,ok,https://cdn.prydwen.gg/images/honkai-star-rail/characters/dan-heng-permansor-terrae_icon.webp
20260630,2026-06-30,as,末日幻影,dan-heng-permansor-terrae,Dan Heng • Permansor Terrae,丹恒•腾荒,Sustain,sustain,生存位,T0,11,"Buff, SP-Friendly",up,2026-03-06,3.8.2,Dominance of Netherveil,39.39,3527,ok,https://cdn.prydwen.gg/images/honkai-star-rail/characters/dan-heng-permansor-terrae_icon.webp
20260630,2026-06-30,as,末日幻影,dan-heng-permansor-terrae,Dan Heng • Permansor Terrae,丹恒•腾荒,Sustain,sustain,生存位,T0,11,"Buff, SP-Friendly",up,2026-04-03,4.0.1,Militant Lupine,69.46,3548,ok,https://cdn.prydwen.gg/images/honkai-star-rail/characters/dan-heng-permansor-terrae_icon.webp
20260630,2026-06-30,as,末日幻影,dan-heng-permansor-terrae,Dan Heng • Permansor Terrae,丹恒•腾荒,Sustain,sustain,生存位,T0,11,"Buff, SP-Friendly",up,2026-04-19,4.0.1,Militant Lupine,69.63,3544,ok,https://cdn.prydwen.gg/images/honkai-star-rail/characters/dan-heng-permansor-terrae_icon.webp
20260630,2026-06-30,as,末日幻影,dan-heng-permansor-terrae,Dan Heng • Permansor Terrae,丹恒•腾荒,Sustain,sustain,生存位,T0,11,"Buff, SP-Friendly",up,2026-05-02,4.2.1,Idol of the Locusts,37.31,3554,ok,https://cdn.prydwen.gg/images/honkai-star-rail/characters/dan-heng-permansor-terrae_icon.webp
20260630,2026-06-30,as,末日幻影,dan-heng-permansor-terrae,Dan Heng • Permansor Terrae,丹恒•腾荒,Sustain,sustain,生存位,T0,11,"Buff, SP-Friendly",up,2026-05-16,4.2.1,Idol of the Locusts,38.05,3545,ok,https://cdn.prydwen.gg/images/honkai-star-rail/characters/dan-heng-permansor-terrae_icon.webp
20260630,2026-06-30,as,末日幻影,dan-heng-permansor-terrae,Dan Heng • Permansor Terrae,丹恒•腾荒,Sustain,sustain,生存位,T0,11,"Buff, SP-Friendly",up,2026-05-29,4.2.1,Idol of the Locusts,38.17,3543,ok,https://cdn.prydwen.gg/images/honkai-star-rail/characters/dan-heng-permansor-terrae_icon.webp
20260630,2026-06-30,as,末日幻影,dan-heng-permansor-terrae,Dan Heng • Permansor Terrae,丹恒•腾荒,Sustain,sustain,生存位,T0,11,"Buff, SP-Friendly",up,2026-06-11,4.3.1,Gale of Forgetting,61.5,3452,ok,https://cdn.prydwen.gg/images/honkai-star-rail/characters/dan-heng-permansor-terrae_icon.webp
20260630,2026-06-30,as,末日幻影,dan-heng-permansor-terrae,Dan Heng • Permansor Terrae,丹恒•腾荒,Sustain,sustain,生存位,T0,11,"Buff, SP-Friendly",up,2026-06-25,4.3.1,Gale of Forgetting,61.49,3448,ok,https://cdn.prydwen.gg/images/honkai-star-rail/characters/dan-heng-permansor-terrae_icon.webp
20260630,2026-06-30,moc,混沌回忆,evanescia,Evanescia,绯英,DPS,main_dps,主C,T0,11,,,2026-05-16,4.1.1,Grand Finale,3.82,4.47,ok,https://cdn.prydwen.gg/images/honkai-star-rail/characters/evanescia_icon.webp
20260630,2026-06-30,moc,混沌回忆,evanescia,Evanescia,绯英,DPS,main_dps,主C,T0,11,,,2026-05-29,4.2.1,Duty Action,14.11,7.94,ok,https://cdn.prydwen.gg/images/honkai-star-rail/characters/evanescia_icon.webp
20260630,2026-06-30,moc,混沌回忆,evanescia,Evanescia,绯英,DPS,main_dps,主C,T0,11,,,2026-06-11,4.2.1,Duty Action,17.34,8.08,ok,https://cdn.prydwen.gg/images/honkai-star-rail/characters/evanescia_icon.webp
20260630,2026-06-30,moc,混沌回忆,evanescia,Evanescia,绯英,DPS,main_dps,主C,T0,11,,,2026-06-25,4.2.1,Duty Action,17.2,8.03,ok,https://cdn.prydwen.gg/images/honkai-star-rail/characters/evanescia_icon.webp
20260630,2026-06-30,pf,虚构叙事,evanescia,Evanescia,绯英,DPS,main_dps,主C,T0,11,,,2026-05-16,4.2.1,Illusory Concepts,4.83,36192,ok,https://cdn.prydwen.gg/images/honkai-star-rail/characters/evanescia_icon.webp
20260630,2026-06-30,pf,虚构叙事,evanescia,Evanescia,绯英,DPS,main_dps,主C,T0,11,,,2026-05-29,4.2.1,Illusory Concepts,10.78,35502,ok,https://cdn.prydwen.gg/images/honkai-star-rail/characters/evanescia_icon.webp
20260630,2026-06-30,pf,虚构叙事,evanescia,Evanescia,绯英,DPS,main_dps,主C,T0,11,,,2026-06-11,4.2.1,Illusory Concepts,11.78,35496,ok,https://cdn.prydwen.gg/images/honkai-star-rail/characters/evanescia_icon.webp
20260630,2026-06-30,pf,虚构叙事,evanescia,Evanescia,绯英,DPS,main_dps,主C,T0,11,,,2026-06-25,4.3.1,Falsehood to Fact,23.0,36474,ok,https://cdn.prydwen.gg/images/honkai-star-rail/characters/evanescia_icon.webp
20260630,2026-06-30,as,末日幻影,evanescia,Evanescia,绯英,DPS,main_dps,主C,T0,11,,,2026-05-16,4.2.1,Idol of the Locusts,4.09,3573,ok,https://cdn.prydwen.gg/images/honkai-star-rail/characters/evanescia_icon.webp
20260630,2026-06-30,as,末日幻影,evanescia,Evanescia,绯英,DPS,main_dps,主C,T0,11,,,2026-05-29,4.2.1,Idol of the Locusts,6.15,3571,ok,https://cdn.prydwen.gg/images/honkai-star-rail/characters/evanescia_icon.webp
20260630,2026-06-30,as,末日幻影,evanescia,Evanescia,绯英,DPS,main_dps,主C,T0,11,,,2026-06-11,4.3.1,Gale of Forgetting,20.32,3618,ok,https://cdn.prydwen.gg/images/honkai-star-rail/characters/evanescia_icon.webp
20260630,2026-06-30,as,末日幻影,evanescia,Evanescia,绯英,DPS,main_dps,主C,T0,11,,,2026-06-25,4.3.1,Gale of Forgetting,20.03,3604,ok,https://cdn.prydwen.gg/images/honkai-star-rail/characters/evanescia_icon.webp
20260630,2026-06-30,moc,混沌回忆,feixiao,Feixiao,飞霄,DPS,main_dps,主C,T1,9,,,2026-02-22,3.8.1,Breached Nest,0.49,99.99,ok,https://cdn.prydwen.gg/images/honkai-star-rail/characters/feixiao_icon.webp
20260630,2026-06-30,moc,混沌回忆,feixiao,Feixiao,飞霄,DPS,main_dps,主C,T1,9,,,2026-03-06,4.0.1,Cyber Mystery,0.38,99.99,ok,https://cdn.prydwen.gg/images/honkai-star-rail/characters/feixiao_icon.webp
20260630,2026-06-30,moc,混沌回忆,feixiao,Feixiao,飞霄,DPS,main_dps,主C,T1,9,,,2026-04-03,4.0.1,Cyber Mystery,0.54,99.99,ok,https://cdn.prydwen.gg/images/honkai-star-rail/characters/feixiao_icon.webp
20260630,2026-06-30,moc,混沌回忆,feixiao,Feixiao,飞霄,DPS,main_dps,主C,T1,9,,,2026-04-19,4.1.1,Grand Finale,1.52,8.0,ok,https://cdn.prydwen.gg/images/honkai-star-rail/characters/feixiao_icon.webp
20260630,2026-06-30,moc,混沌回忆,feixiao,Feixiao,飞霄,DPS,main_dps,主C,T1,9,,,2026-05-02,4.1.1,Grand Finale,1.33,8.21,ok,https://cdn.prydwen.gg/images/honkai-star-rail/characters/feixiao_icon.webp
20260630,2026-06-30,moc,混沌回忆,feixiao,Feixiao,飞霄,DPS,main_dps,主C,T1,9,,,2026-05-16,4.1.1,Grand Finale,1.3,8.27,ok,https://cdn.prydwen.gg/images/honkai-star-rail/characters/feixiao_icon.webp
20260630,2026-06-30,moc,混沌回忆,feixiao,Feixiao,飞霄,DPS,main_dps,主C,T1,9,,,2026-05-29,4.2.1,Duty Action,0.5,99.99,ok,https://cdn.prydwen.gg/images/honkai-star-rail/characters/feixiao_icon.webp
20260630,2026-06-30,moc,混沌回忆,feixiao,Feixiao,飞霄,DPS,main_dps,主C,T1,9,,,2026-06-11,4.2.1,Duty Action,0.74,99.99,ok,https://cdn.prydwen.gg/images/honkai-star-rail/characters/feixiao_icon.webp
20260630,2026-06-30,moc,混沌回忆,feixiao,Feixiao,飞霄,DPS,main_dps,主C,T1,9,,,2026-06-25,4.2.1,Duty Action,0.77,99.99,ok,https://cdn.prydwen.gg/images/honkai-star-rail/characters/feixiao_icon.webp
20260630,2026-06-30,pf,虚构叙事,feixiao,Feixiao,飞霄,DPS,main_dps,主C,T2,7,,,2026-02-22,4.0.1,Wordless Novel,0.1,0,ok,https://cdn.prydwen.gg/images/honkai-star-rail/characters/feixiao_icon.webp
20260630,2026-06-30,pf,虚构叙事,feixiao,Feixiao,飞霄,DPS,main_dps,主C,T2,7,,,2026-03-06,4.0.1,Wordless Novel,0.12,0,ok,https://cdn.prydwen.gg/images/honkai-star-rail/characters/feixiao_icon.webp
20260630,2026-06-30,pf,虚构叙事,feixiao,Feixiao,飞霄,DPS,main_dps,主C,T2,7,,,2026-04-03,4.1.1,Virtual Made Manifest,0.65,27377,ok,https://cdn.prydwen.gg/images/honkai-star-rail/characters/feixiao_icon.webp
20260630,2026-06-30,pf,虚构叙事,feixiao,Feixiao,飞霄,DPS,main_dps,主C,T2,7,,,2026-04-19,4.1.1,Virtual Made Manifest,0.68,26634,ok,https://cdn.prydwen.gg/images/honkai-star-rail/characters/feixiao_icon.webp
20260630,2026-06-30,pf,虚构叙事,feixiao,Feixiao,飞霄,DPS,main_dps,主C,T2,7,,,2026-05-02,4.1.1,Virtual Made Manifest,0.65,26705,ok,https://cdn.prydwen.gg/images/honkai-star-rail/characters/feixiao_icon.webp
20260630,2026-06-30,pf,虚构叙事,feixiao,Feixiao,飞霄,DPS,main_dps,主C,T2,7,,,2026-05-16,4.2.1,Illusory Concepts,0.15,0,ok,https://cdn.prydwen.gg/images/honkai-star-rail/characters/feixiao_icon.webp
20260630,2026-06-30,pf,虚构叙事,feixiao,Feixiao,飞霄,DPS,main_dps,主C,T2,7,,,2026-05-29,4.2.1,Illusory Concepts,0.16,0,ok,https://cdn.prydwen.gg/images/honkai-star-rail/characters/feixiao_icon.webp
20260630,2026-06-30,pf,虚构叙事,feixiao,Feixiao,飞霄,DPS,main_dps,主C,T2,7,,,2026-06-11,4.2.1,Illusory Concepts,0.18,0,ok,https://cdn.prydwen.gg/images/honkai-star-rail/characters/feixiao_icon.webp
20260630,2026-06-30,pf,虚构叙事,feixiao,Feixiao,飞霄,DPS,main_dps,主C,T2,7,,,2026-06-25,4.3.1,Falsehood to Fact,0.95,28570,ok,https://cdn.prydwen.gg/images/honkai-star-rail/characters/feixiao_icon.webp
20260630,2026-06-30,as,末日幻影,feixiao,Feixiao,飞霄,DPS,main_dps,主C,T1,9,,,2026-02-22,3.8.2,Dominance of Netherveil,1.92,3296,ok,https://cdn.prydwen.gg/images/honkai-star-rail/characters/feixiao_icon.webp
20260630,2026-06-30,as,末日幻影,feixiao,Feixiao,飞霄,DPS,main_dps,主C,T1,9,,,2026-03-06,3.8.2,Dominance of Netherveil,1.84,3299,ok,https://cdn.prydwen.gg/images/honkai-star-rail/characters/feixiao_icon.webp
20260630,2026-06-30,as,末日幻影,feixiao,Feixiao,飞霄,DPS,main_dps,主C,T1,9,,,2026-04-03,4.0.1,Militant Lupine,0.27,0,ok,https://cdn.prydwen.gg/images/honkai-star-rail/characters/feixiao_icon.webp
20260630,2026-06-30,as,末日幻影,feixiao,Feixiao,飞霄,DPS,main_dps,主C,T1,9,,,2026-04-19,4.0.1,Militant Lupine,0.29,0,ok,https://cdn.prydwen.gg/images/honkai-star-rail/characters/feixiao_icon.webp
20260630,2026-06-30,as,末日幻影,feixiao,Feixiao,飞霄,DPS,main_dps,主C,T1,9,,,2026-05-02,4.2.1,Idol of the Locusts,0.09,0,ok,https://cdn.prydwen.gg/images/honkai-star-rail/characters/feixiao_icon.webp
20260630,2026-06-30,as,末日幻影,feixiao,Feixiao,飞霄,DPS,main_dps,主C,T1,9,,,2026-05-16,4.2.1,Idol of the Locusts,0.09,0,ok,https://cdn.prydwen.gg/images/honkai-star-rail/characters/feixiao_icon.webp
20260630,2026-06-30,as,末日幻影,feixiao,Feixiao,飞霄,DPS,main_dps,主C,T1,9,,,2026-05-29,4.2.1,Idol of the Locusts,0.09,0,ok,https://cdn.prydwen.gg/images/honkai-star-rail/characters/feixiao_icon.webp
20260630,2026-06-30,as,末日幻影,feixiao,Feixiao,飞霄,DPS,main_dps,主C,T1,9,,,2026-06-11,4.3.1,Gale of Forgetting,2.69,3535,ok,https://cdn.prydwen.gg/images/honkai-star-rail/characters/feixiao_icon.webp
20260630,2026-06-30,as,末日幻影,feixiao,Feixiao,飞霄,DPS,main_dps,主C,T1,9,,,2026-06-25,4.3.1,Gale of Forgetting,2.69,3541,ok,https://cdn.prydwen.gg/images/honkai-star-rail/characters/feixiao_icon.webp
20260630,2026-06-30,moc,混沌回忆,firefly,Firefly,流萤,DPS,main_dps,主C,T0,11,"Advance, Break, SP-Unfriendly",,2026-02-22,3.8.1,Breached Nest,33.86,7.23,ok,https://cdn.prydwen.gg/images/honkai-star-rail/characters/firefly_icon.webp
20260630,2026-06-30,moc,混沌回忆,firefly,Firefly,流萤,DPS,main_dps,主C,T0,11,"Advance, Break, SP-Unfriendly",,2026-03-06,4.0.1,Cyber Mystery,22.22,6.91,ok,https://cdn.prydwen.gg/images/honkai-star-rail/characters/firefly_icon.webp
20260630,2026-06-30,moc,混沌回忆,firefly,Firefly,流萤,DPS,main_dps,主C,T0,11,"Advance, Break, SP-Unfriendly",,2026-04-03,4.0.1,Cyber Mystery,20.65,7.01,ok,https://cdn.prydwen.gg/images/honkai-star-rail/characters/firefly_icon.webp
20260630,2026-06-30,moc,混沌回忆,firefly,Firefly,流萤,DPS,main_dps,主C,T0,11,"Advance, Break, SP-Unfriendly",,2026-04-19,4.1.1,Grand Finale,12.91,6.67,ok,https://cdn.prydwen.gg/images/honkai-star-rail/characters/firefly_icon.webp
20260630,2026-06-30,moc,混沌回忆,firefly,Firefly,流萤,DPS,main_dps,主C,T0,11,"Advance, Break, SP-Unfriendly",,2026-05-02,4.1.1,Grand Finale,14.45,6.62,ok,https://cdn.prydwen.gg/images/honkai-star-rail/characters/firefly_icon.webp
20260630,2026-06-30,moc,混沌回忆,firefly,Firefly,流萤,DPS,main_dps,主C,T0,11,"Advance, Break, SP-Unfriendly",,2026-05-16,4.1.1,Grand Finale,14.57,6.71,ok,https://cdn.prydwen.gg/images/honkai-star-rail/characters/firefly_icon.webp
20260630,2026-06-30,moc,混沌回忆,firefly,Firefly,流萤,DPS,main_dps,主C,T0,11,"Advance, Break, SP-Unfriendly",,2026-05-29,4.2.1,Duty Action,25.58,7.9,ok,https://cdn.prydwen.gg/images/honkai-star-rail/characters/firefly_icon.webp
20260630,2026-06-30,moc,混沌回忆,firefly,Firefly,流萤,DPS,main_dps,主C,T0,11,"Advance, Break, SP-Unfriendly",,2026-06-11,4.2.1,Duty Action,30.98,7.95,ok,https://cdn.prydwen.gg/images/honkai-star-rail/characters/firefly_icon.webp
20260630,2026-06-30,moc,混沌回忆,firefly,Firefly,流萤,DPS,main_dps,主C,T0,11,"Advance, Break, SP-Unfriendly",,2026-06-25,4.2.1,Duty Action,30.61,7.97,ok,https://cdn.prydwen.gg/images/honkai-star-rail/characters/firefly_icon.webp
20260630,2026-06-30,pf,虚构叙事,firefly,Firefly,流萤,DPS,main_dps,主C,T0.5,10,"Advance, Break, SP-Unfriendly",,2026-02-22,4.0.1,Wordless Novel,23.47,29802,ok,https://cdn.prydwen.gg/images/honkai-star-rail/characters/firefly_icon.webp
20260630,2026-06-30,pf,虚构叙事,firefly,Firefly,流萤,DPS,main_dps,主C,T0.5,10,"Advance, Break, SP-Unfriendly",,2026-03-06,4.0.1,Wordless Novel,22.84,29752,ok,https://cdn.prydwen.gg/images/honkai-star-rail/characters/firefly_icon.webp
20260630,2026-06-30,pf,虚构叙事,firefly,Firefly,流萤,DPS,main_dps,主C,T0.5,10,"Advance, Break, SP-Unfriendly",,2026-04-03,4.1.1,Virtual Made Manifest,12.32,28552,ok,https://cdn.prydwen.gg/images/honkai-star-rail/characters/firefly_icon.webp
20260630,2026-06-30,pf,虚构叙事,firefly,Firefly,流萤,DPS,main_dps,主C,T0.5,10,"Advance, Break, SP-Unfriendly",,2026-04-19,4.1.1,Virtual Made Manifest,12.86,28537,ok,https://cdn.prydwen.gg/images/honkai-star-rail/characters/firefly_icon.webp
20260630,2026-06-30,pf,虚构叙事,firefly,Firefly,流萤,DPS,main_dps,主C,T0.5,10,"Advance, Break, SP-Unfriendly",,2026-05-02,4.1.1,Virtual Made Manifest,15.01,29145,ok,https://cdn.prydwen.gg/images/honkai-star-rail/characters/firefly_icon.webp
20260630,2026-06-30,pf,虚构叙事,firefly,Firefly,流萤,DPS,main_dps,主C,T0.5,10,"Advance, Break, SP-Unfriendly",,2026-05-16,4.2.1,Illusory Concepts,9.83,27856,ok,https://cdn.prydwen.gg/images/honkai-star-rail/characters/firefly_icon.webp
20260630,2026-06-30,pf,虚构叙事,firefly,Firefly,流萤,DPS,main_dps,主C,T0.5,10,"Advance, Break, SP-Unfriendly",,2026-05-29,4.2.1,Illusory Concepts,9.63,27700,ok,https://cdn.prydwen.gg/images/honkai-star-rail/characters/firefly_icon.webp
20260630,2026-06-30,pf,虚构叙事,firefly,Firefly,流萤,DPS,main_dps,主C,T0.5,10,"Advance, Break, SP-Unfriendly",,2026-06-11,4.2.1,Illusory Concepts,9.8,27586,ok,https://cdn.prydwen.gg/images/honkai-star-rail/characters/firefly_icon.webp
20260630,2026-06-30,pf,虚构叙事,firefly,Firefly,流萤,DPS,main_dps,主C,T0.5,10,"Advance, Break, SP-Unfriendly",,2026-06-25,4.3.1,Falsehood to Fact,30.05,30252,ok,https://cdn.prydwen.gg/images/honkai-star-rail/characters/firefly_icon.webp
20260630,2026-06-30,as,末日幻影,firefly,Firefly,流萤,DPS,main_dps,主C,T0,11,"Advance, Break, SP-Unfriendly",,2026-02-22,3.8.2,Dominance of Netherveil,36.59,3683,ok,https://cdn.prydwen.gg/images/honkai-star-rail/characters/firefly_icon.webp
20260630,2026-06-30,as,末日幻影,firefly,Firefly,流萤,DPS,main_dps,主C,T0,11,"Advance, Break, SP-Unfriendly",,2026-03-06,3.8.2,Dominance of Netherveil,35.67,3681,ok,https://cdn.prydwen.gg/images/honkai-star-rail/characters/firefly_icon.webp
20260630,2026-06-30,as,末日幻影,firefly,Firefly,流萤,DPS,main_dps,主C,T0,11,"Advance, Break, SP-Unfriendly",,2026-04-03,4.0.1,Militant Lupine,25.21,3519,ok,https://cdn.prydwen.gg/images/honkai-star-rail/characters/firefly_icon.webp
20260630,2026-06-30,as,末日幻影,firefly,Firefly,流萤,DPS,main_dps,主C,T0,11,"Advance, Break, SP-Unfriendly",,2026-04-19,4.0.1,Militant Lupine,25.16,3518,ok,https://cdn.prydwen.gg/images/honkai-star-rail/characters/firefly_icon.webp
20260630,2026-06-30,as,末日幻影,firefly,Firefly,流萤,DPS,main_dps,主C,T0,11,"Advance, Break, SP-Unfriendly",,2026-05-02,4.2.1,Idol of the Locusts,22.7,3548,ok,https://cdn.prydwen.gg/images/honkai-star-rail/characters/firefly_icon.webp
20260630,2026-06-30,as,末日幻影,firefly,Firefly,流萤,DPS,main_dps,主C,T0,11,"Advance, Break, SP-Unfriendly",,2026-05-16,4.2.1,Idol of the Locusts,22.44,3537,ok,https://cdn.prydwen.gg/images/honkai-star-rail/characters/firefly_icon.webp
20260630,2026-06-30,as,末日幻影,firefly,Firefly,流萤,DPS,main_dps,主C,T0,11,"Advance, Break, SP-Unfriendly",,2026-05-29,4.2.1,Idol of the Locusts,22.1,3535,ok,https://cdn.prydwen.gg/images/honkai-star-rail/characters/firefly_icon.webp
20260630,2026-06-30,as,末日幻影,firefly,Firefly,流萤,DPS,main_dps,主C,T0,11,"Advance, Break, SP-Unfriendly",,2026-06-11,4.3.1,Gale of Forgetting,35.68,3443,ok,https://cdn.prydwen.gg/images/honkai-star-rail/characters/firefly_icon.webp
20260630,2026-06-30,as,末日幻影,firefly,Firefly,流萤,DPS,main_dps,主C,T0,11,"Advance, Break, SP-Unfriendly",,2026-06-25,4.3.1,Gale of Forgetting,35.85,3451,ok,https://cdn.prydwen.gg/images/honkai-star-rail/characters/firefly_icon.webp
20260630,2026-06-30,moc,混沌回忆,fu-xuan,Fu Xuan,符玄,Sustain,sustain,生存位,T1,9,Buff,up,2026-02-22,3.8.1,Breached Nest,0.84,99.99,ok,https://cdn.prydwen.gg/images/honkai-star-rail/characters/fu-xuan_icon.webp
20260630,2026-06-30,moc,混沌回忆,fu-xuan,Fu Xuan,符玄,Sustain,sustain,生存位,T1,9,Buff,up,2026-03-06,4.0.1,Cyber Mystery,0.88,99.99,ok,https://cdn.prydwen.gg/images/honkai-star-rail/characters/fu-xuan_icon.webp
20260630,2026-06-30,moc,混沌回忆,fu-xuan,Fu Xuan,符玄,Sustain,sustain,生存位,T1,9,Buff,up,2026-04-03,4.0.1,Cyber Mystery,1.2,6.93,ok,https://cdn.prydwen.gg/images/honkai-star-rail/characters/fu-xuan_icon.webp
20260630,2026-06-30,moc,混沌回忆,fu-xuan,Fu Xuan,符玄,Sustain,sustain,生存位,T1,9,Buff,up,2026-04-19,4.1.1,Grand Finale,0.99,99.99,ok,https://cdn.prydwen.gg/images/honkai-star-rail/characters/fu-xuan_icon.webp
20260630,2026-06-30,moc,混沌回忆,fu-xuan,Fu Xuan,符玄,Sustain,sustain,生存位,T1,9,Buff,up,2026-05-02,4.1.1,Grand Finale,1.16,6.15,ok,https://cdn.prydwen.gg/images/honkai-star-rail/characters/fu-xuan_icon.webp
20260630,2026-06-30,moc,混沌回忆,fu-xuan,Fu Xuan,符玄,Sustain,sustain,生存位,T1,9,Buff,up,2026-05-16,4.1.1,Grand Finale,1.16,6.83,ok,https://cdn.prydwen.gg/images/honkai-star-rail/characters/fu-xuan_icon.webp
20260630,2026-06-30,moc,混沌回忆,fu-xuan,Fu Xuan,符玄,Sustain,sustain,生存位,T1,9,Buff,up,2026-05-29,4.2.1,Duty Action,1.2,8.43,ok,https://cdn.prydwen.gg/images/honkai-star-rail/characters/fu-xuan_icon.webp
20260630,2026-06-30,moc,混沌回忆,fu-xuan,Fu Xuan,符玄,Sustain,sustain,生存位,T1,9,Buff,up,2026-06-11,4.2.1,Duty Action,1.57,8.44,ok,https://cdn.prydwen.gg/images/honkai-star-rail/characters/fu-xuan_icon.webp
20260630,2026-06-30,moc,混沌回忆,fu-xuan,Fu Xuan,符玄,Sustain,sustain,生存位,T1,9,Buff,up,2026-06-25,4.2.1,Duty Action,1.59,8.4,ok,https://cdn.prydwen.gg/images/honkai-star-rail/characters/fu-xuan_icon.webp
20260630,2026-06-30,pf,虚构叙事,fu-xuan,Fu Xuan,符玄,Sustain,sustain,生存位,T1.5,8,Buff,,2026-02-22,4.0.1,Wordless Novel,0.84,27695,ok,https://cdn.prydwen.gg/images/honkai-star-rail/characters/fu-xuan_icon.webp
20260630,2026-06-30,pf,虚构叙事,fu-xuan,Fu Xuan,符玄,Sustain,sustain,生存位,T1.5,8,Buff,,2026-03-06,4.0.1,Wordless Novel,0.99,29093,ok,https://cdn.prydwen.gg/images/honkai-star-rail/characters/fu-xuan_icon.webp
20260630,2026-06-30,pf,虚构叙事,fu-xuan,Fu Xuan,符玄,Sustain,sustain,生存位,T1.5,8,Buff,,2026-04-03,4.1.1,Virtual Made Manifest,1.35,32429,ok,https://cdn.prydwen.gg/images/honkai-star-rail/characters/fu-xuan_icon.webp
20260630,2026-06-30,pf,虚构叙事,fu-xuan,Fu Xuan,符玄,Sustain,sustain,生存位,T1.5,8,Buff,,2026-04-19,4.1.1,Virtual Made Manifest,1.42,32416,ok,https://cdn.prydwen.gg/images/honkai-star-rail/characters/fu-xuan_icon.webp
20260630,2026-06-30,pf,虚构叙事,fu-xuan,Fu Xuan,符玄,Sustain,sustain,生存位,T1.5,8,Buff,,2026-05-02,4.1.1,Virtual Made Manifest,1.49,33275,ok,https://cdn.prydwen.gg/images/honkai-star-rail/characters/fu-xuan_icon.webp
20260630,2026-06-30,pf,虚构叙事,fu-xuan,Fu Xuan,符玄,Sustain,sustain,生存位,T1.5,8,Buff,,2026-05-16,4.2.1,Illusory Concepts,1.6,34764,ok,https://cdn.prydwen.gg/images/honkai-star-rail/characters/fu-xuan_icon.webp
20260630,2026-06-30,pf,虚构叙事,fu-xuan,Fu Xuan,符玄,Sustain,sustain,生存位,T1.5,8,Buff,,2026-05-29,4.2.1,Illusory Concepts,1.55,33700,ok,https://cdn.prydwen.gg/images/honkai-star-rail/characters/fu-xuan_icon.webp
20260630,2026-06-30,pf,虚构叙事,fu-xuan,Fu Xuan,符玄,Sustain,sustain,生存位,T1.5,8,Buff,,2026-06-11,4.2.1,Illusory Concepts,1.59,33492,ok,https://cdn.prydwen.gg/images/honkai-star-rail/characters/fu-xuan_icon.webp
20260630,2026-06-30,pf,虚构叙事,fu-xuan,Fu Xuan,符玄,Sustain,sustain,生存位,T1.5,8,Buff,,2026-06-25,4.3.1,Falsehood to Fact,2.86,33772,ok,https://cdn.prydwen.gg/images/honkai-star-rail/characters/fu-xuan_icon.webp
20260630,2026-06-30,as,末日幻影,fu-xuan,Fu Xuan,符玄,Sustain,sustain,生存位,T1,9,Buff,up,2026-02-22,3.8.2,Dominance of Netherveil,0.14,0,ok,https://cdn.prydwen.gg/images/honkai-star-rail/characters/fu-xuan_icon.webp
20260630,2026-06-30,as,末日幻影,fu-xuan,Fu Xuan,符玄,Sustain,sustain,生存位,T1,9,Buff,up,2026-03-06,3.8.2,Dominance of Netherveil,0.15,0,ok,https://cdn.prydwen.gg/images/honkai-star-rail/characters/fu-xuan_icon.webp
20260630,2026-06-30,as,末日幻影,fu-xuan,Fu Xuan,符玄,Sustain,sustain,生存位,T1,9,Buff,up,2026-04-03,4.0.1,Militant Lupine,2.26,3576,ok,https://cdn.prydwen.gg/images/honkai-star-rail/characters/fu-xuan_icon.webp
20260630,2026-06-30,as,末日幻影,fu-xuan,Fu Xuan,符玄,Sustain,sustain,生存位,T1,9,Buff,up,2026-04-19,4.0.1,Militant Lupine,2.27,3581,ok,https://cdn.prydwen.gg/images/honkai-star-rail/characters/fu-xuan_icon.webp
20260630,2026-06-30,as,末日幻影,fu-xuan,Fu Xuan,符玄,Sustain,sustain,生存位,T1,9,Buff,up,2026-05-02,4.2.1,Idol of the Locusts,1.39,3612,ok,https://cdn.prydwen.gg/images/honkai-star-rail/characters/fu-xuan_icon.webp
20260630,2026-06-30,as,末日幻影,fu-xuan,Fu Xuan,符玄,Sustain,sustain,生存位,T1,9,Buff,up,2026-05-16,4.2.1,Idol of the Locusts,1.43,3584,ok,https://cdn.prydwen.gg/images/honkai-star-rail/characters/fu-xuan_icon.webp
20260630,2026-06-30,as,末日幻影,fu-xuan,Fu Xuan,符玄,Sustain,sustain,生存位,T1,9,Buff,up,2026-05-29,4.2.1,Idol of the Locusts,1.47,3592,ok,https://cdn.prydwen.gg/images/honkai-star-rail/characters/fu-xuan_icon.webp
20260630,2026-06-30,as,末日幻影,fu-xuan,Fu Xuan,符玄,Sustain,sustain,生存位,T1,9,Buff,up,2026-06-11,4.3.1,Gale of Forgetting,2.9,3562,ok,https://cdn.prydwen.gg/images/honkai-star-rail/characters/fu-xuan_icon.webp
20260630,2026-06-30,as,末日幻影,fu-xuan,Fu Xuan,符玄,Sustain,sustain,生存位,T1,9,Buff,up,2026-06-25,4.3.1,Gale of Forgetting,2.91,3541,ok,https://cdn.prydwen.gg/images/honkai-star-rail/characters/fu-xuan_icon.webp
20260630,2026-06-30,moc,混沌回忆,gallagher,Gallagher,加拉赫,Sustain,sustain,生存位,T1,9,"Advance, Break, Debuff, SP-Friendly",,2026-02-22,3.8.1,Breached Nest,9.74,8.01,ok,https://cdn.prydwen.gg/images/honkai-star-rail/characters/gallagher_icon.webp
20260630,2026-06-30,moc,混沌回忆,gallagher,Gallagher,加拉赫,Sustain,sustain,生存位,T1,9,"Advance, Break, Debuff, SP-Friendly",,2026-03-06,4.0.1,Cyber Mystery,5.1,7.55,ok,https://cdn.prydwen.gg/images/honkai-star-rail/characters/gallagher_icon.webp
20260630,2026-06-30,moc,混沌回忆,gallagher,Gallagher,加拉赫,Sustain,sustain,生存位,T1,9,"Advance, Break, Debuff, SP-Friendly",,2026-04-03,4.0.1,Cyber Mystery,5.25,7.55,ok,https://cdn.prydwen.gg/images/honkai-star-rail/characters/gallagher_icon.webp
20260630,2026-06-30,moc,混沌回忆,gallagher,Gallagher,加拉赫,Sustain,sustain,生存位,T1,9,"Advance, Break, Debuff, SP-Friendly",,2026-04-19,4.1.1,Grand Finale,3.34,7.76,ok,https://cdn.prydwen.gg/images/honkai-star-rail/characters/gallagher_icon.webp
20260630,2026-06-30,moc,混沌回忆,gallagher,Gallagher,加拉赫,Sustain,sustain,生存位,T1,9,"Advance, Break, Debuff, SP-Friendly",,2026-05-02,4.1.1,Grand Finale,3.59,7.54,ok,https://cdn.prydwen.gg/images/honkai-star-rail/characters/gallagher_icon.webp
20260630,2026-06-30,moc,混沌回忆,gallagher,Gallagher,加拉赫,Sustain,sustain,生存位,T1,9,"Advance, Break, Debuff, SP-Friendly",,2026-05-16,4.1.1,Grand Finale,3.52,7.61,ok,https://cdn.prydwen.gg/images/honkai-star-rail/characters/gallagher_icon.webp
20260630,2026-06-30,moc,混沌回忆,gallagher,Gallagher,加拉赫,Sustain,sustain,生存位,T1,9,"Advance, Break, Debuff, SP-Friendly",,2026-05-29,4.2.1,Duty Action,4.63,8.41,ok,https://cdn.prydwen.gg/images/honkai-star-rail/characters/gallagher_icon.webp
20260630,2026-06-30,moc,混沌回忆,gallagher,Gallagher,加拉赫,Sustain,sustain,生存位,T1,9,"Advance, Break, Debuff, SP-Friendly",,2026-06-11,4.2.1,Duty Action,6.12,8.51,ok,https://cdn.prydwen.gg/images/honkai-star-rail/characters/gallagher_icon.webp
20260630,2026-06-30,moc,混沌回忆,gallagher,Gallagher,加拉赫,Sustain,sustain,生存位,T1,9,"Advance, Break, Debuff, SP-Friendly",,2026-06-25,4.2.1,Duty Action,6.25,8.52,ok,https://cdn.prydwen.gg/images/honkai-star-rail/characters/gallagher_icon.webp
20260630,2026-06-30,pf,虚构叙事,gallagher,Gallagher,加拉赫,Sustain,sustain,生存位,T1,9,"Advance, Break, Debuff, SP-Friendly",,2026-02-22,4.0.1,Wordless Novel,8.26,28728,ok,https://cdn.prydwen.gg/images/honkai-star-rail/characters/gallagher_icon.webp
20260630,2026-06-30,pf,虚构叙事,gallagher,Gallagher,加拉赫,Sustain,sustain,生存位,T1,9,"Advance, Break, Debuff, SP-Friendly",,2026-03-06,4.0.1,Wordless Novel,8.21,28742,ok,https://cdn.prydwen.gg/images/honkai-star-rail/characters/gallagher_icon.webp
20260630,2026-06-30,pf,虚构叙事,gallagher,Gallagher,加拉赫,Sustain,sustain,生存位,T1,9,"Advance, Break, Debuff, SP-Friendly",,2026-04-03,4.1.1,Virtual Made Manifest,3.39,27164,ok,https://cdn.prydwen.gg/images/honkai-star-rail/characters/gallagher_icon.webp
20260630,2026-06-30,pf,虚构叙事,gallagher,Gallagher,加拉赫,Sustain,sustain,生存位,T1,9,"Advance, Break, Debuff, SP-Friendly",,2026-04-19,4.1.1,Virtual Made Manifest,3.52,27106,ok,https://cdn.prydwen.gg/images/honkai-star-rail/characters/gallagher_icon.webp
20260630,2026-06-30,pf,虚构叙事,gallagher,Gallagher,加拉赫,Sustain,sustain,生存位,T1,9,"Advance, Break, Debuff, SP-Friendly",,2026-05-02,4.1.1,Virtual Made Manifest,3.87,27518,ok,https://cdn.prydwen.gg/images/honkai-star-rail/characters/gallagher_icon.webp
20260630,2026-06-30,pf,虚构叙事,gallagher,Gallagher,加拉赫,Sustain,sustain,生存位,T1,9,"Advance, Break, Debuff, SP-Friendly",,2026-05-16,4.2.1,Illusory Concepts,2.04,27250,ok,https://cdn.prydwen.gg/images/honkai-star-rail/characters/gallagher_icon.webp
20260630,2026-06-30,pf,虚构叙事,gallagher,Gallagher,加拉赫,Sustain,sustain,生存位,T1,9,"Advance, Break, Debuff, SP-Friendly",,2026-05-29,4.2.1,Illusory Concepts,2.28,27038,ok,https://cdn.prydwen.gg/images/honkai-star-rail/characters/gallagher_icon.webp
20260630,2026-06-30,pf,虚构叙事,gallagher,Gallagher,加拉赫,Sustain,sustain,生存位,T1,9,"Advance, Break, Debuff, SP-Friendly",,2026-06-11,4.2.1,Illusory Concepts,2.63,27149,ok,https://cdn.prydwen.gg/images/honkai-star-rail/characters/gallagher_icon.webp
20260630,2026-06-30,pf,虚构叙事,gallagher,Gallagher,加拉赫,Sustain,sustain,生存位,T1,9,"Advance, Break, Debuff, SP-Friendly",,2026-06-25,4.3.1,Falsehood to Fact,9.58,28894,ok,https://cdn.prydwen.gg/images/honkai-star-rail/characters/gallagher_icon.webp
20260630,2026-06-30,as,末日幻影,gallagher,Gallagher,加拉赫,Sustain,sustain,生存位,T0.5,10,"Advance, Break, Debuff, SP-Friendly",,2026-02-22,3.8.2,Dominance of Netherveil,14.94,3475,ok,https://cdn.prydwen.gg/images/honkai-star-rail/characters/gallagher_icon.webp
20260630,2026-06-30,as,末日幻影,gallagher,Gallagher,加拉赫,Sustain,sustain,生存位,T0.5,10,"Advance, Break, Debuff, SP-Friendly",,2026-03-06,3.8.2,Dominance of Netherveil,15.03,3467,ok,https://cdn.prydwen.gg/images/honkai-star-rail/characters/gallagher_icon.webp
20260630,2026-06-30,as,末日幻影,gallagher,Gallagher,加拉赫,Sustain,sustain,生存位,T0.5,10,"Advance, Break, Debuff, SP-Friendly",,2026-04-03,4.0.1,Militant Lupine,8.12,3451,ok,https://cdn.prydwen.gg/images/honkai-star-rail/characters/gallagher_icon.webp
20260630,2026-06-30,as,末日幻影,gallagher,Gallagher,加拉赫,Sustain,sustain,生存位,T0.5,10,"Advance, Break, Debuff, SP-Friendly",,2026-04-19,4.0.1,Militant Lupine,8.21,3446,ok,https://cdn.prydwen.gg/images/honkai-star-rail/characters/gallagher_icon.webp
20260630,2026-06-30,as,末日幻影,gallagher,Gallagher,加拉赫,Sustain,sustain,生存位,T0.5,10,"Advance, Break, Debuff, SP-Friendly",,2026-05-02,4.2.1,Idol of the Locusts,3.77,3470,ok,https://cdn.prydwen.gg/images/honkai-star-rail/characters/gallagher_icon.webp
20260630,2026-06-30,as,末日幻影,gallagher,Gallagher,加拉赫,Sustain,sustain,生存位,T0.5,10,"Advance, Break, Debuff, SP-Friendly",,2026-05-16,4.2.1,Idol of the Locusts,4.13,3472,ok,https://cdn.prydwen.gg/images/honkai-star-rail/characters/gallagher_icon.webp
20260630,2026-06-30,as,末日幻影,gallagher,Gallagher,加拉赫,Sustain,sustain,生存位,T0.5,10,"Advance, Break, Debuff, SP-Friendly",,2026-05-29,4.2.1,Idol of the Locusts,4.2,3472,ok,https://cdn.prydwen.gg/images/honkai-star-rail/characters/gallagher_icon.webp
20260630,2026-06-30,as,末日幻影,gallagher,Gallagher,加拉赫,Sustain,sustain,生存位,T0.5,10,"Advance, Break, Debuff, SP-Friendly",,2026-06-11,4.3.1,Gale of Forgetting,12.65,3408,ok,https://cdn.prydwen.gg/images/honkai-star-rail/characters/gallagher_icon.webp
20260630,2026-06-30,as,末日幻影,gallagher,Gallagher,加拉赫,Sustain,sustain,生存位,T0.5,10,"Advance, Break, Debuff, SP-Friendly",,2026-06-25,4.3.1,Gale of Forgetting,12.88,3407,ok,https://cdn.prydwen.gg/images/honkai-star-rail/characters/gallagher_icon.webp
20260630,2026-06-30,pf,虚构叙事,herta,Herta,黑塔,Support DPS,sub_dps,副C,T0.5,10,,,2026-02-22,4.0.1,Wordless Novel,8.79,30983,ok,https://cdn.prydwen.gg/images/honkai-star-rail/characters/herta_icon.webp
20260630,2026-06-30,pf,虚构叙事,herta,Herta,黑塔,Support DPS,sub_dps,副C,T0.5,10,,,2026-03-06,4.0.1,Wordless Novel,8.55,31019,ok,https://cdn.prydwen.gg/images/honkai-star-rail/characters/herta_icon.webp
20260630,2026-06-30,pf,虚构叙事,herta,Herta,黑塔,Support DPS,sub_dps,副C,T0.5,10,,,2026-04-03,4.1.1,Virtual Made Manifest,6.27,29418,ok,https://cdn.prydwen.gg/images/honkai-star-rail/characters/herta_icon.webp
20260630,2026-06-30,pf,虚构叙事,herta,Herta,黑塔,Support DPS,sub_dps,副C,T0.5,10,,,2026-04-19,4.1.1,Virtual Made Manifest,6.51,29382,ok,https://cdn.prydwen.gg/images/honkai-star-rail/characters/herta_icon.webp
20260630,2026-06-30,pf,虚构叙事,herta,Herta,黑塔,Support DPS,sub_dps,副C,T0.5,10,,,2026-05-02,4.1.1,Virtual Made Manifest,6.0,29355,ok,https://cdn.prydwen.gg/images/honkai-star-rail/characters/herta_icon.webp
20260630,2026-06-30,pf,虚构叙事,herta,Herta,黑塔,Support DPS,sub_dps,副C,T0.5,10,,,2026-05-16,4.2.1,Illusory Concepts,5.41,29531,ok,https://cdn.prydwen.gg/images/honkai-star-rail/characters/herta_icon.webp
20260630,2026-06-30,pf,虚构叙事,herta,Herta,黑塔,Support DPS,sub_dps,副C,T0.5,10,,,2026-05-29,4.2.1,Illusory Concepts,5.55,29452,ok,https://cdn.prydwen.gg/images/honkai-star-rail/characters/herta_icon.webp
20260630,2026-06-30,pf,虚构叙事,herta,Herta,黑塔,Support DPS,sub_dps,副C,T0.5,10,,,2026-06-11,4.2.1,Illusory Concepts,5.74,29521,ok,https://cdn.prydwen.gg/images/honkai-star-rail/characters/herta_icon.webp
20260630,2026-06-30,pf,虚构叙事,herta,Herta,黑塔,Support DPS,sub_dps,副C,T0.5,10,,,2026-06-25,4.3.1,Falsehood to Fact,6.5,29752,ok,https://cdn.prydwen.gg/images/honkai-star-rail/characters/herta_icon.webp
20260630,2026-06-30,as,末日幻影,herta,Herta,黑塔,Support DPS,sub_dps,副C,T2,7,,down,2026-02-22,3.8.2,Dominance of Netherveil,0.19,0,ok,https://cdn.prydwen.gg/images/honkai-star-rail/characters/herta_icon.webp
20260630,2026-06-30,as,末日幻影,herta,Herta,黑塔,Support DPS,sub_dps,副C,T2,7,,down,2026-03-06,3.8.2,Dominance of Netherveil,0.19,0,ok,https://cdn.prydwen.gg/images/honkai-star-rail/characters/herta_icon.webp
20260630,2026-06-30,as,末日幻影,herta,Herta,黑塔,Support DPS,sub_dps,副C,T2,7,,down,2026-04-03,4.0.1,Militant Lupine,0.23,0,ok,https://cdn.prydwen.gg/images/honkai-star-rail/characters/herta_icon.webp
20260630,2026-06-30,as,末日幻影,herta,Herta,黑塔,Support DPS,sub_dps,副C,T2,7,,down,2026-04-19,4.0.1,Militant Lupine,0.24,0,ok,https://cdn.prydwen.gg/images/honkai-star-rail/characters/herta_icon.webp
20260630,2026-06-30,as,末日幻影,herta,Herta,黑塔,Support DPS,sub_dps,副C,T2,7,,down,2026-05-02,4.2.1,Idol of the Locusts,1.04,3071,ok,https://cdn.prydwen.gg/images/honkai-star-rail/characters/herta_icon.webp
20260630,2026-06-30,as,末日幻影,herta,Herta,黑塔,Support DPS,sub_dps,副C,T2,7,,down,2026-05-16,4.2.1,Idol of the Locusts,1.07,3022,ok,https://cdn.prydwen.gg/images/honkai-star-rail/characters/herta_icon.webp
20260630,2026-06-30,as,末日幻影,herta,Herta,黑塔,Support DPS,sub_dps,副C,T2,7,,down,2026-05-29,4.2.1,Idol of the Locusts,1.07,3029,ok,https://cdn.prydwen.gg/images/honkai-star-rail/characters/herta_icon.webp
20260630,2026-06-30,as,末日幻影,herta,Herta,黑塔,Support DPS,sub_dps,副C,T2,7,,down,2026-06-11,4.3.1,Gale of Forgetting,0.76,0,ok,https://cdn.prydwen.gg/images/honkai-star-rail/characters/herta_icon.webp
20260630,2026-06-30,as,末日幻影,herta,Herta,黑塔,Support DPS,sub_dps,副C,T2,7,,down,2026-06-25,4.3.1,Gale of Forgetting,0.76,0,ok,https://cdn.prydwen.gg/images/honkai-star-rail/characters/herta_icon.webp
20260630,2026-06-30,pf,虚构叙事,himeko,Himeko,姬子,DPS,main_dps,主C,T1.5,8,,,2026-02-22,4.0.1,Wordless Novel,1.94,27703,ok,https://cdn.prydwen.gg/images/honkai-star-rail/characters/himeko_icon.webp
20260630,2026-06-30,pf,虚构叙事,himeko,Himeko,姬子,DPS,main_dps,主C,T1.5,8,,,2026-03-06,4.0.1,Wordless Novel,1.8,27655,ok,https://cdn.prydwen.gg/images/honkai-star-rail/characters/himeko_icon.webp
20260630,2026-06-30,pf,虚构叙事,himeko,Himeko,姬子,DPS,main_dps,主C,T1.5,8,,,2026-04-03,4.1.1,Virtual Made Manifest,1.61,28275,ok,https://cdn.prydwen.gg/images/honkai-star-rail/characters/himeko_icon.webp
20260630,2026-06-30,pf,虚构叙事,himeko,Himeko,姬子,DPS,main_dps,主C,T1.5,8,,,2026-04-19,4.1.1,Virtual Made Manifest,1.62,28386,ok,https://cdn.prydwen.gg/images/honkai-star-rail/characters/himeko_icon.webp
20260630,2026-06-30,pf,虚构叙事,himeko,Himeko,姬子,DPS,main_dps,主C,T1.5,8,,,2026-05-02,4.1.1,Virtual Made Manifest,1.54,27918,ok,https://cdn.prydwen.gg/images/honkai-star-rail/characters/himeko_icon.webp
20260630,2026-06-30,pf,虚构叙事,himeko,Himeko,姬子,DPS,main_dps,主C,T1.5,8,,,2026-05-16,4.2.1,Illusory Concepts,0.39,0,ok,https://cdn.prydwen.gg/images/honkai-star-rail/characters/himeko_icon.webp
20260630,2026-06-30,pf,虚构叙事,himeko,Himeko,姬子,DPS,main_dps,主C,T1.5,8,,,2026-05-29,4.2.1,Illusory Concepts,0.33,0,ok,https://cdn.prydwen.gg/images/honkai-star-rail/characters/himeko_icon.webp
20260630,2026-06-30,pf,虚构叙事,himeko,Himeko,姬子,DPS,main_dps,主C,T1.5,8,,,2026-06-11,4.2.1,Illusory Concepts,0.32,0,ok,https://cdn.prydwen.gg/images/honkai-star-rail/characters/himeko_icon.webp
20260630,2026-06-30,pf,虚构叙事,himeko,Himeko,姬子,DPS,main_dps,主C,T1.5,8,,,2026-06-25,4.3.1,Falsehood to Fact,1.13,28953,ok,https://cdn.prydwen.gg/images/honkai-star-rail/characters/himeko_icon.webp
20260630,2026-06-30,as,末日幻影,himeko,Himeko,姬子,DPS,main_dps,主C,T2,7,,down,2026-02-22,3.8.2,Dominance of Netherveil,0.19,3355,ok,https://cdn.prydwen.gg/images/honkai-star-rail/characters/himeko_icon.webp
20260630,2026-06-30,as,末日幻影,himeko,Himeko,姬子,DPS,main_dps,主C,T2,7,,down,2026-03-06,3.8.2,Dominance of Netherveil,0.18,3349,ok,https://cdn.prydwen.gg/images/honkai-star-rail/characters/himeko_icon.webp
20260630,2026-06-30,as,末日幻影,himeko,Himeko,姬子,DPS,main_dps,主C,T2,7,,down,2026-04-03,4.0.1,Militant Lupine,0.1,0,ok,https://cdn.prydwen.gg/images/honkai-star-rail/characters/himeko_icon.webp
20260630,2026-06-30,as,末日幻影,himeko,Himeko,姬子,DPS,main_dps,主C,T2,7,,down,2026-04-19,4.0.1,Militant Lupine,0.1,0,ok,https://cdn.prydwen.gg/images/honkai-star-rail/characters/himeko_icon.webp
20260630,2026-06-30,as,末日幻影,himeko,Himeko,姬子,DPS,main_dps,主C,T2,7,,down,2026-05-02,4.2.1,Idol of the Locusts,0.05,0,ok,https://cdn.prydwen.gg/images/honkai-star-rail/characters/himeko_icon.webp
20260630,2026-06-30,as,末日幻影,himeko,Himeko,姬子,DPS,main_dps,主C,T2,7,,down,2026-05-16,4.2.1,Idol of the Locusts,0.04,0,ok,https://cdn.prydwen.gg/images/honkai-star-rail/characters/himeko_icon.webp
20260630,2026-06-30,as,末日幻影,himeko,Himeko,姬子,DPS,main_dps,主C,T2,7,,down,2026-05-29,4.2.1,Idol of the Locusts,0.04,0,ok,https://cdn.prydwen.gg/images/honkai-star-rail/characters/himeko_icon.webp
20260630,2026-06-30,as,末日幻影,himeko,Himeko,姬子,DPS,main_dps,主C,T2,7,,down,2026-06-11,4.3.1,Gale of Forgetting,0.06,0,ok,https://cdn.prydwen.gg/images/honkai-star-rail/characters/himeko_icon.webp
20260630,2026-06-30,as,末日幻影,himeko,Himeko,姬子,DPS,main_dps,主C,T2,7,,down,2026-06-25,4.3.1,Gale of Forgetting,0.06,0,ok,https://cdn.prydwen.gg/images/honkai-star-rail/characters/himeko_icon.webp
20260630,2026-06-30,moc,混沌回忆,huohuo,Huohuo,藿藿,Sustain,sustain,生存位,T0,11,"Buff, Energy",,2026-02-22,3.8.1,Breached Nest,4.24,7.95,ok,https://cdn.prydwen.gg/images/honkai-star-rail/characters/huohuo_icon.webp
20260630,2026-06-30,moc,混沌回忆,huohuo,Huohuo,藿藿,Sustain,sustain,生存位,T0,11,"Buff, Energy",,2026-03-06,4.0.1,Cyber Mystery,6.46,6.18,ok,https://cdn.prydwen.gg/images/honkai-star-rail/characters/huohuo_icon.webp
20260630,2026-06-30,moc,混沌回忆,huohuo,Huohuo,藿藿,Sustain,sustain,生存位,T0,11,"Buff, Energy",,2026-04-03,4.0.1,Cyber Mystery,7.38,6.22,ok,https://cdn.prydwen.gg/images/honkai-star-rail/characters/huohuo_icon.webp
20260630,2026-06-30,moc,混沌回忆,huohuo,Huohuo,藿藿,Sustain,sustain,生存位,T0,11,"Buff, Energy",,2026-04-19,4.1.1,Grand Finale,9.42,6.08,ok,https://cdn.prydwen.gg/images/honkai-star-rail/characters/huohuo_icon.webp
20260630,2026-06-30,moc,混沌回忆,huohuo,Huohuo,藿藿,Sustain,sustain,生存位,T0,11,"Buff, Energy",,2026-05-02,4.1.1,Grand Finale,18.48,5.54,ok,https://cdn.prydwen.gg/images/honkai-star-rail/characters/huohuo_icon.webp
20260630,2026-06-30,moc,混沌回忆,huohuo,Huohuo,藿藿,Sustain,sustain,生存位,T0,11,"Buff, Energy",,2026-05-16,4.1.1,Grand Finale,22.31,5.5,ok,https://cdn.prydwen.gg/images/honkai-star-rail/characters/huohuo_icon.webp
20260630,2026-06-30,moc,混沌回忆,huohuo,Huohuo,藿藿,Sustain,sustain,生存位,T0,11,"Buff, Energy",,2026-05-29,4.2.1,Duty Action,48.99,7.44,ok,https://cdn.prydwen.gg/images/honkai-star-rail/characters/huohuo_icon.webp
20260630,2026-06-30,moc,混沌回忆,huohuo,Huohuo,藿藿,Sustain,sustain,生存位,T0,11,"Buff, Energy",,2026-06-11,4.2.1,Duty Action,61.2,7.52,ok,https://cdn.prydwen.gg/images/honkai-star-rail/characters/huohuo_icon.webp
20260630,2026-06-30,moc,混沌回忆,huohuo,Huohuo,藿藿,Sustain,sustain,生存位,T0,11,"Buff, Energy",,2026-06-25,4.2.1,Duty Action,61.03,7.53,ok,https://cdn.prydwen.gg/images/honkai-star-rail/characters/huohuo_icon.webp
20260630,2026-06-30,pf,虚构叙事,huohuo,Huohuo,藿藿,Sustain,sustain,生存位,T0.5,10,"Buff, Energy",,2026-02-22,4.0.1,Wordless Novel,6.5,31112,ok,https://cdn.prydwen.gg/images/honkai-star-rail/characters/huohuo_icon.webp
20260630,2026-06-30,pf,虚构叙事,huohuo,Huohuo,藿藿,Sustain,sustain,生存位,T0.5,10,"Buff, Energy",,2026-03-06,4.0.1,Wordless Novel,7.15,31603,ok,https://cdn.prydwen.gg/images/honkai-star-rail/characters/huohuo_icon.webp
20260630,2026-06-30,pf,虚构叙事,huohuo,Huohuo,藿藿,Sustain,sustain,生存位,T0.5,10,"Buff, Energy",,2026-04-03,4.1.1,Virtual Made Manifest,13.15,33336,ok,https://cdn.prydwen.gg/images/honkai-star-rail/characters/huohuo_icon.webp
20260630,2026-06-30,pf,虚构叙事,huohuo,Huohuo,藿藿,Sustain,sustain,生存位,T0.5,10,"Buff, Energy",,2026-04-19,4.1.1,Virtual Made Manifest,13.0,33218,ok,https://cdn.prydwen.gg/images/honkai-star-rail/characters/huohuo_icon.webp
20260630,2026-06-30,pf,虚构叙事,huohuo,Huohuo,藿藿,Sustain,sustain,生存位,T0.5,10,"Buff, Energy",,2026-05-02,4.1.1,Virtual Made Manifest,17.65,33951,ok,https://cdn.prydwen.gg/images/honkai-star-rail/characters/huohuo_icon.webp
20260630,2026-06-30,pf,虚构叙事,huohuo,Huohuo,藿藿,Sustain,sustain,生存位,T0.5,10,"Buff, Energy",,2026-05-16,4.2.1,Illusory Concepts,46.11,35202,ok,https://cdn.prydwen.gg/images/honkai-star-rail/characters/huohuo_icon.webp
20260630,2026-06-30,pf,虚构叙事,huohuo,Huohuo,藿藿,Sustain,sustain,生存位,T0.5,10,"Buff, Energy",,2026-05-29,4.2.1,Illusory Concepts,47.76,35074,ok,https://cdn.prydwen.gg/images/honkai-star-rail/characters/huohuo_icon.webp
20260630,2026-06-30,pf,虚构叙事,huohuo,Huohuo,藿藿,Sustain,sustain,生存位,T0.5,10,"Buff, Energy",,2026-06-11,4.2.1,Illusory Concepts,49.71,35051,ok,https://cdn.prydwen.gg/images/honkai-star-rail/characters/huohuo_icon.webp
20260630,2026-06-30,pf,虚构叙事,huohuo,Huohuo,藿藿,Sustain,sustain,生存位,T0.5,10,"Buff, Energy",,2026-06-25,4.3.1,Falsehood to Fact,65.55,34825,ok,https://cdn.prydwen.gg/images/honkai-star-rail/characters/huohuo_icon.webp
20260630,2026-06-30,as,末日幻影,huohuo,Huohuo,藿藿,Sustain,sustain,生存位,T0,11,"Buff, Energy",,2026-02-22,3.8.2,Dominance of Netherveil,5.54,3274,ok,https://cdn.prydwen.gg/images/honkai-star-rail/characters/huohuo_icon.webp
20260630,2026-06-30,as,末日幻影,huohuo,Huohuo,藿藿,Sustain,sustain,生存位,T0,11,"Buff, Energy",,2026-03-06,3.8.2,Dominance of Netherveil,5.85,3275,ok,https://cdn.prydwen.gg/images/honkai-star-rail/characters/huohuo_icon.webp
20260630,2026-06-30,as,末日幻影,huohuo,Huohuo,藿藿,Sustain,sustain,生存位,T0,11,"Buff, Energy",,2026-04-03,4.0.1,Militant Lupine,11.96,3641,ok,https://cdn.prydwen.gg/images/honkai-star-rail/characters/huohuo_icon.webp
20260630,2026-06-30,as,末日幻影,huohuo,Huohuo,藿藿,Sustain,sustain,生存位,T0,11,"Buff, Energy",,2026-04-19,4.0.1,Militant Lupine,11.84,3638,ok,https://cdn.prydwen.gg/images/honkai-star-rail/characters/huohuo_icon.webp
20260630,2026-06-30,as,末日幻影,huohuo,Huohuo,藿藿,Sustain,sustain,生存位,T0,11,"Buff, Energy",,2026-05-02,4.2.1,Idol of the Locusts,38.75,3607,ok,https://cdn.prydwen.gg/images/honkai-star-rail/characters/huohuo_icon.webp
20260630,2026-06-30,as,末日幻影,huohuo,Huohuo,藿藿,Sustain,sustain,生存位,T0,11,"Buff, Energy",,2026-05-16,4.2.1,Idol of the Locusts,39.54,3602,ok,https://cdn.prydwen.gg/images/honkai-star-rail/characters/huohuo_icon.webp
20260630,2026-06-30,as,末日幻影,huohuo,Huohuo,藿藿,Sustain,sustain,生存位,T0,11,"Buff, Energy",,2026-05-29,4.2.1,Idol of the Locusts,40.13,3599,ok,https://cdn.prydwen.gg/images/honkai-star-rail/characters/huohuo_icon.webp
20260630,2026-06-30,as,末日幻影,huohuo,Huohuo,藿藿,Sustain,sustain,生存位,T0,11,"Buff, Energy",,2026-06-11,4.3.1,Gale of Forgetting,61.9,3601,ok,https://cdn.prydwen.gg/images/honkai-star-rail/characters/huohuo_icon.webp
20260630,2026-06-30,as,末日幻影,huohuo,Huohuo,藿藿,Sustain,sustain,生存位,T0,11,"Buff, Energy",,2026-06-25,4.3.1,Gale of Forgetting,61.61,3587,ok,https://cdn.prydwen.gg/images/honkai-star-rail/characters/huohuo_icon.webp
20260630,2026-06-30,moc,混沌回忆,hyacine,Hyacine,风堇,Sustain,sustain,生存位,T0,11,"Buff, SP-Unfriendly",,2026-02-22,3.8.1,Breached Nest,56.33,7.45,ok,https://cdn.prydwen.gg/images/honkai-star-rail/characters/hyacine_icon.webp
20260630,2026-06-30,moc,混沌回忆,hyacine,Hyacine,风堇,Sustain,sustain,生存位,T0,11,"Buff, SP-Unfriendly",,2026-03-06,4.0.1,Cyber Mystery,56.46,6.38,ok,https://cdn.prydwen.gg/images/honkai-star-rail/characters/hyacine_icon.webp
20260630,2026-06-30,moc,混沌回忆,hyacine,Hyacine,风堇,Sustain,sustain,生存位,T0,11,"Buff, SP-Unfriendly",,2026-04-03,4.0.1,Cyber Mystery,56.0,6.38,ok,https://cdn.prydwen.gg/images/honkai-star-rail/characters/hyacine_icon.webp
20260630,2026-06-30,moc,混沌回忆,hyacine,Hyacine,风堇,Sustain,sustain,生存位,T0,11,"Buff, SP-Unfriendly",,2026-04-19,4.1.1,Grand Finale,59.3,6.35,ok,https://cdn.prydwen.gg/images/honkai-star-rail/characters/hyacine_icon.webp
20260630,2026-06-30,moc,混沌回忆,hyacine,Hyacine,风堇,Sustain,sustain,生存位,T0,11,"Buff, SP-Unfriendly",,2026-05-02,4.1.1,Grand Finale,56.27,6.11,ok,https://cdn.prydwen.gg/images/honkai-star-rail/characters/hyacine_icon.webp
20260630,2026-06-30,moc,混沌回忆,hyacine,Hyacine,风堇,Sustain,sustain,生存位,T0,11,"Buff, SP-Unfriendly",,2026-05-16,4.1.1,Grand Finale,54.97,6.09,ok,https://cdn.prydwen.gg/images/honkai-star-rail/characters/hyacine_icon.webp
20260630,2026-06-30,moc,混沌回忆,hyacine,Hyacine,风堇,Sustain,sustain,生存位,T0,11,"Buff, SP-Unfriendly",,2026-05-29,4.2.1,Duty Action,33.83,7.45,ok,https://cdn.prydwen.gg/images/honkai-star-rail/characters/hyacine_icon.webp
20260630,2026-06-30,moc,混沌回忆,hyacine,Hyacine,风堇,Sustain,sustain,生存位,T0,11,"Buff, SP-Unfriendly",,2026-06-11,4.2.1,Duty Action,45.1,7.64,ok,https://cdn.prydwen.gg/images/honkai-star-rail/characters/hyacine_icon.webp
20260630,2026-06-30,moc,混沌回忆,hyacine,Hyacine,风堇,Sustain,sustain,生存位,T0,11,"Buff, SP-Unfriendly",,2026-06-25,4.2.1,Duty Action,45.55,7.66,ok,https://cdn.prydwen.gg/images/honkai-star-rail/characters/hyacine_icon.webp
20260630,2026-06-30,pf,虚构叙事,hyacine,Hyacine,风堇,Sustain,sustain,生存位,T0,11,"Buff, SP-Unfriendly",,2026-02-22,4.0.1,Wordless Novel,62.92,39938,ok,https://cdn.prydwen.gg/images/honkai-star-rail/characters/hyacine_icon.webp
20260630,2026-06-30,pf,虚构叙事,hyacine,Hyacine,风堇,Sustain,sustain,生存位,T0,11,"Buff, SP-Unfriendly",,2026-03-06,4.0.1,Wordless Novel,62.72,39902,ok,https://cdn.prydwen.gg/images/honkai-star-rail/characters/hyacine_icon.webp
20260630,2026-06-30,pf,虚构叙事,hyacine,Hyacine,风堇,Sustain,sustain,生存位,T0,11,"Buff, SP-Unfriendly",,2026-04-03,4.1.1,Virtual Made Manifest,55.75,39059,ok,https://cdn.prydwen.gg/images/honkai-star-rail/characters/hyacine_icon.webp
20260630,2026-06-30,pf,虚构叙事,hyacine,Hyacine,风堇,Sustain,sustain,生存位,T0,11,"Buff, SP-Unfriendly",,2026-04-19,4.1.1,Virtual Made Manifest,56.61,38941,ok,https://cdn.prydwen.gg/images/honkai-star-rail/characters/hyacine_icon.webp
20260630,2026-06-30,pf,虚构叙事,hyacine,Hyacine,风堇,Sustain,sustain,生存位,T0,11,"Buff, SP-Unfriendly",,2026-05-02,4.1.1,Virtual Made Manifest,54.82,38806,ok,https://cdn.prydwen.gg/images/honkai-star-rail/characters/hyacine_icon.webp
20260630,2026-06-30,pf,虚构叙事,hyacine,Hyacine,风堇,Sustain,sustain,生存位,T0,11,"Buff, SP-Unfriendly",,2026-05-16,4.2.1,Illusory Concepts,58.62,39110,ok,https://cdn.prydwen.gg/images/honkai-star-rail/characters/hyacine_icon.webp
20260630,2026-06-30,pf,虚构叙事,hyacine,Hyacine,风堇,Sustain,sustain,生存位,T0,11,"Buff, SP-Unfriendly",,2026-05-29,4.2.1,Illusory Concepts,58.36,38865,ok,https://cdn.prydwen.gg/images/honkai-star-rail/characters/hyacine_icon.webp
20260630,2026-06-30,pf,虚构叙事,hyacine,Hyacine,风堇,Sustain,sustain,生存位,T0,11,"Buff, SP-Unfriendly",,2026-06-11,4.2.1,Illusory Concepts,60.75,38816,ok,https://cdn.prydwen.gg/images/honkai-star-rail/characters/hyacine_icon.webp
20260630,2026-06-30,pf,虚构叙事,hyacine,Hyacine,风堇,Sustain,sustain,生存位,T0,11,"Buff, SP-Unfriendly",,2026-06-25,4.3.1,Falsehood to Fact,71.22,39037,ok,https://cdn.prydwen.gg/images/honkai-star-rail/characters/hyacine_icon.webp
20260630,2026-06-30,as,末日幻影,hyacine,Hyacine,风堇,Sustain,sustain,生存位,T0,11,"Buff, SP-Unfriendly",,2026-02-22,3.8.2,Dominance of Netherveil,72.49,3676,ok,https://cdn.prydwen.gg/images/honkai-star-rail/characters/hyacine_icon.webp
20260630,2026-06-30,as,末日幻影,hyacine,Hyacine,风堇,Sustain,sustain,生存位,T0,11,"Buff, SP-Unfriendly",,2026-03-06,3.8.2,Dominance of Netherveil,71.89,3673,ok,https://cdn.prydwen.gg/images/honkai-star-rail/characters/hyacine_icon.webp
20260630,2026-06-30,as,末日幻影,hyacine,Hyacine,风堇,Sustain,sustain,生存位,T0,11,"Buff, SP-Unfriendly",,2026-04-03,4.0.1,Militant Lupine,46.04,3469,ok,https://cdn.prydwen.gg/images/honkai-star-rail/characters/hyacine_icon.webp
20260630,2026-06-30,as,末日幻影,hyacine,Hyacine,风堇,Sustain,sustain,生存位,T0,11,"Buff, SP-Unfriendly",,2026-04-19,4.0.1,Militant Lupine,46.31,3465,ok,https://cdn.prydwen.gg/images/honkai-star-rail/characters/hyacine_icon.webp
20260630,2026-06-30,as,末日幻影,hyacine,Hyacine,风堇,Sustain,sustain,生存位,T0,11,"Buff, SP-Unfriendly",,2026-05-02,4.2.1,Idol of the Locusts,61.61,3463,ok,https://cdn.prydwen.gg/images/honkai-star-rail/characters/hyacine_icon.webp
20260630,2026-06-30,as,末日幻影,hyacine,Hyacine,风堇,Sustain,sustain,生存位,T0,11,"Buff, SP-Unfriendly",,2026-05-16,4.2.1,Idol of the Locusts,60.92,3456,ok,https://cdn.prydwen.gg/images/honkai-star-rail/characters/hyacine_icon.webp
20260630,2026-06-30,as,末日幻影,hyacine,Hyacine,风堇,Sustain,sustain,生存位,T0,11,"Buff, SP-Unfriendly",,2026-05-29,4.2.1,Idol of the Locusts,60.53,3453,ok,https://cdn.prydwen.gg/images/honkai-star-rail/characters/hyacine_icon.webp
20260630,2026-06-30,as,末日幻影,hyacine,Hyacine,风堇,Sustain,sustain,生存位,T0,11,"Buff, SP-Unfriendly",,2026-06-11,4.3.1,Gale of Forgetting,68.67,3472,ok,https://cdn.prydwen.gg/images/honkai-star-rail/characters/hyacine_icon.webp
20260630,2026-06-30,as,末日幻影,hyacine,Hyacine,风堇,Sustain,sustain,生存位,T0,11,"Buff, SP-Unfriendly",,2026-06-25,4.3.1,Gale of Forgetting,68.33,3468,ok,https://cdn.prydwen.gg/images/honkai-star-rail/characters/hyacine_icon.webp
20260630,2026-06-30,moc,混沌回忆,hysilens,Hysilens,海瑟音,DPS,main_dps,主C,T0.5,10,"DoT, Debuff",down,2026-02-22,3.8.1,Breached Nest,14.86,8.15,ok,https://cdn.prydwen.gg/images/honkai-star-rail/characters/hysilens_icon.webp
20260630,2026-06-30,moc,混沌回忆,hysilens,Hysilens,海瑟音,DPS,main_dps,主C,T0.5,10,"DoT, Debuff",down,2026-03-06,4.0.1,Cyber Mystery,20.86,6.4,ok,https://cdn.prydwen.gg/images/honkai-star-rail/characters/hysilens_icon.webp
20260630,2026-06-30,moc,混沌回忆,hysilens,Hysilens,海瑟音,DPS,main_dps,主C,T0.5,10,"DoT, Debuff",down,2026-04-03,4.0.1,Cyber Mystery,20.28,6.49,ok,https://cdn.prydwen.gg/images/honkai-star-rail/characters/hysilens_icon.webp
20260630,2026-06-30,moc,混沌回忆,hysilens,Hysilens,海瑟音,DPS,main_dps,主C,T0.5,10,"DoT, Debuff",down,2026-04-19,4.1.1,Grand Finale,19.38,6.39,ok,https://cdn.prydwen.gg/images/honkai-star-rail/characters/hysilens_icon.webp
20260630,2026-06-30,moc,混沌回忆,hysilens,Hysilens,海瑟音,DPS,main_dps,主C,T0.5,10,"DoT, Debuff",down,2026-05-02,4.1.1,Grand Finale,17.54,6.46,ok,https://cdn.prydwen.gg/images/honkai-star-rail/characters/hysilens_icon.webp
20260630,2026-06-30,moc,混沌回忆,hysilens,Hysilens,海瑟音,DPS,main_dps,主C,T0.5,10,"DoT, Debuff",down,2026-05-16,4.1.1,Grand Finale,16.69,6.47,ok,https://cdn.prydwen.gg/images/honkai-star-rail/characters/hysilens_icon.webp
20260630,2026-06-30,moc,混沌回忆,hysilens,Hysilens,海瑟音,DPS,main_dps,主C,T0.5,10,"DoT, Debuff",down,2026-05-29,4.2.1,Duty Action,16.0,8.13,ok,https://cdn.prydwen.gg/images/honkai-star-rail/characters/hysilens_icon.webp
20260630,2026-06-30,moc,混沌回忆,hysilens,Hysilens,海瑟音,DPS,main_dps,主C,T0.5,10,"DoT, Debuff",down,2026-06-11,4.2.1,Duty Action,19.81,8.27,ok,https://cdn.prydwen.gg/images/honkai-star-rail/characters/hysilens_icon.webp
20260630,2026-06-30,moc,混沌回忆,hysilens,Hysilens,海瑟音,DPS,main_dps,主C,T0.5,10,"DoT, Debuff",down,2026-06-25,4.2.1,Duty Action,19.48,8.19,ok,https://cdn.prydwen.gg/images/honkai-star-rail/characters/hysilens_icon.webp
20260630,2026-06-30,pf,虚构叙事,hysilens,Hysilens,海瑟音,DPS,main_dps,主C,T0.5,10,"DoT, Debuff",,2026-02-22,4.0.1,Wordless Novel,21.82,33900,ok,https://cdn.prydwen.gg/images/honkai-star-rail/characters/hysilens_icon.webp
20260630,2026-06-30,pf,虚构叙事,hysilens,Hysilens,海瑟音,DPS,main_dps,主C,T0.5,10,"DoT, Debuff",,2026-03-06,4.0.1,Wordless Novel,21.58,33664,ok,https://cdn.prydwen.gg/images/honkai-star-rail/characters/hysilens_icon.webp
20260630,2026-06-30,pf,虚构叙事,hysilens,Hysilens,海瑟音,DPS,main_dps,主C,T0.5,10,"DoT, Debuff",,2026-04-03,4.1.1,Virtual Made Manifest,32.53,33187,ok,https://cdn.prydwen.gg/images/honkai-star-rail/characters/hysilens_icon.webp
20260630,2026-06-30,pf,虚构叙事,hysilens,Hysilens,海瑟音,DPS,main_dps,主C,T0.5,10,"DoT, Debuff",,2026-04-19,4.1.1,Virtual Made Manifest,31.86,33050,ok,https://cdn.prydwen.gg/images/honkai-star-rail/characters/hysilens_icon.webp
20260630,2026-06-30,pf,虚构叙事,hysilens,Hysilens,海瑟音,DPS,main_dps,主C,T0.5,10,"DoT, Debuff",,2026-05-02,4.1.1,Virtual Made Manifest,29.91,32927,ok,https://cdn.prydwen.gg/images/honkai-star-rail/characters/hysilens_icon.webp
20260630,2026-06-30,pf,虚构叙事,hysilens,Hysilens,海瑟音,DPS,main_dps,主C,T0.5,10,"DoT, Debuff",,2026-05-16,4.2.1,Illusory Concepts,18.76,30796,ok,https://cdn.prydwen.gg/images/honkai-star-rail/characters/hysilens_icon.webp
20260630,2026-06-30,pf,虚构叙事,hysilens,Hysilens,海瑟音,DPS,main_dps,主C,T0.5,10,"DoT, Debuff",,2026-05-29,4.2.1,Illusory Concepts,18.42,30669,ok,https://cdn.prydwen.gg/images/honkai-star-rail/characters/hysilens_icon.webp
20260630,2026-06-30,pf,虚构叙事,hysilens,Hysilens,海瑟音,DPS,main_dps,主C,T0.5,10,"DoT, Debuff",,2026-06-11,4.2.1,Illusory Concepts,18.62,30543,ok,https://cdn.prydwen.gg/images/honkai-star-rail/characters/hysilens_icon.webp
20260630,2026-06-30,pf,虚构叙事,hysilens,Hysilens,海瑟音,DPS,main_dps,主C,T0.5,10,"DoT, Debuff",,2026-06-25,4.3.1,Falsehood to Fact,25.24,32924,ok,https://cdn.prydwen.gg/images/honkai-star-rail/characters/hysilens_icon.webp
20260630,2026-06-30,as,末日幻影,hysilens,Hysilens,海瑟音,DPS,main_dps,主C,T0.5,10,"DoT, Debuff",,2026-02-22,3.8.2,Dominance of Netherveil,12.58,3391,ok,https://cdn.prydwen.gg/images/honkai-star-rail/characters/hysilens_icon.webp
20260630,2026-06-30,as,末日幻影,hysilens,Hysilens,海瑟音,DPS,main_dps,主C,T0.5,10,"DoT, Debuff",,2026-03-06,3.8.2,Dominance of Netherveil,13.35,3402,ok,https://cdn.prydwen.gg/images/honkai-star-rail/characters/hysilens_icon.webp
20260630,2026-06-30,as,末日幻影,hysilens,Hysilens,海瑟音,DPS,main_dps,主C,T0.5,10,"DoT, Debuff",,2026-04-03,4.0.1,Militant Lupine,24.92,3597,ok,https://cdn.prydwen.gg/images/honkai-star-rail/characters/hysilens_icon.webp
20260630,2026-06-30,as,末日幻影,hysilens,Hysilens,海瑟音,DPS,main_dps,主C,T0.5,10,"DoT, Debuff",,2026-04-19,4.0.1,Militant Lupine,24.83,3595,ok,https://cdn.prydwen.gg/images/honkai-star-rail/characters/hysilens_icon.webp
20260630,2026-06-30,as,末日幻影,hysilens,Hysilens,海瑟音,DPS,main_dps,主C,T0.5,10,"DoT, Debuff",,2026-05-02,4.2.1,Idol of the Locusts,17.13,3537,ok,https://cdn.prydwen.gg/images/honkai-star-rail/characters/hysilens_icon.webp
20260630,2026-06-30,as,末日幻影,hysilens,Hysilens,海瑟音,DPS,main_dps,主C,T0.5,10,"DoT, Debuff",,2026-05-16,4.2.1,Idol of the Locusts,17.44,3536,ok,https://cdn.prydwen.gg/images/honkai-star-rail/characters/hysilens_icon.webp
20260630,2026-06-30,as,末日幻影,hysilens,Hysilens,海瑟音,DPS,main_dps,主C,T0.5,10,"DoT, Debuff",,2026-05-29,4.2.1,Idol of the Locusts,17.68,3534,ok,https://cdn.prydwen.gg/images/honkai-star-rail/characters/hysilens_icon.webp
20260630,2026-06-30,as,末日幻影,hysilens,Hysilens,海瑟音,DPS,main_dps,主C,T0.5,10,"DoT, Debuff",,2026-06-11,4.3.1,Gale of Forgetting,23.15,3365,ok,https://cdn.prydwen.gg/images/honkai-star-rail/characters/hysilens_icon.webp
20260630,2026-06-30,as,末日幻影,hysilens,Hysilens,海瑟音,DPS,main_dps,主C,T0.5,10,"DoT, Debuff",,2026-06-25,4.3.1,Gale of Forgetting,23.16,3363,ok,https://cdn.prydwen.gg/images/honkai-star-rail/characters/hysilens_icon.webp
20260630,2026-06-30,moc,混沌回忆,jade,Jade,翡翠,Support DPS,sub_dps,副C,T2,7,SP-Friendly,down,2026-02-22,3.8.1,Breached Nest,0.28,99.99,ok,https://cdn.prydwen.gg/images/honkai-star-rail/characters/jade_icon.webp
20260630,2026-06-30,moc,混沌回忆,jade,Jade,翡翠,Support DPS,sub_dps,副C,T2,7,SP-Friendly,down,2026-03-06,4.0.1,Cyber Mystery,0.41,99.99,ok,https://cdn.prydwen.gg/images/honkai-star-rail/characters/jade_icon.webp
20260630,2026-06-30,moc,混沌回忆,jade,Jade,翡翠,Support DPS,sub_dps,副C,T2,7,SP-Friendly,down,2026-04-03,4.0.1,Cyber Mystery,0.36,99.99,ok,https://cdn.prydwen.gg/images/honkai-star-rail/characters/jade_icon.webp
20260630,2026-06-30,moc,混沌回忆,jade,Jade,翡翠,Support DPS,sub_dps,副C,T2,7,SP-Friendly,down,2026-04-19,4.1.1,Grand Finale,1.26,7.82,ok,https://cdn.prydwen.gg/images/honkai-star-rail/characters/jade_icon.webp
20260630,2026-06-30,moc,混沌回忆,jade,Jade,翡翠,Support DPS,sub_dps,副C,T2,7,SP-Friendly,down,2026-05-02,4.1.1,Grand Finale,1.15,7.93,ok,https://cdn.prydwen.gg/images/honkai-star-rail/characters/jade_icon.webp
20260630,2026-06-30,moc,混沌回忆,jade,Jade,翡翠,Support DPS,sub_dps,副C,T2,7,SP-Friendly,down,2026-05-16,4.1.1,Grand Finale,1.13,7.94,ok,https://cdn.prydwen.gg/images/honkai-star-rail/characters/jade_icon.webp
20260630,2026-06-30,moc,混沌回忆,jade,Jade,翡翠,Support DPS,sub_dps,副C,T2,7,SP-Friendly,down,2026-05-29,4.2.1,Duty Action,0.08,99.99,ok,https://cdn.prydwen.gg/images/honkai-star-rail/characters/jade_icon.webp
20260630,2026-06-30,moc,混沌回忆,jade,Jade,翡翠,Support DPS,sub_dps,副C,T2,7,SP-Friendly,down,2026-06-11,4.2.1,Duty Action,0.07,99.99,ok,https://cdn.prydwen.gg/images/honkai-star-rail/characters/jade_icon.webp
20260630,2026-06-30,moc,混沌回忆,jade,Jade,翡翠,Support DPS,sub_dps,副C,T2,7,SP-Friendly,down,2026-06-25,4.2.1,Duty Action,0.08,99.99,ok,https://cdn.prydwen.gg/images/honkai-star-rail/characters/jade_icon.webp
20260630,2026-06-30,pf,虚构叙事,jade,Jade,翡翠,Support DPS,sub_dps,副C,T0.5,10,SP-Friendly,,2026-02-22,4.0.1,Wordless Novel,4.97,32206,ok,https://cdn.prydwen.gg/images/honkai-star-rail/characters/jade_icon.webp
20260630,2026-06-30,pf,虚构叙事,jade,Jade,翡翠,Support DPS,sub_dps,副C,T0.5,10,SP-Friendly,,2026-03-06,4.0.1,Wordless Novel,4.8,32016,ok,https://cdn.prydwen.gg/images/honkai-star-rail/characters/jade_icon.webp
20260630,2026-06-30,pf,虚构叙事,jade,Jade,翡翠,Support DPS,sub_dps,副C,T0.5,10,SP-Friendly,,2026-04-03,4.1.1,Virtual Made Manifest,3.15,29758,ok,https://cdn.prydwen.gg/images/honkai-star-rail/characters/jade_icon.webp
20260630,2026-06-30,pf,虚构叙事,jade,Jade,翡翠,Support DPS,sub_dps,副C,T0.5,10,SP-Friendly,,2026-04-19,4.1.1,Virtual Made Manifest,2.97,29804,ok,https://cdn.prydwen.gg/images/honkai-star-rail/characters/jade_icon.webp
20260630,2026-06-30,pf,虚构叙事,jade,Jade,翡翠,Support DPS,sub_dps,副C,T0.5,10,SP-Friendly,,2026-05-02,4.1.1,Virtual Made Manifest,2.77,29621,ok,https://cdn.prydwen.gg/images/honkai-star-rail/characters/jade_icon.webp
20260630,2026-06-30,pf,虚构叙事,jade,Jade,翡翠,Support DPS,sub_dps,副C,T0.5,10,SP-Friendly,,2026-05-16,4.2.1,Illusory Concepts,3.07,28992,ok,https://cdn.prydwen.gg/images/honkai-star-rail/characters/jade_icon.webp
20260630,2026-06-30,pf,虚构叙事,jade,Jade,翡翠,Support DPS,sub_dps,副C,T0.5,10,SP-Friendly,,2026-05-29,4.2.1,Illusory Concepts,3.0,28831,ok,https://cdn.prydwen.gg/images/honkai-star-rail/characters/jade_icon.webp
20260630,2026-06-30,pf,虚构叙事,jade,Jade,翡翠,Support DPS,sub_dps,副C,T0.5,10,SP-Friendly,,2026-06-11,4.2.1,Illusory Concepts,3.11,29111,ok,https://cdn.prydwen.gg/images/honkai-star-rail/characters/jade_icon.webp
20260630,2026-06-30,pf,虚构叙事,jade,Jade,翡翠,Support DPS,sub_dps,副C,T0.5,10,SP-Friendly,,2026-06-25,4.3.1,Falsehood to Fact,2.99,29573,ok,https://cdn.prydwen.gg/images/honkai-star-rail/characters/jade_icon.webp
20260630,2026-06-30,as,末日幻影,jade,Jade,翡翠,Support DPS,sub_dps,副C,T1.5,8,SP-Friendly,down,2026-02-22,3.8.2,Dominance of Netherveil,0.33,3067,ok,https://cdn.prydwen.gg/images/honkai-star-rail/characters/jade_icon.webp
20260630,2026-06-30,as,末日幻影,jade,Jade,翡翠,Support DPS,sub_dps,副C,T1.5,8,SP-Friendly,down,2026-03-06,3.8.2,Dominance of Netherveil,0.32,3051,ok,https://cdn.prydwen.gg/images/honkai-star-rail/characters/jade_icon.webp
20260630,2026-06-30,as,末日幻影,jade,Jade,翡翠,Support DPS,sub_dps,副C,T1.5,8,SP-Friendly,down,2026-04-03,4.0.1,Militant Lupine,0.41,3032,ok,https://cdn.prydwen.gg/images/honkai-star-rail/characters/jade_icon.webp
20260630,2026-06-30,as,末日幻影,jade,Jade,翡翠,Support DPS,sub_dps,副C,T1.5,8,SP-Friendly,down,2026-04-19,4.0.1,Militant Lupine,0.44,3021,ok,https://cdn.prydwen.gg/images/honkai-star-rail/characters/jade_icon.webp
20260630,2026-06-30,as,末日幻影,jade,Jade,翡翠,Support DPS,sub_dps,副C,T1.5,8,SP-Friendly,down,2026-05-02,4.2.1,Idol of the Locusts,1.42,3175,ok,https://cdn.prydwen.gg/images/honkai-star-rail/characters/jade_icon.webp
20260630,2026-06-30,as,末日幻影,jade,Jade,翡翠,Support DPS,sub_dps,副C,T1.5,8,SP-Friendly,down,2026-05-16,4.2.1,Idol of the Locusts,1.32,3171,ok,https://cdn.prydwen.gg/images/honkai-star-rail/characters/jade_icon.webp
20260630,2026-06-30,as,末日幻影,jade,Jade,翡翠,Support DPS,sub_dps,副C,T1.5,8,SP-Friendly,down,2026-05-29,4.2.1,Idol of the Locusts,1.32,3167,ok,https://cdn.prydwen.gg/images/honkai-star-rail/characters/jade_icon.webp
20260630,2026-06-30,as,末日幻影,jade,Jade,翡翠,Support DPS,sub_dps,副C,T1.5,8,SP-Friendly,down,2026-06-11,4.3.1,Gale of Forgetting,0.43,0,ok,https://cdn.prydwen.gg/images/honkai-star-rail/characters/jade_icon.webp
20260630,2026-06-30,as,末日幻影,jade,Jade,翡翠,Support DPS,sub_dps,副C,T1.5,8,SP-Friendly,down,2026-06-25,4.3.1,Gale of Forgetting,0.44,0,ok,https://cdn.prydwen.gg/images/honkai-star-rail/characters/jade_icon.webp
20260630,2026-06-30,pf,虚构叙事,jiaoqiu,Jiaoqiu,椒丘,Amplifier,support,辅助,T2,7,"Debuff, DOT",,2026-02-22,4.0.1,Wordless Novel,1.47,26147,ok,https://cdn.prydwen.gg/images/honkai-star-rail/characters/jiaoqiu_icon.webp
20260630,2026-06-30,pf,虚构叙事,jiaoqiu,Jiaoqiu,椒丘,Amplifier,support,辅助,T2,7,"Debuff, DOT",,2026-03-06,4.0.1,Wordless Novel,1.44,25929,ok,https://cdn.prydwen.gg/images/honkai-star-rail/characters/jiaoqiu_icon.webp
20260630,2026-06-30,pf,虚构叙事,jiaoqiu,Jiaoqiu,椒丘,Amplifier,support,辅助,T2,7,"Debuff, DOT",,2026-04-03,4.1.1,Virtual Made Manifest,1.84,25266,ok,https://cdn.prydwen.gg/images/honkai-star-rail/characters/jiaoqiu_icon.webp
20260630,2026-06-30,pf,虚构叙事,jiaoqiu,Jiaoqiu,椒丘,Amplifier,support,辅助,T2,7,"Debuff, DOT",,2026-04-19,4.1.1,Virtual Made Manifest,1.7,25018,ok,https://cdn.prydwen.gg/images/honkai-star-rail/characters/jiaoqiu_icon.webp
20260630,2026-06-30,pf,虚构叙事,jiaoqiu,Jiaoqiu,椒丘,Amplifier,support,辅助,T2,7,"Debuff, DOT",,2026-05-02,4.1.1,Virtual Made Manifest,1.47,25031,ok,https://cdn.prydwen.gg/images/honkai-star-rail/characters/jiaoqiu_icon.webp
20260630,2026-06-30,pf,虚构叙事,jiaoqiu,Jiaoqiu,椒丘,Amplifier,support,辅助,T2,7,"Debuff, DOT",,2026-05-16,4.2.1,Illusory Concepts,0.34,0,ok,https://cdn.prydwen.gg/images/honkai-star-rail/characters/jiaoqiu_icon.webp
20260630,2026-06-30,pf,虚构叙事,jiaoqiu,Jiaoqiu,椒丘,Amplifier,support,辅助,T2,7,"Debuff, DOT",,2026-05-29,4.2.1,Illusory Concepts,0.36,0,ok,https://cdn.prydwen.gg/images/honkai-star-rail/characters/jiaoqiu_icon.webp
20260630,2026-06-30,pf,虚构叙事,jiaoqiu,Jiaoqiu,椒丘,Amplifier,support,辅助,T2,7,"Debuff, DOT",,2026-06-11,4.2.1,Illusory Concepts,0.37,0,ok,https://cdn.prydwen.gg/images/honkai-star-rail/characters/jiaoqiu_icon.webp
20260630,2026-06-30,pf,虚构叙事,jiaoqiu,Jiaoqiu,椒丘,Amplifier,support,辅助,T2,7,"Debuff, DOT",,2026-06-25,4.3.1,Falsehood to Fact,2.27,27815,ok,https://cdn.prydwen.gg/images/honkai-star-rail/characters/jiaoqiu_icon.webp
20260630,2026-06-30,as,末日幻影,jiaoqiu,Jiaoqiu,椒丘,Amplifier,support,辅助,T2,7,"Debuff, DOT",,2026-02-22,3.8.2,Dominance of Netherveil,0.39,0,ok,https://cdn.prydwen.gg/images/honkai-star-rail/characters/jiaoqiu_icon.webp
20260630,2026-06-30,as,末日幻影,jiaoqiu,Jiaoqiu,椒丘,Amplifier,support,辅助,T2,7,"Debuff, DOT",,2026-03-06,3.8.2,Dominance of Netherveil,0.34,0,ok,https://cdn.prydwen.gg/images/honkai-star-rail/characters/jiaoqiu_icon.webp
20260630,2026-06-30,as,末日幻影,jiaoqiu,Jiaoqiu,椒丘,Amplifier,support,辅助,T2,7,"Debuff, DOT",,2026-04-03,4.0.1,Militant Lupine,0.46,0,ok,https://cdn.prydwen.gg/images/honkai-star-rail/characters/jiaoqiu_icon.webp
20260630,2026-06-30,as,末日幻影,jiaoqiu,Jiaoqiu,椒丘,Amplifier,support,辅助,T2,7,"Debuff, DOT",,2026-04-19,4.0.1,Militant Lupine,0.48,3272,ok,https://cdn.prydwen.gg/images/honkai-star-rail/characters/jiaoqiu_icon.webp
20260630,2026-06-30,as,末日幻影,jiaoqiu,Jiaoqiu,椒丘,Amplifier,support,辅助,T2,7,"Debuff, DOT",,2026-05-02,4.2.1,Idol of the Locusts,0.14,0,ok,https://cdn.prydwen.gg/images/honkai-star-rail/characters/jiaoqiu_icon.webp
20260630,2026-06-30,as,末日幻影,jiaoqiu,Jiaoqiu,椒丘,Amplifier,support,辅助,T2,7,"Debuff, DOT",,2026-05-16,4.2.1,Idol of the Locusts,0.14,0,ok,https://cdn.prydwen.gg/images/honkai-star-rail/characters/jiaoqiu_icon.webp
20260630,2026-06-30,as,末日幻影,jiaoqiu,Jiaoqiu,椒丘,Amplifier,support,辅助,T2,7,"Debuff, DOT",,2026-05-29,4.2.1,Idol of the Locusts,0.16,0,ok,https://cdn.prydwen.gg/images/honkai-star-rail/characters/jiaoqiu_icon.webp
20260630,2026-06-30,as,末日幻影,jiaoqiu,Jiaoqiu,椒丘,Amplifier,support,辅助,T2,7,"Debuff, DOT",,2026-06-11,4.3.1,Gale of Forgetting,0.97,3218,ok,https://cdn.prydwen.gg/images/honkai-star-rail/characters/jiaoqiu_icon.webp
20260630,2026-06-30,as,末日幻影,jiaoqiu,Jiaoqiu,椒丘,Amplifier,support,辅助,T2,7,"Debuff, DOT",,2026-06-25,4.3.1,Gale of Forgetting,0.9,3256,ok,https://cdn.prydwen.gg/images/honkai-star-rail/characters/jiaoqiu_icon.webp
20260630,2026-06-30,moc,混沌回忆,kafka,Kafka,卡芙卡,Support DPS,sub_dps,副C,T0.5,10,DOT,down,2026-02-22,3.8.1,Breached Nest,14.93,8.13,ok,https://cdn.prydwen.gg/images/honkai-star-rail/characters/kafka_icon.webp
20260630,2026-06-30,moc,混沌回忆,kafka,Kafka,卡芙卡,Support DPS,sub_dps,副C,T0.5,10,DOT,down,2026-03-06,4.0.1,Cyber Mystery,21.04,6.39,ok,https://cdn.prydwen.gg/images/honkai-star-rail/characters/kafka_icon.webp
20260630,2026-06-30,moc,混沌回忆,kafka,Kafka,卡芙卡,Support DPS,sub_dps,副C,T0.5,10,DOT,down,2026-04-03,4.0.1,Cyber Mystery,20.53,6.5,ok,https://cdn.prydwen.gg/images/honkai-star-rail/characters/kafka_icon.webp
20260630,2026-06-30,moc,混沌回忆,kafka,Kafka,卡芙卡,Support DPS,sub_dps,副C,T0.5,10,DOT,down,2026-04-19,4.1.1,Grand Finale,19.5,6.4,ok,https://cdn.prydwen.gg/images/honkai-star-rail/characters/kafka_icon.webp
20260630,2026-06-30,moc,混沌回忆,kafka,Kafka,卡芙卡,Support DPS,sub_dps,副C,T0.5,10,DOT,down,2026-05-02,4.1.1,Grand Finale,17.68,6.46,ok,https://cdn.prydwen.gg/images/honkai-star-rail/characters/kafka_icon.webp
20260630,2026-06-30,moc,混沌回忆,kafka,Kafka,卡芙卡,Support DPS,sub_dps,副C,T0.5,10,DOT,down,2026-05-16,4.1.1,Grand Finale,16.84,6.48,ok,https://cdn.prydwen.gg/images/honkai-star-rail/characters/kafka_icon.webp
20260630,2026-06-30,moc,混沌回忆,kafka,Kafka,卡芙卡,Support DPS,sub_dps,副C,T0.5,10,DOT,down,2026-05-29,4.2.1,Duty Action,16.1,8.13,ok,https://cdn.prydwen.gg/images/honkai-star-rail/characters/kafka_icon.webp
20260630,2026-06-30,moc,混沌回忆,kafka,Kafka,卡芙卡,Support DPS,sub_dps,副C,T0.5,10,DOT,down,2026-06-11,4.2.1,Duty Action,19.96,8.27,ok,https://cdn.prydwen.gg/images/honkai-star-rail/characters/kafka_icon.webp
20260630,2026-06-30,moc,混沌回忆,kafka,Kafka,卡芙卡,Support DPS,sub_dps,副C,T0.5,10,DOT,down,2026-06-25,4.2.1,Duty Action,19.63,8.19,ok,https://cdn.prydwen.gg/images/honkai-star-rail/characters/kafka_icon.webp
20260630,2026-06-30,pf,虚构叙事,kafka,Kafka,卡芙卡,Support DPS,sub_dps,副C,T0.5,10,DOT,,2026-02-22,4.0.1,Wordless Novel,22.26,33773,ok,https://cdn.prydwen.gg/images/honkai-star-rail/characters/kafka_icon.webp
20260630,2026-06-30,pf,虚构叙事,kafka,Kafka,卡芙卡,Support DPS,sub_dps,副C,T0.5,10,DOT,,2026-03-06,4.0.1,Wordless Novel,21.94,33552,ok,https://cdn.prydwen.gg/images/honkai-star-rail/characters/kafka_icon.webp
20260630,2026-06-30,pf,虚构叙事,kafka,Kafka,卡芙卡,Support DPS,sub_dps,副C,T0.5,10,DOT,,2026-04-03,4.1.1,Virtual Made Manifest,33.46,33017,ok,https://cdn.prydwen.gg/images/honkai-star-rail/characters/kafka_icon.webp
20260630,2026-06-30,pf,虚构叙事,kafka,Kafka,卡芙卡,Support DPS,sub_dps,副C,T0.5,10,DOT,,2026-04-19,4.1.1,Virtual Made Manifest,32.84,32856,ok,https://cdn.prydwen.gg/images/honkai-star-rail/characters/kafka_icon.webp
20260630,2026-06-30,pf,虚构叙事,kafka,Kafka,卡芙卡,Support DPS,sub_dps,副C,T0.5,10,DOT,,2026-05-02,4.1.1,Virtual Made Manifest,30.86,32746,ok,https://cdn.prydwen.gg/images/honkai-star-rail/characters/kafka_icon.webp
20260630,2026-06-30,pf,虚构叙事,kafka,Kafka,卡芙卡,Support DPS,sub_dps,副C,T0.5,10,DOT,,2026-05-16,4.2.1,Illusory Concepts,18.95,30732,ok,https://cdn.prydwen.gg/images/honkai-star-rail/characters/kafka_icon.webp
20260630,2026-06-30,pf,虚构叙事,kafka,Kafka,卡芙卡,Support DPS,sub_dps,副C,T0.5,10,DOT,,2026-05-29,4.2.1,Illusory Concepts,18.61,30629,ok,https://cdn.prydwen.gg/images/honkai-star-rail/characters/kafka_icon.webp
20260630,2026-06-30,pf,虚构叙事,kafka,Kafka,卡芙卡,Support DPS,sub_dps,副C,T0.5,10,DOT,,2026-06-11,4.2.1,Illusory Concepts,18.82,30497,ok,https://cdn.prydwen.gg/images/honkai-star-rail/characters/kafka_icon.webp
20260630,2026-06-30,pf,虚构叙事,kafka,Kafka,卡芙卡,Support DPS,sub_dps,副C,T0.5,10,DOT,,2026-06-25,4.3.1,Falsehood to Fact,25.84,32756,ok,https://cdn.prydwen.gg/images/honkai-star-rail/characters/kafka_icon.webp
20260630,2026-06-30,as,末日幻影,kafka,Kafka,卡芙卡,Support DPS,sub_dps,副C,T0.5,10,DOT,,2026-02-22,3.8.2,Dominance of Netherveil,12.83,3386,ok,https://cdn.prydwen.gg/images/honkai-star-rail/characters/kafka_icon.webp
20260630,2026-06-30,as,末日幻影,kafka,Kafka,卡芙卡,Support DPS,sub_dps,副C,T0.5,10,DOT,,2026-03-06,3.8.2,Dominance of Netherveil,13.59,3398,ok,https://cdn.prydwen.gg/images/honkai-star-rail/characters/kafka_icon.webp
20260630,2026-06-30,as,末日幻影,kafka,Kafka,卡芙卡,Support DPS,sub_dps,副C,T0.5,10,DOT,,2026-04-03,4.0.1,Militant Lupine,25.51,3594,ok,https://cdn.prydwen.gg/images/honkai-star-rail/characters/kafka_icon.webp
20260630,2026-06-30,as,末日幻影,kafka,Kafka,卡芙卡,Support DPS,sub_dps,副C,T0.5,10,DOT,,2026-04-19,4.0.1,Militant Lupine,25.43,3592,ok,https://cdn.prydwen.gg/images/honkai-star-rail/characters/kafka_icon.webp
20260630,2026-06-30,as,末日幻影,kafka,Kafka,卡芙卡,Support DPS,sub_dps,副C,T0.5,10,DOT,,2026-05-02,4.2.1,Idol of the Locusts,17.19,3537,ok,https://cdn.prydwen.gg/images/honkai-star-rail/characters/kafka_icon.webp
20260630,2026-06-30,as,末日幻影,kafka,Kafka,卡芙卡,Support DPS,sub_dps,副C,T0.5,10,DOT,,2026-05-16,4.2.1,Idol of the Locusts,17.49,3536,ok,https://cdn.prydwen.gg/images/honkai-star-rail/characters/kafka_icon.webp
20260630,2026-06-30,as,末日幻影,kafka,Kafka,卡芙卡,Support DPS,sub_dps,副C,T0.5,10,DOT,,2026-05-29,4.2.1,Idol of the Locusts,17.74,3534,ok,https://cdn.prydwen.gg/images/honkai-star-rail/characters/kafka_icon.webp
20260630,2026-06-30,as,末日幻影,kafka,Kafka,卡芙卡,Support DPS,sub_dps,副C,T0.5,10,DOT,,2026-06-11,4.3.1,Gale of Forgetting,23.29,3363,ok,https://cdn.prydwen.gg/images/honkai-star-rail/characters/kafka_icon.webp
20260630,2026-06-30,as,末日幻影,kafka,Kafka,卡芙卡,Support DPS,sub_dps,副C,T0.5,10,DOT,,2026-06-25,4.3.1,Gale of Forgetting,23.3,3362,ok,https://cdn.prydwen.gg/images/honkai-star-rail/characters/kafka_icon.webp
20260630,2026-06-30,moc,混沌回忆,lingsha,Lingsha,灵砂,Sustain,sustain,生存位,T0.5,10,"Break, Debuff",,2026-02-22,3.8.1,Breached Nest,19.27,7.27,ok,https://cdn.prydwen.gg/images/honkai-star-rail/characters/lingsha_icon.webp
20260630,2026-06-30,moc,混沌回忆,lingsha,Lingsha,灵砂,Sustain,sustain,生存位,T0.5,10,"Break, Debuff",,2026-03-06,4.0.1,Cyber Mystery,12.65,6.84,ok,https://cdn.prydwen.gg/images/honkai-star-rail/characters/lingsha_icon.webp
20260630,2026-06-30,moc,混沌回忆,lingsha,Lingsha,灵砂,Sustain,sustain,生存位,T0.5,10,"Break, Debuff",,2026-04-03,4.0.1,Cyber Mystery,11.91,6.96,ok,https://cdn.prydwen.gg/images/honkai-star-rail/characters/lingsha_icon.webp
20260630,2026-06-30,moc,混沌回忆,lingsha,Lingsha,灵砂,Sustain,sustain,生存位,T0.5,10,"Break, Debuff",,2026-04-19,4.1.1,Grand Finale,7.82,6.86,ok,https://cdn.prydwen.gg/images/honkai-star-rail/characters/lingsha_icon.webp
20260630,2026-06-30,moc,混沌回忆,lingsha,Lingsha,灵砂,Sustain,sustain,生存位,T0.5,10,"Break, Debuff",,2026-05-02,4.1.1,Grand Finale,7.73,6.98,ok,https://cdn.prydwen.gg/images/honkai-star-rail/characters/lingsha_icon.webp
20260630,2026-06-30,moc,混沌回忆,lingsha,Lingsha,灵砂,Sustain,sustain,生存位,T0.5,10,"Break, Debuff",,2026-05-16,4.1.1,Grand Finale,7.56,6.95,ok,https://cdn.prydwen.gg/images/honkai-star-rail/characters/lingsha_icon.webp
20260630,2026-06-30,moc,混沌回忆,lingsha,Lingsha,灵砂,Sustain,sustain,生存位,T0.5,10,"Break, Debuff",,2026-05-29,4.2.1,Duty Action,11.69,8.09,ok,https://cdn.prydwen.gg/images/honkai-star-rail/characters/lingsha_icon.webp
20260630,2026-06-30,moc,混沌回忆,lingsha,Lingsha,灵砂,Sustain,sustain,生存位,T0.5,10,"Break, Debuff",,2026-06-11,4.2.1,Duty Action,14.56,8.08,ok,https://cdn.prydwen.gg/images/honkai-star-rail/characters/lingsha_icon.webp
20260630,2026-06-30,moc,混沌回忆,lingsha,Lingsha,灵砂,Sustain,sustain,生存位,T0.5,10,"Break, Debuff",,2026-06-25,4.2.1,Duty Action,14.56,8.1,ok,https://cdn.prydwen.gg/images/honkai-star-rail/characters/lingsha_icon.webp
20260630,2026-06-30,pf,虚构叙事,lingsha,Lingsha,灵砂,Sustain,sustain,生存位,T0.5,10,"Break, Debuff",,2026-02-22,4.0.1,Wordless Novel,21.98,30110,ok,https://cdn.prydwen.gg/images/honkai-star-rail/characters/lingsha_icon.webp
20260630,2026-06-30,pf,虚构叙事,lingsha,Lingsha,灵砂,Sustain,sustain,生存位,T0.5,10,"Break, Debuff",,2026-03-06,4.0.1,Wordless Novel,21.31,30005,ok,https://cdn.prydwen.gg/images/honkai-star-rail/characters/lingsha_icon.webp
20260630,2026-06-30,pf,虚构叙事,lingsha,Lingsha,灵砂,Sustain,sustain,生存位,T0.5,10,"Break, Debuff",,2026-04-03,4.1.1,Virtual Made Manifest,10.86,28595,ok,https://cdn.prydwen.gg/images/honkai-star-rail/characters/lingsha_icon.webp
20260630,2026-06-30,pf,虚构叙事,lingsha,Lingsha,灵砂,Sustain,sustain,生存位,T0.5,10,"Break, Debuff",,2026-04-19,4.1.1,Virtual Made Manifest,11.19,28624,ok,https://cdn.prydwen.gg/images/honkai-star-rail/characters/lingsha_icon.webp
20260630,2026-06-30,pf,虚构叙事,lingsha,Lingsha,灵砂,Sustain,sustain,生存位,T0.5,10,"Break, Debuff",,2026-05-02,4.1.1,Virtual Made Manifest,11.03,29182,ok,https://cdn.prydwen.gg/images/honkai-star-rail/characters/lingsha_icon.webp
20260630,2026-06-30,pf,虚构叙事,lingsha,Lingsha,灵砂,Sustain,sustain,生存位,T0.5,10,"Break, Debuff",,2026-05-16,4.2.1,Illusory Concepts,6.26,28114,ok,https://cdn.prydwen.gg/images/honkai-star-rail/characters/lingsha_icon.webp
20260630,2026-06-30,pf,虚构叙事,lingsha,Lingsha,灵砂,Sustain,sustain,生存位,T0.5,10,"Break, Debuff",,2026-05-29,4.2.1,Illusory Concepts,6.33,28072,ok,https://cdn.prydwen.gg/images/honkai-star-rail/characters/lingsha_icon.webp
20260630,2026-06-30,pf,虚构叙事,lingsha,Lingsha,灵砂,Sustain,sustain,生存位,T0.5,10,"Break, Debuff",,2026-06-11,4.2.1,Illusory Concepts,6.77,28212,ok,https://cdn.prydwen.gg/images/honkai-star-rail/characters/lingsha_icon.webp
20260630,2026-06-30,pf,虚构叙事,lingsha,Lingsha,灵砂,Sustain,sustain,生存位,T0.5,10,"Break, Debuff",,2026-06-25,4.3.1,Falsehood to Fact,20.14,30736,ok,https://cdn.prydwen.gg/images/honkai-star-rail/characters/lingsha_icon.webp
20260630,2026-06-30,as,末日幻影,lingsha,Lingsha,灵砂,Sustain,sustain,生存位,T0.5,10,"Break, Debuff",,2026-02-22,3.8.2,Dominance of Netherveil,22.9,3682,ok,https://cdn.prydwen.gg/images/honkai-star-rail/characters/lingsha_icon.webp
20260630,2026-06-30,as,末日幻影,lingsha,Lingsha,灵砂,Sustain,sustain,生存位,T0.5,10,"Break, Debuff",,2026-03-06,3.8.2,Dominance of Netherveil,22.44,3679,ok,https://cdn.prydwen.gg/images/honkai-star-rail/characters/lingsha_icon.webp
20260630,2026-06-30,as,末日幻影,lingsha,Lingsha,灵砂,Sustain,sustain,生存位,T0.5,10,"Break, Debuff",,2026-04-03,4.0.1,Militant Lupine,15.98,3529,ok,https://cdn.prydwen.gg/images/honkai-star-rail/characters/lingsha_icon.webp
20260630,2026-06-30,as,末日幻影,lingsha,Lingsha,灵砂,Sustain,sustain,生存位,T0.5,10,"Break, Debuff",,2026-04-19,4.0.1,Militant Lupine,16.0,3528,ok,https://cdn.prydwen.gg/images/honkai-star-rail/characters/lingsha_icon.webp
20260630,2026-06-30,as,末日幻影,lingsha,Lingsha,灵砂,Sustain,sustain,生存位,T0.5,10,"Break, Debuff",,2026-05-02,4.2.1,Idol of the Locusts,8.87,3541,ok,https://cdn.prydwen.gg/images/honkai-star-rail/characters/lingsha_icon.webp
20260630,2026-06-30,as,末日幻影,lingsha,Lingsha,灵砂,Sustain,sustain,生存位,T0.5,10,"Break, Debuff",,2026-05-16,4.2.1,Idol of the Locusts,9.13,3532,ok,https://cdn.prydwen.gg/images/honkai-star-rail/characters/lingsha_icon.webp
20260630,2026-06-30,as,末日幻影,lingsha,Lingsha,灵砂,Sustain,sustain,生存位,T0.5,10,"Break, Debuff",,2026-05-29,4.2.1,Idol of the Locusts,9.17,3531,ok,https://cdn.prydwen.gg/images/honkai-star-rail/characters/lingsha_icon.webp
20260630,2026-06-30,as,末日幻影,lingsha,Lingsha,灵砂,Sustain,sustain,生存位,T0.5,10,"Break, Debuff",,2026-06-11,4.3.1,Gale of Forgetting,20.53,3455,ok,https://cdn.prydwen.gg/images/honkai-star-rail/characters/lingsha_icon.webp
20260630,2026-06-30,as,末日幻影,lingsha,Lingsha,灵砂,Sustain,sustain,生存位,T0.5,10,"Break, Debuff",,2026-06-25,4.3.1,Gale of Forgetting,20.82,3460,ok,https://cdn.prydwen.gg/images/honkai-star-rail/characters/lingsha_icon.webp
20260630,2026-06-30,moc,混沌回忆,luocha,Luocha,罗刹,Sustain,sustain,生存位,T1.5,8,SP-Friendly,down,2026-02-22,3.8.1,Breached Nest,1.49,9.62,ok,https://cdn.prydwen.gg/images/honkai-star-rail/characters/luocha_icon.webp
20260630,2026-06-30,moc,混沌回忆,luocha,Luocha,罗刹,Sustain,sustain,生存位,T1.5,8,SP-Friendly,down,2026-03-06,4.0.1,Cyber Mystery,1.58,8.37,ok,https://cdn.prydwen.gg/images/honkai-star-rail/characters/luocha_icon.webp
20260630,2026-06-30,moc,混沌回忆,luocha,Luocha,罗刹,Sustain,sustain,生存位,T1.5,8,SP-Friendly,down,2026-04-03,4.0.1,Cyber Mystery,1.68,8.21,ok,https://cdn.prydwen.gg/images/honkai-star-rail/characters/luocha_icon.webp
20260630,2026-06-30,moc,混沌回忆,luocha,Luocha,罗刹,Sustain,sustain,生存位,T1.5,8,SP-Friendly,down,2026-04-19,4.1.1,Grand Finale,1.4,8.23,ok,https://cdn.prydwen.gg/images/honkai-star-rail/characters/luocha_icon.webp
20260630,2026-06-30,moc,混沌回忆,luocha,Luocha,罗刹,Sustain,sustain,生存位,T1.5,8,SP-Friendly,down,2026-05-02,4.1.1,Grand Finale,1.53,8.14,ok,https://cdn.prydwen.gg/images/honkai-star-rail/characters/luocha_icon.webp
20260630,2026-06-30,moc,混沌回忆,luocha,Luocha,罗刹,Sustain,sustain,生存位,T1.5,8,SP-Friendly,down,2026-05-16,4.1.1,Grand Finale,1.58,8.04,ok,https://cdn.prydwen.gg/images/honkai-star-rail/characters/luocha_icon.webp
20260630,2026-06-30,moc,混沌回忆,luocha,Luocha,罗刹,Sustain,sustain,生存位,T1.5,8,SP-Friendly,down,2026-05-29,4.2.1,Duty Action,0.43,99.99,ok,https://cdn.prydwen.gg/images/honkai-star-rail/characters/luocha_icon.webp
20260630,2026-06-30,moc,混沌回忆,luocha,Luocha,罗刹,Sustain,sustain,生存位,T1.5,8,SP-Friendly,down,2026-06-11,4.2.1,Duty Action,1.0,99.99,ok,https://cdn.prydwen.gg/images/honkai-star-rail/characters/luocha_icon.webp
20260630,2026-06-30,moc,混沌回忆,luocha,Luocha,罗刹,Sustain,sustain,生存位,T1.5,8,SP-Friendly,down,2026-06-25,4.2.1,Duty Action,1.07,8.5,ok,https://cdn.prydwen.gg/images/honkai-star-rail/characters/luocha_icon.webp
20260630,2026-06-30,pf,虚构叙事,luocha,Luocha,罗刹,Sustain,sustain,生存位,T1,9,SP-Friendly,,2026-02-22,4.0.1,Wordless Novel,2.08,30694,ok,https://cdn.prydwen.gg/images/honkai-star-rail/characters/luocha_icon.webp
20260630,2026-06-30,pf,虚构叙事,luocha,Luocha,罗刹,Sustain,sustain,生存位,T1,9,SP-Friendly,,2026-03-06,4.0.1,Wordless Novel,2.24,30326,ok,https://cdn.prydwen.gg/images/honkai-star-rail/characters/luocha_icon.webp
20260630,2026-06-30,pf,虚构叙事,luocha,Luocha,罗刹,Sustain,sustain,生存位,T1,9,SP-Friendly,,2026-04-03,4.1.1,Virtual Made Manifest,1.6,29613,ok,https://cdn.prydwen.gg/images/honkai-star-rail/characters/luocha_icon.webp
20260630,2026-06-30,pf,虚构叙事,luocha,Luocha,罗刹,Sustain,sustain,生存位,T1,9,SP-Friendly,,2026-04-19,4.1.1,Virtual Made Manifest,1.63,29118,ok,https://cdn.prydwen.gg/images/honkai-star-rail/characters/luocha_icon.webp
20260630,2026-06-30,pf,虚构叙事,luocha,Luocha,罗刹,Sustain,sustain,生存位,T1,9,SP-Friendly,,2026-05-02,4.1.1,Virtual Made Manifest,1.65,29663,ok,https://cdn.prydwen.gg/images/honkai-star-rail/characters/luocha_icon.webp
20260630,2026-06-30,pf,虚构叙事,luocha,Luocha,罗刹,Sustain,sustain,生存位,T1,9,SP-Friendly,,2026-05-16,4.2.1,Illusory Concepts,1.01,27337,ok,https://cdn.prydwen.gg/images/honkai-star-rail/characters/luocha_icon.webp
20260630,2026-06-30,pf,虚构叙事,luocha,Luocha,罗刹,Sustain,sustain,生存位,T1,9,SP-Friendly,,2026-05-29,4.2.1,Illusory Concepts,1.15,27766,ok,https://cdn.prydwen.gg/images/honkai-star-rail/characters/luocha_icon.webp
20260630,2026-06-30,pf,虚构叙事,luocha,Luocha,罗刹,Sustain,sustain,生存位,T1,9,SP-Friendly,,2026-06-11,4.2.1,Illusory Concepts,1.49,30066,ok,https://cdn.prydwen.gg/images/honkai-star-rail/characters/luocha_icon.webp
20260630,2026-06-30,pf,虚构叙事,luocha,Luocha,罗刹,Sustain,sustain,生存位,T1,9,SP-Friendly,,2026-06-25,4.3.1,Falsehood to Fact,3.59,31555,ok,https://cdn.prydwen.gg/images/honkai-star-rail/characters/luocha_icon.webp
20260630,2026-06-30,as,末日幻影,luocha,Luocha,罗刹,Sustain,sustain,生存位,T1.5,8,SP-Friendly,down,2026-02-22,3.8.2,Dominance of Netherveil,5.47,3260,ok,https://cdn.prydwen.gg/images/honkai-star-rail/characters/luocha_icon.webp
20260630,2026-06-30,as,末日幻影,luocha,Luocha,罗刹,Sustain,sustain,生存位,T1.5,8,SP-Friendly,down,2026-03-06,3.8.2,Dominance of Netherveil,5.71,3259,ok,https://cdn.prydwen.gg/images/honkai-star-rail/characters/luocha_icon.webp
20260630,2026-06-30,as,末日幻影,luocha,Luocha,罗刹,Sustain,sustain,生存位,T1.5,8,SP-Friendly,down,2026-04-03,4.0.1,Militant Lupine,1.43,3419,ok,https://cdn.prydwen.gg/images/honkai-star-rail/characters/luocha_icon.webp
20260630,2026-06-30,as,末日幻影,luocha,Luocha,罗刹,Sustain,sustain,生存位,T1.5,8,SP-Friendly,down,2026-04-19,4.0.1,Militant Lupine,1.46,3410,ok,https://cdn.prydwen.gg/images/honkai-star-rail/characters/luocha_icon.webp
20260630,2026-06-30,as,末日幻影,luocha,Luocha,罗刹,Sustain,sustain,生存位,T1.5,8,SP-Friendly,down,2026-05-02,4.2.1,Idol of the Locusts,0.83,3398,ok,https://cdn.prydwen.gg/images/honkai-star-rail/characters/luocha_icon.webp
20260630,2026-06-30,as,末日幻影,luocha,Luocha,罗刹,Sustain,sustain,生存位,T1.5,8,SP-Friendly,down,2026-05-16,4.2.1,Idol of the Locusts,0.87,3380,ok,https://cdn.prydwen.gg/images/honkai-star-rail/characters/luocha_icon.webp
20260630,2026-06-30,as,末日幻影,luocha,Luocha,罗刹,Sustain,sustain,生存位,T1.5,8,SP-Friendly,down,2026-05-29,4.2.1,Idol of the Locusts,0.95,3369,ok,https://cdn.prydwen.gg/images/honkai-star-rail/characters/luocha_icon.webp
20260630,2026-06-30,as,末日幻影,luocha,Luocha,罗刹,Sustain,sustain,生存位,T1.5,8,SP-Friendly,down,2026-06-11,4.3.1,Gale of Forgetting,3.11,3428,ok,https://cdn.prydwen.gg/images/honkai-star-rail/characters/luocha_icon.webp
20260630,2026-06-30,as,末日幻影,luocha,Luocha,罗刹,Sustain,sustain,生存位,T1.5,8,SP-Friendly,down,2026-06-25,4.3.1,Gale of Forgetting,3.29,3385,ok,https://cdn.prydwen.gg/images/honkai-star-rail/characters/luocha_icon.webp
20260630,2026-06-30,moc,混沌回忆,march-7th-evernight,Evernight,长夜月,DPS,main_dps,主C,T0.5,10,"Buff, SP-Friendly",down,2026-02-22,3.8.1,Breached Nest,43.66,7.29,ok,https://cdn.prydwen.gg/images/honkai-star-rail/characters/march-7th-evernight_icon.webp
20260630,2026-06-30,moc,混沌回忆,march-7th-evernight,Evernight,长夜月,DPS,main_dps,主C,T0.5,10,"Buff, SP-Friendly",down,2026-02-22,3.8.1,Breached Nest,2.52,8.62,ok,https://cdn.prydwen.gg/images/honkai-star-rail/characters/march-7th-evernight_icon.webp
20260630,2026-06-30,moc,混沌回忆,march-7th-evernight,Evernight,长夜月,DPS,main_dps,主C,T0.5,10,"Buff, SP-Friendly",down,2026-02-22,3.8.1,Breached Nest,41.15,7.26,ok,https://cdn.prydwen.gg/images/honkai-star-rail/characters/march-7th-evernight_icon.webp
20260630,2026-06-30,moc,混沌回忆,march-7th-evernight,Evernight,长夜月,DPS,main_dps,主C,T0.5,10,"Buff, SP-Friendly",down,2026-03-06,4.0.1,Cyber Mystery,46.43,6.15,ok,https://cdn.prydwen.gg/images/honkai-star-rail/characters/march-7th-evernight_icon.webp
20260630,2026-06-30,moc,混沌回忆,march-7th-evernight,Evernight,长夜月,DPS,main_dps,主C,T0.5,10,"Buff, SP-Friendly",down,2026-03-06,4.0.1,Cyber Mystery,4.44,6.31,ok,https://cdn.prydwen.gg/images/honkai-star-rail/characters/march-7th-evernight_icon.webp
20260630,2026-06-30,moc,混沌回忆,march-7th-evernight,Evernight,长夜月,DPS,main_dps,主C,T0.5,10,"Buff, SP-Friendly",down,2026-03-06,4.0.1,Cyber Mystery,41.98,6.14,ok,https://cdn.prydwen.gg/images/honkai-star-rail/characters/march-7th-evernight_icon.webp
20260630,2026-06-30,moc,混沌回忆,march-7th-evernight,Evernight,长夜月,DPS,main_dps,主C,T0.5,10,"Buff, SP-Friendly",down,2026-04-03,4.0.1,Cyber Mystery,45.13,6.14,ok,https://cdn.prydwen.gg/images/honkai-star-rail/characters/march-7th-evernight_icon.webp
20260630,2026-06-30,moc,混沌回忆,march-7th-evernight,Evernight,长夜月,DPS,main_dps,主C,T0.5,10,"Buff, SP-Friendly",down,2026-04-03,4.0.1,Cyber Mystery,4.18,6.65,ok,https://cdn.prydwen.gg/images/honkai-star-rail/characters/march-7th-evernight_icon.webp
20260630,2026-06-30,moc,混沌回忆,march-7th-evernight,Evernight,长夜月,DPS,main_dps,主C,T0.5,10,"Buff, SP-Friendly",down,2026-04-03,4.0.1,Cyber Mystery,40.95,6.12,ok,https://cdn.prydwen.gg/images/honkai-star-rail/characters/march-7th-evernight_icon.webp
20260630,2026-06-30,moc,混沌回忆,march-7th-evernight,Evernight,长夜月,DPS,main_dps,主C,T0.5,10,"Buff, SP-Friendly",down,2026-04-19,4.1.1,Grand Finale,46.68,6.12,ok,https://cdn.prydwen.gg/images/honkai-star-rail/characters/march-7th-evernight_icon.webp
20260630,2026-06-30,moc,混沌回忆,march-7th-evernight,Evernight,长夜月,DPS,main_dps,主C,T0.5,10,"Buff, SP-Friendly",down,2026-04-19,4.1.1,Grand Finale,4.88,6.42,ok,https://cdn.prydwen.gg/images/honkai-star-rail/characters/march-7th-evernight_icon.webp
20260630,2026-06-30,moc,混沌回忆,march-7th-evernight,Evernight,长夜月,DPS,main_dps,主C,T0.5,10,"Buff, SP-Friendly",down,2026-04-19,4.1.1,Grand Finale,41.81,6.1,ok,https://cdn.prydwen.gg/images/honkai-star-rail/characters/march-7th-evernight_icon.webp
20260630,2026-06-30,moc,混沌回忆,march-7th-evernight,Evernight,长夜月,DPS,main_dps,主C,T0.5,10,"Buff, SP-Friendly",down,2026-05-02,4.1.1,Grand Finale,44.31,5.88,ok,https://cdn.prydwen.gg/images/honkai-star-rail/characters/march-7th-evernight_icon.webp
20260630,2026-06-30,moc,混沌回忆,march-7th-evernight,Evernight,长夜月,DPS,main_dps,主C,T0.5,10,"Buff, SP-Friendly",down,2026-05-02,4.1.1,Grand Finale,4.1,6.28,ok,https://cdn.prydwen.gg/images/honkai-star-rail/characters/march-7th-evernight_icon.webp
20260630,2026-06-30,moc,混沌回忆,march-7th-evernight,Evernight,长夜月,DPS,main_dps,主C,T0.5,10,"Buff, SP-Friendly",down,2026-05-02,4.1.1,Grand Finale,40.21,5.85,ok,https://cdn.prydwen.gg/images/honkai-star-rail/characters/march-7th-evernight_icon.webp
20260630,2026-06-30,moc,混沌回忆,march-7th-evernight,Evernight,长夜月,DPS,main_dps,主C,T0.5,10,"Buff, SP-Friendly",down,2026-05-16,4.1.1,Grand Finale,43.43,5.85,ok,https://cdn.prydwen.gg/images/honkai-star-rail/characters/march-7th-evernight_icon.webp
20260630,2026-06-30,moc,混沌回忆,march-7th-evernight,Evernight,长夜月,DPS,main_dps,主C,T0.5,10,"Buff, SP-Friendly",down,2026-05-16,4.1.1,Grand Finale,3.86,6.35,ok,https://cdn.prydwen.gg/images/honkai-star-rail/characters/march-7th-evernight_icon.webp
20260630,2026-06-30,moc,混沌回忆,march-7th-evernight,Evernight,长夜月,DPS,main_dps,主C,T0.5,10,"Buff, SP-Friendly",down,2026-05-16,4.1.1,Grand Finale,39.57,5.82,ok,https://cdn.prydwen.gg/images/honkai-star-rail/characters/march-7th-evernight_icon.webp
20260630,2026-06-30,moc,混沌回忆,march-7th-evernight,Evernight,长夜月,DPS,main_dps,主C,T0.5,10,"Buff, SP-Friendly",down,2026-05-29,4.2.1,Duty Action,26.5,7.26,ok,https://cdn.prydwen.gg/images/honkai-star-rail/characters/march-7th-evernight_icon.webp
20260630,2026-06-30,moc,混沌回忆,march-7th-evernight,Evernight,长夜月,DPS,main_dps,主C,T0.5,10,"Buff, SP-Friendly",down,2026-05-29,4.2.1,Duty Action,1.85,8.88,ok,https://cdn.prydwen.gg/images/honkai-star-rail/characters/march-7th-evernight_icon.webp
20260630,2026-06-30,moc,混沌回忆,march-7th-evernight,Evernight,长夜月,DPS,main_dps,主C,T0.5,10,"Buff, SP-Friendly",down,2026-05-29,4.2.1,Duty Action,24.65,7.24,ok,https://cdn.prydwen.gg/images/honkai-star-rail/characters/march-7th-evernight_icon.webp
20260630,2026-06-30,moc,混沌回忆,march-7th-evernight,Evernight,长夜月,DPS,main_dps,主C,T0.5,10,"Buff, SP-Friendly",down,2026-06-11,4.2.1,Duty Action,31.93,7.41,ok,https://cdn.prydwen.gg/images/honkai-star-rail/characters/march-7th-evernight_icon.webp
20260630,2026-06-30,moc,混沌回忆,march-7th-evernight,Evernight,长夜月,DPS,main_dps,主C,T0.5,10,"Buff, SP-Friendly",down,2026-06-11,4.2.1,Duty Action,2.14,8.69,ok,https://cdn.prydwen.gg/images/honkai-star-rail/characters/march-7th-evernight_icon.webp
20260630,2026-06-30,moc,混沌回忆,march-7th-evernight,Evernight,长夜月,DPS,main_dps,主C,T0.5,10,"Buff, SP-Friendly",down,2026-06-11,4.2.1,Duty Action,29.79,7.39,ok,https://cdn.prydwen.gg/images/honkai-star-rail/characters/march-7th-evernight_icon.webp
20260630,2026-06-30,moc,混沌回忆,march-7th-evernight,Evernight,长夜月,DPS,main_dps,主C,T0.5,10,"Buff, SP-Friendly",down,2026-06-25,4.2.1,Duty Action,31.58,7.41,ok,https://cdn.prydwen.gg/images/honkai-star-rail/characters/march-7th-evernight_icon.webp
20260630,2026-06-30,moc,混沌回忆,march-7th-evernight,Evernight,长夜月,DPS,main_dps,主C,T0.5,10,"Buff, SP-Friendly",down,2026-06-25,4.2.1,Duty Action,2.08,8.25,ok,https://cdn.prydwen.gg/images/honkai-star-rail/characters/march-7th-evernight_icon.webp
20260630,2026-06-30,moc,混沌回忆,march-7th-evernight,Evernight,长夜月,DPS,main_dps,主C,T0.5,10,"Buff, SP-Friendly",down,2026-06-25,4.2.1,Duty Action,29.5,7.4,ok,https://cdn.prydwen.gg/images/honkai-star-rail/characters/march-7th-evernight_icon.webp
20260630,2026-06-30,pf,虚构叙事,march-7th-evernight,Evernight,长夜月,DPS,main_dps,主C,T0,11,"Buff, SP-Friendly",,2026-02-22,4.0.1,Wordless Novel,49.56,40000,ok,https://cdn.prydwen.gg/images/honkai-star-rail/characters/march-7th-evernight_icon.webp
20260630,2026-06-30,pf,虚构叙事,march-7th-evernight,Evernight,长夜月,DPS,main_dps,主C,T0,11,"Buff, SP-Friendly",,2026-02-22,4.0.1,Wordless Novel,4.97,39862,ok,https://cdn.prydwen.gg/images/honkai-star-rail/characters/march-7th-evernight_icon.webp
20260630,2026-06-30,pf,虚构叙事,march-7th-evernight,Evernight,长夜月,DPS,main_dps,主C,T0,11,"Buff, SP-Friendly",,2026-02-22,4.0.1,Wordless Novel,44.59,40000,ok,https://cdn.prydwen.gg/images/honkai-star-rail/characters/march-7th-evernight_icon.webp
20260630,2026-06-30,pf,虚构叙事,march-7th-evernight,Evernight,长夜月,DPS,main_dps,主C,T0,11,"Buff, SP-Friendly",,2026-03-06,4.0.1,Wordless Novel,49.63,40000,ok,https://cdn.prydwen.gg/images/honkai-star-rail/characters/march-7th-evernight_icon.webp
20260630,2026-06-30,pf,虚构叙事,march-7th-evernight,Evernight,长夜月,DPS,main_dps,主C,T0,11,"Buff, SP-Friendly",,2026-03-06,4.0.1,Wordless Novel,4.89,39704,ok,https://cdn.prydwen.gg/images/honkai-star-rail/characters/march-7th-evernight_icon.webp
20260630,2026-06-30,pf,虚构叙事,march-7th-evernight,Evernight,长夜月,DPS,main_dps,主C,T0,11,"Buff, SP-Friendly",,2026-03-06,4.0.1,Wordless Novel,44.74,40000,ok,https://cdn.prydwen.gg/images/honkai-star-rail/characters/march-7th-evernight_icon.webp
20260630,2026-06-30,pf,虚构叙事,march-7th-evernight,Evernight,长夜月,DPS,main_dps,主C,T0,11,"Buff, SP-Friendly",,2026-04-03,4.1.1,Virtual Made Manifest,42.93,39802,ok,https://cdn.prydwen.gg/images/honkai-star-rail/characters/march-7th-evernight_icon.webp
20260630,2026-06-30,pf,虚构叙事,march-7th-evernight,Evernight,长夜月,DPS,main_dps,主C,T0,11,"Buff, SP-Friendly",,2026-04-03,4.1.1,Virtual Made Manifest,5.19,39960,ok,https://cdn.prydwen.gg/images/honkai-star-rail/characters/march-7th-evernight_icon.webp
20260630,2026-06-30,pf,虚构叙事,march-7th-evernight,Evernight,长夜月,DPS,main_dps,主C,T0,11,"Buff, SP-Friendly",,2026-04-03,4.1.1,Virtual Made Manifest,37.74,39785,ok,https://cdn.prydwen.gg/images/honkai-star-rail/characters/march-7th-evernight_icon.webp
20260630,2026-06-30,pf,虚构叙事,march-7th-evernight,Evernight,长夜月,DPS,main_dps,主C,T0,11,"Buff, SP-Friendly",,2026-04-19,4.1.1,Virtual Made Manifest,43.66,39707,ok,https://cdn.prydwen.gg/images/honkai-star-rail/characters/march-7th-evernight_icon.webp
20260630,2026-06-30,pf,虚构叙事,march-7th-evernight,Evernight,长夜月,DPS,main_dps,主C,T0,11,"Buff, SP-Friendly",,2026-04-19,4.1.1,Virtual Made Manifest,5.11,39805,ok,https://cdn.prydwen.gg/images/honkai-star-rail/characters/march-7th-evernight_icon.webp
20260630,2026-06-30,pf,虚构叙事,march-7th-evernight,Evernight,长夜月,DPS,main_dps,主C,T0,11,"Buff, SP-Friendly",,2026-04-19,4.1.1,Virtual Made Manifest,38.55,39697,ok,https://cdn.prydwen.gg/images/honkai-star-rail/characters/march-7th-evernight_icon.webp
20260630,2026-06-30,pf,虚构叙事,march-7th-evernight,Evernight,长夜月,DPS,main_dps,主C,T0,11,"Buff, SP-Friendly",,2026-05-02,4.1.1,Virtual Made Manifest,42.07,39643,ok,https://cdn.prydwen.gg/images/honkai-star-rail/characters/march-7th-evernight_icon.webp
20260630,2026-06-30,pf,虚构叙事,march-7th-evernight,Evernight,长夜月,DPS,main_dps,主C,T0,11,"Buff, SP-Friendly",,2026-05-02,4.1.1,Virtual Made Manifest,4.63,39676,ok,https://cdn.prydwen.gg/images/honkai-star-rail/characters/march-7th-evernight_icon.webp
20260630,2026-06-30,pf,虚构叙事,march-7th-evernight,Evernight,长夜月,DPS,main_dps,主C,T0,11,"Buff, SP-Friendly",,2026-05-02,4.1.1,Virtual Made Manifest,37.44,39640,ok,https://cdn.prydwen.gg/images/honkai-star-rail/characters/march-7th-evernight_icon.webp
20260630,2026-06-30,pf,虚构叙事,march-7th-evernight,Evernight,长夜月,DPS,main_dps,主C,T0,11,"Buff, SP-Friendly",,2026-05-16,4.2.1,Illusory Concepts,47.74,39669,ok,https://cdn.prydwen.gg/images/honkai-star-rail/characters/march-7th-evernight_icon.webp
20260630,2026-06-30,pf,虚构叙事,march-7th-evernight,Evernight,长夜月,DPS,main_dps,主C,T0,11,"Buff, SP-Friendly",,2026-05-16,4.2.1,Illusory Concepts,4.05,38880,ok,https://cdn.prydwen.gg/images/honkai-star-rail/characters/march-7th-evernight_icon.webp
20260630,2026-06-30,pf,虚构叙事,march-7th-evernight,Evernight,长夜月,DPS,main_dps,主C,T0,11,"Buff, SP-Friendly",,2026-05-16,4.2.1,Illusory Concepts,43.69,39704,ok,https://cdn.prydwen.gg/images/honkai-star-rail/characters/march-7th-evernight_icon.webp
20260630,2026-06-30,pf,虚构叙事,march-7th-evernight,Evernight,长夜月,DPS,main_dps,主C,T0,11,"Buff, SP-Friendly",,2026-05-29,4.2.1,Illusory Concepts,47.22,39533,ok,https://cdn.prydwen.gg/images/honkai-star-rail/characters/march-7th-evernight_icon.webp
20260630,2026-06-30,pf,虚构叙事,march-7th-evernight,Evernight,长夜月,DPS,main_dps,主C,T0,11,"Buff, SP-Friendly",,2026-05-29,4.2.1,Illusory Concepts,3.92,38688,ok,https://cdn.prydwen.gg/images/honkai-star-rail/characters/march-7th-evernight_icon.webp
20260630,2026-06-30,pf,虚构叙事,march-7th-evernight,Evernight,长夜月,DPS,main_dps,主C,T0,11,"Buff, SP-Friendly",,2026-05-29,4.2.1,Illusory Concepts,43.3,39575,ok,https://cdn.prydwen.gg/images/honkai-star-rail/characters/march-7th-evernight_icon.webp
20260630,2026-06-30,pf,虚构叙事,march-7th-evernight,Evernight,长夜月,DPS,main_dps,主C,T0,11,"Buff, SP-Friendly",,2026-06-11,4.2.1,Illusory Concepts,47.76,39494,ok,https://cdn.prydwen.gg/images/honkai-star-rail/characters/march-7th-evernight_icon.webp
20260630,2026-06-30,pf,虚构叙事,march-7th-evernight,Evernight,长夜月,DPS,main_dps,主C,T0,11,"Buff, SP-Friendly",,2026-06-11,4.2.1,Illusory Concepts,3.94,38609,ok,https://cdn.prydwen.gg/images/honkai-star-rail/characters/march-7th-evernight_icon.webp
20260630,2026-06-30,pf,虚构叙事,march-7th-evernight,Evernight,长夜月,DPS,main_dps,主C,T0,11,"Buff, SP-Friendly",,2026-06-11,4.2.1,Illusory Concepts,43.82,39538,ok,https://cdn.prydwen.gg/images/honkai-star-rail/characters/march-7th-evernight_icon.webp
20260630,2026-06-30,pf,虚构叙事,march-7th-evernight,Evernight,长夜月,DPS,main_dps,主C,T0,11,"Buff, SP-Friendly",,2026-06-25,4.3.1,Falsehood to Fact,55.3,39595,ok,https://cdn.prydwen.gg/images/honkai-star-rail/characters/march-7th-evernight_icon.webp
20260630,2026-06-30,pf,虚构叙事,march-7th-evernight,Evernight,长夜月,DPS,main_dps,主C,T0,11,"Buff, SP-Friendly",,2026-06-25,4.3.1,Falsehood to Fact,5.84,39720,ok,https://cdn.prydwen.gg/images/honkai-star-rail/characters/march-7th-evernight_icon.webp
20260630,2026-06-30,pf,虚构叙事,march-7th-evernight,Evernight,长夜月,DPS,main_dps,主C,T0,11,"Buff, SP-Friendly",,2026-06-25,4.3.1,Falsehood to Fact,49.46,39586,ok,https://cdn.prydwen.gg/images/honkai-star-rail/characters/march-7th-evernight_icon.webp
20260630,2026-06-30,as,末日幻影,march-7th-evernight,Evernight,长夜月,DPS,main_dps,主C,T0.5,10,"Buff, SP-Friendly",down,2026-02-22,3.8.2,Dominance of Netherveil,55.79,3711,ok,https://cdn.prydwen.gg/images/honkai-star-rail/characters/march-7th-evernight_icon.webp
20260630,2026-06-30,as,末日幻影,march-7th-evernight,Evernight,长夜月,DPS,main_dps,主C,T0.5,10,"Buff, SP-Friendly",down,2026-02-22,3.8.2,Dominance of Netherveil,3.88,3568,ok,https://cdn.prydwen.gg/images/honkai-star-rail/characters/march-7th-evernight_icon.webp
20260630,2026-06-30,as,末日幻影,march-7th-evernight,Evernight,长夜月,DPS,main_dps,主C,T0.5,10,"Buff, SP-Friendly",down,2026-02-22,3.8.2,Dominance of Netherveil,51.91,3719,ok,https://cdn.prydwen.gg/images/honkai-star-rail/characters/march-7th-evernight_icon.webp
20260630,2026-06-30,as,末日幻影,march-7th-evernight,Evernight,长夜月,DPS,main_dps,主C,T0.5,10,"Buff, SP-Friendly",down,2026-03-06,3.8.2,Dominance of Netherveil,55.9,3707,ok,https://cdn.prydwen.gg/images/honkai-star-rail/characters/march-7th-evernight_icon.webp
20260630,2026-06-30,as,末日幻影,march-7th-evernight,Evernight,长夜月,DPS,main_dps,主C,T0.5,10,"Buff, SP-Friendly",down,2026-03-06,3.8.2,Dominance of Netherveil,3.95,3549,ok,https://cdn.prydwen.gg/images/honkai-star-rail/characters/march-7th-evernight_icon.webp
20260630,2026-06-30,as,末日幻影,march-7th-evernight,Evernight,长夜月,DPS,main_dps,主C,T0.5,10,"Buff, SP-Friendly",down,2026-03-06,3.8.2,Dominance of Netherveil,51.95,3715,ok,https://cdn.prydwen.gg/images/honkai-star-rail/characters/march-7th-evernight_icon.webp
20260630,2026-06-30,as,末日幻影,march-7th-evernight,Evernight,长夜月,DPS,main_dps,主C,T0.5,10,"Buff, SP-Friendly",down,2026-04-03,4.0.1,Militant Lupine,33.81,3490,ok,https://cdn.prydwen.gg/images/honkai-star-rail/characters/march-7th-evernight_icon.webp
20260630,2026-06-30,as,末日幻影,march-7th-evernight,Evernight,长夜月,DPS,main_dps,主C,T0.5,10,"Buff, SP-Friendly",down,2026-04-03,4.0.1,Militant Lupine,2.06,3367,ok,https://cdn.prydwen.gg/images/honkai-star-rail/characters/march-7th-evernight_icon.webp
20260630,2026-06-30,as,末日幻影,march-7th-evernight,Evernight,长夜月,DPS,main_dps,主C,T0.5,10,"Buff, SP-Friendly",down,2026-04-03,4.0.1,Militant Lupine,31.75,3492,ok,https://cdn.prydwen.gg/images/honkai-star-rail/characters/march-7th-evernight_icon.webp
20260630,2026-06-30,as,末日幻影,march-7th-evernight,Evernight,长夜月,DPS,main_dps,主C,T0.5,10,"Buff, SP-Friendly",down,2026-04-19,4.0.1,Militant Lupine,33.85,3486,ok,https://cdn.prydwen.gg/images/honkai-star-rail/characters/march-7th-evernight_icon.webp
20260630,2026-06-30,as,末日幻影,march-7th-evernight,Evernight,长夜月,DPS,main_dps,主C,T0.5,10,"Buff, SP-Friendly",down,2026-04-19,4.0.1,Militant Lupine,2.03,3355,ok,https://cdn.prydwen.gg/images/honkai-star-rail/characters/march-7th-evernight_icon.webp
20260630,2026-06-30,as,末日幻影,march-7th-evernight,Evernight,长夜月,DPS,main_dps,主C,T0.5,10,"Buff, SP-Friendly",down,2026-04-19,4.0.1,Militant Lupine,31.82,3489,ok,https://cdn.prydwen.gg/images/honkai-star-rail/characters/march-7th-evernight_icon.webp
20260630,2026-06-30,as,末日幻影,march-7th-evernight,Evernight,长夜月,DPS,main_dps,主C,T0.5,10,"Buff, SP-Friendly",down,2026-05-02,4.2.1,Idol of the Locusts,52.18,3488,ok,https://cdn.prydwen.gg/images/honkai-star-rail/characters/march-7th-evernight_icon.webp
20260630,2026-06-30,as,末日幻影,march-7th-evernight,Evernight,长夜月,DPS,main_dps,主C,T0.5,10,"Buff, SP-Friendly",down,2026-05-02,4.2.1,Idol of the Locusts,3.8,3481,ok,https://cdn.prydwen.gg/images/honkai-star-rail/characters/march-7th-evernight_icon.webp
20260630,2026-06-30,as,末日幻影,march-7th-evernight,Evernight,长夜月,DPS,main_dps,主C,T0.5,10,"Buff, SP-Friendly",down,2026-05-02,4.2.1,Idol of the Locusts,48.38,3488,ok,https://cdn.prydwen.gg/images/honkai-star-rail/characters/march-7th-evernight_icon.webp
20260630,2026-06-30,as,末日幻影,march-7th-evernight,Evernight,长夜月,DPS,main_dps,主C,T0.5,10,"Buff, SP-Friendly",down,2026-05-16,4.2.1,Idol of the Locusts,50.91,3481,ok,https://cdn.prydwen.gg/images/honkai-star-rail/characters/march-7th-evernight_icon.webp
20260630,2026-06-30,as,末日幻影,march-7th-evernight,Evernight,长夜月,DPS,main_dps,主C,T0.5,10,"Buff, SP-Friendly",down,2026-05-16,4.2.1,Idol of the Locusts,3.59,3475,ok,https://cdn.prydwen.gg/images/honkai-star-rail/characters/march-7th-evernight_icon.webp
20260630,2026-06-30,as,末日幻影,march-7th-evernight,Evernight,长夜月,DPS,main_dps,主C,T0.5,10,"Buff, SP-Friendly",down,2026-05-16,4.2.1,Idol of the Locusts,47.32,3481,ok,https://cdn.prydwen.gg/images/honkai-star-rail/characters/march-7th-evernight_icon.webp
20260630,2026-06-30,as,末日幻影,march-7th-evernight,Evernight,长夜月,DPS,main_dps,主C,T0.5,10,"Buff, SP-Friendly",down,2026-05-29,4.2.1,Idol of the Locusts,50.45,3478,ok,https://cdn.prydwen.gg/images/honkai-star-rail/characters/march-7th-evernight_icon.webp
20260630,2026-06-30,as,末日幻影,march-7th-evernight,Evernight,长夜月,DPS,main_dps,主C,T0.5,10,"Buff, SP-Friendly",down,2026-05-29,4.2.1,Idol of the Locusts,3.58,3467,ok,https://cdn.prydwen.gg/images/honkai-star-rail/characters/march-7th-evernight_icon.webp
20260630,2026-06-30,as,末日幻影,march-7th-evernight,Evernight,长夜月,DPS,main_dps,主C,T0.5,10,"Buff, SP-Friendly",down,2026-05-29,4.2.1,Idol of the Locusts,46.87,3479,ok,https://cdn.prydwen.gg/images/honkai-star-rail/characters/march-7th-evernight_icon.webp
20260630,2026-06-30,as,末日幻影,march-7th-evernight,Evernight,长夜月,DPS,main_dps,主C,T0.5,10,"Buff, SP-Friendly",down,2026-06-11,4.3.1,Gale of Forgetting,54.42,3485,ok,https://cdn.prydwen.gg/images/honkai-star-rail/characters/march-7th-evernight_icon.webp
20260630,2026-06-30,as,末日幻影,march-7th-evernight,Evernight,长夜月,DPS,main_dps,主C,T0.5,10,"Buff, SP-Friendly",down,2026-06-11,4.3.1,Gale of Forgetting,3.45,3380,ok,https://cdn.prydwen.gg/images/honkai-star-rail/characters/march-7th-evernight_icon.webp
20260630,2026-06-30,as,末日幻影,march-7th-evernight,Evernight,长夜月,DPS,main_dps,主C,T0.5,10,"Buff, SP-Friendly",down,2026-06-11,4.3.1,Gale of Forgetting,50.97,3489,ok,https://cdn.prydwen.gg/images/honkai-star-rail/characters/march-7th-evernight_icon.webp
20260630,2026-06-30,as,末日幻影,march-7th-evernight,Evernight,长夜月,DPS,main_dps,主C,T0.5,10,"Buff, SP-Friendly",down,2026-06-25,4.3.1,Gale of Forgetting,53.95,3479,ok,https://cdn.prydwen.gg/images/honkai-star-rail/characters/march-7th-evernight_icon.webp
20260630,2026-06-30,as,末日幻影,march-7th-evernight,Evernight,长夜月,DPS,main_dps,主C,T0.5,10,"Buff, SP-Friendly",down,2026-06-25,4.3.1,Gale of Forgetting,3.28,3378,ok,https://cdn.prydwen.gg/images/honkai-star-rail/characters/march-7th-evernight_icon.webp
20260630,2026-06-30,as,末日幻影,march-7th-evernight,Evernight,长夜月,DPS,main_dps,主C,T0.5,10,"Buff, SP-Friendly",down,2026-06-25,4.3.1,Gale of Forgetting,50.67,3482,ok,https://cdn.prydwen.gg/images/honkai-star-rail/characters/march-7th-evernight_icon.webp
20260630,2026-06-30,moc,混沌回忆,march-7th-evernight,Evernight,长夜月,Support DPS,sub_dps,副C,T0,11,"Buff, SP-Friendly",,2026-02-22,3.8.1,Breached Nest,43.66,7.29,ok,https://cdn.prydwen.gg/images/honkai-star-rail/characters/march-7th-evernight_icon.webp
20260630,2026-06-30,moc,混沌回忆,march-7th-evernight,Evernight,长夜月,Support DPS,sub_dps,副C,T0,11,"Buff, SP-Friendly",,2026-02-22,3.8.1,Breached Nest,2.52,8.62,ok,https://cdn.prydwen.gg/images/honkai-star-rail/characters/march-7th-evernight_icon.webp
20260630,2026-06-30,moc,混沌回忆,march-7th-evernight,Evernight,长夜月,Support DPS,sub_dps,副C,T0,11,"Buff, SP-Friendly",,2026-02-22,3.8.1,Breached Nest,41.15,7.26,ok,https://cdn.prydwen.gg/images/honkai-star-rail/characters/march-7th-evernight_icon.webp
20260630,2026-06-30,moc,混沌回忆,march-7th-evernight,Evernight,长夜月,Support DPS,sub_dps,副C,T0,11,"Buff, SP-Friendly",,2026-03-06,4.0.1,Cyber Mystery,46.43,6.15,ok,https://cdn.prydwen.gg/images/honkai-star-rail/characters/march-7th-evernight_icon.webp
20260630,2026-06-30,moc,混沌回忆,march-7th-evernight,Evernight,长夜月,Support DPS,sub_dps,副C,T0,11,"Buff, SP-Friendly",,2026-03-06,4.0.1,Cyber Mystery,4.44,6.31,ok,https://cdn.prydwen.gg/images/honkai-star-rail/characters/march-7th-evernight_icon.webp
20260630,2026-06-30,moc,混沌回忆,march-7th-evernight,Evernight,长夜月,Support DPS,sub_dps,副C,T0,11,"Buff, SP-Friendly",,2026-03-06,4.0.1,Cyber Mystery,41.98,6.14,ok,https://cdn.prydwen.gg/images/honkai-star-rail/characters/march-7th-evernight_icon.webp
20260630,2026-06-30,moc,混沌回忆,march-7th-evernight,Evernight,长夜月,Support DPS,sub_dps,副C,T0,11,"Buff, SP-Friendly",,2026-04-03,4.0.1,Cyber Mystery,45.13,6.14,ok,https://cdn.prydwen.gg/images/honkai-star-rail/characters/march-7th-evernight_icon.webp
20260630,2026-06-30,moc,混沌回忆,march-7th-evernight,Evernight,长夜月,Support DPS,sub_dps,副C,T0,11,"Buff, SP-Friendly",,2026-04-03,4.0.1,Cyber Mystery,4.18,6.65,ok,https://cdn.prydwen.gg/images/honkai-star-rail/characters/march-7th-evernight_icon.webp
20260630,2026-06-30,moc,混沌回忆,march-7th-evernight,Evernight,长夜月,Support DPS,sub_dps,副C,T0,11,"Buff, SP-Friendly",,2026-04-03,4.0.1,Cyber Mystery,40.95,6.12,ok,https://cdn.prydwen.gg/images/honkai-star-rail/characters/march-7th-evernight_icon.webp
20260630,2026-06-30,moc,混沌回忆,march-7th-evernight,Evernight,长夜月,Support DPS,sub_dps,副C,T0,11,"Buff, SP-Friendly",,2026-04-19,4.1.1,Grand Finale,46.68,6.12,ok,https://cdn.prydwen.gg/images/honkai-star-rail/characters/march-7th-evernight_icon.webp
20260630,2026-06-30,moc,混沌回忆,march-7th-evernight,Evernight,长夜月,Support DPS,sub_dps,副C,T0,11,"Buff, SP-Friendly",,2026-04-19,4.1.1,Grand Finale,4.88,6.42,ok,https://cdn.prydwen.gg/images/honkai-star-rail/characters/march-7th-evernight_icon.webp
20260630,2026-06-30,moc,混沌回忆,march-7th-evernight,Evernight,长夜月,Support DPS,sub_dps,副C,T0,11,"Buff, SP-Friendly",,2026-04-19,4.1.1,Grand Finale,41.81,6.1,ok,https://cdn.prydwen.gg/images/honkai-star-rail/characters/march-7th-evernight_icon.webp
20260630,2026-06-30,moc,混沌回忆,march-7th-evernight,Evernight,长夜月,Support DPS,sub_dps,副C,T0,11,"Buff, SP-Friendly",,2026-05-02,4.1.1,Grand Finale,44.31,5.88,ok,https://cdn.prydwen.gg/images/honkai-star-rail/characters/march-7th-evernight_icon.webp
20260630,2026-06-30,moc,混沌回忆,march-7th-evernight,Evernight,长夜月,Support DPS,sub_dps,副C,T0,11,"Buff, SP-Friendly",,2026-05-02,4.1.1,Grand Finale,4.1,6.28,ok,https://cdn.prydwen.gg/images/honkai-star-rail/characters/march-7th-evernight_icon.webp
20260630,2026-06-30,moc,混沌回忆,march-7th-evernight,Evernight,长夜月,Support DPS,sub_dps,副C,T0,11,"Buff, SP-Friendly",,2026-05-02,4.1.1,Grand Finale,40.21,5.85,ok,https://cdn.prydwen.gg/images/honkai-star-rail/characters/march-7th-evernight_icon.webp
20260630,2026-06-30,moc,混沌回忆,march-7th-evernight,Evernight,长夜月,Support DPS,sub_dps,副C,T0,11,"Buff, SP-Friendly",,2026-05-16,4.1.1,Grand Finale,43.43,5.85,ok,https://cdn.prydwen.gg/images/honkai-star-rail/characters/march-7th-evernight_icon.webp
20260630,2026-06-30,moc,混沌回忆,march-7th-evernight,Evernight,长夜月,Support DPS,sub_dps,副C,T0,11,"Buff, SP-Friendly",,2026-05-16,4.1.1,Grand Finale,3.86,6.35,ok,https://cdn.prydwen.gg/images/honkai-star-rail/characters/march-7th-evernight_icon.webp
20260630,2026-06-30,moc,混沌回忆,march-7th-evernight,Evernight,长夜月,Support DPS,sub_dps,副C,T0,11,"Buff, SP-Friendly",,2026-05-16,4.1.1,Grand Finale,39.57,5.82,ok,https://cdn.prydwen.gg/images/honkai-star-rail/characters/march-7th-evernight_icon.webp
20260630,2026-06-30,moc,混沌回忆,march-7th-evernight,Evernight,长夜月,Support DPS,sub_dps,副C,T0,11,"Buff, SP-Friendly",,2026-05-29,4.2.1,Duty Action,26.5,7.26,ok,https://cdn.prydwen.gg/images/honkai-star-rail/characters/march-7th-evernight_icon.webp
20260630,2026-06-30,moc,混沌回忆,march-7th-evernight,Evernight,长夜月,Support DPS,sub_dps,副C,T0,11,"Buff, SP-Friendly",,2026-05-29,4.2.1,Duty Action,1.85,8.88,ok,https://cdn.prydwen.gg/images/honkai-star-rail/characters/march-7th-evernight_icon.webp
20260630,2026-06-30,moc,混沌回忆,march-7th-evernight,Evernight,长夜月,Support DPS,sub_dps,副C,T0,11,"Buff, SP-Friendly",,2026-05-29,4.2.1,Duty Action,24.65,7.24,ok,https://cdn.prydwen.gg/images/honkai-star-rail/characters/march-7th-evernight_icon.webp
20260630,2026-06-30,moc,混沌回忆,march-7th-evernight,Evernight,长夜月,Support DPS,sub_dps,副C,T0,11,"Buff, SP-Friendly",,2026-06-11,4.2.1,Duty Action,31.93,7.41,ok,https://cdn.prydwen.gg/images/honkai-star-rail/characters/march-7th-evernight_icon.webp
20260630,2026-06-30,moc,混沌回忆,march-7th-evernight,Evernight,长夜月,Support DPS,sub_dps,副C,T0,11,"Buff, SP-Friendly",,2026-06-11,4.2.1,Duty Action,2.14,8.69,ok,https://cdn.prydwen.gg/images/honkai-star-rail/characters/march-7th-evernight_icon.webp
20260630,2026-06-30,moc,混沌回忆,march-7th-evernight,Evernight,长夜月,Support DPS,sub_dps,副C,T0,11,"Buff, SP-Friendly",,2026-06-11,4.2.1,Duty Action,29.79,7.39,ok,https://cdn.prydwen.gg/images/honkai-star-rail/characters/march-7th-evernight_icon.webp
20260630,2026-06-30,moc,混沌回忆,march-7th-evernight,Evernight,长夜月,Support DPS,sub_dps,副C,T0,11,"Buff, SP-Friendly",,2026-06-25,4.2.1,Duty Action,31.58,7.41,ok,https://cdn.prydwen.gg/images/honkai-star-rail/characters/march-7th-evernight_icon.webp
20260630,2026-06-30,moc,混沌回忆,march-7th-evernight,Evernight,长夜月,Support DPS,sub_dps,副C,T0,11,"Buff, SP-Friendly",,2026-06-25,4.2.1,Duty Action,2.08,8.25,ok,https://cdn.prydwen.gg/images/honkai-star-rail/characters/march-7th-evernight_icon.webp
20260630,2026-06-30,moc,混沌回忆,march-7th-evernight,Evernight,长夜月,Support DPS,sub_dps,副C,T0,11,"Buff, SP-Friendly",,2026-06-25,4.2.1,Duty Action,29.5,7.4,ok,https://cdn.prydwen.gg/images/honkai-star-rail/characters/march-7th-evernight_icon.webp
20260630,2026-06-30,pf,虚构叙事,march-7th-evernight,Evernight,长夜月,Support DPS,sub_dps,副C,T0,11,"Buff, SP-Friendly",,2026-02-22,4.0.1,Wordless Novel,49.56,40000,ok,https://cdn.prydwen.gg/images/honkai-star-rail/characters/march-7th-evernight_icon.webp
20260630,2026-06-30,pf,虚构叙事,march-7th-evernight,Evernight,长夜月,Support DPS,sub_dps,副C,T0,11,"Buff, SP-Friendly",,2026-02-22,4.0.1,Wordless Novel,4.97,39862,ok,https://cdn.prydwen.gg/images/honkai-star-rail/characters/march-7th-evernight_icon.webp
20260630,2026-06-30,pf,虚构叙事,march-7th-evernight,Evernight,长夜月,Support DPS,sub_dps,副C,T0,11,"Buff, SP-Friendly",,2026-02-22,4.0.1,Wordless Novel,44.59,40000,ok,https://cdn.prydwen.gg/images/honkai-star-rail/characters/march-7th-evernight_icon.webp
20260630,2026-06-30,pf,虚构叙事,march-7th-evernight,Evernight,长夜月,Support DPS,sub_dps,副C,T0,11,"Buff, SP-Friendly",,2026-03-06,4.0.1,Wordless Novel,49.63,40000,ok,https://cdn.prydwen.gg/images/honkai-star-rail/characters/march-7th-evernight_icon.webp
20260630,2026-06-30,pf,虚构叙事,march-7th-evernight,Evernight,长夜月,Support DPS,sub_dps,副C,T0,11,"Buff, SP-Friendly",,2026-03-06,4.0.1,Wordless Novel,4.89,39704,ok,https://cdn.prydwen.gg/images/honkai-star-rail/characters/march-7th-evernight_icon.webp
20260630,2026-06-30,pf,虚构叙事,march-7th-evernight,Evernight,长夜月,Support DPS,sub_dps,副C,T0,11,"Buff, SP-Friendly",,2026-03-06,4.0.1,Wordless Novel,44.74,40000,ok,https://cdn.prydwen.gg/images/honkai-star-rail/characters/march-7th-evernight_icon.webp
20260630,2026-06-30,pf,虚构叙事,march-7th-evernight,Evernight,长夜月,Support DPS,sub_dps,副C,T0,11,"Buff, SP-Friendly",,2026-04-03,4.1.1,Virtual Made Manifest,42.93,39802,ok,https://cdn.prydwen.gg/images/honkai-star-rail/characters/march-7th-evernight_icon.webp
20260630,2026-06-30,pf,虚构叙事,march-7th-evernight,Evernight,长夜月,Support DPS,sub_dps,副C,T0,11,"Buff, SP-Friendly",,2026-04-03,4.1.1,Virtual Made Manifest,5.19,39960,ok,https://cdn.prydwen.gg/images/honkai-star-rail/characters/march-7th-evernight_icon.webp
20260630,2026-06-30,pf,虚构叙事,march-7th-evernight,Evernight,长夜月,Support DPS,sub_dps,副C,T0,11,"Buff, SP-Friendly",,2026-04-03,4.1.1,Virtual Made Manifest,37.74,39785,ok,https://cdn.prydwen.gg/images/honkai-star-rail/characters/march-7th-evernight_icon.webp
20260630,2026-06-30,pf,虚构叙事,march-7th-evernight,Evernight,长夜月,Support DPS,sub_dps,副C,T0,11,"Buff, SP-Friendly",,2026-04-19,4.1.1,Virtual Made Manifest,43.66,39707,ok,https://cdn.prydwen.gg/images/honkai-star-rail/characters/march-7th-evernight_icon.webp
20260630,2026-06-30,pf,虚构叙事,march-7th-evernight,Evernight,长夜月,Support DPS,sub_dps,副C,T0,11,"Buff, SP-Friendly",,2026-04-19,4.1.1,Virtual Made Manifest,5.11,39805,ok,https://cdn.prydwen.gg/images/honkai-star-rail/characters/march-7th-evernight_icon.webp
20260630,2026-06-30,pf,虚构叙事,march-7th-evernight,Evernight,长夜月,Support DPS,sub_dps,副C,T0,11,"Buff, SP-Friendly",,2026-04-19,4.1.1,Virtual Made Manifest,38.55,39697,ok,https://cdn.prydwen.gg/images/honkai-star-rail/characters/march-7th-evernight_icon.webp
20260630,2026-06-30,pf,虚构叙事,march-7th-evernight,Evernight,长夜月,Support DPS,sub_dps,副C,T0,11,"Buff, SP-Friendly",,2026-05-02,4.1.1,Virtual Made Manifest,42.07,39643,ok,https://cdn.prydwen.gg/images/honkai-star-rail/characters/march-7th-evernight_icon.webp
20260630,2026-06-30,pf,虚构叙事,march-7th-evernight,Evernight,长夜月,Support DPS,sub_dps,副C,T0,11,"Buff, SP-Friendly",,2026-05-02,4.1.1,Virtual Made Manifest,4.63,39676,ok,https://cdn.prydwen.gg/images/honkai-star-rail/characters/march-7th-evernight_icon.webp
20260630,2026-06-30,pf,虚构叙事,march-7th-evernight,Evernight,长夜月,Support DPS,sub_dps,副C,T0,11,"Buff, SP-Friendly",,2026-05-02,4.1.1,Virtual Made Manifest,37.44,39640,ok,https://cdn.prydwen.gg/images/honkai-star-rail/characters/march-7th-evernight_icon.webp
20260630,2026-06-30,pf,虚构叙事,march-7th-evernight,Evernight,长夜月,Support DPS,sub_dps,副C,T0,11,"Buff, SP-Friendly",,2026-05-16,4.2.1,Illusory Concepts,47.74,39669,ok,https://cdn.prydwen.gg/images/honkai-star-rail/characters/march-7th-evernight_icon.webp
20260630,2026-06-30,pf,虚构叙事,march-7th-evernight,Evernight,长夜月,Support DPS,sub_dps,副C,T0,11,"Buff, SP-Friendly",,2026-05-16,4.2.1,Illusory Concepts,4.05,38880,ok,https://cdn.prydwen.gg/images/honkai-star-rail/characters/march-7th-evernight_icon.webp
20260630,2026-06-30,pf,虚构叙事,march-7th-evernight,Evernight,长夜月,Support DPS,sub_dps,副C,T0,11,"Buff, SP-Friendly",,2026-05-16,4.2.1,Illusory Concepts,43.69,39704,ok,https://cdn.prydwen.gg/images/honkai-star-rail/characters/march-7th-evernight_icon.webp
20260630,2026-06-30,pf,虚构叙事,march-7th-evernight,Evernight,长夜月,Support DPS,sub_dps,副C,T0,11,"Buff, SP-Friendly",,2026-05-29,4.2.1,Illusory Concepts,47.22,39533,ok,https://cdn.prydwen.gg/images/honkai-star-rail/characters/march-7th-evernight_icon.webp
20260630,2026-06-30,pf,虚构叙事,march-7th-evernight,Evernight,长夜月,Support DPS,sub_dps,副C,T0,11,"Buff, SP-Friendly",,2026-05-29,4.2.1,Illusory Concepts,3.92,38688,ok,https://cdn.prydwen.gg/images/honkai-star-rail/characters/march-7th-evernight_icon.webp
20260630,2026-06-30,pf,虚构叙事,march-7th-evernight,Evernight,长夜月,Support DPS,sub_dps,副C,T0,11,"Buff, SP-Friendly",,2026-05-29,4.2.1,Illusory Concepts,43.3,39575,ok,https://cdn.prydwen.gg/images/honkai-star-rail/characters/march-7th-evernight_icon.webp
20260630,2026-06-30,pf,虚构叙事,march-7th-evernight,Evernight,长夜月,Support DPS,sub_dps,副C,T0,11,"Buff, SP-Friendly",,2026-06-11,4.2.1,Illusory Concepts,47.76,39494,ok,https://cdn.prydwen.gg/images/honkai-star-rail/characters/march-7th-evernight_icon.webp
20260630,2026-06-30,pf,虚构叙事,march-7th-evernight,Evernight,长夜月,Support DPS,sub_dps,副C,T0,11,"Buff, SP-Friendly",,2026-06-11,4.2.1,Illusory Concepts,3.94,38609,ok,https://cdn.prydwen.gg/images/honkai-star-rail/characters/march-7th-evernight_icon.webp
20260630,2026-06-30,pf,虚构叙事,march-7th-evernight,Evernight,长夜月,Support DPS,sub_dps,副C,T0,11,"Buff, SP-Friendly",,2026-06-11,4.2.1,Illusory Concepts,43.82,39538,ok,https://cdn.prydwen.gg/images/honkai-star-rail/characters/march-7th-evernight_icon.webp
20260630,2026-06-30,pf,虚构叙事,march-7th-evernight,Evernight,长夜月,Support DPS,sub_dps,副C,T0,11,"Buff, SP-Friendly",,2026-06-25,4.3.1,Falsehood to Fact,55.3,39595,ok,https://cdn.prydwen.gg/images/honkai-star-rail/characters/march-7th-evernight_icon.webp
20260630,2026-06-30,pf,虚构叙事,march-7th-evernight,Evernight,长夜月,Support DPS,sub_dps,副C,T0,11,"Buff, SP-Friendly",,2026-06-25,4.3.1,Falsehood to Fact,5.84,39720,ok,https://cdn.prydwen.gg/images/honkai-star-rail/characters/march-7th-evernight_icon.webp
20260630,2026-06-30,pf,虚构叙事,march-7th-evernight,Evernight,长夜月,Support DPS,sub_dps,副C,T0,11,"Buff, SP-Friendly",,2026-06-25,4.3.1,Falsehood to Fact,49.46,39586,ok,https://cdn.prydwen.gg/images/honkai-star-rail/characters/march-7th-evernight_icon.webp
20260630,2026-06-30,as,末日幻影,march-7th-evernight,Evernight,长夜月,Support DPS,sub_dps,副C,T0,11,"Buff, SP-Friendly",,2026-02-22,3.8.2,Dominance of Netherveil,55.79,3711,ok,https://cdn.prydwen.gg/images/honkai-star-rail/characters/march-7th-evernight_icon.webp
20260630,2026-06-30,as,末日幻影,march-7th-evernight,Evernight,长夜月,Support DPS,sub_dps,副C,T0,11,"Buff, SP-Friendly",,2026-02-22,3.8.2,Dominance of Netherveil,3.88,3568,ok,https://cdn.prydwen.gg/images/honkai-star-rail/characters/march-7th-evernight_icon.webp
20260630,2026-06-30,as,末日幻影,march-7th-evernight,Evernight,长夜月,Support DPS,sub_dps,副C,T0,11,"Buff, SP-Friendly",,2026-02-22,3.8.2,Dominance of Netherveil,51.91,3719,ok,https://cdn.prydwen.gg/images/honkai-star-rail/characters/march-7th-evernight_icon.webp
20260630,2026-06-30,as,末日幻影,march-7th-evernight,Evernight,长夜月,Support DPS,sub_dps,副C,T0,11,"Buff, SP-Friendly",,2026-03-06,3.8.2,Dominance of Netherveil,55.9,3707,ok,https://cdn.prydwen.gg/images/honkai-star-rail/characters/march-7th-evernight_icon.webp
20260630,2026-06-30,as,末日幻影,march-7th-evernight,Evernight,长夜月,Support DPS,sub_dps,副C,T0,11,"Buff, SP-Friendly",,2026-03-06,3.8.2,Dominance of Netherveil,3.95,3549,ok,https://cdn.prydwen.gg/images/honkai-star-rail/characters/march-7th-evernight_icon.webp
20260630,2026-06-30,as,末日幻影,march-7th-evernight,Evernight,长夜月,Support DPS,sub_dps,副C,T0,11,"Buff, SP-Friendly",,2026-03-06,3.8.2,Dominance of Netherveil,51.95,3715,ok,https://cdn.prydwen.gg/images/honkai-star-rail/characters/march-7th-evernight_icon.webp
20260630,2026-06-30,as,末日幻影,march-7th-evernight,Evernight,长夜月,Support DPS,sub_dps,副C,T0,11,"Buff, SP-Friendly",,2026-04-03,4.0.1,Militant Lupine,33.81,3490,ok,https://cdn.prydwen.gg/images/honkai-star-rail/characters/march-7th-evernight_icon.webp
20260630,2026-06-30,as,末日幻影,march-7th-evernight,Evernight,长夜月,Support DPS,sub_dps,副C,T0,11,"Buff, SP-Friendly",,2026-04-03,4.0.1,Militant Lupine,2.06,3367,ok,https://cdn.prydwen.gg/images/honkai-star-rail/characters/march-7th-evernight_icon.webp
20260630,2026-06-30,as,末日幻影,march-7th-evernight,Evernight,长夜月,Support DPS,sub_dps,副C,T0,11,"Buff, SP-Friendly",,2026-04-03,4.0.1,Militant Lupine,31.75,3492,ok,https://cdn.prydwen.gg/images/honkai-star-rail/characters/march-7th-evernight_icon.webp
20260630,2026-06-30,as,末日幻影,march-7th-evernight,Evernight,长夜月,Support DPS,sub_dps,副C,T0,11,"Buff, SP-Friendly",,2026-04-19,4.0.1,Militant Lupine,33.85,3486,ok,https://cdn.prydwen.gg/images/honkai-star-rail/characters/march-7th-evernight_icon.webp
20260630,2026-06-30,as,末日幻影,march-7th-evernight,Evernight,长夜月,Support DPS,sub_dps,副C,T0,11,"Buff, SP-Friendly",,2026-04-19,4.0.1,Militant Lupine,2.03,3355,ok,https://cdn.prydwen.gg/images/honkai-star-rail/characters/march-7th-evernight_icon.webp
20260630,2026-06-30,as,末日幻影,march-7th-evernight,Evernight,长夜月,Support DPS,sub_dps,副C,T0,11,"Buff, SP-Friendly",,2026-04-19,4.0.1,Militant Lupine,31.82,3489,ok,https://cdn.prydwen.gg/images/honkai-star-rail/characters/march-7th-evernight_icon.webp
20260630,2026-06-30,as,末日幻影,march-7th-evernight,Evernight,长夜月,Support DPS,sub_dps,副C,T0,11,"Buff, SP-Friendly",,2026-05-02,4.2.1,Idol of the Locusts,52.18,3488,ok,https://cdn.prydwen.gg/images/honkai-star-rail/characters/march-7th-evernight_icon.webp
20260630,2026-06-30,as,末日幻影,march-7th-evernight,Evernight,长夜月,Support DPS,sub_dps,副C,T0,11,"Buff, SP-Friendly",,2026-05-02,4.2.1,Idol of the Locusts,3.8,3481,ok,https://cdn.prydwen.gg/images/honkai-star-rail/characters/march-7th-evernight_icon.webp
20260630,2026-06-30,as,末日幻影,march-7th-evernight,Evernight,长夜月,Support DPS,sub_dps,副C,T0,11,"Buff, SP-Friendly",,2026-05-02,4.2.1,Idol of the Locusts,48.38,3488,ok,https://cdn.prydwen.gg/images/honkai-star-rail/characters/march-7th-evernight_icon.webp
20260630,2026-06-30,as,末日幻影,march-7th-evernight,Evernight,长夜月,Support DPS,sub_dps,副C,T0,11,"Buff, SP-Friendly",,2026-05-16,4.2.1,Idol of the Locusts,50.91,3481,ok,https://cdn.prydwen.gg/images/honkai-star-rail/characters/march-7th-evernight_icon.webp
20260630,2026-06-30,as,末日幻影,march-7th-evernight,Evernight,长夜月,Support DPS,sub_dps,副C,T0,11,"Buff, SP-Friendly",,2026-05-16,4.2.1,Idol of the Locusts,3.59,3475,ok,https://cdn.prydwen.gg/images/honkai-star-rail/characters/march-7th-evernight_icon.webp
20260630,2026-06-30,as,末日幻影,march-7th-evernight,Evernight,长夜月,Support DPS,sub_dps,副C,T0,11,"Buff, SP-Friendly",,2026-05-16,4.2.1,Idol of the Locusts,47.32,3481,ok,https://cdn.prydwen.gg/images/honkai-star-rail/characters/march-7th-evernight_icon.webp
20260630,2026-06-30,as,末日幻影,march-7th-evernight,Evernight,长夜月,Support DPS,sub_dps,副C,T0,11,"Buff, SP-Friendly",,2026-05-29,4.2.1,Idol of the Locusts,50.45,3478,ok,https://cdn.prydwen.gg/images/honkai-star-rail/characters/march-7th-evernight_icon.webp
20260630,2026-06-30,as,末日幻影,march-7th-evernight,Evernight,长夜月,Support DPS,sub_dps,副C,T0,11,"Buff, SP-Friendly",,2026-05-29,4.2.1,Idol of the Locusts,3.58,3467,ok,https://cdn.prydwen.gg/images/honkai-star-rail/characters/march-7th-evernight_icon.webp
20260630,2026-06-30,as,末日幻影,march-7th-evernight,Evernight,长夜月,Support DPS,sub_dps,副C,T0,11,"Buff, SP-Friendly",,2026-05-29,4.2.1,Idol of the Locusts,46.87,3479,ok,https://cdn.prydwen.gg/images/honkai-star-rail/characters/march-7th-evernight_icon.webp
20260630,2026-06-30,as,末日幻影,march-7th-evernight,Evernight,长夜月,Support DPS,sub_dps,副C,T0,11,"Buff, SP-Friendly",,2026-06-11,4.3.1,Gale of Forgetting,54.42,3485,ok,https://cdn.prydwen.gg/images/honkai-star-rail/characters/march-7th-evernight_icon.webp
20260630,2026-06-30,as,末日幻影,march-7th-evernight,Evernight,长夜月,Support DPS,sub_dps,副C,T0,11,"Buff, SP-Friendly",,2026-06-11,4.3.1,Gale of Forgetting,3.45,3380,ok,https://cdn.prydwen.gg/images/honkai-star-rail/characters/march-7th-evernight_icon.webp
20260630,2026-06-30,as,末日幻影,march-7th-evernight,Evernight,长夜月,Support DPS,sub_dps,副C,T0,11,"Buff, SP-Friendly",,2026-06-11,4.3.1,Gale of Forgetting,50.97,3489,ok,https://cdn.prydwen.gg/images/honkai-star-rail/characters/march-7th-evernight_icon.webp
20260630,2026-06-30,as,末日幻影,march-7th-evernight,Evernight,长夜月,Support DPS,sub_dps,副C,T0,11,"Buff, SP-Friendly",,2026-06-25,4.3.1,Gale of Forgetting,53.95,3479,ok,https://cdn.prydwen.gg/images/honkai-star-rail/characters/march-7th-evernight_icon.webp
20260630,2026-06-30,as,末日幻影,march-7th-evernight,Evernight,长夜月,Support DPS,sub_dps,副C,T0,11,"Buff, SP-Friendly",,2026-06-25,4.3.1,Gale of Forgetting,3.28,3378,ok,https://cdn.prydwen.gg/images/honkai-star-rail/characters/march-7th-evernight_icon.webp
20260630,2026-06-30,as,末日幻影,march-7th-evernight,Evernight,长夜月,Support DPS,sub_dps,副C,T0,11,"Buff, SP-Friendly",,2026-06-25,4.3.1,Gale of Forgetting,50.67,3482,ok,https://cdn.prydwen.gg/images/honkai-star-rail/characters/march-7th-evernight_icon.webp
20260630,2026-06-30,as,末日幻影,march-7th-swordmaster,March 7th: The Hunt,三月七•巡猎,Support DPS,sub_dps,副C,T2,7,"Advance, Break, Buff",down,2026-02-22,3.8.2,Dominance of Netherveil,0.66,3365,ok,https://cdn.prydwen.gg/images/honkai-star-rail/characters/march-7th-swordmaster_icon.webp
20260630,2026-06-30,as,末日幻影,march-7th-swordmaster,March 7th: The Hunt,三月七•巡猎,Support DPS,sub_dps,副C,T2,7,"Advance, Break, Buff",down,2026-03-06,3.8.2,Dominance of Netherveil,0.62,3384,ok,https://cdn.prydwen.gg/images/honkai-star-rail/characters/march-7th-swordmaster_icon.webp
20260630,2026-06-30,as,末日幻影,march-7th-swordmaster,March 7th: The Hunt,三月七•巡猎,Support DPS,sub_dps,副C,T2,7,"Advance, Break, Buff",down,2026-04-03,4.0.1,Militant Lupine,0.05,0,ok,https://cdn.prydwen.gg/images/honkai-star-rail/characters/march-7th-swordmaster_icon.webp
20260630,2026-06-30,as,末日幻影,march-7th-swordmaster,March 7th: The Hunt,三月七•巡猎,Support DPS,sub_dps,副C,T2,7,"Advance, Break, Buff",down,2026-04-19,4.0.1,Militant Lupine,0.06,0,ok,https://cdn.prydwen.gg/images/honkai-star-rail/characters/march-7th-swordmaster_icon.webp
20260630,2026-06-30,as,末日幻影,march-7th-swordmaster,March 7th: The Hunt,三月七•巡猎,Support DPS,sub_dps,副C,T2,7,"Advance, Break, Buff",down,2026-05-02,4.2.1,Idol of the Locusts,0.01,0,ok,https://cdn.prydwen.gg/images/honkai-star-rail/characters/march-7th-swordmaster_icon.webp
20260630,2026-06-30,as,末日幻影,march-7th-swordmaster,March 7th: The Hunt,三月七•巡猎,Support DPS,sub_dps,副C,T2,7,"Advance, Break, Buff",down,2026-05-16,4.2.1,Idol of the Locusts,0.0,0,ok,https://cdn.prydwen.gg/images/honkai-star-rail/characters/march-7th-swordmaster_icon.webp
20260630,2026-06-30,as,末日幻影,march-7th-swordmaster,March 7th: The Hunt,三月七•巡猎,Support DPS,sub_dps,副C,T2,7,"Advance, Break, Buff",down,2026-05-29,4.2.1,Idol of the Locusts,0.0,0,ok,https://cdn.prydwen.gg/images/honkai-star-rail/characters/march-7th-swordmaster_icon.webp
20260630,2026-06-30,as,末日幻影,march-7th-swordmaster,March 7th: The Hunt,三月七•巡猎,Support DPS,sub_dps,副C,T2,7,"Advance, Break, Buff",down,2026-06-11,4.3.1,Gale of Forgetting,0.11,0,ok,https://cdn.prydwen.gg/images/honkai-star-rail/characters/march-7th-swordmaster_icon.webp
20260630,2026-06-30,as,末日幻影,march-7th-swordmaster,March 7th: The Hunt,三月七•巡猎,Support DPS,sub_dps,副C,T2,7,"Advance, Break, Buff",down,2026-06-25,4.3.1,Gale of Forgetting,0.11,0,ok,https://cdn.prydwen.gg/images/honkai-star-rail/characters/march-7th-swordmaster_icon.webp
20260630,2026-06-30,moc,混沌回忆,blade-mortenax,Mortenax Blade,千冶•刃,Amplifier,support,辅助,T0,11,"Buff, Debuff, SP-Friendly",new,2026-06-11,4.2.1,Duty Action,9.37,8.59,ok,https://cdn.prydwen.gg/images/honkai-star-rail/characters/blade-mortenax_icon.webp
20260630,2026-06-30,moc,混沌回忆,blade-mortenax,Mortenax Blade,千冶•刃,Amplifier,support,辅助,T0,11,"Buff, Debuff, SP-Friendly",new,2026-06-25,4.2.1,Duty Action,11.35,8.41,ok,https://cdn.prydwen.gg/images/honkai-star-rail/characters/blade-mortenax_icon.webp
20260630,2026-06-30,pf,虚构叙事,blade-mortenax,Mortenax Blade,千冶•刃,Amplifier,support,辅助,T0,11,"Buff, Debuff, SP-Friendly",new,2026-06-11,4.2.1,Illusory Concepts,4.42,38656,ok,https://cdn.prydwen.gg/images/honkai-star-rail/characters/blade-mortenax_icon.webp
20260630,2026-06-30,pf,虚构叙事,blade-mortenax,Mortenax Blade,千冶•刃,Amplifier,support,辅助,T0,11,"Buff, Debuff, SP-Friendly",new,2026-06-25,4.3.1,Falsehood to Fact,36.36,33098,ok,https://cdn.prydwen.gg/images/honkai-star-rail/characters/blade-mortenax_icon.webp
20260630,2026-06-30,as,末日幻影,blade-mortenax,Mortenax Blade,千冶•刃,Amplifier,support,辅助,T0,11,"Buff, Debuff, SP-Friendly",new,2026-06-11,4.3.1,Gale of Forgetting,28.86,3489,ok,https://cdn.prydwen.gg/images/honkai-star-rail/characters/blade-mortenax_icon.webp
20260630,2026-06-30,as,末日幻影,blade-mortenax,Mortenax Blade,千冶•刃,Amplifier,support,辅助,T0,11,"Buff, Debuff, SP-Friendly",new,2026-06-25,4.3.1,Gale of Forgetting,29.78,3486,ok,https://cdn.prydwen.gg/images/honkai-star-rail/characters/blade-mortenax_icon.webp
20260630,2026-06-30,moc,混沌回忆,mydei,Mydei,万敌,DPS,main_dps,主C,T1,9,SP-Friendly,down,2026-02-22,3.8.1,Breached Nest,1.63,8.5,ok,https://cdn.prydwen.gg/images/honkai-star-rail/characters/mydei_icon.webp
20260630,2026-06-30,moc,混沌回忆,mydei,Mydei,万敌,DPS,main_dps,主C,T1,9,SP-Friendly,down,2026-03-06,4.0.1,Cyber Mystery,1.43,7.0,ok,https://cdn.prydwen.gg/images/honkai-star-rail/characters/mydei_icon.webp
20260630,2026-06-30,moc,混沌回忆,mydei,Mydei,万敌,DPS,main_dps,主C,T1,9,SP-Friendly,down,2026-04-03,4.0.1,Cyber Mystery,1.44,7.94,ok,https://cdn.prydwen.gg/images/honkai-star-rail/characters/mydei_icon.webp
20260630,2026-06-30,moc,混沌回忆,mydei,Mydei,万敌,DPS,main_dps,主C,T1,9,SP-Friendly,down,2026-04-19,4.1.1,Grand Finale,1.93,7.34,ok,https://cdn.prydwen.gg/images/honkai-star-rail/characters/mydei_icon.webp
20260630,2026-06-30,moc,混沌回忆,mydei,Mydei,万敌,DPS,main_dps,主C,T1,9,SP-Friendly,down,2026-05-02,4.1.1,Grand Finale,1.52,7.48,ok,https://cdn.prydwen.gg/images/honkai-star-rail/characters/mydei_icon.webp
20260630,2026-06-30,moc,混沌回忆,mydei,Mydei,万敌,DPS,main_dps,主C,T1,9,SP-Friendly,down,2026-05-16,4.1.1,Grand Finale,1.44,7.79,ok,https://cdn.prydwen.gg/images/honkai-star-rail/characters/mydei_icon.webp
20260630,2026-06-30,moc,混沌回忆,mydei,Mydei,万敌,DPS,main_dps,主C,T1,9,SP-Friendly,down,2026-05-29,4.2.1,Duty Action,0.82,99.99,ok,https://cdn.prydwen.gg/images/honkai-star-rail/characters/mydei_icon.webp
20260630,2026-06-30,moc,混沌回忆,mydei,Mydei,万敌,DPS,main_dps,主C,T1,9,SP-Friendly,down,2026-06-11,4.2.1,Duty Action,0.92,99.99,ok,https://cdn.prydwen.gg/images/honkai-star-rail/characters/mydei_icon.webp
20260630,2026-06-30,moc,混沌回忆,mydei,Mydei,万敌,DPS,main_dps,主C,T1,9,SP-Friendly,down,2026-06-25,4.2.1,Duty Action,0.89,99.99,ok,https://cdn.prydwen.gg/images/honkai-star-rail/characters/mydei_icon.webp
20260630,2026-06-30,pf,虚构叙事,mydei,Mydei,万敌,DPS,main_dps,主C,T0.5,10,SP-Friendly,,2026-02-22,4.0.1,Wordless Novel,2.69,32613,ok,https://cdn.prydwen.gg/images/honkai-star-rail/characters/mydei_icon.webp
20260630,2026-06-30,pf,虚构叙事,mydei,Mydei,万敌,DPS,main_dps,主C,T0.5,10,SP-Friendly,,2026-03-06,4.0.1,Wordless Novel,2.58,32168,ok,https://cdn.prydwen.gg/images/honkai-star-rail/characters/mydei_icon.webp
20260630,2026-06-30,pf,虚构叙事,mydei,Mydei,万敌,DPS,main_dps,主C,T0.5,10,SP-Friendly,,2026-04-03,4.1.1,Virtual Made Manifest,1.99,30677,ok,https://cdn.prydwen.gg/images/honkai-star-rail/characters/mydei_icon.webp
20260630,2026-06-30,pf,虚构叙事,mydei,Mydei,万敌,DPS,main_dps,主C,T0.5,10,SP-Friendly,,2026-04-19,4.1.1,Virtual Made Manifest,1.87,30223,ok,https://cdn.prydwen.gg/images/honkai-star-rail/characters/mydei_icon.webp
20260630,2026-06-30,pf,虚构叙事,mydei,Mydei,万敌,DPS,main_dps,主C,T0.5,10,SP-Friendly,,2026-05-02,4.1.1,Virtual Made Manifest,1.65,30161,ok,https://cdn.prydwen.gg/images/honkai-star-rail/characters/mydei_icon.webp
20260630,2026-06-30,pf,虚构叙事,mydei,Mydei,万敌,DPS,main_dps,主C,T0.5,10,SP-Friendly,,2026-05-16,4.2.1,Illusory Concepts,0.95,28367,ok,https://cdn.prydwen.gg/images/honkai-star-rail/characters/mydei_icon.webp
20260630,2026-06-30,pf,虚构叙事,mydei,Mydei,万敌,DPS,main_dps,主C,T0.5,10,SP-Friendly,,2026-05-29,4.2.1,Illusory Concepts,0.95,28139,ok,https://cdn.prydwen.gg/images/honkai-star-rail/characters/mydei_icon.webp
20260630,2026-06-30,pf,虚构叙事,mydei,Mydei,万敌,DPS,main_dps,主C,T0.5,10,SP-Friendly,,2026-06-11,4.2.1,Illusory Concepts,0.92,27983,ok,https://cdn.prydwen.gg/images/honkai-star-rail/characters/mydei_icon.webp
20260630,2026-06-30,pf,虚构叙事,mydei,Mydei,万敌,DPS,main_dps,主C,T0.5,10,SP-Friendly,,2026-06-25,4.3.1,Falsehood to Fact,1.18,26742,ok,https://cdn.prydwen.gg/images/honkai-star-rail/characters/mydei_icon.webp
20260630,2026-06-30,as,末日幻影,mydei,Mydei,万敌,DPS,main_dps,主C,T1.5,8,SP-Friendly,down,2026-02-22,3.8.2,Dominance of Netherveil,3.68,3259,ok,https://cdn.prydwen.gg/images/honkai-star-rail/characters/mydei_icon.webp
20260630,2026-06-30,as,末日幻影,mydei,Mydei,万敌,DPS,main_dps,主C,T1.5,8,SP-Friendly,down,2026-03-06,3.8.2,Dominance of Netherveil,3.62,3262,ok,https://cdn.prydwen.gg/images/honkai-star-rail/characters/mydei_icon.webp
20260630,2026-06-30,as,末日幻影,mydei,Mydei,万敌,DPS,main_dps,主C,T1.5,8,SP-Friendly,down,2026-04-03,4.0.1,Militant Lupine,0.22,0,ok,https://cdn.prydwen.gg/images/honkai-star-rail/characters/mydei_icon.webp
20260630,2026-06-30,as,末日幻影,mydei,Mydei,万敌,DPS,main_dps,主C,T1.5,8,SP-Friendly,down,2026-04-19,4.0.1,Militant Lupine,0.23,0,ok,https://cdn.prydwen.gg/images/honkai-star-rail/characters/mydei_icon.webp
20260630,2026-06-30,as,末日幻影,mydei,Mydei,万敌,DPS,main_dps,主C,T1.5,8,SP-Friendly,down,2026-05-02,4.2.1,Idol of the Locusts,1.31,3338,ok,https://cdn.prydwen.gg/images/honkai-star-rail/characters/mydei_icon.webp
20260630,2026-06-30,as,末日幻影,mydei,Mydei,万敌,DPS,main_dps,主C,T1.5,8,SP-Friendly,down,2026-05-16,4.2.1,Idol of the Locusts,1.31,3335,ok,https://cdn.prydwen.gg/images/honkai-star-rail/characters/mydei_icon.webp
20260630,2026-06-30,as,末日幻影,mydei,Mydei,万敌,DPS,main_dps,主C,T1.5,8,SP-Friendly,down,2026-05-29,4.2.1,Idol of the Locusts,1.3,3336,ok,https://cdn.prydwen.gg/images/honkai-star-rail/characters/mydei_icon.webp
20260630,2026-06-30,as,末日幻影,mydei,Mydei,万敌,DPS,main_dps,主C,T1.5,8,SP-Friendly,down,2026-06-11,4.3.1,Gale of Forgetting,0.39,0,ok,https://cdn.prydwen.gg/images/honkai-star-rail/characters/mydei_icon.webp
20260630,2026-06-30,as,末日幻影,mydei,Mydei,万敌,DPS,main_dps,主C,T1.5,8,SP-Friendly,down,2026-06-25,4.3.1,Gale of Forgetting,0.41,0,ok,https://cdn.prydwen.gg/images/honkai-star-rail/characters/mydei_icon.webp
20260630,2026-06-30,moc,混沌回忆,phainon,Phainon,白厄,DPS,main_dps,主C,T0.5,10,,watch,2026-02-22,3.8.1,Breached Nest,24.34,8.01,ok,https://cdn.prydwen.gg/images/honkai-star-rail/characters/phainon_icon.webp
20260630,2026-06-30,moc,混沌回忆,phainon,Phainon,白厄,DPS,main_dps,主C,T0.5,10,,watch,2026-03-06,4.0.1,Cyber Mystery,20.94,8.04,ok,https://cdn.prydwen.gg/images/honkai-star-rail/characters/phainon_icon.webp
20260630,2026-06-30,moc,混沌回忆,phainon,Phainon,白厄,DPS,main_dps,主C,T0.5,10,,watch,2026-04-03,4.0.1,Cyber Mystery,20.61,8.33,ok,https://cdn.prydwen.gg/images/honkai-star-rail/characters/phainon_icon.webp
20260630,2026-06-30,moc,混沌回忆,phainon,Phainon,白厄,DPS,main_dps,主C,T0.5,10,,watch,2026-04-19,4.1.1,Grand Finale,16.88,7.62,ok,https://cdn.prydwen.gg/images/honkai-star-rail/characters/phainon_icon.webp
20260630,2026-06-30,moc,混沌回忆,phainon,Phainon,白厄,DPS,main_dps,主C,T0.5,10,,watch,2026-05-02,4.1.1,Grand Finale,14.59,7.75,ok,https://cdn.prydwen.gg/images/honkai-star-rail/characters/phainon_icon.webp
20260630,2026-06-30,moc,混沌回忆,phainon,Phainon,白厄,DPS,main_dps,主C,T0.5,10,,watch,2026-05-16,4.1.1,Grand Finale,13.83,7.85,ok,https://cdn.prydwen.gg/images/honkai-star-rail/characters/phainon_icon.webp
20260630,2026-06-30,moc,混沌回忆,phainon,Phainon,白厄,DPS,main_dps,主C,T0.5,10,,watch,2026-05-29,4.2.1,Duty Action,10.83,8.8,ok,https://cdn.prydwen.gg/images/honkai-star-rail/characters/phainon_icon.webp
20260630,2026-06-30,moc,混沌回忆,phainon,Phainon,白厄,DPS,main_dps,主C,T0.5,10,,watch,2026-06-11,4.2.1,Duty Action,13.55,8.89,ok,https://cdn.prydwen.gg/images/honkai-star-rail/characters/phainon_icon.webp
20260630,2026-06-30,moc,混沌回忆,phainon,Phainon,白厄,DPS,main_dps,主C,T0.5,10,,watch,2026-06-25,4.2.1,Duty Action,13.61,8.9,ok,https://cdn.prydwen.gg/images/honkai-star-rail/characters/phainon_icon.webp
20260630,2026-06-30,pf,虚构叙事,phainon,Phainon,白厄,DPS,main_dps,主C,T1,9,,,2026-02-22,4.0.1,Wordless Novel,21.23,29125,ok,https://cdn.prydwen.gg/images/honkai-star-rail/characters/phainon_icon.webp
20260630,2026-06-30,pf,虚构叙事,phainon,Phainon,白厄,DPS,main_dps,主C,T1,9,,,2026-03-06,4.0.1,Wordless Novel,20.87,28957,ok,https://cdn.prydwen.gg/images/honkai-star-rail/characters/phainon_icon.webp
20260630,2026-06-30,pf,虚构叙事,phainon,Phainon,白厄,DPS,main_dps,主C,T1,9,,,2026-04-03,4.1.1,Virtual Made Manifest,14.36,27283,ok,https://cdn.prydwen.gg/images/honkai-star-rail/characters/phainon_icon.webp
20260630,2026-06-30,pf,虚构叙事,phainon,Phainon,白厄,DPS,main_dps,主C,T1,9,,,2026-04-19,4.1.1,Virtual Made Manifest,14.35,27165,ok,https://cdn.prydwen.gg/images/honkai-star-rail/characters/phainon_icon.webp
20260630,2026-06-30,pf,虚构叙事,phainon,Phainon,白厄,DPS,main_dps,主C,T1,9,,,2026-05-02,4.1.1,Virtual Made Manifest,13.91,27074,ok,https://cdn.prydwen.gg/images/honkai-star-rail/characters/phainon_icon.webp
20260630,2026-06-30,pf,虚构叙事,phainon,Phainon,白厄,DPS,main_dps,主C,T1,9,,,2026-05-16,4.2.1,Illusory Concepts,9.47,24837,ok,https://cdn.prydwen.gg/images/honkai-star-rail/characters/phainon_icon.webp
20260630,2026-06-30,pf,虚构叙事,phainon,Phainon,白厄,DPS,main_dps,主C,T1,9,,,2026-05-29,4.2.1,Illusory Concepts,9.11,24869,ok,https://cdn.prydwen.gg/images/honkai-star-rail/characters/phainon_icon.webp
20260630,2026-06-30,pf,虚构叙事,phainon,Phainon,白厄,DPS,main_dps,主C,T1,9,,,2026-06-11,4.2.1,Illusory Concepts,9.57,24839,ok,https://cdn.prydwen.gg/images/honkai-star-rail/characters/phainon_icon.webp
20260630,2026-06-30,pf,虚构叙事,phainon,Phainon,白厄,DPS,main_dps,主C,T1,9,,,2026-06-25,4.3.1,Falsehood to Fact,14.64,25279,ok,https://cdn.prydwen.gg/images/honkai-star-rail/characters/phainon_icon.webp
20260630,2026-06-30,as,末日幻影,phainon,Phainon,白厄,DPS,main_dps,主C,T1,9,,down,2026-02-22,3.8.2,Dominance of Netherveil,26.4,3579,ok,https://cdn.prydwen.gg/images/honkai-star-rail/characters/phainon_icon.webp
20260630,2026-06-30,as,末日幻影,phainon,Phainon,白厄,DPS,main_dps,主C,T1,9,,down,2026-03-06,3.8.2,Dominance of Netherveil,26.15,3579,ok,https://cdn.prydwen.gg/images/honkai-star-rail/characters/phainon_icon.webp
20260630,2026-06-30,as,末日幻影,phainon,Phainon,白厄,DPS,main_dps,主C,T1,9,,down,2026-04-03,4.0.1,Militant Lupine,12.17,3307,ok,https://cdn.prydwen.gg/images/honkai-star-rail/characters/phainon_icon.webp
20260630,2026-06-30,as,末日幻影,phainon,Phainon,白厄,DPS,main_dps,主C,T1,9,,down,2026-04-19,4.0.1,Militant Lupine,12.12,3305,ok,https://cdn.prydwen.gg/images/honkai-star-rail/characters/phainon_icon.webp
20260630,2026-06-30,as,末日幻影,phainon,Phainon,白厄,DPS,main_dps,主C,T1,9,,down,2026-05-02,4.2.1,Idol of the Locusts,6.98,3109,ok,https://cdn.prydwen.gg/images/honkai-star-rail/characters/phainon_icon.webp
20260630,2026-06-30,as,末日幻影,phainon,Phainon,白厄,DPS,main_dps,主C,T1,9,,down,2026-05-16,4.2.1,Idol of the Locusts,6.65,3095,ok,https://cdn.prydwen.gg/images/honkai-star-rail/characters/phainon_icon.webp
20260630,2026-06-30,as,末日幻影,phainon,Phainon,白厄,DPS,main_dps,主C,T1,9,,down,2026-05-29,4.2.1,Idol of the Locusts,6.56,3107,ok,https://cdn.prydwen.gg/images/honkai-star-rail/characters/phainon_icon.webp
20260630,2026-06-30,as,末日幻影,phainon,Phainon,白厄,DPS,main_dps,主C,T1,9,,down,2026-06-11,4.3.1,Gale of Forgetting,17.49,3320,ok,https://cdn.prydwen.gg/images/honkai-star-rail/characters/phainon_icon.webp
20260630,2026-06-30,as,末日幻影,phainon,Phainon,白厄,DPS,main_dps,主C,T1,9,,down,2026-06-25,4.3.1,Gale of Forgetting,17.53,3316,ok,https://cdn.prydwen.gg/images/honkai-star-rail/characters/phainon_icon.webp
20260630,2026-06-30,moc,混沌回忆,rappa,Rappa,乱破,DPS,main_dps,主C,T2,7,"Break, SP-Friendly",down,2026-02-22,3.8.1,Breached Nest,1.22,8.59,ok,https://cdn.prydwen.gg/images/honkai-star-rail/characters/rappa_icon.webp
20260630,2026-06-30,moc,混沌回忆,rappa,Rappa,乱破,DPS,main_dps,主C,T2,7,"Break, SP-Friendly",down,2026-03-06,4.0.1,Cyber Mystery,0.46,99.99,ok,https://cdn.prydwen.gg/images/honkai-star-rail/characters/rappa_icon.webp
20260630,2026-06-30,moc,混沌回忆,rappa,Rappa,乱破,DPS,main_dps,主C,T2,7,"Break, SP-Friendly",down,2026-04-03,4.0.1,Cyber Mystery,0.44,99.99,ok,https://cdn.prydwen.gg/images/honkai-star-rail/characters/rappa_icon.webp
20260630,2026-06-30,moc,混沌回忆,rappa,Rappa,乱破,DPS,main_dps,主C,T2,7,"Break, SP-Friendly",down,2026-04-19,4.1.1,Grand Finale,0.9,8.52,ok,https://cdn.prydwen.gg/images/honkai-star-rail/characters/rappa_icon.webp
20260630,2026-06-30,moc,混沌回忆,rappa,Rappa,乱破,DPS,main_dps,主C,T2,7,"Break, SP-Friendly",down,2026-05-02,4.1.1,Grand Finale,0.74,8.71,ok,https://cdn.prydwen.gg/images/honkai-star-rail/characters/rappa_icon.webp
20260630,2026-06-30,moc,混沌回忆,rappa,Rappa,乱破,DPS,main_dps,主C,T2,7,"Break, SP-Friendly",down,2026-05-16,4.1.1,Grand Finale,0.65,8.86,ok,https://cdn.prydwen.gg/images/honkai-star-rail/characters/rappa_icon.webp
20260630,2026-06-30,moc,混沌回忆,rappa,Rappa,乱破,DPS,main_dps,主C,T2,7,"Break, SP-Friendly",down,2026-05-29,4.2.1,Duty Action,0.43,99.99,ok,https://cdn.prydwen.gg/images/honkai-star-rail/characters/rappa_icon.webp
20260630,2026-06-30,moc,混沌回忆,rappa,Rappa,乱破,DPS,main_dps,主C,T2,7,"Break, SP-Friendly",down,2026-06-11,4.2.1,Duty Action,0.5,99.99,ok,https://cdn.prydwen.gg/images/honkai-star-rail/characters/rappa_icon.webp
20260630,2026-06-30,moc,混沌回忆,rappa,Rappa,乱破,DPS,main_dps,主C,T2,7,"Break, SP-Friendly",down,2026-06-25,4.2.1,Duty Action,0.47,99.99,ok,https://cdn.prydwen.gg/images/honkai-star-rail/characters/rappa_icon.webp
20260630,2026-06-30,pf,虚构叙事,rappa,Rappa,乱破,DPS,main_dps,主C,T1,9,"Break, SP-Friendly",,2026-02-22,4.0.1,Wordless Novel,3.44,28619,ok,https://cdn.prydwen.gg/images/honkai-star-rail/characters/rappa_icon.webp
20260630,2026-06-30,pf,虚构叙事,rappa,Rappa,乱破,DPS,main_dps,主C,T1,9,"Break, SP-Friendly",,2026-03-06,4.0.1,Wordless Novel,3.3,28466,ok,https://cdn.prydwen.gg/images/honkai-star-rail/characters/rappa_icon.webp
20260630,2026-06-30,pf,虚构叙事,rappa,Rappa,乱破,DPS,main_dps,主C,T1,9,"Break, SP-Friendly",,2026-04-03,4.1.1,Virtual Made Manifest,2.04,27424,ok,https://cdn.prydwen.gg/images/honkai-star-rail/characters/rappa_icon.webp
20260630,2026-06-30,pf,虚构叙事,rappa,Rappa,乱破,DPS,main_dps,主C,T1,9,"Break, SP-Friendly",,2026-04-19,4.1.1,Virtual Made Manifest,1.96,27340,ok,https://cdn.prydwen.gg/images/honkai-star-rail/characters/rappa_icon.webp
20260630,2026-06-30,pf,虚构叙事,rappa,Rappa,乱破,DPS,main_dps,主C,T1,9,"Break, SP-Friendly",,2026-05-02,4.1.1,Virtual Made Manifest,1.73,26934,ok,https://cdn.prydwen.gg/images/honkai-star-rail/characters/rappa_icon.webp
20260630,2026-06-30,pf,虚构叙事,rappa,Rappa,乱破,DPS,main_dps,主C,T1,9,"Break, SP-Friendly",,2026-05-16,4.2.1,Illusory Concepts,0.6,25291,ok,https://cdn.prydwen.gg/images/honkai-star-rail/characters/rappa_icon.webp
20260630,2026-06-30,pf,虚构叙事,rappa,Rappa,乱破,DPS,main_dps,主C,T1,9,"Break, SP-Friendly",,2026-05-29,4.2.1,Illusory Concepts,0.6,25044,ok,https://cdn.prydwen.gg/images/honkai-star-rail/characters/rappa_icon.webp
20260630,2026-06-30,pf,虚构叙事,rappa,Rappa,乱破,DPS,main_dps,主C,T1,9,"Break, SP-Friendly",,2026-06-11,4.2.1,Illusory Concepts,0.62,25320,ok,https://cdn.prydwen.gg/images/honkai-star-rail/characters/rappa_icon.webp
20260630,2026-06-30,pf,虚构叙事,rappa,Rappa,乱破,DPS,main_dps,主C,T1,9,"Break, SP-Friendly",,2026-06-25,4.3.1,Falsehood to Fact,1.02,25403,ok,https://cdn.prydwen.gg/images/honkai-star-rail/characters/rappa_icon.webp
20260630,2026-06-30,as,末日幻影,rappa,Rappa,乱破,DPS,main_dps,主C,T1,9,"Break, SP-Friendly",down,2026-02-22,3.8.2,Dominance of Netherveil,2.95,3623,ok,https://cdn.prydwen.gg/images/honkai-star-rail/characters/rappa_icon.webp
20260630,2026-06-30,as,末日幻影,rappa,Rappa,乱破,DPS,main_dps,主C,T1,9,"Break, SP-Friendly",down,2026-03-06,3.8.2,Dominance of Netherveil,2.88,3621,ok,https://cdn.prydwen.gg/images/honkai-star-rail/characters/rappa_icon.webp
20260630,2026-06-30,as,末日幻影,rappa,Rappa,乱破,DPS,main_dps,主C,T1,9,"Break, SP-Friendly",down,2026-04-03,4.0.1,Militant Lupine,1.01,3399,ok,https://cdn.prydwen.gg/images/honkai-star-rail/characters/rappa_icon.webp
20260630,2026-06-30,as,末日幻影,rappa,Rappa,乱破,DPS,main_dps,主C,T1,9,"Break, SP-Friendly",down,2026-04-19,4.0.1,Militant Lupine,0.97,3403,ok,https://cdn.prydwen.gg/images/honkai-star-rail/characters/rappa_icon.webp
20260630,2026-06-30,as,末日幻影,rappa,Rappa,乱破,DPS,main_dps,主C,T1,9,"Break, SP-Friendly",down,2026-05-02,4.2.1,Idol of the Locusts,0.89,3265,ok,https://cdn.prydwen.gg/images/honkai-star-rail/characters/rappa_icon.webp
20260630,2026-06-30,as,末日幻影,rappa,Rappa,乱破,DPS,main_dps,主C,T1,9,"Break, SP-Friendly",down,2026-05-16,4.2.1,Idol of the Locusts,0.93,3277,ok,https://cdn.prydwen.gg/images/honkai-star-rail/characters/rappa_icon.webp
20260630,2026-06-30,as,末日幻影,rappa,Rappa,乱破,DPS,main_dps,主C,T1,9,"Break, SP-Friendly",down,2026-05-29,4.2.1,Idol of the Locusts,0.92,3282,ok,https://cdn.prydwen.gg/images/honkai-star-rail/characters/rappa_icon.webp
20260630,2026-06-30,as,末日幻影,rappa,Rappa,乱破,DPS,main_dps,主C,T1,9,"Break, SP-Friendly",down,2026-06-11,4.3.1,Gale of Forgetting,0.57,3179,ok,https://cdn.prydwen.gg/images/honkai-star-rail/characters/rappa_icon.webp
20260630,2026-06-30,as,末日幻影,rappa,Rappa,乱破,DPS,main_dps,主C,T1,9,"Break, SP-Friendly",down,2026-06-25,4.3.1,Gale of Forgetting,0.56,3158,ok,https://cdn.prydwen.gg/images/honkai-star-rail/characters/rappa_icon.webp
20260630,2026-06-30,moc,混沌回忆,robin,Robin,知更鸟,Amplifier,support,辅助,T1.5,8,"Advance, Buff",down,2026-02-22,3.8.1,Breached Nest,5.66,9.13,ok,https://cdn.prydwen.gg/images/honkai-star-rail/characters/robin_icon.webp
20260630,2026-06-30,moc,混沌回忆,robin,Robin,知更鸟,Amplifier,support,辅助,T1.5,8,"Advance, Buff",down,2026-03-06,4.0.1,Cyber Mystery,3.55,8.24,ok,https://cdn.prydwen.gg/images/honkai-star-rail/characters/robin_icon.webp
20260630,2026-06-30,moc,混沌回忆,robin,Robin,知更鸟,Amplifier,support,辅助,T1.5,8,"Advance, Buff",down,2026-04-03,4.0.1,Cyber Mystery,3.69,8.08,ok,https://cdn.prydwen.gg/images/honkai-star-rail/characters/robin_icon.webp
20260630,2026-06-30,moc,混沌回忆,robin,Robin,知更鸟,Amplifier,support,辅助,T1.5,8,"Advance, Buff",down,2026-04-19,4.1.1,Grand Finale,3.79,8.24,ok,https://cdn.prydwen.gg/images/honkai-star-rail/characters/robin_icon.webp
20260630,2026-06-30,moc,混沌回忆,robin,Robin,知更鸟,Amplifier,support,辅助,T1.5,8,"Advance, Buff",down,2026-05-02,4.1.1,Grand Finale,3.99,8.35,ok,https://cdn.prydwen.gg/images/honkai-star-rail/characters/robin_icon.webp
20260630,2026-06-30,moc,混沌回忆,robin,Robin,知更鸟,Amplifier,support,辅助,T1.5,8,"Advance, Buff",down,2026-05-16,4.1.1,Grand Finale,3.96,8.38,ok,https://cdn.prydwen.gg/images/honkai-star-rail/characters/robin_icon.webp
20260630,2026-06-30,moc,混沌回忆,robin,Robin,知更鸟,Amplifier,support,辅助,T1.5,8,"Advance, Buff",down,2026-05-29,4.2.1,Duty Action,2.88,99.99,ok,https://cdn.prydwen.gg/images/honkai-star-rail/characters/robin_icon.webp
20260630,2026-06-30,moc,混沌回忆,robin,Robin,知更鸟,Amplifier,support,辅助,T1.5,8,"Advance, Buff",down,2026-06-11,4.2.1,Duty Action,3.42,99.99,ok,https://cdn.prydwen.gg/images/honkai-star-rail/characters/robin_icon.webp
20260630,2026-06-30,moc,混沌回忆,robin,Robin,知更鸟,Amplifier,support,辅助,T1.5,8,"Advance, Buff",down,2026-06-25,4.2.1,Duty Action,3.44,99.99,ok,https://cdn.prydwen.gg/images/honkai-star-rail/characters/robin_icon.webp
20260630,2026-06-30,pf,虚构叙事,robin,Robin,知更鸟,Amplifier,support,辅助,T1,9,"Advance, Buff",,2026-02-22,4.0.1,Wordless Novel,5.24,26287,ok,https://cdn.prydwen.gg/images/honkai-star-rail/characters/robin_icon.webp
20260630,2026-06-30,pf,虚构叙事,robin,Robin,知更鸟,Amplifier,support,辅助,T1,9,"Advance, Buff",,2026-03-06,4.0.1,Wordless Novel,5.16,26134,ok,https://cdn.prydwen.gg/images/honkai-star-rail/characters/robin_icon.webp
20260630,2026-06-30,pf,虚构叙事,robin,Robin,知更鸟,Amplifier,support,辅助,T1,9,"Advance, Buff",,2026-04-03,4.1.1,Virtual Made Manifest,4.62,25539,ok,https://cdn.prydwen.gg/images/honkai-star-rail/characters/robin_icon.webp
20260630,2026-06-30,pf,虚构叙事,robin,Robin,知更鸟,Amplifier,support,辅助,T1,9,"Advance, Buff",,2026-04-19,4.1.1,Virtual Made Manifest,4.55,25609,ok,https://cdn.prydwen.gg/images/honkai-star-rail/characters/robin_icon.webp
20260630,2026-06-30,pf,虚构叙事,robin,Robin,知更鸟,Amplifier,support,辅助,T1,9,"Advance, Buff",,2026-05-02,4.1.1,Virtual Made Manifest,4.82,25330,ok,https://cdn.prydwen.gg/images/honkai-star-rail/characters/robin_icon.webp
20260630,2026-06-30,pf,虚构叙事,robin,Robin,知更鸟,Amplifier,support,辅助,T1,9,"Advance, Buff",,2026-05-16,4.2.1,Illusory Concepts,3.25,24602,ok,https://cdn.prydwen.gg/images/honkai-star-rail/characters/robin_icon.webp
20260630,2026-06-30,pf,虚构叙事,robin,Robin,知更鸟,Amplifier,support,辅助,T1,9,"Advance, Buff",,2026-05-29,4.2.1,Illusory Concepts,3.38,25000,ok,https://cdn.prydwen.gg/images/honkai-star-rail/characters/robin_icon.webp
20260630,2026-06-30,pf,虚构叙事,robin,Robin,知更鸟,Amplifier,support,辅助,T1,9,"Advance, Buff",,2026-06-11,4.2.1,Illusory Concepts,3.42,25264,ok,https://cdn.prydwen.gg/images/honkai-star-rail/characters/robin_icon.webp
20260630,2026-06-30,pf,虚构叙事,robin,Robin,知更鸟,Amplifier,support,辅助,T1,9,"Advance, Buff",,2026-06-25,4.3.1,Falsehood to Fact,8.06,26767,ok,https://cdn.prydwen.gg/images/honkai-star-rail/characters/robin_icon.webp
20260630,2026-06-30,as,末日幻影,robin,Robin,知更鸟,Amplifier,support,辅助,T1,9,"Advance, Buff",,2026-02-22,3.8.2,Dominance of Netherveil,6.3,3386,ok,https://cdn.prydwen.gg/images/honkai-star-rail/characters/robin_icon.webp
20260630,2026-06-30,as,末日幻影,robin,Robin,知更鸟,Amplifier,support,辅助,T1,9,"Advance, Buff",,2026-03-06,3.8.2,Dominance of Netherveil,6.12,3385,ok,https://cdn.prydwen.gg/images/honkai-star-rail/characters/robin_icon.webp
20260630,2026-06-30,as,末日幻影,robin,Robin,知更鸟,Amplifier,support,辅助,T1,9,"Advance, Buff",,2026-04-03,4.0.1,Militant Lupine,3.02,3395,ok,https://cdn.prydwen.gg/images/honkai-star-rail/characters/robin_icon.webp
20260630,2026-06-30,as,末日幻影,robin,Robin,知更鸟,Amplifier,support,辅助,T1,9,"Advance, Buff",,2026-04-19,4.0.1,Militant Lupine,3.04,3382,ok,https://cdn.prydwen.gg/images/honkai-star-rail/characters/robin_icon.webp
20260630,2026-06-30,as,末日幻影,robin,Robin,知更鸟,Amplifier,support,辅助,T1,9,"Advance, Buff",,2026-05-02,4.2.1,Idol of the Locusts,1.9,3218,ok,https://cdn.prydwen.gg/images/honkai-star-rail/characters/robin_icon.webp
20260630,2026-06-30,as,末日幻影,robin,Robin,知更鸟,Amplifier,support,辅助,T1,9,"Advance, Buff",,2026-05-16,4.2.1,Idol of the Locusts,1.83,3182,ok,https://cdn.prydwen.gg/images/honkai-star-rail/characters/robin_icon.webp
20260630,2026-06-30,as,末日幻影,robin,Robin,知更鸟,Amplifier,support,辅助,T1,9,"Advance, Buff",,2026-05-29,4.2.1,Idol of the Locusts,1.83,3182,ok,https://cdn.prydwen.gg/images/honkai-star-rail/characters/robin_icon.webp
20260630,2026-06-30,as,末日幻影,robin,Robin,知更鸟,Amplifier,support,辅助,T1,9,"Advance, Buff",,2026-06-11,4.3.1,Gale of Forgetting,8.14,3310,ok,https://cdn.prydwen.gg/images/honkai-star-rail/characters/robin_icon.webp
20260630,2026-06-30,as,末日幻影,robin,Robin,知更鸟,Amplifier,support,辅助,T1,9,"Advance, Buff",,2026-06-25,4.3.1,Gale of Forgetting,8.14,3350,ok,https://cdn.prydwen.gg/images/honkai-star-rail/characters/robin_icon.webp
20260630,2026-06-30,moc,混沌回忆,ruan-mei,Ruan Mei,阮•梅,Amplifier,support,辅助,T1,9,"Break, Buff, Delay",,2026-02-22,3.8.1,Breached Nest,12.46,7.38,ok,https://cdn.prydwen.gg/images/honkai-star-rail/characters/ruan-mei_icon.webp
20260630,2026-06-30,moc,混沌回忆,ruan-mei,Ruan Mei,阮•梅,Amplifier,support,辅助,T1,9,"Break, Buff, Delay",,2026-03-06,4.0.1,Cyber Mystery,7.17,7.45,ok,https://cdn.prydwen.gg/images/honkai-star-rail/characters/ruan-mei_icon.webp
20260630,2026-06-30,moc,混沌回忆,ruan-mei,Ruan Mei,阮•梅,Amplifier,support,辅助,T1,9,"Break, Buff, Delay",,2026-04-03,4.0.1,Cyber Mystery,6.88,8.09,ok,https://cdn.prydwen.gg/images/honkai-star-rail/characters/ruan-mei_icon.webp
20260630,2026-06-30,moc,混沌回忆,ruan-mei,Ruan Mei,阮•梅,Amplifier,support,辅助,T1,9,"Break, Buff, Delay",,2026-04-19,4.1.1,Grand Finale,5.16,8.09,ok,https://cdn.prydwen.gg/images/honkai-star-rail/characters/ruan-mei_icon.webp
20260630,2026-06-30,moc,混沌回忆,ruan-mei,Ruan Mei,阮•梅,Amplifier,support,辅助,T1,9,"Break, Buff, Delay",,2026-05-02,4.1.1,Grand Finale,6.23,7.02,ok,https://cdn.prydwen.gg/images/honkai-star-rail/characters/ruan-mei_icon.webp
20260630,2026-06-30,moc,混沌回忆,ruan-mei,Ruan Mei,阮•梅,Amplifier,support,辅助,T1,9,"Break, Buff, Delay",,2026-05-16,4.1.1,Grand Finale,6.61,7.69,ok,https://cdn.prydwen.gg/images/honkai-star-rail/characters/ruan-mei_icon.webp
20260630,2026-06-30,moc,混沌回忆,ruan-mei,Ruan Mei,阮•梅,Amplifier,support,辅助,T1,9,"Break, Buff, Delay",,2026-05-29,4.2.1,Duty Action,9.03,6.81,ok,https://cdn.prydwen.gg/images/honkai-star-rail/characters/ruan-mei_icon.webp
20260630,2026-06-30,moc,混沌回忆,ruan-mei,Ruan Mei,阮•梅,Amplifier,support,辅助,T1,9,"Break, Buff, Delay",,2026-06-11,4.2.1,Duty Action,10.85,6.86,ok,https://cdn.prydwen.gg/images/honkai-star-rail/characters/ruan-mei_icon.webp
20260630,2026-06-30,moc,混沌回忆,ruan-mei,Ruan Mei,阮•梅,Amplifier,support,辅助,T1,9,"Break, Buff, Delay",,2026-06-25,4.2.1,Duty Action,10.64,6.9,ok,https://cdn.prydwen.gg/images/honkai-star-rail/characters/ruan-mei_icon.webp
20260630,2026-06-30,pf,虚构叙事,ruan-mei,Ruan Mei,阮•梅,Amplifier,support,辅助,T1,9,"Break, Buff, Delay",,2026-02-22,4.0.1,Wordless Novel,9.8,25590,ok,https://cdn.prydwen.gg/images/honkai-star-rail/characters/ruan-mei_icon.webp
20260630,2026-06-30,pf,虚构叙事,ruan-mei,Ruan Mei,阮•梅,Amplifier,support,辅助,T1,9,"Break, Buff, Delay",,2026-03-06,4.0.1,Wordless Novel,9.6,25719,ok,https://cdn.prydwen.gg/images/honkai-star-rail/characters/ruan-mei_icon.webp
20260630,2026-06-30,pf,虚构叙事,ruan-mei,Ruan Mei,阮•梅,Amplifier,support,辅助,T1,9,"Break, Buff, Delay",,2026-04-03,4.1.1,Virtual Made Manifest,8.15,28520,ok,https://cdn.prydwen.gg/images/honkai-star-rail/characters/ruan-mei_icon.webp
20260630,2026-06-30,pf,虚构叙事,ruan-mei,Ruan Mei,阮•梅,Amplifier,support,辅助,T1,9,"Break, Buff, Delay",,2026-04-19,4.1.1,Virtual Made Manifest,8.34,28657,ok,https://cdn.prydwen.gg/images/honkai-star-rail/characters/ruan-mei_icon.webp
20260630,2026-06-30,pf,虚构叙事,ruan-mei,Ruan Mei,阮•梅,Amplifier,support,辅助,T1,9,"Break, Buff, Delay",,2026-05-02,4.1.1,Virtual Made Manifest,8.56,28700,ok,https://cdn.prydwen.gg/images/honkai-star-rail/characters/ruan-mei_icon.webp
20260630,2026-06-30,pf,虚构叙事,ruan-mei,Ruan Mei,阮•梅,Amplifier,support,辅助,T1,9,"Break, Buff, Delay",,2026-05-16,4.2.1,Illusory Concepts,4.35,27695,ok,https://cdn.prydwen.gg/images/honkai-star-rail/characters/ruan-mei_icon.webp
20260630,2026-06-30,pf,虚构叙事,ruan-mei,Ruan Mei,阮•梅,Amplifier,support,辅助,T1,9,"Break, Buff, Delay",,2026-05-29,4.2.1,Illusory Concepts,4.62,27215,ok,https://cdn.prydwen.gg/images/honkai-star-rail/characters/ruan-mei_icon.webp
20260630,2026-06-30,pf,虚构叙事,ruan-mei,Ruan Mei,阮•梅,Amplifier,support,辅助,T1,9,"Break, Buff, Delay",,2026-06-11,4.2.1,Illusory Concepts,4.68,26917,ok,https://cdn.prydwen.gg/images/honkai-star-rail/characters/ruan-mei_icon.webp
20260630,2026-06-30,pf,虚构叙事,ruan-mei,Ruan Mei,阮•梅,Amplifier,support,辅助,T1,9,"Break, Buff, Delay",,2026-06-25,4.3.1,Falsehood to Fact,14.14,30251,ok,https://cdn.prydwen.gg/images/honkai-star-rail/characters/ruan-mei_icon.webp
20260630,2026-06-30,as,末日幻影,ruan-mei,Ruan Mei,阮•梅,Amplifier,support,辅助,T0.5,10,"Break, Buff, Delay",,2026-02-22,3.8.2,Dominance of Netherveil,19.79,3401,ok,https://cdn.prydwen.gg/images/honkai-star-rail/characters/ruan-mei_icon.webp
20260630,2026-06-30,as,末日幻影,ruan-mei,Ruan Mei,阮•梅,Amplifier,support,辅助,T0.5,10,"Break, Buff, Delay",,2026-03-06,3.8.2,Dominance of Netherveil,19.63,3398,ok,https://cdn.prydwen.gg/images/honkai-star-rail/characters/ruan-mei_icon.webp
20260630,2026-06-30,as,末日幻影,ruan-mei,Ruan Mei,阮•梅,Amplifier,support,辅助,T0.5,10,"Break, Buff, Delay",,2026-04-03,4.0.1,Militant Lupine,15.47,3438,ok,https://cdn.prydwen.gg/images/honkai-star-rail/characters/ruan-mei_icon.webp
20260630,2026-06-30,as,末日幻影,ruan-mei,Ruan Mei,阮•梅,Amplifier,support,辅助,T0.5,10,"Break, Buff, Delay",,2026-04-19,4.0.1,Militant Lupine,15.42,3436,ok,https://cdn.prydwen.gg/images/honkai-star-rail/characters/ruan-mei_icon.webp
20260630,2026-06-30,as,末日幻影,ruan-mei,Ruan Mei,阮•梅,Amplifier,support,辅助,T0.5,10,"Break, Buff, Delay",,2026-05-02,4.2.1,Idol of the Locusts,11.29,3542,ok,https://cdn.prydwen.gg/images/honkai-star-rail/characters/ruan-mei_icon.webp
20260630,2026-06-30,as,末日幻影,ruan-mei,Ruan Mei,阮•梅,Amplifier,support,辅助,T0.5,10,"Break, Buff, Delay",,2026-05-16,4.2.1,Idol of the Locusts,11.26,3532,ok,https://cdn.prydwen.gg/images/honkai-star-rail/characters/ruan-mei_icon.webp
20260630,2026-06-30,as,末日幻影,ruan-mei,Ruan Mei,阮•梅,Amplifier,support,辅助,T0.5,10,"Break, Buff, Delay",,2026-05-29,4.2.1,Idol of the Locusts,11.19,3519,ok,https://cdn.prydwen.gg/images/honkai-star-rail/characters/ruan-mei_icon.webp
20260630,2026-06-30,as,末日幻影,ruan-mei,Ruan Mei,阮•梅,Amplifier,support,辅助,T0.5,10,"Break, Buff, Delay",,2026-06-11,4.3.1,Gale of Forgetting,17.41,3445,ok,https://cdn.prydwen.gg/images/honkai-star-rail/characters/ruan-mei_icon.webp
20260630,2026-06-30,as,末日幻影,ruan-mei,Ruan Mei,阮•梅,Amplifier,support,辅助,T0.5,10,"Break, Buff, Delay",,2026-06-25,4.3.1,Gale of Forgetting,17.5,3450,ok,https://cdn.prydwen.gg/images/honkai-star-rail/characters/ruan-mei_icon.webp
20260630,2026-06-30,moc,混沌回忆,saber,Saber,Saber,DPS,main_dps,主C,T1,9,Advance,,2026-02-22,3.8.1,Breached Nest,1.27,9.17,ok,https://cdn.prydwen.gg/images/honkai-star-rail/characters/saber_icon.webp
20260630,2026-06-30,moc,混沌回忆,saber,Saber,Saber,DPS,main_dps,主C,T1,9,Advance,,2026-03-06,4.0.1,Cyber Mystery,1.96,8.44,ok,https://cdn.prydwen.gg/images/honkai-star-rail/characters/saber_icon.webp
20260630,2026-06-30,moc,混沌回忆,saber,Saber,Saber,DPS,main_dps,主C,T1,9,Advance,,2026-04-03,4.0.1,Cyber Mystery,1.98,8.43,ok,https://cdn.prydwen.gg/images/honkai-star-rail/characters/saber_icon.webp
20260630,2026-06-30,moc,混沌回忆,saber,Saber,Saber,DPS,main_dps,主C,T1,9,Advance,,2026-04-19,4.1.1,Grand Finale,0.94,8.58,ok,https://cdn.prydwen.gg/images/honkai-star-rail/characters/saber_icon.webp
20260630,2026-06-30,moc,混沌回忆,saber,Saber,Saber,DPS,main_dps,主C,T1,9,Advance,,2026-05-02,4.1.1,Grand Finale,0.79,8.26,ok,https://cdn.prydwen.gg/images/honkai-star-rail/characters/saber_icon.webp
20260630,2026-06-30,moc,混沌回忆,saber,Saber,Saber,DPS,main_dps,主C,T1,9,Advance,,2026-05-16,4.1.1,Grand Finale,0.67,8.26,ok,https://cdn.prydwen.gg/images/honkai-star-rail/characters/saber_icon.webp
20260630,2026-06-30,moc,混沌回忆,saber,Saber,Saber,DPS,main_dps,主C,T1,9,Advance,,2026-05-29,4.2.1,Duty Action,0.22,99.99,ok,https://cdn.prydwen.gg/images/honkai-star-rail/characters/saber_icon.webp
20260630,2026-06-30,moc,混沌回忆,saber,Saber,Saber,DPS,main_dps,主C,T1,9,Advance,,2026-06-11,4.2.1,Duty Action,0.29,99.99,ok,https://cdn.prydwen.gg/images/honkai-star-rail/characters/saber_icon.webp
20260630,2026-06-30,moc,混沌回忆,saber,Saber,Saber,DPS,main_dps,主C,T1,9,Advance,,2026-06-25,4.2.1,Duty Action,0.3,99.99,ok,https://cdn.prydwen.gg/images/honkai-star-rail/characters/saber_icon.webp
20260630,2026-06-30,pf,虚构叙事,saber,Saber,Saber,DPS,main_dps,主C,T2,7,Advance,,2026-02-22,4.0.1,Wordless Novel,0.92,26507,ok,https://cdn.prydwen.gg/images/honkai-star-rail/characters/saber_icon.webp
20260630,2026-06-30,pf,虚构叙事,saber,Saber,Saber,DPS,main_dps,主C,T2,7,Advance,,2026-03-06,4.0.1,Wordless Novel,0.96,26322,ok,https://cdn.prydwen.gg/images/honkai-star-rail/characters/saber_icon.webp
20260630,2026-06-30,pf,虚构叙事,saber,Saber,Saber,DPS,main_dps,主C,T2,7,Advance,,2026-04-03,4.1.1,Virtual Made Manifest,0.46,25762,ok,https://cdn.prydwen.gg/images/honkai-star-rail/characters/saber_icon.webp
20260630,2026-06-30,pf,虚构叙事,saber,Saber,Saber,DPS,main_dps,主C,T2,7,Advance,,2026-04-19,4.1.1,Virtual Made Manifest,0.45,25695,ok,https://cdn.prydwen.gg/images/honkai-star-rail/characters/saber_icon.webp
20260630,2026-06-30,pf,虚构叙事,saber,Saber,Saber,DPS,main_dps,主C,T2,7,Advance,,2026-05-02,4.1.1,Virtual Made Manifest,0.44,25660,ok,https://cdn.prydwen.gg/images/honkai-star-rail/characters/saber_icon.webp
20260630,2026-06-30,pf,虚构叙事,saber,Saber,Saber,DPS,main_dps,主C,T2,7,Advance,,2026-05-16,4.2.1,Illusory Concepts,0.19,0,ok,https://cdn.prydwen.gg/images/honkai-star-rail/characters/saber_icon.webp
20260630,2026-06-30,pf,虚构叙事,saber,Saber,Saber,DPS,main_dps,主C,T2,7,Advance,,2026-05-29,4.2.1,Illusory Concepts,0.16,0,ok,https://cdn.prydwen.gg/images/honkai-star-rail/characters/saber_icon.webp
20260630,2026-06-30,pf,虚构叙事,saber,Saber,Saber,DPS,main_dps,主C,T2,7,Advance,,2026-06-11,4.2.1,Illusory Concepts,0.18,0,ok,https://cdn.prydwen.gg/images/honkai-star-rail/characters/saber_icon.webp
20260630,2026-06-30,pf,虚构叙事,saber,Saber,Saber,DPS,main_dps,主C,T2,7,Advance,,2026-06-25,4.3.1,Falsehood to Fact,1.03,24459,ok,https://cdn.prydwen.gg/images/honkai-star-rail/characters/saber_icon.webp
20260630,2026-06-30,as,末日幻影,saber,Saber,Saber,DPS,main_dps,主C,T1,9,Advance,,2026-02-22,3.8.2,Dominance of Netherveil,2.53,3260,ok,https://cdn.prydwen.gg/images/honkai-star-rail/characters/saber_icon.webp
20260630,2026-06-30,as,末日幻影,saber,Saber,Saber,DPS,main_dps,主C,T1,9,Advance,,2026-03-06,3.8.2,Dominance of Netherveil,2.51,3253,ok,https://cdn.prydwen.gg/images/honkai-star-rail/characters/saber_icon.webp
20260630,2026-06-30,as,末日幻影,saber,Saber,Saber,DPS,main_dps,主C,T1,9,Advance,,2026-04-03,4.0.1,Militant Lupine,0.84,3232,ok,https://cdn.prydwen.gg/images/honkai-star-rail/characters/saber_icon.webp
20260630,2026-06-30,as,末日幻影,saber,Saber,Saber,DPS,main_dps,主C,T1,9,Advance,,2026-04-19,4.0.1,Militant Lupine,0.83,3231,ok,https://cdn.prydwen.gg/images/honkai-star-rail/characters/saber_icon.webp
20260630,2026-06-30,as,末日幻影,saber,Saber,Saber,DPS,main_dps,主C,T1,9,Advance,,2026-05-02,4.2.1,Idol of the Locusts,0.02,0,ok,https://cdn.prydwen.gg/images/honkai-star-rail/characters/saber_icon.webp
20260630,2026-06-30,as,末日幻影,saber,Saber,Saber,DPS,main_dps,主C,T1,9,Advance,,2026-05-16,4.2.1,Idol of the Locusts,0.02,0,ok,https://cdn.prydwen.gg/images/honkai-star-rail/characters/saber_icon.webp
20260630,2026-06-30,as,末日幻影,saber,Saber,Saber,DPS,main_dps,主C,T1,9,Advance,,2026-05-29,4.2.1,Idol of the Locusts,0.02,0,ok,https://cdn.prydwen.gg/images/honkai-star-rail/characters/saber_icon.webp
20260630,2026-06-30,as,末日幻影,saber,Saber,Saber,DPS,main_dps,主C,T1,9,Advance,,2026-06-11,4.3.1,Gale of Forgetting,1.0,3157,ok,https://cdn.prydwen.gg/images/honkai-star-rail/characters/saber_icon.webp
20260630,2026-06-30,as,末日幻影,saber,Saber,Saber,DPS,main_dps,主C,T1,9,Advance,,2026-06-25,4.3.1,Gale of Forgetting,0.98,3127,ok,https://cdn.prydwen.gg/images/honkai-star-rail/characters/saber_icon.webp
20260630,2026-06-30,moc,混沌回忆,seele,Seele,希儿,DPS,main_dps,主C,T1.5,8,Advance,,2026-02-22,3.8.1,Breached Nest,0.03,99.99,ok,https://cdn.prydwen.gg/images/honkai-star-rail/characters/seele_icon.webp
20260630,2026-06-30,moc,混沌回忆,seele,Seele,希儿,DPS,main_dps,主C,T1.5,8,Advance,,2026-03-06,4.0.1,Cyber Mystery,0.02,99.99,ok,https://cdn.prydwen.gg/images/honkai-star-rail/characters/seele_icon.webp
20260630,2026-06-30,moc,混沌回忆,seele,Seele,希儿,DPS,main_dps,主C,T1.5,8,Advance,,2026-04-03,4.0.1,Cyber Mystery,0.01,99.99,ok,https://cdn.prydwen.gg/images/honkai-star-rail/characters/seele_icon.webp
20260630,2026-06-30,moc,混沌回忆,seele,Seele,希儿,DPS,main_dps,主C,T1.5,8,Advance,,2026-04-19,4.1.1,Grand Finale,0.03,99.99,ok,https://cdn.prydwen.gg/images/honkai-star-rail/characters/seele_icon.webp
20260630,2026-06-30,moc,混沌回忆,seele,Seele,希儿,DPS,main_dps,主C,T1.5,8,Advance,,2026-05-02,4.1.1,Grand Finale,0.9,7.23,ok,https://cdn.prydwen.gg/images/honkai-star-rail/characters/seele_icon.webp
20260630,2026-06-30,moc,混沌回忆,seele,Seele,希儿,DPS,main_dps,主C,T1.5,8,Advance,,2026-05-16,4.1.1,Grand Finale,0.96,7.0,ok,https://cdn.prydwen.gg/images/honkai-star-rail/characters/seele_icon.webp
20260630,2026-06-30,moc,混沌回忆,seele,Seele,希儿,DPS,main_dps,主C,T1.5,8,Advance,,2026-05-29,4.2.1,Duty Action,0.64,99.99,ok,https://cdn.prydwen.gg/images/honkai-star-rail/characters/seele_icon.webp
20260630,2026-06-30,moc,混沌回忆,seele,Seele,希儿,DPS,main_dps,主C,T1.5,8,Advance,,2026-06-11,4.2.1,Duty Action,0.75,99.99,ok,https://cdn.prydwen.gg/images/honkai-star-rail/characters/seele_icon.webp
20260630,2026-06-30,moc,混沌回忆,seele,Seele,希儿,DPS,main_dps,主C,T1.5,8,Advance,,2026-06-25,4.2.1,Duty Action,0.75,99.99,ok,https://cdn.prydwen.gg/images/honkai-star-rail/characters/seele_icon.webp
20260630,2026-06-30,pf,虚构叙事,seele,Seele,希儿,DPS,main_dps,主C,T1,9,Advance,,2026-02-22,4.0.1,Wordless Novel,0.05,0,ok,https://cdn.prydwen.gg/images/honkai-star-rail/characters/seele_icon.webp
20260630,2026-06-30,pf,虚构叙事,seele,Seele,希儿,DPS,main_dps,主C,T1,9,Advance,,2026-03-06,4.0.1,Wordless Novel,0.06,0,ok,https://cdn.prydwen.gg/images/honkai-star-rail/characters/seele_icon.webp
20260630,2026-06-30,pf,虚构叙事,seele,Seele,希儿,DPS,main_dps,主C,T1,9,Advance,,2026-04-03,4.1.1,Virtual Made Manifest,0.02,0,ok,https://cdn.prydwen.gg/images/honkai-star-rail/characters/seele_icon.webp
20260630,2026-06-30,pf,虚构叙事,seele,Seele,希儿,DPS,main_dps,主C,T1,9,Advance,,2026-04-19,4.1.1,Virtual Made Manifest,0.02,0,ok,https://cdn.prydwen.gg/images/honkai-star-rail/characters/seele_icon.webp
20260630,2026-06-30,pf,虚构叙事,seele,Seele,希儿,DPS,main_dps,主C,T1,9,Advance,,2026-05-02,4.1.1,Virtual Made Manifest,1.07,33378,ok,https://cdn.prydwen.gg/images/honkai-star-rail/characters/seele_icon.webp
20260630,2026-06-30,pf,虚构叙事,seele,Seele,希儿,DPS,main_dps,主C,T1,9,Advance,,2026-05-16,4.2.1,Illusory Concepts,1.97,27196,ok,https://cdn.prydwen.gg/images/honkai-star-rail/characters/seele_icon.webp
20260630,2026-06-30,pf,虚构叙事,seele,Seele,希儿,DPS,main_dps,主C,T1,9,Advance,,2026-05-29,4.2.1,Illusory Concepts,1.77,27754,ok,https://cdn.prydwen.gg/images/honkai-star-rail/characters/seele_icon.webp
20260630,2026-06-30,pf,虚构叙事,seele,Seele,希儿,DPS,main_dps,主C,T1,9,Advance,,2026-06-11,4.2.1,Illusory Concepts,1.65,27990,ok,https://cdn.prydwen.gg/images/honkai-star-rail/characters/seele_icon.webp
20260630,2026-06-30,pf,虚构叙事,seele,Seele,希儿,DPS,main_dps,主C,T1,9,Advance,,2026-06-25,4.3.1,Falsehood to Fact,2.45,29012,ok,https://cdn.prydwen.gg/images/honkai-star-rail/characters/seele_icon.webp
20260630,2026-06-30,as,末日幻影,seele,Seele,希儿,DPS,main_dps,主C,T1.5,8,Advance,up,2026-02-22,3.8.2,Dominance of Netherveil,0.02,0,ok,https://cdn.prydwen.gg/images/honkai-star-rail/characters/seele_icon.webp
20260630,2026-06-30,as,末日幻影,seele,Seele,希儿,DPS,main_dps,主C,T1.5,8,Advance,up,2026-03-06,3.8.2,Dominance of Netherveil,0.01,0,ok,https://cdn.prydwen.gg/images/honkai-star-rail/characters/seele_icon.webp
20260630,2026-06-30,as,末日幻影,seele,Seele,希儿,DPS,main_dps,主C,T1.5,8,Advance,up,2026-04-03,4.0.1,Militant Lupine,0.01,0,ok,https://cdn.prydwen.gg/images/honkai-star-rail/characters/seele_icon.webp
20260630,2026-06-30,as,末日幻影,seele,Seele,希儿,DPS,main_dps,主C,T1.5,8,Advance,up,2026-04-19,4.0.1,Militant Lupine,0.0,0,ok,https://cdn.prydwen.gg/images/honkai-star-rail/characters/seele_icon.webp
20260630,2026-06-30,as,末日幻影,seele,Seele,希儿,DPS,main_dps,主C,T1.5,8,Advance,up,2026-05-02,4.2.1,Idol of the Locusts,0.42,0,ok,https://cdn.prydwen.gg/images/honkai-star-rail/characters/seele_icon.webp
20260630,2026-06-30,as,末日幻影,seele,Seele,希儿,DPS,main_dps,主C,T1.5,8,Advance,up,2026-05-16,4.2.1,Idol of the Locusts,0.42,0,ok,https://cdn.prydwen.gg/images/honkai-star-rail/characters/seele_icon.webp
20260630,2026-06-30,as,末日幻影,seele,Seele,希儿,DPS,main_dps,主C,T1.5,8,Advance,up,2026-05-29,4.2.1,Idol of the Locusts,0.41,0,ok,https://cdn.prydwen.gg/images/honkai-star-rail/characters/seele_icon.webp
20260630,2026-06-30,as,末日幻影,seele,Seele,希儿,DPS,main_dps,主C,T1.5,8,Advance,up,2026-06-11,4.3.1,Gale of Forgetting,3.8,3397,ok,https://cdn.prydwen.gg/images/honkai-star-rail/characters/seele_icon.webp
20260630,2026-06-30,as,末日幻影,seele,Seele,希儿,DPS,main_dps,主C,T1.5,8,Advance,up,2026-06-25,4.3.1,Gale of Forgetting,4.0,3461,ok,https://cdn.prydwen.gg/images/honkai-star-rail/characters/seele_icon.webp
20260630,2026-06-30,moc,混沌回忆,silver-wolf,Silver Wolf,银狼,Amplifier,support,辅助,T1,9,Debuff,,2026-02-22,3.8.1,Breached Nest,3.56,8.86,ok,https://cdn.prydwen.gg/images/honkai-star-rail/characters/silver-wolf_icon.webp
20260630,2026-06-30,moc,混沌回忆,silver-wolf,Silver Wolf,银狼,Amplifier,support,辅助,T1,9,Debuff,,2026-03-06,4.0.1,Cyber Mystery,1.56,7.0,ok,https://cdn.prydwen.gg/images/honkai-star-rail/characters/silver-wolf_icon.webp
20260630,2026-06-30,moc,混沌回忆,silver-wolf,Silver Wolf,银狼,Amplifier,support,辅助,T1,9,Debuff,,2026-04-03,4.0.1,Cyber Mystery,1.53,7.33,ok,https://cdn.prydwen.gg/images/honkai-star-rail/characters/silver-wolf_icon.webp
20260630,2026-06-30,moc,混沌回忆,silver-wolf,Silver Wolf,银狼,Amplifier,support,辅助,T1,9,Debuff,,2026-04-19,4.1.1,Grand Finale,1.66,7.7,ok,https://cdn.prydwen.gg/images/honkai-star-rail/characters/silver-wolf_icon.webp
20260630,2026-06-30,moc,混沌回忆,silver-wolf,Silver Wolf,银狼,Amplifier,support,辅助,T1,9,Debuff,,2026-05-02,4.1.1,Grand Finale,1.64,8.07,ok,https://cdn.prydwen.gg/images/honkai-star-rail/characters/silver-wolf_icon.webp
20260630,2026-06-30,moc,混沌回忆,silver-wolf,Silver Wolf,银狼,Amplifier,support,辅助,T1,9,Debuff,,2026-05-16,4.1.1,Grand Finale,1.6,8.07,ok,https://cdn.prydwen.gg/images/honkai-star-rail/characters/silver-wolf_icon.webp
20260630,2026-06-30,moc,混沌回忆,silver-wolf,Silver Wolf,银狼,Amplifier,support,辅助,T1,9,Debuff,,2026-05-29,4.2.1,Duty Action,1.17,99.99,ok,https://cdn.prydwen.gg/images/honkai-star-rail/characters/silver-wolf_icon.webp
20260630,2026-06-30,moc,混沌回忆,silver-wolf,Silver Wolf,银狼,Amplifier,support,辅助,T1,9,Debuff,,2026-06-11,4.2.1,Duty Action,1.6,8.8,ok,https://cdn.prydwen.gg/images/honkai-star-rail/characters/silver-wolf_icon.webp
20260630,2026-06-30,moc,混沌回忆,silver-wolf,Silver Wolf,银狼,Amplifier,support,辅助,T1,9,Debuff,,2026-06-25,4.2.1,Duty Action,1.61,8.5,ok,https://cdn.prydwen.gg/images/honkai-star-rail/characters/silver-wolf_icon.webp
20260630,2026-06-30,pf,虚构叙事,silver-wolf,Silver Wolf,银狼,Amplifier,support,辅助,T2,7,Debuff,,2026-02-22,4.0.1,Wordless Novel,1.02,25516,ok,https://cdn.prydwen.gg/images/honkai-star-rail/characters/silver-wolf_icon.webp
20260630,2026-06-30,pf,虚构叙事,silver-wolf,Silver Wolf,银狼,Amplifier,support,辅助,T2,7,Debuff,,2026-03-06,4.0.1,Wordless Novel,1.02,25103,ok,https://cdn.prydwen.gg/images/honkai-star-rail/characters/silver-wolf_icon.webp
20260630,2026-06-30,pf,虚构叙事,silver-wolf,Silver Wolf,银狼,Amplifier,support,辅助,T2,7,Debuff,,2026-04-03,4.1.1,Virtual Made Manifest,1.04,23738,ok,https://cdn.prydwen.gg/images/honkai-star-rail/characters/silver-wolf_icon.webp
20260630,2026-06-30,pf,虚构叙事,silver-wolf,Silver Wolf,银狼,Amplifier,support,辅助,T2,7,Debuff,,2026-04-19,4.1.1,Virtual Made Manifest,0.97,23496,ok,https://cdn.prydwen.gg/images/honkai-star-rail/characters/silver-wolf_icon.webp
20260630,2026-06-30,pf,虚构叙事,silver-wolf,Silver Wolf,银狼,Amplifier,support,辅助,T2,7,Debuff,,2026-05-02,4.1.1,Virtual Made Manifest,0.9,23720,ok,https://cdn.prydwen.gg/images/honkai-star-rail/characters/silver-wolf_icon.webp
20260630,2026-06-30,pf,虚构叙事,silver-wolf,Silver Wolf,银狼,Amplifier,support,辅助,T2,7,Debuff,,2026-05-16,4.2.1,Illusory Concepts,0.35,0,ok,https://cdn.prydwen.gg/images/honkai-star-rail/characters/silver-wolf_icon.webp
20260630,2026-06-30,pf,虚构叙事,silver-wolf,Silver Wolf,银狼,Amplifier,support,辅助,T2,7,Debuff,,2026-05-29,4.2.1,Illusory Concepts,0.35,0,ok,https://cdn.prydwen.gg/images/honkai-star-rail/characters/silver-wolf_icon.webp
20260630,2026-06-30,pf,虚构叙事,silver-wolf,Silver Wolf,银狼,Amplifier,support,辅助,T2,7,Debuff,,2026-06-11,4.2.1,Illusory Concepts,0.35,0,ok,https://cdn.prydwen.gg/images/honkai-star-rail/characters/silver-wolf_icon.webp
20260630,2026-06-30,pf,虚构叙事,silver-wolf,Silver Wolf,银狼,Amplifier,support,辅助,T2,7,Debuff,,2026-06-25,4.3.1,Falsehood to Fact,1.68,25564,ok,https://cdn.prydwen.gg/images/honkai-star-rail/characters/silver-wolf_icon.webp
20260630,2026-06-30,as,末日幻影,silver-wolf,Silver Wolf,银狼,Amplifier,support,辅助,T1,9,Debuff,,2026-02-22,3.8.2,Dominance of Netherveil,2.71,3392,ok,https://cdn.prydwen.gg/images/honkai-star-rail/characters/silver-wolf_icon.webp
20260630,2026-06-30,as,末日幻影,silver-wolf,Silver Wolf,银狼,Amplifier,support,辅助,T1,9,Debuff,,2026-03-06,3.8.2,Dominance of Netherveil,2.83,3410,ok,https://cdn.prydwen.gg/images/honkai-star-rail/characters/silver-wolf_icon.webp
20260630,2026-06-30,as,末日幻影,silver-wolf,Silver Wolf,银狼,Amplifier,support,辅助,T1,9,Debuff,,2026-04-03,4.0.1,Militant Lupine,2.62,3454,ok,https://cdn.prydwen.gg/images/honkai-star-rail/characters/silver-wolf_icon.webp
20260630,2026-06-30,as,末日幻影,silver-wolf,Silver Wolf,银狼,Amplifier,support,辅助,T1,9,Debuff,,2026-04-19,4.0.1,Militant Lupine,2.63,3441,ok,https://cdn.prydwen.gg/images/honkai-star-rail/characters/silver-wolf_icon.webp
20260630,2026-06-30,as,末日幻影,silver-wolf,Silver Wolf,银狼,Amplifier,support,辅助,T1,9,Debuff,,2026-05-02,4.2.1,Idol of the Locusts,0.41,3219,ok,https://cdn.prydwen.gg/images/honkai-star-rail/characters/silver-wolf_icon.webp
20260630,2026-06-30,as,末日幻影,silver-wolf,Silver Wolf,银狼,Amplifier,support,辅助,T1,9,Debuff,,2026-05-16,4.2.1,Idol of the Locusts,0.44,3189,ok,https://cdn.prydwen.gg/images/honkai-star-rail/characters/silver-wolf_icon.webp
20260630,2026-06-30,as,末日幻影,silver-wolf,Silver Wolf,银狼,Amplifier,support,辅助,T1,9,Debuff,,2026-05-29,4.2.1,Idol of the Locusts,0.48,3191,ok,https://cdn.prydwen.gg/images/honkai-star-rail/characters/silver-wolf_icon.webp
20260630,2026-06-30,as,末日幻影,silver-wolf,Silver Wolf,银狼,Amplifier,support,辅助,T1,9,Debuff,,2026-06-11,4.3.1,Gale of Forgetting,4.18,3405,ok,https://cdn.prydwen.gg/images/honkai-star-rail/characters/silver-wolf_icon.webp
20260630,2026-06-30,as,末日幻影,silver-wolf,Silver Wolf,银狼,Amplifier,support,辅助,T1,9,Debuff,,2026-06-25,4.3.1,Gale of Forgetting,4.34,3411,ok,https://cdn.prydwen.gg/images/honkai-star-rail/characters/silver-wolf_icon.webp
20260630,2026-06-30,moc,混沌回忆,silver-wolf-lv-999,Silver Wolf LV.999,银狼LV.999,DPS,main_dps,主C,T0,11,"Advance, SP-Friendly",,2026-05-02,4.1.1,Grand Finale,16.37,5.09,ok,https://cdn.prydwen.gg/images/honkai-star-rail/characters/silver-wolf-lv-999_icon.webp
20260630,2026-06-30,moc,混沌回忆,silver-wolf-lv-999,Silver Wolf LV.999,银狼LV.999,DPS,main_dps,主C,T0,11,"Advance, SP-Friendly",,2026-05-16,4.1.1,Grand Finale,19.16,5.25,ok,https://cdn.prydwen.gg/images/honkai-star-rail/characters/silver-wolf-lv-999_icon.webp
20260630,2026-06-30,moc,混沌回忆,silver-wolf-lv-999,Silver Wolf LV.999,银狼LV.999,DPS,main_dps,主C,T0,11,"Advance, SP-Friendly",,2026-05-29,4.2.1,Duty Action,48.12,7.5,ok,https://cdn.prydwen.gg/images/honkai-star-rail/characters/silver-wolf-lv-999_icon.webp
20260630,2026-06-30,moc,混沌回忆,silver-wolf-lv-999,Silver Wolf LV.999,银狼LV.999,DPS,main_dps,主C,T0,11,"Advance, SP-Friendly",,2026-06-11,4.2.1,Duty Action,60.12,7.58,ok,https://cdn.prydwen.gg/images/honkai-star-rail/characters/silver-wolf-lv-999_icon.webp
20260630,2026-06-30,moc,混沌回忆,silver-wolf-lv-999,Silver Wolf LV.999,银狼LV.999,DPS,main_dps,主C,T0,11,"Advance, SP-Friendly",,2026-06-25,4.2.1,Duty Action,60.02,7.6,ok,https://cdn.prydwen.gg/images/honkai-star-rail/characters/silver-wolf-lv-999_icon.webp
20260630,2026-06-30,pf,虚构叙事,silver-wolf-lv-999,Silver Wolf LV.999,银狼LV.999,DPS,main_dps,主C,T0,11,"Advance, SP-Friendly",,2026-05-02,4.1.1,Virtual Made Manifest,9.05,35531,ok,https://cdn.prydwen.gg/images/honkai-star-rail/characters/silver-wolf-lv-999_icon.webp
20260630,2026-06-30,pf,虚构叙事,silver-wolf-lv-999,Silver Wolf LV.999,银狼LV.999,DPS,main_dps,主C,T0,11,"Advance, SP-Friendly",,2026-05-16,4.2.1,Illusory Concepts,55.72,35337,ok,https://cdn.prydwen.gg/images/honkai-star-rail/characters/silver-wolf-lv-999_icon.webp
20260630,2026-06-30,pf,虚构叙事,silver-wolf-lv-999,Silver Wolf LV.999,银狼LV.999,DPS,main_dps,主C,T0,11,"Advance, SP-Friendly",,2026-05-29,4.2.1,Illusory Concepts,52.91,35103,ok,https://cdn.prydwen.gg/images/honkai-star-rail/characters/silver-wolf-lv-999_icon.webp
20260630,2026-06-30,pf,虚构叙事,silver-wolf-lv-999,Silver Wolf LV.999,银狼LV.999,DPS,main_dps,主C,T0,11,"Advance, SP-Friendly",,2026-06-11,4.2.1,Illusory Concepts,54.18,35054,ok,https://cdn.prydwen.gg/images/honkai-star-rail/characters/silver-wolf-lv-999_icon.webp
20260630,2026-06-30,pf,虚构叙事,silver-wolf-lv-999,Silver Wolf LV.999,银狼LV.999,DPS,main_dps,主C,T0,11,"Advance, SP-Friendly",,2026-06-25,4.3.1,Falsehood to Fact,53.85,34560,ok,https://cdn.prydwen.gg/images/honkai-star-rail/characters/silver-wolf-lv-999_icon.webp
20260630,2026-06-30,as,末日幻影,silver-wolf-lv-999,Silver Wolf LV.999,银狼LV.999,DPS,main_dps,主C,T0,11,"Advance, SP-Friendly",,2026-05-02,4.2.1,Idol of the Locusts,51.35,3622,ok,https://cdn.prydwen.gg/images/honkai-star-rail/characters/silver-wolf-lv-999_icon.webp
20260630,2026-06-30,as,末日幻影,silver-wolf-lv-999,Silver Wolf LV.999,银狼LV.999,DPS,main_dps,主C,T0,11,"Advance, SP-Friendly",,2026-05-16,4.2.1,Idol of the Locusts,50.05,3615,ok,https://cdn.prydwen.gg/images/honkai-star-rail/characters/silver-wolf-lv-999_icon.webp
20260630,2026-06-30,as,末日幻影,silver-wolf-lv-999,Silver Wolf LV.999,银狼LV.999,DPS,main_dps,主C,T0,11,"Advance, SP-Friendly",,2026-05-29,4.2.1,Idol of the Locusts,49.17,3612,ok,https://cdn.prydwen.gg/images/honkai-star-rail/characters/silver-wolf-lv-999_icon.webp
20260630,2026-06-30,as,末日幻影,silver-wolf-lv-999,Silver Wolf LV.999,银狼LV.999,DPS,main_dps,主C,T0,11,"Advance, SP-Friendly",,2026-06-11,4.3.1,Gale of Forgetting,52.7,3611,ok,https://cdn.prydwen.gg/images/honkai-star-rail/characters/silver-wolf-lv-999_icon.webp
20260630,2026-06-30,as,末日幻影,silver-wolf-lv-999,Silver Wolf LV.999,银狼LV.999,DPS,main_dps,主C,T0,11,"Advance, SP-Friendly",,2026-06-25,4.3.1,Gale of Forgetting,53.18,3607,ok,https://cdn.prydwen.gg/images/honkai-star-rail/characters/silver-wolf-lv-999_icon.webp
20260630,2026-06-30,moc,混沌回忆,sparkle,Sparkle,花火,Amplifier,support,辅助,T0,11,"Advance, Buff, SP-Friendly",,2026-02-22,3.8.1,Breached Nest,19.12,8.41,ok,https://cdn.prydwen.gg/images/honkai-star-rail/characters/sparkle_icon.webp
20260630,2026-06-30,moc,混沌回忆,sparkle,Sparkle,花火,Amplifier,support,辅助,T0,11,"Advance, Buff, SP-Friendly",,2026-03-06,4.0.1,Cyber Mystery,36.64,6.09,ok,https://cdn.prydwen.gg/images/honkai-star-rail/characters/sparkle_icon.webp
20260630,2026-06-30,moc,混沌回忆,sparkle,Sparkle,花火,Amplifier,support,辅助,T0,11,"Advance, Buff, SP-Friendly",,2026-04-03,4.0.1,Cyber Mystery,41.0,6.14,ok,https://cdn.prydwen.gg/images/honkai-star-rail/characters/sparkle_icon.webp
20260630,2026-06-30,moc,混沌回忆,sparkle,Sparkle,花火,Amplifier,support,辅助,T0,11,"Advance, Buff, SP-Friendly",,2026-04-19,4.1.1,Grand Finale,39.33,6.2,ok,https://cdn.prydwen.gg/images/honkai-star-rail/characters/sparkle_icon.webp
20260630,2026-06-30,moc,混沌回忆,sparkle,Sparkle,花火,Amplifier,support,辅助,T0,11,"Advance, Buff, SP-Friendly",,2026-05-02,4.1.1,Grand Finale,31.28,6.45,ok,https://cdn.prydwen.gg/images/honkai-star-rail/characters/sparkle_icon.webp
20260630,2026-06-30,moc,混沌回忆,sparkle,Sparkle,花火,Amplifier,support,辅助,T0,11,"Advance, Buff, SP-Friendly",,2026-05-16,4.1.1,Grand Finale,29.01,6.51,ok,https://cdn.prydwen.gg/images/honkai-star-rail/characters/sparkle_icon.webp
20260630,2026-06-30,moc,混沌回忆,sparkle,Sparkle,花火,Amplifier,support,辅助,T0,11,"Advance, Buff, SP-Friendly",,2026-05-29,4.2.1,Duty Action,13.91,8.64,ok,https://cdn.prydwen.gg/images/honkai-star-rail/characters/sparkle_icon.webp
20260630,2026-06-30,moc,混沌回忆,sparkle,Sparkle,花火,Amplifier,support,辅助,T0,11,"Advance, Buff, SP-Friendly",,2026-06-11,4.2.1,Duty Action,16.68,8.69,ok,https://cdn.prydwen.gg/images/honkai-star-rail/characters/sparkle_icon.webp
20260630,2026-06-30,moc,混沌回忆,sparkle,Sparkle,花火,Amplifier,support,辅助,T0,11,"Advance, Buff, SP-Friendly",,2026-06-25,4.2.1,Duty Action,16.63,8.69,ok,https://cdn.prydwen.gg/images/honkai-star-rail/characters/sparkle_icon.webp
20260630,2026-06-30,pf,虚构叙事,sparkle,Sparkle,花火,Amplifier,support,辅助,T0.5,10,"Advance, Buff, SP-Friendly",,2026-02-22,4.0.1,Wordless Novel,17.92,30148,ok,https://cdn.prydwen.gg/images/honkai-star-rail/characters/sparkle_icon.webp
20260630,2026-06-30,pf,虚构叙事,sparkle,Sparkle,花火,Amplifier,support,辅助,T0.5,10,"Advance, Buff, SP-Friendly",,2026-03-06,4.0.1,Wordless Novel,20.86,31633,ok,https://cdn.prydwen.gg/images/honkai-star-rail/characters/sparkle_icon.webp
20260630,2026-06-30,pf,虚构叙事,sparkle,Sparkle,花火,Amplifier,support,辅助,T0.5,10,"Advance, Buff, SP-Friendly",,2026-04-03,4.1.1,Virtual Made Manifest,40.26,33556,ok,https://cdn.prydwen.gg/images/honkai-star-rail/characters/sparkle_icon.webp
20260630,2026-06-30,pf,虚构叙事,sparkle,Sparkle,花火,Amplifier,support,辅助,T0.5,10,"Advance, Buff, SP-Friendly",,2026-04-19,4.1.1,Virtual Made Manifest,39.4,33375,ok,https://cdn.prydwen.gg/images/honkai-star-rail/characters/sparkle_icon.webp
20260630,2026-06-30,pf,虚构叙事,sparkle,Sparkle,花火,Amplifier,support,辅助,T0.5,10,"Advance, Buff, SP-Friendly",,2026-05-02,4.1.1,Virtual Made Manifest,35.06,33135,ok,https://cdn.prydwen.gg/images/honkai-star-rail/characters/sparkle_icon.webp
20260630,2026-06-30,pf,虚构叙事,sparkle,Sparkle,花火,Amplifier,support,辅助,T0.5,10,"Advance, Buff, SP-Friendly",,2026-05-16,4.2.1,Illusory Concepts,12.69,30037,ok,https://cdn.prydwen.gg/images/honkai-star-rail/characters/sparkle_icon.webp
20260630,2026-06-30,pf,虚构叙事,sparkle,Sparkle,花火,Amplifier,support,辅助,T0.5,10,"Advance, Buff, SP-Friendly",,2026-05-29,4.2.1,Illusory Concepts,13.1,30018,ok,https://cdn.prydwen.gg/images/honkai-star-rail/characters/sparkle_icon.webp
20260630,2026-06-30,pf,虚构叙事,sparkle,Sparkle,花火,Amplifier,support,辅助,T0.5,10,"Advance, Buff, SP-Friendly",,2026-06-11,4.2.1,Illusory Concepts,13.27,30001,ok,https://cdn.prydwen.gg/images/honkai-star-rail/characters/sparkle_icon.webp
20260630,2026-06-30,pf,虚构叙事,sparkle,Sparkle,花火,Amplifier,support,辅助,T0.5,10,"Advance, Buff, SP-Friendly",,2026-06-25,4.3.1,Falsehood to Fact,21.03,29460,ok,https://cdn.prydwen.gg/images/honkai-star-rail/characters/sparkle_icon.webp
20260630,2026-06-30,as,末日幻影,sparkle,Sparkle,花火,Amplifier,support,辅助,T0.5,10,"Advance, Buff, SP-Friendly",,2026-02-22,3.8.2,Dominance of Netherveil,5.99,3415,ok,https://cdn.prydwen.gg/images/honkai-star-rail/characters/sparkle_icon.webp
20260630,2026-06-30,as,末日幻影,sparkle,Sparkle,花火,Amplifier,support,辅助,T0.5,10,"Advance, Buff, SP-Friendly",,2026-03-06,3.8.2,Dominance of Netherveil,7.85,3445,ok,https://cdn.prydwen.gg/images/honkai-star-rail/characters/sparkle_icon.webp
20260630,2026-06-30,as,末日幻影,sparkle,Sparkle,花火,Amplifier,support,辅助,T0.5,10,"Advance, Buff, SP-Friendly",,2026-04-03,4.0.1,Militant Lupine,64.16,3591,ok,https://cdn.prydwen.gg/images/honkai-star-rail/characters/sparkle_icon.webp
20260630,2026-06-30,as,末日幻影,sparkle,Sparkle,花火,Amplifier,support,辅助,T0.5,10,"Advance, Buff, SP-Friendly",,2026-04-19,4.0.1,Militant Lupine,63.93,3587,ok,https://cdn.prydwen.gg/images/honkai-star-rail/characters/sparkle_icon.webp
20260630,2026-06-30,as,末日幻影,sparkle,Sparkle,花火,Amplifier,support,辅助,T0.5,10,"Advance, Buff, SP-Friendly",,2026-05-02,4.2.1,Idol of the Locusts,13.15,3468,ok,https://cdn.prydwen.gg/images/honkai-star-rail/characters/sparkle_icon.webp
20260630,2026-06-30,as,末日幻影,sparkle,Sparkle,花火,Amplifier,support,辅助,T0.5,10,"Advance, Buff, SP-Friendly",,2026-05-16,4.2.1,Idol of the Locusts,12.78,3460,ok,https://cdn.prydwen.gg/images/honkai-star-rail/characters/sparkle_icon.webp
20260630,2026-06-30,as,末日幻影,sparkle,Sparkle,花火,Amplifier,support,辅助,T0.5,10,"Advance, Buff, SP-Friendly",,2026-05-29,4.2.1,Idol of the Locusts,12.71,3459,ok,https://cdn.prydwen.gg/images/honkai-star-rail/characters/sparkle_icon.webp
20260630,2026-06-30,as,末日幻影,sparkle,Sparkle,花火,Amplifier,support,辅助,T0.5,10,"Advance, Buff, SP-Friendly",,2026-06-11,4.3.1,Gale of Forgetting,30.84,3391,ok,https://cdn.prydwen.gg/images/honkai-star-rail/characters/sparkle_icon.webp
20260630,2026-06-30,as,末日幻影,sparkle,Sparkle,花火,Amplifier,support,辅助,T0.5,10,"Advance, Buff, SP-Friendly",,2026-06-25,4.3.1,Gale of Forgetting,31.02,3391,ok,https://cdn.prydwen.gg/images/honkai-star-rail/characters/sparkle_icon.webp
20260630,2026-06-30,moc,混沌回忆,sparxie,Sparxie,火花,Support DPS,sub_dps,副C,T0,11,SP-Unfriendly,,2026-03-06,4.0.1,Cyber Mystery,11.82,4.81,ok,https://cdn.prydwen.gg/images/honkai-star-rail/characters/sparxie_icon.webp
20260630,2026-06-30,moc,混沌回忆,sparxie,Sparxie,火花,Support DPS,sub_dps,副C,T0,11,SP-Unfriendly,,2026-04-03,4.0.1,Cyber Mystery,18.58,5.32,ok,https://cdn.prydwen.gg/images/honkai-star-rail/characters/sparxie_icon.webp
20260630,2026-06-30,moc,混沌回忆,sparxie,Sparxie,火花,Support DPS,sub_dps,副C,T0,11,SP-Unfriendly,,2026-04-19,4.1.1,Grand Finale,26.21,5.75,ok,https://cdn.prydwen.gg/images/honkai-star-rail/characters/sparxie_icon.webp
20260630,2026-06-30,moc,混沌回忆,sparxie,Sparxie,火花,Support DPS,sub_dps,副C,T0,11,SP-Unfriendly,,2026-05-02,4.1.1,Grand Finale,28.81,5.5,ok,https://cdn.prydwen.gg/images/honkai-star-rail/characters/sparxie_icon.webp
20260630,2026-06-30,moc,混沌回忆,sparxie,Sparxie,火花,Support DPS,sub_dps,副C,T0,11,SP-Unfriendly,,2026-05-02,4.1.1,Grand Finale,17.34,5.94,ok,https://cdn.prydwen.gg/images/honkai-star-rail/characters/sparxie_icon.webp
20260630,2026-06-30,moc,混沌回忆,sparxie,Sparxie,火花,Support DPS,sub_dps,副C,T0,11,SP-Unfriendly,,2026-05-02,4.1.1,Grand Finale,11.46,4.64,ok,https://cdn.prydwen.gg/images/honkai-star-rail/characters/sparxie_icon.webp
20260630,2026-06-30,moc,混沌回忆,sparxie,Sparxie,火花,Support DPS,sub_dps,副C,T0,11,SP-Unfriendly,,2026-05-16,4.1.1,Grand Finale,28.36,5.52,ok,https://cdn.prydwen.gg/images/honkai-star-rail/characters/sparxie_icon.webp
20260630,2026-06-30,moc,混沌回忆,sparxie,Sparxie,火花,Support DPS,sub_dps,副C,T0,11,SP-Unfriendly,,2026-05-16,4.1.1,Grand Finale,15.24,6.02,ok,https://cdn.prydwen.gg/images/honkai-star-rail/characters/sparxie_icon.webp
20260630,2026-06-30,moc,混沌回忆,sparxie,Sparxie,火花,Support DPS,sub_dps,副C,T0,11,SP-Unfriendly,,2026-05-16,4.1.1,Grand Finale,13.12,4.78,ok,https://cdn.prydwen.gg/images/honkai-star-rail/characters/sparxie_icon.webp
20260630,2026-06-30,moc,混沌回忆,sparxie,Sparxie,火花,Support DPS,sub_dps,副C,T0,11,SP-Unfriendly,,2026-05-29,4.2.1,Duty Action,35.77,7.31,ok,https://cdn.prydwen.gg/images/honkai-star-rail/characters/sparxie_icon.webp
20260630,2026-06-30,moc,混沌回忆,sparxie,Sparxie,火花,Support DPS,sub_dps,副C,T0,11,SP-Unfriendly,,2026-05-29,4.2.1,Duty Action,1.23,8.17,ok,https://cdn.prydwen.gg/images/honkai-star-rail/characters/sparxie_icon.webp
20260630,2026-06-30,moc,混沌回忆,sparxie,Sparxie,火花,Support DPS,sub_dps,副C,T0,11,SP-Unfriendly,,2026-05-29,4.2.1,Duty Action,34.54,7.28,ok,https://cdn.prydwen.gg/images/honkai-star-rail/characters/sparxie_icon.webp
20260630,2026-06-30,moc,混沌回忆,sparxie,Sparxie,火花,Support DPS,sub_dps,副C,T0,11,SP-Unfriendly,,2026-06-11,4.2.1,Duty Action,43.87,7.4,ok,https://cdn.prydwen.gg/images/honkai-star-rail/characters/sparxie_icon.webp
20260630,2026-06-30,moc,混沌回忆,sparxie,Sparxie,火花,Support DPS,sub_dps,副C,T0,11,SP-Unfriendly,,2026-06-11,4.2.1,Duty Action,1.7,8.55,ok,https://cdn.prydwen.gg/images/honkai-star-rail/characters/sparxie_icon.webp
20260630,2026-06-30,moc,混沌回忆,sparxie,Sparxie,火花,Support DPS,sub_dps,副C,T0,11,SP-Unfriendly,,2026-06-11,4.2.1,Duty Action,42.17,7.36,ok,https://cdn.prydwen.gg/images/honkai-star-rail/characters/sparxie_icon.webp
20260630,2026-06-30,moc,混沌回忆,sparxie,Sparxie,火花,Support DPS,sub_dps,副C,T0,11,SP-Unfriendly,,2026-06-25,4.2.1,Duty Action,43.58,7.43,ok,https://cdn.prydwen.gg/images/honkai-star-rail/characters/sparxie_icon.webp
20260630,2026-06-30,moc,混沌回忆,sparxie,Sparxie,火花,Support DPS,sub_dps,副C,T0,11,SP-Unfriendly,,2026-06-25,4.2.1,Duty Action,1.67,8.7,ok,https://cdn.prydwen.gg/images/honkai-star-rail/characters/sparxie_icon.webp
20260630,2026-06-30,moc,混沌回忆,sparxie,Sparxie,火花,Support DPS,sub_dps,副C,T0,11,SP-Unfriendly,,2026-06-25,4.2.1,Duty Action,41.92,7.38,ok,https://cdn.prydwen.gg/images/honkai-star-rail/characters/sparxie_icon.webp
20260630,2026-06-30,pf,虚构叙事,sparxie,Sparxie,火花,Support DPS,sub_dps,副C,T0,11,SP-Unfriendly,,2026-03-06,4.0.1,Wordless Novel,3.36,39935,ok,https://cdn.prydwen.gg/images/honkai-star-rail/characters/sparxie_icon.webp
20260630,2026-06-30,pf,虚构叙事,sparxie,Sparxie,火花,Support DPS,sub_dps,副C,T0,11,SP-Unfriendly,,2026-04-03,4.1.1,Virtual Made Manifest,31.05,34406,ok,https://cdn.prydwen.gg/images/honkai-star-rail/characters/sparxie_icon.webp
20260630,2026-06-30,pf,虚构叙事,sparxie,Sparxie,火花,Support DPS,sub_dps,副C,T0,11,SP-Unfriendly,,2026-04-19,4.1.1,Virtual Made Manifest,30.46,34226,ok,https://cdn.prydwen.gg/images/honkai-star-rail/characters/sparxie_icon.webp
20260630,2026-06-30,pf,虚构叙事,sparxie,Sparxie,火花,Support DPS,sub_dps,副C,T0,11,SP-Unfriendly,,2026-05-02,4.1.1,Virtual Made Manifest,31.12,34455,ok,https://cdn.prydwen.gg/images/honkai-star-rail/characters/sparxie_icon.webp
20260630,2026-06-30,pf,虚构叙事,sparxie,Sparxie,火花,Support DPS,sub_dps,副C,T0,11,SP-Unfriendly,,2026-05-02,4.1.1,Virtual Made Manifest,25.06,34065,ok,https://cdn.prydwen.gg/images/honkai-star-rail/characters/sparxie_icon.webp
20260630,2026-06-30,pf,虚构叙事,sparxie,Sparxie,火花,Support DPS,sub_dps,副C,T0,11,SP-Unfriendly,,2026-05-02,4.1.1,Virtual Made Manifest,6.06,37523,ok,https://cdn.prydwen.gg/images/honkai-star-rail/characters/sparxie_icon.webp
20260630,2026-06-30,pf,虚构叙事,sparxie,Sparxie,火花,Support DPS,sub_dps,副C,T0,11,SP-Unfriendly,,2026-05-16,4.2.1,Illusory Concepts,41.04,36364,ok,https://cdn.prydwen.gg/images/honkai-star-rail/characters/sparxie_icon.webp
20260630,2026-06-30,pf,虚构叙事,sparxie,Sparxie,火花,Support DPS,sub_dps,副C,T0,11,SP-Unfriendly,,2026-05-16,4.2.1,Illusory Concepts,1.83,34016,ok,https://cdn.prydwen.gg/images/honkai-star-rail/characters/sparxie_icon.webp
20260630,2026-06-30,pf,虚构叙事,sparxie,Sparxie,火花,Support DPS,sub_dps,副C,T0,11,SP-Unfriendly,,2026-05-16,4.2.1,Illusory Concepts,39.21,37343,ok,https://cdn.prydwen.gg/images/honkai-star-rail/characters/sparxie_icon.webp
20260630,2026-06-30,pf,虚构叙事,sparxie,Sparxie,火花,Support DPS,sub_dps,副C,T0,11,SP-Unfriendly,,2026-05-29,4.2.1,Illusory Concepts,38.89,36108,ok,https://cdn.prydwen.gg/images/honkai-star-rail/characters/sparxie_icon.webp
20260630,2026-06-30,pf,虚构叙事,sparxie,Sparxie,火花,Support DPS,sub_dps,副C,T0,11,SP-Unfriendly,,2026-05-29,4.2.1,Illusory Concepts,1.79,33643,ok,https://cdn.prydwen.gg/images/honkai-star-rail/characters/sparxie_icon.webp
20260630,2026-06-30,pf,虚构叙事,sparxie,Sparxie,火花,Support DPS,sub_dps,副C,T0,11,SP-Unfriendly,,2026-05-29,4.2.1,Illusory Concepts,37.1,36233,ok,https://cdn.prydwen.gg/images/honkai-star-rail/characters/sparxie_icon.webp
20260630,2026-06-30,pf,虚构叙事,sparxie,Sparxie,火花,Support DPS,sub_dps,副C,T0,11,SP-Unfriendly,,2026-06-11,4.2.1,Illusory Concepts,39.39,36087,ok,https://cdn.prydwen.gg/images/honkai-star-rail/characters/sparxie_icon.webp
20260630,2026-06-30,pf,虚构叙事,sparxie,Sparxie,火花,Support DPS,sub_dps,副C,T0,11,SP-Unfriendly,,2026-06-11,4.2.1,Illusory Concepts,1.82,33643,ok,https://cdn.prydwen.gg/images/honkai-star-rail/characters/sparxie_icon.webp
20260630,2026-06-30,pf,虚构叙事,sparxie,Sparxie,火花,Support DPS,sub_dps,副C,T0,11,SP-Unfriendly,,2026-06-11,4.2.1,Illusory Concepts,37.58,36205,ok,https://cdn.prydwen.gg/images/honkai-star-rail/characters/sparxie_icon.webp
20260630,2026-06-30,pf,虚构叙事,sparxie,Sparxie,火花,Support DPS,sub_dps,副C,T0,11,SP-Unfriendly,,2026-06-25,4.3.1,Falsehood to Fact,38.98,35010,ok,https://cdn.prydwen.gg/images/honkai-star-rail/characters/sparxie_icon.webp
20260630,2026-06-30,pf,虚构叙事,sparxie,Sparxie,火花,Support DPS,sub_dps,副C,T0,11,SP-Unfriendly,,2026-06-25,4.3.1,Falsehood to Fact,1.64,31315,ok,https://cdn.prydwen.gg/images/honkai-star-rail/characters/sparxie_icon.webp
20260630,2026-06-30,pf,虚构叙事,sparxie,Sparxie,火花,Support DPS,sub_dps,副C,T0,11,SP-Unfriendly,,2026-06-25,4.3.1,Falsehood to Fact,37.33,35158,ok,https://cdn.prydwen.gg/images/honkai-star-rail/characters/sparxie_icon.webp
20260630,2026-06-30,as,末日幻影,sparxie,Sparxie,火花,Support DPS,sub_dps,副C,T0,11,SP-Unfriendly,,2026-03-06,3.8.2,Dominance of Netherveil,0.88,3614,ok,https://cdn.prydwen.gg/images/honkai-star-rail/characters/sparxie_icon.webp
20260630,2026-06-30,as,末日幻影,sparxie,Sparxie,火花,Support DPS,sub_dps,副C,T0,11,SP-Unfriendly,,2026-04-03,4.0.1,Militant Lupine,33.51,3703,ok,https://cdn.prydwen.gg/images/honkai-star-rail/characters/sparxie_icon.webp
20260630,2026-06-30,as,末日幻影,sparxie,Sparxie,火花,Support DPS,sub_dps,副C,T0,11,SP-Unfriendly,,2026-04-19,4.0.1,Militant Lupine,33.29,3701,ok,https://cdn.prydwen.gg/images/honkai-star-rail/characters/sparxie_icon.webp
20260630,2026-06-30,as,末日幻影,sparxie,Sparxie,火花,Support DPS,sub_dps,副C,T0,11,SP-Unfriendly,,2026-05-02,4.2.1,Idol of the Locusts,41.99,3648,ok,https://cdn.prydwen.gg/images/honkai-star-rail/characters/sparxie_icon.webp
20260630,2026-06-30,as,末日幻影,sparxie,Sparxie,火花,Support DPS,sub_dps,副C,T0,11,SP-Unfriendly,,2026-05-02,4.2.1,Idol of the Locusts,3.77,3518,ok,https://cdn.prydwen.gg/images/honkai-star-rail/characters/sparxie_icon.webp
20260630,2026-06-30,as,末日幻影,sparxie,Sparxie,火花,Support DPS,sub_dps,副C,T0,11,SP-Unfriendly,,2026-05-02,4.2.1,Idol of the Locusts,38.22,3660,ok,https://cdn.prydwen.gg/images/honkai-star-rail/characters/sparxie_icon.webp
20260630,2026-06-30,as,末日幻影,sparxie,Sparxie,火花,Support DPS,sub_dps,副C,T0,11,SP-Unfriendly,,2026-05-16,4.2.1,Idol of the Locusts,40.2,3645,ok,https://cdn.prydwen.gg/images/honkai-star-rail/characters/sparxie_icon.webp
20260630,2026-06-30,as,末日幻影,sparxie,Sparxie,火花,Support DPS,sub_dps,副C,T0,11,SP-Unfriendly,,2026-05-16,4.2.1,Idol of the Locusts,3.44,3516,ok,https://cdn.prydwen.gg/images/honkai-star-rail/characters/sparxie_icon.webp
20260630,2026-06-30,as,末日幻影,sparxie,Sparxie,火花,Support DPS,sub_dps,副C,T0,11,SP-Unfriendly,,2026-05-16,4.2.1,Idol of the Locusts,36.76,3656,ok,https://cdn.prydwen.gg/images/honkai-star-rail/characters/sparxie_icon.webp
20260630,2026-06-30,as,末日幻影,sparxie,Sparxie,火花,Support DPS,sub_dps,副C,T0,11,SP-Unfriendly,,2026-05-29,4.2.1,Idol of the Locusts,39.41,3643,ok,https://cdn.prydwen.gg/images/honkai-star-rail/characters/sparxie_icon.webp
20260630,2026-06-30,as,末日幻影,sparxie,Sparxie,火花,Support DPS,sub_dps,副C,T0,11,SP-Unfriendly,,2026-05-29,4.2.1,Idol of the Locusts,3.36,3513,ok,https://cdn.prydwen.gg/images/honkai-star-rail/characters/sparxie_icon.webp
20260630,2026-06-30,as,末日幻影,sparxie,Sparxie,火花,Support DPS,sub_dps,副C,T0,11,SP-Unfriendly,,2026-05-29,4.2.1,Idol of the Locusts,36.05,3654,ok,https://cdn.prydwen.gg/images/honkai-star-rail/characters/sparxie_icon.webp
20260630,2026-06-30,as,末日幻影,sparxie,Sparxie,火花,Support DPS,sub_dps,副C,T0,11,SP-Unfriendly,,2026-06-11,4.3.1,Gale of Forgetting,40.0,3632,ok,https://cdn.prydwen.gg/images/honkai-star-rail/characters/sparxie_icon.webp
20260630,2026-06-30,as,末日幻影,sparxie,Sparxie,火花,Support DPS,sub_dps,副C,T0,11,SP-Unfriendly,,2026-06-11,4.3.1,Gale of Forgetting,2.17,3551,ok,https://cdn.prydwen.gg/images/honkai-star-rail/characters/sparxie_icon.webp
20260630,2026-06-30,as,末日幻影,sparxie,Sparxie,火花,Support DPS,sub_dps,副C,T0,11,SP-Unfriendly,,2026-06-11,4.3.1,Gale of Forgetting,37.82,3635,ok,https://cdn.prydwen.gg/images/honkai-star-rail/characters/sparxie_icon.webp
20260630,2026-06-30,as,末日幻影,sparxie,Sparxie,火花,Support DPS,sub_dps,副C,T0,11,SP-Unfriendly,,2026-06-25,4.3.1,Gale of Forgetting,40.05,3628,ok,https://cdn.prydwen.gg/images/honkai-star-rail/characters/sparxie_icon.webp
20260630,2026-06-30,as,末日幻影,sparxie,Sparxie,火花,Support DPS,sub_dps,副C,T0,11,SP-Unfriendly,,2026-06-25,4.3.1,Gale of Forgetting,2.26,3540,ok,https://cdn.prydwen.gg/images/honkai-star-rail/characters/sparxie_icon.webp
20260630,2026-06-30,as,末日幻影,sparxie,Sparxie,火花,Support DPS,sub_dps,副C,T0,11,SP-Unfriendly,,2026-06-25,4.3.1,Gale of Forgetting,37.79,3632,ok,https://cdn.prydwen.gg/images/honkai-star-rail/characters/sparxie_icon.webp
20260630,2026-06-30,moc,混沌回忆,sparxie,Sparxie,火花,DPS,main_dps,主C,T0,11,SP-Unfriendly,,2026-03-06,4.0.1,Cyber Mystery,11.82,4.81,ok,https://cdn.prydwen.gg/images/honkai-star-rail/characters/sparxie_icon.webp
20260630,2026-06-30,moc,混沌回忆,sparxie,Sparxie,火花,DPS,main_dps,主C,T0,11,SP-Unfriendly,,2026-04-03,4.0.1,Cyber Mystery,18.58,5.32,ok,https://cdn.prydwen.gg/images/honkai-star-rail/characters/sparxie_icon.webp
20260630,2026-06-30,moc,混沌回忆,sparxie,Sparxie,火花,DPS,main_dps,主C,T0,11,SP-Unfriendly,,2026-04-19,4.1.1,Grand Finale,26.21,5.75,ok,https://cdn.prydwen.gg/images/honkai-star-rail/characters/sparxie_icon.webp
20260630,2026-06-30,moc,混沌回忆,sparxie,Sparxie,火花,DPS,main_dps,主C,T0,11,SP-Unfriendly,,2026-05-02,4.1.1,Grand Finale,28.81,5.5,ok,https://cdn.prydwen.gg/images/honkai-star-rail/characters/sparxie_icon.webp
20260630,2026-06-30,moc,混沌回忆,sparxie,Sparxie,火花,DPS,main_dps,主C,T0,11,SP-Unfriendly,,2026-05-02,4.1.1,Grand Finale,17.34,5.94,ok,https://cdn.prydwen.gg/images/honkai-star-rail/characters/sparxie_icon.webp
20260630,2026-06-30,moc,混沌回忆,sparxie,Sparxie,火花,DPS,main_dps,主C,T0,11,SP-Unfriendly,,2026-05-02,4.1.1,Grand Finale,11.46,4.64,ok,https://cdn.prydwen.gg/images/honkai-star-rail/characters/sparxie_icon.webp
20260630,2026-06-30,moc,混沌回忆,sparxie,Sparxie,火花,DPS,main_dps,主C,T0,11,SP-Unfriendly,,2026-05-16,4.1.1,Grand Finale,28.36,5.52,ok,https://cdn.prydwen.gg/images/honkai-star-rail/characters/sparxie_icon.webp
20260630,2026-06-30,moc,混沌回忆,sparxie,Sparxie,火花,DPS,main_dps,主C,T0,11,SP-Unfriendly,,2026-05-16,4.1.1,Grand Finale,15.24,6.02,ok,https://cdn.prydwen.gg/images/honkai-star-rail/characters/sparxie_icon.webp
20260630,2026-06-30,moc,混沌回忆,sparxie,Sparxie,火花,DPS,main_dps,主C,T0,11,SP-Unfriendly,,2026-05-16,4.1.1,Grand Finale,13.12,4.78,ok,https://cdn.prydwen.gg/images/honkai-star-rail/characters/sparxie_icon.webp
20260630,2026-06-30,moc,混沌回忆,sparxie,Sparxie,火花,DPS,main_dps,主C,T0,11,SP-Unfriendly,,2026-05-29,4.2.1,Duty Action,35.77,7.31,ok,https://cdn.prydwen.gg/images/honkai-star-rail/characters/sparxie_icon.webp
20260630,2026-06-30,moc,混沌回忆,sparxie,Sparxie,火花,DPS,main_dps,主C,T0,11,SP-Unfriendly,,2026-05-29,4.2.1,Duty Action,1.23,8.17,ok,https://cdn.prydwen.gg/images/honkai-star-rail/characters/sparxie_icon.webp
20260630,2026-06-30,moc,混沌回忆,sparxie,Sparxie,火花,DPS,main_dps,主C,T0,11,SP-Unfriendly,,2026-05-29,4.2.1,Duty Action,34.54,7.28,ok,https://cdn.prydwen.gg/images/honkai-star-rail/characters/sparxie_icon.webp
20260630,2026-06-30,moc,混沌回忆,sparxie,Sparxie,火花,DPS,main_dps,主C,T0,11,SP-Unfriendly,,2026-06-11,4.2.1,Duty Action,43.87,7.4,ok,https://cdn.prydwen.gg/images/honkai-star-rail/characters/sparxie_icon.webp
20260630,2026-06-30,moc,混沌回忆,sparxie,Sparxie,火花,DPS,main_dps,主C,T0,11,SP-Unfriendly,,2026-06-11,4.2.1,Duty Action,1.7,8.55,ok,https://cdn.prydwen.gg/images/honkai-star-rail/characters/sparxie_icon.webp
20260630,2026-06-30,moc,混沌回忆,sparxie,Sparxie,火花,DPS,main_dps,主C,T0,11,SP-Unfriendly,,2026-06-11,4.2.1,Duty Action,42.17,7.36,ok,https://cdn.prydwen.gg/images/honkai-star-rail/characters/sparxie_icon.webp
20260630,2026-06-30,moc,混沌回忆,sparxie,Sparxie,火花,DPS,main_dps,主C,T0,11,SP-Unfriendly,,2026-06-25,4.2.1,Duty Action,43.58,7.43,ok,https://cdn.prydwen.gg/images/honkai-star-rail/characters/sparxie_icon.webp
20260630,2026-06-30,moc,混沌回忆,sparxie,Sparxie,火花,DPS,main_dps,主C,T0,11,SP-Unfriendly,,2026-06-25,4.2.1,Duty Action,1.67,8.7,ok,https://cdn.prydwen.gg/images/honkai-star-rail/characters/sparxie_icon.webp
20260630,2026-06-30,moc,混沌回忆,sparxie,Sparxie,火花,DPS,main_dps,主C,T0,11,SP-Unfriendly,,2026-06-25,4.2.1,Duty Action,41.92,7.38,ok,https://cdn.prydwen.gg/images/honkai-star-rail/characters/sparxie_icon.webp
20260630,2026-06-30,pf,虚构叙事,sparxie,Sparxie,火花,DPS,main_dps,主C,T0,11,SP-Unfriendly,,2026-03-06,4.0.1,Wordless Novel,3.36,39935,ok,https://cdn.prydwen.gg/images/honkai-star-rail/characters/sparxie_icon.webp
20260630,2026-06-30,pf,虚构叙事,sparxie,Sparxie,火花,DPS,main_dps,主C,T0,11,SP-Unfriendly,,2026-04-03,4.1.1,Virtual Made Manifest,31.05,34406,ok,https://cdn.prydwen.gg/images/honkai-star-rail/characters/sparxie_icon.webp
20260630,2026-06-30,pf,虚构叙事,sparxie,Sparxie,火花,DPS,main_dps,主C,T0,11,SP-Unfriendly,,2026-04-19,4.1.1,Virtual Made Manifest,30.46,34226,ok,https://cdn.prydwen.gg/images/honkai-star-rail/characters/sparxie_icon.webp
20260630,2026-06-30,pf,虚构叙事,sparxie,Sparxie,火花,DPS,main_dps,主C,T0,11,SP-Unfriendly,,2026-05-02,4.1.1,Virtual Made Manifest,31.12,34455,ok,https://cdn.prydwen.gg/images/honkai-star-rail/characters/sparxie_icon.webp
20260630,2026-06-30,pf,虚构叙事,sparxie,Sparxie,火花,DPS,main_dps,主C,T0,11,SP-Unfriendly,,2026-05-02,4.1.1,Virtual Made Manifest,25.06,34065,ok,https://cdn.prydwen.gg/images/honkai-star-rail/characters/sparxie_icon.webp
20260630,2026-06-30,pf,虚构叙事,sparxie,Sparxie,火花,DPS,main_dps,主C,T0,11,SP-Unfriendly,,2026-05-02,4.1.1,Virtual Made Manifest,6.06,37523,ok,https://cdn.prydwen.gg/images/honkai-star-rail/characters/sparxie_icon.webp
20260630,2026-06-30,pf,虚构叙事,sparxie,Sparxie,火花,DPS,main_dps,主C,T0,11,SP-Unfriendly,,2026-05-16,4.2.1,Illusory Concepts,41.04,36364,ok,https://cdn.prydwen.gg/images/honkai-star-rail/characters/sparxie_icon.webp
20260630,2026-06-30,pf,虚构叙事,sparxie,Sparxie,火花,DPS,main_dps,主C,T0,11,SP-Unfriendly,,2026-05-16,4.2.1,Illusory Concepts,1.83,34016,ok,https://cdn.prydwen.gg/images/honkai-star-rail/characters/sparxie_icon.webp
20260630,2026-06-30,pf,虚构叙事,sparxie,Sparxie,火花,DPS,main_dps,主C,T0,11,SP-Unfriendly,,2026-05-16,4.2.1,Illusory Concepts,39.21,37343,ok,https://cdn.prydwen.gg/images/honkai-star-rail/characters/sparxie_icon.webp
20260630,2026-06-30,pf,虚构叙事,sparxie,Sparxie,火花,DPS,main_dps,主C,T0,11,SP-Unfriendly,,2026-05-29,4.2.1,Illusory Concepts,38.89,36108,ok,https://cdn.prydwen.gg/images/honkai-star-rail/characters/sparxie_icon.webp
20260630,2026-06-30,pf,虚构叙事,sparxie,Sparxie,火花,DPS,main_dps,主C,T0,11,SP-Unfriendly,,2026-05-29,4.2.1,Illusory Concepts,1.79,33643,ok,https://cdn.prydwen.gg/images/honkai-star-rail/characters/sparxie_icon.webp
20260630,2026-06-30,pf,虚构叙事,sparxie,Sparxie,火花,DPS,main_dps,主C,T0,11,SP-Unfriendly,,2026-05-29,4.2.1,Illusory Concepts,37.1,36233,ok,https://cdn.prydwen.gg/images/honkai-star-rail/characters/sparxie_icon.webp
20260630,2026-06-30,pf,虚构叙事,sparxie,Sparxie,火花,DPS,main_dps,主C,T0,11,SP-Unfriendly,,2026-06-11,4.2.1,Illusory Concepts,39.39,36087,ok,https://cdn.prydwen.gg/images/honkai-star-rail/characters/sparxie_icon.webp
20260630,2026-06-30,pf,虚构叙事,sparxie,Sparxie,火花,DPS,main_dps,主C,T0,11,SP-Unfriendly,,2026-06-11,4.2.1,Illusory Concepts,1.82,33643,ok,https://cdn.prydwen.gg/images/honkai-star-rail/characters/sparxie_icon.webp
20260630,2026-06-30,pf,虚构叙事,sparxie,Sparxie,火花,DPS,main_dps,主C,T0,11,SP-Unfriendly,,2026-06-11,4.2.1,Illusory Concepts,37.58,36205,ok,https://cdn.prydwen.gg/images/honkai-star-rail/characters/sparxie_icon.webp
20260630,2026-06-30,pf,虚构叙事,sparxie,Sparxie,火花,DPS,main_dps,主C,T0,11,SP-Unfriendly,,2026-06-25,4.3.1,Falsehood to Fact,38.98,35010,ok,https://cdn.prydwen.gg/images/honkai-star-rail/characters/sparxie_icon.webp
20260630,2026-06-30,pf,虚构叙事,sparxie,Sparxie,火花,DPS,main_dps,主C,T0,11,SP-Unfriendly,,2026-06-25,4.3.1,Falsehood to Fact,1.64,31315,ok,https://cdn.prydwen.gg/images/honkai-star-rail/characters/sparxie_icon.webp
20260630,2026-06-30,pf,虚构叙事,sparxie,Sparxie,火花,DPS,main_dps,主C,T0,11,SP-Unfriendly,,2026-06-25,4.3.1,Falsehood to Fact,37.33,35158,ok,https://cdn.prydwen.gg/images/honkai-star-rail/characters/sparxie_icon.webp
20260630,2026-06-30,as,末日幻影,sparxie,Sparxie,火花,DPS,main_dps,主C,T0,11,SP-Unfriendly,,2026-03-06,3.8.2,Dominance of Netherveil,0.88,3614,ok,https://cdn.prydwen.gg/images/honkai-star-rail/characters/sparxie_icon.webp
20260630,2026-06-30,as,末日幻影,sparxie,Sparxie,火花,DPS,main_dps,主C,T0,11,SP-Unfriendly,,2026-04-03,4.0.1,Militant Lupine,33.51,3703,ok,https://cdn.prydwen.gg/images/honkai-star-rail/characters/sparxie_icon.webp
20260630,2026-06-30,as,末日幻影,sparxie,Sparxie,火花,DPS,main_dps,主C,T0,11,SP-Unfriendly,,2026-04-19,4.0.1,Militant Lupine,33.29,3701,ok,https://cdn.prydwen.gg/images/honkai-star-rail/characters/sparxie_icon.webp
20260630,2026-06-30,as,末日幻影,sparxie,Sparxie,火花,DPS,main_dps,主C,T0,11,SP-Unfriendly,,2026-05-02,4.2.1,Idol of the Locusts,41.99,3648,ok,https://cdn.prydwen.gg/images/honkai-star-rail/characters/sparxie_icon.webp
20260630,2026-06-30,as,末日幻影,sparxie,Sparxie,火花,DPS,main_dps,主C,T0,11,SP-Unfriendly,,2026-05-02,4.2.1,Idol of the Locusts,3.77,3518,ok,https://cdn.prydwen.gg/images/honkai-star-rail/characters/sparxie_icon.webp
20260630,2026-06-30,as,末日幻影,sparxie,Sparxie,火花,DPS,main_dps,主C,T0,11,SP-Unfriendly,,2026-05-02,4.2.1,Idol of the Locusts,38.22,3660,ok,https://cdn.prydwen.gg/images/honkai-star-rail/characters/sparxie_icon.webp
20260630,2026-06-30,as,末日幻影,sparxie,Sparxie,火花,DPS,main_dps,主C,T0,11,SP-Unfriendly,,2026-05-16,4.2.1,Idol of the Locusts,40.2,3645,ok,https://cdn.prydwen.gg/images/honkai-star-rail/characters/sparxie_icon.webp
20260630,2026-06-30,as,末日幻影,sparxie,Sparxie,火花,DPS,main_dps,主C,T0,11,SP-Unfriendly,,2026-05-16,4.2.1,Idol of the Locusts,3.44,3516,ok,https://cdn.prydwen.gg/images/honkai-star-rail/characters/sparxie_icon.webp
20260630,2026-06-30,as,末日幻影,sparxie,Sparxie,火花,DPS,main_dps,主C,T0,11,SP-Unfriendly,,2026-05-16,4.2.1,Idol of the Locusts,36.76,3656,ok,https://cdn.prydwen.gg/images/honkai-star-rail/characters/sparxie_icon.webp
20260630,2026-06-30,as,末日幻影,sparxie,Sparxie,火花,DPS,main_dps,主C,T0,11,SP-Unfriendly,,2026-05-29,4.2.1,Idol of the Locusts,39.41,3643,ok,https://cdn.prydwen.gg/images/honkai-star-rail/characters/sparxie_icon.webp
20260630,2026-06-30,as,末日幻影,sparxie,Sparxie,火花,DPS,main_dps,主C,T0,11,SP-Unfriendly,,2026-05-29,4.2.1,Idol of the Locusts,3.36,3513,ok,https://cdn.prydwen.gg/images/honkai-star-rail/characters/sparxie_icon.webp
20260630,2026-06-30,as,末日幻影,sparxie,Sparxie,火花,DPS,main_dps,主C,T0,11,SP-Unfriendly,,2026-05-29,4.2.1,Idol of the Locusts,36.05,3654,ok,https://cdn.prydwen.gg/images/honkai-star-rail/characters/sparxie_icon.webp
20260630,2026-06-30,as,末日幻影,sparxie,Sparxie,火花,DPS,main_dps,主C,T0,11,SP-Unfriendly,,2026-06-11,4.3.1,Gale of Forgetting,40.0,3632,ok,https://cdn.prydwen.gg/images/honkai-star-rail/characters/sparxie_icon.webp
20260630,2026-06-30,as,末日幻影,sparxie,Sparxie,火花,DPS,main_dps,主C,T0,11,SP-Unfriendly,,2026-06-11,4.3.1,Gale of Forgetting,2.17,3551,ok,https://cdn.prydwen.gg/images/honkai-star-rail/characters/sparxie_icon.webp
20260630,2026-06-30,as,末日幻影,sparxie,Sparxie,火花,DPS,main_dps,主C,T0,11,SP-Unfriendly,,2026-06-11,4.3.1,Gale of Forgetting,37.82,3635,ok,https://cdn.prydwen.gg/images/honkai-star-rail/characters/sparxie_icon.webp
20260630,2026-06-30,as,末日幻影,sparxie,Sparxie,火花,DPS,main_dps,主C,T0,11,SP-Unfriendly,,2026-06-25,4.3.1,Gale of Forgetting,40.05,3628,ok,https://cdn.prydwen.gg/images/honkai-star-rail/characters/sparxie_icon.webp
20260630,2026-06-30,as,末日幻影,sparxie,Sparxie,火花,DPS,main_dps,主C,T0,11,SP-Unfriendly,,2026-06-25,4.3.1,Gale of Forgetting,2.26,3540,ok,https://cdn.prydwen.gg/images/honkai-star-rail/characters/sparxie_icon.webp
20260630,2026-06-30,as,末日幻影,sparxie,Sparxie,火花,DPS,main_dps,主C,T0,11,SP-Unfriendly,,2026-06-25,4.3.1,Gale of Forgetting,37.79,3632,ok,https://cdn.prydwen.gg/images/honkai-star-rail/characters/sparxie_icon.webp
20260630,2026-06-30,moc,混沌回忆,sunday,Sunday,星期日,Amplifier,support,辅助,T0.5,10,"Advance, Buff, Energy",,2026-02-22,3.8.1,Breached Nest,25.35,8.3,ok,https://cdn.prydwen.gg/images/honkai-star-rail/characters/sunday_icon.webp
20260630,2026-06-30,moc,混沌回忆,sunday,Sunday,星期日,Amplifier,support,辅助,T0.5,10,"Advance, Buff, Energy",,2026-03-06,4.0.1,Cyber Mystery,20.49,8.08,ok,https://cdn.prydwen.gg/images/honkai-star-rail/characters/sunday_icon.webp
20260630,2026-06-30,moc,混沌回忆,sunday,Sunday,星期日,Amplifier,support,辅助,T0.5,10,"Advance, Buff, Energy",,2026-04-03,4.0.1,Cyber Mystery,20.9,8.28,ok,https://cdn.prydwen.gg/images/honkai-star-rail/characters/sunday_icon.webp
20260630,2026-06-30,moc,混沌回忆,sunday,Sunday,星期日,Amplifier,support,辅助,T0.5,10,"Advance, Buff, Energy",,2026-04-19,4.1.1,Grand Finale,20.7,7.55,ok,https://cdn.prydwen.gg/images/honkai-star-rail/characters/sunday_icon.webp
20260630,2026-06-30,moc,混沌回忆,sunday,Sunday,星期日,Amplifier,support,辅助,T0.5,10,"Advance, Buff, Energy",,2026-05-02,4.1.1,Grand Finale,19.32,7.55,ok,https://cdn.prydwen.gg/images/honkai-star-rail/characters/sunday_icon.webp
20260630,2026-06-30,moc,混沌回忆,sunday,Sunday,星期日,Amplifier,support,辅助,T0.5,10,"Advance, Buff, Energy",,2026-05-16,4.1.1,Grand Finale,18.39,7.62,ok,https://cdn.prydwen.gg/images/honkai-star-rail/characters/sunday_icon.webp
20260630,2026-06-30,moc,混沌回忆,sunday,Sunday,星期日,Amplifier,support,辅助,T0.5,10,"Advance, Buff, Energy",,2026-05-29,4.2.1,Duty Action,11.32,8.54,ok,https://cdn.prydwen.gg/images/honkai-star-rail/characters/sunday_icon.webp
20260630,2026-06-30,moc,混沌回忆,sunday,Sunday,星期日,Amplifier,support,辅助,T0.5,10,"Advance, Buff, Energy",,2026-06-11,4.2.1,Duty Action,13.84,8.62,ok,https://cdn.prydwen.gg/images/honkai-star-rail/characters/sunday_icon.webp
20260630,2026-06-30,moc,混沌回忆,sunday,Sunday,星期日,Amplifier,support,辅助,T0.5,10,"Advance, Buff, Energy",,2026-06-25,4.2.1,Duty Action,13.73,8.67,ok,https://cdn.prydwen.gg/images/honkai-star-rail/characters/sunday_icon.webp
20260630,2026-06-30,pf,虚构叙事,sunday,Sunday,星期日,Amplifier,support,辅助,T1,9,"Advance, Buff, Energy",,2026-02-22,4.0.1,Wordless Novel,22.21,28538,ok,https://cdn.prydwen.gg/images/honkai-star-rail/characters/sunday_icon.webp
20260630,2026-06-30,pf,虚构叙事,sunday,Sunday,星期日,Amplifier,support,辅助,T1,9,"Advance, Buff, Energy",,2026-03-06,4.0.1,Wordless Novel,21.86,28431,ok,https://cdn.prydwen.gg/images/honkai-star-rail/characters/sunday_icon.webp
20260630,2026-06-30,pf,虚构叙事,sunday,Sunday,星期日,Amplifier,support,辅助,T1,9,"Advance, Buff, Energy",,2026-04-03,4.1.1,Virtual Made Manifest,18.37,27765,ok,https://cdn.prydwen.gg/images/honkai-star-rail/characters/sunday_icon.webp
20260630,2026-06-30,pf,虚构叙事,sunday,Sunday,星期日,Amplifier,support,辅助,T1,9,"Advance, Buff, Energy",,2026-04-19,4.1.1,Virtual Made Manifest,18.42,27854,ok,https://cdn.prydwen.gg/images/honkai-star-rail/characters/sunday_icon.webp
20260630,2026-06-30,pf,虚构叙事,sunday,Sunday,星期日,Amplifier,support,辅助,T1,9,"Advance, Buff, Energy",,2026-05-02,4.1.1,Virtual Made Manifest,17.83,27717,ok,https://cdn.prydwen.gg/images/honkai-star-rail/characters/sunday_icon.webp
20260630,2026-06-30,pf,虚构叙事,sunday,Sunday,星期日,Amplifier,support,辅助,T1,9,"Advance, Buff, Energy",,2026-05-16,4.2.1,Illusory Concepts,10.35,25242,ok,https://cdn.prydwen.gg/images/honkai-star-rail/characters/sunday_icon.webp
20260630,2026-06-30,pf,虚构叙事,sunday,Sunday,星期日,Amplifier,support,辅助,T1,9,"Advance, Buff, Energy",,2026-05-29,4.2.1,Illusory Concepts,10.41,25471,ok,https://cdn.prydwen.gg/images/honkai-star-rail/characters/sunday_icon.webp
20260630,2026-06-30,pf,虚构叙事,sunday,Sunday,星期日,Amplifier,support,辅助,T1,9,"Advance, Buff, Energy",,2026-06-11,4.2.1,Illusory Concepts,10.87,25507,ok,https://cdn.prydwen.gg/images/honkai-star-rail/characters/sunday_icon.webp
20260630,2026-06-30,pf,虚构叙事,sunday,Sunday,星期日,Amplifier,support,辅助,T1,9,"Advance, Buff, Energy",,2026-06-25,4.3.1,Falsehood to Fact,17.23,26304,ok,https://cdn.prydwen.gg/images/honkai-star-rail/characters/sunday_icon.webp
20260630,2026-06-30,as,末日幻影,sunday,Sunday,星期日,Amplifier,support,辅助,T1,9,"Advance, Buff, Energy",down,2026-02-22,3.8.2,Dominance of Netherveil,28.53,3575,ok,https://cdn.prydwen.gg/images/honkai-star-rail/characters/sunday_icon.webp
20260630,2026-06-30,as,末日幻影,sunday,Sunday,星期日,Amplifier,support,辅助,T1,9,"Advance, Buff, Energy",down,2026-03-06,3.8.2,Dominance of Netherveil,28.25,3572,ok,https://cdn.prydwen.gg/images/honkai-star-rail/characters/sunday_icon.webp
20260630,2026-06-30,as,末日幻影,sunday,Sunday,星期日,Amplifier,support,辅助,T1,9,"Advance, Buff, Energy",down,2026-04-03,4.0.1,Militant Lupine,14.52,3345,ok,https://cdn.prydwen.gg/images/honkai-star-rail/characters/sunday_icon.webp
20260630,2026-06-30,as,末日幻影,sunday,Sunday,星期日,Amplifier,support,辅助,T1,9,"Advance, Buff, Energy",down,2026-04-19,4.0.1,Militant Lupine,14.69,3341,ok,https://cdn.prydwen.gg/images/honkai-star-rail/characters/sunday_icon.webp
20260630,2026-06-30,as,末日幻影,sunday,Sunday,星期日,Amplifier,support,辅助,T1,9,"Advance, Buff, Energy",down,2026-05-02,4.2.1,Idol of the Locusts,6.56,3178,ok,https://cdn.prydwen.gg/images/honkai-star-rail/characters/sunday_icon.webp
20260630,2026-06-30,as,末日幻影,sunday,Sunday,星期日,Amplifier,support,辅助,T1,9,"Advance, Buff, Energy",down,2026-05-16,4.2.1,Idol of the Locusts,6.7,3185,ok,https://cdn.prydwen.gg/images/honkai-star-rail/characters/sunday_icon.webp
20260630,2026-06-30,as,末日幻影,sunday,Sunday,星期日,Amplifier,support,辅助,T1,9,"Advance, Buff, Energy",down,2026-05-29,4.2.1,Idol of the Locusts,6.7,3208,ok,https://cdn.prydwen.gg/images/honkai-star-rail/characters/sunday_icon.webp
20260630,2026-06-30,as,末日幻影,sunday,Sunday,星期日,Amplifier,support,辅助,T1,9,"Advance, Buff, Energy",down,2026-06-11,4.3.1,Gale of Forgetting,20.18,3333,ok,https://cdn.prydwen.gg/images/honkai-star-rail/characters/sunday_icon.webp
20260630,2026-06-30,as,末日幻影,sunday,Sunday,星期日,Amplifier,support,辅助,T1,9,"Advance, Buff, Energy",down,2026-06-25,4.3.1,Gale of Forgetting,20.26,3332,ok,https://cdn.prydwen.gg/images/honkai-star-rail/characters/sunday_icon.webp
20260630,2026-06-30,moc,混沌回忆,the-dahlia,The Dahlia,大丽花,Amplifier,support,辅助,T0,11,"Break, Buff, SP-Friendly",,2026-02-22,3.8.1,Breached Nest,36.72,7.3,ok,https://cdn.prydwen.gg/images/honkai-star-rail/characters/the-dahlia_icon.webp
20260630,2026-06-30,moc,混沌回忆,the-dahlia,The Dahlia,大丽花,Amplifier,support,辅助,T0,11,"Break, Buff, SP-Friendly",,2026-03-06,4.0.1,Cyber Mystery,23.4,6.93,ok,https://cdn.prydwen.gg/images/honkai-star-rail/characters/the-dahlia_icon.webp
20260630,2026-06-30,moc,混沌回忆,the-dahlia,The Dahlia,大丽花,Amplifier,support,辅助,T0,11,"Break, Buff, SP-Friendly",,2026-04-03,4.0.1,Cyber Mystery,21.75,7.04,ok,https://cdn.prydwen.gg/images/honkai-star-rail/characters/the-dahlia_icon.webp
20260630,2026-06-30,moc,混沌回忆,the-dahlia,The Dahlia,大丽花,Amplifier,support,辅助,T0,11,"Break, Buff, SP-Friendly",,2026-04-19,4.1.1,Grand Finale,14.57,6.94,ok,https://cdn.prydwen.gg/images/honkai-star-rail/characters/the-dahlia_icon.webp
20260630,2026-06-30,moc,混沌回忆,the-dahlia,The Dahlia,大丽花,Amplifier,support,辅助,T0,11,"Break, Buff, SP-Friendly",,2026-05-02,4.1.1,Grand Finale,15.82,6.86,ok,https://cdn.prydwen.gg/images/honkai-star-rail/characters/the-dahlia_icon.webp
20260630,2026-06-30,moc,混沌回忆,the-dahlia,The Dahlia,大丽花,Amplifier,support,辅助,T0,11,"Break, Buff, SP-Friendly",,2026-05-16,4.1.1,Grand Finale,15.78,6.93,ok,https://cdn.prydwen.gg/images/honkai-star-rail/characters/the-dahlia_icon.webp
20260630,2026-06-30,moc,混沌回忆,the-dahlia,The Dahlia,大丽花,Amplifier,support,辅助,T0,11,"Break, Buff, SP-Friendly",,2026-05-29,4.2.1,Duty Action,26.85,7.91,ok,https://cdn.prydwen.gg/images/honkai-star-rail/characters/the-dahlia_icon.webp
20260630,2026-06-30,moc,混沌回忆,the-dahlia,The Dahlia,大丽花,Amplifier,support,辅助,T0,11,"Break, Buff, SP-Friendly",,2026-06-11,4.2.1,Duty Action,32.46,7.95,ok,https://cdn.prydwen.gg/images/honkai-star-rail/characters/the-dahlia_icon.webp
20260630,2026-06-30,moc,混沌回忆,the-dahlia,The Dahlia,大丽花,Amplifier,support,辅助,T0,11,"Break, Buff, SP-Friendly",,2026-06-25,4.2.1,Duty Action,32.06,7.98,ok,https://cdn.prydwen.gg/images/honkai-star-rail/characters/the-dahlia_icon.webp
20260630,2026-06-30,pf,虚构叙事,the-dahlia,The Dahlia,大丽花,Amplifier,support,辅助,T0.5,10,"Break, Buff, SP-Friendly",,2026-02-22,4.0.1,Wordless Novel,28.77,29770,ok,https://cdn.prydwen.gg/images/honkai-star-rail/characters/the-dahlia_icon.webp
20260630,2026-06-30,pf,虚构叙事,the-dahlia,The Dahlia,大丽花,Amplifier,support,辅助,T0.5,10,"Break, Buff, SP-Friendly",,2026-03-06,4.0.1,Wordless Novel,27.59,29717,ok,https://cdn.prydwen.gg/images/honkai-star-rail/characters/the-dahlia_icon.webp
20260630,2026-06-30,pf,虚构叙事,the-dahlia,The Dahlia,大丽花,Amplifier,support,辅助,T0.5,10,"Break, Buff, SP-Friendly",,2026-04-03,4.1.1,Virtual Made Manifest,16.24,28279,ok,https://cdn.prydwen.gg/images/honkai-star-rail/characters/the-dahlia_icon.webp
20260630,2026-06-30,pf,虚构叙事,the-dahlia,The Dahlia,大丽花,Amplifier,support,辅助,T0.5,10,"Break, Buff, SP-Friendly",,2026-04-19,4.1.1,Virtual Made Manifest,16.53,28499,ok,https://cdn.prydwen.gg/images/honkai-star-rail/characters/the-dahlia_icon.webp
20260630,2026-06-30,pf,虚构叙事,the-dahlia,The Dahlia,大丽花,Amplifier,support,辅助,T0.5,10,"Break, Buff, SP-Friendly",,2026-05-02,4.1.1,Virtual Made Manifest,18.19,29050,ok,https://cdn.prydwen.gg/images/honkai-star-rail/characters/the-dahlia_icon.webp
20260630,2026-06-30,pf,虚构叙事,the-dahlia,The Dahlia,大丽花,Amplifier,support,辅助,T0.5,10,"Break, Buff, SP-Friendly",,2026-05-16,4.2.1,Illusory Concepts,11.13,27639,ok,https://cdn.prydwen.gg/images/honkai-star-rail/characters/the-dahlia_icon.webp
20260630,2026-06-30,pf,虚构叙事,the-dahlia,The Dahlia,大丽花,Amplifier,support,辅助,T0.5,10,"Break, Buff, SP-Friendly",,2026-05-29,4.2.1,Illusory Concepts,10.78,27456,ok,https://cdn.prydwen.gg/images/honkai-star-rail/characters/the-dahlia_icon.webp
20260630,2026-06-30,pf,虚构叙事,the-dahlia,The Dahlia,大丽花,Amplifier,support,辅助,T0.5,10,"Break, Buff, SP-Friendly",,2026-06-11,4.2.1,Illusory Concepts,10.94,27382,ok,https://cdn.prydwen.gg/images/honkai-star-rail/characters/the-dahlia_icon.webp
20260630,2026-06-30,pf,虚构叙事,the-dahlia,The Dahlia,大丽花,Amplifier,support,辅助,T0.5,10,"Break, Buff, SP-Friendly",,2026-06-25,4.3.1,Falsehood to Fact,32.44,30059,ok,https://cdn.prydwen.gg/images/honkai-star-rail/characters/the-dahlia_icon.webp
20260630,2026-06-30,as,末日幻影,the-dahlia,The Dahlia,大丽花,Amplifier,support,辅助,T0,11,"Break, Buff, SP-Friendly",,2026-02-22,3.8.2,Dominance of Netherveil,39.29,3679,ok,https://cdn.prydwen.gg/images/honkai-star-rail/characters/the-dahlia_icon.webp
20260630,2026-06-30,as,末日幻影,the-dahlia,The Dahlia,大丽花,Amplifier,support,辅助,T0,11,"Break, Buff, SP-Friendly",,2026-03-06,3.8.2,Dominance of Netherveil,38.1,3677,ok,https://cdn.prydwen.gg/images/honkai-star-rail/characters/the-dahlia_icon.webp
20260630,2026-06-30,as,末日幻影,the-dahlia,The Dahlia,大丽花,Amplifier,support,辅助,T0,11,"Break, Buff, SP-Friendly",,2026-04-03,4.0.1,Militant Lupine,27.53,3512,ok,https://cdn.prydwen.gg/images/honkai-star-rail/characters/the-dahlia_icon.webp
20260630,2026-06-30,as,末日幻影,the-dahlia,The Dahlia,大丽花,Amplifier,support,辅助,T0,11,"Break, Buff, SP-Friendly",,2026-04-19,4.0.1,Militant Lupine,27.39,3511,ok,https://cdn.prydwen.gg/images/honkai-star-rail/characters/the-dahlia_icon.webp
20260630,2026-06-30,as,末日幻影,the-dahlia,The Dahlia,大丽花,Amplifier,support,辅助,T0,11,"Break, Buff, SP-Friendly",,2026-05-02,4.2.1,Idol of the Locusts,24.43,3541,ok,https://cdn.prydwen.gg/images/honkai-star-rail/characters/the-dahlia_icon.webp
20260630,2026-06-30,as,末日幻影,the-dahlia,The Dahlia,大丽花,Amplifier,support,辅助,T0,11,"Break, Buff, SP-Friendly",,2026-05-16,4.2.1,Idol of the Locusts,24.21,3529,ok,https://cdn.prydwen.gg/images/honkai-star-rail/characters/the-dahlia_icon.webp
20260630,2026-06-30,as,末日幻影,the-dahlia,The Dahlia,大丽花,Amplifier,support,辅助,T0,11,"Break, Buff, SP-Friendly",,2026-05-29,4.2.1,Idol of the Locusts,23.85,3528,ok,https://cdn.prydwen.gg/images/honkai-star-rail/characters/the-dahlia_icon.webp
20260630,2026-06-30,as,末日幻影,the-dahlia,The Dahlia,大丽花,Amplifier,support,辅助,T0,11,"Break, Buff, SP-Friendly",,2026-06-11,4.3.1,Gale of Forgetting,38.02,3436,ok,https://cdn.prydwen.gg/images/honkai-star-rail/characters/the-dahlia_icon.webp
20260630,2026-06-30,as,末日幻影,the-dahlia,The Dahlia,大丽花,Amplifier,support,辅助,T0,11,"Break, Buff, SP-Friendly",,2026-06-25,4.3.1,Gale of Forgetting,38.16,3442,ok,https://cdn.prydwen.gg/images/honkai-star-rail/characters/the-dahlia_icon.webp
20260630,2026-06-30,moc,混沌回忆,the-herta,The Herta,大黑塔,DPS,main_dps,主C,T1.5,8,"Advance, Buff, SP-Unfriendly",down,2026-02-22,3.8.1,Breached Nest,3.02,9.17,ok,https://cdn.prydwen.gg/images/honkai-star-rail/characters/the-herta_icon.webp
20260630,2026-06-30,moc,混沌回忆,the-herta,The Herta,大黑塔,DPS,main_dps,主C,T1.5,8,"Advance, Buff, SP-Unfriendly",down,2026-03-06,4.0.1,Cyber Mystery,3.68,9.06,ok,https://cdn.prydwen.gg/images/honkai-star-rail/characters/the-herta_icon.webp
20260630,2026-06-30,moc,混沌回忆,the-herta,The Herta,大黑塔,DPS,main_dps,主C,T1.5,8,"Advance, Buff, SP-Unfriendly",down,2026-04-03,4.0.1,Cyber Mystery,3.5,8.76,ok,https://cdn.prydwen.gg/images/honkai-star-rail/characters/the-herta_icon.webp
20260630,2026-06-30,moc,混沌回忆,the-herta,The Herta,大黑塔,DPS,main_dps,主C,T1.5,8,"Advance, Buff, SP-Unfriendly",down,2026-04-19,4.1.1,Grand Finale,7.43,7.8,ok,https://cdn.prydwen.gg/images/honkai-star-rail/characters/the-herta_icon.webp
20260630,2026-06-30,moc,混沌回忆,the-herta,The Herta,大黑塔,DPS,main_dps,主C,T1.5,8,"Advance, Buff, SP-Unfriendly",down,2026-05-02,4.1.1,Grand Finale,6.99,7.98,ok,https://cdn.prydwen.gg/images/honkai-star-rail/characters/the-herta_icon.webp
20260630,2026-06-30,moc,混沌回忆,the-herta,The Herta,大黑塔,DPS,main_dps,主C,T1.5,8,"Advance, Buff, SP-Unfriendly",down,2026-05-16,4.1.1,Grand Finale,6.77,7.95,ok,https://cdn.prydwen.gg/images/honkai-star-rail/characters/the-herta_icon.webp
20260630,2026-06-30,moc,混沌回忆,the-herta,The Herta,大黑塔,DPS,main_dps,主C,T1.5,8,"Advance, Buff, SP-Unfriendly",down,2026-05-29,4.2.1,Duty Action,0.81,99.99,ok,https://cdn.prydwen.gg/images/honkai-star-rail/characters/the-herta_icon.webp
20260630,2026-06-30,moc,混沌回忆,the-herta,The Herta,大黑塔,DPS,main_dps,主C,T1.5,8,"Advance, Buff, SP-Unfriendly",down,2026-06-11,4.2.1,Duty Action,0.98,99.99,ok,https://cdn.prydwen.gg/images/honkai-star-rail/characters/the-herta_icon.webp
20260630,2026-06-30,moc,混沌回忆,the-herta,The Herta,大黑塔,DPS,main_dps,主C,T1.5,8,"Advance, Buff, SP-Unfriendly",down,2026-06-25,4.2.1,Duty Action,1.0,99.99,ok,https://cdn.prydwen.gg/images/honkai-star-rail/characters/the-herta_icon.webp
20260630,2026-06-30,pf,虚构叙事,the-herta,The Herta,大黑塔,DPS,main_dps,主C,T0.5,10,"Advance, Buff, SP-Unfriendly",,2026-02-22,4.0.1,Wordless Novel,20.81,31184,ok,https://cdn.prydwen.gg/images/honkai-star-rail/characters/the-herta_icon.webp
20260630,2026-06-30,pf,虚构叙事,the-herta,The Herta,大黑塔,DPS,main_dps,主C,T0.5,10,"Advance, Buff, SP-Unfriendly",,2026-03-06,4.0.1,Wordless Novel,20.2,31130,ok,https://cdn.prydwen.gg/images/honkai-star-rail/characters/the-herta_icon.webp
20260630,2026-06-30,pf,虚构叙事,the-herta,The Herta,大黑塔,DPS,main_dps,主C,T0.5,10,"Advance, Buff, SP-Unfriendly",,2026-04-03,4.1.1,Virtual Made Manifest,13.97,29365,ok,https://cdn.prydwen.gg/images/honkai-star-rail/characters/the-herta_icon.webp
20260630,2026-06-30,pf,虚构叙事,the-herta,The Herta,大黑塔,DPS,main_dps,主C,T0.5,10,"Advance, Buff, SP-Unfriendly",,2026-04-19,4.1.1,Virtual Made Manifest,14.19,29369,ok,https://cdn.prydwen.gg/images/honkai-star-rail/characters/the-herta_icon.webp
20260630,2026-06-30,pf,虚构叙事,the-herta,The Herta,大黑塔,DPS,main_dps,主C,T0.5,10,"Advance, Buff, SP-Unfriendly",,2026-05-02,4.1.1,Virtual Made Manifest,13.38,29222,ok,https://cdn.prydwen.gg/images/honkai-star-rail/characters/the-herta_icon.webp
20260630,2026-06-30,pf,虚构叙事,the-herta,The Herta,大黑塔,DPS,main_dps,主C,T0.5,10,"Advance, Buff, SP-Unfriendly",,2026-05-16,4.2.1,Illusory Concepts,12.38,28870,ok,https://cdn.prydwen.gg/images/honkai-star-rail/characters/the-herta_icon.webp
20260630,2026-06-30,pf,虚构叙事,the-herta,The Herta,大黑塔,DPS,main_dps,主C,T0.5,10,"Advance, Buff, SP-Unfriendly",,2026-05-29,4.2.1,Illusory Concepts,12.48,28786,ok,https://cdn.prydwen.gg/images/honkai-star-rail/characters/the-herta_icon.webp
20260630,2026-06-30,pf,虚构叙事,the-herta,The Herta,大黑塔,DPS,main_dps,主C,T0.5,10,"Advance, Buff, SP-Unfriendly",,2026-06-11,4.2.1,Illusory Concepts,12.77,28839,ok,https://cdn.prydwen.gg/images/honkai-star-rail/characters/the-herta_icon.webp
20260630,2026-06-30,pf,虚构叙事,the-herta,The Herta,大黑塔,DPS,main_dps,主C,T0.5,10,"Advance, Buff, SP-Unfriendly",,2026-06-25,4.3.1,Falsehood to Fact,13.45,28327,ok,https://cdn.prydwen.gg/images/honkai-star-rail/characters/the-herta_icon.webp
20260630,2026-06-30,as,末日幻影,the-herta,The Herta,大黑塔,DPS,main_dps,主C,T1.5,8,"Advance, Buff, SP-Unfriendly",down,2026-02-22,3.8.2,Dominance of Netherveil,4.88,3175,ok,https://cdn.prydwen.gg/images/honkai-star-rail/characters/the-herta_icon.webp
20260630,2026-06-30,as,末日幻影,the-herta,The Herta,大黑塔,DPS,main_dps,主C,T1.5,8,"Advance, Buff, SP-Unfriendly",down,2026-03-06,3.8.2,Dominance of Netherveil,4.87,3182,ok,https://cdn.prydwen.gg/images/honkai-star-rail/characters/the-herta_icon.webp
20260630,2026-06-30,as,末日幻影,the-herta,The Herta,大黑塔,DPS,main_dps,主C,T1.5,8,"Advance, Buff, SP-Unfriendly",down,2026-04-03,4.0.1,Militant Lupine,3.7,3114,ok,https://cdn.prydwen.gg/images/honkai-star-rail/characters/the-herta_icon.webp
20260630,2026-06-30,as,末日幻影,the-herta,The Herta,大黑塔,DPS,main_dps,主C,T1.5,8,"Advance, Buff, SP-Unfriendly",down,2026-04-19,4.0.1,Militant Lupine,3.84,3110,ok,https://cdn.prydwen.gg/images/honkai-star-rail/characters/the-herta_icon.webp
20260630,2026-06-30,as,末日幻影,the-herta,The Herta,大黑塔,DPS,main_dps,主C,T1.5,8,"Advance, Buff, SP-Unfriendly",down,2026-05-02,4.2.1,Idol of the Locusts,6.99,3148,ok,https://cdn.prydwen.gg/images/honkai-star-rail/characters/the-herta_icon.webp
20260630,2026-06-30,as,末日幻影,the-herta,The Herta,大黑塔,DPS,main_dps,主C,T1.5,8,"Advance, Buff, SP-Unfriendly",down,2026-05-16,4.2.1,Idol of the Locusts,7.11,3138,ok,https://cdn.prydwen.gg/images/honkai-star-rail/characters/the-herta_icon.webp
20260630,2026-06-30,as,末日幻影,the-herta,The Herta,大黑塔,DPS,main_dps,主C,T1.5,8,"Advance, Buff, SP-Unfriendly",down,2026-05-29,4.2.1,Idol of the Locusts,7.11,3138,ok,https://cdn.prydwen.gg/images/honkai-star-rail/characters/the-herta_icon.webp
20260630,2026-06-30,as,末日幻影,the-herta,The Herta,大黑塔,DPS,main_dps,主C,T1.5,8,"Advance, Buff, SP-Unfriendly",down,2026-06-11,4.3.1,Gale of Forgetting,3.29,2964,ok,https://cdn.prydwen.gg/images/honkai-star-rail/characters/the-herta_icon.webp
20260630,2026-06-30,as,末日幻影,the-herta,The Herta,大黑塔,DPS,main_dps,主C,T1.5,8,"Advance, Buff, SP-Unfriendly",down,2026-06-25,4.3.1,Gale of Forgetting,3.18,2973,ok,https://cdn.prydwen.gg/images/honkai-star-rail/characters/the-herta_icon.webp
20260630,2026-06-30,pf,虚构叙事,tingyun,Tingyun,停云,Amplifier,support,辅助,T2,7,"Buff, Energy",,2026-02-22,4.0.1,Wordless Novel,0.33,25476,ok,https://cdn.prydwen.gg/images/honkai-star-rail/characters/tingyun_icon.webp
20260630,2026-06-30,pf,虚构叙事,tingyun,Tingyun,停云,Amplifier,support,辅助,T2,7,"Buff, Energy",,2026-03-06,4.0.1,Wordless Novel,0.3,25608,ok,https://cdn.prydwen.gg/images/honkai-star-rail/characters/tingyun_icon.webp
20260630,2026-06-30,pf,虚构叙事,tingyun,Tingyun,停云,Amplifier,support,辅助,T2,7,"Buff, Energy",,2026-04-03,4.1.1,Virtual Made Manifest,0.24,0,ok,https://cdn.prydwen.gg/images/honkai-star-rail/characters/tingyun_icon.webp
20260630,2026-06-30,pf,虚构叙事,tingyun,Tingyun,停云,Amplifier,support,辅助,T2,7,"Buff, Energy",,2026-04-19,4.1.1,Virtual Made Manifest,0.24,0,ok,https://cdn.prydwen.gg/images/honkai-star-rail/characters/tingyun_icon.webp
20260630,2026-06-30,pf,虚构叙事,tingyun,Tingyun,停云,Amplifier,support,辅助,T2,7,"Buff, Energy",,2026-05-02,4.1.1,Virtual Made Manifest,0.25,28352,ok,https://cdn.prydwen.gg/images/honkai-star-rail/characters/tingyun_icon.webp
20260630,2026-06-30,pf,虚构叙事,tingyun,Tingyun,停云,Amplifier,support,辅助,T2,7,"Buff, Energy",,2026-05-16,4.2.1,Illusory Concepts,0.12,0,ok,https://cdn.prydwen.gg/images/honkai-star-rail/characters/tingyun_icon.webp
20260630,2026-06-30,pf,虚构叙事,tingyun,Tingyun,停云,Amplifier,support,辅助,T2,7,"Buff, Energy",,2026-05-29,4.2.1,Illusory Concepts,0.1,0,ok,https://cdn.prydwen.gg/images/honkai-star-rail/characters/tingyun_icon.webp
20260630,2026-06-30,pf,虚构叙事,tingyun,Tingyun,停云,Amplifier,support,辅助,T2,7,"Buff, Energy",,2026-06-11,4.2.1,Illusory Concepts,0.12,0,ok,https://cdn.prydwen.gg/images/honkai-star-rail/characters/tingyun_icon.webp
20260630,2026-06-30,pf,虚构叙事,tingyun,Tingyun,停云,Amplifier,support,辅助,T2,7,"Buff, Energy",,2026-06-25,4.3.1,Falsehood to Fact,0.31,0,ok,https://cdn.prydwen.gg/images/honkai-star-rail/characters/tingyun_icon.webp
20260630,2026-06-30,as,末日幻影,tingyun,Tingyun,停云,Amplifier,support,辅助,T2,7,"Buff, Energy",,2026-02-22,3.8.2,Dominance of Netherveil,0.39,3427,ok,https://cdn.prydwen.gg/images/honkai-star-rail/characters/tingyun_icon.webp
20260630,2026-06-30,as,末日幻影,tingyun,Tingyun,停云,Amplifier,support,辅助,T2,7,"Buff, Energy",,2026-03-06,3.8.2,Dominance of Netherveil,0.37,3418,ok,https://cdn.prydwen.gg/images/honkai-star-rail/characters/tingyun_icon.webp
20260630,2026-06-30,as,末日幻影,tingyun,Tingyun,停云,Amplifier,support,辅助,T2,7,"Buff, Energy",,2026-04-03,4.0.1,Militant Lupine,0.16,0,ok,https://cdn.prydwen.gg/images/honkai-star-rail/characters/tingyun_icon.webp
20260630,2026-06-30,as,末日幻影,tingyun,Tingyun,停云,Amplifier,support,辅助,T2,7,"Buff, Energy",,2026-04-19,4.0.1,Militant Lupine,0.17,3351,ok,https://cdn.prydwen.gg/images/honkai-star-rail/characters/tingyun_icon.webp
20260630,2026-06-30,as,末日幻影,tingyun,Tingyun,停云,Amplifier,support,辅助,T2,7,"Buff, Energy",,2026-05-02,4.2.1,Idol of the Locusts,0.07,0,ok,https://cdn.prydwen.gg/images/honkai-star-rail/characters/tingyun_icon.webp
20260630,2026-06-30,as,末日幻影,tingyun,Tingyun,停云,Amplifier,support,辅助,T2,7,"Buff, Energy",,2026-05-16,4.2.1,Idol of the Locusts,0.08,0,ok,https://cdn.prydwen.gg/images/honkai-star-rail/characters/tingyun_icon.webp
20260630,2026-06-30,as,末日幻影,tingyun,Tingyun,停云,Amplifier,support,辅助,T2,7,"Buff, Energy",,2026-05-29,4.2.1,Idol of the Locusts,0.11,0,ok,https://cdn.prydwen.gg/images/honkai-star-rail/characters/tingyun_icon.webp
20260630,2026-06-30,as,末日幻影,tingyun,Tingyun,停云,Amplifier,support,辅助,T2,7,"Buff, Energy",,2026-06-11,4.3.1,Gale of Forgetting,0.54,3353,ok,https://cdn.prydwen.gg/images/honkai-star-rail/characters/tingyun_icon.webp
20260630,2026-06-30,as,末日幻影,tingyun,Tingyun,停云,Amplifier,support,辅助,T2,7,"Buff, Energy",,2026-06-25,4.3.1,Gale of Forgetting,0.56,3425,ok,https://cdn.prydwen.gg/images/honkai-star-rail/characters/tingyun_icon.webp
20260630,2026-06-30,moc,混沌回忆,tingyun-fugue,Fugue,忘归人,Amplifier,support,辅助,T0.5,10,"Break, Buff, Debuff, Delay",,2026-02-22,3.8.1,Breached Nest,31.08,7.17,ok,https://cdn.prydwen.gg/images/honkai-star-rail/characters/tingyun-fugue_icon.webp
20260630,2026-06-30,moc,混沌回忆,tingyun-fugue,Fugue,忘归人,Amplifier,support,辅助,T0.5,10,"Break, Buff, Debuff, Delay",,2026-03-06,4.0.1,Cyber Mystery,20.36,6.81,ok,https://cdn.prydwen.gg/images/honkai-star-rail/characters/tingyun-fugue_icon.webp
20260630,2026-06-30,moc,混沌回忆,tingyun-fugue,Fugue,忘归人,Amplifier,support,辅助,T0.5,10,"Break, Buff, Debuff, Delay",,2026-04-03,4.0.1,Cyber Mystery,18.81,6.93,ok,https://cdn.prydwen.gg/images/honkai-star-rail/characters/tingyun-fugue_icon.webp
20260630,2026-06-30,moc,混沌回忆,tingyun-fugue,Fugue,忘归人,Amplifier,support,辅助,T0.5,10,"Break, Buff, Debuff, Delay",,2026-04-19,4.1.1,Grand Finale,13.09,6.93,ok,https://cdn.prydwen.gg/images/honkai-star-rail/characters/tingyun-fugue_icon.webp
20260630,2026-06-30,moc,混沌回忆,tingyun-fugue,Fugue,忘归人,Amplifier,support,辅助,T0.5,10,"Break, Buff, Debuff, Delay",,2026-05-02,4.1.1,Grand Finale,13.74,6.84,ok,https://cdn.prydwen.gg/images/honkai-star-rail/characters/tingyun-fugue_icon.webp
20260630,2026-06-30,moc,混沌回忆,tingyun-fugue,Fugue,忘归人,Amplifier,support,辅助,T0.5,10,"Break, Buff, Debuff, Delay",,2026-05-16,4.1.1,Grand Finale,13.52,6.9,ok,https://cdn.prydwen.gg/images/honkai-star-rail/characters/tingyun-fugue_icon.webp
20260630,2026-06-30,moc,混沌回忆,tingyun-fugue,Fugue,忘归人,Amplifier,support,辅助,T0.5,10,"Break, Buff, Debuff, Delay",,2026-05-29,4.2.1,Duty Action,22.7,7.87,ok,https://cdn.prydwen.gg/images/honkai-star-rail/characters/tingyun-fugue_icon.webp
20260630,2026-06-30,moc,混沌回忆,tingyun-fugue,Fugue,忘归人,Amplifier,support,辅助,T0.5,10,"Break, Buff, Debuff, Delay",,2026-06-11,4.2.1,Duty Action,27.17,7.92,ok,https://cdn.prydwen.gg/images/honkai-star-rail/characters/tingyun-fugue_icon.webp
20260630,2026-06-30,moc,混沌回忆,tingyun-fugue,Fugue,忘归人,Amplifier,support,辅助,T0.5,10,"Break, Buff, Debuff, Delay",,2026-06-25,4.2.1,Duty Action,26.79,7.94,ok,https://cdn.prydwen.gg/images/honkai-star-rail/characters/tingyun-fugue_icon.webp
20260630,2026-06-30,pf,虚构叙事,tingyun-fugue,Fugue,忘归人,Amplifier,support,辅助,T1,9,"Break, Buff, Debuff, Delay",,2026-02-22,4.0.1,Wordless Novel,26.26,29865,ok,https://cdn.prydwen.gg/images/honkai-star-rail/characters/tingyun-fugue_icon.webp
20260630,2026-06-30,pf,虚构叙事,tingyun-fugue,Fugue,忘归人,Amplifier,support,辅助,T1,9,"Break, Buff, Debuff, Delay",,2026-03-06,4.0.1,Wordless Novel,25.34,29813,ok,https://cdn.prydwen.gg/images/honkai-star-rail/characters/tingyun-fugue_icon.webp
20260630,2026-06-30,pf,虚构叙事,tingyun-fugue,Fugue,忘归人,Amplifier,support,辅助,T1,9,"Break, Buff, Debuff, Delay",,2026-04-03,4.1.1,Virtual Made Manifest,15.12,28465,ok,https://cdn.prydwen.gg/images/honkai-star-rail/characters/tingyun-fugue_icon.webp
20260630,2026-06-30,pf,虚构叙事,tingyun-fugue,Fugue,忘归人,Amplifier,support,辅助,T1,9,"Break, Buff, Debuff, Delay",,2026-04-19,4.1.1,Virtual Made Manifest,15.37,28448,ok,https://cdn.prydwen.gg/images/honkai-star-rail/characters/tingyun-fugue_icon.webp
20260630,2026-06-30,pf,虚构叙事,tingyun-fugue,Fugue,忘归人,Amplifier,support,辅助,T1,9,"Break, Buff, Debuff, Delay",,2026-05-02,4.1.1,Virtual Made Manifest,16.56,29240,ok,https://cdn.prydwen.gg/images/honkai-star-rail/characters/tingyun-fugue_icon.webp
20260630,2026-06-30,pf,虚构叙事,tingyun-fugue,Fugue,忘归人,Amplifier,support,辅助,T1,9,"Break, Buff, Debuff, Delay",,2026-05-16,4.2.1,Illusory Concepts,9.44,27862,ok,https://cdn.prydwen.gg/images/honkai-star-rail/characters/tingyun-fugue_icon.webp
20260630,2026-06-30,pf,虚构叙事,tingyun-fugue,Fugue,忘归人,Amplifier,support,辅助,T1,9,"Break, Buff, Debuff, Delay",,2026-05-29,4.2.1,Illusory Concepts,9.12,27600,ok,https://cdn.prydwen.gg/images/honkai-star-rail/characters/tingyun-fugue_icon.webp
20260630,2026-06-30,pf,虚构叙事,tingyun-fugue,Fugue,忘归人,Amplifier,support,辅助,T1,9,"Break, Buff, Debuff, Delay",,2026-06-11,4.2.1,Illusory Concepts,9.22,27561,ok,https://cdn.prydwen.gg/images/honkai-star-rail/characters/tingyun-fugue_icon.webp
20260630,2026-06-30,pf,虚构叙事,tingyun-fugue,Fugue,忘归人,Amplifier,support,辅助,T1,9,"Break, Buff, Debuff, Delay",,2026-06-25,4.3.1,Falsehood to Fact,28.2,30466,ok,https://cdn.prydwen.gg/images/honkai-star-rail/characters/tingyun-fugue_icon.webp
20260630,2026-06-30,as,末日幻影,tingyun-fugue,Fugue,忘归人,Amplifier,support,辅助,T0.5,10,"Break, Buff, Debuff, Delay",,2026-02-22,3.8.2,Dominance of Netherveil,35.93,3683,ok,https://cdn.prydwen.gg/images/honkai-star-rail/characters/tingyun-fugue_icon.webp
20260630,2026-06-30,as,末日幻影,tingyun-fugue,Fugue,忘归人,Amplifier,support,辅助,T0.5,10,"Break, Buff, Debuff, Delay",,2026-03-06,3.8.2,Dominance of Netherveil,34.88,3681,ok,https://cdn.prydwen.gg/images/honkai-star-rail/characters/tingyun-fugue_icon.webp
20260630,2026-06-30,as,末日幻影,tingyun-fugue,Fugue,忘归人,Amplifier,support,辅助,T0.5,10,"Break, Buff, Debuff, Delay",,2026-04-03,4.0.1,Militant Lupine,24.25,3528,ok,https://cdn.prydwen.gg/images/honkai-star-rail/characters/tingyun-fugue_icon.webp
20260630,2026-06-30,as,末日幻影,tingyun-fugue,Fugue,忘归人,Amplifier,support,辅助,T0.5,10,"Break, Buff, Debuff, Delay",,2026-04-19,4.0.1,Militant Lupine,24.05,3526,ok,https://cdn.prydwen.gg/images/honkai-star-rail/characters/tingyun-fugue_icon.webp
20260630,2026-06-30,as,末日幻影,tingyun-fugue,Fugue,忘归人,Amplifier,support,辅助,T0.5,10,"Break, Buff, Debuff, Delay",,2026-05-02,4.2.1,Idol of the Locusts,19.99,3554,ok,https://cdn.prydwen.gg/images/honkai-star-rail/characters/tingyun-fugue_icon.webp
20260630,2026-06-30,as,末日幻影,tingyun-fugue,Fugue,忘归人,Amplifier,support,辅助,T0.5,10,"Break, Buff, Debuff, Delay",,2026-05-16,4.2.1,Idol of the Locusts,19.54,3542,ok,https://cdn.prydwen.gg/images/honkai-star-rail/characters/tingyun-fugue_icon.webp
20260630,2026-06-30,as,末日幻影,tingyun-fugue,Fugue,忘归人,Amplifier,support,辅助,T0.5,10,"Break, Buff, Debuff, Delay",,2026-05-29,4.2.1,Idol of the Locusts,19.22,3541,ok,https://cdn.prydwen.gg/images/honkai-star-rail/characters/tingyun-fugue_icon.webp
20260630,2026-06-30,as,末日幻影,tingyun-fugue,Fugue,忘归人,Amplifier,support,辅助,T0.5,10,"Break, Buff, Debuff, Delay",,2026-06-11,4.3.1,Gale of Forgetting,31.98,3448,ok,https://cdn.prydwen.gg/images/honkai-star-rail/characters/tingyun-fugue_icon.webp
20260630,2026-06-30,as,末日幻影,tingyun-fugue,Fugue,忘归人,Amplifier,support,辅助,T0.5,10,"Break, Buff, Debuff, Delay",,2026-06-25,4.3.1,Gale of Forgetting,32.02,3454,ok,https://cdn.prydwen.gg/images/honkai-star-rail/characters/tingyun-fugue_icon.webp
20260630,2026-06-30,as,末日幻影,topaz,Topaz & Numby,托帕&账账,Support DPS,sub_dps,副C,T2,7,Debuff,down,2026-02-22,3.8.2,Dominance of Netherveil,0.61,3286,ok,https://cdn.prydwen.gg/images/honkai-star-rail/characters/topaz_icon.webp
20260630,2026-06-30,as,末日幻影,topaz,Topaz & Numby,托帕&账账,Support DPS,sub_dps,副C,T2,7,Debuff,down,2026-03-06,3.8.2,Dominance of Netherveil,0.6,3287,ok,https://cdn.prydwen.gg/images/honkai-star-rail/characters/topaz_icon.webp
20260630,2026-06-30,as,末日幻影,topaz,Topaz & Numby,托帕&账账,Support DPS,sub_dps,副C,T2,7,Debuff,down,2026-04-03,4.0.1,Militant Lupine,0.02,0,ok,https://cdn.prydwen.gg/images/honkai-star-rail/characters/topaz_icon.webp
20260630,2026-06-30,as,末日幻影,topaz,Topaz & Numby,托帕&账账,Support DPS,sub_dps,副C,T2,7,Debuff,down,2026-04-19,4.0.1,Militant Lupine,0.01,0,ok,https://cdn.prydwen.gg/images/honkai-star-rail/characters/topaz_icon.webp
20260630,2026-06-30,as,末日幻影,topaz,Topaz & Numby,托帕&账账,Support DPS,sub_dps,副C,T2,7,Debuff,down,2026-05-02,4.2.1,Idol of the Locusts,0.0,0,ok,https://cdn.prydwen.gg/images/honkai-star-rail/characters/topaz_icon.webp
20260630,2026-06-30,as,末日幻影,topaz,Topaz & Numby,托帕&账账,Support DPS,sub_dps,副C,T2,7,Debuff,down,2026-05-16,4.2.1,Idol of the Locusts,0.0,0,ok,https://cdn.prydwen.gg/images/honkai-star-rail/characters/topaz_icon.webp
20260630,2026-06-30,as,末日幻影,topaz,Topaz & Numby,托帕&账账,Support DPS,sub_dps,副C,T2,7,Debuff,down,2026-05-29,4.2.1,Idol of the Locusts,0.0,0,ok,https://cdn.prydwen.gg/images/honkai-star-rail/characters/topaz_icon.webp
20260630,2026-06-30,as,末日幻影,topaz,Topaz & Numby,托帕&账账,Support DPS,sub_dps,副C,T2,7,Debuff,down,2026-06-11,4.3.1,Gale of Forgetting,0.28,0,ok,https://cdn.prydwen.gg/images/honkai-star-rail/characters/topaz_icon.webp
20260630,2026-06-30,as,末日幻影,topaz,Topaz & Numby,托帕&账账,Support DPS,sub_dps,副C,T2,7,Debuff,down,2026-06-25,4.3.1,Gale of Forgetting,0.26,0,ok,https://cdn.prydwen.gg/images/honkai-star-rail/characters/topaz_icon.webp
20260630,2026-06-30,moc,混沌回忆,trailblazer-elation,Trailblazer: Elation,开拓者•欢愉,Amplifier,support,辅助,T0,11,"Buff, SP-Friendly",,2026-05-02,4.1.1,Grand Finale,6.03,5.93,ok,https://cdn.prydwen.gg/images/honkai-star-rail/characters/trailblazer-elation_icon.webp
20260630,2026-06-30,moc,混沌回忆,trailblazer-elation,Trailblazer: Elation,开拓者•欢愉,Amplifier,support,辅助,T0,11,"Buff, SP-Friendly",,2026-05-16,4.1.1,Grand Finale,10.94,5.82,ok,https://cdn.prydwen.gg/images/honkai-star-rail/characters/trailblazer-elation_icon.webp
20260630,2026-06-30,moc,混沌回忆,trailblazer-elation,Trailblazer: Elation,开拓者•欢愉,Amplifier,support,辅助,T0,11,"Buff, SP-Friendly",,2026-05-29,4.2.1,Duty Action,29.94,7.97,ok,https://cdn.prydwen.gg/images/honkai-star-rail/characters/trailblazer-elation_icon.webp
20260630,2026-06-30,moc,混沌回忆,trailblazer-elation,Trailblazer: Elation,开拓者•欢愉,Amplifier,support,辅助,T0,11,"Buff, SP-Friendly",,2026-06-11,4.2.1,Duty Action,36.78,8.05,ok,https://cdn.prydwen.gg/images/honkai-star-rail/characters/trailblazer-elation_icon.webp
20260630,2026-06-30,moc,混沌回忆,trailblazer-elation,Trailblazer: Elation,开拓者•欢愉,Amplifier,support,辅助,T0,11,"Buff, SP-Friendly",,2026-06-25,4.2.1,Duty Action,36.73,8.04,ok,https://cdn.prydwen.gg/images/honkai-star-rail/characters/trailblazer-elation_icon.webp
20260630,2026-06-30,pf,虚构叙事,trailblazer-elation,Trailblazer: Elation,开拓者•欢愉,Amplifier,support,辅助,T0.5,10,"Buff, SP-Friendly",,2026-05-02,4.1.1,Virtual Made Manifest,3.91,33683,ok,https://cdn.prydwen.gg/images/honkai-star-rail/characters/trailblazer-elation_icon.webp
20260630,2026-06-30,pf,虚构叙事,trailblazer-elation,Trailblazer: Elation,开拓者•欢愉,Amplifier,support,辅助,T0.5,10,"Buff, SP-Friendly",,2026-05-16,4.2.1,Illusory Concepts,25.87,32934,ok,https://cdn.prydwen.gg/images/honkai-star-rail/characters/trailblazer-elation_icon.webp
20260630,2026-06-30,pf,虚构叙事,trailblazer-elation,Trailblazer: Elation,开拓者•欢愉,Amplifier,support,辅助,T0.5,10,"Buff, SP-Friendly",,2026-05-29,4.2.1,Illusory Concepts,29.6,33144,ok,https://cdn.prydwen.gg/images/honkai-star-rail/characters/trailblazer-elation_icon.webp
20260630,2026-06-30,pf,虚构叙事,trailblazer-elation,Trailblazer: Elation,开拓者•欢愉,Amplifier,support,辅助,T0.5,10,"Buff, SP-Friendly",,2026-06-11,4.2.1,Illusory Concepts,30.71,33215,ok,https://cdn.prydwen.gg/images/honkai-star-rail/characters/trailblazer-elation_icon.webp
20260630,2026-06-30,pf,虚构叙事,trailblazer-elation,Trailblazer: Elation,开拓者•欢愉,Amplifier,support,辅助,T0.5,10,"Buff, SP-Friendly",,2026-06-25,4.3.1,Falsehood to Fact,36.4,34693,ok,https://cdn.prydwen.gg/images/honkai-star-rail/characters/trailblazer-elation_icon.webp
20260630,2026-06-30,as,末日幻影,trailblazer-elation,Trailblazer: Elation,开拓者•欢愉,Amplifier,support,辅助,T0,11,"Buff, SP-Friendly",,2026-05-02,4.2.1,Idol of the Locusts,17.84,3514,ok,https://cdn.prydwen.gg/images/honkai-star-rail/characters/trailblazer-elation_icon.webp
20260630,2026-06-30,as,末日幻影,trailblazer-elation,Trailblazer: Elation,开拓者•欢愉,Amplifier,support,辅助,T0,11,"Buff, SP-Friendly",,2026-05-16,4.2.1,Idol of the Locusts,21.22,3511,ok,https://cdn.prydwen.gg/images/honkai-star-rail/characters/trailblazer-elation_icon.webp
20260630,2026-06-30,as,末日幻影,trailblazer-elation,Trailblazer: Elation,开拓者•欢愉,Amplifier,support,辅助,T0,11,"Buff, SP-Friendly",,2026-05-29,4.2.1,Idol of the Locusts,22.61,3510,ok,https://cdn.prydwen.gg/images/honkai-star-rail/characters/trailblazer-elation_icon.webp
20260630,2026-06-30,as,末日幻影,trailblazer-elation,Trailblazer: Elation,开拓者•欢愉,Amplifier,support,辅助,T0,11,"Buff, SP-Friendly",,2026-06-11,4.3.1,Gale of Forgetting,33.09,3577,ok,https://cdn.prydwen.gg/images/honkai-star-rail/characters/trailblazer-elation_icon.webp
20260630,2026-06-30,as,末日幻影,trailblazer-elation,Trailblazer: Elation,开拓者•欢愉,Amplifier,support,辅助,T0,11,"Buff, SP-Friendly",,2026-06-25,4.3.1,Gale of Forgetting,33.26,3567,ok,https://cdn.prydwen.gg/images/honkai-star-rail/characters/trailblazer-elation_icon.webp
20260630,2026-06-30,moc,混沌回忆,trailblazer-harmony,Trailblazer - The Harmony,开拓者 - 同谐,Amplifier,support,辅助,T0.5,10,"Break, Buff",,2026-02-22,3.8.1,Breached Nest,10.76,7.03,ok,https://cdn.prydwen.gg/images/honkai-star-rail/characters/trailblazer-harmony_icon.webp
20260630,2026-06-30,moc,混沌回忆,trailblazer-harmony,Trailblazer - The Harmony,开拓者 - 同谐,Amplifier,support,辅助,T0.5,10,"Break, Buff",,2026-03-06,4.0.1,Cyber Mystery,6.84,6.7,ok,https://cdn.prydwen.gg/images/honkai-star-rail/characters/trailblazer-harmony_icon.webp
20260630,2026-06-30,moc,混沌回忆,trailblazer-harmony,Trailblazer - The Harmony,开拓者 - 同谐,Amplifier,support,辅助,T0.5,10,"Break, Buff",,2026-04-03,4.0.1,Cyber Mystery,6.22,6.76,ok,https://cdn.prydwen.gg/images/honkai-star-rail/characters/trailblazer-harmony_icon.webp
20260630,2026-06-30,moc,混沌回忆,trailblazer-harmony,Trailblazer - The Harmony,开拓者 - 同谐,Amplifier,support,辅助,T0.5,10,"Break, Buff",,2026-04-19,4.1.1,Grand Finale,4.8,6.07,ok,https://cdn.prydwen.gg/images/honkai-star-rail/characters/trailblazer-harmony_icon.webp
20260630,2026-06-30,moc,混沌回忆,trailblazer-harmony,Trailblazer - The Harmony,开拓者 - 同谐,Amplifier,support,辅助,T0.5,10,"Break, Buff",,2026-05-02,4.1.1,Grand Finale,4.99,6.12,ok,https://cdn.prydwen.gg/images/honkai-star-rail/characters/trailblazer-harmony_icon.webp
20260630,2026-06-30,moc,混沌回忆,trailblazer-harmony,Trailblazer - The Harmony,开拓者 - 同谐,Amplifier,support,辅助,T0.5,10,"Break, Buff",,2026-05-16,4.1.1,Grand Finale,4.8,6.27,ok,https://cdn.prydwen.gg/images/honkai-star-rail/characters/trailblazer-harmony_icon.webp
20260630,2026-06-30,moc,混沌回忆,trailblazer-harmony,Trailblazer - The Harmony,开拓者 - 同谐,Amplifier,support,辅助,T0.5,10,"Break, Buff",,2026-05-29,4.2.1,Duty Action,6.18,7.22,ok,https://cdn.prydwen.gg/images/honkai-star-rail/characters/trailblazer-harmony_icon.webp
20260630,2026-06-30,moc,混沌回忆,trailblazer-harmony,Trailblazer - The Harmony,开拓者 - 同谐,Amplifier,support,辅助,T0.5,10,"Break, Buff",,2026-06-11,4.2.1,Duty Action,7.54,7.34,ok,https://cdn.prydwen.gg/images/honkai-star-rail/characters/trailblazer-harmony_icon.webp
20260630,2026-06-30,moc,混沌回忆,trailblazer-harmony,Trailblazer - The Harmony,开拓者 - 同谐,Amplifier,support,辅助,T0.5,10,"Break, Buff",,2026-06-25,4.2.1,Duty Action,7.25,7.46,ok,https://cdn.prydwen.gg/images/honkai-star-rail/characters/trailblazer-harmony_icon.webp
20260630,2026-06-30,pf,虚构叙事,trailblazer-harmony,Trailblazer - The Harmony,开拓者 - 同谐,Amplifier,support,辅助,T1,9,"Break, Buff",,2026-02-22,4.0.1,Wordless Novel,6.43,29735,ok,https://cdn.prydwen.gg/images/honkai-star-rail/characters/trailblazer-harmony_icon.webp
20260630,2026-06-30,pf,虚构叙事,trailblazer-harmony,Trailblazer - The Harmony,开拓者 - 同谐,Amplifier,support,辅助,T1,9,"Break, Buff",,2026-03-06,4.0.1,Wordless Novel,5.96,29684,ok,https://cdn.prydwen.gg/images/honkai-star-rail/characters/trailblazer-harmony_icon.webp
20260630,2026-06-30,pf,虚构叙事,trailblazer-harmony,Trailblazer - The Harmony,开拓者 - 同谐,Amplifier,support,辅助,T1,9,"Break, Buff",,2026-04-03,4.1.1,Virtual Made Manifest,5.32,29917,ok,https://cdn.prydwen.gg/images/honkai-star-rail/characters/trailblazer-harmony_icon.webp
20260630,2026-06-30,pf,虚构叙事,trailblazer-harmony,Trailblazer - The Harmony,开拓者 - 同谐,Amplifier,support,辅助,T1,9,"Break, Buff",,2026-04-19,4.1.1,Virtual Made Manifest,5.26,29885,ok,https://cdn.prydwen.gg/images/honkai-star-rail/characters/trailblazer-harmony_icon.webp
20260630,2026-06-30,pf,虚构叙事,trailblazer-harmony,Trailblazer - The Harmony,开拓者 - 同谐,Amplifier,support,辅助,T1,9,"Break, Buff",,2026-05-02,4.1.1,Virtual Made Manifest,5.46,30265,ok,https://cdn.prydwen.gg/images/honkai-star-rail/characters/trailblazer-harmony_icon.webp
20260630,2026-06-30,pf,虚构叙事,trailblazer-harmony,Trailblazer - The Harmony,开拓者 - 同谐,Amplifier,support,辅助,T1,9,"Break, Buff",,2026-05-16,4.2.1,Illusory Concepts,3.47,27884,ok,https://cdn.prydwen.gg/images/honkai-star-rail/characters/trailblazer-harmony_icon.webp
20260630,2026-06-30,pf,虚构叙事,trailblazer-harmony,Trailblazer - The Harmony,开拓者 - 同谐,Amplifier,support,辅助,T1,9,"Break, Buff",,2026-05-29,4.2.1,Illusory Concepts,3.15,27545,ok,https://cdn.prydwen.gg/images/honkai-star-rail/characters/trailblazer-harmony_icon.webp
20260630,2026-06-30,pf,虚构叙事,trailblazer-harmony,Trailblazer - The Harmony,开拓者 - 同谐,Amplifier,support,辅助,T1,9,"Break, Buff",,2026-06-11,4.2.1,Illusory Concepts,3.13,27383,ok,https://cdn.prydwen.gg/images/honkai-star-rail/characters/trailblazer-harmony_icon.webp
20260630,2026-06-30,pf,虚构叙事,trailblazer-harmony,Trailblazer - The Harmony,开拓者 - 同谐,Amplifier,support,辅助,T1,9,"Break, Buff",,2026-06-25,4.3.1,Falsehood to Fact,7.58,31205,ok,https://cdn.prydwen.gg/images/honkai-star-rail/characters/trailblazer-harmony_icon.webp
20260630,2026-06-30,as,末日幻影,trailblazer-harmony,Trailblazer - The Harmony,开拓者 - 同谐,Amplifier,support,辅助,T0.5,10,"Break, Buff",,2026-02-22,3.8.2,Dominance of Netherveil,12.24,3677,ok,https://cdn.prydwen.gg/images/honkai-star-rail/characters/trailblazer-harmony_icon.webp
20260630,2026-06-30,as,末日幻影,trailblazer-harmony,Trailblazer - The Harmony,开拓者 - 同谐,Amplifier,support,辅助,T0.5,10,"Break, Buff",,2026-03-06,3.8.2,Dominance of Netherveil,11.89,3673,ok,https://cdn.prydwen.gg/images/honkai-star-rail/characters/trailblazer-harmony_icon.webp
20260630,2026-06-30,as,末日幻影,trailblazer-harmony,Trailblazer - The Harmony,开拓者 - 同谐,Amplifier,support,辅助,T0.5,10,"Break, Buff",,2026-04-03,4.0.1,Militant Lupine,6.35,3469,ok,https://cdn.prydwen.gg/images/honkai-star-rail/characters/trailblazer-harmony_icon.webp
20260630,2026-06-30,as,末日幻影,trailblazer-harmony,Trailblazer - The Harmony,开拓者 - 同谐,Amplifier,support,辅助,T0.5,10,"Break, Buff",,2026-04-19,4.0.1,Militant Lupine,6.34,3467,ok,https://cdn.prydwen.gg/images/honkai-star-rail/characters/trailblazer-harmony_icon.webp
20260630,2026-06-30,as,末日幻影,trailblazer-harmony,Trailblazer - The Harmony,开拓者 - 同谐,Amplifier,support,辅助,T0.5,10,"Break, Buff",,2026-05-02,4.2.1,Idol of the Locusts,8.23,3567,ok,https://cdn.prydwen.gg/images/honkai-star-rail/characters/trailblazer-harmony_icon.webp
20260630,2026-06-30,as,末日幻影,trailblazer-harmony,Trailblazer - The Harmony,开拓者 - 同谐,Amplifier,support,辅助,T0.5,10,"Break, Buff",,2026-05-16,4.2.1,Idol of the Locusts,7.83,3548,ok,https://cdn.prydwen.gg/images/honkai-star-rail/characters/trailblazer-harmony_icon.webp
20260630,2026-06-30,as,末日幻影,trailblazer-harmony,Trailblazer - The Harmony,开拓者 - 同谐,Amplifier,support,辅助,T0.5,10,"Break, Buff",,2026-05-29,4.2.1,Idol of the Locusts,7.63,3549,ok,https://cdn.prydwen.gg/images/honkai-star-rail/characters/trailblazer-harmony_icon.webp
20260630,2026-06-30,as,末日幻影,trailblazer-harmony,Trailblazer - The Harmony,开拓者 - 同谐,Amplifier,support,辅助,T0.5,10,"Break, Buff",,2026-06-11,4.3.1,Gale of Forgetting,6.94,3408,ok,https://cdn.prydwen.gg/images/honkai-star-rail/characters/trailblazer-harmony_icon.webp
20260630,2026-06-30,as,末日幻影,trailblazer-harmony,Trailblazer - The Harmony,开拓者 - 同谐,Amplifier,support,辅助,T0.5,10,"Break, Buff",,2026-06-25,4.3.1,Gale of Forgetting,6.77,3419,ok,https://cdn.prydwen.gg/images/honkai-star-rail/characters/trailblazer-harmony_icon.webp
20260630,2026-06-30,moc,混沌回忆,trailblazer-remembrance,Trailblazer - Remembrance,开拓者•记忆,Amplifier,support,辅助,T0.5,10,"Advance, Buff",,2026-02-22,3.8.1,Breached Nest,20.54,8.46,ok,https://cdn.prydwen.gg/images/honkai-star-rail/characters/trailblazer-remembrance_icon.webp
20260630,2026-06-30,moc,混沌回忆,trailblazer-remembrance,Trailblazer - Remembrance,开拓者•记忆,Amplifier,support,辅助,T0.5,10,"Advance, Buff",,2026-03-06,4.0.1,Cyber Mystery,17.1,7.39,ok,https://cdn.prydwen.gg/images/honkai-star-rail/characters/trailblazer-remembrance_icon.webp
20260630,2026-06-30,moc,混沌回忆,trailblazer-remembrance,Trailblazer - Remembrance,开拓者•记忆,Amplifier,support,辅助,T0.5,10,"Advance, Buff",,2026-04-03,4.0.1,Cyber Mystery,17.67,7.62,ok,https://cdn.prydwen.gg/images/honkai-star-rail/characters/trailblazer-remembrance_icon.webp
20260630,2026-06-30,moc,混沌回忆,trailblazer-remembrance,Trailblazer - Remembrance,开拓者•记忆,Amplifier,support,辅助,T0.5,10,"Advance, Buff",,2026-04-19,4.1.1,Grand Finale,20.32,7.08,ok,https://cdn.prydwen.gg/images/honkai-star-rail/characters/trailblazer-remembrance_icon.webp
20260630,2026-06-30,moc,混沌回忆,trailblazer-remembrance,Trailblazer - Remembrance,开拓者•记忆,Amplifier,support,辅助,T0.5,10,"Advance, Buff",,2026-05-02,4.1.1,Grand Finale,17.58,7.03,ok,https://cdn.prydwen.gg/images/honkai-star-rail/characters/trailblazer-remembrance_icon.webp
20260630,2026-06-30,moc,混沌回忆,trailblazer-remembrance,Trailblazer - Remembrance,开拓者•记忆,Amplifier,support,辅助,T0.5,10,"Advance, Buff",,2026-05-16,4.1.1,Grand Finale,16.52,7.1,ok,https://cdn.prydwen.gg/images/honkai-star-rail/characters/trailblazer-remembrance_icon.webp
20260630,2026-06-30,moc,混沌回忆,trailblazer-remembrance,Trailblazer - Remembrance,开拓者•记忆,Amplifier,support,辅助,T0.5,10,"Advance, Buff",,2026-05-29,4.2.1,Duty Action,6.32,8.42,ok,https://cdn.prydwen.gg/images/honkai-star-rail/characters/trailblazer-remembrance_icon.webp
20260630,2026-06-30,moc,混沌回忆,trailblazer-remembrance,Trailblazer - Remembrance,开拓者•记忆,Amplifier,support,辅助,T0.5,10,"Advance, Buff",,2026-06-11,4.2.1,Duty Action,7.78,8.78,ok,https://cdn.prydwen.gg/images/honkai-star-rail/characters/trailblazer-remembrance_icon.webp
20260630,2026-06-30,moc,混沌回忆,trailblazer-remembrance,Trailblazer - Remembrance,开拓者•记忆,Amplifier,support,辅助,T0.5,10,"Advance, Buff",,2026-06-25,4.2.1,Duty Action,7.8,8.57,ok,https://cdn.prydwen.gg/images/honkai-star-rail/characters/trailblazer-remembrance_icon.webp
20260630,2026-06-30,pf,虚构叙事,trailblazer-remembrance,Trailblazer - Remembrance,开拓者•记忆,Amplifier,support,辅助,T0,11,"Advance, Buff",,2026-02-22,4.0.1,Wordless Novel,22.29,37120,ok,https://cdn.prydwen.gg/images/honkai-star-rail/characters/trailblazer-remembrance_icon.webp
20260630,2026-06-30,pf,虚构叙事,trailblazer-remembrance,Trailblazer - Remembrance,开拓者•记忆,Amplifier,support,辅助,T0,11,"Advance, Buff",,2026-03-06,4.0.1,Wordless Novel,23.04,35402,ok,https://cdn.prydwen.gg/images/honkai-star-rail/characters/trailblazer-remembrance_icon.webp
20260630,2026-06-30,pf,虚构叙事,trailblazer-remembrance,Trailblazer - Remembrance,开拓者•记忆,Amplifier,support,辅助,T0,11,"Advance, Buff",,2026-04-03,4.1.1,Virtual Made Manifest,20.39,34304,ok,https://cdn.prydwen.gg/images/honkai-star-rail/characters/trailblazer-remembrance_icon.webp
20260630,2026-06-30,pf,虚构叙事,trailblazer-remembrance,Trailblazer - Remembrance,开拓者•记忆,Amplifier,support,辅助,T0,11,"Advance, Buff",,2026-04-19,4.1.1,Virtual Made Manifest,20.81,34115,ok,https://cdn.prydwen.gg/images/honkai-star-rail/characters/trailblazer-remembrance_icon.webp
20260630,2026-06-30,pf,虚构叙事,trailblazer-remembrance,Trailblazer - Remembrance,开拓者•记忆,Amplifier,support,辅助,T0,11,"Advance, Buff",,2026-05-02,4.1.1,Virtual Made Manifest,19.5,33988,ok,https://cdn.prydwen.gg/images/honkai-star-rail/characters/trailblazer-remembrance_icon.webp
20260630,2026-06-30,pf,虚构叙事,trailblazer-remembrance,Trailblazer - Remembrance,开拓者•记忆,Amplifier,support,辅助,T0,11,"Advance, Buff",,2026-05-16,4.2.1,Illusory Concepts,11.74,34015,ok,https://cdn.prydwen.gg/images/honkai-star-rail/characters/trailblazer-remembrance_icon.webp
20260630,2026-06-30,pf,虚构叙事,trailblazer-remembrance,Trailblazer - Remembrance,开拓者•记忆,Amplifier,support,辅助,T0,11,"Advance, Buff",,2026-05-29,4.2.1,Illusory Concepts,11.23,34031,ok,https://cdn.prydwen.gg/images/honkai-star-rail/characters/trailblazer-remembrance_icon.webp
20260630,2026-06-30,pf,虚构叙事,trailblazer-remembrance,Trailblazer - Remembrance,开拓者•记忆,Amplifier,support,辅助,T0,11,"Advance, Buff",,2026-06-11,4.2.1,Illusory Concepts,11.58,34015,ok,https://cdn.prydwen.gg/images/honkai-star-rail/characters/trailblazer-remembrance_icon.webp
20260630,2026-06-30,pf,虚构叙事,trailblazer-remembrance,Trailblazer - Remembrance,开拓者•记忆,Amplifier,support,辅助,T0,11,"Advance, Buff",,2026-06-25,4.3.1,Falsehood to Fact,15.72,36235,ok,https://cdn.prydwen.gg/images/honkai-star-rail/characters/trailblazer-remembrance_icon.webp
20260630,2026-06-30,as,末日幻影,trailblazer-remembrance,Trailblazer - Remembrance,开拓者•记忆,Amplifier,support,辅助,T0.5,10,"Advance, Buff",down,2026-02-22,3.8.2,Dominance of Netherveil,27.29,3524,ok,https://cdn.prydwen.gg/images/honkai-star-rail/characters/trailblazer-remembrance_icon.webp
20260630,2026-06-30,as,末日幻影,trailblazer-remembrance,Trailblazer - Remembrance,开拓者•记忆,Amplifier,support,辅助,T0.5,10,"Advance, Buff",down,2026-03-06,3.8.2,Dominance of Netherveil,27.3,3485,ok,https://cdn.prydwen.gg/images/honkai-star-rail/characters/trailblazer-remembrance_icon.webp
20260630,2026-06-30,as,末日幻影,trailblazer-remembrance,Trailblazer - Remembrance,开拓者•记忆,Amplifier,support,辅助,T0.5,10,"Advance, Buff",down,2026-04-03,4.0.1,Militant Lupine,15.87,3430,ok,https://cdn.prydwen.gg/images/honkai-star-rail/characters/trailblazer-remembrance_icon.webp
20260630,2026-06-30,as,末日幻影,trailblazer-remembrance,Trailblazer - Remembrance,开拓者•记忆,Amplifier,support,辅助,T0.5,10,"Advance, Buff",down,2026-04-19,4.0.1,Militant Lupine,16.28,3422,ok,https://cdn.prydwen.gg/images/honkai-star-rail/characters/trailblazer-remembrance_icon.webp
20260630,2026-06-30,as,末日幻影,trailblazer-remembrance,Trailblazer - Remembrance,开拓者•记忆,Amplifier,support,辅助,T0.5,10,"Advance, Buff",down,2026-05-02,4.2.1,Idol of the Locusts,12.75,3346,ok,https://cdn.prydwen.gg/images/honkai-star-rail/characters/trailblazer-remembrance_icon.webp
20260630,2026-06-30,as,末日幻影,trailblazer-remembrance,Trailblazer - Remembrance,开拓者•记忆,Amplifier,support,辅助,T0.5,10,"Advance, Buff",down,2026-05-16,4.2.1,Idol of the Locusts,12.4,3336,ok,https://cdn.prydwen.gg/images/honkai-star-rail/characters/trailblazer-remembrance_icon.webp
20260630,2026-06-30,as,末日幻影,trailblazer-remembrance,Trailblazer - Remembrance,开拓者•记忆,Amplifier,support,辅助,T0.5,10,"Advance, Buff",down,2026-05-29,4.2.1,Idol of the Locusts,12.2,3332,ok,https://cdn.prydwen.gg/images/honkai-star-rail/characters/trailblazer-remembrance_icon.webp
20260630,2026-06-30,as,末日幻影,trailblazer-remembrance,Trailblazer - Remembrance,开拓者•记忆,Amplifier,support,辅助,T0.5,10,"Advance, Buff",down,2026-06-11,4.3.1,Gale of Forgetting,15.72,3350,ok,https://cdn.prydwen.gg/images/honkai-star-rail/characters/trailblazer-remembrance_icon.webp
20260630,2026-06-30,as,末日幻影,trailblazer-remembrance,Trailblazer - Remembrance,开拓者•记忆,Amplifier,support,辅助,T0.5,10,"Advance, Buff",down,2026-06-25,4.3.1,Gale of Forgetting,15.64,3352,ok,https://cdn.prydwen.gg/images/honkai-star-rail/characters/trailblazer-remembrance_icon.webp
20260630,2026-06-30,moc,混沌回忆,tribbie,Tribbie,缇宝,Amplifier,support,辅助,T0.5,10,Buff,,2026-02-22,3.8.1,Breached Nest,29.86,8.32,ok,https://cdn.prydwen.gg/images/honkai-star-rail/characters/tribbie_icon.webp
20260630,2026-06-30,moc,混沌回忆,tribbie,Tribbie,缇宝,Amplifier,support,辅助,T0.5,10,Buff,,2026-03-06,4.0.1,Cyber Mystery,23.46,7.41,ok,https://cdn.prydwen.gg/images/honkai-star-rail/characters/tribbie_icon.webp
20260630,2026-06-30,moc,混沌回忆,tribbie,Tribbie,缇宝,Amplifier,support,辅助,T0.5,10,Buff,,2026-04-03,4.0.1,Cyber Mystery,24.01,7.33,ok,https://cdn.prydwen.gg/images/honkai-star-rail/characters/tribbie_icon.webp
20260630,2026-06-30,moc,混沌回忆,tribbie,Tribbie,缇宝,Amplifier,support,辅助,T0.5,10,Buff,,2026-04-19,4.1.1,Grand Finale,29.82,7.04,ok,https://cdn.prydwen.gg/images/honkai-star-rail/characters/tribbie_icon.webp
20260630,2026-06-30,moc,混沌回忆,tribbie,Tribbie,缇宝,Amplifier,support,辅助,T0.5,10,Buff,,2026-05-02,4.1.1,Grand Finale,28.09,6.96,ok,https://cdn.prydwen.gg/images/honkai-star-rail/characters/tribbie_icon.webp
20260630,2026-06-30,moc,混沌回忆,tribbie,Tribbie,缇宝,Amplifier,support,辅助,T0.5,10,Buff,,2026-05-16,4.1.1,Grand Finale,27.96,6.94,ok,https://cdn.prydwen.gg/images/honkai-star-rail/characters/tribbie_icon.webp
20260630,2026-06-30,moc,混沌回忆,tribbie,Tribbie,缇宝,Amplifier,support,辅助,T0.5,10,Buff,,2026-05-29,4.2.1,Duty Action,16.75,8.6,ok,https://cdn.prydwen.gg/images/honkai-star-rail/characters/tribbie_icon.webp
20260630,2026-06-30,moc,混沌回忆,tribbie,Tribbie,缇宝,Amplifier,support,辅助,T0.5,10,Buff,,2026-06-11,4.2.1,Duty Action,23.42,8.62,ok,https://cdn.prydwen.gg/images/honkai-star-rail/characters/tribbie_icon.webp
20260630,2026-06-30,moc,混沌回忆,tribbie,Tribbie,缇宝,Amplifier,support,辅助,T0.5,10,Buff,,2026-06-25,4.2.1,Duty Action,23.96,8.52,ok,https://cdn.prydwen.gg/images/honkai-star-rail/characters/tribbie_icon.webp
20260630,2026-06-30,pf,虚构叙事,tribbie,Tribbie,缇宝,Amplifier,support,辅助,T0,11,Buff,,2026-02-22,4.0.1,Wordless Novel,38.69,34804,ok,https://cdn.prydwen.gg/images/honkai-star-rail/characters/tribbie_icon.webp
20260630,2026-06-30,pf,虚构叙事,tribbie,Tribbie,缇宝,Amplifier,support,辅助,T0,11,Buff,,2026-03-06,4.0.1,Wordless Novel,38.55,34758,ok,https://cdn.prydwen.gg/images/honkai-star-rail/characters/tribbie_icon.webp
20260630,2026-06-30,pf,虚构叙事,tribbie,Tribbie,缇宝,Amplifier,support,辅助,T0,11,Buff,,2026-04-03,4.1.1,Virtual Made Manifest,35.12,32860,ok,https://cdn.prydwen.gg/images/honkai-star-rail/characters/tribbie_icon.webp
20260630,2026-06-30,pf,虚构叙事,tribbie,Tribbie,缇宝,Amplifier,support,辅助,T0,11,Buff,,2026-04-19,4.1.1,Virtual Made Manifest,35.09,32923,ok,https://cdn.prydwen.gg/images/honkai-star-rail/characters/tribbie_icon.webp
20260630,2026-06-30,pf,虚构叙事,tribbie,Tribbie,缇宝,Amplifier,support,辅助,T0,11,Buff,,2026-05-02,4.1.1,Virtual Made Manifest,33.53,32907,ok,https://cdn.prydwen.gg/images/honkai-star-rail/characters/tribbie_icon.webp
20260630,2026-06-30,pf,虚构叙事,tribbie,Tribbie,缇宝,Amplifier,support,辅助,T0,11,Buff,,2026-05-16,4.2.1,Illusory Concepts,30.75,33055,ok,https://cdn.prydwen.gg/images/honkai-star-rail/characters/tribbie_icon.webp
20260630,2026-06-30,pf,虚构叙事,tribbie,Tribbie,缇宝,Amplifier,support,辅助,T0,11,Buff,,2026-05-29,4.2.1,Illusory Concepts,31.44,33029,ok,https://cdn.prydwen.gg/images/honkai-star-rail/characters/tribbie_icon.webp
20260630,2026-06-30,pf,虚构叙事,tribbie,Tribbie,缇宝,Amplifier,support,辅助,T0,11,Buff,,2026-06-11,4.2.1,Illusory Concepts,33.92,33412,ok,https://cdn.prydwen.gg/images/honkai-star-rail/characters/tribbie_icon.webp
20260630,2026-06-30,pf,虚构叙事,tribbie,Tribbie,缇宝,Amplifier,support,辅助,T0,11,Buff,,2026-06-25,4.3.1,Falsehood to Fact,49.92,34461,ok,https://cdn.prydwen.gg/images/honkai-star-rail/characters/tribbie_icon.webp
20260630,2026-06-30,as,末日幻影,tribbie,Tribbie,缇宝,Amplifier,support,辅助,T0.5,10,Buff,,2026-02-22,3.8.2,Dominance of Netherveil,30.93,3457,ok,https://cdn.prydwen.gg/images/honkai-star-rail/characters/tribbie_icon.webp
20260630,2026-06-30,as,末日幻影,tribbie,Tribbie,缇宝,Amplifier,support,辅助,T0.5,10,Buff,,2026-03-06,3.8.2,Dominance of Netherveil,30.82,3448,ok,https://cdn.prydwen.gg/images/honkai-star-rail/characters/tribbie_icon.webp
20260630,2026-06-30,as,末日幻影,tribbie,Tribbie,缇宝,Amplifier,support,辅助,T0.5,10,Buff,,2026-04-03,4.0.1,Militant Lupine,26.17,3412,ok,https://cdn.prydwen.gg/images/honkai-star-rail/characters/tribbie_icon.webp
20260630,2026-06-30,as,末日幻影,tribbie,Tribbie,缇宝,Amplifier,support,辅助,T0.5,10,Buff,,2026-04-19,4.0.1,Militant Lupine,26.36,3408,ok,https://cdn.prydwen.gg/images/honkai-star-rail/characters/tribbie_icon.webp
20260630,2026-06-30,as,末日幻影,tribbie,Tribbie,缇宝,Amplifier,support,辅助,T0.5,10,Buff,,2026-05-02,4.2.1,Idol of the Locusts,24.61,3328,ok,https://cdn.prydwen.gg/images/honkai-star-rail/characters/tribbie_icon.webp
20260630,2026-06-30,as,末日幻影,tribbie,Tribbie,缇宝,Amplifier,support,辅助,T0.5,10,Buff,,2026-05-16,4.2.1,Idol of the Locusts,25.15,3324,ok,https://cdn.prydwen.gg/images/honkai-star-rail/characters/tribbie_icon.webp
20260630,2026-06-30,as,末日幻影,tribbie,Tribbie,缇宝,Amplifier,support,辅助,T0.5,10,Buff,,2026-05-29,4.2.1,Idol of the Locusts,25.62,3323,ok,https://cdn.prydwen.gg/images/honkai-star-rail/characters/tribbie_icon.webp
20260630,2026-06-30,as,末日幻影,tribbie,Tribbie,缇宝,Amplifier,support,辅助,T0.5,10,Buff,,2026-06-11,4.3.1,Gale of Forgetting,40.01,3412,ok,https://cdn.prydwen.gg/images/honkai-star-rail/characters/tribbie_icon.webp
20260630,2026-06-30,as,末日幻影,tribbie,Tribbie,缇宝,Amplifier,support,辅助,T0.5,10,Buff,,2026-06-25,4.3.1,Gale of Forgetting,39.86,3410,ok,https://cdn.prydwen.gg/images/honkai-star-rail/characters/tribbie_icon.webp
20260630,2026-06-30,moc,混沌回忆,welt,Welt,瓦尔特,Amplifier,support,辅助,T1,9,"Debuff, Delay",,2026-02-22,3.8.1,Breached Nest,0.0,99.99,ok,https://cdn.prydwen.gg/images/honkai-star-rail/characters/welt_icon.webp
20260630,2026-06-30,moc,混沌回忆,welt,Welt,瓦尔特,Amplifier,support,辅助,T1,9,"Debuff, Delay",,2026-03-06,4.0.1,Cyber Mystery,0.01,99.99,ok,https://cdn.prydwen.gg/images/honkai-star-rail/characters/welt_icon.webp
20260630,2026-06-30,moc,混沌回忆,welt,Welt,瓦尔特,Amplifier,support,辅助,T1,9,"Debuff, Delay",,2026-04-03,4.0.1,Cyber Mystery,0.0,99.99,ok,https://cdn.prydwen.gg/images/honkai-star-rail/characters/welt_icon.webp
20260630,2026-06-30,moc,混沌回忆,welt,Welt,瓦尔特,Amplifier,support,辅助,T1,9,"Debuff, Delay",,2026-04-19,4.1.1,Grand Finale,0.02,99.99,ok,https://cdn.prydwen.gg/images/honkai-star-rail/characters/welt_icon.webp
20260630,2026-06-30,moc,混沌回忆,welt,Welt,瓦尔特,Amplifier,support,辅助,T1,9,"Debuff, Delay",,2026-05-02,4.1.1,Grand Finale,1.63,5.71,ok,https://cdn.prydwen.gg/images/honkai-star-rail/characters/welt_icon.webp
20260630,2026-06-30,moc,混沌回忆,welt,Welt,瓦尔特,Amplifier,support,辅助,T1,9,"Debuff, Delay",,2026-05-16,4.1.1,Grand Finale,1.81,5.68,ok,https://cdn.prydwen.gg/images/honkai-star-rail/characters/welt_icon.webp
20260630,2026-06-30,moc,混沌回忆,welt,Welt,瓦尔特,Amplifier,support,辅助,T1,9,"Debuff, Delay",,2026-05-29,4.2.1,Duty Action,1.65,8.3,ok,https://cdn.prydwen.gg/images/honkai-star-rail/characters/welt_icon.webp
20260630,2026-06-30,moc,混沌回忆,welt,Welt,瓦尔特,Amplifier,support,辅助,T1,9,"Debuff, Delay",,2026-06-11,4.2.1,Duty Action,2.35,8.0,ok,https://cdn.prydwen.gg/images/honkai-star-rail/characters/welt_icon.webp
20260630,2026-06-30,moc,混沌回忆,welt,Welt,瓦尔特,Amplifier,support,辅助,T1,9,"Debuff, Delay",,2026-06-25,4.2.1,Duty Action,2.41,7.9,ok,https://cdn.prydwen.gg/images/honkai-star-rail/characters/welt_icon.webp
20260630,2026-06-30,pf,虚构叙事,welt,Welt,瓦尔特,Amplifier,support,辅助,T2,7,"Debuff, Delay",,2026-02-22,4.0.1,Wordless Novel,0.02,0,ok,https://cdn.prydwen.gg/images/honkai-star-rail/characters/welt_icon.webp
20260630,2026-06-30,pf,虚构叙事,welt,Welt,瓦尔特,Amplifier,support,辅助,T2,7,"Debuff, Delay",,2026-03-06,4.0.1,Wordless Novel,0.02,0,ok,https://cdn.prydwen.gg/images/honkai-star-rail/characters/welt_icon.webp
20260630,2026-06-30,pf,虚构叙事,welt,Welt,瓦尔特,Amplifier,support,辅助,T2,7,"Debuff, Delay",,2026-04-03,4.1.1,Virtual Made Manifest,0.03,0,ok,https://cdn.prydwen.gg/images/honkai-star-rail/characters/welt_icon.webp
20260630,2026-06-30,pf,虚构叙事,welt,Welt,瓦尔特,Amplifier,support,辅助,T2,7,"Debuff, Delay",,2026-04-19,4.1.1,Virtual Made Manifest,0.02,0,ok,https://cdn.prydwen.gg/images/honkai-star-rail/characters/welt_icon.webp
20260630,2026-06-30,pf,虚构叙事,welt,Welt,瓦尔特,Amplifier,support,辅助,T2,7,"Debuff, Delay",,2026-05-02,4.1.1,Virtual Made Manifest,0.22,31403,ok,https://cdn.prydwen.gg/images/honkai-star-rail/characters/welt_icon.webp
20260630,2026-06-30,pf,虚构叙事,welt,Welt,瓦尔特,Amplifier,support,辅助,T2,7,"Debuff, Delay",,2026-05-16,4.2.1,Illusory Concepts,0.73,26845,ok,https://cdn.prydwen.gg/images/honkai-star-rail/characters/welt_icon.webp
20260630,2026-06-30,pf,虚构叙事,welt,Welt,瓦尔特,Amplifier,support,辅助,T2,7,"Debuff, Delay",,2026-05-29,4.2.1,Illusory Concepts,0.66,27223,ok,https://cdn.prydwen.gg/images/honkai-star-rail/characters/welt_icon.webp
20260630,2026-06-30,pf,虚构叙事,welt,Welt,瓦尔特,Amplifier,support,辅助,T2,7,"Debuff, Delay",,2026-06-11,4.2.1,Illusory Concepts,0.7,27150,ok,https://cdn.prydwen.gg/images/honkai-star-rail/characters/welt_icon.webp
20260630,2026-06-30,pf,虚构叙事,welt,Welt,瓦尔特,Amplifier,support,辅助,T2,7,"Debuff, Delay",,2026-06-25,4.3.1,Falsehood to Fact,3.38,28376,ok,https://cdn.prydwen.gg/images/honkai-star-rail/characters/welt_icon.webp
20260630,2026-06-30,as,末日幻影,welt,Welt,瓦尔特,Amplifier,support,辅助,T1,9,"Debuff, Delay",,2026-02-22,3.8.2,Dominance of Netherveil,0.01,0,ok,https://cdn.prydwen.gg/images/honkai-star-rail/characters/welt_icon.webp
20260630,2026-06-30,as,末日幻影,welt,Welt,瓦尔特,Amplifier,support,辅助,T1,9,"Debuff, Delay",,2026-03-06,3.8.2,Dominance of Netherveil,0.01,0,ok,https://cdn.prydwen.gg/images/honkai-star-rail/characters/welt_icon.webp
20260630,2026-06-30,as,末日幻影,welt,Welt,瓦尔特,Amplifier,support,辅助,T1,9,"Debuff, Delay",,2026-04-03,4.0.1,Militant Lupine,0.01,0,ok,https://cdn.prydwen.gg/images/honkai-star-rail/characters/welt_icon.webp
20260630,2026-06-30,as,末日幻影,welt,Welt,瓦尔特,Amplifier,support,辅助,T1,9,"Debuff, Delay",,2026-04-19,4.0.1,Militant Lupine,0.01,0,ok,https://cdn.prydwen.gg/images/honkai-star-rail/characters/welt_icon.webp
20260630,2026-06-30,as,末日幻影,welt,Welt,瓦尔特,Amplifier,support,辅助,T1,9,"Debuff, Delay",,2026-05-02,4.2.1,Idol of the Locusts,1.06,3341,ok,https://cdn.prydwen.gg/images/honkai-star-rail/characters/welt_icon.webp
20260630,2026-06-30,as,末日幻影,welt,Welt,瓦尔特,Amplifier,support,辅助,T1,9,"Debuff, Delay",,2026-05-16,4.2.1,Idol of the Locusts,1.09,3320,ok,https://cdn.prydwen.gg/images/honkai-star-rail/characters/welt_icon.webp
20260630,2026-06-30,as,末日幻影,welt,Welt,瓦尔特,Amplifier,support,辅助,T1,9,"Debuff, Delay",,2026-05-29,4.2.1,Idol of the Locusts,1.11,3331,ok,https://cdn.prydwen.gg/images/honkai-star-rail/characters/welt_icon.webp
20260630,2026-06-30,as,末日幻影,welt,Welt,瓦尔特,Amplifier,support,辅助,T1,9,"Debuff, Delay",,2026-06-11,4.3.1,Gale of Forgetting,3.41,3396,ok,https://cdn.prydwen.gg/images/honkai-star-rail/characters/welt_icon.webp
20260630,2026-06-30,as,末日幻影,welt,Welt,瓦尔特,Amplifier,support,辅助,T1,9,"Debuff, Delay",,2026-06-25,4.3.1,Gale of Forgetting,3.5,3396,ok,https://cdn.prydwen.gg/images/honkai-star-rail/characters/welt_icon.webp
20260630,2026-06-30,moc,混沌回忆,yao-guang,Yao Guang,爻光,Amplifier,support,辅助,T0,11,SP-Friendly,,2026-02-22,3.8.1,Breached Nest,3.01,7.71,ok,https://cdn.prydwen.gg/images/honkai-star-rail/characters/yao-guang_icon.webp
20260630,2026-06-30,moc,混沌回忆,yao-guang,Yao Guang,爻光,Amplifier,support,辅助,T0,11,SP-Friendly,,2026-03-06,4.0.1,Cyber Mystery,23.25,5.84,ok,https://cdn.prydwen.gg/images/honkai-star-rail/characters/yao-guang_icon.webp
20260630,2026-06-30,moc,混沌回忆,yao-guang,Yao Guang,爻光,Amplifier,support,辅助,T0,11,SP-Friendly,,2026-04-03,4.0.1,Cyber Mystery,27.53,5.86,ok,https://cdn.prydwen.gg/images/honkai-star-rail/characters/yao-guang_icon.webp
20260630,2026-06-30,moc,混沌回忆,yao-guang,Yao Guang,爻光,Amplifier,support,辅助,T0,11,SP-Friendly,,2026-04-19,4.1.1,Grand Finale,28.56,6.02,ok,https://cdn.prydwen.gg/images/honkai-star-rail/characters/yao-guang_icon.webp
20260630,2026-06-30,moc,混沌回忆,yao-guang,Yao Guang,爻光,Amplifier,support,辅助,T0,11,SP-Friendly,,2026-05-02,4.1.1,Grand Finale,33.24,5.72,ok,https://cdn.prydwen.gg/images/honkai-star-rail/characters/yao-guang_icon.webp
20260630,2026-06-30,moc,混沌回忆,yao-guang,Yao Guang,爻光,Amplifier,support,辅助,T0,11,SP-Friendly,,2026-05-16,4.1.1,Grand Finale,35.88,5.66,ok,https://cdn.prydwen.gg/images/honkai-star-rail/characters/yao-guang_icon.webp
20260630,2026-06-30,moc,混沌回忆,yao-guang,Yao Guang,爻光,Amplifier,support,辅助,T0,11,SP-Friendly,,2026-05-29,4.2.1,Duty Action,51.48,7.47,ok,https://cdn.prydwen.gg/images/honkai-star-rail/characters/yao-guang_icon.webp
20260630,2026-06-30,moc,混沌回忆,yao-guang,Yao Guang,爻光,Amplifier,support,辅助,T0,11,SP-Friendly,,2026-06-11,4.2.1,Duty Action,66.64,7.58,ok,https://cdn.prydwen.gg/images/honkai-star-rail/characters/yao-guang_icon.webp
20260630,2026-06-30,moc,混沌回忆,yao-guang,Yao Guang,爻光,Amplifier,support,辅助,T0,11,SP-Friendly,,2026-06-25,4.2.1,Duty Action,66.93,7.6,ok,https://cdn.prydwen.gg/images/honkai-star-rail/characters/yao-guang_icon.webp
20260630,2026-06-30,pf,虚构叙事,yao-guang,Yao Guang,爻光,Amplifier,support,辅助,T0,11,SP-Friendly,,2026-02-22,4.0.1,Wordless Novel,15.47,30803,ok,https://cdn.prydwen.gg/images/honkai-star-rail/characters/yao-guang_icon.webp
20260630,2026-06-30,pf,虚构叙事,yao-guang,Yao Guang,爻光,Amplifier,support,辅助,T0,11,SP-Friendly,,2026-03-06,4.0.1,Wordless Novel,17.3,31961,ok,https://cdn.prydwen.gg/images/honkai-star-rail/characters/yao-guang_icon.webp
20260630,2026-06-30,pf,虚构叙事,yao-guang,Yao Guang,爻光,Amplifier,support,辅助,T0,11,SP-Friendly,,2026-04-03,4.1.1,Virtual Made Manifest,31.9,34125,ok,https://cdn.prydwen.gg/images/honkai-star-rail/characters/yao-guang_icon.webp
20260630,2026-06-30,pf,虚构叙事,yao-guang,Yao Guang,爻光,Amplifier,support,辅助,T0,11,SP-Friendly,,2026-04-19,4.1.1,Virtual Made Manifest,31.39,33932,ok,https://cdn.prydwen.gg/images/honkai-star-rail/characters/yao-guang_icon.webp
20260630,2026-06-30,pf,虚构叙事,yao-guang,Yao Guang,爻光,Amplifier,support,辅助,T0,11,SP-Friendly,,2026-05-02,4.1.1,Virtual Made Manifest,33.46,34302,ok,https://cdn.prydwen.gg/images/honkai-star-rail/characters/yao-guang_icon.webp
20260630,2026-06-30,pf,虚构叙事,yao-guang,Yao Guang,爻光,Amplifier,support,辅助,T0,11,SP-Friendly,,2026-05-16,4.2.1,Illusory Concepts,53.17,36067,ok,https://cdn.prydwen.gg/images/honkai-star-rail/characters/yao-guang_icon.webp
20260630,2026-06-30,pf,虚构叙事,yao-guang,Yao Guang,爻光,Amplifier,support,辅助,T0,11,SP-Friendly,,2026-05-29,4.2.1,Illusory Concepts,54.13,35966,ok,https://cdn.prydwen.gg/images/honkai-star-rail/characters/yao-guang_icon.webp
20260630,2026-06-30,pf,虚构叙事,yao-guang,Yao Guang,爻光,Amplifier,support,辅助,T0,11,SP-Friendly,,2026-06-11,4.2.1,Illusory Concepts,56.78,35880,ok,https://cdn.prydwen.gg/images/honkai-star-rail/characters/yao-guang_icon.webp
20260630,2026-06-30,pf,虚构叙事,yao-guang,Yao Guang,爻光,Amplifier,support,辅助,T0,11,SP-Friendly,,2026-06-25,4.3.1,Falsehood to Fact,71.39,35198,ok,https://cdn.prydwen.gg/images/honkai-star-rail/characters/yao-guang_icon.webp
20260630,2026-06-30,as,末日幻影,yao-guang,Yao Guang,爻光,Amplifier,support,辅助,T0,11,SP-Friendly,,2026-02-22,3.8.2,Dominance of Netherveil,0.47,3383,ok,https://cdn.prydwen.gg/images/honkai-star-rail/characters/yao-guang_icon.webp
20260630,2026-06-30,as,末日幻影,yao-guang,Yao Guang,爻光,Amplifier,support,辅助,T0,11,SP-Friendly,,2026-03-06,3.8.2,Dominance of Netherveil,1.5,3487,ok,https://cdn.prydwen.gg/images/honkai-star-rail/characters/yao-guang_icon.webp
20260630,2026-06-30,as,末日幻影,yao-guang,Yao Guang,爻光,Amplifier,support,辅助,T0,11,SP-Friendly,,2026-04-03,4.0.1,Militant Lupine,40.35,3660,ok,https://cdn.prydwen.gg/images/honkai-star-rail/characters/yao-guang_icon.webp
20260630,2026-06-30,as,末日幻影,yao-guang,Yao Guang,爻光,Amplifier,support,辅助,T0,11,SP-Friendly,,2026-04-19,4.0.1,Militant Lupine,40.1,3657,ok,https://cdn.prydwen.gg/images/honkai-star-rail/characters/yao-guang_icon.webp
20260630,2026-06-30,as,末日幻影,yao-guang,Yao Guang,爻光,Amplifier,support,辅助,T0,11,SP-Friendly,,2026-05-02,4.2.1,Idol of the Locusts,49.71,3626,ok,https://cdn.prydwen.gg/images/honkai-star-rail/characters/yao-guang_icon.webp
20260630,2026-06-30,as,末日幻影,yao-guang,Yao Guang,爻光,Amplifier,support,辅助,T0,11,SP-Friendly,,2026-05-16,4.2.1,Idol of the Locusts,50.86,3622,ok,https://cdn.prydwen.gg/images/honkai-star-rail/characters/yao-guang_icon.webp
20260630,2026-06-30,as,末日幻影,yao-guang,Yao Guang,爻光,Amplifier,support,辅助,T0,11,SP-Friendly,,2026-05-29,4.2.1,Idol of the Locusts,51.01,3620,ok,https://cdn.prydwen.gg/images/honkai-star-rail/characters/yao-guang_icon.webp
20260630,2026-06-30,as,末日幻影,yao-guang,Yao Guang,爻光,Amplifier,support,辅助,T0,11,SP-Friendly,,2026-06-11,4.3.1,Gale of Forgetting,67.91,3618,ok,https://cdn.prydwen.gg/images/honkai-star-rail/characters/yao-guang_icon.webp
20260630,2026-06-30,as,末日幻影,yao-guang,Yao Guang,爻光,Amplifier,support,辅助,T0,11,SP-Friendly,,2026-06-25,4.3.1,Gale of Forgetting,68.25,3615,ok,https://cdn.prydwen.gg/images/honkai-star-rail/characters/yao-guang_icon.webp
