snapshot_id,collect_date,mode,mode_cn,sub_mode,sub_mode_cn,phase_ver,phase_name,start_date,end_date,character_slug,character_name_en,character_name_cn,role,rarity,app_rate,avg_score,sample,sample_players,cons_avg,char_level,w_engine_level,core_skill,source_kind,source_file,source_url,quality_flag
2.6.1,2026-02-17,da,危局强袭,1-1,首领 1,2.6.1,危局强袭 2.6.1,2026-02-13,2026-02-27,alice,Alice Thymefield,爱丽丝·泰姆菲尔德,异常主C,S,0.61,22154,1791,702,0.46,59.99,59.88,6.99,hf_builds,2.6.1/builds.json,https://huggingface.co/datasets/LvlUrArti/ShiyuDataProcessed/resolve/main/2.6.1/builds.json,ok
2.6.2,2026-03-10,da,危局强袭,1-1,首领 1,2.6.2,危局强袭 2.6.2,2026-02-27,2026-03-13,alice,Alice Thymefield,爱丽丝·泰姆菲尔德,异常主C,S,11.73,22198,1823,1044,0.45,60.0,59.84,7.0,hf_builds,2.6.2/builds.json,https://huggingface.co/datasets/LvlUrArti/ShiyuDataProcessed/resolve/main/2.6.2/builds.json,ok
2.7.1,2026-03-31,da,危局强袭,1-1,首领 1,2.7.1,危局强袭 2.7.1,2026-03-27,2026-04-10,alice,Alice Thymefield,爱丽丝·泰姆菲尔德,异常主C,S,5.85,22242,958,733,0.55,60.0,59.82,7.0,hf_builds,2.7.1/builds.json,https://huggingface.co/datasets/LvlUrArti/ShiyuDataProcessed/resolve/main/2.7.1/builds.json,ok
2.7.2,2026-04-21,da,危局强袭,1-1,首领 1,2.7.2,危局强袭 2.7.2,2026-04-10,2026-04-24,alice,Alice Thymefield,爱丽丝·泰姆菲尔德,异常主C,S,9.55,24349,1615,863,0.56,60.0,59.96,7.0,hf_builds,2.7.2/builds.json,https://huggingface.co/datasets/LvlUrArti/ShiyuDataProcessed/resolve/main/2.7.2/builds.json,ok
2.8.1,2026-05-11,da,危局强袭,1-1,首领 1,2.8.1,危局强袭 2.8.1,2026-05-08,2026-05-22,alice,Alice Thymefield,爱丽丝·泰姆菲尔德,异常主C,S,0.3,0,79,88,0.69,59.99,59.84,7.0,hf_builds,2.8.1/builds.json,https://huggingface.co/datasets/LvlUrArti/ShiyuDataProcessed/resolve/main/2.8.1/builds.json,ok
2.8.2,2026-06-02,da,危局强袭,1-1,首领 1,2.8.2,危局强袭 2.8.2,2026-05-22,2026-06-05,alice,Alice Thymefield,爱丽丝·泰姆菲尔德,异常主C,S,2.22,19695,1128,304,0.49,60.0,59.86,7.0,hf_builds,2.8.2/builds.json,https://huggingface.co/datasets/LvlUrArti/ShiyuDataProcessed/resolve/main/2.8.2/builds.json,ok
2.8.3,2026-06-15,da,危局强袭,1-1,首领 1,2.8.3,危局强袭 2.8.3,2026-06-05,2026-06-19,alice,Alice Thymefield,爱丽丝·泰姆菲尔德,异常主C,S,16.14,27237,2785,665,0.41,60.0,59.93,7.0,hf_builds,2.8.3/builds.json,https://huggingface.co/datasets/LvlUrArti/ShiyuDataProcessed/resolve/main/2.8.3/builds.json,ok
3.0.1,2026-06-21,da,危局强袭,1-1,首领 1,3.0.1,危局强袭 3.0.1,2026-06-19,2026-07-03,alice,Alice Thymefield,爱丽丝·泰姆菲尔德,异常主C,S,8.19,25851,1054,681,0.57,60.0,59.72,7.0,hf_builds,3.0.1/builds.json,https://huggingface.co/datasets/LvlUrArti/ShiyuDataProcessed/resolve/main/3.0.1/builds.json,ok
2.6.1,2026-02-17,da,危局强袭,1-1,首领 1,2.6.1,危局强袭 2.6.1,2026-02-13,2026-02-27,anby-demara,Anby Demara,安比·德玛拉,辅助,A,0.01,0,6,0,5.85,60.0,60.0,7.0,hf_builds,2.6.1/builds.json,https://huggingface.co/datasets/LvlUrArti/ShiyuDataProcessed/resolve/main/2.6.1/builds.json,ok
2.6.2,2026-03-10,da,危局强袭,1-1,首领 1,2.6.2,危局强袭 2.6.2,2026-02-27,2026-03-13,anby-demara,Anby Demara,安比·德玛拉,辅助,A,0.01,0,11,2,5.88,60.0,60.0,7.0,hf_builds,2.6.2/builds.json,https://huggingface.co/datasets/LvlUrArti/ShiyuDataProcessed/resolve/main/2.6.2/builds.json,ok
2.7.1,2026-03-31,da,危局强袭,1-1,首领 1,2.7.1,危局强袭 2.7.1,2026-03-27,2026-04-10,anby-demara,Anby Demara,安比·德玛拉,辅助,A,0.01,0,6,1,5.54,60.0,60.0,7.0,hf_builds,2.7.1/builds.json,https://huggingface.co/datasets/LvlUrArti/ShiyuDataProcessed/resolve/main/2.7.1/builds.json,ok
2.7.2,2026-04-21,da,危局强袭,1-1,首领 1,2.7.2,危局强袭 2.7.2,2026-04-10,2026-04-24,anby-demara,Anby Demara,安比·德玛拉,辅助,A,0.03,0,10,3,5.69,60.0,60.0,7.0,hf_builds,2.7.2/builds.json,https://huggingface.co/datasets/LvlUrArti/ShiyuDataProcessed/resolve/main/2.7.2/builds.json,ok
2.8.1,2026-05-11,da,危局强袭,1-1,首领 1,2.8.1,危局强袭 2.8.1,2026-05-08,2026-05-22,anby-demara,Anby Demara,安比·德玛拉,辅助,A,0.0,0,9,2,6.0,60.0,60.0,7.0,hf_builds,2.8.1/builds.json,https://huggingface.co/datasets/LvlUrArti/ShiyuDataProcessed/resolve/main/2.8.1/builds.json,ok
2.8.2,2026-06-02,da,危局强袭,1-1,首领 1,2.8.2,危局强袭 2.8.2,2026-05-22,2026-06-05,anby-demara,Anby Demara,安比·德玛拉,辅助,A,0.01,0,18,0,5.6,0.0,0.0,0.0,hf_builds,2.8.2/builds.json,https://huggingface.co/datasets/LvlUrArti/ShiyuDataProcessed/resolve/main/2.8.2/builds.json,ok
2.8.3,2026-06-15,da,危局强袭,1-1,首领 1,2.8.3,危局强袭 2.8.3,2026-06-05,2026-06-19,anby-demara,Anby Demara,安比·德玛拉,辅助,A,0.0,0,15,1,6.0,60.0,60.0,7.0,hf_builds,2.8.3/builds.json,https://huggingface.co/datasets/LvlUrArti/ShiyuDataProcessed/resolve/main/2.8.3/builds.json,ok
3.0.1,2026-06-21,da,危局强袭,1-1,首领 1,3.0.1,危局强袭 3.0.1,2026-06-19,2026-07-03,anby-demara,Anby Demara,安比·德玛拉,辅助,A,0.0,0,6,1,6.0,60.0,60.0,7.0,hf_builds,3.0.1/builds.json,https://huggingface.co/datasets/LvlUrArti/ShiyuDataProcessed/resolve/main/3.0.1/builds.json,ok
2.6.1,2026-02-17,da,危局强袭,1-1,首领 1,2.6.1,危局强袭 2.6.1,2026-02-13,2026-02-27,anby-demara-soldier-0,Soldier 0 - Anby,零号·安比,直伤主C,S,1.49,21803,608,307,0.31,59.99,59.73,7.0,hf_builds,2.6.1/builds.json,https://huggingface.co/datasets/LvlUrArti/ShiyuDataProcessed/resolve/main/2.6.1/builds.json,ok
2.6.2,2026-03-10,da,危局强袭,1-1,首领 1,2.6.2,危局强袭 2.6.2,2026-02-27,2026-03-13,anby-demara-soldier-0,Soldier 0 - Anby,零号·安比,直伤主C,S,0.3,21153,4765,2245,0.35,59.99,59.86,7.0,hf_builds,2.6.2/builds.json,https://huggingface.co/datasets/LvlUrArti/ShiyuDataProcessed/resolve/main/2.6.2/builds.json,ok
2.7.1,2026-03-31,da,危局强袭,1-1,首领 1,2.7.1,危局强袭 2.7.1,2026-03-27,2026-04-10,anby-demara-soldier-0,Soldier 0 - Anby,零号·安比,直伤主C,S,1.28,20659,442,433,1.03,60.0,59.93,7.0,hf_builds,2.7.1/builds.json,https://huggingface.co/datasets/LvlUrArti/ShiyuDataProcessed/resolve/main/2.7.1/builds.json,ok
2.7.2,2026-04-21,da,危局强袭,1-1,首领 1,2.7.2,危局强袭 2.7.2,2026-04-10,2026-04-24,anby-demara-soldier-0,Soldier 0 - Anby,零号·安比,直伤主C,S,0.26,21173,4988,2142,0.35,60.0,59.72,7.0,hf_builds,2.7.2/builds.json,https://huggingface.co/datasets/LvlUrArti/ShiyuDataProcessed/resolve/main/2.7.2/builds.json,ok
2.8.1,2026-05-11,da,危局强袭,1-1,首领 1,2.8.1,危局强袭 2.8.1,2026-05-08,2026-05-22,anby-demara-soldier-0,Soldier 0 - Anby,零号·安比,直伤主C,S,0.1,0,2282,1479,0.38,59.99,59.74,7.0,hf_builds,2.8.1/builds.json,https://huggingface.co/datasets/LvlUrArti/ShiyuDataProcessed/resolve/main/2.8.1/builds.json,ok
2.8.2,2026-06-02,da,危局强袭,1-1,首领 1,2.8.2,危局强袭 2.8.2,2026-05-22,2026-06-05,anby-demara-soldier-0,Soldier 0 - Anby,零号·安比,直伤主C,S,0.21,12982,251,84,0.4,60.0,59.88,7.0,hf_builds,2.8.2/builds.json,https://huggingface.co/datasets/LvlUrArti/ShiyuDataProcessed/resolve/main/2.8.2/builds.json,ok
2.8.3,2026-06-15,da,危局强袭,1-1,首领 1,2.8.3,危局强袭 2.8.3,2026-06-05,2026-06-19,anby-demara-soldier-0,Soldier 0 - Anby,零号·安比,直伤主C,S,0.02,0,3496,897,0.43,60.0,59.67,7.0,hf_builds,2.8.3/builds.json,https://huggingface.co/datasets/LvlUrArti/ShiyuDataProcessed/resolve/main/2.8.3/builds.json,ok
3.0.1,2026-06-21,da,危局强袭,1-1,首领 1,3.0.1,危局强袭 3.0.1,2026-06-19,2026-07-03,anby-demara-soldier-0,Soldier 0 - Anby,零号·安比,直伤主C,S,0.52,22172,181,195,0.74,60.0,59.8,7.0,hf_builds,3.0.1/builds.json,https://huggingface.co/datasets/LvlUrArti/ShiyuDataProcessed/resolve/main/3.0.1/builds.json,ok
2.6.1,2026-02-17,da,危局强袭,1-1,首领 1,2.6.1,危局强袭 2.6.1,2026-02-13,2026-02-27,anton,Anton Ivanov,安东·伊万诺夫,直伤主C,A,0.0,0,0,0,6.0,60.0,60.0,7.0,hf_builds,2.6.1/builds.json,https://huggingface.co/datasets/LvlUrArti/ShiyuDataProcessed/resolve/main/2.6.1/builds.json,ok
2.6.2,2026-03-10,da,危局强袭,1-1,首领 1,2.6.2,危局强袭 2.6.2,2026-02-27,2026-03-13,anton,Anton Ivanov,安东·伊万诺夫,直伤主C,A,0.01,0,15,11,6.0,60.0,60.0,7.0,hf_builds,2.6.2/builds.json,https://huggingface.co/datasets/LvlUrArti/ShiyuDataProcessed/resolve/main/2.6.2/builds.json,ok
2.7.1,2026-03-31,da,危局强袭,1-1,首领 1,2.7.1,危局强袭 2.7.1,2026-03-27,2026-04-10,anton,Anton Ivanov,安东·伊万诺夫,直伤主C,A,0.0,0,1,2,0.0,0.0,0.0,0.0,hf_builds,2.7.1/builds.json,https://huggingface.co/datasets/LvlUrArti/ShiyuDataProcessed/resolve/main/2.7.1/builds.json,ok
2.7.2,2026-04-21,da,危局强袭,1-1,首领 1,2.7.2,危局强袭 2.7.2,2026-04-10,2026-04-24,anton,Anton Ivanov,安东·伊万诺夫,直伤主C,A,0.01,0,6,2,6.0,60.0,60.0,7.0,hf_builds,2.7.2/builds.json,https://huggingface.co/datasets/LvlUrArti/ShiyuDataProcessed/resolve/main/2.7.2/builds.json,ok
2.8.1,2026-05-11,da,危局强袭,1-1,首领 1,2.8.1,危局强袭 2.8.1,2026-05-08,2026-05-22,anton,Anton Ivanov,安东·伊万诺夫,直伤主C,A,0.01,0,16,12,6.0,60.0,60.0,6.94,hf_builds,2.8.1/builds.json,https://huggingface.co/datasets/LvlUrArti/ShiyuDataProcessed/resolve/main/2.8.1/builds.json,ok
2.8.2,2026-06-02,da,危局强袭,1-1,首领 1,2.8.2,危局强袭 2.8.2,2026-05-22,2026-06-05,anton,Anton Ivanov,安东·伊万诺夫,直伤主C,A,0.01,0,5,0,6.0,60.0,60.0,7.0,hf_builds,2.8.2/builds.json,https://huggingface.co/datasets/LvlUrArti/ShiyuDataProcessed/resolve/main/2.8.2/builds.json,ok
2.8.3,2026-06-15,da,危局强袭,1-1,首领 1,2.8.3,危局强袭 2.8.3,2026-06-05,2026-06-19,anton,Anton Ivanov,安东·伊万诺夫,直伤主C,A,0.01,0,10,6,6.0,60.0,53.75,7.0,hf_builds,2.8.3/builds.json,https://huggingface.co/datasets/LvlUrArti/ShiyuDataProcessed/resolve/main/2.8.3/builds.json,ok
3.0.1,2026-06-21,da,危局强袭,1-1,首领 1,3.0.1,危局强袭 3.0.1,2026-06-19,2026-07-03,anton,Anton Ivanov,安东·伊万诺夫,直伤主C,A,0.0,0,0,0,6.0,60.0,60.0,7.0,hf_builds,3.0.1/builds.json,https://huggingface.co/datasets/LvlUrArti/ShiyuDataProcessed/resolve/main/3.0.1/builds.json,ok
2.6.2,2026-03-10,da,危局强袭,1-1,首领 1,2.6.2,危局强袭 2.6.2,2026-02-27,2026-03-13,aria,Aria,爱芮,异常主C,S,29.34,32967,4343,1786,0.14,59.98,59.82,6.96,hf_builds,2.6.2/builds.json,https://huggingface.co/datasets/LvlUrArti/ShiyuDataProcessed/resolve/main/2.6.2/builds.json,ok
2.7.1,2026-03-31,da,危局强袭,1-1,首领 1,2.7.1,危局强袭 2.7.1,2026-03-27,2026-04-10,aria,Aria,爱芮,异常主C,S,47.83,28927,6129,3212,0.13,60.0,59.79,6.99,hf_builds,2.7.1/builds.json,https://huggingface.co/datasets/LvlUrArti/ShiyuDataProcessed/resolve/main/2.7.1/builds.json,ok
2.7.2,2026-04-21,da,危局强袭,1-1,首领 1,2.7.2,危局强袭 2.7.2,2026-04-10,2026-04-24,aria,Aria,爱芮,异常主C,S,50.95,33655,8161,3364,0.11,60.0,59.82,6.99,hf_builds,2.7.2/builds.json,https://huggingface.co/datasets/LvlUrArti/ShiyuDataProcessed/resolve/main/2.7.2/builds.json,ok
2.8.1,2026-05-11,da,危局强袭,1-1,首领 1,2.8.1,危局强袭 2.8.1,2026-05-08,2026-05-22,aria,Aria,爱芮,异常主C,S,8.01,26324,1149,856,0.17,60.0,59.44,6.99,hf_builds,2.8.1/builds.json,https://huggingface.co/datasets/LvlUrArti/ShiyuDataProcessed/resolve/main/2.8.1/builds.json,ok
2.8.2,2026-06-02,da,危局强袭,1-1,首领 1,2.8.2,危局强袭 2.8.2,2026-05-22,2026-06-05,aria,Aria,爱芮,异常主C,S,0.59,25525,6813,1708,0.16,59.99,59.56,6.99,hf_builds,2.8.2/builds.json,https://huggingface.co/datasets/LvlUrArti/ShiyuDataProcessed/resolve/main/2.8.2/builds.json,ok
2.8.3,2026-06-15,da,危局强袭,1-1,首领 1,2.8.3,危局强袭 2.8.3,2026-06-05,2026-06-19,aria,Aria,爱芮,异常主C,S,14.45,30696,2462,678,0.25,60.0,59.86,7.0,hf_builds,2.8.3/builds.json,https://huggingface.co/datasets/LvlUrArti/ShiyuDataProcessed/resolve/main/2.8.3/builds.json,ok
3.0.1,2026-06-21,da,危局强袭,1-1,首领 1,3.0.1,危局强袭 3.0.1,2026-06-19,2026-07-03,aria,Aria,爱芮,异常主C,S,16.41,30024,2500,1463,0.27,60.0,59.71,7.0,hf_builds,3.0.1/builds.json,https://huggingface.co/datasets/LvlUrArti/ShiyuDataProcessed/resolve/main/3.0.1/builds.json,ok
2.6.1,2026-02-17,da,危局强袭,1-1,首领 1,2.6.1,危局强袭 2.6.1,2026-02-13,2026-02-27,astra-yao,Astra Yao,耀嘉音,辅助,S,13.39,28961,6227,1187,0.33,60.0,59.3,6.99,hf_builds,2.6.1/builds.json,https://huggingface.co/datasets/LvlUrArti/ShiyuDataProcessed/resolve/main/2.6.1/builds.json,ok
2.6.2,2026-03-10,da,危局强袭,1-1,首领 1,2.6.2,危局强袭 2.6.2,2026-02-27,2026-03-13,astra-yao,Astra Yao,耀嘉音,辅助,S,6.01,23455,7286,1839,0.38,60.0,59.56,6.99,hf_builds,2.6.2/builds.json,https://huggingface.co/datasets/LvlUrArti/ShiyuDataProcessed/resolve/main/2.6.2/builds.json,ok
2.7.1,2026-03-31,da,危局强袭,1-1,首领 1,2.7.1,危局强袭 2.7.1,2026-03-27,2026-04-10,astra-yao,Astra Yao,耀嘉音,辅助,S,5.05,22043,5549,1662,0.39,60.0,59.39,6.99,hf_builds,2.7.1/builds.json,https://huggingface.co/datasets/LvlUrArti/ShiyuDataProcessed/resolve/main/2.7.1/builds.json,ok
2.7.2,2026-04-21,da,危局强袭,1-1,首领 1,2.7.2,危局强袭 2.7.2,2026-04-10,2026-04-24,astra-yao,Astra Yao,耀嘉音,辅助,S,3.15,23486,7375,1514,0.4,60.0,59.63,7.0,hf_builds,2.7.2/builds.json,https://huggingface.co/datasets/LvlUrArti/ShiyuDataProcessed/resolve/main/2.7.2/builds.json,ok
2.8.1,2026-05-11,da,危局强袭,1-1,首领 1,2.8.1,危局强袭 2.8.1,2026-05-08,2026-05-22,astra-yao,Astra Yao,耀嘉音,辅助,S,5.01,23066,4765,1261,0.4,60.0,59.65,6.99,hf_builds,2.8.1/builds.json,https://huggingface.co/datasets/LvlUrArti/ShiyuDataProcessed/resolve/main/2.8.1/builds.json,ok
2.8.2,2026-06-02,da,危局强袭,1-1,首领 1,2.8.2,危局强袭 2.8.2,2026-05-22,2026-06-05,astra-yao,Astra Yao,耀嘉音,辅助,S,13.01,20104,5638,668,0.38,60.0,59.75,6.99,hf_builds,2.8.2/builds.json,https://huggingface.co/datasets/LvlUrArti/ShiyuDataProcessed/resolve/main/2.8.2/builds.json,ok
2.8.3,2026-06-15,da,危局强袭,1-1,首领 1,2.8.3,危局强袭 2.8.3,2026-06-05,2026-06-19,astra-yao,Astra Yao,耀嘉音,辅助,S,4.03,24532,6803,719,0.4,60.0,59.79,6.99,hf_builds,2.8.3/builds.json,https://huggingface.co/datasets/LvlUrArti/ShiyuDataProcessed/resolve/main/2.8.3/builds.json,ok
3.0.1,2026-06-21,da,危局强袭,1-1,首领 1,3.0.1,危局强袭 3.0.1,2026-06-19,2026-07-03,astra-yao,Astra Yao,耀嘉音,辅助,S,4.73,23396,5147,1353,0.4,60.0,59.63,6.99,hf_builds,3.0.1/builds.json,https://huggingface.co/datasets/LvlUrArti/ShiyuDataProcessed/resolve/main/3.0.1/builds.json,ok
2.6.1,2026-02-17,da,危局强袭,1-1,首领 1,2.6.1,危局强袭 2.6.1,2026-02-13,2026-02-27,banyue,Banyue,般岳,直伤主C,S,0.12,0,369,185,0.51,60.0,59.38,7.0,hf_builds,2.6.1/builds.json,https://huggingface.co/datasets/LvlUrArti/ShiyuDataProcessed/resolve/main/2.6.1/builds.json,ok
2.6.2,2026-03-10,da,危局强袭,1-1,首领 1,2.6.2,危局强袭 2.6.2,2026-02-27,2026-03-13,banyue,Banyue,般岳,直伤主C,S,0.0,0,1144,804,0.39,60.0,59.9,7.0,hf_builds,2.6.2/builds.json,https://huggingface.co/datasets/LvlUrArti/ShiyuDataProcessed/resolve/main/2.6.2/builds.json,ok
2.7.1,2026-03-31,da,危局强袭,1-1,首领 1,2.7.1,危局强袭 2.7.1,2026-03-27,2026-04-10,banyue,Banyue,般岳,直伤主C,S,0.0,0,314,314,0.59,60.0,59.75,7.0,hf_builds,2.7.1/builds.json,https://huggingface.co/datasets/LvlUrArti/ShiyuDataProcessed/resolve/main/2.7.1/builds.json,ok
2.7.2,2026-04-21,da,危局强袭,1-1,首领 1,2.7.2,危局强袭 2.7.2,2026-04-10,2026-04-24,banyue,Banyue,般岳,直伤主C,S,0.01,0,200,172,0.66,60.0,59.98,7.0,hf_builds,2.7.2/builds.json,https://huggingface.co/datasets/LvlUrArti/ShiyuDataProcessed/resolve/main/2.7.2/builds.json,ok
2.8.1,2026-05-11,da,危局强袭,1-1,首领 1,2.8.1,危局强袭 2.8.1,2026-05-08,2026-05-22,banyue,Banyue,般岳,直伤主C,S,0.0,0,785,666,0.51,60.0,59.97,7.0,hf_builds,2.8.1/builds.json,https://huggingface.co/datasets/LvlUrArti/ShiyuDataProcessed/resolve/main/2.8.1/builds.json,ok
2.8.2,2026-06-02,da,危局强袭,1-1,首领 1,2.8.2,危局强袭 2.8.2,2026-05-22,2026-06-05,banyue,Banyue,般岳,直伤主C,S,0.02,0,217,101,0.47,60.0,59.11,7.0,hf_builds,2.8.2/builds.json,https://huggingface.co/datasets/LvlUrArti/ShiyuDataProcessed/resolve/main/2.8.2/builds.json,ok
2.8.3,2026-06-15,da,危局强袭,1-1,首领 1,2.8.3,危局强袭 2.8.3,2026-06-05,2026-06-19,banyue,Banyue,般岳,直伤主C,S,0.0,0,141,67,0.67,60.0,60.0,7.0,hf_builds,2.8.3/builds.json,https://huggingface.co/datasets/LvlUrArti/ShiyuDataProcessed/resolve/main/2.8.3/builds.json,ok
3.0.1,2026-06-21,da,危局强袭,1-1,首领 1,3.0.1,危局强袭 3.0.1,2026-06-19,2026-07-03,banyue,Banyue,般岳,直伤主C,S,0.04,0,90,91,0.67,60.0,59.21,7.0,hf_builds,3.0.1/builds.json,https://huggingface.co/datasets/LvlUrArti/ShiyuDataProcessed/resolve/main/3.0.1/builds.json,ok
2.6.1,2026-02-17,da,危局强袭,1-1,首领 1,2.6.1,危局强袭 2.6.1,2026-02-13,2026-02-27,ben,Ben Bigger,本·比格,直伤主C,A,0.01,0,8,4,6.0,60.0,60.0,7.0,hf_builds,2.6.1/builds.json,https://huggingface.co/datasets/LvlUrArti/ShiyuDataProcessed/resolve/main/2.6.1/builds.json,ok
2.6.2,2026-03-10,da,危局强袭,1-1,首领 1,2.6.2,危局强袭 2.6.2,2026-02-27,2026-03-13,ben,Ben Bigger,本·比格,直伤主C,A,0.0,0,4,3,6.0,60.0,60.0,7.0,hf_builds,2.6.2/builds.json,https://huggingface.co/datasets/LvlUrArti/ShiyuDataProcessed/resolve/main/2.6.2/builds.json,ok
2.7.1,2026-03-31,da,危局强袭,1-1,首领 1,2.7.1,危局强袭 2.7.1,2026-03-27,2026-04-10,ben,Ben Bigger,本·比格,直伤主C,A,0.0,0,7,9,6.0,60.0,60.0,7.0,hf_builds,2.7.1/builds.json,https://huggingface.co/datasets/LvlUrArti/ShiyuDataProcessed/resolve/main/2.7.1/builds.json,ok
2.7.2,2026-04-21,da,危局强袭,1-1,首领 1,2.7.2,危局强袭 2.7.2,2026-04-10,2026-04-24,ben,Ben Bigger,本·比格,直伤主C,A,0.0,0,5,5,6.0,60.0,60.0,7.0,hf_builds,2.7.2/builds.json,https://huggingface.co/datasets/LvlUrArti/ShiyuDataProcessed/resolve/main/2.7.2/builds.json,ok
2.8.1,2026-05-11,da,危局强袭,1-1,首领 1,2.8.1,危局强袭 2.8.1,2026-05-08,2026-05-22,ben,Ben Bigger,本·比格,直伤主C,A,0.01,0,4,4,6.0,60.0,60.0,7.0,hf_builds,2.8.1/builds.json,https://huggingface.co/datasets/LvlUrArti/ShiyuDataProcessed/resolve/main/2.8.1/builds.json,ok
2.8.2,2026-06-02,da,危局强袭,1-1,首领 1,2.8.2,危局强袭 2.8.2,2026-05-22,2026-06-05,ben,Ben Bigger,本·比格,直伤主C,A,0.0,0,2,1,6.0,60.0,60.0,7.0,hf_builds,2.8.2/builds.json,https://huggingface.co/datasets/LvlUrArti/ShiyuDataProcessed/resolve/main/2.8.2/builds.json,ok
2.8.3,2026-06-15,da,危局强袭,1-1,首领 1,2.8.3,危局强袭 2.8.3,2026-06-05,2026-06-19,ben,Ben Bigger,本·比格,直伤主C,A,0.0,0,3,3,6.0,60.0,60.0,7.0,hf_builds,2.8.3/builds.json,https://huggingface.co/datasets/LvlUrArti/ShiyuDataProcessed/resolve/main/2.8.3/builds.json,ok
3.0.1,2026-06-21,da,危局强袭,1-1,首领 1,3.0.1,危局强袭 3.0.1,2026-06-19,2026-07-03,ben,Ben Bigger,本·比格,直伤主C,A,0.01,0,4,3,6.0,60.0,60.0,7.0,hf_builds,3.0.1/builds.json,https://huggingface.co/datasets/LvlUrArti/ShiyuDataProcessed/resolve/main/3.0.1/builds.json,ok
2.6.1,2026-02-17,da,危局强袭,1-1,首领 1,2.6.1,危局强袭 2.6.1,2026-02-13,2026-02-27,billy-kid,Billy Kid,比利·奇德,直伤主C,A,0.27,20616,44,16,6.0,60.0,60.0,7.0,hf_builds,2.6.1/builds.json,https://huggingface.co/datasets/LvlUrArti/ShiyuDataProcessed/resolve/main/2.6.1/builds.json,ok
2.6.2,2026-03-10,da,危局强袭,1-1,首领 1,2.6.2,危局强袭 2.6.2,2026-02-27,2026-03-13,billy-kid,Billy Kid,比利·奇德,直伤主C,A,0.03,0,46,32,6.0,60.0,60.0,7.0,hf_builds,2.6.2/builds.json,https://huggingface.co/datasets/LvlUrArti/ShiyuDataProcessed/resolve/main/2.6.2/builds.json,ok
2.7.1,2026-03-31,da,危局强袭,1-1,首领 1,2.7.1,危局强袭 2.7.1,2026-03-27,2026-04-10,billy-kid,Billy Kid,比利·奇德,直伤主C,A,0.0,0,6,8,6.0,60.0,60.0,7.0,hf_builds,2.7.1/builds.json,https://huggingface.co/datasets/LvlUrArti/ShiyuDataProcessed/resolve/main/2.7.1/builds.json,ok
2.7.2,2026-04-21,da,危局强袭,1-1,首领 1,2.7.2,危局强袭 2.7.2,2026-04-10,2026-04-24,billy-kid,Billy Kid,比利·奇德,直伤主C,A,0.01,0,47,36,6.0,60.0,60.0,7.0,hf_builds,2.7.2/builds.json,https://huggingface.co/datasets/LvlUrArti/ShiyuDataProcessed/resolve/main/2.7.2/builds.json,ok
2.8.1,2026-05-11,da,危局强袭,1-1,首领 1,2.8.1,危局强袭 2.8.1,2026-05-08,2026-05-22,billy-kid,Billy Kid,比利·奇德,直伤主C,A,0.0,0,25,17,6.0,60.0,60.0,7.0,hf_builds,2.8.1/builds.json,https://huggingface.co/datasets/LvlUrArti/ShiyuDataProcessed/resolve/main/2.8.1/builds.json,ok
2.8.2,2026-06-02,da,危局强袭,1-1,首领 1,2.8.2,危局强袭 2.8.2,2026-05-22,2026-06-05,billy-kid,Billy Kid,比利·奇德,直伤主C,A,0.01,0,14,1,6.0,60.0,60.0,7.0,hf_builds,2.8.2/builds.json,https://huggingface.co/datasets/LvlUrArti/ShiyuDataProcessed/resolve/main/2.8.2/builds.json,ok
2.8.3,2026-06-15,da,危局强袭,1-1,首领 1,2.8.3,危局强袭 2.8.3,2026-06-05,2026-06-19,billy-kid,Billy Kid,比利·奇德,直伤主C,A,0.01,0,22,10,6.0,60.0,60.0,7.0,hf_builds,2.8.3/builds.json,https://huggingface.co/datasets/LvlUrArti/ShiyuDataProcessed/resolve/main/2.8.3/builds.json,ok
3.0.1,2026-06-21,da,危局强袭,1-1,首领 1,3.0.1,危局强袭 3.0.1,2026-06-19,2026-07-03,billy-kid,Billy Kid,比利·奇德,直伤主C,A,0.01,0,3,2,6.0,60.0,60.0,7.0,hf_builds,3.0.1/builds.json,https://huggingface.co/datasets/LvlUrArti/ShiyuDataProcessed/resolve/main/3.0.1/builds.json,ok
2.8.2,2026-06-02,da,危局强袭,1-1,首领 1,2.8.2,危局强袭 2.8.2,2026-05-22,2026-06-05,billy-starlight,Starlight - Billy,星徽·比利,直伤主C,S,0.05,0,1356,445,0.26,59.99,59.27,6.99,hf_builds,2.8.2/builds.json,https://huggingface.co/datasets/LvlUrArti/ShiyuDataProcessed/resolve/main/2.8.2/builds.json,ok
2.8.3,2026-06-15,da,危局强袭,1-1,首领 1,2.8.3,危局强袭 2.8.3,2026-06-05,2026-06-19,billy-starlight,Starlight - Billy,星徽·比利,直伤主C,S,0.56,26475,2742,734,0.26,59.99,59.89,6.99,hf_builds,2.8.3/builds.json,https://huggingface.co/datasets/LvlUrArti/ShiyuDataProcessed/resolve/main/2.8.3/builds.json,ok
3.0.1,2026-06-21,da,危局强袭,1-1,首领 1,3.0.1,危局强袭 3.0.1,2026-06-19,2026-07-03,billy-starlight,Starlight - Billy,星徽·比利,直伤主C,S,0.28,24434,1750,1193,0.27,60.0,59.64,6.99,hf_builds,3.0.1/builds.json,https://huggingface.co/datasets/LvlUrArti/ShiyuDataProcessed/resolve/main/3.0.1/builds.json,ok
2.6.1,2026-02-17,da,危局强袭,1-1,首领 1,2.6.1,危局强袭 2.6.1,2026-02-13,2026-02-27,burnice,Burnice White,柏妮思·怀特,异常主C,S,0.13,21651,1301,273,0.37,60.0,59.65,6.99,hf_builds,2.6.1/builds.json,https://huggingface.co/datasets/LvlUrArti/ShiyuDataProcessed/resolve/main/2.6.1/builds.json,ok
2.6.2,2026-03-10,da,危局强袭,1-1,首领 1,2.6.2,危局强袭 2.6.2,2026-02-27,2026-03-13,burnice,Burnice White,柏妮思·怀特,异常主C,S,0.22,21182,774,245,0.41,60.0,59.79,7.0,hf_builds,2.6.2/builds.json,https://huggingface.co/datasets/LvlUrArti/ShiyuDataProcessed/resolve/main/2.6.2/builds.json,ok
2.7.1,2026-03-31,da,危局强袭,1-1,首领 1,2.7.1,危局强袭 2.7.1,2026-03-27,2026-04-10,burnice,Burnice White,柏妮思·怀特,异常主C,S,0.18,0,738,250,0.34,60.0,59.65,6.99,hf_builds,2.7.1/builds.json,https://huggingface.co/datasets/LvlUrArti/ShiyuDataProcessed/resolve/main/2.7.1/builds.json,ok
2.7.2,2026-04-21,da,危局强袭,1-1,首领 1,2.7.2,危局强袭 2.7.2,2026-04-10,2026-04-24,burnice,Burnice White,柏妮思·怀特,异常主C,S,0.13,0,130,59,0.47,60.0,59.97,6.99,hf_builds,2.7.2/builds.json,https://huggingface.co/datasets/LvlUrArti/ShiyuDataProcessed/resolve/main/2.7.2/builds.json,ok
2.8.1,2026-05-11,da,危局强袭,1-1,首领 1,2.8.1,危局强袭 2.8.1,2026-05-08,2026-05-22,burnice,Burnice White,柏妮思·怀特,异常主C,S,2.32,23826,385,156,0.51,60.0,59.82,7.0,hf_builds,2.8.1/builds.json,https://huggingface.co/datasets/LvlUrArti/ShiyuDataProcessed/resolve/main/2.8.1/builds.json,ok
2.8.2,2026-06-02,da,危局强袭,1-1,首领 1,2.8.2,危局强袭 2.8.2,2026-05-22,2026-06-05,burnice,Burnice White,柏妮思·怀特,异常主C,S,4.76,19551,898,139,0.4,60.0,59.93,7.0,hf_builds,2.8.2/builds.json,https://huggingface.co/datasets/LvlUrArti/ShiyuDataProcessed/resolve/main/2.8.2/builds.json,ok
2.8.3,2026-06-15,da,危局强袭,1-1,首领 1,2.8.3,危局强袭 2.8.3,2026-06-05,2026-06-19,burnice,Burnice White,柏妮思·怀特,异常主C,S,0.48,21209,91,29,0.52,60.0,59.84,6.98,hf_builds,2.8.3/builds.json,https://huggingface.co/datasets/LvlUrArti/ShiyuDataProcessed/resolve/main/2.8.3/builds.json,ok
3.0.1,2026-06-21,da,危局强袭,1-1,首领 1,3.0.1,危局强袭 3.0.1,2026-06-19,2026-07-03,burnice,Burnice White,柏妮思·怀特,异常主C,S,6.9,31011,978,322,0.43,60.0,58.93,6.99,hf_builds,3.0.1/builds.json,https://huggingface.co/datasets/LvlUrArti/ShiyuDataProcessed/resolve/main/3.0.1/builds.json,ok
2.6.1,2026-02-17,da,危局强袭,1-1,首领 1,2.6.1,危局强袭 2.6.1,2026-02-13,2026-02-27,caesar,Caesar King,凯撒·金,辅助,S,0.78,22357,233,54,0.5,60.0,58.18,6.97,hf_builds,2.6.1/builds.json,https://huggingface.co/datasets/LvlUrArti/ShiyuDataProcessed/resolve/main/2.6.1/builds.json,ok
2.6.2,2026-03-10,da,危局强袭,1-1,首领 1,2.6.2,危局强袭 2.6.2,2026-02-27,2026-03-13,caesar,Caesar King,凯撒·金,辅助,S,0.46,23407,336,85,0.54,60.0,59.55,7.0,hf_builds,2.6.2/builds.json,https://huggingface.co/datasets/LvlUrArti/ShiyuDataProcessed/resolve/main/2.6.2/builds.json,ok
2.7.1,2026-03-31,da,危局强袭,1-1,首领 1,2.7.1,危局强袭 2.7.1,2026-03-27,2026-04-10,caesar,Caesar King,凯撒·金,辅助,S,0.19,22990,165,72,0.72,60.0,59.15,6.99,hf_builds,2.7.1/builds.json,https://huggingface.co/datasets/LvlUrArti/ShiyuDataProcessed/resolve/main/2.7.1/builds.json,ok
2.7.2,2026-04-21,da,危局强袭,1-1,首领 1,2.7.2,危局强袭 2.7.2,2026-04-10,2026-04-24,caesar,Caesar King,凯撒·金,辅助,S,0.29,23469,264,63,0.65,60.0,59.67,6.99,hf_builds,2.7.2/builds.json,https://huggingface.co/datasets/LvlUrArti/ShiyuDataProcessed/resolve/main/2.7.2/builds.json,ok
2.8.1,2026-05-11,da,危局强袭,1-1,首领 1,2.8.1,危局强袭 2.8.1,2026-05-08,2026-05-22,caesar,Caesar King,凯撒·金,辅助,S,0.04,0,137,44,0.67,60.0,59.87,7.0,hf_builds,2.8.1/builds.json,https://huggingface.co/datasets/LvlUrArti/ShiyuDataProcessed/resolve/main/2.8.1/builds.json,ok
2.8.2,2026-06-02,da,危局强袭,1-1,首领 1,2.8.2,危局强袭 2.8.2,2026-05-22,2026-06-05,caesar,Caesar King,凯撒·金,辅助,S,0.14,15353,261,39,0.64,60.0,59.88,7.0,hf_builds,2.8.2/builds.json,https://huggingface.co/datasets/LvlUrArti/ShiyuDataProcessed/resolve/main/2.8.2/builds.json,ok
2.8.3,2026-06-15,da,危局强袭,1-1,首领 1,2.8.3,危局强袭 2.8.3,2026-06-05,2026-06-19,caesar,Caesar King,凯撒·金,辅助,S,0.14,0,250,55,0.67,60.0,59.56,6.98,hf_builds,2.8.3/builds.json,https://huggingface.co/datasets/LvlUrArti/ShiyuDataProcessed/resolve/main/2.8.3/builds.json,ok
3.0.1,2026-06-21,da,危局强袭,1-1,首领 1,3.0.1,危局强袭 3.0.1,2026-06-19,2026-07-03,caesar,Caesar King,凯撒·金,辅助,S,0.1,0,188,86,0.64,60.0,59.45,6.99,hf_builds,3.0.1/builds.json,https://huggingface.co/datasets/LvlUrArti/ShiyuDataProcessed/resolve/main/3.0.1/builds.json,ok
2.7.2,2026-04-21,da,危局强袭,1-1,首领 1,2.7.2,危局强袭 2.7.2,2026-04-10,2026-04-24,cissia,Cissia,希希芙,直伤主C,S,0.08,0,1135,430,0.12,59.98,59.86,6.95,hf_builds,2.7.2/builds.json,https://huggingface.co/datasets/LvlUrArti/ShiyuDataProcessed/resolve/main/2.7.2/builds.json,ok
2.8.1,2026-05-11,da,危局强袭,1-1,首领 1,2.8.1,危局强袭 2.8.1,2026-05-08,2026-05-22,cissia,Cissia,希希芙,直伤主C,S,0.21,29926,1951,851,0.14,60.0,59.97,6.98,hf_builds,2.8.1/builds.json,https://huggingface.co/datasets/LvlUrArti/ShiyuDataProcessed/resolve/main/2.8.1/builds.json,ok
2.8.2,2026-06-02,da,危局强袭,1-1,首领 1,2.8.2,危局强袭 2.8.2,2026-05-22,2026-06-05,cissia,Cissia,希希芙,直伤主C,S,0.26,16089,288,74,0.19,60.0,59.87,6.99,hf_builds,2.8.2/builds.json,https://huggingface.co/datasets/LvlUrArti/ShiyuDataProcessed/resolve/main/2.8.2/builds.json,ok
2.8.3,2026-06-15,da,危局强袭,1-1,首领 1,2.8.3,危局强袭 2.8.3,2026-06-05,2026-06-19,cissia,Cissia,希希芙,直伤主C,S,0.03,0,2536,481,0.17,60.0,59.62,6.99,hf_builds,2.8.3/builds.json,https://huggingface.co/datasets/LvlUrArti/ShiyuDataProcessed/resolve/main/2.8.3/builds.json,ok
3.0.1,2026-06-21,da,危局强袭,1-1,首领 1,3.0.1,危局强袭 3.0.1,2026-06-19,2026-07-03,cissia,Cissia,希希芙,直伤主C,S,0.73,27695,236,179,0.36,60.0,59.85,6.99,hf_builds,3.0.1/builds.json,https://huggingface.co/datasets/LvlUrArti/ShiyuDataProcessed/resolve/main/3.0.1/builds.json,ok
2.6.1,2026-02-17,da,危局强袭,1-1,首领 1,2.6.1,危局强袭 2.6.1,2026-02-13,2026-02-27,corin,Corin Wickes,可琳·威克斯,直伤主C,A,0.53,21212,88,38,6.0,60.0,58.98,7.0,hf_builds,2.6.1/builds.json,https://huggingface.co/datasets/LvlUrArti/ShiyuDataProcessed/resolve/main/2.6.1/builds.json,ok
2.6.2,2026-03-10,da,危局强袭,1-1,首领 1,2.6.2,危局强袭 2.6.2,2026-02-27,2026-03-13,corin,Corin Wickes,可琳·威克斯,直伤主C,A,0.05,0,75,49,6.0,60.0,59.28,7.0,hf_builds,2.6.2/builds.json,https://huggingface.co/datasets/LvlUrArti/ShiyuDataProcessed/resolve/main/2.6.2/builds.json,ok
2.7.1,2026-03-31,da,危局强袭,1-1,首领 1,2.7.1,危局强袭 2.7.1,2026-03-27,2026-04-10,corin,Corin Wickes,可琳·威克斯,直伤主C,A,0.0,0,20,20,6.0,60.0,56.28,7.0,hf_builds,2.7.1/builds.json,https://huggingface.co/datasets/LvlUrArti/ShiyuDataProcessed/resolve/main/2.7.1/builds.json,ok
2.7.2,2026-04-21,da,危局强袭,1-1,首领 1,2.7.2,危局强袭 2.7.2,2026-04-10,2026-04-24,corin,Corin Wickes,可琳·威克斯,直伤主C,A,0.0,0,63,34,6.0,60.0,56.33,7.0,hf_builds,2.7.2/builds.json,https://huggingface.co/datasets/LvlUrArti/ShiyuDataProcessed/resolve/main/2.7.2/builds.json,ok
2.8.1,2026-05-11,da,危局强袭,1-1,首领 1,2.8.1,危局强袭 2.8.1,2026-05-08,2026-05-22,corin,Corin Wickes,可琳·威克斯,直伤主C,A,0.0,0,31,26,6.0,60.0,57.65,7.0,hf_builds,2.8.1/builds.json,https://huggingface.co/datasets/LvlUrArti/ShiyuDataProcessed/resolve/main/2.8.1/builds.json,ok
2.8.2,2026-06-02,da,危局强袭,1-1,首领 1,2.8.2,危局强袭 2.8.2,2026-05-22,2026-06-05,corin,Corin Wickes,可琳·威克斯,直伤主C,A,0.0,0,35,15,6.0,60.0,60.0,7.0,hf_builds,2.8.2/builds.json,https://huggingface.co/datasets/LvlUrArti/ShiyuDataProcessed/resolve/main/2.8.2/builds.json,ok
2.8.3,2026-06-15,da,危局强袭,1-1,首领 1,2.8.3,危局强袭 2.8.3,2026-06-05,2026-06-19,corin,Corin Wickes,可琳·威克斯,直伤主C,A,0.01,0,52,21,6.0,60.0,60.0,7.0,hf_builds,2.8.3/builds.json,https://huggingface.co/datasets/LvlUrArti/ShiyuDataProcessed/resolve/main/2.8.3/builds.json,ok
3.0.1,2026-06-21,da,危局强袭,1-1,首领 1,3.0.1,危局强袭 3.0.1,2026-06-19,2026-07-03,corin,Corin Wickes,可琳·威克斯,直伤主C,A,0.02,0,27,24,6.0,60.0,56.51,7.0,hf_builds,3.0.1/builds.json,https://huggingface.co/datasets/LvlUrArti/ShiyuDataProcessed/resolve/main/3.0.1/builds.json,ok
2.6.1,2026-02-17,da,危局强袭,1-1,首领 1,2.6.1,危局强袭 2.6.1,2026-02-13,2026-02-27,dialyn,Dialyn,琉音,辅助,S,38.41,30397,10900,1716,0.08,59.99,59.65,6.99,hf_builds,2.6.1/builds.json,https://huggingface.co/datasets/LvlUrArti/ShiyuDataProcessed/resolve/main/2.6.1/builds.json,ok
2.6.2,2026-03-10,da,危局强袭,1-1,首领 1,2.6.2,危局强袭 2.6.2,2026-02-27,2026-03-13,dialyn,Dialyn,琉音,辅助,S,17.66,24285,12318,2671,0.09,60.0,59.63,6.99,hf_builds,2.6.2/builds.json,https://huggingface.co/datasets/LvlUrArti/ShiyuDataProcessed/resolve/main/2.6.2/builds.json,ok
2.7.1,2026-03-31,da,危局强袭,1-1,首领 1,2.7.1,危局强袭 2.7.1,2026-03-27,2026-04-10,dialyn,Dialyn,琉音,辅助,S,4.14,22009,9388,2354,0.09,60.0,59.39,7.0,hf_builds,2.7.1/builds.json,https://huggingface.co/datasets/LvlUrArti/ShiyuDataProcessed/resolve/main/2.7.1/builds.json,ok
2.7.2,2026-04-21,da,危局强袭,1-1,首领 1,2.7.2,危局强袭 2.7.2,2026-04-10,2026-04-24,dialyn,Dialyn,琉音,辅助,S,8.53,23950,12254,2170,0.09,60.0,59.57,6.99,hf_builds,2.7.2/builds.json,https://huggingface.co/datasets/LvlUrArti/ShiyuDataProcessed/resolve/main/2.7.2/builds.json,ok
2.8.1,2026-05-11,da,危局强袭,1-1,首领 1,2.8.1,危局强袭 2.8.1,2026-05-08,2026-05-22,dialyn,Dialyn,琉音,辅助,S,0.29,22716,9158,1941,0.09,60.0,59.46,6.99,hf_builds,2.8.1/builds.json,https://huggingface.co/datasets/LvlUrArti/ShiyuDataProcessed/resolve/main/2.8.1/builds.json,ok
2.8.2,2026-06-02,da,危局强袭,1-1,首领 1,2.8.2,危局强袭 2.8.2,2026-05-22,2026-06-05,dialyn,Dialyn,琉音,辅助,S,0.55,17439,11287,1162,0.09,60.0,59.77,6.99,hf_builds,2.8.2/builds.json,https://huggingface.co/datasets/LvlUrArti/ShiyuDataProcessed/resolve/main/2.8.2/builds.json,ok
2.8.3,2026-06-15,da,危局强袭,1-1,首领 1,2.8.3,危局强袭 2.8.3,2026-06-05,2026-06-19,dialyn,Dialyn,琉音,辅助,S,2.58,26014,11456,1021,0.1,60.0,59.76,7.0,hf_builds,2.8.3/builds.json,https://huggingface.co/datasets/LvlUrArti/ShiyuDataProcessed/resolve/main/2.8.3/builds.json,ok
3.0.1,2026-06-21,da,危局强袭,1-1,首领 1,3.0.1,危局强袭 3.0.1,2026-06-19,2026-07-03,dialyn,Dialyn,琉音,辅助,S,1.02,23915,9480,1920,0.09,60.0,59.58,7.0,hf_builds,3.0.1/builds.json,https://huggingface.co/datasets/LvlUrArti/ShiyuDataProcessed/resolve/main/3.0.1/builds.json,ok
2.6.1,2026-02-17,da,危局强袭,1-1,首领 1,2.6.1,危局强袭 2.6.1,2026-02-13,2026-02-27,ellen,Ellen Joe,艾莲·乔,直伤主C,S,0.01,0,23,36,2.45,60.0,60.0,7.0,hf_builds,2.6.1/builds.json,https://huggingface.co/datasets/LvlUrArti/ShiyuDataProcessed/resolve/main/2.6.1/builds.json,ok
2.6.2,2026-03-10,da,危局强袭,1-1,首领 1,2.6.2,危局强袭 2.6.2,2026-02-27,2026-03-13,ellen,Ellen Joe,艾莲·乔,直伤主C,S,0.0,0,83,106,2.56,59.95,59.58,6.98,hf_builds,2.6.2/builds.json,https://huggingface.co/datasets/LvlUrArti/ShiyuDataProcessed/resolve/main/2.6.2/builds.json,ok
2.7.1,2026-03-31,da,危局强袭,1-1,首领 1,2.7.1,危局强袭 2.7.1,2026-03-27,2026-04-10,ellen,Ellen Joe,艾莲·乔,直伤主C,S,0.01,0,502,462,1.48,60.0,59.33,7.0,hf_builds,2.7.1/builds.json,https://huggingface.co/datasets/LvlUrArti/ShiyuDataProcessed/resolve/main/2.7.1/builds.json,ok
2.7.2,2026-04-21,da,危局强袭,1-1,首领 1,2.7.2,危局强袭 2.7.2,2026-04-10,2026-04-24,ellen,Ellen Joe,艾莲·乔,直伤主C,S,0.01,0,395,273,1.57,60.0,59.83,7.0,hf_builds,2.7.2/builds.json,https://huggingface.co/datasets/LvlUrArti/ShiyuDataProcessed/resolve/main/2.7.2/builds.json,ok
2.8.1,2026-05-11,da,危局强袭,1-1,首领 1,2.8.1,危局强袭 2.8.1,2026-05-08,2026-05-22,ellen,Ellen Joe,艾莲·乔,直伤主C,S,0.24,0,74,113,2.65,60.0,59.68,7.0,hf_builds,2.8.1/builds.json,https://huggingface.co/datasets/LvlUrArti/ShiyuDataProcessed/resolve/main/2.8.1/builds.json,ok
2.8.2,2026-06-02,da,危局强袭,1-1,首领 1,2.8.2,危局强袭 2.8.2,2026-05-22,2026-06-05,ellen,Ellen Joe,艾莲·乔,直伤主C,S,0.17,10078,241,102,1.75,60.0,59.56,7.0,hf_builds,2.8.2/builds.json,https://huggingface.co/datasets/LvlUrArti/ShiyuDataProcessed/resolve/main/2.8.2/builds.json,ok
2.8.3,2026-06-15,da,危局强袭,1-1,首领 1,2.8.3,危局强袭 2.8.3,2026-06-05,2026-06-19,ellen,Ellen Joe,艾莲·乔,直伤主C,S,0.01,0,260,118,1.73,60.0,60.0,7.0,hf_builds,2.8.3/builds.json,https://huggingface.co/datasets/LvlUrArti/ShiyuDataProcessed/resolve/main/2.8.3/builds.json,ok
3.0.1,2026-06-21,da,危局强袭,1-1,首领 1,3.0.1,危局强袭 3.0.1,2026-06-19,2026-07-03,ellen,Ellen Joe,艾莲·乔,直伤主C,S,0.01,0,459,378,1.38,60.0,59.65,7.0,hf_builds,3.0.1/builds.json,https://huggingface.co/datasets/LvlUrArti/ShiyuDataProcessed/resolve/main/3.0.1/builds.json,ok
2.6.1,2026-02-17,da,危局强袭,1-1,首领 1,2.6.1,危局强袭 2.6.1,2026-02-13,2026-02-27,evelyn,Evelyn Chevalier,伊芙琳·舒瓦利耶,直伤主C,S,1.13,21352,481,240,0.41,60.0,59.25,7.0,hf_builds,2.6.1/builds.json,https://huggingface.co/datasets/LvlUrArti/ShiyuDataProcessed/resolve/main/2.6.1/builds.json,ok
2.6.2,2026-03-10,da,危局强袭,1-1,首领 1,2.6.2,危局强袭 2.6.2,2026-02-27,2026-03-13,evelyn,Evelyn Chevalier,伊芙琳·舒瓦利耶,直伤主C,S,0.01,0,627,493,0.68,60.0,59.45,7.0,hf_builds,2.6.2/builds.json,https://huggingface.co/datasets/LvlUrArti/ShiyuDataProcessed/resolve/main/2.6.2/builds.json,ok
2.7.1,2026-03-31,da,危局强袭,1-1,首领 1,2.7.1,危局强袭 2.7.1,2026-03-27,2026-04-10,evelyn,Evelyn Chevalier,伊芙琳·舒瓦利耶,直伤主C,S,0.0,0,212,223,0.98,60.0,59.69,7.0,hf_builds,2.7.1/builds.json,https://huggingface.co/datasets/LvlUrArti/ShiyuDataProcessed/resolve/main/2.7.1/builds.json,ok
2.7.2,2026-04-21,da,危局强袭,1-1,首领 1,2.7.2,危局强袭 2.7.2,2026-04-10,2026-04-24,evelyn,Evelyn Chevalier,伊芙琳·舒瓦利耶,直伤主C,S,0.01,0,543,365,1.07,60.0,59.66,7.0,hf_builds,2.7.2/builds.json,https://huggingface.co/datasets/LvlUrArti/ShiyuDataProcessed/resolve/main/2.7.2/builds.json,ok
2.8.1,2026-05-11,da,危局强袭,1-1,首领 1,2.8.1,危局强袭 2.8.1,2026-05-08,2026-05-22,evelyn,Evelyn Chevalier,伊芙琳·舒瓦利耶,直伤主C,S,0.01,0,252,247,1.01,60.0,59.72,7.0,hf_builds,2.8.1/builds.json,https://huggingface.co/datasets/LvlUrArti/ShiyuDataProcessed/resolve/main/2.8.1/builds.json,ok
2.8.2,2026-06-02,da,危局强袭,1-1,首领 1,2.8.2,危局强袭 2.8.2,2026-05-22,2026-06-05,evelyn,Evelyn Chevalier,伊芙琳·舒瓦利耶,直伤主C,S,0.06,0,176,78,0.83,60.0,60.0,7.0,hf_builds,2.8.2/builds.json,https://huggingface.co/datasets/LvlUrArti/ShiyuDataProcessed/resolve/main/2.8.2/builds.json,ok
2.8.3,2026-06-15,da,危局强袭,1-1,首领 1,2.8.3,危局强袭 2.8.3,2026-06-05,2026-06-19,evelyn,Evelyn Chevalier,伊芙琳·舒瓦利耶,直伤主C,S,0.0,0,327,128,0.64,60.0,60.0,7.0,hf_builds,2.8.3/builds.json,https://huggingface.co/datasets/LvlUrArti/ShiyuDataProcessed/resolve/main/2.8.3/builds.json,ok
3.0.1,2026-06-21,da,危局强袭,1-1,首领 1,3.0.1,危局强袭 3.0.1,2026-06-19,2026-07-03,evelyn,Evelyn Chevalier,伊芙琳·舒瓦利耶,直伤主C,S,0.08,0,84,120,0.64,60.0,59.46,7.0,hf_builds,3.0.1/builds.json,https://huggingface.co/datasets/LvlUrArti/ShiyuDataProcessed/resolve/main/3.0.1/builds.json,ok
2.6.1,2026-02-17,da,危局强袭,1-1,首领 1,2.6.1,危局强袭 2.6.1,2026-02-13,2026-02-27,grace-howard,Grace Howard,格莉丝·霍华德,异常主C,S,0.0,0,53,11,2.53,59.85,54.66,6.97,hf_builds,2.6.1/builds.json,https://huggingface.co/datasets/LvlUrArti/ShiyuDataProcessed/resolve/main/2.6.1/builds.json,ok
2.6.2,2026-03-10,da,危局强袭,1-1,首领 1,2.6.2,危局强袭 2.6.2,2026-02-27,2026-03-13,grace-howard,Grace Howard,格莉丝·霍华德,异常主C,S,0.37,21581,58,23,2.94,60.0,60.0,6.98,hf_builds,2.6.2/builds.json,https://huggingface.co/datasets/LvlUrArti/ShiyuDataProcessed/resolve/main/2.6.2/builds.json,ok
2.7.1,2026-03-31,da,危局强袭,1-1,首领 1,2.7.1,危局强袭 2.7.1,2026-03-27,2026-04-10,grace-howard,Grace Howard,格莉丝·霍华德,异常主C,S,0.78,22092,106,27,2.72,60.0,60.0,7.0,hf_builds,2.7.1/builds.json,https://huggingface.co/datasets/LvlUrArti/ShiyuDataProcessed/resolve/main/2.7.1/builds.json,ok
2.7.2,2026-04-21,da,危局强袭,1-1,首领 1,2.7.2,危局强袭 2.7.2,2026-04-10,2026-04-24,grace-howard,Grace Howard,格莉丝·霍华德,异常主C,S,0.46,23745,98,31,2.72,60.0,60.0,7.0,hf_builds,2.7.2/builds.json,https://huggingface.co/datasets/LvlUrArti/ShiyuDataProcessed/resolve/main/2.7.2/builds.json,ok
2.8.1,2026-05-11,da,危局强袭,1-1,首领 1,2.8.1,危局强袭 2.8.1,2026-05-08,2026-05-22,grace-howard,Grace Howard,格莉丝·霍华德,异常主C,S,0.27,21266,39,17,2.96,60.0,60.0,7.0,hf_builds,2.8.1/builds.json,https://huggingface.co/datasets/LvlUrArti/ShiyuDataProcessed/resolve/main/2.8.1/builds.json,ok
2.8.2,2026-06-02,da,危局强袭,1-1,首领 1,2.8.2,危局强袭 2.8.2,2026-05-22,2026-06-05,grace-howard,Grace Howard,格莉丝·霍华德,异常主C,S,0.17,17275,82,8,2.36,60.0,60.0,7.0,hf_builds,2.8.2/builds.json,https://huggingface.co/datasets/LvlUrArti/ShiyuDataProcessed/resolve/main/2.8.2/builds.json,ok
2.8.3,2026-06-15,da,危局强袭,1-1,首领 1,2.8.3,危局强袭 2.8.3,2026-06-05,2026-06-19,grace-howard,Grace Howard,格莉丝·霍华德,异常主C,S,0.12,24334,24,6,2.62,60.0,60.0,7.0,hf_builds,2.8.3/builds.json,https://huggingface.co/datasets/LvlUrArti/ShiyuDataProcessed/resolve/main/2.8.3/builds.json,ok
3.0.1,2026-06-21,da,危局强袭,1-1,首领 1,3.0.1,危局强袭 3.0.1,2026-06-19,2026-07-03,grace-howard,Grace Howard,格莉丝·霍华德,异常主C,S,0.71,27176,89,27,3.15,60.0,60.0,7.0,hf_builds,3.0.1/builds.json,https://huggingface.co/datasets/LvlUrArti/ShiyuDataProcessed/resolve/main/3.0.1/builds.json,ok
2.6.1,2026-02-17,da,危局强袭,1-1,首领 1,2.6.1,危局强袭 2.6.1,2026-02-13,2026-02-27,harumasa,Asaba Harumasa,浅羽 悠真,直伤主C,S,0.31,21848,97,65,0.68,60.0,59.68,7.0,hf_builds,2.6.1/builds.json,https://huggingface.co/datasets/LvlUrArti/ShiyuDataProcessed/resolve/main/2.6.1/builds.json,ok
2.6.2,2026-03-10,da,危局强袭,1-1,首领 1,2.6.2,危局强袭 2.6.2,2026-02-27,2026-03-13,harumasa,Asaba Harumasa,浅羽 悠真,直伤主C,S,0.16,0,795,386,0.76,60.0,59.94,7.0,hf_builds,2.6.2/builds.json,https://huggingface.co/datasets/LvlUrArti/ShiyuDataProcessed/resolve/main/2.6.2/builds.json,ok
2.7.1,2026-03-31,da,危局强袭,1-1,首领 1,2.7.1,危局强袭 2.7.1,2026-03-27,2026-04-10,harumasa,Asaba Harumasa,浅羽 悠真,直伤主C,S,0.22,0,75,88,1.87,60.0,60.0,7.0,hf_builds,2.7.1/builds.json,https://huggingface.co/datasets/LvlUrArti/ShiyuDataProcessed/resolve/main/2.7.1/builds.json,ok
2.7.2,2026-04-21,da,危局强袭,1-1,首领 1,2.7.2,危局强袭 2.7.2,2026-04-10,2026-04-24,harumasa,Asaba Harumasa,浅羽 悠真,直伤主C,S,0.11,0,645,342,0.83,60.0,59.44,7.0,hf_builds,2.7.2/builds.json,https://huggingface.co/datasets/LvlUrArti/ShiyuDataProcessed/resolve/main/2.7.2/builds.json,ok
2.8.1,2026-05-11,da,危局强袭,1-1,首领 1,2.8.1,危局强袭 2.8.1,2026-05-08,2026-05-22,harumasa,Asaba Harumasa,浅羽 悠真,直伤主C,S,0.01,0,417,286,0.82,60.0,59.79,7.0,hf_builds,2.8.1/builds.json,https://huggingface.co/datasets/LvlUrArti/ShiyuDataProcessed/resolve/main/2.8.1/builds.json,ok
2.8.2,2026-06-02,da,危局强袭,1-1,首领 1,2.8.2,危局强袭 2.8.2,2026-05-22,2026-06-05,harumasa,Asaba Harumasa,浅羽 悠真,直伤主C,S,0.03,0,77,27,1.05,60.0,60.0,7.0,hf_builds,2.8.2/builds.json,https://huggingface.co/datasets/LvlUrArti/ShiyuDataProcessed/resolve/main/2.8.2/builds.json,ok
2.8.3,2026-06-15,da,危局强袭,1-1,首领 1,2.8.3,危局强袭 2.8.3,2026-06-05,2026-06-19,harumasa,Asaba Harumasa,浅羽 悠真,直伤主C,S,0.0,0,432,129,0.94,60.0,58.55,7.0,hf_builds,2.8.3/builds.json,https://huggingface.co/datasets/LvlUrArti/ShiyuDataProcessed/resolve/main/2.8.3/builds.json,ok
3.0.1,2026-06-21,da,危局强袭,1-1,首领 1,3.0.1,危局强袭 3.0.1,2026-06-19,2026-07-03,harumasa,Asaba Harumasa,浅羽 悠真,直伤主C,S,0.06,0,14,26,2.8,60.0,60.0,7.0,hf_builds,3.0.1/builds.json,https://huggingface.co/datasets/LvlUrArti/ShiyuDataProcessed/resolve/main/3.0.1/builds.json,ok
2.6.1,2026-02-17,da,危局强袭,1-1,首领 1,2.6.1,危局强袭 2.6.1,2026-02-13,2026-02-27,hugo,Hugo Vlad,雨果·维拉德,直伤主C,S,0.03,0,46,54,3.19,60.0,59.56,7.0,hf_builds,2.6.1/builds.json,https://huggingface.co/datasets/LvlUrArti/ShiyuDataProcessed/resolve/main/2.6.1/builds.json,ok
2.6.2,2026-03-10,da,危局强袭,1-1,首领 1,2.6.2,危局强袭 2.6.2,2026-02-27,2026-03-13,hugo,Hugo Vlad,雨果·维拉德,直伤主C,S,0.01,0,111,153,3.28,60.0,59.68,7.0,hf_builds,2.6.2/builds.json,https://huggingface.co/datasets/LvlUrArti/ShiyuDataProcessed/resolve/main/2.6.2/builds.json,ok
2.7.1,2026-03-31,da,危局强袭,1-1,首领 1,2.7.1,危局强袭 2.7.1,2026-03-27,2026-04-10,hugo,Hugo Vlad,雨果·维拉德,直伤主C,S,0.05,0,373,424,1.94,60.0,59.32,7.0,hf_builds,2.7.1/builds.json,https://huggingface.co/datasets/LvlUrArti/ShiyuDataProcessed/resolve/main/2.7.1/builds.json,ok
2.7.2,2026-04-21,da,危局强袭,1-1,首领 1,2.7.2,危局强袭 2.7.2,2026-04-10,2026-04-24,hugo,Hugo Vlad,雨果·维拉德,直伤主C,S,0.05,0,134,188,2.63,60.0,59.86,7.0,hf_builds,2.7.2/builds.json,https://huggingface.co/datasets/LvlUrArti/ShiyuDataProcessed/resolve/main/2.7.2/builds.json,ok
2.8.1,2026-05-11,da,危局强袭,1-1,首领 1,2.8.1,危局强袭 2.8.1,2026-05-08,2026-05-22,hugo,Hugo Vlad,雨果·维拉德,直伤主C,S,0.27,21896,106,163,2.52,60.0,60.0,7.0,hf_builds,2.8.1/builds.json,https://huggingface.co/datasets/LvlUrArti/ShiyuDataProcessed/resolve/main/2.8.1/builds.json,ok
2.8.2,2026-06-02,da,危局强袭,1-1,首领 1,2.8.2,危局强袭 2.8.2,2026-05-22,2026-06-05,hugo,Hugo Vlad,雨果·维拉德,直伤主C,S,0.31,9585,92,51,2.52,60.0,60.0,7.0,hf_builds,2.8.2/builds.json,https://huggingface.co/datasets/LvlUrArti/ShiyuDataProcessed/resolve/main/2.8.2/builds.json,ok
2.8.3,2026-06-15,da,危局强袭,1-1,首领 1,2.8.3,危局强袭 2.8.3,2026-06-05,2026-06-19,hugo,Hugo Vlad,雨果·维拉德,直伤主C,S,0.05,0,39,44,2.79,60.0,60.0,7.0,hf_builds,2.8.3/builds.json,https://huggingface.co/datasets/LvlUrArti/ShiyuDataProcessed/resolve/main/2.8.3/builds.json,ok
3.0.1,2026-06-21,da,危局强袭,1-1,首领 1,3.0.1,危局强袭 3.0.1,2026-06-19,2026-07-03,hugo,Hugo Vlad,雨果·维拉德,直伤主C,S,0.03,0,369,388,1.8,60.0,59.89,7.0,hf_builds,3.0.1/builds.json,https://huggingface.co/datasets/LvlUrArti/ShiyuDataProcessed/resolve/main/3.0.1/builds.json,ok
2.6.1,2026-02-17,da,危局强袭,1-1,首领 1,2.6.1,危局强袭 2.6.1,2026-02-13,2026-02-27,jane-doe,Jane Doe,简·杜,异常主C,S,0.38,23773,629,298,1.17,60.0,59.91,7.0,hf_builds,2.6.1/builds.json,https://huggingface.co/datasets/LvlUrArti/ShiyuDataProcessed/resolve/main/2.6.1/builds.json,ok
2.6.2,2026-03-10,da,危局强袭,1-1,首领 1,2.6.2,危局强袭 2.6.2,2026-02-27,2026-03-13,jane-doe,Jane Doe,简·杜,异常主C,S,5.09,21081,782,597,1.25,60.0,59.96,6.99,hf_builds,2.6.2/builds.json,https://huggingface.co/datasets/LvlUrArti/ShiyuDataProcessed/resolve/main/2.6.2/builds.json,ok
2.7.1,2026-03-31,da,危局强袭,1-1,首领 1,2.7.1,危局强袭 2.7.1,2026-03-27,2026-04-10,jane-doe,Jane Doe,简·杜,异常主C,S,2.23,21208,326,340,1.36,60.0,59.97,7.0,hf_builds,2.7.1/builds.json,https://huggingface.co/datasets/LvlUrArti/ShiyuDataProcessed/resolve/main/2.7.1/builds.json,ok
2.7.2,2026-04-21,da,危局强袭,1-1,首领 1,2.7.2,危局强袭 2.7.2,2026-04-10,2026-04-24,jane-doe,Jane Doe,简·杜,异常主C,S,3.8,21733,628,437,1.55,60.0,60.0,7.0,hf_builds,2.7.2/builds.json,https://huggingface.co/datasets/LvlUrArti/ShiyuDataProcessed/resolve/main/2.7.2/builds.json,ok
2.8.1,2026-05-11,da,危局强袭,1-1,首领 1,2.8.1,危局强袭 2.8.1,2026-05-08,2026-05-22,jane-doe,Jane Doe,简·杜,异常主C,S,0.12,0,31,45,1.67,60.0,59.85,7.0,hf_builds,2.8.1/builds.json,https://huggingface.co/datasets/LvlUrArti/ShiyuDataProcessed/resolve/main/2.8.1/builds.json,ok
2.8.2,2026-06-02,da,危局强袭,1-1,首领 1,2.8.2,危局强袭 2.8.2,2026-05-22,2026-06-05,jane-doe,Jane Doe,简·杜,异常主C,S,0.8,15442,538,153,1.3,59.97,59.97,7.0,hf_builds,2.8.2/builds.json,https://huggingface.co/datasets/LvlUrArti/ShiyuDataProcessed/resolve/main/2.8.2/builds.json,ok
2.8.3,2026-06-15,da,危局强袭,1-1,首领 1,2.8.3,危局强袭 2.8.3,2026-06-05,2026-06-19,jane-doe,Jane Doe,简·杜,异常主C,S,7.68,23991,1313,386,1.15,60.0,59.87,7.0,hf_builds,2.8.3/builds.json,https://huggingface.co/datasets/LvlUrArti/ShiyuDataProcessed/resolve/main/2.8.3/builds.json,ok
3.0.1,2026-06-21,da,危局强袭,1-1,首领 1,3.0.1,危局强袭 3.0.1,2026-06-19,2026-07-03,jane-doe,Jane Doe,简·杜,异常主C,S,13.41,25940,1691,1028,0.9,60.0,59.83,7.0,hf_builds,3.0.1/builds.json,https://huggingface.co/datasets/LvlUrArti/ShiyuDataProcessed/resolve/main/3.0.1/builds.json,ok
2.6.1,2026-02-17,da,危局强袭,1-1,首领 1,2.6.1,危局强袭 2.6.1,2026-02-13,2026-02-27,ju-fufu,Ju Fufu,橘福福,辅助,S,1.04,22533,6081,618,0.12,60.0,59.37,6.99,hf_builds,2.6.1/builds.json,https://huggingface.co/datasets/LvlUrArti/ShiyuDataProcessed/resolve/main/2.6.1/builds.json,ok
2.6.2,2026-03-10,da,危局强袭,1-1,首领 1,2.6.2,危局强袭 2.6.2,2026-02-27,2026-03-13,ju-fufu,Ju Fufu,橘福福,辅助,S,3.71,21655,6753,990,0.14,59.98,59.58,6.99,hf_builds,2.6.2/builds.json,https://huggingface.co/datasets/LvlUrArti/ShiyuDataProcessed/resolve/main/2.6.2/builds.json,ok
2.7.1,2026-03-31,da,危局强袭,1-1,首领 1,2.7.1,危局强袭 2.7.1,2026-03-27,2026-04-10,ju-fufu,Ju Fufu,橘福福,辅助,S,0.17,23332,4894,875,0.14,59.99,58.88,6.99,hf_builds,2.7.1/builds.json,https://huggingface.co/datasets/LvlUrArti/ShiyuDataProcessed/resolve/main/2.7.1/builds.json,ok
2.7.2,2026-04-21,da,危局强袭,1-1,首领 1,2.7.2,危局强袭 2.7.2,2026-04-10,2026-04-24,ju-fufu,Ju Fufu,橘福福,辅助,S,3.77,22456,4151,583,0.15,60.0,59.57,7.0,hf_builds,2.7.2/builds.json,https://huggingface.co/datasets/LvlUrArti/ShiyuDataProcessed/resolve/main/2.7.2/builds.json,ok
2.8.1,2026-05-11,da,危局强袭,1-1,首领 1,2.8.1,危局强袭 2.8.1,2026-05-08,2026-05-22,ju-fufu,Ju Fufu,橘福福,辅助,S,0.2,0,4236,672,0.16,60.0,59.61,7.0,hf_builds,2.8.1/builds.json,https://huggingface.co/datasets/LvlUrArti/ShiyuDataProcessed/resolve/main/2.8.1/builds.json,ok
2.8.2,2026-06-02,da,危局强袭,1-1,首领 1,2.8.2,危局强袭 2.8.2,2026-05-22,2026-06-05,ju-fufu,Ju Fufu,橘福福,辅助,S,1.08,16744,3302,253,0.19,60.0,59.73,7.0,hf_builds,2.8.2/builds.json,https://huggingface.co/datasets/LvlUrArti/ShiyuDataProcessed/resolve/main/2.8.2/builds.json,ok
2.8.3,2026-06-15,da,危局强袭,1-1,首领 1,2.8.3,危局强袭 2.8.3,2026-06-05,2026-06-19,ju-fufu,Ju Fufu,橘福福,辅助,S,2.49,22867,2888,266,0.18,60.0,59.89,6.99,hf_builds,2.8.3/builds.json,https://huggingface.co/datasets/LvlUrArti/ShiyuDataProcessed/resolve/main/2.8.3/builds.json,ok
3.0.1,2026-06-21,da,危局强袭,1-1,首领 1,3.0.1,危局强袭 3.0.1,2026-06-19,2026-07-03,ju-fufu,Ju Fufu,橘福福,辅助,S,0.76,23443,3817,600,0.16,60.0,59.8,7.0,hf_builds,3.0.1/builds.json,https://huggingface.co/datasets/LvlUrArti/ShiyuDataProcessed/resolve/main/3.0.1/builds.json,ok
2.6.1,2026-02-17,da,危局强袭,1-1,首领 1,2.6.1,危局强袭 2.6.1,2026-02-13,2026-02-27,koleda,Koleda Belobog,珂蕾妲·贝洛伯格,辅助,S,0.03,0,180,5,2.11,60.0,55.14,6.92,hf_builds,2.6.1/builds.json,https://huggingface.co/datasets/LvlUrArti/ShiyuDataProcessed/resolve/main/2.6.1/builds.json,ok
2.6.2,2026-03-10,da,危局强袭,1-1,首领 1,2.6.2,危局强袭 2.6.2,2026-02-27,2026-03-13,koleda,Koleda Belobog,珂蕾妲·贝洛伯格,辅助,S,0.11,0,243,11,1.98,60.0,55.63,6.96,hf_builds,2.6.2/builds.json,https://huggingface.co/datasets/LvlUrArti/ShiyuDataProcessed/resolve/main/2.6.2/builds.json,ok
2.7.1,2026-03-31,da,危局强袭,1-1,首领 1,2.7.1,危局强袭 2.7.1,2026-03-27,2026-04-10,koleda,Koleda Belobog,珂蕾妲·贝洛伯格,辅助,S,0.02,0,103,7,2.19,60.0,51.14,7.0,hf_builds,2.7.1/builds.json,https://huggingface.co/datasets/LvlUrArti/ShiyuDataProcessed/resolve/main/2.7.1/builds.json,ok
2.7.2,2026-04-21,da,危局强袭,1-1,首领 1,2.7.2,危局强袭 2.7.2,2026-04-10,2026-04-24,koleda,Koleda Belobog,珂蕾妲·贝洛伯格,辅助,S,0.06,0,74,4,2.14,60.0,60.0,7.0,hf_builds,2.7.2/builds.json,https://huggingface.co/datasets/LvlUrArti/ShiyuDataProcessed/resolve/main/2.7.2/builds.json,ok
2.8.1,2026-05-11,da,危局强袭,1-1,首领 1,2.8.1,危局强袭 2.8.1,2026-05-08,2026-05-22,koleda,Koleda Belobog,珂蕾妲·贝洛伯格,辅助,S,0.01,0,156,5,2.11,60.0,58.89,7.0,hf_builds,2.8.1/builds.json,https://huggingface.co/datasets/LvlUrArti/ShiyuDataProcessed/resolve/main/2.8.1/builds.json,ok
2.8.2,2026-06-02,da,危局强袭,1-1,首领 1,2.8.2,危局强袭 2.8.2,2026-05-22,2026-06-05,koleda,Koleda Belobog,珂蕾妲·贝洛伯格,辅助,S,0.01,0,134,4,2.16,60.0,60.0,6.93,hf_builds,2.8.2/builds.json,https://huggingface.co/datasets/LvlUrArti/ShiyuDataProcessed/resolve/main/2.8.2/builds.json,ok
2.8.3,2026-06-15,da,危局强袭,1-1,首领 1,2.8.3,危局强袭 2.8.3,2026-06-05,2026-06-19,koleda,Koleda Belobog,珂蕾妲·贝洛伯格,辅助,S,0.05,0,104,2,2.36,60.0,60.0,7.0,hf_builds,2.8.3/builds.json,https://huggingface.co/datasets/LvlUrArti/ShiyuDataProcessed/resolve/main/2.8.3/builds.json,ok
3.0.1,2026-06-21,da,危局强袭,1-1,首领 1,3.0.1,危局强袭 3.0.1,2026-06-19,2026-07-03,koleda,Koleda Belobog,珂蕾妲·贝洛伯格,辅助,S,0.03,0,119,9,2.51,60.0,59.49,7.0,hf_builds,3.0.1/builds.json,https://huggingface.co/datasets/LvlUrArti/ShiyuDataProcessed/resolve/main/3.0.1/builds.json,ok
2.6.1,2026-02-17,da,危局强袭,1-1,首领 1,2.6.1,危局强袭 2.6.1,2026-02-13,2026-02-27,lighter,Lighter,莱特,辅助,S,0.85,21427,424,156,0.37,60.0,59.62,6.99,hf_builds,2.6.1/builds.json,https://huggingface.co/datasets/LvlUrArti/ShiyuDataProcessed/resolve/main/2.6.1/builds.json,ok
2.6.2,2026-03-10,da,危局强袭,1-1,首领 1,2.6.2,危局强袭 2.6.2,2026-02-27,2026-03-13,lighter,Lighter,莱特,辅助,S,0.05,0,567,310,0.54,60.0,59.85,7.0,hf_builds,2.6.2/builds.json,https://huggingface.co/datasets/LvlUrArti/ShiyuDataProcessed/resolve/main/2.6.2/builds.json,ok
2.7.1,2026-03-31,da,危局强袭,1-1,首领 1,2.7.1,危局强袭 2.7.1,2026-03-27,2026-04-10,lighter,Lighter,莱特,辅助,S,0.06,0,730,430,0.59,60.0,59.54,7.0,hf_builds,2.7.1/builds.json,https://huggingface.co/datasets/LvlUrArti/ShiyuDataProcessed/resolve/main/2.7.1/builds.json,ok
2.7.2,2026-04-21,da,危局强袭,1-1,首领 1,2.7.2,危局强袭 2.7.2,2026-04-10,2026-04-24,lighter,Lighter,莱特,辅助,S,0.07,0,484,258,0.72,60.0,59.87,7.0,hf_builds,2.7.2/builds.json,https://huggingface.co/datasets/LvlUrArti/ShiyuDataProcessed/resolve/main/2.7.2/builds.json,ok
2.8.1,2026-05-11,da,危局强袭,1-1,首领 1,2.8.1,危局强袭 2.8.1,2026-05-08,2026-05-22,lighter,Lighter,莱特,辅助,S,0.41,22016,322,208,0.72,60.0,59.56,6.99,hf_builds,2.8.1/builds.json,https://huggingface.co/datasets/LvlUrArti/ShiyuDataProcessed/resolve/main/2.8.1/builds.json,ok
2.8.2,2026-06-02,da,危局强袭,1-1,首领 1,2.8.2,危局强袭 2.8.2,2026-05-22,2026-06-05,lighter,Lighter,莱特,辅助,S,0.47,10324,326,67,0.62,60.0,59.95,6.98,hf_builds,2.8.2/builds.json,https://huggingface.co/datasets/LvlUrArti/ShiyuDataProcessed/resolve/main/2.8.2/builds.json,ok
2.8.3,2026-06-15,da,危局强袭,1-1,首领 1,2.8.3,危局强袭 2.8.3,2026-06-05,2026-06-19,lighter,Lighter,莱特,辅助,S,0.05,0,271,86,0.53,60.0,59.96,7.0,hf_builds,2.8.3/builds.json,https://huggingface.co/datasets/LvlUrArti/ShiyuDataProcessed/resolve/main/2.8.3/builds.json,ok
3.0.1,2026-06-21,da,危局强袭,1-1,首领 1,3.0.1,危局强袭 3.0.1,2026-06-19,2026-07-03,lighter,Lighter,莱特,辅助,S,0.17,0,550,331,0.51,60.0,59.88,7.0,hf_builds,3.0.1/builds.json,https://huggingface.co/datasets/LvlUrArti/ShiyuDataProcessed/resolve/main/3.0.1/builds.json,ok
2.6.1,2026-02-17,da,危局强袭,1-1,首领 1,2.6.1,危局强袭 2.6.1,2026-02-13,2026-02-27,lucia,Lucia,卢西娅,辅助,S,0.32,23923,11486,1156,0.13,60.0,58.99,6.99,hf_builds,2.6.1/builds.json,https://huggingface.co/datasets/LvlUrArti/ShiyuDataProcessed/resolve/main/2.6.1/builds.json,ok
2.6.2,2026-03-10,da,危局强袭,1-1,首领 1,2.6.2,危局强袭 2.6.2,2026-02-27,2026-03-13,lucia,Lucia,卢西娅,辅助,S,9.32,22159,13272,1895,0.14,59.99,59.19,6.99,hf_builds,2.6.2/builds.json,https://huggingface.co/datasets/LvlUrArti/ShiyuDataProcessed/resolve/main/2.6.2/builds.json,ok
2.7.1,2026-03-31,da,危局强袭,1-1,首领 1,2.7.1,危局强袭 2.7.1,2026-03-27,2026-04-10,lucia,Lucia,卢西娅,辅助,S,0.37,21888,11079,1782,0.13,60.0,59.1,6.99,hf_builds,2.7.1/builds.json,https://huggingface.co/datasets/LvlUrArti/ShiyuDataProcessed/resolve/main/2.7.1/builds.json,ok
2.7.2,2026-04-21,da,危局强袭,1-1,首领 1,2.7.2,危局强袭 2.7.2,2026-04-10,2026-04-24,lucia,Lucia,卢西娅,辅助,S,9.45,22711,7398,1073,0.15,60.0,59.28,6.99,hf_builds,2.7.2/builds.json,https://huggingface.co/datasets/LvlUrArti/ShiyuDataProcessed/resolve/main/2.7.2/builds.json,ok
2.8.1,2026-05-11,da,危局强袭,1-1,首领 1,2.8.1,危局强袭 2.8.1,2026-05-08,2026-05-22,lucia,Lucia,卢西娅,辅助,S,0.35,24187,11270,1555,0.16,60.0,59.39,6.99,hf_builds,2.8.1/builds.json,https://huggingface.co/datasets/LvlUrArti/ShiyuDataProcessed/resolve/main/2.8.1/builds.json,ok
2.8.2,2026-06-02,da,危局强袭,1-1,首领 1,2.8.2,危局强袭 2.8.2,2026-05-22,2026-06-05,lucia,Lucia,卢西娅,辅助,S,1.9,16739,9190,632,0.21,59.99,59.54,6.99,hf_builds,2.8.2/builds.json,https://huggingface.co/datasets/LvlUrArti/ShiyuDataProcessed/resolve/main/2.8.2/builds.json,ok
2.8.3,2026-06-15,da,危局强袭,1-1,首领 1,2.8.3,危局强袭 2.8.3,2026-06-05,2026-06-19,lucia,Lucia,卢西娅,辅助,S,5.92,24114,9097,652,0.2,60.0,59.54,7.0,hf_builds,2.8.3/builds.json,https://huggingface.co/datasets/LvlUrArti/ShiyuDataProcessed/resolve/main/2.8.3/builds.json,ok
3.0.1,2026-06-21,da,危局强袭,1-1,首领 1,3.0.1,危局强袭 3.0.1,2026-06-19,2026-07-03,lucia,Lucia,卢西娅,辅助,S,1.55,23399,8925,1264,0.17,60.0,59.33,6.99,hf_builds,3.0.1/builds.json,https://huggingface.co/datasets/LvlUrArti/ShiyuDataProcessed/resolve/main/3.0.1/builds.json,ok
2.6.1,2026-02-17,da,危局强袭,1-1,首领 1,2.6.1,危局强袭 2.6.1,2026-02-13,2026-02-27,lucy,Luciana de Montefio,露西亚娜·德·蒙特夫,辅助,A,0.42,23543,169,8,5.98,60.0,59.6,7.0,hf_builds,2.6.1/builds.json,https://huggingface.co/datasets/LvlUrArti/ShiyuDataProcessed/resolve/main/2.6.1/builds.json,ok
2.6.2,2026-03-10,da,危局强袭,1-1,首领 1,2.6.2,危局强袭 2.6.2,2026-02-27,2026-03-13,lucy,Luciana de Montefio,露西亚娜·德·蒙特夫,辅助,A,0.15,21760,139,11,5.96,60.0,60.0,7.0,hf_builds,2.6.2/builds.json,https://huggingface.co/datasets/LvlUrArti/ShiyuDataProcessed/resolve/main/2.6.2/builds.json,ok
2.7.1,2026-03-31,da,危局强袭,1-1,首领 1,2.7.1,危局强袭 2.7.1,2026-03-27,2026-04-10,lucy,Luciana de Montefio,露西亚娜·德·蒙特夫,辅助,A,0.01,0,83,16,5.99,60.0,60.0,7.0,hf_builds,2.7.1/builds.json,https://huggingface.co/datasets/LvlUrArti/ShiyuDataProcessed/resolve/main/2.7.1/builds.json,ok
2.7.2,2026-04-21,da,危局强袭,1-1,首领 1,2.7.2,危局强袭 2.7.2,2026-04-10,2026-04-24,lucy,Luciana de Montefio,露西亚娜·德·蒙特夫,辅助,A,0.04,0,82,9,6.0,60.0,57.25,7.0,hf_builds,2.7.2/builds.json,https://huggingface.co/datasets/LvlUrArti/ShiyuDataProcessed/resolve/main/2.7.2/builds.json,ok
2.8.1,2026-05-11,da,危局强袭,1-1,首领 1,2.8.1,危局强袭 2.8.1,2026-05-08,2026-05-22,lucy,Luciana de Montefio,露西亚娜·德·蒙特夫,辅助,A,0.07,0,39,6,6.0,60.0,60.0,7.0,hf_builds,2.8.1/builds.json,https://huggingface.co/datasets/LvlUrArti/ShiyuDataProcessed/resolve/main/2.8.1/builds.json,ok
2.8.2,2026-06-02,da,危局强袭,1-1,首领 1,2.8.2,危局强袭 2.8.2,2026-05-22,2026-06-05,lucy,Luciana de Montefio,露西亚娜·德·蒙特夫,辅助,A,0.35,13024,137,2,5.98,60.0,60.0,7.0,hf_builds,2.8.2/builds.json,https://huggingface.co/datasets/LvlUrArti/ShiyuDataProcessed/resolve/main/2.8.2/builds.json,ok
2.8.3,2026-06-15,da,危局强袭,1-1,首领 1,2.8.3,危局强袭 2.8.3,2026-06-05,2026-06-19,lucy,Luciana de Montefio,露西亚娜·德·蒙特夫,辅助,A,0.03,0,60,4,5.99,60.0,58.87,6.88,hf_builds,2.8.3/builds.json,https://huggingface.co/datasets/LvlUrArti/ShiyuDataProcessed/resolve/main/2.8.3/builds.json,ok
3.0.1,2026-06-21,da,危局强袭,1-1,首领 1,3.0.1,危局强袭 3.0.1,2026-06-19,2026-07-03,lucy,Luciana de Montefio,露西亚娜·德·蒙特夫,辅助,A,0.07,0,48,6,5.99,60.0,60.0,7.0,hf_builds,3.0.1/builds.json,https://huggingface.co/datasets/LvlUrArti/ShiyuDataProcessed/resolve/main/3.0.1/builds.json,ok
2.6.1,2026-02-17,da,危局强袭,1-1,首领 1,2.6.1,危局强袭 2.6.1,2026-02-13,2026-02-27,lycaon,Von Lycaon,冯·莱卡恩,辅助,S,0.11,0,409,69,2.12,60.0,59.85,7.0,hf_builds,2.6.1/builds.json,https://huggingface.co/datasets/LvlUrArti/ShiyuDataProcessed/resolve/main/2.6.1/builds.json,ok
2.6.2,2026-03-10,da,危局强袭,1-1,首领 1,2.6.2,危局强袭 2.6.2,2026-02-27,2026-03-13,lycaon,Von Lycaon,冯·莱卡恩,辅助,S,2.02,26617,1656,179,2.18,60.0,58.55,6.97,hf_builds,2.6.2/builds.json,https://huggingface.co/datasets/LvlUrArti/ShiyuDataProcessed/resolve/main/2.6.2/builds.json,ok
2.7.1,2026-03-31,da,危局强袭,1-1,首领 1,2.7.1,危局强袭 2.7.1,2026-03-27,2026-04-10,lycaon,Von Lycaon,冯·莱卡恩,辅助,S,3.94,24538,1759,349,2.28,59.99,58.84,6.97,hf_builds,2.7.1/builds.json,https://huggingface.co/datasets/LvlUrArti/ShiyuDataProcessed/resolve/main/2.7.1/builds.json,ok
2.7.2,2026-04-21,da,危局强袭,1-1,首领 1,2.7.2,危局强袭 2.7.2,2026-04-10,2026-04-24,lycaon,Von Lycaon,冯·莱卡恩,辅助,S,1.17,25632,939,144,2.28,59.98,58.95,6.98,hf_builds,2.7.2/builds.json,https://huggingface.co/datasets/LvlUrArti/ShiyuDataProcessed/resolve/main/2.7.2/builds.json,ok
2.8.1,2026-05-11,da,危局强袭,1-1,首领 1,2.8.1,危局强袭 2.8.1,2026-05-08,2026-05-22,lycaon,Von Lycaon,冯·莱卡恩,辅助,S,1.21,23226,968,127,2.21,59.99,59.37,6.98,hf_builds,2.8.1/builds.json,https://huggingface.co/datasets/LvlUrArti/ShiyuDataProcessed/resolve/main/2.8.1/builds.json,ok
2.8.2,2026-06-02,da,危局强袭,1-1,首领 1,2.8.2,危局强袭 2.8.2,2026-05-22,2026-06-05,lycaon,Von Lycaon,冯·莱卡恩,辅助,S,2.27,12906,1423,76,2.26,60.0,59.75,6.99,hf_builds,2.8.2/builds.json,https://huggingface.co/datasets/LvlUrArti/ShiyuDataProcessed/resolve/main/2.8.2/builds.json,ok
2.8.3,2026-06-15,da,危局强袭,1-1,首领 1,2.8.3,危局强袭 2.8.3,2026-06-05,2026-06-19,lycaon,Von Lycaon,冯·莱卡恩,辅助,S,0.69,24141,811,71,2.39,60.0,59.7,7.0,hf_builds,2.8.3/builds.json,https://huggingface.co/datasets/LvlUrArti/ShiyuDataProcessed/resolve/main/2.8.3/builds.json,ok
3.0.1,2026-06-21,da,危局强袭,1-1,首领 1,3.0.1,危局强袭 3.0.1,2026-06-19,2026-07-03,lycaon,Von Lycaon,冯·莱卡恩,辅助,S,0.27,22107,1078,249,2.48,60.0,59.87,6.98,hf_builds,3.0.1/builds.json,https://huggingface.co/datasets/LvlUrArti/ShiyuDataProcessed/resolve/main/3.0.1/builds.json,ok
2.6.1,2026-02-17,da,危局强袭,1-1,首领 1,2.6.1,危局强袭 2.6.1,2026-02-13,2026-02-27,manato,Komano Manato,狛野真斗,直伤主C,A,0.01,0,201,53,5.76,60.0,60.0,7.0,hf_builds,2.6.1/builds.json,https://huggingface.co/datasets/LvlUrArti/ShiyuDataProcessed/resolve/main/2.6.1/builds.json,ok
2.6.2,2026-03-10,da,危局强袭,1-1,首领 1,2.6.2,危局强袭 2.6.2,2026-02-27,2026-03-13,manato,Komano Manato,狛野真斗,直伤主C,A,0.01,0,585,184,5.74,60.0,60.0,7.0,hf_builds,2.6.2/builds.json,https://huggingface.co/datasets/LvlUrArti/ShiyuDataProcessed/resolve/main/2.6.2/builds.json,ok
2.7.1,2026-03-31,da,危局强袭,1-1,首领 1,2.7.1,危局强袭 2.7.1,2026-03-27,2026-04-10,manato,Komano Manato,狛野真斗,直伤主C,A,0.0,0,121,67,5.78,60.0,60.0,7.0,hf_builds,2.7.1/builds.json,https://huggingface.co/datasets/LvlUrArti/ShiyuDataProcessed/resolve/main/2.7.1/builds.json,ok
2.7.2,2026-04-21,da,危局强袭,1-1,首领 1,2.7.2,危局强袭 2.7.2,2026-04-10,2026-04-24,manato,Komano Manato,狛野真斗,直伤主C,A,0.0,0,30,17,5.92,60.0,60.0,7.0,hf_builds,2.7.2/builds.json,https://huggingface.co/datasets/LvlUrArti/ShiyuDataProcessed/resolve/main/2.7.2/builds.json,ok
2.8.1,2026-05-11,da,危局强袭,1-1,首领 1,2.8.1,危局强袭 2.8.1,2026-05-08,2026-05-22,manato,Komano Manato,狛野真斗,直伤主C,A,0.0,0,310,137,5.8,60.0,60.0,7.0,hf_builds,2.8.1/builds.json,https://huggingface.co/datasets/LvlUrArti/ShiyuDataProcessed/resolve/main/2.8.1/builds.json,ok
2.8.2,2026-06-02,da,危局强袭,1-1,首领 1,2.8.2,危局强袭 2.8.2,2026-05-22,2026-06-05,manato,Komano Manato,狛野真斗,直伤主C,A,0.01,0,58,11,5.85,60.0,60.0,7.0,hf_builds,2.8.2/builds.json,https://huggingface.co/datasets/LvlUrArti/ShiyuDataProcessed/resolve/main/2.8.2/builds.json,ok
2.8.3,2026-06-15,da,危局强袭,1-1,首领 1,2.8.3,危局强袭 2.8.3,2026-06-05,2026-06-19,manato,Komano Manato,狛野真斗,直伤主C,A,0.01,0,18,7,5.98,60.0,60.0,7.0,hf_builds,2.8.3/builds.json,https://huggingface.co/datasets/LvlUrArti/ShiyuDataProcessed/resolve/main/2.8.3/builds.json,ok
3.0.1,2026-06-21,da,危局强袭,1-1,首领 1,3.0.1,危局强袭 3.0.1,2026-06-19,2026-07-03,manato,Komano Manato,狛野真斗,直伤主C,A,0.0,0,18,13,5.99,60.0,60.0,7.0,hf_builds,3.0.1/builds.json,https://huggingface.co/datasets/LvlUrArti/ShiyuDataProcessed/resolve/main/3.0.1/builds.json,ok
2.6.1,2026-02-17,da,危局强袭,1-1,首领 1,2.6.1,危局强袭 2.6.1,2026-02-13,2026-02-27,miyabi,Hoshimi Miyabi,星见 雅,异常主C,S,0.01,0,12897,5926,1.08,60.0,59.99,7.0,hf_builds,2.6.1/builds.json,https://huggingface.co/datasets/LvlUrArti/ShiyuDataProcessed/resolve/main/2.6.1/builds.json,ok
2.6.2,2026-03-10,da,危局强袭,1-1,首领 1,2.6.2,危局强袭 2.6.2,2026-02-27,2026-03-13,miyabi,Hoshimi Miyabi,星见 雅,异常主C,S,0.41,0,2055,2301,1.84,60.0,59.98,7.0,hf_builds,2.6.2/builds.json,https://huggingface.co/datasets/LvlUrArti/ShiyuDataProcessed/resolve/main/2.6.2/builds.json,ok
2.7.1,2026-03-31,da,危局强袭,1-1,首领 1,2.7.1,危局强袭 2.7.1,2026-03-27,2026-04-10,miyabi,Hoshimi Miyabi,星见 雅,异常主C,S,14.6,24176,10497,8925,1.17,60.0,59.98,7.0,hf_builds,2.7.1/builds.json,https://huggingface.co/datasets/LvlUrArti/ShiyuDataProcessed/resolve/main/2.7.1/builds.json,ok
2.7.2,2026-04-21,da,危局强袭,1-1,首领 1,2.7.2,危局强袭 2.7.2,2026-04-10,2026-04-24,miyabi,Hoshimi Miyabi,星见 雅,异常主C,S,2.88,22667,3608,3361,1.5,60.0,59.99,7.0,hf_builds,2.7.2/builds.json,https://huggingface.co/datasets/LvlUrArti/ShiyuDataProcessed/resolve/main/2.7.2/builds.json,ok
2.8.1,2026-05-11,da,危局强袭,1-1,首领 1,2.8.1,危局强袭 2.8.1,2026-05-08,2026-05-22,miyabi,Hoshimi Miyabi,星见 雅,异常主C,S,55.9,25394,7767,6980,1.24,60.0,59.95,7.0,hf_builds,2.8.1/builds.json,https://huggingface.co/datasets/LvlUrArti/ShiyuDataProcessed/resolve/main/2.8.1/builds.json,ok
2.8.2,2026-06-02,da,危局强袭,1-1,首领 1,2.8.2,危局强袭 2.8.2,2026-05-22,2026-06-05,miyabi,Hoshimi Miyabi,星见 雅,异常主C,S,60.49,22872,10802,4348,1.12,60.0,59.98,7.0,hf_builds,2.8.2/builds.json,https://huggingface.co/datasets/LvlUrArti/ShiyuDataProcessed/resolve/main/2.8.2/builds.json,ok
2.8.3,2026-06-15,da,危局强袭,1-1,首领 1,2.8.3,危局强袭 2.8.3,2026-06-05,2026-06-19,miyabi,Hoshimi Miyabi,星见 雅,异常主C,S,29.49,29163,5628,2551,1.27,60.0,59.98,7.0,hf_builds,2.8.3/builds.json,https://huggingface.co/datasets/LvlUrArti/ShiyuDataProcessed/resolve/main/2.8.3/builds.json,ok
3.0.1,2026-06-21,da,危局强袭,1-1,首领 1,3.0.1,危局强袭 3.0.1,2026-06-19,2026-07-03,miyabi,Hoshimi Miyabi,星见 雅,异常主C,S,15.13,23567,5304,5334,1.28,60.0,59.95,7.0,hf_builds,3.0.1/builds.json,https://huggingface.co/datasets/LvlUrArti/ShiyuDataProcessed/resolve/main/3.0.1/builds.json,ok
2.7.1,2026-03-31,da,危局强袭,1-1,首领 1,2.7.1,危局强袭 2.7.1,2026-03-27,2026-04-10,nangong-yu,Nangong Yu,南宫羽,辅助,S,50.86,29149,7531,2868,0.08,59.97,59.52,6.83,hf_builds,2.7.1/builds.json,https://huggingface.co/datasets/LvlUrArti/ShiyuDataProcessed/resolve/main/2.7.1/builds.json,ok
2.7.2,2026-04-21,da,危局强袭,1-1,首领 1,2.7.2,危局强袭 2.7.2,2026-04-10,2026-04-24,nangong-yu,Nangong Yu,南宫羽,辅助,S,60.12,32731,11119,3659,0.11,60.0,59.78,6.98,hf_builds,2.7.2/builds.json,https://huggingface.co/datasets/LvlUrArti/ShiyuDataProcessed/resolve/main/2.7.2/builds.json,ok
2.8.1,2026-05-11,da,危局强袭,1-1,首领 1,2.8.1,危局强袭 2.8.1,2026-05-08,2026-05-22,nangong-yu,Nangong Yu,南宫羽,辅助,S,55.3,29322,7640,3174,0.12,60.0,59.77,6.99,hf_builds,2.8.1/builds.json,https://huggingface.co/datasets/LvlUrArti/ShiyuDataProcessed/resolve/main/2.8.1/builds.json,ok
2.8.2,2026-06-02,da,危局强袭,1-1,首领 1,2.8.2,危局强袭 2.8.2,2026-05-22,2026-06-05,nangong-yu,Nangong Yu,南宫羽,辅助,S,26.55,28215,11306,2193,0.12,60.0,59.92,6.99,hf_builds,2.8.2/builds.json,https://huggingface.co/datasets/LvlUrArti/ShiyuDataProcessed/resolve/main/2.8.2/builds.json,ok
2.8.3,2026-06-15,da,危局强袭,1-1,首领 1,2.8.3,危局强袭 2.8.3,2026-06-05,2026-06-19,nangong-yu,Nangong Yu,南宫羽,辅助,S,50.17,31195,8975,1666,0.12,60.0,59.93,6.99,hf_builds,2.8.3/builds.json,https://huggingface.co/datasets/LvlUrArti/ShiyuDataProcessed/resolve/main/2.8.3/builds.json,ok
3.0.1,2026-06-21,da,危局强袭,1-1,首领 1,3.0.1,危局强袭 3.0.1,2026-06-19,2026-07-03,nangong-yu,Nangong Yu,南宫羽,辅助,S,19.04,24622,4998,2145,0.13,60.0,59.86,6.99,hf_builds,3.0.1/builds.json,https://huggingface.co/datasets/LvlUrArti/ShiyuDataProcessed/resolve/main/3.0.1/builds.json,ok
2.6.1,2026-02-17,da,危局强袭,1-1,首领 1,2.6.1,危局强袭 2.6.1,2026-02-13,2026-02-27,nekomata,Nekomiya Mana,猫宫 又奈,直伤主C,S,0.51,21468,91,34,3.42,60.0,58.98,7.0,hf_builds,2.6.1/builds.json,https://huggingface.co/datasets/LvlUrArti/ShiyuDataProcessed/resolve/main/2.6.1/builds.json,ok
2.6.2,2026-03-10,da,危局强袭,1-1,首领 1,2.6.2,危局强袭 2.6.2,2026-02-27,2026-03-13,nekomata,Nekomiya Mana,猫宫 又奈,直伤主C,S,0.05,0,75,39,3.48,60.0,60.0,6.99,hf_builds,2.6.2/builds.json,https://huggingface.co/datasets/LvlUrArti/ShiyuDataProcessed/resolve/main/2.6.2/builds.json,ok
2.7.1,2026-03-31,da,危局强袭,1-1,首领 1,2.7.1,危局强袭 2.7.1,2026-03-27,2026-04-10,nekomata,Nekomiya Mana,猫宫 又奈,直伤主C,S,0.02,0,23,21,3.97,60.0,60.0,7.0,hf_builds,2.7.1/builds.json,https://huggingface.co/datasets/LvlUrArti/ShiyuDataProcessed/resolve/main/2.7.1/builds.json,ok
2.7.2,2026-04-21,da,危局强袭,1-1,首领 1,2.7.2,危局强袭 2.7.2,2026-04-10,2026-04-24,nekomata,Nekomiya Mana,猫宫 又奈,直伤主C,S,0.02,0,65,42,3.71,60.0,60.0,6.99,hf_builds,2.7.2/builds.json,https://huggingface.co/datasets/LvlUrArti/ShiyuDataProcessed/resolve/main/2.7.2/builds.json,ok
2.8.1,2026-05-11,da,危局强袭,1-1,首领 1,2.8.1,危局强袭 2.8.1,2026-05-08,2026-05-22,nekomata,Nekomiya Mana,猫宫 又奈,直伤主C,S,0.0,0,38,33,4.3,60.0,60.0,7.0,hf_builds,2.8.1/builds.json,https://huggingface.co/datasets/LvlUrArti/ShiyuDataProcessed/resolve/main/2.8.1/builds.json,ok
2.8.2,2026-06-02,da,危局强袭,1-1,首领 1,2.8.2,危局强袭 2.8.2,2026-05-22,2026-06-05,nekomata,Nekomiya Mana,猫宫 又奈,直伤主C,S,0.01,0,37,18,3.98,60.0,58.52,7.0,hf_builds,2.8.2/builds.json,https://huggingface.co/datasets/LvlUrArti/ShiyuDataProcessed/resolve/main/2.8.2/builds.json,ok
2.8.3,2026-06-15,da,危局强袭,1-1,首领 1,2.8.3,危局强袭 2.8.3,2026-06-05,2026-06-19,nekomata,Nekomiya Mana,猫宫 又奈,直伤主C,S,0.01,0,61,24,4.05,60.0,58.78,7.0,hf_builds,2.8.3/builds.json,https://huggingface.co/datasets/LvlUrArti/ShiyuDataProcessed/resolve/main/2.8.3/builds.json,ok
3.0.1,2026-06-21,da,危局强袭,1-1,首领 1,3.0.1,危局强袭 3.0.1,2026-06-19,2026-07-03,nekomata,Nekomiya Mana,猫宫 又奈,直伤主C,S,0.01,0,25,30,4.36,60.0,60.0,7.0,hf_builds,3.0.1/builds.json,https://huggingface.co/datasets/LvlUrArti/ShiyuDataProcessed/resolve/main/3.0.1/builds.json,ok
2.6.1,2026-02-17,da,危局强袭,1-1,首领 1,2.6.1,危局强袭 2.6.1,2026-02-13,2026-02-27,nicole-demara,Nicole Demara,妮可·德玛拉,辅助,A,0.92,23013,849,39,5.99,60.0,59.7,6.95,hf_builds,2.6.1/builds.json,https://huggingface.co/datasets/LvlUrArti/ShiyuDataProcessed/resolve/main/2.6.1/builds.json,ok
2.6.2,2026-03-10,da,危局强袭,1-1,首领 1,2.6.2,危局强袭 2.6.2,2026-02-27,2026-03-13,nicole-demara,Nicole Demara,妮可·德玛拉,辅助,A,0.6,22451,700,31,5.99,59.95,59.72,6.95,hf_builds,2.6.2/builds.json,https://huggingface.co/datasets/LvlUrArti/ShiyuDataProcessed/resolve/main/2.6.2/builds.json,ok
2.7.1,2026-03-31,da,危局强袭,1-1,首领 1,2.7.1,危局强袭 2.7.1,2026-03-27,2026-04-10,nicole-demara,Nicole Demara,妮可·德玛拉,辅助,A,0.4,21477,658,52,6.0,59.91,58.99,6.98,hf_builds,2.7.1/builds.json,https://huggingface.co/datasets/LvlUrArti/ShiyuDataProcessed/resolve/main/2.7.1/builds.json,ok
2.7.2,2026-04-21,da,危局强袭,1-1,首领 1,2.7.2,危局强袭 2.7.2,2026-04-10,2026-04-24,nicole-demara,Nicole Demara,妮可·德玛拉,辅助,A,0.38,23557,559,48,6.0,60.0,59.39,7.0,hf_builds,2.7.2/builds.json,https://huggingface.co/datasets/LvlUrArti/ShiyuDataProcessed/resolve/main/2.7.2/builds.json,ok
2.8.1,2026-05-11,da,危局强袭,1-1,首领 1,2.8.1,危局强袭 2.8.1,2026-05-08,2026-05-22,nicole-demara,Nicole Demara,妮可·德玛拉,辅助,A,0.69,22008,310,27,5.99,60.0,59.22,7.0,hf_builds,2.8.1/builds.json,https://huggingface.co/datasets/LvlUrArti/ShiyuDataProcessed/resolve/main/2.8.1/builds.json,ok
2.8.2,2026-06-02,da,危局强袭,1-1,首领 1,2.8.2,危局强袭 2.8.2,2026-05-22,2026-06-05,nicole-demara,Nicole Demara,妮可·德玛拉,辅助,A,1.89,16498,659,19,5.99,60.0,59.35,7.0,hf_builds,2.8.2/builds.json,https://huggingface.co/datasets/LvlUrArti/ShiyuDataProcessed/resolve/main/2.8.2/builds.json,ok
2.8.3,2026-06-15,da,危局强袭,1-1,首领 1,2.8.3,危局强袭 2.8.3,2026-06-05,2026-06-19,nicole-demara,Nicole Demara,妮可·德玛拉,辅助,A,0.82,24020,422,18,6.0,60.0,59.73,7.0,hf_builds,2.8.3/builds.json,https://huggingface.co/datasets/LvlUrArti/ShiyuDataProcessed/resolve/main/2.8.3/builds.json,ok
3.0.1,2026-06-21,da,危局强袭,1-1,首领 1,3.0.1,危局强袭 3.0.1,2026-06-19,2026-07-03,nicole-demara,Nicole Demara,妮可·德玛拉,辅助,A,0.33,21399,606,39,6.0,60.0,58.84,7.0,hf_builds,3.0.1/builds.json,https://huggingface.co/datasets/LvlUrArti/ShiyuDataProcessed/resolve/main/3.0.1/builds.json,ok
2.6.1,2026-02-17,da,危局强袭,1-1,首领 1,2.6.1,危局强袭 2.6.1,2026-02-13,2026-02-27,orphie-and-magus,"Orphie Magnusson & ""Magus""",奥菲丝·马格努森 & 「鬼火」,直伤主C,S,1.06,22053,573,246,0.14,59.99,59.77,6.99,hf_builds,2.6.1/builds.json,https://huggingface.co/datasets/LvlUrArti/ShiyuDataProcessed/resolve/main/2.6.1/builds.json,ok
2.6.2,2026-03-10,da,危局强袭,1-1,首领 1,2.6.2,危局强袭 2.6.2,2026-02-27,2026-03-13,orphie-and-magus,"Orphie Magnusson & ""Magus""",奥菲丝·马格努森 & 「鬼火」,直伤主C,S,0.09,0,3062,1090,0.15,59.99,59.93,6.99,hf_builds,2.6.2/builds.json,https://huggingface.co/datasets/LvlUrArti/ShiyuDataProcessed/resolve/main/2.6.2/builds.json,ok
2.7.1,2026-03-31,da,危局强袭,1-1,首领 1,2.7.1,危局强袭 2.7.1,2026-03-27,2026-04-10,orphie-and-magus,"Orphie Magnusson & ""Magus""",奥菲丝·马格努森 & 「鬼火」,直伤主C,S,0.31,0,352,274,0.37,60.0,59.82,7.0,hf_builds,2.7.1/builds.json,https://huggingface.co/datasets/LvlUrArti/ShiyuDataProcessed/resolve/main/2.7.1/builds.json,ok
2.7.2,2026-04-21,da,危局强袭,1-1,首领 1,2.7.2,危局强袭 2.7.2,2026-04-10,2026-04-24,orphie-and-magus,"Orphie Magnusson & ""Magus""",奥菲丝·马格努森 & 「鬼火」,直伤主C,S,0.09,0,3543,990,0.14,60.0,59.78,7.0,hf_builds,2.7.2/builds.json,https://huggingface.co/datasets/LvlUrArti/ShiyuDataProcessed/resolve/main/2.7.2/builds.json,ok
2.8.1,2026-05-11,da,危局强袭,1-1,首领 1,2.8.1,危局强袭 2.8.1,2026-05-08,2026-05-22,orphie-and-magus,"Orphie Magnusson & ""Magus""",奥菲丝·马格努森 & 「鬼火」,直伤主C,S,0.13,0,1690,742,0.15,60.0,59.82,7.0,hf_builds,2.8.1/builds.json,https://huggingface.co/datasets/LvlUrArti/ShiyuDataProcessed/resolve/main/2.8.1/builds.json,ok
2.8.2,2026-06-02,da,危局强袭,1-1,首领 1,2.8.2,危局强袭 2.8.2,2026-05-22,2026-06-05,orphie-and-magus,"Orphie Magnusson & ""Magus""",奥菲丝·马格努森 & 「鬼火」,直伤主C,S,0.22,13299,227,50,0.24,60.0,60.0,7.0,hf_builds,2.8.2/builds.json,https://huggingface.co/datasets/LvlUrArti/ShiyuDataProcessed/resolve/main/2.8.2/builds.json,ok
2.8.3,2026-06-15,da,危局强袭,1-1,首领 1,2.8.3,危局强袭 2.8.3,2026-06-05,2026-06-19,orphie-and-magus,"Orphie Magnusson & ""Magus""",奥菲丝·马格努森 & 「鬼火」,直伤主C,S,0.02,0,2563,424,0.25,60.0,59.88,7.0,hf_builds,2.8.3/builds.json,https://huggingface.co/datasets/LvlUrArti/ShiyuDataProcessed/resolve/main/2.8.3/builds.json,ok
3.0.1,2026-06-21,da,危局强袭,1-1,首领 1,3.0.1,危局强袭 3.0.1,2026-06-19,2026-07-03,orphie-and-magus,"Orphie Magnusson & ""Magus""",奥菲丝·马格努森 & 「鬼火」,直伤主C,S,0.5,23041,217,180,0.38,60.0,58.9,6.99,hf_builds,3.0.1/builds.json,https://huggingface.co/datasets/LvlUrArti/ShiyuDataProcessed/resolve/main/3.0.1/builds.json,ok
2.6.1,2026-02-17,da,危局强袭,1-1,首领 1,2.6.1,危局强袭 2.6.1,2026-02-13,2026-02-27,pan-yinhu,Pan Yinhu,潘引壶,辅助,A,0.09,0,2388,44,5.53,60.0,59.75,6.91,hf_builds,2.6.1/builds.json,https://huggingface.co/datasets/LvlUrArti/ShiyuDataProcessed/resolve/main/2.6.1/builds.json,ok
2.6.2,2026-03-10,da,危局强袭,1-1,首领 1,2.6.2,危局强袭 2.6.2,2026-02-27,2026-03-13,pan-yinhu,Pan Yinhu,潘引壶,辅助,A,1.18,20931,2211,56,5.58,59.9,59.09,6.87,hf_builds,2.6.2/builds.json,https://huggingface.co/datasets/LvlUrArti/ShiyuDataProcessed/resolve/main/2.6.2/builds.json,ok
2.7.1,2026-03-31,da,危局强袭,1-1,首领 1,2.7.1,危局强袭 2.7.1,2026-03-27,2026-04-10,pan-yinhu,Pan Yinhu,潘引壶,辅助,A,0.01,0,1794,58,5.64,60.0,58.7,6.91,hf_builds,2.7.1/builds.json,https://huggingface.co/datasets/LvlUrArti/ShiyuDataProcessed/resolve/main/2.7.1/builds.json,ok
2.7.2,2026-04-21,da,危局强袭,1-1,首领 1,2.7.2,危局强袭 2.7.2,2026-04-10,2026-04-24,pan-yinhu,Pan Yinhu,潘引壶,辅助,A,0.9,20751,821,25,5.72,60.0,59.69,6.95,hf_builds,2.7.2/builds.json,https://huggingface.co/datasets/LvlUrArti/ShiyuDataProcessed/resolve/main/2.7.2/builds.json,ok
2.8.1,2026-05-11,da,危局强袭,1-1,首领 1,2.8.1,危局强袭 2.8.1,2026-05-08,2026-05-22,pan-yinhu,Pan Yinhu,潘引壶,辅助,A,0.04,0,894,29,5.73,60.0,60.0,6.97,hf_builds,2.8.1/builds.json,https://huggingface.co/datasets/LvlUrArti/ShiyuDataProcessed/resolve/main/2.8.1/builds.json,ok
2.8.2,2026-06-02,da,危局强袭,1-1,首领 1,2.8.2,危局强袭 2.8.2,2026-05-22,2026-06-05,pan-yinhu,Pan Yinhu,潘引壶,辅助,A,0.32,10606,1068,14,5.71,60.0,60.0,6.96,hf_builds,2.8.2/builds.json,https://huggingface.co/datasets/LvlUrArti/ShiyuDataProcessed/resolve/main/2.8.2/builds.json,ok
2.8.3,2026-06-15,da,危局强袭,1-1,首领 1,2.8.3,危局强袭 2.8.3,2026-06-05,2026-06-19,pan-yinhu,Pan Yinhu,潘引壶,辅助,A,1.17,22683,737,19,5.86,60.0,60.0,6.95,hf_builds,2.8.3/builds.json,https://huggingface.co/datasets/LvlUrArti/ShiyuDataProcessed/resolve/main/2.8.3/builds.json,ok
3.0.1,2026-06-21,da,危局强袭,1-1,首领 1,3.0.1,危局强袭 3.0.1,2026-06-19,2026-07-03,pan-yinhu,Pan Yinhu,潘引壶,辅助,A,0.29,0,944,32,5.84,59.84,59.67,6.93,hf_builds,3.0.1/builds.json,https://huggingface.co/datasets/LvlUrArti/ShiyuDataProcessed/resolve/main/3.0.1/builds.json,ok
2.6.1,2026-02-17,da,危局强袭,1-1,首领 1,2.6.1,危局强袭 2.6.1,2026-02-13,2026-02-27,piper,Piper Wheel,派派·韦尔,异常主C,A,0.02,0,86,19,5.99,60.0,60.0,7.0,hf_builds,2.6.1/builds.json,https://huggingface.co/datasets/LvlUrArti/ShiyuDataProcessed/resolve/main/2.6.1/builds.json,ok
2.6.2,2026-03-10,da,危局强袭,1-1,首领 1,2.6.2,危局强袭 2.6.2,2026-02-27,2026-03-13,piper,Piper Wheel,派派·韦尔,异常主C,A,0.6,21915,93,21,5.97,60.0,60.0,7.0,hf_builds,2.6.2/builds.json,https://huggingface.co/datasets/LvlUrArti/ShiyuDataProcessed/resolve/main/2.6.2/builds.json,ok
2.7.1,2026-03-31,da,危局强袭,1-1,首领 1,2.7.1,危局强袭 2.7.1,2026-03-27,2026-04-10,piper,Piper Wheel,派派·韦尔,异常主C,A,0.33,20994,58,17,5.98,60.0,60.0,6.98,hf_builds,2.7.1/builds.json,https://huggingface.co/datasets/LvlUrArti/ShiyuDataProcessed/resolve/main/2.7.1/builds.json,ok
2.7.2,2026-04-21,da,危局强袭,1-1,首领 1,2.7.2,危局强袭 2.7.2,2026-04-10,2026-04-24,piper,Piper Wheel,派派·韦尔,异常主C,A,0.51,22014,83,18,6.0,60.0,60.0,7.0,hf_builds,2.7.2/builds.json,https://huggingface.co/datasets/LvlUrArti/ShiyuDataProcessed/resolve/main/2.7.2/builds.json,ok
2.8.1,2026-05-11,da,危局强袭,1-1,首领 1,2.8.1,危局强袭 2.8.1,2026-05-08,2026-05-22,piper,Piper Wheel,派派·韦尔,异常主C,A,0.01,0,2,2,6.0,60.0,60.0,7.0,hf_builds,2.8.1/builds.json,https://huggingface.co/datasets/LvlUrArti/ShiyuDataProcessed/resolve/main/2.8.1/builds.json,ok
2.8.2,2026-06-02,da,危局强袭,1-1,首领 1,2.8.2,危局强袭 2.8.2,2026-05-22,2026-06-05,piper,Piper Wheel,派派·韦尔,异常主C,A,0.27,16221,111,10,5.99,60.0,60.0,7.0,hf_builds,2.8.2/builds.json,https://huggingface.co/datasets/LvlUrArti/ShiyuDataProcessed/resolve/main/2.8.2/builds.json,ok
2.8.3,2026-06-15,da,危局强袭,1-1,首领 1,2.8.3,危局强袭 2.8.3,2026-06-05,2026-06-19,piper,Piper Wheel,派派·韦尔,异常主C,A,0.62,24640,107,17,6.0,60.0,60.0,7.0,hf_builds,2.8.3/builds.json,https://huggingface.co/datasets/LvlUrArti/ShiyuDataProcessed/resolve/main/2.8.3/builds.json,ok
3.0.1,2026-06-21,da,危局强袭,1-1,首领 1,3.0.1,危局强袭 3.0.1,2026-06-19,2026-07-03,piper,Piper Wheel,派派·韦尔,异常主C,A,0.7,24097,88,25,5.99,60.0,60.0,7.0,hf_builds,3.0.1/builds.json,https://huggingface.co/datasets/LvlUrArti/ShiyuDataProcessed/resolve/main/3.0.1/builds.json,ok
2.8.1,2026-05-11,da,危局强袭,1-1,首领 1,2.8.1,危局强袭 2.8.1,2026-05-08,2026-05-22,promeia,Promeia,普罗米娅,异常主C,S,22.91,31680,3110,1175,0.1,59.98,59.85,6.97,hf_builds,2.8.1/builds.json,https://huggingface.co/datasets/LvlUrArti/ShiyuDataProcessed/resolve/main/2.8.1/builds.json,ok
2.8.2,2026-06-02,da,危局强袭,1-1,首领 1,2.8.2,危局强袭 2.8.2,2026-05-22,2026-06-05,promeia,Promeia,普罗米娅,异常主C,S,23.43,28738,4235,918,0.13,60.0,59.9,6.99,hf_builds,2.8.2/builds.json,https://huggingface.co/datasets/LvlUrArti/ShiyuDataProcessed/resolve/main/2.8.2/builds.json,ok
2.8.3,2026-06-15,da,危局强袭,1-1,首领 1,2.8.3,危局强袭 2.8.3,2026-06-05,2026-06-19,promeia,Promeia,普罗米娅,异常主C,S,19.77,31585,3355,710,0.14,60.0,59.98,7.0,hf_builds,2.8.3/builds.json,https://huggingface.co/datasets/LvlUrArti/ShiyuDataProcessed/resolve/main/2.8.3/builds.json,ok
3.0.1,2026-06-21,da,危局强袭,1-1,首领 1,3.0.1,危局强袭 3.0.1,2026-06-19,2026-07-03,promeia,Promeia,普罗米娅,异常主C,S,23.42,30668,3152,1478,0.14,60.0,59.76,6.99,hf_builds,3.0.1/builds.json,https://huggingface.co/datasets/LvlUrArti/ShiyuDataProcessed/resolve/main/3.0.1/builds.json,ok
2.6.1,2026-02-17,da,危局强袭,1-1,首领 1,2.6.1,危局强袭 2.6.1,2026-02-13,2026-02-27,pulchra,Pulchra Fellini,波可娜·费雷尼,辅助,A,0.31,21846,318,13,5.98,60.0,60.0,6.93,hf_builds,2.6.1/builds.json,https://huggingface.co/datasets/LvlUrArti/ShiyuDataProcessed/resolve/main/2.6.1/builds.json,ok
2.6.2,2026-03-10,da,危局强袭,1-1,首领 1,2.6.2,危局强袭 2.6.2,2026-02-27,2026-03-13,pulchra,Pulchra Fellini,波可娜·费雷尼,辅助,A,0.18,20902,349,16,5.98,59.46,58.9,6.75,hf_builds,2.6.2/builds.json,https://huggingface.co/datasets/LvlUrArti/ShiyuDataProcessed/resolve/main/2.6.2/builds.json,ok
2.7.1,2026-03-31,da,危局强袭,1-1,首领 1,2.7.1,危局强袭 2.7.1,2026-03-27,2026-04-10,pulchra,Pulchra Fellini,波可娜·费雷尼,辅助,A,0.01,0,146,11,5.97,60.0,60.0,6.88,hf_builds,2.7.1/builds.json,https://huggingface.co/datasets/LvlUrArti/ShiyuDataProcessed/resolve/main/2.7.1/builds.json,ok
2.7.2,2026-04-21,da,危局强袭,1-1,首领 1,2.7.2,危局强袭 2.7.2,2026-04-10,2026-04-24,pulchra,Pulchra Fellini,波可娜·费雷尼,辅助,A,0.18,20985,239,7,5.98,60.0,60.0,6.79,hf_builds,2.7.2/builds.json,https://huggingface.co/datasets/LvlUrArti/ShiyuDataProcessed/resolve/main/2.7.2/builds.json,ok
2.8.1,2026-05-11,da,危局强袭,1-1,首领 1,2.8.1,危局强袭 2.8.1,2026-05-08,2026-05-22,pulchra,Pulchra Fellini,波可娜·费雷尼,辅助,A,0.0,0,123,10,5.98,60.0,60.0,6.95,hf_builds,2.8.1/builds.json,https://huggingface.co/datasets/LvlUrArti/ShiyuDataProcessed/resolve/main/2.8.1/builds.json,ok
2.8.2,2026-06-02,da,危局强袭,1-1,首领 1,2.8.2,危局强袭 2.8.2,2026-05-22,2026-06-05,pulchra,Pulchra Fellini,波可娜·费雷尼,辅助,A,0.05,0,242,6,5.94,59.26,57.78,6.63,hf_builds,2.8.2/builds.json,https://huggingface.co/datasets/LvlUrArti/ShiyuDataProcessed/resolve/main/2.8.2/builds.json,ok
2.8.3,2026-06-15,da,危局强袭,1-1,首领 1,2.8.3,危局强袭 2.8.3,2026-06-05,2026-06-19,pulchra,Pulchra Fellini,波可娜·费雷尼,辅助,A,0.18,21245,217,9,5.99,60.0,59.55,7.0,hf_builds,2.8.3/builds.json,https://huggingface.co/datasets/LvlUrArti/ShiyuDataProcessed/resolve/main/2.8.3/builds.json,ok
3.0.1,2026-06-21,da,危局强袭,1-1,首领 1,3.0.1,危局强袭 3.0.1,2026-06-19,2026-07-03,pulchra,Pulchra Fellini,波可娜·费雷尼,辅助,A,0.03,0,191,12,5.97,60.0,60.0,7.0,hf_builds,3.0.1/builds.json,https://huggingface.co/datasets/LvlUrArti/ShiyuDataProcessed/resolve/main/3.0.1/builds.json,ok
3.0.1,2026-06-21,da,危局强袭,1-1,首领 1,3.0.1,危局强袭 3.0.1,2026-06-19,2026-07-03,pyrois,Pyrois,,直伤主C,S,0.17,0,1389,284,1.85,59.98,59.83,6.79,hf_builds,3.0.1/builds.json,https://huggingface.co/datasets/LvlUrArti/ShiyuDataProcessed/resolve/main/3.0.1/builds.json,ok
2.6.1,2026-02-17,da,危局强袭,1-1,首领 1,2.6.1,危局强袭 2.6.1,2026-02-13,2026-02-27,qingyi,Qingyi,青衣,辅助,S,0.23,22689,397,29,0.47,60.0,59.5,7.0,hf_builds,2.6.1/builds.json,https://huggingface.co/datasets/LvlUrArti/ShiyuDataProcessed/resolve/main/2.6.1/builds.json,ok
2.6.2,2026-03-10,da,危局强袭,1-1,首领 1,2.6.2,危局强袭 2.6.2,2026-02-27,2026-03-13,qingyi,Qingyi,青衣,辅助,S,0.57,24406,567,92,0.51,59.98,59.63,6.99,hf_builds,2.6.2/builds.json,https://huggingface.co/datasets/LvlUrArti/ShiyuDataProcessed/resolve/main/2.6.2/builds.json,ok
2.7.1,2026-03-31,da,危局强袭,1-1,首领 1,2.7.1,危局强袭 2.7.1,2026-03-27,2026-04-10,qingyi,Qingyi,青衣,辅助,S,0.38,25249,268,48,0.51,60.0,59.96,7.0,hf_builds,2.7.1/builds.json,https://huggingface.co/datasets/LvlUrArti/ShiyuDataProcessed/resolve/main/2.7.1/builds.json,ok
2.7.2,2026-04-21,da,危局强袭,1-1,首领 1,2.7.2,危局强袭 2.7.2,2026-04-10,2026-04-24,qingyi,Qingyi,青衣,辅助,S,0.38,23921,447,81,0.59,60.0,59.93,7.0,hf_builds,2.7.2/builds.json,https://huggingface.co/datasets/LvlUrArti/ShiyuDataProcessed/resolve/main/2.7.2/builds.json,ok
2.8.1,2026-05-11,da,危局强袭,1-1,首领 1,2.8.1,危局强袭 2.8.1,2026-05-08,2026-05-22,qingyi,Qingyi,青衣,辅助,S,0.03,0,307,77,0.58,60.0,59.8,7.0,hf_builds,2.8.1/builds.json,https://huggingface.co/datasets/LvlUrArti/ShiyuDataProcessed/resolve/main/2.8.1/builds.json,ok
2.8.2,2026-06-02,da,危局强袭,1-1,首领 1,2.8.2,危局强袭 2.8.2,2026-05-22,2026-06-05,qingyi,Qingyi,青衣,辅助,S,0.07,0,195,16,0.55,60.0,60.0,7.0,hf_builds,2.8.2/builds.json,https://huggingface.co/datasets/LvlUrArti/ShiyuDataProcessed/resolve/main/2.8.2/builds.json,ok
2.8.3,2026-06-15,da,危局强袭,1-1,首领 1,2.8.3,危局强袭 2.8.3,2026-06-05,2026-06-19,qingyi,Qingyi,青衣,辅助,S,0.07,0,300,31,0.64,60.0,57.12,7.0,hf_builds,2.8.3/builds.json,https://huggingface.co/datasets/LvlUrArti/ShiyuDataProcessed/resolve/main/2.8.3/builds.json,ok
3.0.1,2026-06-21,da,危局强袭,1-1,首领 1,3.0.1,危局强袭 3.0.1,2026-06-19,2026-07-03,qingyi,Qingyi,青衣,辅助,S,0.07,0,123,33,0.78,60.0,60.0,6.98,hf_builds,3.0.1/builds.json,https://huggingface.co/datasets/LvlUrArti/ShiyuDataProcessed/resolve/main/3.0.1/builds.json,ok
2.6.1,2026-02-17,da,危局强袭,1-1,首领 1,2.6.1,危局强袭 2.6.1,2026-02-13,2026-02-27,rina,Alexandrina Sebastiane,亚历山德丽娜·莎芭丝缇安,辅助,S,0.16,24629,82,9,2.31,60.0,58.9,6.96,hf_builds,2.6.1/builds.json,https://huggingface.co/datasets/LvlUrArti/ShiyuDataProcessed/resolve/main/2.6.1/builds.json,ok
2.6.2,2026-03-10,da,危局强袭,1-1,首领 1,2.6.2,危局强袭 2.6.2,2026-02-27,2026-03-13,rina,Alexandrina Sebastiane,亚历山德丽娜·莎芭丝缇安,辅助,S,0.03,0,81,9,2.5,60.0,57.26,6.94,hf_builds,2.6.2/builds.json,https://huggingface.co/datasets/LvlUrArti/ShiyuDataProcessed/resolve/main/2.6.2/builds.json,ok
2.7.1,2026-03-31,da,危局强袭,1-1,首领 1,2.7.1,危局强袭 2.7.1,2026-03-27,2026-04-10,rina,Alexandrina Sebastiane,亚历山德丽娜·莎芭丝缇安,辅助,S,0.09,0,32,7,2.4,60.0,60.0,7.0,hf_builds,2.7.1/builds.json,https://huggingface.co/datasets/LvlUrArti/ShiyuDataProcessed/resolve/main/2.7.1/builds.json,ok
2.7.2,2026-04-21,da,危局强袭,1-1,首领 1,2.7.2,危局强袭 2.7.2,2026-04-10,2026-04-24,rina,Alexandrina Sebastiane,亚历山德丽娜·莎芭丝缇安,辅助,S,0.03,0,72,6,2.48,60.0,60.0,6.91,hf_builds,2.7.2/builds.json,https://huggingface.co/datasets/LvlUrArti/ShiyuDataProcessed/resolve/main/2.7.2/builds.json,ok
2.8.1,2026-05-11,da,危局强袭,1-1,首领 1,2.8.1,危局强袭 2.8.1,2026-05-08,2026-05-22,rina,Alexandrina Sebastiane,亚历山德丽娜·莎芭丝缇安,辅助,S,0.05,0,41,5,2.63,60.0,59.42,6.94,hf_builds,2.8.1/builds.json,https://huggingface.co/datasets/LvlUrArti/ShiyuDataProcessed/resolve/main/2.8.1/builds.json,ok
2.8.2,2026-06-02,da,危局强袭,1-1,首领 1,2.8.2,危局强袭 2.8.2,2026-05-22,2026-06-05,rina,Alexandrina Sebastiane,亚历山德丽娜·莎芭丝缇安,辅助,S,0.18,13573,63,1,2.33,60.0,60.0,7.0,hf_builds,2.8.2/builds.json,https://huggingface.co/datasets/LvlUrArti/ShiyuDataProcessed/resolve/main/2.8.2/builds.json,ok
2.8.3,2026-06-15,da,危局强袭,1-1,首领 1,2.8.3,危局强袭 2.8.3,2026-06-05,2026-06-19,rina,Alexandrina Sebastiane,亚历山德丽娜·莎芭丝缇安,辅助,S,0.04,0,41,4,2.68,60.0,60.0,7.0,hf_builds,2.8.3/builds.json,https://huggingface.co/datasets/LvlUrArti/ShiyuDataProcessed/resolve/main/2.8.3/builds.json,ok
3.0.1,2026-06-21,da,危局强袭,1-1,首领 1,3.0.1,危局强袭 3.0.1,2026-06-19,2026-07-03,rina,Alexandrina Sebastiane,亚历山德丽娜·莎芭丝缇安,辅助,S,0.02,0,20,4,2.87,60.0,60.0,6.93,hf_builds,3.0.1/builds.json,https://huggingface.co/datasets/LvlUrArti/ShiyuDataProcessed/resolve/main/3.0.1/builds.json,ok
2.6.1,2026-02-17,da,危局强袭,1-1,首领 1,2.6.1,危局强袭 2.6.1,2026-02-13,2026-02-27,seed,Seed,「席德」,直伤主C,S,1.08,22879,317,124,0.15,60.0,59.65,7.0,hf_builds,2.6.1/builds.json,https://huggingface.co/datasets/LvlUrArti/ShiyuDataProcessed/resolve/main/2.6.1/builds.json,ok
2.6.2,2026-03-10,da,危局强袭,1-1,首领 1,2.6.2,危局强袭 2.6.2,2026-02-27,2026-03-13,seed,Seed,「席德」,直伤主C,S,0.17,22676,2216,796,0.2,59.99,59.78,7.0,hf_builds,2.6.2/builds.json,https://huggingface.co/datasets/LvlUrArti/ShiyuDataProcessed/resolve/main/2.6.2/builds.json,ok
2.7.1,2026-03-31,da,危局强袭,1-1,首领 1,2.7.1,危局强袭 2.7.1,2026-03-27,2026-04-10,seed,Seed,「席德」,直伤主C,S,0.17,0,174,126,0.43,60.0,59.44,7.0,hf_builds,2.7.1/builds.json,https://huggingface.co/datasets/LvlUrArti/ShiyuDataProcessed/resolve/main/2.7.1/builds.json,ok
2.7.2,2026-04-21,da,危局强袭,1-1,首领 1,2.7.2,危局强袭 2.7.2,2026-04-10,2026-04-24,seed,Seed,「席德」,直伤主C,S,0.22,24440,3209,968,0.15,60.0,59.86,7.0,hf_builds,2.7.2/builds.json,https://huggingface.co/datasets/LvlUrArti/ShiyuDataProcessed/resolve/main/2.7.2/builds.json,ok
2.8.1,2026-05-11,da,危局强袭,1-1,首领 1,2.8.1,危局强袭 2.8.1,2026-05-08,2026-05-22,seed,Seed,「席德」,直伤主C,S,0.21,29735,2461,995,0.18,60.0,59.87,7.0,hf_builds,2.8.1/builds.json,https://huggingface.co/datasets/LvlUrArti/ShiyuDataProcessed/resolve/main/2.8.1/builds.json,ok
2.8.2,2026-06-02,da,危局强袭,1-1,首领 1,2.8.2,危局强袭 2.8.2,2026-05-22,2026-06-05,seed,Seed,「席德」,直伤主C,S,0.22,16262,346,87,0.24,60.0,59.88,7.0,hf_builds,2.8.2/builds.json,https://huggingface.co/datasets/LvlUrArti/ShiyuDataProcessed/resolve/main/2.8.2/builds.json,ok
2.8.3,2026-06-15,da,危局强袭,1-1,首领 1,2.8.3,危局强袭 2.8.3,2026-06-05,2026-06-19,seed,Seed,「席德」,直伤主C,S,0.02,0,3160,517,0.23,60.0,59.83,7.0,hf_builds,2.8.3/builds.json,https://huggingface.co/datasets/LvlUrArti/ShiyuDataProcessed/resolve/main/2.8.3/builds.json,ok
3.0.1,2026-06-21,da,危局强袭,1-1,首领 1,3.0.1,危局强袭 3.0.1,2026-06-19,2026-07-03,seed,Seed,「席德」,直伤主C,S,0.7,26527,264,187,0.45,60.0,59.69,7.0,hf_builds,3.0.1/builds.json,https://huggingface.co/datasets/LvlUrArti/ShiyuDataProcessed/resolve/main/3.0.1/builds.json,ok
2.6.1,2026-02-17,da,危局强袭,1-1,首领 1,2.6.1,危局强袭 2.6.1,2026-02-13,2026-02-27,seth,Seth Lowell,赛斯·洛威尔,辅助,A,0.01,0,5,3,6.0,60.0,60.0,7.0,hf_builds,2.6.1/builds.json,https://huggingface.co/datasets/LvlUrArti/ShiyuDataProcessed/resolve/main/2.6.1/builds.json,ok
2.6.2,2026-03-10,da,危局强袭,1-1,首领 1,2.6.2,危局强袭 2.6.2,2026-02-27,2026-03-13,seth,Seth Lowell,赛斯·洛威尔,辅助,A,0.02,0,7,1,5.85,60.0,60.0,7.0,hf_builds,2.6.2/builds.json,https://huggingface.co/datasets/LvlUrArti/ShiyuDataProcessed/resolve/main/2.6.2/builds.json,ok
2.7.1,2026-03-31,da,危局强袭,1-1,首领 1,2.7.1,危局强袭 2.7.1,2026-03-27,2026-04-10,seth,Seth Lowell,赛斯·洛威尔,辅助,A,0.02,0,3,1,6.0,60.0,60.0,7.0,hf_builds,2.7.1/builds.json,https://huggingface.co/datasets/LvlUrArti/ShiyuDataProcessed/resolve/main/2.7.1/builds.json,ok
2.7.2,2026-04-21,da,危局强袭,1-1,首领 1,2.7.2,危局强袭 2.7.2,2026-04-10,2026-04-24,seth,Seth Lowell,赛斯·洛威尔,辅助,A,0.0,0,1,1,5.88,60.0,60.0,7.0,hf_builds,2.7.2/builds.json,https://huggingface.co/datasets/LvlUrArti/ShiyuDataProcessed/resolve/main/2.7.2/builds.json,ok
2.8.1,2026-05-11,da,危局强袭,1-1,首领 1,2.8.1,危局强袭 2.8.1,2026-05-08,2026-05-22,seth,Seth Lowell,赛斯·洛威尔,辅助,A,0.0,0,3,2,6.0,60.0,60.0,7.0,hf_builds,2.8.1/builds.json,https://huggingface.co/datasets/LvlUrArti/ShiyuDataProcessed/resolve/main/2.8.1/builds.json,ok
2.8.2,2026-06-02,da,危局强袭,1-1,首领 1,2.8.2,危局强袭 2.8.2,2026-05-22,2026-06-05,seth,Seth Lowell,赛斯·洛威尔,辅助,A,0.02,0,16,0,6.0,60.0,60.0,7.0,hf_builds,2.8.2/builds.json,https://huggingface.co/datasets/LvlUrArti/ShiyuDataProcessed/resolve/main/2.8.2/builds.json,ok
2.8.3,2026-06-15,da,危局强袭,1-1,首领 1,2.8.3,危局强袭 2.8.3,2026-06-05,2026-06-19,seth,Seth Lowell,赛斯·洛威尔,辅助,A,0.05,0,10,3,6.0,60.0,60.0,7.0,hf_builds,2.8.3/builds.json,https://huggingface.co/datasets/LvlUrArti/ShiyuDataProcessed/resolve/main/2.8.3/builds.json,ok
3.0.1,2026-06-21,da,危局强袭,1-1,首领 1,3.0.1,危局强袭 3.0.1,2026-06-19,2026-07-03,seth,Seth Lowell,赛斯·洛威尔,辅助,A,0.0,0,1,1,6.0,60.0,60.0,7.0,hf_builds,3.0.1/builds.json,https://huggingface.co/datasets/LvlUrArti/ShiyuDataProcessed/resolve/main/3.0.1/builds.json,ok
2.6.1,2026-02-17,da,危局强袭,1-1,首领 1,2.6.1,危局强袭 2.6.1,2026-02-13,2026-02-27,soldier-11,Soldier 11,「11号」,直伤主C,S,0.47,21362,175,62,2.83,60.0,59.23,6.99,hf_builds,2.6.1/builds.json,https://huggingface.co/datasets/LvlUrArti/ShiyuDataProcessed/resolve/main/2.6.1/builds.json,ok
2.6.2,2026-03-10,da,危局强袭,1-1,首领 1,2.6.2,危局强袭 2.6.2,2026-02-27,2026-03-13,soldier-11,Soldier 11,「11号」,直伤主C,S,0.04,0,167,110,3.3,60.0,59.38,7.0,hf_builds,2.6.2/builds.json,https://huggingface.co/datasets/LvlUrArti/ShiyuDataProcessed/resolve/main/2.6.2/builds.json,ok
2.7.1,2026-03-31,da,危局强袭,1-1,首领 1,2.7.1,危局强袭 2.7.1,2026-03-27,2026-04-10,soldier-11,Soldier 11,「11号」,直伤主C,S,0.01,0,98,84,3.5,60.0,60.0,7.0,hf_builds,2.7.1/builds.json,https://huggingface.co/datasets/LvlUrArti/ShiyuDataProcessed/resolve/main/2.7.1/builds.json,ok
2.7.2,2026-04-21,da,危局强袭,1-1,首领 1,2.7.2,危局强袭 2.7.2,2026-04-10,2026-04-24,soldier-11,Soldier 11,「11号」,直伤主C,S,0.02,0,144,94,3.44,60.0,58.52,7.0,hf_builds,2.7.2/builds.json,https://huggingface.co/datasets/LvlUrArti/ShiyuDataProcessed/resolve/main/2.7.2/builds.json,ok
2.8.1,2026-05-11,da,危局强袭,1-1,首领 1,2.8.1,危局强袭 2.8.1,2026-05-08,2026-05-22,soldier-11,Soldier 11,「11号」,直伤主C,S,0.05,0,135,97,3.74,60.0,58.43,7.0,hf_builds,2.8.1/builds.json,https://huggingface.co/datasets/LvlUrArti/ShiyuDataProcessed/resolve/main/2.8.1/builds.json,ok
2.8.2,2026-06-02,da,危局强袭,1-1,首领 1,2.8.2,危局强袭 2.8.2,2026-05-22,2026-06-05,soldier-11,Soldier 11,「11号」,直伤主C,S,0.02,0,90,22,3.35,60.0,60.0,7.0,hf_builds,2.8.2/builds.json,https://huggingface.co/datasets/LvlUrArti/ShiyuDataProcessed/resolve/main/2.8.2/builds.json,ok
2.8.3,2026-06-15,da,危局强袭,1-1,首领 1,2.8.3,危局强袭 2.8.3,2026-06-05,2026-06-19,soldier-11,Soldier 11,「11号」,直伤主C,S,0.01,0,116,35,3.66,60.0,59.85,7.0,hf_builds,2.8.3/builds.json,https://huggingface.co/datasets/LvlUrArti/ShiyuDataProcessed/resolve/main/2.8.3/builds.json,ok
3.0.1,2026-06-21,da,危局强袭,1-1,首领 1,3.0.1,危局强袭 3.0.1,2026-06-19,2026-07-03,soldier-11,Soldier 11,「11号」,直伤主C,S,0.06,0,54,54,3.72,60.0,58.57,7.0,hf_builds,3.0.1/builds.json,https://huggingface.co/datasets/LvlUrArti/ShiyuDataProcessed/resolve/main/3.0.1/builds.json,ok
2.6.1,2026-02-17,da,危局强袭,1-1,首领 1,2.6.1,危局强袭 2.6.1,2026-02-13,2026-02-27,soukaku,Soukaku,苍角,辅助,A,0.01,0,2356,44,5.99,60.0,59.19,6.91,hf_builds,2.6.1/builds.json,https://huggingface.co/datasets/LvlUrArti/ShiyuDataProcessed/resolve/main/2.6.1/builds.json,ok
2.6.2,2026-03-10,da,危局强袭,1-1,首领 1,2.6.2,危局强袭 2.6.2,2026-02-27,2026-03-13,soukaku,Soukaku,苍角,辅助,A,0.01,0,248,12,5.99,59.53,57.47,6.86,hf_builds,2.6.2/builds.json,https://huggingface.co/datasets/LvlUrArti/ShiyuDataProcessed/resolve/main/2.6.2/builds.json,ok
2.7.1,2026-03-31,da,危局强袭,1-1,首领 1,2.7.1,危局强袭 2.7.1,2026-03-27,2026-04-10,soukaku,Soukaku,苍角,辅助,A,0.4,23016,1698,58,5.99,59.94,59.4,6.85,hf_builds,2.7.1/builds.json,https://huggingface.co/datasets/LvlUrArti/ShiyuDataProcessed/resolve/main/2.7.1/builds.json,ok
2.7.2,2026-04-21,da,危局强袭,1-1,首领 1,2.7.2,危局强袭 2.7.2,2026-04-10,2026-04-24,soukaku,Soukaku,苍角,辅助,A,0.0,0,192,13,6.0,60.0,60.0,6.96,hf_builds,2.7.2/builds.json,https://huggingface.co/datasets/LvlUrArti/ShiyuDataProcessed/resolve/main/2.7.2/builds.json,ok
2.8.1,2026-05-11,da,危局强袭,1-1,首领 1,2.8.1,危局强袭 2.8.1,2026-05-08,2026-05-22,soukaku,Soukaku,苍角,辅助,A,1.94,22694,267,19,5.99,60.0,60.0,6.97,hf_builds,2.8.1/builds.json,https://huggingface.co/datasets/LvlUrArti/ShiyuDataProcessed/resolve/main/2.8.1/builds.json,ok
2.8.2,2026-06-02,da,危局强袭,1-1,首领 1,2.8.2,危局强袭 2.8.2,2026-05-22,2026-06-05,soukaku,Soukaku,苍角,辅助,A,6.88,22225,1238,17,5.99,60.0,55.53,7.0,hf_builds,2.8.2/builds.json,https://huggingface.co/datasets/LvlUrArti/ShiyuDataProcessed/resolve/main/2.8.2/builds.json,ok
2.8.3,2026-06-15,da,危局强袭,1-1,首领 1,2.8.3,危局强袭 2.8.3,2026-06-05,2026-06-19,soukaku,Soukaku,苍角,辅助,A,0.87,22547,202,4,6.0,60.0,60.0,7.0,hf_builds,2.8.3/builds.json,https://huggingface.co/datasets/LvlUrArti/ShiyuDataProcessed/resolve/main/2.8.3/builds.json,ok
3.0.1,2026-06-21,da,危局强袭,1-1,首领 1,3.0.1,危局强袭 3.0.1,2026-06-19,2026-07-03,soukaku,Soukaku,苍角,辅助,A,0.41,22636,285,11,5.99,59.85,51.66,6.97,hf_builds,3.0.1/builds.json,https://huggingface.co/datasets/LvlUrArti/ShiyuDataProcessed/resolve/main/3.0.1/builds.json,ok
2.6.1,2026-02-17,da,危局强袭,1-1,首领 1,2.6.1,危局强袭 2.6.1,2026-02-13,2026-02-27,sunna,Sunna,千夏,辅助,S,47.91,34125,7700,1134,0.06,59.98,59.5,6.96,hf_builds,2.6.1/builds.json,https://huggingface.co/datasets/LvlUrArti/ShiyuDataProcessed/resolve/main/2.6.1/builds.json,ok
2.6.2,2026-03-10,da,危局强袭,1-1,首领 1,2.6.2,危局强袭 2.6.2,2026-02-27,2026-03-13,sunna,Sunna,千夏,辅助,S,46.81,30842,11573,2789,0.09,59.99,59.81,6.99,hf_builds,2.6.2/builds.json,https://huggingface.co/datasets/LvlUrArti/ShiyuDataProcessed/resolve/main/2.6.2/builds.json,ok
2.7.1,2026-03-31,da,危局强袭,1-1,首领 1,2.7.1,危局强袭 2.7.1,2026-03-27,2026-04-10,sunna,Sunna,千夏,辅助,S,49.52,27428,8452,2995,0.09,59.99,59.7,6.99,hf_builds,2.7.1/builds.json,https://huggingface.co/datasets/LvlUrArti/ShiyuDataProcessed/resolve/main/2.7.1/builds.json,ok
2.7.2,2026-04-21,da,危局强袭,1-1,首领 1,2.7.2,危局强袭 2.7.2,2026-04-10,2026-04-24,sunna,Sunna,千夏,辅助,S,50.57,32942,11777,3097,0.08,59.98,59.79,6.99,hf_builds,2.7.2/builds.json,https://huggingface.co/datasets/LvlUrArti/ShiyuDataProcessed/resolve/main/2.7.2/builds.json,ok
2.8.1,2026-05-11,da,危局强袭,1-1,首领 1,2.8.1,危局强袭 2.8.1,2026-05-08,2026-05-22,sunna,Sunna,千夏,辅助,S,7.18,25722,6928,2255,0.08,59.98,59.74,6.99,hf_builds,2.8.1/builds.json,https://huggingface.co/datasets/LvlUrArti/ShiyuDataProcessed/resolve/main/2.8.1/builds.json,ok
2.8.2,2026-06-02,da,危局强袭,1-1,首领 1,2.8.2,危局强袭 2.8.2,2026-05-22,2026-06-05,sunna,Sunna,千夏,辅助,S,0.96,25017,10678,1623,0.09,60.0,59.73,6.99,hf_builds,2.8.2/builds.json,https://huggingface.co/datasets/LvlUrArti/ShiyuDataProcessed/resolve/main/2.8.2/builds.json,ok
2.8.3,2026-06-15,da,危局强袭,1-1,首领 1,2.8.3,危局强袭 2.8.3,2026-06-05,2026-06-19,sunna,Sunna,千夏,辅助,S,11.26,30455,9787,1262,0.08,59.99,59.79,6.99,hf_builds,2.8.3/builds.json,https://huggingface.co/datasets/LvlUrArti/ShiyuDataProcessed/resolve/main/2.8.3/builds.json,ok
3.0.1,2026-06-21,da,危局强袭,1-1,首领 1,3.0.1,危局强袭 3.0.1,2026-06-19,2026-07-03,sunna,Sunna,千夏,辅助,S,7.36,24778,7494,2141,0.08,60.0,59.42,6.99,hf_builds,3.0.1/builds.json,https://huggingface.co/datasets/LvlUrArti/ShiyuDataProcessed/resolve/main/3.0.1/builds.json,ok
2.6.1,2026-02-17,da,危局强袭,1-1,首领 1,2.6.1,危局强袭 2.6.1,2026-02-13,2026-02-27,trigger,Trigger,「扳机」,辅助,S,3.91,22983,1795,432,0.23,60.0,59.86,7.0,hf_builds,2.6.1/builds.json,https://huggingface.co/datasets/LvlUrArti/ShiyuDataProcessed/resolve/main/2.6.1/builds.json,ok
2.6.2,2026-03-10,da,危局强袭,1-1,首领 1,2.6.2,危局强袭 2.6.2,2026-02-27,2026-03-13,trigger,Trigger,「扳机」,辅助,S,1.6,23380,5857,1534,0.25,60.0,59.86,7.0,hf_builds,2.6.2/builds.json,https://huggingface.co/datasets/LvlUrArti/ShiyuDataProcessed/resolve/main/2.6.2/builds.json,ok
2.7.1,2026-03-31,da,危局强袭,1-1,首领 1,2.7.1,危局强袭 2.7.1,2026-03-27,2026-04-10,trigger,Trigger,「扳机」,辅助,S,2.96,22543,1369,575,0.38,60.0,59.8,7.0,hf_builds,2.7.1/builds.json,https://huggingface.co/datasets/LvlUrArti/ShiyuDataProcessed/resolve/main/2.7.1/builds.json,ok
2.7.2,2026-04-21,da,危局强袭,1-1,首领 1,2.7.2,危局强袭 2.7.2,2026-04-10,2026-04-24,trigger,Trigger,「扳机」,辅助,S,0.9,22726,5967,1388,0.24,60.0,59.87,7.0,hf_builds,2.7.2/builds.json,https://huggingface.co/datasets/LvlUrArti/ShiyuDataProcessed/resolve/main/2.7.2/builds.json,ok
2.8.1,2026-05-11,da,危局强袭,1-1,首领 1,2.8.1,危局强袭 2.8.1,2026-05-08,2026-05-22,trigger,Trigger,「扳机」,辅助,S,0.35,29030,3352,1166,0.27,60.0,59.85,7.0,hf_builds,2.8.1/builds.json,https://huggingface.co/datasets/LvlUrArti/ShiyuDataProcessed/resolve/main/2.8.1/builds.json,ok
2.8.2,2026-06-02,da,危局强袭,1-1,首领 1,2.8.2,危局强袭 2.8.2,2026-05-22,2026-06-05,trigger,Trigger,「扳机」,辅助,S,0.81,13906,1251,172,0.28,60.0,59.88,7.0,hf_builds,2.8.2/builds.json,https://huggingface.co/datasets/LvlUrArti/ShiyuDataProcessed/resolve/main/2.8.2/builds.json,ok
2.8.3,2026-06-15,da,危局强袭,1-1,首领 1,2.8.3,危局强袭 2.8.3,2026-06-05,2026-06-19,trigger,Trigger,「扳机」,辅助,S,0.34,26440,4526,583,0.29,60.0,59.94,7.0,hf_builds,2.8.3/builds.json,https://huggingface.co/datasets/LvlUrArti/ShiyuDataProcessed/resolve/main/2.8.3/builds.json,ok
3.0.1,2026-06-21,da,危局强袭,1-1,首领 1,3.0.1,危局强袭 3.0.1,2026-06-19,2026-07-03,trigger,Trigger,「扳机」,辅助,S,1.17,23993,1139,455,0.37,60.0,59.89,7.0,hf_builds,3.0.1/builds.json,https://huggingface.co/datasets/LvlUrArti/ShiyuDataProcessed/resolve/main/3.0.1/builds.json,ok
2.6.1,2026-02-17,da,危局强袭,1-1,首领 1,2.6.1,危局强袭 2.6.1,2026-02-13,2026-02-27,ukinami-yuzuha,Ukinami Yuzuha,浮波柚叶,辅助,S,0.77,22504,11781,2275,0.16,59.99,59.58,6.99,hf_builds,2.6.1/builds.json,https://huggingface.co/datasets/LvlUrArti/ShiyuDataProcessed/resolve/main/2.6.1/builds.json,ok
2.6.2,2026-03-10,da,危局强袭,1-1,首领 1,2.6.2,危局强袭 2.6.2,2026-02-27,2026-03-13,ukinami-yuzuha,Ukinami Yuzuha,浮波柚叶,辅助,S,45.08,29926,8179,2707,0.26,60.0,59.8,6.99,hf_builds,2.6.2/builds.json,https://huggingface.co/datasets/LvlUrArti/ShiyuDataProcessed/resolve/main/2.6.2/builds.json,ok
2.7.1,2026-03-31,da,危局强袭,1-1,首领 1,2.7.1,危局强袭 2.7.1,2026-03-27,2026-04-10,ukinami-yuzuha,Ukinami Yuzuha,浮波柚叶,辅助,S,40.16,24171,10876,3562,0.24,60.0,59.78,7.0,hf_builds,2.7.1/builds.json,https://huggingface.co/datasets/LvlUrArti/ShiyuDataProcessed/resolve/main/2.7.1/builds.json,ok
2.7.2,2026-04-21,da,危局强袭,1-1,首领 1,2.7.2,危局强袭 2.7.2,2026-04-10,2026-04-24,ukinami-yuzuha,Ukinami Yuzuha,浮波柚叶,辅助,S,31.7,26300,7799,2240,0.28,60.0,59.85,7.0,hf_builds,2.7.2/builds.json,https://huggingface.co/datasets/LvlUrArti/ShiyuDataProcessed/resolve/main/2.7.2/builds.json,ok
2.8.1,2026-05-11,da,危局强袭,1-1,首领 1,2.8.1,危局强袭 2.8.1,2026-05-08,2026-05-22,ukinami-yuzuha,Ukinami Yuzuha,浮波柚叶,辅助,S,75.37,27387,10391,3079,0.23,60.0,59.85,7.0,hf_builds,2.8.1/builds.json,https://huggingface.co/datasets/LvlUrArti/ShiyuDataProcessed/resolve/main/2.8.1/builds.json,ok
2.8.2,2026-06-02,da,危局强袭,1-1,首领 1,2.8.2,危局强袭 2.8.2,2026-05-22,2026-06-05,ukinami-yuzuha,Ukinami Yuzuha,浮波柚叶,辅助,S,68.95,25939,13779,1941,0.22,60.0,59.86,7.0,hf_builds,2.8.2/builds.json,https://huggingface.co/datasets/LvlUrArti/ShiyuDataProcessed/resolve/main/2.8.2/builds.json,ok
2.8.3,2026-06-15,da,危局强袭,1-1,首领 1,2.8.3,危局强袭 2.8.3,2026-06-05,2026-06-19,ukinami-yuzuha,Ukinami Yuzuha,浮波柚叶,辅助,S,70.3,29853,12356,1591,0.22,60.0,59.85,7.0,hf_builds,2.8.3/builds.json,https://huggingface.co/datasets/LvlUrArti/ShiyuDataProcessed/resolve/main/2.8.3/builds.json,ok
3.0.1,2026-06-21,da,危局强袭,1-1,首领 1,3.0.1,危局强袭 3.0.1,2026-06-19,2026-07-03,ukinami-yuzuha,Ukinami Yuzuha,浮波柚叶,辅助,S,75.04,29521,10908,3117,0.21,60.0,59.88,7.0,hf_builds,3.0.1/builds.json,https://huggingface.co/datasets/LvlUrArti/ShiyuDataProcessed/resolve/main/3.0.1/builds.json,ok
3.0.1,2026-06-21,da,危局强袭,1-1,首领 1,3.0.1,危局强袭 3.0.1,2026-06-19,2026-07-03,velina,Velina,维琳娜·艾嘉德,异常主C,S,62.7,30324,7911,2559,0.08,59.96,59.65,6.78,hf_builds,3.0.1/builds.json,https://huggingface.co/datasets/LvlUrArti/ShiyuDataProcessed/resolve/main/3.0.1/builds.json,ok
2.6.1,2026-02-17,da,危局强袭,1-1,首领 1,2.6.1,危局强袭 2.6.1,2026-02-13,2026-02-27,vivian,Vivian Banshee,薇薇安·班希,异常主C,S,0.14,0,7416,2262,0.26,60.0,59.78,6.99,hf_builds,2.6.1/builds.json,https://huggingface.co/datasets/LvlUrArti/ShiyuDataProcessed/resolve/main/2.6.1/builds.json,ok
2.6.2,2026-03-10,da,危局强袭,1-1,首领 1,2.6.2,危局强袭 2.6.2,2026-02-27,2026-03-13,vivian,Vivian Banshee,薇薇安·班希,异常主C,S,19.9,21944,3380,1792,0.38,60.0,59.53,7.0,hf_builds,2.6.2/builds.json,https://huggingface.co/datasets/LvlUrArti/ShiyuDataProcessed/resolve/main/2.6.2/builds.json,ok
2.7.1,2026-03-31,da,危局强袭,1-1,首领 1,2.7.1,危局强袭 2.7.1,2026-03-27,2026-04-10,vivian,Vivian Banshee,薇薇安·班希,异常主C,S,13.89,21926,5206,2736,0.29,60.0,59.65,7.0,hf_builds,2.7.1/builds.json,https://huggingface.co/datasets/LvlUrArti/ShiyuDataProcessed/resolve/main/2.7.1/builds.json,ok
2.7.2,2026-04-21,da,危局强袭,1-1,首领 1,2.7.2,危局强袭 2.7.2,2026-04-10,2026-04-24,vivian,Vivian Banshee,薇薇安·班希,异常主C,S,8.5,22176,2153,1149,0.5,60.0,59.88,7.0,hf_builds,2.7.2/builds.json,https://huggingface.co/datasets/LvlUrArti/ShiyuDataProcessed/resolve/main/2.7.2/builds.json,ok
2.8.1,2026-05-11,da,危局强袭,1-1,首领 1,2.8.1,危局强袭 2.8.1,2026-05-08,2026-05-22,vivian,Vivian Banshee,薇薇安·班希,异常主C,S,23.54,25460,3242,1709,0.33,60.0,59.81,7.0,hf_builds,2.8.1/builds.json,https://huggingface.co/datasets/LvlUrArti/ShiyuDataProcessed/resolve/main/2.8.1/builds.json,ok
2.8.2,2026-06-02,da,危局强袭,1-1,首领 1,2.8.2,危局强袭 2.8.2,2026-05-22,2026-06-05,vivian,Vivian Banshee,薇薇安·班希,异常主C,S,37.42,24902,7397,1449,0.28,59.99,59.8,7.0,hf_builds,2.8.2/builds.json,https://huggingface.co/datasets/LvlUrArti/ShiyuDataProcessed/resolve/main/2.8.2/builds.json,ok
2.8.3,2026-06-15,da,危局强袭,1-1,首领 1,2.8.3,危局强袭 2.8.3,2026-06-05,2026-06-19,vivian,Vivian Banshee,薇薇安·班希,异常主C,S,25.68,26812,4381,929,0.33,60.0,59.85,7.0,hf_builds,2.8.3/builds.json,https://huggingface.co/datasets/LvlUrArti/ShiyuDataProcessed/resolve/main/2.8.3/builds.json,ok
3.0.1,2026-06-21,da,危局强袭,1-1,首领 1,3.0.1,危局强袭 3.0.1,2026-06-19,2026-07-03,vivian,Vivian Banshee,薇薇安·班希,异常主C,S,6.67,23379,1637,1008,0.41,60.0,59.58,7.0,hf_builds,3.0.1/builds.json,https://huggingface.co/datasets/LvlUrArti/ShiyuDataProcessed/resolve/main/3.0.1/builds.json,ok
2.6.1,2026-02-17,da,危局强袭,1-1,首领 1,2.6.1,危局强袭 2.6.1,2026-02-13,2026-02-27,yanagi,Tsukishiro Yanagi,月城 柳,异常主C,S,0.05,0,3085,716,0.18,60.0,59.97,7.0,hf_builds,2.6.1/builds.json,https://huggingface.co/datasets/LvlUrArti/ShiyuDataProcessed/resolve/main/2.6.1/builds.json,ok
2.6.2,2026-03-10,da,危局强袭,1-1,首领 1,2.6.2,危局强袭 2.6.2,2026-02-27,2026-03-13,yanagi,Tsukishiro Yanagi,月城 柳,异常主C,S,4.11,21730,980,470,0.33,60.0,59.73,7.0,hf_builds,2.6.2/builds.json,https://huggingface.co/datasets/LvlUrArti/ShiyuDataProcessed/resolve/main/2.6.2/builds.json,ok
2.7.1,2026-03-31,da,危局强袭,1-1,首领 1,2.7.1,危局强袭 2.7.1,2026-03-27,2026-04-10,yanagi,Tsukishiro Yanagi,月城 柳,异常主C,S,13.69,23041,2726,1046,0.27,60.0,59.8,7.0,hf_builds,2.7.1/builds.json,https://huggingface.co/datasets/LvlUrArti/ShiyuDataProcessed/resolve/main/2.7.1/builds.json,ok
2.7.2,2026-04-21,da,危局强袭,1-1,首领 1,2.7.2,危局强袭 2.7.2,2026-04-10,2026-04-24,yanagi,Tsukishiro Yanagi,月城 柳,异常主C,S,4.39,24568,1587,611,0.33,60.0,59.88,7.0,hf_builds,2.7.2/builds.json,https://huggingface.co/datasets/LvlUrArti/ShiyuDataProcessed/resolve/main/2.7.2/builds.json,ok
2.8.1,2026-05-11,da,危局强袭,1-1,首领 1,2.8.1,危局强袭 2.8.1,2026-05-08,2026-05-22,yanagi,Tsukishiro Yanagi,月城 柳,异常主C,S,3.14,22312,459,246,0.36,60.0,59.94,7.0,hf_builds,2.8.1/builds.json,https://huggingface.co/datasets/LvlUrArti/ShiyuDataProcessed/resolve/main/2.8.1/builds.json,ok
2.8.2,2026-06-02,da,危局强袭,1-1,首领 1,2.8.2,危局强袭 2.8.2,2026-05-22,2026-06-05,yanagi,Tsukishiro Yanagi,月城 柳,异常主C,S,7.71,18024,1667,224,0.26,60.0,59.74,7.0,hf_builds,2.8.2/builds.json,https://huggingface.co/datasets/LvlUrArti/ShiyuDataProcessed/resolve/main/2.8.2/builds.json,ok
2.8.3,2026-06-15,da,危局强袭,1-1,首领 1,2.8.3,危局强袭 2.8.3,2026-06-05,2026-06-19,yanagi,Tsukishiro Yanagi,月城 柳,异常主C,S,2.01,22831,383,90,0.32,60.0,60.0,6.99,hf_builds,2.8.3/builds.json,https://huggingface.co/datasets/LvlUrArti/ShiyuDataProcessed/resolve/main/2.8.3/builds.json,ok
3.0.1,2026-06-21,da,危局强袭,1-1,首领 1,3.0.1,危局强袭 3.0.1,2026-06-19,2026-07-03,yanagi,Tsukishiro Yanagi,月城 柳,异常主C,S,1.88,23959,449,234,0.33,60.0,59.42,6.99,hf_builds,3.0.1/builds.json,https://huggingface.co/datasets/LvlUrArti/ShiyuDataProcessed/resolve/main/3.0.1/builds.json,ok
2.6.1,2026-02-17,da,危局强袭,1-1,首领 1,2.6.1,危局强袭 2.6.1,2026-02-13,2026-02-27,ye-shunguang,Ye Shunguang,叶瞬光,直伤主C,S,88.45,31659,14026,6184,0.64,60.0,59.92,7.0,hf_builds,2.6.1/builds.json,https://huggingface.co/datasets/LvlUrArti/ShiyuDataProcessed/resolve/main/2.6.1/builds.json,ok
2.6.2,2026-03-10,da,危局强袭,1-1,首领 1,2.6.2,危局强袭 2.6.2,2026-02-27,2026-03-13,ye-shunguang,Ye Shunguang,叶瞬光,直伤主C,S,30.2,24834,14995,10047,0.6,60.0,59.96,7.0,hf_builds,2.6.2/builds.json,https://huggingface.co/datasets/LvlUrArti/ShiyuDataProcessed/resolve/main/2.6.2/builds.json,ok
2.7.1,2026-03-31,da,危局强袭,1-1,首领 1,2.7.1,危局强袭 2.7.1,2026-03-27,2026-04-10,ye-shunguang,Ye Shunguang,叶瞬光,直伤主C,S,7.74,21851,5951,5341,0.72,60.0,59.92,7.0,hf_builds,2.7.1/builds.json,https://huggingface.co/datasets/LvlUrArti/ShiyuDataProcessed/resolve/main/2.7.1/builds.json,ok
2.7.2,2026-04-21,da,危局强袭,1-1,首领 1,2.7.2,危局强袭 2.7.2,2026-04-10,2026-04-24,ye-shunguang,Ye Shunguang,叶瞬光,直伤主C,S,10.87,25462,15210,9197,0.68,60.0,59.96,7.0,hf_builds,2.7.2/builds.json,https://huggingface.co/datasets/LvlUrArti/ShiyuDataProcessed/resolve/main/2.7.2/builds.json,ok
2.8.1,2026-05-11,da,危局强袭,1-1,首领 1,2.8.1,危局强袭 2.8.1,2026-05-08,2026-05-22,ye-shunguang,Ye Shunguang,叶瞬光,直伤主C,S,0.31,24082,9052,7519,0.74,60.0,59.94,7.0,hf_builds,2.8.1/builds.json,https://huggingface.co/datasets/LvlUrArti/ShiyuDataProcessed/resolve/main/2.8.1/builds.json,ok
2.8.2,2026-06-02,da,危局强袭,1-1,首领 1,2.8.2,危局强袭 2.8.2,2026-05-22,2026-06-05,ye-shunguang,Ye Shunguang,叶瞬光,直伤主C,S,0.2,16945,12382,4899,0.71,60.0,59.97,7.0,hf_builds,2.8.2/builds.json,https://huggingface.co/datasets/LvlUrArti/ShiyuDataProcessed/resolve/main/2.8.2/builds.json,ok
2.8.3,2026-06-15,da,危局强袭,1-1,首领 1,2.8.3,危局强袭 2.8.3,2026-06-05,2026-06-19,ye-shunguang,Ye Shunguang,叶瞬光,直伤主C,S,1.14,30062,13805,4648,0.65,60.0,59.99,7.0,hf_builds,2.8.3/builds.json,https://huggingface.co/datasets/LvlUrArti/ShiyuDataProcessed/resolve/main/2.8.3/builds.json,ok
3.0.1,2026-06-21,da,危局强袭,1-1,首领 1,3.0.1,危局强袭 3.0.1,2026-06-19,2026-07-03,ye-shunguang,Ye Shunguang,叶瞬光,直伤主C,S,2.22,30016,10145,8195,0.71,60.0,59.93,7.0,hf_builds,3.0.1/builds.json,https://huggingface.co/datasets/LvlUrArti/ShiyuDataProcessed/resolve/main/3.0.1/builds.json,ok
2.6.1,2026-02-17,da,危局强袭,1-1,首领 1,2.6.1,危局强袭 2.6.1,2026-02-13,2026-02-27,yidhari,Yidhari,伊德海莉·墨菲,直伤主C,S,0.01,0,77,43,0.75,60.0,59.86,7.0,hf_builds,2.6.1/builds.json,https://huggingface.co/datasets/LvlUrArti/ShiyuDataProcessed/resolve/main/2.6.1/builds.json,ok
2.6.2,2026-03-10,da,危局强袭,1-1,首领 1,2.6.2,危局强袭 2.6.2,2026-02-27,2026-03-13,yidhari,Yidhari,伊德海莉·墨菲,直伤主C,S,0.0,0,2441,1034,0.22,60.0,59.4,7.0,hf_builds,2.6.2/builds.json,https://huggingface.co/datasets/LvlUrArti/ShiyuDataProcessed/resolve/main/2.6.2/builds.json,ok
2.7.1,2026-03-31,da,危局强袭,1-1,首领 1,2.7.1,危局强袭 2.7.1,2026-03-27,2026-04-10,yidhari,Yidhari,伊德海莉·墨菲,直伤主C,S,0.0,0,465,340,0.31,60.0,59.32,7.0,hf_builds,2.7.1/builds.json,https://huggingface.co/datasets/LvlUrArti/ShiyuDataProcessed/resolve/main/2.7.1/builds.json,ok
2.7.2,2026-04-21,da,危局强袭,1-1,首领 1,2.7.2,危局强袭 2.7.2,2026-04-10,2026-04-24,yidhari,Yidhari,伊德海莉·墨菲,直伤主C,S,0.0,0,697,411,0.41,60.0,59.86,7.0,hf_builds,2.7.2/builds.json,https://huggingface.co/datasets/LvlUrArti/ShiyuDataProcessed/resolve/main/2.7.2/builds.json,ok
2.8.1,2026-05-11,da,危局强袭,1-1,首领 1,2.8.1,危局强袭 2.8.1,2026-05-08,2026-05-22,yidhari,Yidhari,伊德海莉·墨菲,直伤主C,S,0.08,0,1501,823,0.36,60.0,59.82,7.0,hf_builds,2.8.1/builds.json,https://huggingface.co/datasets/LvlUrArti/ShiyuDataProcessed/resolve/main/2.8.1/builds.json,ok
2.8.2,2026-06-02,da,危局强袭,1-1,首领 1,2.8.2,危局强袭 2.8.2,2026-05-22,2026-06-05,yidhari,Yidhari,伊德海莉·墨菲,直伤主C,S,0.31,14846,1048,334,0.45,60.0,59.39,7.0,hf_builds,2.8.2/builds.json,https://huggingface.co/datasets/LvlUrArti/ShiyuDataProcessed/resolve/main/2.8.2/builds.json,ok
2.8.3,2026-06-15,da,危局强袭,1-1,首领 1,2.8.3,危局强袭 2.8.3,2026-06-05,2026-06-19,yidhari,Yidhari,伊德海莉·墨菲,直伤主C,S,0.01,0,1035,299,0.48,60.0,59.52,7.0,hf_builds,2.8.3/builds.json,https://huggingface.co/datasets/LvlUrArti/ShiyuDataProcessed/resolve/main/2.8.3/builds.json,ok
3.0.1,2026-06-21,da,危局强袭,1-1,首领 1,3.0.1,危局强袭 3.0.1,2026-06-19,2026-07-03,yidhari,Yidhari,伊德海莉·墨菲,直伤主C,S,0.01,0,695,459,0.56,60.0,59.88,7.0,hf_builds,3.0.1/builds.json,https://huggingface.co/datasets/LvlUrArti/ShiyuDataProcessed/resolve/main/3.0.1/builds.json,ok
2.6.1,2026-02-17,da,危局强袭,1-1,首领 1,2.6.1,危局强袭 2.6.1,2026-02-13,2026-02-27,yixuan,Yixuan,仪玄,直伤主C,S,0.03,0,12989,5676,0.49,60.0,59.91,7.0,hf_builds,2.6.1/builds.json,https://huggingface.co/datasets/LvlUrArti/ShiyuDataProcessed/resolve/main/2.6.1/builds.json,ok
2.6.2,2026-03-10,da,危局强袭,1-1,首领 1,2.6.2,危局强袭 2.6.2,2026-02-27,2026-03-13,yixuan,Yixuan,仪玄,直伤主C,S,10.39,22034,11476,7937,0.65,60.0,59.87,7.0,hf_builds,2.6.2/builds.json,https://huggingface.co/datasets/LvlUrArti/ShiyuDataProcessed/resolve/main/2.6.2/builds.json,ok
2.7.1,2026-03-31,da,危局强袭,1-1,首领 1,2.7.1,危局强袭 2.7.1,2026-03-27,2026-04-10,yixuan,Yixuan,仪玄,直伤主C,S,0.4,21758,12148,9357,0.57,60.0,59.9,7.0,hf_builds,2.7.1/builds.json,https://huggingface.co/datasets/LvlUrArti/ShiyuDataProcessed/resolve/main/2.7.1/builds.json,ok
2.7.2,2026-04-21,da,危局强袭,1-1,首领 1,2.7.2,危局强袭 2.7.2,2026-04-10,2026-04-24,yixuan,Yixuan,仪玄,直伤主C,S,9.91,22637,7209,5078,0.73,60.0,59.94,7.0,hf_builds,2.7.2/builds.json,https://huggingface.co/datasets/LvlUrArti/ShiyuDataProcessed/resolve/main/2.7.2/builds.json,ok
2.8.1,2026-05-11,da,危局强袭,1-1,首领 1,2.8.1,危局强袭 2.8.1,2026-05-08,2026-05-22,yixuan,Yixuan,仪玄,直伤主C,S,0.33,23224,9442,7424,0.7,60.0,59.94,7.0,hf_builds,2.8.1/builds.json,https://huggingface.co/datasets/LvlUrArti/ShiyuDataProcessed/resolve/main/2.8.1/builds.json,ok
2.8.2,2026-06-02,da,危局强袭,1-1,首领 1,2.8.2,危局强袭 2.8.2,2026-05-22,2026-06-05,yixuan,Yixuan,仪玄,直伤主C,S,1.82,15847,7388,2540,0.92,60.0,59.72,7.0,hf_builds,2.8.2/builds.json,https://huggingface.co/datasets/LvlUrArti/ShiyuDataProcessed/resolve/main/2.8.2/builds.json,ok
2.8.3,2026-06-15,da,危局强袭,1-1,首领 1,2.8.3,危局强袭 2.8.3,2026-06-05,2026-06-19,yixuan,Yixuan,仪玄,直伤主C,S,5.97,23706,5744,2315,0.86,60.0,59.96,7.0,hf_builds,2.8.3/builds.json,https://huggingface.co/datasets/LvlUrArti/ShiyuDataProcessed/resolve/main/2.8.3/builds.json,ok
3.0.1,2026-06-21,da,危局强袭,1-1,首领 1,3.0.1,危局强袭 3.0.1,2026-06-19,2026-07-03,yixuan,Yixuan,仪玄,直伤主C,S,1.42,23211,7154,6092,0.74,60.0,59.89,7.0,hf_builds,3.0.1/builds.json,https://huggingface.co/datasets/LvlUrArti/ShiyuDataProcessed/resolve/main/3.0.1/builds.json,ok
2.6.1,2026-02-17,da,危局强袭,1-1,首领 1,2.6.1,危局强袭 2.6.1,2026-02-13,2026-02-27,zhao,Zhao,照,辅助,S,76.5,31075,12285,662,0.04,59.99,59.26,6.91,hf_builds,2.6.1/builds.json,https://huggingface.co/datasets/LvlUrArti/ShiyuDataProcessed/resolve/main/2.6.1/builds.json,ok
2.6.2,2026-03-10,da,危局强袭,1-1,首领 1,2.6.2,危局强袭 2.6.2,2026-02-27,2026-03-13,zhao,Zhao,照,辅助,S,27.43,24797,13801,982,0.04,59.99,59.57,6.94,hf_builds,2.6.2/builds.json,https://huggingface.co/datasets/LvlUrArti/ShiyuDataProcessed/resolve/main/2.6.2/builds.json,ok
2.7.1,2026-03-31,da,危局强袭,1-1,首领 1,2.7.1,危局强袭 2.7.1,2026-03-27,2026-04-10,zhao,Zhao,照,辅助,S,7.29,22425,5709,545,0.05,60.0,59.48,6.95,hf_builds,2.7.1/builds.json,https://huggingface.co/datasets/LvlUrArti/ShiyuDataProcessed/resolve/main/2.7.1/builds.json,ok
2.7.2,2026-04-21,da,危局强袭,1-1,首领 1,2.7.2,危局强袭 2.7.2,2026-04-10,2026-04-24,zhao,Zhao,照,辅助,S,9.83,25622,14191,803,0.04,60.0,59.57,6.97,hf_builds,2.7.2/builds.json,https://huggingface.co/datasets/LvlUrArti/ShiyuDataProcessed/resolve/main/2.7.2/builds.json,ok
2.8.1,2026-05-11,da,危局强袭,1-1,首领 1,2.8.1,危局强袭 2.8.1,2026-05-08,2026-05-22,zhao,Zhao,照,辅助,S,0.64,22934,7914,615,0.04,59.99,59.41,6.98,hf_builds,2.8.1/builds.json,https://huggingface.co/datasets/LvlUrArti/ShiyuDataProcessed/resolve/main/2.8.1/builds.json,ok
2.8.2,2026-06-02,da,危局强袭,1-1,首领 1,2.8.2,危局强袭 2.8.2,2026-05-22,2026-06-05,zhao,Zhao,照,辅助,S,0.67,18330,11675,372,0.04,59.99,59.68,6.98,hf_builds,2.8.2/builds.json,https://huggingface.co/datasets/LvlUrArti/ShiyuDataProcessed/resolve/main/2.8.2/builds.json,ok
2.8.3,2026-06-15,da,危局强袭,1-1,首领 1,2.8.3,危局强袭 2.8.3,2026-06-05,2026-06-19,zhao,Zhao,照,辅助,S,1.3,28504,12166,326,0.04,60.0,59.54,6.99,hf_builds,2.8.3/builds.json,https://huggingface.co/datasets/LvlUrArti/ShiyuDataProcessed/resolve/main/2.8.3/builds.json,ok
3.0.1,2026-06-21,da,危局强袭,1-1,首领 1,3.0.1,危局强袭 3.0.1,2026-06-19,2026-07-03,zhao,Zhao,照,辅助,S,2.43,28874,9014,549,0.04,60.0,59.62,6.97,hf_builds,3.0.1/builds.json,https://huggingface.co/datasets/LvlUrArti/ShiyuDataProcessed/resolve/main/3.0.1/builds.json,ok
2.6.1,2026-02-17,da,危局强袭,1-1,首领 1,2.6.1,危局强袭 2.6.1,2026-02-13,2026-02-27,zhu-yuan,Zhu Yuan,朱鸢,直伤主C,S,0.0,0,83,24,0.82,60.0,57.08,7.0,hf_builds,2.6.1/builds.json,https://huggingface.co/datasets/LvlUrArti/ShiyuDataProcessed/resolve/main/2.6.1/builds.json,ok
2.6.2,2026-03-10,da,危局强袭,1-1,首领 1,2.6.2,危局强袭 2.6.2,2026-02-27,2026-03-13,zhu-yuan,Zhu Yuan,朱鸢,直伤主C,S,0.14,0,25,19,0.62,60.0,60.0,7.0,hf_builds,2.6.2/builds.json,https://huggingface.co/datasets/LvlUrArti/ShiyuDataProcessed/resolve/main/2.6.2/builds.json,ok
2.7.1,2026-03-31,da,危局强袭,1-1,首领 1,2.7.1,危局强袭 2.7.1,2026-03-27,2026-04-10,zhu-yuan,Zhu Yuan,朱鸢,直伤主C,S,0.0,0,57,42,0.83,60.0,58.8,7.0,hf_builds,2.7.1/builds.json,https://huggingface.co/datasets/LvlUrArti/ShiyuDataProcessed/resolve/main/2.7.1/builds.json,ok
2.7.2,2026-04-21,da,危局强袭,1-1,首领 1,2.7.2,危局强袭 2.7.2,2026-04-10,2026-04-24,zhu-yuan,Zhu Yuan,朱鸢,直伤主C,S,0.07,0,45,30,0.92,60.0,59.23,7.0,hf_builds,2.7.2/builds.json,https://huggingface.co/datasets/LvlUrArti/ShiyuDataProcessed/resolve/main/2.7.2/builds.json,ok
2.8.1,2026-05-11,da,危局强袭,1-1,首领 1,2.8.1,危局强袭 2.8.1,2026-05-08,2026-05-22,zhu-yuan,Zhu Yuan,朱鸢,直伤主C,S,0.01,0,6,9,1.1,60.0,55.76,7.0,hf_builds,2.8.1/builds.json,https://huggingface.co/datasets/LvlUrArti/ShiyuDataProcessed/resolve/main/2.8.1/builds.json,ok
2.8.2,2026-06-02,da,危局强袭,1-1,首领 1,2.8.2,危局强袭 2.8.2,2026-05-22,2026-06-05,zhu-yuan,Zhu Yuan,朱鸢,直伤主C,S,0.03,0,32,6,0.76,60.0,60.0,6.74,hf_builds,2.8.2/builds.json,https://huggingface.co/datasets/LvlUrArti/ShiyuDataProcessed/resolve/main/2.8.2/builds.json,ok
2.8.3,2026-06-15,da,危局强袭,1-1,首领 1,2.8.3,危局强袭 2.8.3,2026-06-05,2026-06-19,zhu-yuan,Zhu Yuan,朱鸢,直伤主C,S,0.04,0,11,7,1.6,60.0,60.0,7.0,hf_builds,2.8.3/builds.json,https://huggingface.co/datasets/LvlUrArti/ShiyuDataProcessed/resolve/main/2.8.3/builds.json,ok
3.0.1,2026-06-21,da,危局强袭,1-1,首领 1,3.0.1,危局强袭 3.0.1,2026-06-19,2026-07-03,zhu-yuan,Zhu Yuan,朱鸢,直伤主C,S,0.0,0,50,41,0.98,60.0,60.0,7.0,hf_builds,3.0.1/builds.json,https://huggingface.co/datasets/LvlUrArti/ShiyuDataProcessed/resolve/main/3.0.1/builds.json,ok
2.6.1,2026-02-17,da,危局强袭,1-2,首领 2,2.6.1,危局强袭 2.6.1,2026-02-13,2026-02-27,alice,Alice Thymefield,爱丽丝·泰姆菲尔德,异常主C,S,1.87,25588,1791,702,0.46,59.99,59.88,6.99,hf_builds,2.6.1/builds.json,https://huggingface.co/datasets/LvlUrArti/ShiyuDataProcessed/resolve/main/2.6.1/builds.json,ok
2.6.2,2026-03-10,da,危局强袭,1-2,首领 2,2.6.2,危局强袭 2.6.2,2026-02-27,2026-03-13,alice,Alice Thymefield,爱丽丝·泰姆菲尔德,异常主C,S,0.44,21348,1823,1044,0.45,60.0,59.84,7.0,hf_builds,2.6.2/builds.json,https://huggingface.co/datasets/LvlUrArti/ShiyuDataProcessed/resolve/main/2.6.2/builds.json,ok
2.7.1,2026-03-31,da,危局强袭,1-2,首领 2,2.7.1,危局强袭 2.7.1,2026-03-27,2026-04-10,alice,Alice Thymefield,爱丽丝·泰姆菲尔德,异常主C,S,0.36,22595,958,733,0.55,60.0,59.82,7.0,hf_builds,2.7.1/builds.json,https://huggingface.co/datasets/LvlUrArti/ShiyuDataProcessed/resolve/main/2.7.1/builds.json,ok
2.7.2,2026-04-21,da,危局强袭,1-2,首领 2,2.7.2,危局强袭 2.7.2,2026-04-10,2026-04-24,alice,Alice Thymefield,爱丽丝·泰姆菲尔德,异常主C,S,0.46,22046,1615,863,0.56,60.0,59.96,7.0,hf_builds,2.7.2/builds.json,https://huggingface.co/datasets/LvlUrArti/ShiyuDataProcessed/resolve/main/2.7.2/builds.json,ok
2.8.1,2026-05-11,da,危局强袭,1-2,首领 2,2.8.1,危局强袭 2.8.1,2026-05-08,2026-05-22,alice,Alice Thymefield,爱丽丝·泰姆菲尔德,异常主C,S,0.03,0,79,88,0.69,59.99,59.84,7.0,hf_builds,2.8.1/builds.json,https://huggingface.co/datasets/LvlUrArti/ShiyuDataProcessed/resolve/main/2.8.1/builds.json,ok
2.8.2,2026-06-02,da,危局强袭,1-2,首领 2,2.8.2,危局强袭 2.8.2,2026-05-22,2026-06-05,alice,Alice Thymefield,爱丽丝·泰姆菲尔德,异常主C,S,0.08,0,1128,304,0.49,60.0,59.86,7.0,hf_builds,2.8.2/builds.json,https://huggingface.co/datasets/LvlUrArti/ShiyuDataProcessed/resolve/main/2.8.2/builds.json,ok
2.8.3,2026-06-15,da,危局强袭,1-2,首领 2,2.8.3,危局强袭 2.8.3,2026-06-05,2026-06-19,alice,Alice Thymefield,爱丽丝·泰姆菲尔德,异常主C,S,0.02,0,2785,665,0.41,60.0,59.93,7.0,hf_builds,2.8.3/builds.json,https://huggingface.co/datasets/LvlUrArti/ShiyuDataProcessed/resolve/main/2.8.3/builds.json,ok
3.0.1,2026-06-21,da,危局强袭,1-2,首领 2,3.0.1,危局强袭 3.0.1,2026-06-19,2026-07-03,alice,Alice Thymefield,爱丽丝·泰姆菲尔德,异常主C,S,0.14,0,1054,681,0.57,60.0,59.72,7.0,hf_builds,3.0.1/builds.json,https://huggingface.co/datasets/LvlUrArti/ShiyuDataProcessed/resolve/main/3.0.1/builds.json,ok
2.6.1,2026-02-17,da,危局强袭,1-2,首领 2,2.6.1,危局强袭 2.6.1,2026-02-13,2026-02-27,anby-demara,Anby Demara,安比·德玛拉,辅助,A,0.03,0,6,0,5.85,60.0,60.0,7.0,hf_builds,2.6.1/builds.json,https://huggingface.co/datasets/LvlUrArti/ShiyuDataProcessed/resolve/main/2.6.1/builds.json,ok
2.6.2,2026-03-10,da,危局强袭,1-2,首领 2,2.6.2,危局强袭 2.6.2,2026-02-27,2026-03-13,anby-demara,Anby Demara,安比·德玛拉,辅助,A,0.05,0,11,2,5.88,60.0,60.0,7.0,hf_builds,2.6.2/builds.json,https://huggingface.co/datasets/LvlUrArti/ShiyuDataProcessed/resolve/main/2.6.2/builds.json,ok
2.7.1,2026-03-31,da,危局强袭,1-2,首领 2,2.7.1,危局强袭 2.7.1,2026-03-27,2026-04-10,anby-demara,Anby Demara,安比·德玛拉,辅助,A,0.03,0,6,1,5.54,60.0,60.0,7.0,hf_builds,2.7.1/builds.json,https://huggingface.co/datasets/LvlUrArti/ShiyuDataProcessed/resolve/main/2.7.1/builds.json,ok
2.7.2,2026-04-21,da,危局强袭,1-2,首领 2,2.7.2,危局强袭 2.7.2,2026-04-10,2026-04-24,anby-demara,Anby Demara,安比·德玛拉,辅助,A,0.03,0,10,3,5.69,60.0,60.0,7.0,hf_builds,2.7.2/builds.json,https://huggingface.co/datasets/LvlUrArti/ShiyuDataProcessed/resolve/main/2.7.2/builds.json,ok
2.8.1,2026-05-11,da,危局强袭,1-2,首领 2,2.8.1,危局强袭 2.8.1,2026-05-08,2026-05-22,anby-demara,Anby Demara,安比·德玛拉,辅助,A,0.01,0,9,2,6.0,60.0,60.0,7.0,hf_builds,2.8.1/builds.json,https://huggingface.co/datasets/LvlUrArti/ShiyuDataProcessed/resolve/main/2.8.1/builds.json,ok
2.8.2,2026-06-02,da,危局强袭,1-2,首领 2,2.8.2,危局强袭 2.8.2,2026-05-22,2026-06-05,anby-demara,Anby Demara,安比·德玛拉,辅助,A,0.03,0,18,0,5.6,0.0,0.0,0.0,hf_builds,2.8.2/builds.json,https://huggingface.co/datasets/LvlUrArti/ShiyuDataProcessed/resolve/main/2.8.2/builds.json,ok
2.8.3,2026-06-15,da,危局强袭,1-2,首领 2,2.8.3,危局强袭 2.8.3,2026-06-05,2026-06-19,anby-demara,Anby Demara,安比·德玛拉,辅助,A,0.03,0,15,1,6.0,60.0,60.0,7.0,hf_builds,2.8.3/builds.json,https://huggingface.co/datasets/LvlUrArti/ShiyuDataProcessed/resolve/main/2.8.3/builds.json,ok
3.0.1,2026-06-21,da,危局强袭,1-2,首领 2,3.0.1,危局强袭 3.0.1,2026-06-19,2026-07-03,anby-demara,Anby Demara,安比·德玛拉,辅助,A,0.01,0,6,1,6.0,60.0,60.0,7.0,hf_builds,3.0.1/builds.json,https://huggingface.co/datasets/LvlUrArti/ShiyuDataProcessed/resolve/main/3.0.1/builds.json,ok
2.6.1,2026-02-17,da,危局强袭,1-2,首领 2,2.6.1,危局强袭 2.6.1,2026-02-13,2026-02-27,anby-demara-soldier-0,Soldier 0 - Anby,零号·安比,直伤主C,S,2.13,26403,608,307,0.31,59.99,59.73,7.0,hf_builds,2.6.1/builds.json,https://huggingface.co/datasets/LvlUrArti/ShiyuDataProcessed/resolve/main/2.6.1/builds.json,ok
2.6.2,2026-03-10,da,危局强袭,1-2,首领 2,2.6.2,危局强袭 2.6.2,2026-02-27,2026-03-13,anby-demara-soldier-0,Soldier 0 - Anby,零号·安比,直伤主C,S,24.6,24379,4765,2245,0.35,59.99,59.86,7.0,hf_builds,2.6.2/builds.json,https://huggingface.co/datasets/LvlUrArti/ShiyuDataProcessed/resolve/main/2.6.2/builds.json,ok
2.7.1,2026-03-31,da,危局强袭,1-2,首领 2,2.7.1,危局强袭 2.7.1,2026-03-27,2026-04-10,anby-demara-soldier-0,Soldier 0 - Anby,零号·安比,直伤主C,S,1.08,26204,442,433,1.03,60.0,59.93,7.0,hf_builds,2.7.1/builds.json,https://huggingface.co/datasets/LvlUrArti/ShiyuDataProcessed/resolve/main/2.7.1/builds.json,ok
2.7.2,2026-04-21,da,危局强袭,1-2,首领 2,2.7.2,危局强袭 2.7.2,2026-04-10,2026-04-24,anby-demara-soldier-0,Soldier 0 - Anby,零号·安比,直伤主C,S,28.35,27034,4988,2142,0.35,60.0,59.72,7.0,hf_builds,2.7.2/builds.json,https://huggingface.co/datasets/LvlUrArti/ShiyuDataProcessed/resolve/main/2.7.2/builds.json,ok
2.8.1,2026-05-11,da,危局强袭,1-2,首领 2,2.8.1,危局强袭 2.8.1,2026-05-08,2026-05-22,anby-demara-soldier-0,Soldier 0 - Anby,零号·安比,直伤主C,S,1.17,25565,2282,1479,0.38,59.99,59.74,7.0,hf_builds,2.8.1/builds.json,https://huggingface.co/datasets/LvlUrArti/ShiyuDataProcessed/resolve/main/2.8.1/builds.json,ok
2.8.2,2026-06-02,da,危局强袭,1-2,首领 2,2.8.2,危局强袭 2.8.2,2026-05-22,2026-06-05,anby-demara-soldier-0,Soldier 0 - Anby,零号·安比,直伤主C,S,0.17,18686,251,84,0.4,60.0,59.88,7.0,hf_builds,2.8.2/builds.json,https://huggingface.co/datasets/LvlUrArti/ShiyuDataProcessed/resolve/main/2.8.2/builds.json,ok
2.8.3,2026-06-15,da,危局强袭,1-2,首领 2,2.8.3,危局强袭 2.8.3,2026-06-05,2026-06-19,anby-demara-soldier-0,Soldier 0 - Anby,零号·安比,直伤主C,S,0.01,0,3496,897,0.43,60.0,59.67,7.0,hf_builds,2.8.3/builds.json,https://huggingface.co/datasets/LvlUrArti/ShiyuDataProcessed/resolve/main/2.8.3/builds.json,ok
3.0.1,2026-06-21,da,危局强袭,1-2,首领 2,3.0.1,危局强袭 3.0.1,2026-06-19,2026-07-03,anby-demara-soldier-0,Soldier 0 - Anby,零号·安比,直伤主C,S,0.76,22414,181,195,0.74,60.0,59.8,7.0,hf_builds,3.0.1/builds.json,https://huggingface.co/datasets/LvlUrArti/ShiyuDataProcessed/resolve/main/3.0.1/builds.json,ok
2.6.1,2026-02-17,da,危局强袭,1-2,首领 2,2.6.1,危局强袭 2.6.1,2026-02-13,2026-02-27,anton,Anton Ivanov,安东·伊万诺夫,直伤主C,A,0.0,0,0,0,6.0,60.0,60.0,7.0,hf_builds,2.6.1/builds.json,https://huggingface.co/datasets/LvlUrArti/ShiyuDataProcessed/resolve/main/2.6.1/builds.json,ok
2.6.2,2026-03-10,da,危局强袭,1-2,首领 2,2.6.2,危局强袭 2.6.2,2026-02-27,2026-03-13,anton,Anton Ivanov,安东·伊万诺夫,直伤主C,A,0.07,0,15,11,6.0,60.0,60.0,7.0,hf_builds,2.6.2/builds.json,https://huggingface.co/datasets/LvlUrArti/ShiyuDataProcessed/resolve/main/2.6.2/builds.json,ok
2.7.1,2026-03-31,da,危局强袭,1-2,首领 2,2.7.1,危局强袭 2.7.1,2026-03-27,2026-04-10,anton,Anton Ivanov,安东·伊万诺夫,直伤主C,A,0.01,0,1,2,0.0,0.0,0.0,0.0,hf_builds,2.7.1/builds.json,https://huggingface.co/datasets/LvlUrArti/ShiyuDataProcessed/resolve/main/2.7.1/builds.json,ok
2.7.2,2026-04-21,da,危局强袭,1-2,首领 2,2.7.2,危局强袭 2.7.2,2026-04-10,2026-04-24,anton,Anton Ivanov,安东·伊万诺夫,直伤主C,A,0.03,0,6,2,6.0,60.0,60.0,7.0,hf_builds,2.7.2/builds.json,https://huggingface.co/datasets/LvlUrArti/ShiyuDataProcessed/resolve/main/2.7.2/builds.json,ok
2.8.1,2026-05-11,da,危局强袭,1-2,首领 2,2.8.1,危局强袭 2.8.1,2026-05-08,2026-05-22,anton,Anton Ivanov,安东·伊万诺夫,直伤主C,A,0.0,0,16,12,6.0,60.0,60.0,6.94,hf_builds,2.8.1/builds.json,https://huggingface.co/datasets/LvlUrArti/ShiyuDataProcessed/resolve/main/2.8.1/builds.json,ok
2.8.2,2026-06-02,da,危局强袭,1-2,首领 2,2.8.2,危局强袭 2.8.2,2026-05-22,2026-06-05,anton,Anton Ivanov,安东·伊万诺夫,直伤主C,A,0.01,0,5,0,6.0,60.0,60.0,7.0,hf_builds,2.8.2/builds.json,https://huggingface.co/datasets/LvlUrArti/ShiyuDataProcessed/resolve/main/2.8.2/builds.json,ok
2.8.3,2026-06-15,da,危局强袭,1-2,首领 2,2.8.3,危局强袭 2.8.3,2026-06-05,2026-06-19,anton,Anton Ivanov,安东·伊万诺夫,直伤主C,A,0.0,0,10,6,6.0,60.0,53.75,7.0,hf_builds,2.8.3/builds.json,https://huggingface.co/datasets/LvlUrArti/ShiyuDataProcessed/resolve/main/2.8.3/builds.json,ok
3.0.1,2026-06-21,da,危局强袭,1-2,首领 2,3.0.1,危局强袭 3.0.1,2026-06-19,2026-07-03,anton,Anton Ivanov,安东·伊万诺夫,直伤主C,A,0.0,0,0,0,6.0,60.0,60.0,7.0,hf_builds,3.0.1/builds.json,https://huggingface.co/datasets/LvlUrArti/ShiyuDataProcessed/resolve/main/3.0.1/builds.json,ok
2.6.2,2026-03-10,da,危局强袭,1-2,首领 2,2.6.2,危局强袭 2.6.2,2026-02-27,2026-03-13,aria,Aria,爱芮,异常主C,S,0.01,0,4343,1786,0.14,59.98,59.82,6.96,hf_builds,2.6.2/builds.json,https://huggingface.co/datasets/LvlUrArti/ShiyuDataProcessed/resolve/main/2.6.2/builds.json,ok
2.7.1,2026-03-31,da,危局强袭,1-2,首领 2,2.7.1,危局强袭 2.7.1,2026-03-27,2026-04-10,aria,Aria,爱芮,异常主C,S,0.26,28182,6129,3212,0.13,60.0,59.79,6.99,hf_builds,2.7.1/builds.json,https://huggingface.co/datasets/LvlUrArti/ShiyuDataProcessed/resolve/main/2.7.1/builds.json,ok
2.7.2,2026-04-21,da,危局强袭,1-2,首领 2,2.7.2,危局强袭 2.7.2,2026-04-10,2026-04-24,aria,Aria,爱芮,异常主C,S,0.13,23511,8161,3364,0.11,60.0,59.82,6.99,hf_builds,2.7.2/builds.json,https://huggingface.co/datasets/LvlUrArti/ShiyuDataProcessed/resolve/main/2.7.2/builds.json,ok
2.8.1,2026-05-11,da,危局强袭,1-2,首领 2,2.8.1,危局强袭 2.8.1,2026-05-08,2026-05-22,aria,Aria,爱芮,异常主C,S,0.43,21827,1149,856,0.17,60.0,59.44,6.99,hf_builds,2.8.1/builds.json,https://huggingface.co/datasets/LvlUrArti/ShiyuDataProcessed/resolve/main/2.8.1/builds.json,ok
2.8.2,2026-06-02,da,危局强袭,1-2,首领 2,2.8.2,危局强袭 2.8.2,2026-05-22,2026-06-05,aria,Aria,爱芮,异常主C,S,0.0,0,6813,1708,0.16,59.99,59.56,6.99,hf_builds,2.8.2/builds.json,https://huggingface.co/datasets/LvlUrArti/ShiyuDataProcessed/resolve/main/2.8.2/builds.json,ok
2.8.3,2026-06-15,da,危局强袭,1-2,首领 2,2.8.3,危局强袭 2.8.3,2026-06-05,2026-06-19,aria,Aria,爱芮,异常主C,S,0.02,0,2462,678,0.25,60.0,59.86,7.0,hf_builds,2.8.3/builds.json,https://huggingface.co/datasets/LvlUrArti/ShiyuDataProcessed/resolve/main/2.8.3/builds.json,ok
3.0.1,2026-06-21,da,危局强袭,1-2,首领 2,3.0.1,危局强袭 3.0.1,2026-06-19,2026-07-03,aria,Aria,爱芮,异常主C,S,3.14,25948,2500,1463,0.27,60.0,59.71,7.0,hf_builds,3.0.1/builds.json,https://huggingface.co/datasets/LvlUrArti/ShiyuDataProcessed/resolve/main/3.0.1/builds.json,ok
2.6.1,2026-02-17,da,危局强袭,1-2,首领 2,2.6.1,危局强袭 2.6.1,2026-02-13,2026-02-27,astra-yao,Astra Yao,耀嘉音,辅助,S,10.35,25469,6227,1187,0.33,60.0,59.3,6.99,hf_builds,2.6.1/builds.json,https://huggingface.co/datasets/LvlUrArti/ShiyuDataProcessed/resolve/main/2.6.1/builds.json,ok
2.6.2,2026-03-10,da,危局强袭,1-2,首领 2,2.6.2,危局强袭 2.6.2,2026-02-27,2026-03-13,astra-yao,Astra Yao,耀嘉音,辅助,S,24.19,25018,7286,1839,0.38,60.0,59.56,6.99,hf_builds,2.6.2/builds.json,https://huggingface.co/datasets/LvlUrArti/ShiyuDataProcessed/resolve/main/2.6.2/builds.json,ok
2.7.1,2026-03-31,da,危局强袭,1-2,首领 2,2.7.1,危局强袭 2.7.1,2026-03-27,2026-04-10,astra-yao,Astra Yao,耀嘉音,辅助,S,8.77,25285,5549,1662,0.39,60.0,59.39,6.99,hf_builds,2.7.1/builds.json,https://huggingface.co/datasets/LvlUrArti/ShiyuDataProcessed/resolve/main/2.7.1/builds.json,ok
2.7.2,2026-04-21,da,危局强袭,1-2,首领 2,2.7.2,危局强袭 2.7.2,2026-04-10,2026-04-24,astra-yao,Astra Yao,耀嘉音,辅助,S,26.19,24730,7375,1514,0.4,60.0,59.63,7.0,hf_builds,2.7.2/builds.json,https://huggingface.co/datasets/LvlUrArti/ShiyuDataProcessed/resolve/main/2.7.2/builds.json,ok
2.8.1,2026-05-11,da,危局强袭,1-2,首领 2,2.8.1,危局强袭 2.8.1,2026-05-08,2026-05-22,astra-yao,Astra Yao,耀嘉音,辅助,S,6.05,22104,4765,1261,0.4,60.0,59.65,6.99,hf_builds,2.8.1/builds.json,https://huggingface.co/datasets/LvlUrArti/ShiyuDataProcessed/resolve/main/2.8.1/builds.json,ok
2.8.2,2026-06-02,da,危局强袭,1-2,首领 2,2.8.2,危局强袭 2.8.2,2026-05-22,2026-06-05,astra-yao,Astra Yao,耀嘉音,辅助,S,10.84,21996,5638,668,0.38,60.0,59.75,6.99,hf_builds,2.8.2/builds.json,https://huggingface.co/datasets/LvlUrArti/ShiyuDataProcessed/resolve/main/2.8.2/builds.json,ok
2.8.3,2026-06-15,da,危局强袭,1-2,首领 2,2.8.3,危局强袭 2.8.3,2026-06-05,2026-06-19,astra-yao,Astra Yao,耀嘉音,辅助,S,7.09,25101,6803,719,0.4,60.0,59.79,6.99,hf_builds,2.8.3/builds.json,https://huggingface.co/datasets/LvlUrArti/ShiyuDataProcessed/resolve/main/2.8.3/builds.json,ok
3.0.1,2026-06-21,da,危局强袭,1-2,首领 2,3.0.1,危局强袭 3.0.1,2026-06-19,2026-07-03,astra-yao,Astra Yao,耀嘉音,辅助,S,24.04,25393,5147,1353,0.4,60.0,59.63,6.99,hf_builds,3.0.1/builds.json,https://huggingface.co/datasets/LvlUrArti/ShiyuDataProcessed/resolve/main/3.0.1/builds.json,ok
2.6.1,2026-02-17,da,危局强袭,1-2,首领 2,2.6.1,危局强袭 2.6.1,2026-02-13,2026-02-27,banyue,Banyue,般岳,直伤主C,S,2.21,25533,369,185,0.51,60.0,59.38,7.0,hf_builds,2.6.1/builds.json,https://huggingface.co/datasets/LvlUrArti/ShiyuDataProcessed/resolve/main/2.6.1/builds.json,ok
2.6.2,2026-03-10,da,危局强袭,1-2,首领 2,2.6.2,危局强袭 2.6.2,2026-02-27,2026-03-13,banyue,Banyue,般岳,直伤主C,S,0.1,0,1144,804,0.39,60.0,59.9,7.0,hf_builds,2.6.2/builds.json,https://huggingface.co/datasets/LvlUrArti/ShiyuDataProcessed/resolve/main/2.6.2/builds.json,ok
2.7.1,2026-03-31,da,危局强袭,1-2,首领 2,2.7.1,危局强袭 2.7.1,2026-03-27,2026-04-10,banyue,Banyue,般岳,直伤主C,S,1.98,26428,314,314,0.59,60.0,59.75,7.0,hf_builds,2.7.1/builds.json,https://huggingface.co/datasets/LvlUrArti/ShiyuDataProcessed/resolve/main/2.7.1/builds.json,ok
2.7.2,2026-04-21,da,危局强袭,1-2,首领 2,2.7.2,危局强袭 2.7.2,2026-04-10,2026-04-24,banyue,Banyue,般岳,直伤主C,S,0.12,21567,200,172,0.66,60.0,59.98,7.0,hf_builds,2.7.2/builds.json,https://huggingface.co/datasets/LvlUrArti/ShiyuDataProcessed/resolve/main/2.7.2/builds.json,ok
2.8.1,2026-05-11,da,危局强袭,1-2,首领 2,2.8.1,危局强袭 2.8.1,2026-05-08,2026-05-22,banyue,Banyue,般岳,直伤主C,S,5.64,26868,785,666,0.51,60.0,59.97,7.0,hf_builds,2.8.1/builds.json,https://huggingface.co/datasets/LvlUrArti/ShiyuDataProcessed/resolve/main/2.8.1/builds.json,ok
2.8.2,2026-06-02,da,危局强袭,1-2,首领 2,2.8.2,危局强袭 2.8.2,2026-05-22,2026-06-05,banyue,Banyue,般岳,直伤主C,S,1.24,23556,217,101,0.47,60.0,59.11,7.0,hf_builds,2.8.2/builds.json,https://huggingface.co/datasets/LvlUrArti/ShiyuDataProcessed/resolve/main/2.8.2/builds.json,ok
2.8.3,2026-06-15,da,危局强袭,1-2,首领 2,2.8.3,危局强袭 2.8.3,2026-06-05,2026-06-19,banyue,Banyue,般岳,直伤主C,S,0.76,25522,141,67,0.67,60.0,60.0,7.0,hf_builds,2.8.3/builds.json,https://huggingface.co/datasets/LvlUrArti/ShiyuDataProcessed/resolve/main/2.8.3/builds.json,ok
3.0.1,2026-06-21,da,危局强袭,1-2,首领 2,3.0.1,危局强袭 3.0.1,2026-06-19,2026-07-03,banyue,Banyue,般岳,直伤主C,S,0.05,0,90,91,0.67,60.0,59.21,7.0,hf_builds,3.0.1/builds.json,https://huggingface.co/datasets/LvlUrArti/ShiyuDataProcessed/resolve/main/3.0.1/builds.json,ok
2.6.1,2026-02-17,da,危局强袭,1-2,首领 2,2.6.1,危局强袭 2.6.1,2026-02-13,2026-02-27,ben,Ben Bigger,本·比格,直伤主C,A,0.04,0,8,4,6.0,60.0,60.0,7.0,hf_builds,2.6.1/builds.json,https://huggingface.co/datasets/LvlUrArti/ShiyuDataProcessed/resolve/main/2.6.1/builds.json,ok
2.6.2,2026-03-10,da,危局强袭,1-2,首领 2,2.6.2,危局强袭 2.6.2,2026-02-27,2026-03-13,ben,Ben Bigger,本·比格,直伤主C,A,0.01,0,4,3,6.0,60.0,60.0,7.0,hf_builds,2.6.2/builds.json,https://huggingface.co/datasets/LvlUrArti/ShiyuDataProcessed/resolve/main/2.6.2/builds.json,ok
2.7.1,2026-03-31,da,危局强袭,1-2,首领 2,2.7.1,危局强袭 2.7.1,2026-03-27,2026-04-10,ben,Ben Bigger,本·比格,直伤主C,A,0.04,0,7,9,6.0,60.0,60.0,7.0,hf_builds,2.7.1/builds.json,https://huggingface.co/datasets/LvlUrArti/ShiyuDataProcessed/resolve/main/2.7.1/builds.json,ok
2.7.2,2026-04-21,da,危局强袭,1-2,首领 2,2.7.2,危局强袭 2.7.2,2026-04-10,2026-04-24,ben,Ben Bigger,本·比格,直伤主C,A,0.0,0,5,5,6.0,60.0,60.0,7.0,hf_builds,2.7.2/builds.json,https://huggingface.co/datasets/LvlUrArti/ShiyuDataProcessed/resolve/main/2.7.2/builds.json,ok
2.8.1,2026-05-11,da,危局强袭,1-2,首领 2,2.8.1,危局强袭 2.8.1,2026-05-08,2026-05-22,ben,Ben Bigger,本·比格,直伤主C,A,0.01,0,4,4,6.0,60.0,60.0,7.0,hf_builds,2.8.1/builds.json,https://huggingface.co/datasets/LvlUrArti/ShiyuDataProcessed/resolve/main/2.8.1/builds.json,ok
2.8.2,2026-06-02,da,危局强袭,1-2,首领 2,2.8.2,危局强袭 2.8.2,2026-05-22,2026-06-05,ben,Ben Bigger,本·比格,直伤主C,A,0.01,0,2,1,6.0,60.0,60.0,7.0,hf_builds,2.8.2/builds.json,https://huggingface.co/datasets/LvlUrArti/ShiyuDataProcessed/resolve/main/2.8.2/builds.json,ok
2.8.3,2026-06-15,da,危局强袭,1-2,首领 2,2.8.3,危局强袭 2.8.3,2026-06-05,2026-06-19,ben,Ben Bigger,本·比格,直伤主C,A,0.01,0,3,3,6.0,60.0,60.0,7.0,hf_builds,2.8.3/builds.json,https://huggingface.co/datasets/LvlUrArti/ShiyuDataProcessed/resolve/main/2.8.3/builds.json,ok
3.0.1,2026-06-21,da,危局强袭,1-2,首领 2,3.0.1,危局强袭 3.0.1,2026-06-19,2026-07-03,ben,Ben Bigger,本·比格,直伤主C,A,0.01,0,4,3,6.0,60.0,60.0,7.0,hf_builds,3.0.1/builds.json,https://huggingface.co/datasets/LvlUrArti/ShiyuDataProcessed/resolve/main/3.0.1/builds.json,ok
2.6.1,2026-02-17,da,危局强袭,1-2,首领 2,2.6.1,危局强袭 2.6.1,2026-02-13,2026-02-27,billy-kid,Billy Kid,比利·奇德,直伤主C,A,0.01,0,44,16,6.0,60.0,60.0,7.0,hf_builds,2.6.1/builds.json,https://huggingface.co/datasets/LvlUrArti/ShiyuDataProcessed/resolve/main/2.6.1/builds.json,ok
2.6.2,2026-03-10,da,危局强袭,1-2,首领 2,2.6.2,危局强袭 2.6.2,2026-02-27,2026-03-13,billy-kid,Billy Kid,比利·奇德,直伤主C,A,0.22,22502,46,32,6.0,60.0,60.0,7.0,hf_builds,2.6.2/builds.json,https://huggingface.co/datasets/LvlUrArti/ShiyuDataProcessed/resolve/main/2.6.2/builds.json,ok
2.7.1,2026-03-31,da,危局强袭,1-2,首领 2,2.7.1,危局强袭 2.7.1,2026-03-27,2026-04-10,billy-kid,Billy Kid,比利·奇德,直伤主C,A,0.03,0,6,8,6.0,60.0,60.0,7.0,hf_builds,2.7.1/builds.json,https://huggingface.co/datasets/LvlUrArti/ShiyuDataProcessed/resolve/main/2.7.1/builds.json,ok
2.7.2,2026-04-21,da,危局强袭,1-2,首领 2,2.7.2,危局强袭 2.7.2,2026-04-10,2026-04-24,billy-kid,Billy Kid,比利·奇德,直伤主C,A,0.03,0,47,36,6.0,60.0,60.0,7.0,hf_builds,2.7.2/builds.json,https://huggingface.co/datasets/LvlUrArti/ShiyuDataProcessed/resolve/main/2.7.2/builds.json,ok
2.8.1,2026-05-11,da,危局强袭,1-2,首领 2,2.8.1,危局强袭 2.8.1,2026-05-08,2026-05-22,billy-kid,Billy Kid,比利·奇德,直伤主C,A,0.0,0,25,17,6.0,60.0,60.0,7.0,hf_builds,2.8.1/builds.json,https://huggingface.co/datasets/LvlUrArti/ShiyuDataProcessed/resolve/main/2.8.1/builds.json,ok
2.8.2,2026-06-02,da,危局强袭,1-2,首领 2,2.8.2,危局强袭 2.8.2,2026-05-22,2026-06-05,billy-kid,Billy Kid,比利·奇德,直伤主C,A,0.06,0,14,1,6.0,60.0,60.0,7.0,hf_builds,2.8.2/builds.json,https://huggingface.co/datasets/LvlUrArti/ShiyuDataProcessed/resolve/main/2.8.2/builds.json,ok
2.8.3,2026-06-15,da,危局强袭,1-2,首领 2,2.8.3,危局强袭 2.8.3,2026-06-05,2026-06-19,billy-kid,Billy Kid,比利·奇德,直伤主C,A,0.02,0,22,10,6.0,60.0,60.0,7.0,hf_builds,2.8.3/builds.json,https://huggingface.co/datasets/LvlUrArti/ShiyuDataProcessed/resolve/main/2.8.3/builds.json,ok
3.0.1,2026-06-21,da,危局强袭,1-2,首领 2,3.0.1,危局强袭 3.0.1,2026-06-19,2026-07-03,billy-kid,Billy Kid,比利·奇德,直伤主C,A,0.0,0,3,2,6.0,60.0,60.0,7.0,hf_builds,3.0.1/builds.json,https://huggingface.co/datasets/LvlUrArti/ShiyuDataProcessed/resolve/main/3.0.1/builds.json,ok
2.8.2,2026-06-02,da,危局强袭,1-2,首领 2,2.8.2,危局强袭 2.8.2,2026-05-22,2026-06-05,billy-starlight,Starlight - Billy,星徽·比利,直伤主C,S,7.69,31538,1356,445,0.26,59.99,59.27,6.99,hf_builds,2.8.2/builds.json,https://huggingface.co/datasets/LvlUrArti/ShiyuDataProcessed/resolve/main/2.8.2/builds.json,ok
2.8.3,2026-06-15,da,危局强袭,1-2,首领 2,2.8.3,危局强袭 2.8.3,2026-06-05,2026-06-19,billy-starlight,Starlight - Billy,星徽·比利,直伤主C,S,13.9,32081,2742,734,0.26,59.99,59.89,6.99,hf_builds,2.8.3/builds.json,https://huggingface.co/datasets/LvlUrArti/ShiyuDataProcessed/resolve/main/2.8.3/builds.json,ok
3.0.1,2026-06-21,da,危局强袭,1-2,首领 2,3.0.1,危局强袭 3.0.1,2026-06-19,2026-07-03,billy-starlight,Starlight - Billy,星徽·比利,直伤主C,S,0.27,22484,1750,1193,0.27,60.0,59.64,6.99,hf_builds,3.0.1/builds.json,https://huggingface.co/datasets/LvlUrArti/ShiyuDataProcessed/resolve/main/3.0.1/builds.json,ok
2.6.1,2026-02-17,da,危局强袭,1-2,首领 2,2.6.1,危局强袭 2.6.1,2026-02-13,2026-02-27,burnice,Burnice White,柏妮思·怀特,异常主C,S,0.49,24461,1301,273,0.37,60.0,59.65,6.99,hf_builds,2.6.1/builds.json,https://huggingface.co/datasets/LvlUrArti/ShiyuDataProcessed/resolve/main/2.6.1/builds.json,ok
2.6.2,2026-03-10,da,危局强袭,1-2,首领 2,2.6.2,危局强袭 2.6.2,2026-02-27,2026-03-13,burnice,Burnice White,柏妮思·怀特,异常主C,S,0.07,0,774,245,0.41,60.0,59.79,7.0,hf_builds,2.6.2/builds.json,https://huggingface.co/datasets/LvlUrArti/ShiyuDataProcessed/resolve/main/2.6.2/builds.json,ok
2.7.1,2026-03-31,da,危局强袭,1-2,首领 2,2.7.1,危局强袭 2.7.1,2026-03-27,2026-04-10,burnice,Burnice White,柏妮思·怀特,异常主C,S,0.07,0,738,250,0.34,60.0,59.65,6.99,hf_builds,2.7.1/builds.json,https://huggingface.co/datasets/LvlUrArti/ShiyuDataProcessed/resolve/main/2.7.1/builds.json,ok
2.7.2,2026-04-21,da,危局强袭,1-2,首领 2,2.7.2,危局强袭 2.7.2,2026-04-10,2026-04-24,burnice,Burnice White,柏妮思·怀特,异常主C,S,0.6,21359,130,59,0.47,60.0,59.97,6.99,hf_builds,2.7.2/builds.json,https://huggingface.co/datasets/LvlUrArti/ShiyuDataProcessed/resolve/main/2.7.2/builds.json,ok
2.8.1,2026-05-11,da,危局强袭,1-2,首领 2,2.8.1,危局强袭 2.8.1,2026-05-08,2026-05-22,burnice,Burnice White,柏妮思·怀特,异常主C,S,0.51,20883,385,156,0.51,60.0,59.82,7.0,hf_builds,2.8.1/builds.json,https://huggingface.co/datasets/LvlUrArti/ShiyuDataProcessed/resolve/main/2.8.1/builds.json,ok
2.8.2,2026-06-02,da,危局强袭,1-2,首领 2,2.8.2,危局强袭 2.8.2,2026-05-22,2026-06-05,burnice,Burnice White,柏妮思·怀特,异常主C,S,0.04,0,898,139,0.4,60.0,59.93,7.0,hf_builds,2.8.2/builds.json,https://huggingface.co/datasets/LvlUrArti/ShiyuDataProcessed/resolve/main/2.8.2/builds.json,ok
2.8.3,2026-06-15,da,危局强袭,1-2,首领 2,2.8.3,危局强袭 2.8.3,2026-06-05,2026-06-19,burnice,Burnice White,柏妮思·怀特,异常主C,S,0.05,0,91,29,0.52,60.0,59.84,6.98,hf_builds,2.8.3/builds.json,https://huggingface.co/datasets/LvlUrArti/ShiyuDataProcessed/resolve/main/2.8.3/builds.json,ok
3.0.1,2026-06-21,da,危局强袭,1-2,首领 2,3.0.1,危局强袭 3.0.1,2026-06-19,2026-07-03,burnice,Burnice White,柏妮思·怀特,异常主C,S,0.78,21604,978,322,0.43,60.0,58.93,6.99,hf_builds,3.0.1/builds.json,https://huggingface.co/datasets/LvlUrArti/ShiyuDataProcessed/resolve/main/3.0.1/builds.json,ok
2.6.1,2026-02-17,da,危局强袭,1-2,首领 2,2.6.1,危局强袭 2.6.1,2026-02-13,2026-02-27,caesar,Caesar King,凯撒·金,辅助,S,0.59,22954,233,54,0.5,60.0,58.18,6.97,hf_builds,2.6.1/builds.json,https://huggingface.co/datasets/LvlUrArti/ShiyuDataProcessed/resolve/main/2.6.1/builds.json,ok
2.6.2,2026-03-10,da,危局强袭,1-2,首领 2,2.6.2,危局强袭 2.6.2,2026-02-27,2026-03-13,caesar,Caesar King,凯撒·金,辅助,S,0.97,23480,336,85,0.54,60.0,59.55,7.0,hf_builds,2.6.2/builds.json,https://huggingface.co/datasets/LvlUrArti/ShiyuDataProcessed/resolve/main/2.6.2/builds.json,ok
2.7.1,2026-03-31,da,危局强袭,1-2,首领 2,2.7.1,危局强袭 2.7.1,2026-03-27,2026-04-10,caesar,Caesar King,凯撒·金,辅助,S,0.5,23415,165,72,0.72,60.0,59.15,6.99,hf_builds,2.7.1/builds.json,https://huggingface.co/datasets/LvlUrArti/ShiyuDataProcessed/resolve/main/2.7.1/builds.json,ok
2.7.2,2026-04-21,da,危局强袭,1-2,首领 2,2.7.2,危局强袭 2.7.2,2026-04-10,2026-04-24,caesar,Caesar King,凯撒·金,辅助,S,0.19,0,264,63,0.65,60.0,59.67,6.99,hf_builds,2.7.2/builds.json,https://huggingface.co/datasets/LvlUrArti/ShiyuDataProcessed/resolve/main/2.7.2/builds.json,ok
2.8.1,2026-05-11,da,危局强袭,1-2,首领 2,2.8.1,危局强袭 2.8.1,2026-05-08,2026-05-22,caesar,Caesar King,凯撒·金,辅助,S,0.31,22057,137,44,0.67,60.0,59.87,7.0,hf_builds,2.8.1/builds.json,https://huggingface.co/datasets/LvlUrArti/ShiyuDataProcessed/resolve/main/2.8.1/builds.json,ok
2.8.2,2026-06-02,da,危局强袭,1-2,首领 2,2.8.2,危局强袭 2.8.2,2026-05-22,2026-06-05,caesar,Caesar King,凯撒·金,辅助,S,0.95,20761,261,39,0.64,60.0,59.88,7.0,hf_builds,2.8.2/builds.json,https://huggingface.co/datasets/LvlUrArti/ShiyuDataProcessed/resolve/main/2.8.2/builds.json,ok
2.8.3,2026-06-15,da,危局强袭,1-2,首领 2,2.8.3,危局强袭 2.8.3,2026-06-05,2026-06-19,caesar,Caesar King,凯撒·金,辅助,S,0.82,25280,250,55,0.67,60.0,59.56,6.98,hf_builds,2.8.3/builds.json,https://huggingface.co/datasets/LvlUrArti/ShiyuDataProcessed/resolve/main/2.8.3/builds.json,ok
3.0.1,2026-06-21,da,危局强袭,1-2,首领 2,3.0.1,危局强袭 3.0.1,2026-06-19,2026-07-03,caesar,Caesar King,凯撒·金,辅助,S,0.33,22290,188,86,0.64,60.0,59.45,6.99,hf_builds,3.0.1/builds.json,https://huggingface.co/datasets/LvlUrArti/ShiyuDataProcessed/resolve/main/3.0.1/builds.json,ok
2.7.2,2026-04-21,da,危局强袭,1-2,首领 2,2.7.2,危局强袭 2.7.2,2026-04-10,2026-04-24,cissia,Cissia,希希芙,直伤主C,S,6.44,32680,1135,430,0.12,59.98,59.86,6.95,hf_builds,2.7.2/builds.json,https://huggingface.co/datasets/LvlUrArti/ShiyuDataProcessed/resolve/main/2.7.2/builds.json,ok
2.8.1,2026-05-11,da,危局强袭,1-2,首领 2,2.8.1,危局强袭 2.8.1,2026-05-08,2026-05-22,cissia,Cissia,希希芙,直伤主C,S,0.56,24527,1951,851,0.14,60.0,59.97,6.98,hf_builds,2.8.1/builds.json,https://huggingface.co/datasets/LvlUrArti/ShiyuDataProcessed/resolve/main/2.8.1/builds.json,ok
2.8.2,2026-06-02,da,危局强袭,1-2,首领 2,2.8.2,危局强袭 2.8.2,2026-05-22,2026-06-05,cissia,Cissia,希希芙,直伤主C,S,0.11,0,288,74,0.19,60.0,59.87,6.99,hf_builds,2.8.2/builds.json,https://huggingface.co/datasets/LvlUrArti/ShiyuDataProcessed/resolve/main/2.8.2/builds.json,ok
2.8.3,2026-06-15,da,危局强袭,1-2,首领 2,2.8.3,危局强袭 2.8.3,2026-06-05,2026-06-19,cissia,Cissia,希希芙,直伤主C,S,0.03,0,2536,481,0.17,60.0,59.62,6.99,hf_builds,2.8.3/builds.json,https://huggingface.co/datasets/LvlUrArti/ShiyuDataProcessed/resolve/main/2.8.3/builds.json,ok
3.0.1,2026-06-21,da,危局强袭,1-2,首领 2,3.0.1,危局强袭 3.0.1,2026-06-19,2026-07-03,cissia,Cissia,希希芙,直伤主C,S,0.95,26217,236,179,0.36,60.0,59.85,6.99,hf_builds,3.0.1/builds.json,https://huggingface.co/datasets/LvlUrArti/ShiyuDataProcessed/resolve/main/3.0.1/builds.json,ok
2.6.1,2026-02-17,da,危局强袭,1-2,首领 2,2.6.1,危局强袭 2.6.1,2026-02-13,2026-02-27,corin,Corin Wickes,可琳·威克斯,直伤主C,A,0.03,0,88,38,6.0,60.0,58.98,7.0,hf_builds,2.6.1/builds.json,https://huggingface.co/datasets/LvlUrArti/ShiyuDataProcessed/resolve/main/2.6.1/builds.json,ok
2.6.2,2026-03-10,da,危局强袭,1-2,首领 2,2.6.2,危局强袭 2.6.2,2026-02-27,2026-03-13,corin,Corin Wickes,可琳·威克斯,直伤主C,A,0.36,23144,75,49,6.0,60.0,59.28,7.0,hf_builds,2.6.2/builds.json,https://huggingface.co/datasets/LvlUrArti/ShiyuDataProcessed/resolve/main/2.6.2/builds.json,ok
2.7.1,2026-03-31,da,危局强袭,1-2,首领 2,2.7.1,危局强袭 2.7.1,2026-03-27,2026-04-10,corin,Corin Wickes,可琳·威克斯,直伤主C,A,0.12,0,20,20,6.0,60.0,56.28,7.0,hf_builds,2.7.1/builds.json,https://huggingface.co/datasets/LvlUrArti/ShiyuDataProcessed/resolve/main/2.7.1/builds.json,ok
2.7.2,2026-04-21,da,危局强袭,1-2,首领 2,2.7.2,危局强袭 2.7.2,2026-04-10,2026-04-24,corin,Corin Wickes,可琳·威克斯,直伤主C,A,0.01,0,63,34,6.0,60.0,56.33,7.0,hf_builds,2.7.2/builds.json,https://huggingface.co/datasets/LvlUrArti/ShiyuDataProcessed/resolve/main/2.7.2/builds.json,ok
2.8.1,2026-05-11,da,危局强袭,1-2,首领 2,2.8.1,危局强袭 2.8.1,2026-05-08,2026-05-22,corin,Corin Wickes,可琳·威克斯,直伤主C,A,0.0,0,31,26,6.0,60.0,57.65,7.0,hf_builds,2.8.1/builds.json,https://huggingface.co/datasets/LvlUrArti/ShiyuDataProcessed/resolve/main/2.8.1/builds.json,ok
2.8.2,2026-06-02,da,危局强袭,1-2,首领 2,2.8.2,危局强袭 2.8.2,2026-05-22,2026-06-05,corin,Corin Wickes,可琳·威克斯,直伤主C,A,0.19,19803,35,15,6.0,60.0,60.0,7.0,hf_builds,2.8.2/builds.json,https://huggingface.co/datasets/LvlUrArti/ShiyuDataProcessed/resolve/main/2.8.2/builds.json,ok
2.8.3,2026-06-15,da,危局强袭,1-2,首领 2,2.8.3,危局强袭 2.8.3,2026-06-05,2026-06-19,corin,Corin Wickes,可琳·威克斯,直伤主C,A,0.19,21770,52,21,6.0,60.0,60.0,7.0,hf_builds,2.8.3/builds.json,https://huggingface.co/datasets/LvlUrArti/ShiyuDataProcessed/resolve/main/2.8.3/builds.json,ok
3.0.1,2026-06-21,da,危局强袭,1-2,首领 2,3.0.1,危局强袭 3.0.1,2026-06-19,2026-07-03,corin,Corin Wickes,可琳·威克斯,直伤主C,A,0.01,0,27,24,6.0,60.0,56.51,7.0,hf_builds,3.0.1/builds.json,https://huggingface.co/datasets/LvlUrArti/ShiyuDataProcessed/resolve/main/3.0.1/builds.json,ok
2.6.1,2026-02-17,da,危局强袭,1-2,首领 2,2.6.1,危局强袭 2.6.1,2026-02-13,2026-02-27,dialyn,Dialyn,琉音,辅助,S,30.34,34747,10900,1716,0.08,59.99,59.65,6.99,hf_builds,2.6.1/builds.json,https://huggingface.co/datasets/LvlUrArti/ShiyuDataProcessed/resolve/main/2.6.1/builds.json,ok
2.6.2,2026-03-10,da,危局强袭,1-2,首领 2,2.6.2,危局强袭 2.6.2,2026-02-27,2026-03-13,dialyn,Dialyn,琉音,辅助,S,27.83,32398,12318,2671,0.09,60.0,59.63,6.99,hf_builds,2.6.2/builds.json,https://huggingface.co/datasets/LvlUrArti/ShiyuDataProcessed/resolve/main/2.6.2/builds.json,ok
2.7.1,2026-03-31,da,危局强袭,1-2,首领 2,2.7.1,危局强袭 2.7.1,2026-03-27,2026-04-10,dialyn,Dialyn,琉音,辅助,S,46.66,32970,9388,2354,0.09,60.0,59.39,7.0,hf_builds,2.7.1/builds.json,https://huggingface.co/datasets/LvlUrArti/ShiyuDataProcessed/resolve/main/2.7.1/builds.json,ok
2.7.2,2026-04-21,da,危局强袭,1-2,首领 2,2.7.2,危局强袭 2.7.2,2026-04-10,2026-04-24,dialyn,Dialyn,琉音,辅助,S,8.75,28366,12254,2170,0.09,60.0,59.57,6.99,hf_builds,2.7.2/builds.json,https://huggingface.co/datasets/LvlUrArti/ShiyuDataProcessed/resolve/main/2.7.2/builds.json,ok
2.8.1,2026-05-11,da,危局强袭,1-2,首领 2,2.8.1,危局强袭 2.8.1,2026-05-08,2026-05-22,dialyn,Dialyn,琉音,辅助,S,41.63,28478,9158,1941,0.09,60.0,59.46,6.99,hf_builds,2.8.1/builds.json,https://huggingface.co/datasets/LvlUrArti/ShiyuDataProcessed/resolve/main/2.8.1/builds.json,ok
2.8.2,2026-06-02,da,危局强袭,1-2,首领 2,2.8.2,危局强袭 2.8.2,2026-05-22,2026-06-05,dialyn,Dialyn,琉音,辅助,S,53.87,27131,11287,1162,0.09,60.0,59.77,6.99,hf_builds,2.8.2/builds.json,https://huggingface.co/datasets/LvlUrArti/ShiyuDataProcessed/resolve/main/2.8.2/builds.json,ok
2.8.3,2026-06-15,da,危局强袭,1-2,首领 2,2.8.3,危局强袭 2.8.3,2026-06-05,2026-06-19,dialyn,Dialyn,琉音,辅助,S,53.11,30835,11456,1021,0.1,60.0,59.76,7.0,hf_builds,2.8.3/builds.json,https://huggingface.co/datasets/LvlUrArti/ShiyuDataProcessed/resolve/main/2.8.3/builds.json,ok
3.0.1,2026-06-21,da,危局强袭,1-2,首领 2,3.0.1,危局强袭 3.0.1,2026-06-19,2026-07-03,dialyn,Dialyn,琉音,辅助,S,19.41,33651,9480,1920,0.09,60.0,59.58,7.0,hf_builds,3.0.1/builds.json,https://huggingface.co/datasets/LvlUrArti/ShiyuDataProcessed/resolve/main/3.0.1/builds.json,ok
2.6.1,2026-02-17,da,危局强袭,1-2,首领 2,2.6.1,危局强袭 2.6.1,2026-02-13,2026-02-27,ellen,Ellen Joe,艾莲·乔,直伤主C,S,0.02,0,23,36,2.45,60.0,60.0,7.0,hf_builds,2.6.1/builds.json,https://huggingface.co/datasets/LvlUrArti/ShiyuDataProcessed/resolve/main/2.6.1/builds.json,ok
2.6.2,2026-03-10,da,危局强袭,1-2,首领 2,2.6.2,危局强袭 2.6.2,2026-02-27,2026-03-13,ellen,Ellen Joe,艾莲·乔,直伤主C,S,0.03,0,83,106,2.56,59.95,59.58,6.98,hf_builds,2.6.2/builds.json,https://huggingface.co/datasets/LvlUrArti/ShiyuDataProcessed/resolve/main/2.6.2/builds.json,ok
2.7.1,2026-03-31,da,危局强袭,1-2,首领 2,2.7.1,危局强袭 2.7.1,2026-03-27,2026-04-10,ellen,Ellen Joe,艾莲·乔,直伤主C,S,0.02,0,502,462,1.48,60.0,59.33,7.0,hf_builds,2.7.1/builds.json,https://huggingface.co/datasets/LvlUrArti/ShiyuDataProcessed/resolve/main/2.7.1/builds.json,ok
2.7.2,2026-04-21,da,危局强袭,1-2,首领 2,2.7.2,危局强袭 2.7.2,2026-04-10,2026-04-24,ellen,Ellen Joe,艾莲·乔,直伤主C,S,0.14,21029,395,273,1.57,60.0,59.83,7.0,hf_builds,2.7.2/builds.json,https://huggingface.co/datasets/LvlUrArti/ShiyuDataProcessed/resolve/main/2.7.2/builds.json,ok
2.8.1,2026-05-11,da,危局强袭,1-2,首领 2,2.8.1,危局强袭 2.8.1,2026-05-08,2026-05-22,ellen,Ellen Joe,艾莲·乔,直伤主C,S,0.28,20722,74,113,2.65,60.0,59.68,7.0,hf_builds,2.8.1/builds.json,https://huggingface.co/datasets/LvlUrArti/ShiyuDataProcessed/resolve/main/2.8.1/builds.json,ok
2.8.2,2026-06-02,da,危局强袭,1-2,首领 2,2.8.2,危局强袭 2.8.2,2026-05-22,2026-06-05,ellen,Ellen Joe,艾莲·乔,直伤主C,S,1.23,19609,241,102,1.75,60.0,59.56,7.0,hf_builds,2.8.2/builds.json,https://huggingface.co/datasets/LvlUrArti/ShiyuDataProcessed/resolve/main/2.8.2/builds.json,ok
2.8.3,2026-06-15,da,危局强袭,1-2,首领 2,2.8.3,危局强袭 2.8.3,2026-06-05,2026-06-19,ellen,Ellen Joe,艾莲·乔,直伤主C,S,1.55,23599,260,118,1.73,60.0,60.0,7.0,hf_builds,2.8.3/builds.json,https://huggingface.co/datasets/LvlUrArti/ShiyuDataProcessed/resolve/main/2.8.3/builds.json,ok
3.0.1,2026-06-21,da,危局强袭,1-2,首领 2,3.0.1,危局强袭 3.0.1,2026-06-19,2026-07-03,ellen,Ellen Joe,艾莲·乔,直伤主C,S,2.23,23455,459,378,1.38,60.0,59.65,7.0,hf_builds,3.0.1/builds.json,https://huggingface.co/datasets/LvlUrArti/ShiyuDataProcessed/resolve/main/3.0.1/builds.json,ok
2.6.1,2026-02-17,da,危局强袭,1-2,首领 2,2.6.1,危局强袭 2.6.1,2026-02-13,2026-02-27,evelyn,Evelyn Chevalier,伊芙琳·舒瓦利耶,直伤主C,S,1.9,22786,481,240,0.41,60.0,59.25,7.0,hf_builds,2.6.1/builds.json,https://huggingface.co/datasets/LvlUrArti/ShiyuDataProcessed/resolve/main/2.6.1/builds.json,ok
2.6.2,2026-03-10,da,危局强袭,1-2,首领 2,2.6.2,危局强袭 2.6.2,2026-02-27,2026-03-13,evelyn,Evelyn Chevalier,伊芙琳·舒瓦利耶,直伤主C,S,2.24,22047,627,493,0.68,60.0,59.45,7.0,hf_builds,2.6.2/builds.json,https://huggingface.co/datasets/LvlUrArti/ShiyuDataProcessed/resolve/main/2.6.2/builds.json,ok
2.7.1,2026-03-31,da,危局强袭,1-2,首领 2,2.7.1,危局强袭 2.7.1,2026-03-27,2026-04-10,evelyn,Evelyn Chevalier,伊芙琳·舒瓦利耶,直伤主C,S,0.99,23563,212,223,0.98,60.0,59.69,7.0,hf_builds,2.7.1/builds.json,https://huggingface.co/datasets/LvlUrArti/ShiyuDataProcessed/resolve/main/2.7.1/builds.json,ok
2.7.2,2026-04-21,da,危局强袭,1-2,首领 2,2.7.2,危局强袭 2.7.2,2026-04-10,2026-04-24,evelyn,Evelyn Chevalier,伊芙琳·舒瓦利耶,直伤主C,S,1.53,22872,543,365,1.07,60.0,59.66,7.0,hf_builds,2.7.2/builds.json,https://huggingface.co/datasets/LvlUrArti/ShiyuDataProcessed/resolve/main/2.7.2/builds.json,ok
2.8.1,2026-05-11,da,危局强袭,1-2,首领 2,2.8.1,危局强袭 2.8.1,2026-05-08,2026-05-22,evelyn,Evelyn Chevalier,伊芙琳·舒瓦利耶,直伤主C,S,1.02,20806,252,247,1.01,60.0,59.72,7.0,hf_builds,2.8.1/builds.json,https://huggingface.co/datasets/LvlUrArti/ShiyuDataProcessed/resolve/main/2.8.1/builds.json,ok
2.8.2,2026-06-02,da,危局强袭,1-2,首领 2,2.8.2,危局强袭 2.8.2,2026-05-22,2026-06-05,evelyn,Evelyn Chevalier,伊芙琳·舒瓦利耶,直伤主C,S,0.9,18764,176,78,0.83,60.0,60.0,7.0,hf_builds,2.8.2/builds.json,https://huggingface.co/datasets/LvlUrArti/ShiyuDataProcessed/resolve/main/2.8.2/builds.json,ok
2.8.3,2026-06-15,da,危局强袭,1-2,首领 2,2.8.3,危局强袭 2.8.3,2026-06-05,2026-06-19,evelyn,Evelyn Chevalier,伊芙琳·舒瓦利耶,直伤主C,S,0.61,23140,327,128,0.64,60.0,60.0,7.0,hf_builds,2.8.3/builds.json,https://huggingface.co/datasets/LvlUrArti/ShiyuDataProcessed/resolve/main/2.8.3/builds.json,ok
3.0.1,2026-06-21,da,危局强袭,1-2,首领 2,3.0.1,危局强袭 3.0.1,2026-06-19,2026-07-03,evelyn,Evelyn Chevalier,伊芙琳·舒瓦利耶,直伤主C,S,0.14,0,84,120,0.64,60.0,59.46,7.0,hf_builds,3.0.1/builds.json,https://huggingface.co/datasets/LvlUrArti/ShiyuDataProcessed/resolve/main/3.0.1/builds.json,ok
2.6.1,2026-02-17,da,危局强袭,1-2,首领 2,2.6.1,危局强袭 2.6.1,2026-02-13,2026-02-27,grace-howard,Grace Howard,格莉丝·霍华德,异常主C,S,0.04,0,53,11,2.53,59.85,54.66,6.97,hf_builds,2.6.1/builds.json,https://huggingface.co/datasets/LvlUrArti/ShiyuDataProcessed/resolve/main/2.6.1/builds.json,ok
2.6.2,2026-03-10,da,危局强袭,1-2,首领 2,2.6.2,危局强袭 2.6.2,2026-02-27,2026-03-13,grace-howard,Grace Howard,格莉丝·霍华德,异常主C,S,0.02,0,58,23,2.94,60.0,60.0,6.98,hf_builds,2.6.2/builds.json,https://huggingface.co/datasets/LvlUrArti/ShiyuDataProcessed/resolve/main/2.6.2/builds.json,ok
2.7.1,2026-03-31,da,危局强袭,1-2,首领 2,2.7.1,危局强袭 2.7.1,2026-03-27,2026-04-10,grace-howard,Grace Howard,格莉丝·霍华德,异常主C,S,0.02,0,106,27,2.72,60.0,60.0,7.0,hf_builds,2.7.1/builds.json,https://huggingface.co/datasets/LvlUrArti/ShiyuDataProcessed/resolve/main/2.7.1/builds.json,ok
2.7.2,2026-04-21,da,危局强袭,1-2,首领 2,2.7.2,危局强袭 2.7.2,2026-04-10,2026-04-24,grace-howard,Grace Howard,格莉丝·霍华德,异常主C,S,0.14,23528,98,31,2.72,60.0,60.0,7.0,hf_builds,2.7.2/builds.json,https://huggingface.co/datasets/LvlUrArti/ShiyuDataProcessed/resolve/main/2.7.2/builds.json,ok
2.8.1,2026-05-11,da,危局强袭,1-2,首领 2,2.8.1,危局强袭 2.8.1,2026-05-08,2026-05-22,grace-howard,Grace Howard,格莉丝·霍华德,异常主C,S,0.01,0,39,17,2.96,60.0,60.0,7.0,hf_builds,2.8.1/builds.json,https://huggingface.co/datasets/LvlUrArti/ShiyuDataProcessed/resolve/main/2.8.1/builds.json,ok
2.8.2,2026-06-02,da,危局强袭,1-2,首领 2,2.8.2,危局强袭 2.8.2,2026-05-22,2026-06-05,grace-howard,Grace Howard,格莉丝·霍华德,异常主C,S,0.0,0,82,8,2.36,60.0,60.0,7.0,hf_builds,2.8.2/builds.json,https://huggingface.co/datasets/LvlUrArti/ShiyuDataProcessed/resolve/main/2.8.2/builds.json,ok
2.8.3,2026-06-15,da,危局强袭,1-2,首领 2,2.8.3,危局强袭 2.8.3,2026-06-05,2026-06-19,grace-howard,Grace Howard,格莉丝·霍华德,异常主C,S,0.0,0,24,6,2.62,60.0,60.0,7.0,hf_builds,2.8.3/builds.json,https://huggingface.co/datasets/LvlUrArti/ShiyuDataProcessed/resolve/main/2.8.3/builds.json,ok
3.0.1,2026-06-21,da,危局强袭,1-2,首领 2,3.0.1,危局强袭 3.0.1,2026-06-19,2026-07-03,grace-howard,Grace Howard,格莉丝·霍华德,异常主C,S,0.0,0,89,27,3.15,60.0,60.0,7.0,hf_builds,3.0.1/builds.json,https://huggingface.co/datasets/LvlUrArti/ShiyuDataProcessed/resolve/main/3.0.1/builds.json,ok
2.6.1,2026-02-17,da,危局强袭,1-2,首领 2,2.6.1,危局强袭 2.6.1,2026-02-13,2026-02-27,harumasa,Asaba Harumasa,浅羽 悠真,直伤主C,S,0.3,24566,97,65,0.68,60.0,59.68,7.0,hf_builds,2.6.1/builds.json,https://huggingface.co/datasets/LvlUrArti/ShiyuDataProcessed/resolve/main/2.6.1/builds.json,ok
2.6.2,2026-03-10,da,危局强袭,1-2,首领 2,2.6.2,危局强袭 2.6.2,2026-02-27,2026-03-13,harumasa,Asaba Harumasa,浅羽 悠真,直伤主C,S,4.12,22683,795,386,0.76,60.0,59.94,7.0,hf_builds,2.6.2/builds.json,https://huggingface.co/datasets/LvlUrArti/ShiyuDataProcessed/resolve/main/2.6.2/builds.json,ok
2.7.1,2026-03-31,da,危局强袭,1-2,首领 2,2.7.1,危局强袭 2.7.1,2026-03-27,2026-04-10,harumasa,Asaba Harumasa,浅羽 悠真,直伤主C,S,0.25,23003,75,88,1.87,60.0,60.0,7.0,hf_builds,2.7.1/builds.json,https://huggingface.co/datasets/LvlUrArti/ShiyuDataProcessed/resolve/main/2.7.1/builds.json,ok
2.7.2,2026-04-21,da,危局强袭,1-2,首领 2,2.7.2,危局强袭 2.7.2,2026-04-10,2026-04-24,harumasa,Asaba Harumasa,浅羽 悠真,直伤主C,S,3.6,22867,645,342,0.83,60.0,59.44,7.0,hf_builds,2.7.2/builds.json,https://huggingface.co/datasets/LvlUrArti/ShiyuDataProcessed/resolve/main/2.7.2/builds.json,ok
2.8.1,2026-05-11,da,危局强袭,1-2,首领 2,2.8.1,危局强袭 2.8.1,2026-05-08,2026-05-22,harumasa,Asaba Harumasa,浅羽 悠真,直伤主C,S,0.03,0,417,286,0.82,60.0,59.79,7.0,hf_builds,2.8.1/builds.json,https://huggingface.co/datasets/LvlUrArti/ShiyuDataProcessed/resolve/main/2.8.1/builds.json,ok
2.8.2,2026-06-02,da,危局强袭,1-2,首领 2,2.8.2,危局强袭 2.8.2,2026-05-22,2026-06-05,harumasa,Asaba Harumasa,浅羽 悠真,直伤主C,S,0.01,0,77,27,1.05,60.0,60.0,7.0,hf_builds,2.8.2/builds.json,https://huggingface.co/datasets/LvlUrArti/ShiyuDataProcessed/resolve/main/2.8.2/builds.json,ok
2.8.3,2026-06-15,da,危局强袭,1-2,首领 2,2.8.3,危局强袭 2.8.3,2026-06-05,2026-06-19,harumasa,Asaba Harumasa,浅羽 悠真,直伤主C,S,0.0,0,432,129,0.94,60.0,58.55,7.0,hf_builds,2.8.3/builds.json,https://huggingface.co/datasets/LvlUrArti/ShiyuDataProcessed/resolve/main/2.8.3/builds.json,ok
3.0.1,2026-06-21,da,危局强袭,1-2,首领 2,3.0.1,危局强袭 3.0.1,2026-06-19,2026-07-03,harumasa,Asaba Harumasa,浅羽 悠真,直伤主C,S,0.04,0,14,26,2.8,60.0,60.0,7.0,hf_builds,3.0.1/builds.json,https://huggingface.co/datasets/LvlUrArti/ShiyuDataProcessed/resolve/main/3.0.1/builds.json,ok
2.6.1,2026-02-17,da,危局强袭,1-2,首领 2,2.6.1,危局强袭 2.6.1,2026-02-13,2026-02-27,hugo,Hugo Vlad,雨果·维拉德,直伤主C,S,0.08,0,46,54,3.19,60.0,59.56,7.0,hf_builds,2.6.1/builds.json,https://huggingface.co/datasets/LvlUrArti/ShiyuDataProcessed/resolve/main/2.6.1/builds.json,ok
2.6.2,2026-03-10,da,危局强袭,1-2,首领 2,2.6.2,危局强袭 2.6.2,2026-02-27,2026-03-13,hugo,Hugo Vlad,雨果·维拉德,直伤主C,S,0.01,0,111,153,3.28,60.0,59.68,7.0,hf_builds,2.6.2/builds.json,https://huggingface.co/datasets/LvlUrArti/ShiyuDataProcessed/resolve/main/2.6.2/builds.json,ok
2.7.1,2026-03-31,da,危局强袭,1-2,首领 2,2.7.1,危局强袭 2.7.1,2026-03-27,2026-04-10,hugo,Hugo Vlad,雨果·维拉德,直伤主C,S,0.01,0,373,424,1.94,60.0,59.32,7.0,hf_builds,2.7.1/builds.json,https://huggingface.co/datasets/LvlUrArti/ShiyuDataProcessed/resolve/main/2.7.1/builds.json,ok
2.7.2,2026-04-21,da,危局强袭,1-2,首领 2,2.7.2,危局强袭 2.7.2,2026-04-10,2026-04-24,hugo,Hugo Vlad,雨果·维拉德,直伤主C,S,0.37,22296,134,188,2.63,60.0,59.86,7.0,hf_builds,2.7.2/builds.json,https://huggingface.co/datasets/LvlUrArti/ShiyuDataProcessed/resolve/main/2.7.2/builds.json,ok
2.8.1,2026-05-11,da,危局强袭,1-2,首领 2,2.8.1,危局强袭 2.8.1,2026-05-08,2026-05-22,hugo,Hugo Vlad,雨果·维拉德,直伤主C,S,0.49,20945,106,163,2.52,60.0,60.0,7.0,hf_builds,2.8.1/builds.json,https://huggingface.co/datasets/LvlUrArti/ShiyuDataProcessed/resolve/main/2.8.1/builds.json,ok
2.8.2,2026-06-02,da,危局强袭,1-2,首领 2,2.8.2,危局强袭 2.8.2,2026-05-22,2026-06-05,hugo,Hugo Vlad,雨果·维拉德,直伤主C,S,0.2,12344,92,51,2.52,60.0,60.0,7.0,hf_builds,2.8.2/builds.json,https://huggingface.co/datasets/LvlUrArti/ShiyuDataProcessed/resolve/main/2.8.2/builds.json,ok
2.8.3,2026-06-15,da,危局强袭,1-2,首领 2,2.8.3,危局强袭 2.8.3,2026-06-05,2026-06-19,hugo,Hugo Vlad,雨果·维拉德,直伤主C,S,0.17,0,39,44,2.79,60.0,60.0,7.0,hf_builds,2.8.3/builds.json,https://huggingface.co/datasets/LvlUrArti/ShiyuDataProcessed/resolve/main/2.8.3/builds.json,ok
3.0.1,2026-06-21,da,危局强袭,1-2,首领 2,3.0.1,危局强袭 3.0.1,2026-06-19,2026-07-03,hugo,Hugo Vlad,雨果·维拉德,直伤主C,S,2.52,23511,369,388,1.8,60.0,59.89,7.0,hf_builds,3.0.1/builds.json,https://huggingface.co/datasets/LvlUrArti/ShiyuDataProcessed/resolve/main/3.0.1/builds.json,ok
2.6.1,2026-02-17,da,危局强袭,1-2,首领 2,2.6.1,危局强袭 2.6.1,2026-02-13,2026-02-27,jane-doe,Jane Doe,简·杜,异常主C,S,1.05,22672,629,298,1.17,60.0,59.91,7.0,hf_builds,2.6.1/builds.json,https://huggingface.co/datasets/LvlUrArti/ShiyuDataProcessed/resolve/main/2.6.1/builds.json,ok
2.6.2,2026-03-10,da,危局强袭,1-2,首领 2,2.6.2,危局强袭 2.6.2,2026-02-27,2026-03-13,jane-doe,Jane Doe,简·杜,异常主C,S,0.16,0,782,597,1.25,60.0,59.96,6.99,hf_builds,2.6.2/builds.json,https://huggingface.co/datasets/LvlUrArti/ShiyuDataProcessed/resolve/main/2.6.2/builds.json,ok
2.7.1,2026-03-31,da,危局强袭,1-2,首领 2,2.7.1,危局强袭 2.7.1,2026-03-27,2026-04-10,jane-doe,Jane Doe,简·杜,异常主C,S,0.2,0,326,340,1.36,60.0,59.97,7.0,hf_builds,2.7.1/builds.json,https://huggingface.co/datasets/LvlUrArti/ShiyuDataProcessed/resolve/main/2.7.1/builds.json,ok
2.7.2,2026-04-21,da,危局强袭,1-2,首领 2,2.7.2,危局强袭 2.7.2,2026-04-10,2026-04-24,jane-doe,Jane Doe,简·杜,异常主C,S,0.12,0,628,437,1.55,60.0,60.0,7.0,hf_builds,2.7.2/builds.json,https://huggingface.co/datasets/LvlUrArti/ShiyuDataProcessed/resolve/main/2.7.2/builds.json,ok
2.8.1,2026-05-11,da,危局强袭,1-2,首领 2,2.8.1,危局强袭 2.8.1,2026-05-08,2026-05-22,jane-doe,Jane Doe,简·杜,异常主C,S,0.01,0,31,45,1.67,60.0,59.85,7.0,hf_builds,2.8.1/builds.json,https://huggingface.co/datasets/LvlUrArti/ShiyuDataProcessed/resolve/main/2.8.1/builds.json,ok
2.8.2,2026-06-02,da,危局强袭,1-2,首领 2,2.8.2,危局强袭 2.8.2,2026-05-22,2026-06-05,jane-doe,Jane Doe,简·杜,异常主C,S,0.04,0,538,153,1.3,59.97,59.97,7.0,hf_builds,2.8.2/builds.json,https://huggingface.co/datasets/LvlUrArti/ShiyuDataProcessed/resolve/main/2.8.2/builds.json,ok
2.8.3,2026-06-15,da,危局强袭,1-2,首领 2,2.8.3,危局强袭 2.8.3,2026-06-05,2026-06-19,jane-doe,Jane Doe,简·杜,异常主C,S,0.01,0,1313,386,1.15,60.0,59.87,7.0,hf_builds,2.8.3/builds.json,https://huggingface.co/datasets/LvlUrArti/ShiyuDataProcessed/resolve/main/2.8.3/builds.json,ok
3.0.1,2026-06-21,da,危局强袭,1-2,首领 2,3.0.1,危局强袭 3.0.1,2026-06-19,2026-07-03,jane-doe,Jane Doe,简·杜,异常主C,S,0.02,0,1691,1028,0.9,60.0,59.83,7.0,hf_builds,3.0.1/builds.json,https://huggingface.co/datasets/LvlUrArti/ShiyuDataProcessed/resolve/main/3.0.1/builds.json,ok
2.6.1,2026-02-17,da,危局强袭,1-2,首领 2,2.6.1,危局强袭 2.6.1,2026-02-13,2026-02-27,ju-fufu,Ju Fufu,橘福福,辅助,S,37.43,30982,6081,618,0.12,60.0,59.37,6.99,hf_builds,2.6.1/builds.json,https://huggingface.co/datasets/LvlUrArti/ShiyuDataProcessed/resolve/main/2.6.1/builds.json,ok
2.6.2,2026-03-10,da,危局强袭,1-2,首领 2,2.6.2,危局强袭 2.6.2,2026-02-27,2026-03-13,ju-fufu,Ju Fufu,橘福福,辅助,S,2.22,23759,6753,990,0.14,59.98,59.58,6.99,hf_builds,2.6.2/builds.json,https://huggingface.co/datasets/LvlUrArti/ShiyuDataProcessed/resolve/main/2.6.2/builds.json,ok
2.7.1,2026-03-31,da,危局强袭,1-2,首领 2,2.7.1,危局强袭 2.7.1,2026-03-27,2026-04-10,ju-fufu,Ju Fufu,橘福福,辅助,S,28.11,29580,4894,875,0.14,59.99,58.88,6.99,hf_builds,2.7.1/builds.json,https://huggingface.co/datasets/LvlUrArti/ShiyuDataProcessed/resolve/main/2.7.1/builds.json,ok
2.7.2,2026-04-21,da,危局强袭,1-2,首领 2,2.7.2,危局强袭 2.7.2,2026-04-10,2026-04-24,ju-fufu,Ju Fufu,橘福福,辅助,S,14.04,27219,4151,583,0.15,60.0,59.57,7.0,hf_builds,2.7.2/builds.json,https://huggingface.co/datasets/LvlUrArti/ShiyuDataProcessed/resolve/main/2.7.2/builds.json,ok
2.8.1,2026-05-11,da,危局强袭,1-2,首领 2,2.8.1,危局强袭 2.8.1,2026-05-08,2026-05-22,ju-fufu,Ju Fufu,橘福福,辅助,S,29.71,27856,4236,672,0.16,60.0,59.61,7.0,hf_builds,2.8.1/builds.json,https://huggingface.co/datasets/LvlUrArti/ShiyuDataProcessed/resolve/main/2.8.1/builds.json,ok
2.8.2,2026-06-02,da,危局强袭,1-2,首领 2,2.8.2,危局强袭 2.8.2,2026-05-22,2026-06-05,ju-fufu,Ju Fufu,橘福福,辅助,S,7.1,23738,3302,253,0.19,60.0,59.73,7.0,hf_builds,2.8.2/builds.json,https://huggingface.co/datasets/LvlUrArti/ShiyuDataProcessed/resolve/main/2.8.2/builds.json,ok
2.8.3,2026-06-15,da,危局强袭,1-2,首领 2,2.8.3,危局强袭 2.8.3,2026-06-05,2026-06-19,ju-fufu,Ju Fufu,橘福福,辅助,S,10.49,25467,2888,266,0.18,60.0,59.89,6.99,hf_builds,2.8.3/builds.json,https://huggingface.co/datasets/LvlUrArti/ShiyuDataProcessed/resolve/main/2.8.3/builds.json,ok
3.0.1,2026-06-21,da,危局强袭,1-2,首领 2,3.0.1,危局强袭 3.0.1,2026-06-19,2026-07-03,ju-fufu,Ju Fufu,橘福福,辅助,S,20.98,32203,3817,600,0.16,60.0,59.8,7.0,hf_builds,3.0.1/builds.json,https://huggingface.co/datasets/LvlUrArti/ShiyuDataProcessed/resolve/main/3.0.1/builds.json,ok
2.6.1,2026-02-17,da,危局强袭,1-2,首领 2,2.6.1,危局强袭 2.6.1,2026-02-13,2026-02-27,koleda,Koleda Belobog,珂蕾妲·贝洛伯格,辅助,S,1.12,23590,180,5,2.11,60.0,55.14,6.92,hf_builds,2.6.1/builds.json,https://huggingface.co/datasets/LvlUrArti/ShiyuDataProcessed/resolve/main/2.6.1/builds.json,ok
2.6.2,2026-03-10,da,危局强袭,1-2,首领 2,2.6.2,危局强袭 2.6.2,2026-02-27,2026-03-13,koleda,Koleda Belobog,珂蕾妲·贝洛伯格,辅助,S,0.11,0,243,11,1.98,60.0,55.63,6.96,hf_builds,2.6.2/builds.json,https://huggingface.co/datasets/LvlUrArti/ShiyuDataProcessed/resolve/main/2.6.2/builds.json,ok
2.7.1,2026-03-31,da,危局强袭,1-2,首领 2,2.7.1,危局强袭 2.7.1,2026-03-27,2026-04-10,koleda,Koleda Belobog,珂蕾妲·贝洛伯格,辅助,S,0.59,23103,103,7,2.19,60.0,51.14,7.0,hf_builds,2.7.1/builds.json,https://huggingface.co/datasets/LvlUrArti/ShiyuDataProcessed/resolve/main/2.7.1/builds.json,ok
2.7.2,2026-04-21,da,危局强袭,1-2,首领 2,2.7.2,危局强袭 2.7.2,2026-04-10,2026-04-24,koleda,Koleda Belobog,珂蕾妲·贝洛伯格,辅助,S,0.19,21819,74,4,2.14,60.0,60.0,7.0,hf_builds,2.7.2/builds.json,https://huggingface.co/datasets/LvlUrArti/ShiyuDataProcessed/resolve/main/2.7.2/builds.json,ok
2.8.1,2026-05-11,da,危局强袭,1-2,首领 2,2.8.1,危局强袭 2.8.1,2026-05-08,2026-05-22,koleda,Koleda Belobog,珂蕾妲·贝洛伯格,辅助,S,1.09,22413,156,5,2.11,60.0,58.89,7.0,hf_builds,2.8.1/builds.json,https://huggingface.co/datasets/LvlUrArti/ShiyuDataProcessed/resolve/main/2.8.1/builds.json,ok
2.8.2,2026-06-02,da,危局强袭,1-2,首领 2,2.8.2,危局强袭 2.8.2,2026-05-22,2026-06-05,koleda,Koleda Belobog,珂蕾妲·贝洛伯格,辅助,S,0.47,18789,134,4,2.16,60.0,60.0,6.93,hf_builds,2.8.2/builds.json,https://huggingface.co/datasets/LvlUrArti/ShiyuDataProcessed/resolve/main/2.8.2/builds.json,ok
2.8.3,2026-06-15,da,危局强袭,1-2,首领 2,2.8.3,危局强袭 2.8.3,2026-06-05,2026-06-19,koleda,Koleda Belobog,珂蕾妲·贝洛伯格,辅助,S,0.47,23625,104,2,2.36,60.0,60.0,7.0,hf_builds,2.8.3/builds.json,https://huggingface.co/datasets/LvlUrArti/ShiyuDataProcessed/resolve/main/2.8.3/builds.json,ok
3.0.1,2026-06-21,da,危局强袭,1-2,首领 2,3.0.1,危局强袭 3.0.1,2026-06-19,2026-07-03,koleda,Koleda Belobog,珂蕾妲·贝洛伯格,辅助,S,0.32,24949,119,9,2.51,60.0,59.49,7.0,hf_builds,3.0.1/builds.json,https://huggingface.co/datasets/LvlUrArti/ShiyuDataProcessed/resolve/main/3.0.1/builds.json,ok
2.6.1,2026-02-17,da,危局强袭,1-2,首领 2,2.6.1,危局强袭 2.6.1,2026-02-13,2026-02-27,lighter,Lighter,莱特,辅助,S,1.53,23047,424,156,0.37,60.0,59.62,6.99,hf_builds,2.6.1/builds.json,https://huggingface.co/datasets/LvlUrArti/ShiyuDataProcessed/resolve/main/2.6.1/builds.json,ok
2.6.2,2026-03-10,da,危局强袭,1-2,首领 2,2.6.2,危局强袭 2.6.2,2026-02-27,2026-03-13,lighter,Lighter,莱特,辅助,S,0.66,21808,567,310,0.54,60.0,59.85,7.0,hf_builds,2.6.2/builds.json,https://huggingface.co/datasets/LvlUrArti/ShiyuDataProcessed/resolve/main/2.6.2/builds.json,ok
2.7.1,2026-03-31,da,危局强袭,1-2,首领 2,2.7.1,危局强袭 2.7.1,2026-03-27,2026-04-10,lighter,Lighter,莱特,辅助,S,0.9,23458,730,430,0.59,60.0,59.54,7.0,hf_builds,2.7.1/builds.json,https://huggingface.co/datasets/LvlUrArti/ShiyuDataProcessed/resolve/main/2.7.1/builds.json,ok
2.7.2,2026-04-21,da,危局强袭,1-2,首领 2,2.7.2,危局强袭 2.7.2,2026-04-10,2026-04-24,lighter,Lighter,莱特,辅助,S,0.78,21280,484,258,0.72,60.0,59.87,7.0,hf_builds,2.7.2/builds.json,https://huggingface.co/datasets/LvlUrArti/ShiyuDataProcessed/resolve/main/2.7.2/builds.json,ok
2.8.1,2026-05-11,da,危局强袭,1-2,首领 2,2.8.1,危局强袭 2.8.1,2026-05-08,2026-05-22,lighter,Lighter,莱特,辅助,S,1.65,21777,322,208,0.72,60.0,59.56,6.99,hf_builds,2.8.1/builds.json,https://huggingface.co/datasets/LvlUrArti/ShiyuDataProcessed/resolve/main/2.8.1/builds.json,ok
2.8.2,2026-06-02,da,危局强袭,1-2,首领 2,2.8.2,危局强袭 2.8.2,2026-05-22,2026-06-05,lighter,Lighter,莱特,辅助,S,1.31,17934,326,67,0.62,60.0,59.95,6.98,hf_builds,2.8.2/builds.json,https://huggingface.co/datasets/LvlUrArti/ShiyuDataProcessed/resolve/main/2.8.2/builds.json,ok
2.8.3,2026-06-15,da,危局强袭,1-2,首领 2,2.8.3,危局强袭 2.8.3,2026-06-05,2026-06-19,lighter,Lighter,莱特,辅助,S,1.01,23520,271,86,0.53,60.0,59.96,7.0,hf_builds,2.8.3/builds.json,https://huggingface.co/datasets/LvlUrArti/ShiyuDataProcessed/resolve/main/2.8.3/builds.json,ok
3.0.1,2026-06-21,da,危局强袭,1-2,首领 2,3.0.1,危局强袭 3.0.1,2026-06-19,2026-07-03,lighter,Lighter,莱特,辅助,S,3.21,23978,550,331,0.51,60.0,59.88,7.0,hf_builds,3.0.1/builds.json,https://huggingface.co/datasets/LvlUrArti/ShiyuDataProcessed/resolve/main/3.0.1/builds.json,ok
2.6.1,2026-02-17,da,危局强袭,1-2,首领 2,2.6.1,危局强袭 2.6.1,2026-02-13,2026-02-27,lucia,Lucia,卢西娅,辅助,S,72.18,32784,11486,1156,0.13,60.0,58.99,6.99,hf_builds,2.6.1/builds.json,https://huggingface.co/datasets/LvlUrArti/ShiyuDataProcessed/resolve/main/2.6.1/builds.json,ok
2.6.2,2026-03-10,da,危局强袭,1-2,首领 2,2.6.2,危局强袭 2.6.2,2026-02-27,2026-03-13,lucia,Lucia,卢西娅,辅助,S,1.78,24185,13272,1895,0.14,59.99,59.19,6.99,hf_builds,2.6.2/builds.json,https://huggingface.co/datasets/LvlUrArti/ShiyuDataProcessed/resolve/main/2.6.2/builds.json,ok
2.7.1,2026-03-31,da,危局强袭,1-2,首领 2,2.7.1,危局强袭 2.7.1,2026-03-27,2026-04-10,lucia,Lucia,卢西娅,辅助,S,64.94,32197,11079,1782,0.13,60.0,59.1,6.99,hf_builds,2.7.1/builds.json,https://huggingface.co/datasets/LvlUrArti/ShiyuDataProcessed/resolve/main/2.7.1/builds.json,ok
2.7.2,2026-04-21,da,危局强袭,1-2,首领 2,2.7.2,危局强袭 2.7.2,2026-04-10,2026-04-24,lucia,Lucia,卢西娅,辅助,S,22.57,27725,7398,1073,0.15,60.0,59.28,6.99,hf_builds,2.7.2/builds.json,https://huggingface.co/datasets/LvlUrArti/ShiyuDataProcessed/resolve/main/2.7.2/builds.json,ok
2.8.1,2026-05-11,da,危局强袭,1-2,首领 2,2.8.1,危局强袭 2.8.1,2026-05-08,2026-05-22,lucia,Lucia,卢西娅,辅助,S,80.94,28165,11270,1555,0.16,60.0,59.39,6.99,hf_builds,2.8.1/builds.json,https://huggingface.co/datasets/LvlUrArti/ShiyuDataProcessed/resolve/main/2.8.1/builds.json,ok
2.8.2,2026-06-02,da,危局强袭,1-2,首领 2,2.8.2,危局强袭 2.8.2,2026-05-22,2026-06-05,lucia,Lucia,卢西娅,辅助,S,26.36,28208,9190,632,0.21,59.99,59.54,6.99,hf_builds,2.8.2/builds.json,https://huggingface.co/datasets/LvlUrArti/ShiyuDataProcessed/resolve/main/2.8.2/builds.json,ok
2.8.3,2026-06-15,da,危局强袭,1-2,首领 2,2.8.3,危局强袭 2.8.3,2026-06-05,2026-06-19,lucia,Lucia,卢西娅,辅助,S,41.19,29574,9097,652,0.2,60.0,59.54,7.0,hf_builds,2.8.3/builds.json,https://huggingface.co/datasets/LvlUrArti/ShiyuDataProcessed/resolve/main/2.8.3/builds.json,ok
3.0.1,2026-06-21,da,危局强袭,1-2,首领 2,3.0.1,危局强袭 3.0.1,2026-06-19,2026-07-03,lucia,Lucia,卢西娅,辅助,S,38.64,32774,8925,1264,0.17,60.0,59.33,6.99,hf_builds,3.0.1/builds.json,https://huggingface.co/datasets/LvlUrArti/ShiyuDataProcessed/resolve/main/3.0.1/builds.json,ok
2.6.1,2026-02-17,da,危局强袭,1-2,首领 2,2.6.1,危局强袭 2.6.1,2026-02-13,2026-02-27,lucy,Luciana de Montefio,露西亚娜·德·蒙特夫,辅助,A,0.23,21885,169,8,5.98,60.0,59.6,7.0,hf_builds,2.6.1/builds.json,https://huggingface.co/datasets/LvlUrArti/ShiyuDataProcessed/resolve/main/2.6.1/builds.json,ok
2.6.2,2026-03-10,da,危局强袭,1-2,首领 2,2.6.2,危局强袭 2.6.2,2026-02-27,2026-03-13,lucy,Luciana de Montefio,露西亚娜·德·蒙特夫,辅助,A,0.3,22242,139,11,5.96,60.0,60.0,7.0,hf_builds,2.6.2/builds.json,https://huggingface.co/datasets/LvlUrArti/ShiyuDataProcessed/resolve/main/2.6.2/builds.json,ok
2.7.1,2026-03-31,da,危局强袭,1-2,首领 2,2.7.1,危局强袭 2.7.1,2026-03-27,2026-04-10,lucy,Luciana de Montefio,露西亚娜·德·蒙特夫,辅助,A,0.18,22629,83,16,5.99,60.0,60.0,7.0,hf_builds,2.7.1/builds.json,https://huggingface.co/datasets/LvlUrArti/ShiyuDataProcessed/resolve/main/2.7.1/builds.json,ok
2.7.2,2026-04-21,da,危局强袭,1-2,首领 2,2.7.2,危局强袭 2.7.2,2026-04-10,2026-04-24,lucy,Luciana de Montefio,露西亚娜·德·蒙特夫,辅助,A,0.14,22557,82,9,6.0,60.0,57.25,7.0,hf_builds,2.7.2/builds.json,https://huggingface.co/datasets/LvlUrArti/ShiyuDataProcessed/resolve/main/2.7.2/builds.json,ok
2.8.1,2026-05-11,da,危局强袭,1-2,首领 2,2.8.1,危局强袭 2.8.1,2026-05-08,2026-05-22,lucy,Luciana de Montefio,露西亚娜·德·蒙特夫,辅助,A,0.07,0,39,6,6.0,60.0,60.0,7.0,hf_builds,2.8.1/builds.json,https://huggingface.co/datasets/LvlUrArti/ShiyuDataProcessed/resolve/main/2.8.1/builds.json,ok
2.8.2,2026-06-02,da,危局强袭,1-2,首领 2,2.8.2,危局强袭 2.8.2,2026-05-22,2026-06-05,lucy,Luciana de Montefio,露西亚娜·德·蒙特夫,辅助,A,0.25,14516,137,2,5.98,60.0,60.0,7.0,hf_builds,2.8.2/builds.json,https://huggingface.co/datasets/LvlUrArti/ShiyuDataProcessed/resolve/main/2.8.2/builds.json,ok
2.8.3,2026-06-15,da,危局强袭,1-2,首领 2,2.8.3,危局强袭 2.8.3,2026-06-05,2026-06-19,lucy,Luciana de Montefio,露西亚娜·德·蒙特夫,辅助,A,0.15,24065,60,4,5.99,60.0,58.87,6.88,hf_builds,2.8.3/builds.json,https://huggingface.co/datasets/LvlUrArti/ShiyuDataProcessed/resolve/main/2.8.3/builds.json,ok
3.0.1,2026-06-21,da,危局强袭,1-2,首领 2,3.0.1,危局强袭 3.0.1,2026-06-19,2026-07-03,lucy,Luciana de Montefio,露西亚娜·德·蒙特夫,辅助,A,0.16,0,48,6,5.99,60.0,60.0,7.0,hf_builds,3.0.1/builds.json,https://huggingface.co/datasets/LvlUrArti/ShiyuDataProcessed/resolve/main/3.0.1/builds.json,ok
2.6.1,2026-02-17,da,危局强袭,1-2,首领 2,2.6.1,危局强袭 2.6.1,2026-02-13,2026-02-27,lycaon,Von Lycaon,冯·莱卡恩,辅助,S,0.21,26718,409,69,2.12,60.0,59.85,7.0,hf_builds,2.6.1/builds.json,https://huggingface.co/datasets/LvlUrArti/ShiyuDataProcessed/resolve/main/2.6.1/builds.json,ok
2.6.2,2026-03-10,da,危局强袭,1-2,首领 2,2.6.2,危局强袭 2.6.2,2026-02-27,2026-03-13,lycaon,Von Lycaon,冯·莱卡恩,辅助,S,0.13,24366,1656,179,2.18,60.0,58.55,6.97,hf_builds,2.6.2/builds.json,https://huggingface.co/datasets/LvlUrArti/ShiyuDataProcessed/resolve/main/2.6.2/builds.json,ok
2.7.1,2026-03-31,da,危局强袭,1-2,首领 2,2.7.1,危局强袭 2.7.1,2026-03-27,2026-04-10,lycaon,Von Lycaon,冯·莱卡恩,辅助,S,0.17,25317,1759,349,2.28,59.99,58.84,6.97,hf_builds,2.7.1/builds.json,https://huggingface.co/datasets/LvlUrArti/ShiyuDataProcessed/resolve/main/2.7.1/builds.json,ok
2.7.2,2026-04-21,da,危局强袭,1-2,首领 2,2.7.2,危局强袭 2.7.2,2026-04-10,2026-04-24,lycaon,Von Lycaon,冯·莱卡恩,辅助,S,0.53,22592,939,144,2.28,59.98,58.95,6.98,hf_builds,2.7.2/builds.json,https://huggingface.co/datasets/LvlUrArti/ShiyuDataProcessed/resolve/main/2.7.2/builds.json,ok
2.8.1,2026-05-11,da,危局强袭,1-2,首领 2,2.8.1,危局强袭 2.8.1,2026-05-08,2026-05-22,lycaon,Von Lycaon,冯·莱卡恩,辅助,S,5.73,28316,968,127,2.21,59.99,59.37,6.98,hf_builds,2.8.1/builds.json,https://huggingface.co/datasets/LvlUrArti/ShiyuDataProcessed/resolve/main/2.8.1/builds.json,ok
2.8.2,2026-06-02,da,危局强袭,1-2,首领 2,2.8.2,危局强袭 2.8.2,2026-05-22,2026-06-05,lycaon,Von Lycaon,冯·莱卡恩,辅助,S,3.66,23599,1423,76,2.26,60.0,59.75,6.99,hf_builds,2.8.2/builds.json,https://huggingface.co/datasets/LvlUrArti/ShiyuDataProcessed/resolve/main/2.8.2/builds.json,ok
2.8.3,2026-06-15,da,危局强袭,1-2,首领 2,2.8.3,危局强袭 2.8.3,2026-06-05,2026-06-19,lycaon,Von Lycaon,冯·莱卡恩,辅助,S,4.02,25842,811,71,2.39,60.0,59.7,7.0,hf_builds,2.8.3/builds.json,https://huggingface.co/datasets/LvlUrArti/ShiyuDataProcessed/resolve/main/2.8.3/builds.json,ok
3.0.1,2026-06-21,da,危局强袭,1-2,首领 2,3.0.1,危局强袭 3.0.1,2026-06-19,2026-07-03,lycaon,Von Lycaon,冯·莱卡恩,辅助,S,5.24,24282,1078,249,2.48,60.0,59.87,6.98,hf_builds,3.0.1/builds.json,https://huggingface.co/datasets/LvlUrArti/ShiyuDataProcessed/resolve/main/3.0.1/builds.json,ok
2.6.1,2026-02-17,da,危局强袭,1-2,首领 2,2.6.1,危局强袭 2.6.1,2026-02-13,2026-02-27,manato,Komano Manato,狛野真斗,直伤主C,A,1.26,22336,201,53,5.76,60.0,60.0,7.0,hf_builds,2.6.1/builds.json,https://huggingface.co/datasets/LvlUrArti/ShiyuDataProcessed/resolve/main/2.6.1/builds.json,ok
2.6.2,2026-03-10,da,危局强袭,1-2,首领 2,2.6.2,危局强袭 2.6.2,2026-02-27,2026-03-13,manato,Komano Manato,狛野真斗,直伤主C,A,0.04,0,585,184,5.74,60.0,60.0,7.0,hf_builds,2.6.2/builds.json,https://huggingface.co/datasets/LvlUrArti/ShiyuDataProcessed/resolve/main/2.6.2/builds.json,ok
2.7.1,2026-03-31,da,危局强袭,1-2,首领 2,2.7.1,危局强袭 2.7.1,2026-03-27,2026-04-10,manato,Komano Manato,狛野真斗,直伤主C,A,0.77,22183,121,67,5.78,60.0,60.0,7.0,hf_builds,2.7.1/builds.json,https://huggingface.co/datasets/LvlUrArti/ShiyuDataProcessed/resolve/main/2.7.1/builds.json,ok
2.7.2,2026-04-21,da,危局强袭,1-2,首领 2,2.7.2,危局强袭 2.7.2,2026-04-10,2026-04-24,manato,Komano Manato,狛野真斗,直伤主C,A,0.02,0,30,17,5.92,60.0,60.0,7.0,hf_builds,2.7.2/builds.json,https://huggingface.co/datasets/LvlUrArti/ShiyuDataProcessed/resolve/main/2.7.2/builds.json,ok
2.8.1,2026-05-11,da,危局强袭,1-2,首领 2,2.8.1,危局强袭 2.8.1,2026-05-08,2026-05-22,manato,Komano Manato,狛野真斗,直伤主C,A,2.25,22397,310,137,5.8,60.0,60.0,7.0,hf_builds,2.8.1/builds.json,https://huggingface.co/datasets/LvlUrArti/ShiyuDataProcessed/resolve/main/2.8.1/builds.json,ok
2.8.2,2026-06-02,da,危局强袭,1-2,首领 2,2.8.2,危局强袭 2.8.2,2026-05-22,2026-06-05,manato,Komano Manato,狛野真斗,直伤主C,A,0.33,16052,58,11,5.85,60.0,60.0,7.0,hf_builds,2.8.2/builds.json,https://huggingface.co/datasets/LvlUrArti/ShiyuDataProcessed/resolve/main/2.8.2/builds.json,ok
2.8.3,2026-06-15,da,危局强袭,1-2,首领 2,2.8.3,危局强袭 2.8.3,2026-06-05,2026-06-19,manato,Komano Manato,狛野真斗,直伤主C,A,0.1,0,18,7,5.98,60.0,60.0,7.0,hf_builds,2.8.3/builds.json,https://huggingface.co/datasets/LvlUrArti/ShiyuDataProcessed/resolve/main/2.8.3/builds.json,ok
3.0.1,2026-06-21,da,危局强袭,1-2,首领 2,3.0.1,危局强袭 3.0.1,2026-06-19,2026-07-03,manato,Komano Manato,狛野真斗,直伤主C,A,0.0,0,18,13,5.99,60.0,60.0,7.0,hf_builds,3.0.1/builds.json,https://huggingface.co/datasets/LvlUrArti/ShiyuDataProcessed/resolve/main/3.0.1/builds.json,ok
2.6.1,2026-02-17,da,危局强袭,1-2,首领 2,2.6.1,危局强袭 2.6.1,2026-02-13,2026-02-27,miyabi,Hoshimi Miyabi,星见 雅,异常主C,S,0.05,0,12897,5926,1.08,60.0,59.99,7.0,hf_builds,2.6.1/builds.json,https://huggingface.co/datasets/LvlUrArti/ShiyuDataProcessed/resolve/main/2.6.1/builds.json,ok
2.6.2,2026-03-10,da,危局强袭,1-2,首领 2,2.6.2,危局强袭 2.6.2,2026-02-27,2026-03-13,miyabi,Hoshimi Miyabi,星见 雅,异常主C,S,0.09,0,2055,2301,1.84,60.0,59.98,7.0,hf_builds,2.6.2/builds.json,https://huggingface.co/datasets/LvlUrArti/ShiyuDataProcessed/resolve/main/2.6.2/builds.json,ok
2.7.1,2026-03-31,da,危局强袭,1-2,首领 2,2.7.1,危局强袭 2.7.1,2026-03-27,2026-04-10,miyabi,Hoshimi Miyabi,星见 雅,异常主C,S,0.03,0,10497,8925,1.17,60.0,59.98,7.0,hf_builds,2.7.1/builds.json,https://huggingface.co/datasets/LvlUrArti/ShiyuDataProcessed/resolve/main/2.7.1/builds.json,ok
2.7.2,2026-04-21,da,危局强袭,1-2,首领 2,2.7.2,危局强袭 2.7.2,2026-04-10,2026-04-24,miyabi,Hoshimi Miyabi,星见 雅,异常主C,S,15.54,24111,3608,3361,1.5,60.0,59.99,7.0,hf_builds,2.7.2/builds.json,https://huggingface.co/datasets/LvlUrArti/ShiyuDataProcessed/resolve/main/2.7.2/builds.json,ok
2.8.1,2026-05-11,da,危局强袭,1-2,首领 2,2.8.1,危局强袭 2.8.1,2026-05-08,2026-05-22,miyabi,Hoshimi Miyabi,星见 雅,异常主C,S,1.49,21501,7767,6980,1.24,60.0,59.95,7.0,hf_builds,2.8.1/builds.json,https://huggingface.co/datasets/LvlUrArti/ShiyuDataProcessed/resolve/main/2.8.1/builds.json,ok
2.8.2,2026-06-02,da,危局强袭,1-2,首领 2,2.8.2,危局强袭 2.8.2,2026-05-22,2026-06-05,miyabi,Hoshimi Miyabi,星见 雅,异常主C,S,0.59,15326,10802,4348,1.12,60.0,59.98,7.0,hf_builds,2.8.2/builds.json,https://huggingface.co/datasets/LvlUrArti/ShiyuDataProcessed/resolve/main/2.8.2/builds.json,ok
2.8.3,2026-06-15,da,危局强袭,1-2,首领 2,2.8.3,危局强袭 2.8.3,2026-06-05,2026-06-19,miyabi,Hoshimi Miyabi,星见 雅,异常主C,S,3.72,23695,5628,2551,1.27,60.0,59.98,7.0,hf_builds,2.8.3/builds.json,https://huggingface.co/datasets/LvlUrArti/ShiyuDataProcessed/resolve/main/2.8.3/builds.json,ok
3.0.1,2026-06-21,da,危局强袭,1-2,首领 2,3.0.1,危局强袭 3.0.1,2026-06-19,2026-07-03,miyabi,Hoshimi Miyabi,星见 雅,异常主C,S,24.22,26790,5304,5334,1.28,60.0,59.95,7.0,hf_builds,3.0.1/builds.json,https://huggingface.co/datasets/LvlUrArti/ShiyuDataProcessed/resolve/main/3.0.1/builds.json,ok
2.7.1,2026-03-31,da,危局强袭,1-2,首领 2,2.7.1,危局强袭 2.7.1,2026-03-27,2026-04-10,nangong-yu,Nangong Yu,南宫羽,辅助,S,0.22,29005,7531,2868,0.08,59.97,59.52,6.83,hf_builds,2.7.1/builds.json,https://huggingface.co/datasets/LvlUrArti/ShiyuDataProcessed/resolve/main/2.7.1/builds.json,ok
2.7.2,2026-04-21,da,危局强袭,1-2,首领 2,2.7.2,危局强袭 2.7.2,2026-04-10,2026-04-24,nangong-yu,Nangong Yu,南宫羽,辅助,S,7.12,28936,11119,3659,0.11,60.0,59.78,6.98,hf_builds,2.7.2/builds.json,https://huggingface.co/datasets/LvlUrArti/ShiyuDataProcessed/resolve/main/2.7.2/builds.json,ok
2.8.1,2026-05-11,da,危局强袭,1-2,首领 2,2.8.1,危局强袭 2.8.1,2026-05-08,2026-05-22,nangong-yu,Nangong Yu,南宫羽,辅助,S,1.0,22558,7640,3174,0.12,60.0,59.77,6.99,hf_builds,2.8.1/builds.json,https://huggingface.co/datasets/LvlUrArti/ShiyuDataProcessed/resolve/main/2.8.1/builds.json,ok
2.8.2,2026-06-02,da,危局强袭,1-2,首领 2,2.8.2,危局强袭 2.8.2,2026-05-22,2026-06-05,nangong-yu,Nangong Yu,南宫羽,辅助,S,0.23,19435,11306,2193,0.12,60.0,59.92,6.99,hf_builds,2.8.2/builds.json,https://huggingface.co/datasets/LvlUrArti/ShiyuDataProcessed/resolve/main/2.8.2/builds.json,ok
2.8.3,2026-06-15,da,危局强袭,1-2,首领 2,2.8.3,危局强袭 2.8.3,2026-06-05,2026-06-19,nangong-yu,Nangong Yu,南宫羽,辅助,S,2.64,24097,8975,1666,0.12,60.0,59.93,6.99,hf_builds,2.8.3/builds.json,https://huggingface.co/datasets/LvlUrArti/ShiyuDataProcessed/resolve/main/2.8.3/builds.json,ok
3.0.1,2026-06-21,da,危局强袭,1-2,首领 2,3.0.1,危局强袭 3.0.1,2026-06-19,2026-07-03,nangong-yu,Nangong Yu,南宫羽,辅助,S,18.47,30056,4998,2145,0.13,60.0,59.86,6.99,hf_builds,3.0.1/builds.json,https://huggingface.co/datasets/LvlUrArti/ShiyuDataProcessed/resolve/main/3.0.1/builds.json,ok
2.6.1,2026-02-17,da,危局强袭,1-2,首领 2,2.6.1,危局强袭 2.6.1,2026-02-13,2026-02-27,nekomata,Nekomiya Mana,猫宫 又奈,直伤主C,S,0.07,0,91,34,3.42,60.0,58.98,7.0,hf_builds,2.6.1/builds.json,https://huggingface.co/datasets/LvlUrArti/ShiyuDataProcessed/resolve/main/2.6.1/builds.json,ok
2.6.2,2026-03-10,da,危局强袭,1-2,首领 2,2.6.2,危局强袭 2.6.2,2026-02-27,2026-03-13,nekomata,Nekomiya Mana,猫宫 又奈,直伤主C,S,0.36,23493,75,39,3.48,60.0,60.0,6.99,hf_builds,2.6.2/builds.json,https://huggingface.co/datasets/LvlUrArti/ShiyuDataProcessed/resolve/main/2.6.2/builds.json,ok
2.7.1,2026-03-31,da,危局强袭,1-2,首领 2,2.7.1,危局强袭 2.7.1,2026-03-27,2026-04-10,nekomata,Nekomiya Mana,猫宫 又奈,直伤主C,S,0.13,0,23,21,3.97,60.0,60.0,7.0,hf_builds,2.7.1/builds.json,https://huggingface.co/datasets/LvlUrArti/ShiyuDataProcessed/resolve/main/2.7.1/builds.json,ok
2.7.2,2026-04-21,da,危局强袭,1-2,首领 2,2.7.2,危局强袭 2.7.2,2026-04-10,2026-04-24,nekomata,Nekomiya Mana,猫宫 又奈,直伤主C,S,0.09,0,65,42,3.71,60.0,60.0,6.99,hf_builds,2.7.2/builds.json,https://huggingface.co/datasets/LvlUrArti/ShiyuDataProcessed/resolve/main/2.7.2/builds.json,ok
2.8.1,2026-05-11,da,危局强袭,1-2,首领 2,2.8.1,危局强袭 2.8.1,2026-05-08,2026-05-22,nekomata,Nekomiya Mana,猫宫 又奈,直伤主C,S,0.0,0,38,33,4.3,60.0,60.0,7.0,hf_builds,2.8.1/builds.json,https://huggingface.co/datasets/LvlUrArti/ShiyuDataProcessed/resolve/main/2.8.1/builds.json,ok
2.8.2,2026-06-02,da,危局强袭,1-2,首领 2,2.8.2,危局强袭 2.8.2,2026-05-22,2026-06-05,nekomata,Nekomiya Mana,猫宫 又奈,直伤主C,S,0.17,18448,37,18,3.98,60.0,58.52,7.0,hf_builds,2.8.2/builds.json,https://huggingface.co/datasets/LvlUrArti/ShiyuDataProcessed/resolve/main/2.8.2/builds.json,ok
2.8.3,2026-06-15,da,危局强袭,1-2,首领 2,2.8.3,危局强袭 2.8.3,2026-06-05,2026-06-19,nekomata,Nekomiya Mana,猫宫 又奈,直伤主C,S,0.11,0,61,24,4.05,60.0,58.78,7.0,hf_builds,2.8.3/builds.json,https://huggingface.co/datasets/LvlUrArti/ShiyuDataProcessed/resolve/main/2.8.3/builds.json,ok
3.0.1,2026-06-21,da,危局强袭,1-2,首领 2,3.0.1,危局强袭 3.0.1,2026-06-19,2026-07-03,nekomata,Nekomiya Mana,猫宫 又奈,直伤主C,S,0.01,0,25,30,4.36,60.0,60.0,7.0,hf_builds,3.0.1/builds.json,https://huggingface.co/datasets/LvlUrArti/ShiyuDataProcessed/resolve/main/3.0.1/builds.json,ok
2.6.1,2026-02-17,da,危局强袭,1-2,首领 2,2.6.1,危局强袭 2.6.1,2026-02-13,2026-02-27,nicole-demara,Nicole Demara,妮可·德玛拉,辅助,A,1.92,23060,849,39,5.99,60.0,59.7,6.95,hf_builds,2.6.1/builds.json,https://huggingface.co/datasets/LvlUrArti/ShiyuDataProcessed/resolve/main/2.6.1/builds.json,ok
2.6.2,2026-03-10,da,危局强袭,1-2,首领 2,2.6.2,危局强袭 2.6.2,2026-02-27,2026-03-13,nicole-demara,Nicole Demara,妮可·德玛拉,辅助,A,2.08,23177,700,31,5.99,59.95,59.72,6.95,hf_builds,2.6.2/builds.json,https://huggingface.co/datasets/LvlUrArti/ShiyuDataProcessed/resolve/main/2.6.2/builds.json,ok
2.7.1,2026-03-31,da,危局强袭,1-2,首领 2,2.7.1,危局强袭 2.7.1,2026-03-27,2026-04-10,nicole-demara,Nicole Demara,妮可·德玛拉,辅助,A,1.21,23236,658,52,6.0,59.91,58.99,6.98,hf_builds,2.7.1/builds.json,https://huggingface.co/datasets/LvlUrArti/ShiyuDataProcessed/resolve/main/2.7.1/builds.json,ok
2.7.2,2026-04-21,da,危局强袭,1-2,首领 2,2.7.2,危局强袭 2.7.2,2026-04-10,2026-04-24,nicole-demara,Nicole Demara,妮可·德玛拉,辅助,A,1.9,22790,559,48,6.0,60.0,59.39,7.0,hf_builds,2.7.2/builds.json,https://huggingface.co/datasets/LvlUrArti/ShiyuDataProcessed/resolve/main/2.7.2/builds.json,ok
2.8.1,2026-05-11,da,危局强袭,1-2,首领 2,2.8.1,危局强袭 2.8.1,2026-05-08,2026-05-22,nicole-demara,Nicole Demara,妮可·德玛拉,辅助,A,0.38,21531,310,27,5.99,60.0,59.22,7.0,hf_builds,2.8.1/builds.json,https://huggingface.co/datasets/LvlUrArti/ShiyuDataProcessed/resolve/main/2.8.1/builds.json,ok
2.8.2,2026-06-02,da,危局强袭,1-2,首领 2,2.8.2,危局强袭 2.8.2,2026-05-22,2026-06-05,nicole-demara,Nicole Demara,妮可·德玛拉,辅助,A,0.71,16930,659,19,5.99,60.0,59.35,7.0,hf_builds,2.8.2/builds.json,https://huggingface.co/datasets/LvlUrArti/ShiyuDataProcessed/resolve/main/2.8.2/builds.json,ok
2.8.3,2026-06-15,da,危局强袭,1-2,首领 2,2.8.3,危局强袭 2.8.3,2026-06-05,2026-06-19,nicole-demara,Nicole Demara,妮可·德玛拉,辅助,A,0.49,23328,422,18,6.0,60.0,59.73,7.0,hf_builds,2.8.3/builds.json,https://huggingface.co/datasets/LvlUrArti/ShiyuDataProcessed/resolve/main/2.8.3/builds.json,ok
3.0.1,2026-06-21,da,危局强袭,1-2,首领 2,3.0.1,危局强袭 3.0.1,2026-06-19,2026-07-03,nicole-demara,Nicole Demara,妮可·德玛拉,辅助,A,3.47,23695,606,39,6.0,60.0,58.84,7.0,hf_builds,3.0.1/builds.json,https://huggingface.co/datasets/LvlUrArti/ShiyuDataProcessed/resolve/main/3.0.1/builds.json,ok
2.6.1,2026-02-17,da,危局强袭,1-2,首领 2,2.6.1,危局强袭 2.6.1,2026-02-13,2026-02-27,orphie-and-magus,"Orphie Magnusson & ""Magus""",奥菲丝·马格努森 & 「鬼火」,直伤主C,S,2.34,25455,573,246,0.14,59.99,59.77,6.99,hf_builds,2.6.1/builds.json,https://huggingface.co/datasets/LvlUrArti/ShiyuDataProcessed/resolve/main/2.6.1/builds.json,ok
2.6.2,2026-03-10,da,危局强袭,1-2,首领 2,2.6.2,危局强袭 2.6.2,2026-02-27,2026-03-13,orphie-and-magus,"Orphie Magnusson & ""Magus""",奥菲丝·马格努森 & 「鬼火」,直伤主C,S,15.15,24834,3062,1090,0.15,59.99,59.93,6.99,hf_builds,2.6.2/builds.json,https://huggingface.co/datasets/LvlUrArti/ShiyuDataProcessed/resolve/main/2.6.2/builds.json,ok
2.7.1,2026-03-31,da,危局强袭,1-2,首领 2,2.7.1,危局强袭 2.7.1,2026-03-27,2026-04-10,orphie-and-magus,"Orphie Magnusson & ""Magus""",奥菲丝·马格努森 & 「鬼火」,直伤主C,S,1.22,25674,352,274,0.37,60.0,59.82,7.0,hf_builds,2.7.1/builds.json,https://huggingface.co/datasets/LvlUrArti/ShiyuDataProcessed/resolve/main/2.7.1/builds.json,ok
2.7.2,2026-04-21,da,危局强袭,1-2,首领 2,2.7.2,危局强袭 2.7.2,2026-04-10,2026-04-24,orphie-and-magus,"Orphie Magnusson & ""Magus""",奥菲丝·马格努森 & 「鬼火」,直伤主C,S,19.8,28516,3543,990,0.14,60.0,59.78,7.0,hf_builds,2.7.2/builds.json,https://huggingface.co/datasets/LvlUrArti/ShiyuDataProcessed/resolve/main/2.7.2/builds.json,ok
2.8.1,2026-05-11,da,危局强袭,1-2,首领 2,2.8.1,危局强袭 2.8.1,2026-05-08,2026-05-22,orphie-and-magus,"Orphie Magnusson & ""Magus""",奥菲丝·马格努森 & 「鬼火」,直伤主C,S,1.68,24647,1690,742,0.15,60.0,59.82,7.0,hf_builds,2.8.1/builds.json,https://huggingface.co/datasets/LvlUrArti/ShiyuDataProcessed/resolve/main/2.8.1/builds.json,ok
2.8.2,2026-06-02,da,危局强袭,1-2,首领 2,2.8.2,危局强袭 2.8.2,2026-05-22,2026-06-05,orphie-and-magus,"Orphie Magnusson & ""Magus""",奥菲丝·马格努森 & 「鬼火」,直伤主C,S,0.48,18814,227,50,0.24,60.0,60.0,7.0,hf_builds,2.8.2/builds.json,https://huggingface.co/datasets/LvlUrArti/ShiyuDataProcessed/resolve/main/2.8.2/builds.json,ok
2.8.3,2026-06-15,da,危局强袭,1-2,首领 2,2.8.3,危局强袭 2.8.3,2026-06-05,2026-06-19,orphie-and-magus,"Orphie Magnusson & ""Magus""",奥菲丝·马格努森 & 「鬼火」,直伤主C,S,0.19,23713,2563,424,0.25,60.0,59.88,7.0,hf_builds,2.8.3/builds.json,https://huggingface.co/datasets/LvlUrArti/ShiyuDataProcessed/resolve/main/2.8.3/builds.json,ok
3.0.1,2026-06-21,da,危局强袭,1-2,首领 2,3.0.1,危局强袭 3.0.1,2026-06-19,2026-07-03,orphie-and-magus,"Orphie Magnusson & ""Magus""",奥菲丝·马格努森 & 「鬼火」,直伤主C,S,0.87,22096,217,180,0.38,60.0,58.9,6.99,hf_builds,3.0.1/builds.json,https://huggingface.co/datasets/LvlUrArti/ShiyuDataProcessed/resolve/main/3.0.1/builds.json,ok
2.6.1,2026-02-17,da,危局强袭,1-2,首领 2,2.6.1,危局强袭 2.6.1,2026-02-13,2026-02-27,pan-yinhu,Pan Yinhu,潘引壶,辅助,A,15.03,27173,2388,44,5.53,60.0,59.75,6.91,hf_builds,2.6.1/builds.json,https://huggingface.co/datasets/LvlUrArti/ShiyuDataProcessed/resolve/main/2.6.1/builds.json,ok
2.6.2,2026-03-10,da,危局强袭,1-2,首领 2,2.6.2,危局强袭 2.6.2,2026-02-27,2026-03-13,pan-yinhu,Pan Yinhu,潘引壶,辅助,A,0.69,22560,2211,56,5.58,59.9,59.09,6.87,hf_builds,2.6.2/builds.json,https://huggingface.co/datasets/LvlUrArti/ShiyuDataProcessed/resolve/main/2.6.2/builds.json,ok
2.7.1,2026-03-31,da,危局强袭,1-2,首领 2,2.7.1,危局强袭 2.7.1,2026-03-27,2026-04-10,pan-yinhu,Pan Yinhu,潘引壶,辅助,A,10.78,25227,1794,58,5.64,60.0,58.7,6.91,hf_builds,2.7.1/builds.json,https://huggingface.co/datasets/LvlUrArti/ShiyuDataProcessed/resolve/main/2.7.1/builds.json,ok
2.7.2,2026-04-21,da,危局强袭,1-2,首领 2,2.7.2,危局强袭 2.7.2,2026-04-10,2026-04-24,pan-yinhu,Pan Yinhu,潘引壶,辅助,A,2.98,23173,821,25,5.72,60.0,59.69,6.95,hf_builds,2.7.2/builds.json,https://huggingface.co/datasets/LvlUrArti/ShiyuDataProcessed/resolve/main/2.7.2/builds.json,ok
2.8.1,2026-05-11,da,危局强袭,1-2,首领 2,2.8.1,危局强袭 2.8.1,2026-05-08,2026-05-22,pan-yinhu,Pan Yinhu,潘引壶,辅助,A,6.31,22384,894,29,5.73,60.0,60.0,6.97,hf_builds,2.8.1/builds.json,https://huggingface.co/datasets/LvlUrArti/ShiyuDataProcessed/resolve/main/2.8.1/builds.json,ok
2.8.2,2026-06-02,da,危局强袭,1-2,首领 2,2.8.2,危局强袭 2.8.2,2026-05-22,2026-06-05,pan-yinhu,Pan Yinhu,潘引壶,辅助,A,2.29,20989,1068,14,5.71,60.0,60.0,6.96,hf_builds,2.8.2/builds.json,https://huggingface.co/datasets/LvlUrArti/ShiyuDataProcessed/resolve/main/2.8.2/builds.json,ok
2.8.3,2026-06-15,da,危局强袭,1-2,首领 2,2.8.3,危局强袭 2.8.3,2026-06-05,2026-06-19,pan-yinhu,Pan Yinhu,潘引壶,辅助,A,2.21,24638,737,19,5.86,60.0,60.0,6.95,hf_builds,2.8.3/builds.json,https://huggingface.co/datasets/LvlUrArti/ShiyuDataProcessed/resolve/main/2.8.3/builds.json,ok
3.0.1,2026-06-21,da,危局强袭,1-2,首领 2,3.0.1,危局强袭 3.0.1,2026-06-19,2026-07-03,pan-yinhu,Pan Yinhu,潘引壶,辅助,A,4.41,26939,944,32,5.84,59.84,59.67,6.93,hf_builds,3.0.1/builds.json,https://huggingface.co/datasets/LvlUrArti/ShiyuDataProcessed/resolve/main/3.0.1/builds.json,ok
2.6.1,2026-02-17,da,危局强袭,1-2,首领 2,2.6.1,危局强袭 2.6.1,2026-02-13,2026-02-27,piper,Piper Wheel,派派·韦尔,异常主C,A,0.14,23933,86,19,5.99,60.0,60.0,7.0,hf_builds,2.6.1/builds.json,https://huggingface.co/datasets/LvlUrArti/ShiyuDataProcessed/resolve/main/2.6.1/builds.json,ok
2.6.2,2026-03-10,da,危局强袭,1-2,首领 2,2.6.2,危局强袭 2.6.2,2026-02-27,2026-03-13,piper,Piper Wheel,派派·韦尔,异常主C,A,0.02,0,93,21,5.97,60.0,60.0,7.0,hf_builds,2.6.2/builds.json,https://huggingface.co/datasets/LvlUrArti/ShiyuDataProcessed/resolve/main/2.6.2/builds.json,ok
2.7.1,2026-03-31,da,危局强袭,1-2,首领 2,2.7.1,危局强袭 2.7.1,2026-03-27,2026-04-10,piper,Piper Wheel,派派·韦尔,异常主C,A,0.05,0,58,17,5.98,60.0,60.0,6.98,hf_builds,2.7.1/builds.json,https://huggingface.co/datasets/LvlUrArti/ShiyuDataProcessed/resolve/main/2.7.1/builds.json,ok
2.7.2,2026-04-21,da,危局强袭,1-2,首领 2,2.7.2,危局强袭 2.7.2,2026-04-10,2026-04-24,piper,Piper Wheel,派派·韦尔,异常主C,A,0.01,0,83,18,6.0,60.0,60.0,7.0,hf_builds,2.7.2/builds.json,https://huggingface.co/datasets/LvlUrArti/ShiyuDataProcessed/resolve/main/2.7.2/builds.json,ok
2.8.1,2026-05-11,da,危局强袭,1-2,首领 2,2.8.1,危局强袭 2.8.1,2026-05-08,2026-05-22,piper,Piper Wheel,派派·韦尔,异常主C,A,0.0,0,2,2,6.0,60.0,60.0,7.0,hf_builds,2.8.1/builds.json,https://huggingface.co/datasets/LvlUrArti/ShiyuDataProcessed/resolve/main/2.8.1/builds.json,ok
2.8.2,2026-06-02,da,危局强袭,1-2,首领 2,2.8.2,危局强袭 2.8.2,2026-05-22,2026-06-05,piper,Piper Wheel,派派·韦尔,异常主C,A,0.01,0,111,10,5.99,60.0,60.0,7.0,hf_builds,2.8.2/builds.json,https://huggingface.co/datasets/LvlUrArti/ShiyuDataProcessed/resolve/main/2.8.2/builds.json,ok
2.8.3,2026-06-15,da,危局强袭,1-2,首领 2,2.8.3,危局强袭 2.8.3,2026-06-05,2026-06-19,piper,Piper Wheel,派派·韦尔,异常主C,A,0.0,0,107,17,6.0,60.0,60.0,7.0,hf_builds,2.8.3/builds.json,https://huggingface.co/datasets/LvlUrArti/ShiyuDataProcessed/resolve/main/2.8.3/builds.json,ok
3.0.1,2026-06-21,da,危局强袭,1-2,首领 2,3.0.1,危局强袭 3.0.1,2026-06-19,2026-07-03,piper,Piper Wheel,派派·韦尔,异常主C,A,0.0,0,88,25,5.99,60.0,60.0,7.0,hf_builds,3.0.1/builds.json,https://huggingface.co/datasets/LvlUrArti/ShiyuDataProcessed/resolve/main/3.0.1/builds.json,ok
2.8.1,2026-05-11,da,危局强袭,1-2,首领 2,2.8.1,危局强袭 2.8.1,2026-05-08,2026-05-22,promeia,Promeia,普罗米娅,异常主C,S,0.08,0,3110,1175,0.1,59.98,59.85,6.97,hf_builds,2.8.1/builds.json,https://huggingface.co/datasets/LvlUrArti/ShiyuDataProcessed/resolve/main/2.8.1/builds.json,ok
2.8.2,2026-06-02,da,危局强袭,1-2,首领 2,2.8.2,危局强袭 2.8.2,2026-05-22,2026-06-05,promeia,Promeia,普罗米娅,异常主C,S,0.02,0,4235,918,0.13,60.0,59.9,6.99,hf_builds,2.8.2/builds.json,https://huggingface.co/datasets/LvlUrArti/ShiyuDataProcessed/resolve/main/2.8.2/builds.json,ok
2.8.3,2026-06-15,da,危局强袭,1-2,首领 2,2.8.3,危局强袭 2.8.3,2026-06-05,2026-06-19,promeia,Promeia,普罗米娅,异常主C,S,0.08,0,3355,710,0.14,60.0,59.98,7.0,hf_builds,2.8.3/builds.json,https://huggingface.co/datasets/LvlUrArti/ShiyuDataProcessed/resolve/main/2.8.3/builds.json,ok
3.0.1,2026-06-21,da,危局强袭,1-2,首领 2,3.0.1,危局强袭 3.0.1,2026-06-19,2026-07-03,promeia,Promeia,普罗米娅,异常主C,S,1.5,26784,3152,1478,0.14,60.0,59.76,6.99,hf_builds,3.0.1/builds.json,https://huggingface.co/datasets/LvlUrArti/ShiyuDataProcessed/resolve/main/3.0.1/builds.json,ok
2.6.1,2026-02-17,da,危局强袭,1-2,首领 2,2.6.1,危局强袭 2.6.1,2026-02-13,2026-02-27,pulchra,Pulchra Fellini,波可娜·费雷尼,辅助,A,1.71,25204,318,13,5.98,60.0,60.0,6.93,hf_builds,2.6.1/builds.json,https://huggingface.co/datasets/LvlUrArti/ShiyuDataProcessed/resolve/main/2.6.1/builds.json,ok
2.6.2,2026-03-10,da,危局强袭,1-2,首领 2,2.6.2,危局强袭 2.6.2,2026-02-27,2026-03-13,pulchra,Pulchra Fellini,波可娜·费雷尼,辅助,A,0.62,21953,349,16,5.98,59.46,58.9,6.75,hf_builds,2.6.2/builds.json,https://huggingface.co/datasets/LvlUrArti/ShiyuDataProcessed/resolve/main/2.6.2/builds.json,ok
2.7.1,2026-03-31,da,危局强袭,1-2,首领 2,2.7.1,危局强袭 2.7.1,2026-03-27,2026-04-10,pulchra,Pulchra Fellini,波可娜·费雷尼,辅助,A,0.82,23964,146,11,5.97,60.0,60.0,6.88,hf_builds,2.7.1/builds.json,https://huggingface.co/datasets/LvlUrArti/ShiyuDataProcessed/resolve/main/2.7.1/builds.json,ok
2.7.2,2026-04-21,da,危局强袭,1-2,首领 2,2.7.2,危局强袭 2.7.2,2026-04-10,2026-04-24,pulchra,Pulchra Fellini,波可娜·费雷尼,辅助,A,0.8,22295,239,7,5.98,60.0,60.0,6.79,hf_builds,2.7.2/builds.json,https://huggingface.co/datasets/LvlUrArti/ShiyuDataProcessed/resolve/main/2.7.2/builds.json,ok
2.8.1,2026-05-11,da,危局强袭,1-2,首领 2,2.8.1,危局强袭 2.8.1,2026-05-08,2026-05-22,pulchra,Pulchra Fellini,波可娜·费雷尼,辅助,A,0.7,22625,123,10,5.98,60.0,60.0,6.95,hf_builds,2.8.1/builds.json,https://huggingface.co/datasets/LvlUrArti/ShiyuDataProcessed/resolve/main/2.8.1/builds.json,ok
2.8.2,2026-06-02,da,危局强袭,1-2,首领 2,2.8.2,危局强袭 2.8.2,2026-05-22,2026-06-05,pulchra,Pulchra Fellini,波可娜·费雷尼,辅助,A,0.81,19868,242,6,5.94,59.26,57.78,6.63,hf_builds,2.8.2/builds.json,https://huggingface.co/datasets/LvlUrArti/ShiyuDataProcessed/resolve/main/2.8.2/builds.json,ok
2.8.3,2026-06-15,da,危局强袭,1-2,首领 2,2.8.3,危局强袭 2.8.3,2026-06-05,2026-06-19,pulchra,Pulchra Fellini,波可娜·费雷尼,辅助,A,0.76,26674,217,9,5.99,60.0,59.55,7.0,hf_builds,2.8.3/builds.json,https://huggingface.co/datasets/LvlUrArti/ShiyuDataProcessed/resolve/main/2.8.3/builds.json,ok
3.0.1,2026-06-21,da,危局强袭,1-2,首领 2,3.0.1,危局强袭 3.0.1,2026-06-19,2026-07-03,pulchra,Pulchra Fellini,波可娜·费雷尼,辅助,A,0.6,24049,191,12,5.97,60.0,60.0,7.0,hf_builds,3.0.1/builds.json,https://huggingface.co/datasets/LvlUrArti/ShiyuDataProcessed/resolve/main/3.0.1/builds.json,ok
3.0.1,2026-06-21,da,危局强袭,1-2,首领 2,3.0.1,危局强袭 3.0.1,2026-06-19,2026-07-03,pyrois,Pyrois,,直伤主C,S,9.67,23192,1389,284,1.85,59.98,59.83,6.79,hf_builds,3.0.1/builds.json,https://huggingface.co/datasets/LvlUrArti/ShiyuDataProcessed/resolve/main/3.0.1/builds.json,ok
2.6.1,2026-02-17,da,危局强袭,1-2,首领 2,2.6.1,危局强袭 2.6.1,2026-02-13,2026-02-27,qingyi,Qingyi,青衣,辅助,S,2.27,31473,397,29,0.47,60.0,59.5,7.0,hf_builds,2.6.1/builds.json,https://huggingface.co/datasets/LvlUrArti/ShiyuDataProcessed/resolve/main/2.6.1/builds.json,ok
2.6.2,2026-03-10,da,危局强袭,1-2,首领 2,2.6.2,危局强袭 2.6.2,2026-02-27,2026-03-13,qingyi,Qingyi,青衣,辅助,S,1.51,22069,567,92,0.51,59.98,59.63,6.99,hf_builds,2.6.2/builds.json,https://huggingface.co/datasets/LvlUrArti/ShiyuDataProcessed/resolve/main/2.6.2/builds.json,ok
2.7.1,2026-03-31,da,危局强袭,1-2,首领 2,2.7.1,危局强袭 2.7.1,2026-03-27,2026-04-10,qingyi,Qingyi,青衣,辅助,S,1.27,29470,268,48,0.51,60.0,59.96,7.0,hf_builds,2.7.1/builds.json,https://huggingface.co/datasets/LvlUrArti/ShiyuDataProcessed/resolve/main/2.7.1/builds.json,ok
2.7.2,2026-04-21,da,危局强袭,1-2,首领 2,2.7.2,危局强袭 2.7.2,2026-04-10,2026-04-24,qingyi,Qingyi,青衣,辅助,S,2.09,23597,447,81,0.59,60.0,59.93,7.0,hf_builds,2.7.2/builds.json,https://huggingface.co/datasets/LvlUrArti/ShiyuDataProcessed/resolve/main/2.7.2/builds.json,ok
2.8.1,2026-05-11,da,危局强袭,1-2,首领 2,2.8.1,危局强袭 2.8.1,2026-05-08,2026-05-22,qingyi,Qingyi,青衣,辅助,S,0.88,26101,307,77,0.58,60.0,59.8,7.0,hf_builds,2.8.1/builds.json,https://huggingface.co/datasets/LvlUrArti/ShiyuDataProcessed/resolve/main/2.8.1/builds.json,ok
2.8.2,2026-06-02,da,危局强袭,1-2,首领 2,2.8.2,危局强袭 2.8.2,2026-05-22,2026-06-05,qingyi,Qingyi,青衣,辅助,S,0.26,16886,195,16,0.55,60.0,60.0,7.0,hf_builds,2.8.2/builds.json,https://huggingface.co/datasets/LvlUrArti/ShiyuDataProcessed/resolve/main/2.8.2/builds.json,ok
2.8.3,2026-06-15,da,危局强袭,1-2,首领 2,2.8.3,危局强袭 2.8.3,2026-06-05,2026-06-19,qingyi,Qingyi,青衣,辅助,S,0.18,21846,300,31,0.64,60.0,57.12,7.0,hf_builds,2.8.3/builds.json,https://huggingface.co/datasets/LvlUrArti/ShiyuDataProcessed/resolve/main/2.8.3/builds.json,ok
3.0.1,2026-06-21,da,危局强袭,1-2,首领 2,3.0.1,危局强袭 3.0.1,2026-06-19,2026-07-03,qingyi,Qingyi,青衣,辅助,S,0.64,28816,123,33,0.78,60.0,60.0,6.98,hf_builds,3.0.1/builds.json,https://huggingface.co/datasets/LvlUrArti/ShiyuDataProcessed/resolve/main/3.0.1/builds.json,ok
2.6.1,2026-02-17,da,危局强袭,1-2,首领 2,2.6.1,危局强袭 2.6.1,2026-02-13,2026-02-27,rina,Alexandrina Sebastiane,亚历山德丽娜·莎芭丝缇安,辅助,S,0.04,0,82,9,2.31,60.0,58.9,6.96,hf_builds,2.6.1/builds.json,https://huggingface.co/datasets/LvlUrArti/ShiyuDataProcessed/resolve/main/2.6.1/builds.json,ok
2.6.2,2026-03-10,da,危局强袭,1-2,首领 2,2.6.2,危局强袭 2.6.2,2026-02-27,2026-03-13,rina,Alexandrina Sebastiane,亚历山德丽娜·莎芭丝缇安,辅助,S,0.37,24564,81,9,2.5,60.0,57.26,6.94,hf_builds,2.6.2/builds.json,https://huggingface.co/datasets/LvlUrArti/ShiyuDataProcessed/resolve/main/2.6.2/builds.json,ok
2.7.1,2026-03-31,da,危局强袭,1-2,首领 2,2.7.1,危局强袭 2.7.1,2026-03-27,2026-04-10,rina,Alexandrina Sebastiane,亚历山德丽娜·莎芭丝缇安,辅助,S,0.03,0,32,7,2.4,60.0,60.0,7.0,hf_builds,2.7.1/builds.json,https://huggingface.co/datasets/LvlUrArti/ShiyuDataProcessed/resolve/main/2.7.1/builds.json,ok
2.7.2,2026-04-21,da,危局强袭,1-2,首领 2,2.7.2,危局强袭 2.7.2,2026-04-10,2026-04-24,rina,Alexandrina Sebastiane,亚历山德丽娜·莎芭丝缇安,辅助,S,0.32,22020,72,6,2.48,60.0,60.0,6.91,hf_builds,2.7.2/builds.json,https://huggingface.co/datasets/LvlUrArti/ShiyuDataProcessed/resolve/main/2.7.2/builds.json,ok
2.8.1,2026-05-11,da,危局强袭,1-2,首领 2,2.8.1,危局强袭 2.8.1,2026-05-08,2026-05-22,rina,Alexandrina Sebastiane,亚历山德丽娜·莎芭丝缇安,辅助,S,0.01,0,41,5,2.63,60.0,59.42,6.94,hf_builds,2.8.1/builds.json,https://huggingface.co/datasets/LvlUrArti/ShiyuDataProcessed/resolve/main/2.8.1/builds.json,ok
2.8.2,2026-06-02,da,危局强袭,1-2,首领 2,2.8.2,危局强袭 2.8.2,2026-05-22,2026-06-05,rina,Alexandrina Sebastiane,亚历山德丽娜·莎芭丝缇安,辅助,S,0.05,0,63,1,2.33,60.0,60.0,7.0,hf_builds,2.8.2/builds.json,https://huggingface.co/datasets/LvlUrArti/ShiyuDataProcessed/resolve/main/2.8.2/builds.json,ok
2.8.3,2026-06-15,da,危局强袭,1-2,首领 2,2.8.3,危局强袭 2.8.3,2026-06-05,2026-06-19,rina,Alexandrina Sebastiane,亚历山德丽娜·莎芭丝缇安,辅助,S,0.05,0,41,4,2.68,60.0,60.0,7.0,hf_builds,2.8.3/builds.json,https://huggingface.co/datasets/LvlUrArti/ShiyuDataProcessed/resolve/main/2.8.3/builds.json,ok
3.0.1,2026-06-21,da,危局强袭,1-2,首领 2,3.0.1,危局强袭 3.0.1,2026-06-19,2026-07-03,rina,Alexandrina Sebastiane,亚历山德丽娜·莎芭丝缇安,辅助,S,0.06,0,20,4,2.87,60.0,60.0,6.93,hf_builds,3.0.1/builds.json,https://huggingface.co/datasets/LvlUrArti/ShiyuDataProcessed/resolve/main/3.0.1/builds.json,ok
2.6.1,2026-02-17,da,危局强袭,1-2,首领 2,2.6.1,危局强袭 2.6.1,2026-02-13,2026-02-27,seed,Seed,「席德」,直伤主C,S,0.88,24894,317,124,0.15,60.0,59.65,7.0,hf_builds,2.6.1/builds.json,https://huggingface.co/datasets/LvlUrArti/ShiyuDataProcessed/resolve/main/2.6.1/builds.json,ok
2.6.2,2026-03-10,da,危局强袭,1-2,首领 2,2.6.2,危局强袭 2.6.2,2026-02-27,2026-03-13,seed,Seed,「席德」,直伤主C,S,11.47,23433,2216,796,0.2,59.99,59.78,7.0,hf_builds,2.6.2/builds.json,https://huggingface.co/datasets/LvlUrArti/ShiyuDataProcessed/resolve/main/2.6.2/builds.json,ok
2.7.1,2026-03-31,da,危局强袭,1-2,首领 2,2.7.1,危局强袭 2.7.1,2026-03-27,2026-04-10,seed,Seed,「席德」,直伤主C,S,0.59,24533,174,126,0.43,60.0,59.44,7.0,hf_builds,2.7.1/builds.json,https://huggingface.co/datasets/LvlUrArti/ShiyuDataProcessed/resolve/main/2.7.1/builds.json,ok
2.7.2,2026-04-21,da,危局强袭,1-2,首领 2,2.7.2,危局强袭 2.7.2,2026-04-10,2026-04-24,seed,Seed,「席德」,直伤主C,S,17.81,26398,3209,968,0.15,60.0,59.86,7.0,hf_builds,2.7.2/builds.json,https://huggingface.co/datasets/LvlUrArti/ShiyuDataProcessed/resolve/main/2.7.2/builds.json,ok
2.8.1,2026-05-11,da,危局强袭,1-2,首领 2,2.8.1,危局强袭 2.8.1,2026-05-08,2026-05-22,seed,Seed,「席德」,直伤主C,S,0.74,23956,2461,995,0.18,60.0,59.87,7.0,hf_builds,2.8.1/builds.json,https://huggingface.co/datasets/LvlUrArti/ShiyuDataProcessed/resolve/main/2.8.1/builds.json,ok
2.8.2,2026-06-02,da,危局强袭,1-2,首领 2,2.8.2,危局强袭 2.8.2,2026-05-22,2026-06-05,seed,Seed,「席德」,直伤主C,S,0.43,19713,346,87,0.24,60.0,59.88,7.0,hf_builds,2.8.2/builds.json,https://huggingface.co/datasets/LvlUrArti/ShiyuDataProcessed/resolve/main/2.8.2/builds.json,ok
2.8.3,2026-06-15,da,危局强袭,1-2,首领 2,2.8.3,危局强袭 2.8.3,2026-06-05,2026-06-19,seed,Seed,「席德」,直伤主C,S,0.11,0,3160,517,0.23,60.0,59.83,7.0,hf_builds,2.8.3/builds.json,https://huggingface.co/datasets/LvlUrArti/ShiyuDataProcessed/resolve/main/2.8.3/builds.json,ok
3.0.1,2026-06-21,da,危局强袭,1-2,首领 2,3.0.1,危局强袭 3.0.1,2026-06-19,2026-07-03,seed,Seed,「席德」,直伤主C,S,1.0,25988,264,187,0.45,60.0,59.69,7.0,hf_builds,3.0.1/builds.json,https://huggingface.co/datasets/LvlUrArti/ShiyuDataProcessed/resolve/main/3.0.1/builds.json,ok
2.6.1,2026-02-17,da,危局强袭,1-2,首领 2,2.6.1,危局强袭 2.6.1,2026-02-13,2026-02-27,seth,Seth Lowell,赛斯·洛威尔,辅助,A,0.01,0,5,3,6.0,60.0,60.0,7.0,hf_builds,2.6.1/builds.json,https://huggingface.co/datasets/LvlUrArti/ShiyuDataProcessed/resolve/main/2.6.1/builds.json,ok
2.6.2,2026-03-10,da,危局强袭,1-2,首领 2,2.6.2,危局强袭 2.6.2,2026-02-27,2026-03-13,seth,Seth Lowell,赛斯·洛威尔,辅助,A,0.02,0,7,1,5.85,60.0,60.0,7.0,hf_builds,2.6.2/builds.json,https://huggingface.co/datasets/LvlUrArti/ShiyuDataProcessed/resolve/main/2.6.2/builds.json,ok
2.7.1,2026-03-31,da,危局强袭,1-2,首领 2,2.7.1,危局强袭 2.7.1,2026-03-27,2026-04-10,seth,Seth Lowell,赛斯·洛威尔,辅助,A,0.0,0,3,1,6.0,60.0,60.0,7.0,hf_builds,2.7.1/builds.json,https://huggingface.co/datasets/LvlUrArti/ShiyuDataProcessed/resolve/main/2.7.1/builds.json,ok
2.7.2,2026-04-21,da,危局强袭,1-2,首领 2,2.7.2,危局强袭 2.7.2,2026-04-10,2026-04-24,seth,Seth Lowell,赛斯·洛威尔,辅助,A,0.01,0,1,1,5.88,60.0,60.0,7.0,hf_builds,2.7.2/builds.json,https://huggingface.co/datasets/LvlUrArti/ShiyuDataProcessed/resolve/main/2.7.2/builds.json,ok
2.8.1,2026-05-11,da,危局强袭,1-2,首领 2,2.8.1,危局强袭 2.8.1,2026-05-08,2026-05-22,seth,Seth Lowell,赛斯·洛威尔,辅助,A,0.0,0,3,2,6.0,60.0,60.0,7.0,hf_builds,2.8.1/builds.json,https://huggingface.co/datasets/LvlUrArti/ShiyuDataProcessed/resolve/main/2.8.1/builds.json,ok
2.8.2,2026-06-02,da,危局强袭,1-2,首领 2,2.8.2,危局强袭 2.8.2,2026-05-22,2026-06-05,seth,Seth Lowell,赛斯·洛威尔,辅助,A,0.0,0,16,0,6.0,60.0,60.0,7.0,hf_builds,2.8.2/builds.json,https://huggingface.co/datasets/LvlUrArti/ShiyuDataProcessed/resolve/main/2.8.2/builds.json,ok
2.8.3,2026-06-15,da,危局强袭,1-2,首领 2,2.8.3,危局强袭 2.8.3,2026-06-05,2026-06-19,seth,Seth Lowell,赛斯·洛威尔,辅助,A,0.0,0,10,3,6.0,60.0,60.0,7.0,hf_builds,2.8.3/builds.json,https://huggingface.co/datasets/LvlUrArti/ShiyuDataProcessed/resolve/main/2.8.3/builds.json,ok
3.0.1,2026-06-21,da,危局强袭,1-2,首领 2,3.0.1,危局强袭 3.0.1,2026-06-19,2026-07-03,seth,Seth Lowell,赛斯·洛威尔,辅助,A,0.01,0,1,1,6.0,60.0,60.0,7.0,hf_builds,3.0.1/builds.json,https://huggingface.co/datasets/LvlUrArti/ShiyuDataProcessed/resolve/main/3.0.1/builds.json,ok
2.6.1,2026-02-17,da,危局强袭,1-2,首领 2,2.6.1,危局强袭 2.6.1,2026-02-13,2026-02-27,soldier-11,Soldier 11,「11号」,直伤主C,S,0.63,24084,175,62,2.83,60.0,59.23,6.99,hf_builds,2.6.1/builds.json,https://huggingface.co/datasets/LvlUrArti/ShiyuDataProcessed/resolve/main/2.6.1/builds.json,ok
2.6.2,2026-03-10,da,危局强袭,1-2,首领 2,2.6.2,危局强袭 2.6.2,2026-02-27,2026-03-13,soldier-11,Soldier 11,「11号」,直伤主C,S,0.35,22069,167,110,3.3,60.0,59.38,7.0,hf_builds,2.6.2/builds.json,https://huggingface.co/datasets/LvlUrArti/ShiyuDataProcessed/resolve/main/2.6.2/builds.json,ok
2.7.1,2026-03-31,da,危局强袭,1-2,首领 2,2.7.1,危局强袭 2.7.1,2026-03-27,2026-04-10,soldier-11,Soldier 11,「11号」,直伤主C,S,0.51,23924,98,84,3.5,60.0,60.0,7.0,hf_builds,2.7.1/builds.json,https://huggingface.co/datasets/LvlUrArti/ShiyuDataProcessed/resolve/main/2.7.1/builds.json,ok
2.7.2,2026-04-21,da,危局强袭,1-2,首领 2,2.7.2,危局强袭 2.7.2,2026-04-10,2026-04-24,soldier-11,Soldier 11,「11号」,直伤主C,S,0.33,22752,144,94,3.44,60.0,58.52,7.0,hf_builds,2.7.2/builds.json,https://huggingface.co/datasets/LvlUrArti/ShiyuDataProcessed/resolve/main/2.7.2/builds.json,ok
2.8.1,2026-05-11,da,危局强袭,1-2,首领 2,2.8.1,危局强袭 2.8.1,2026-05-08,2026-05-22,soldier-11,Soldier 11,「11号」,直伤主C,S,0.72,21907,135,97,3.74,60.0,58.43,7.0,hf_builds,2.8.1/builds.json,https://huggingface.co/datasets/LvlUrArti/ShiyuDataProcessed/resolve/main/2.8.1/builds.json,ok
2.8.2,2026-06-02,da,危局强袭,1-2,首领 2,2.8.2,危局强袭 2.8.2,2026-05-22,2026-06-05,soldier-11,Soldier 11,「11号」,直伤主C,S,0.45,19643,90,22,3.35,60.0,60.0,7.0,hf_builds,2.8.2/builds.json,https://huggingface.co/datasets/LvlUrArti/ShiyuDataProcessed/resolve/main/2.8.2/builds.json,ok
2.8.3,2026-06-15,da,危局强袭,1-2,首领 2,2.8.3,危局强袭 2.8.3,2026-06-05,2026-06-19,soldier-11,Soldier 11,「11号」,直伤主C,S,0.34,26788,116,35,3.66,60.0,59.85,7.0,hf_builds,2.8.3/builds.json,https://huggingface.co/datasets/LvlUrArti/ShiyuDataProcessed/resolve/main/2.8.3/builds.json,ok
3.0.1,2026-06-21,da,危局强袭,1-2,首领 2,3.0.1,危局强袭 3.0.1,2026-06-19,2026-07-03,soldier-11,Soldier 11,「11号」,直伤主C,S,0.08,0,54,54,3.72,60.0,58.57,7.0,hf_builds,3.0.1/builds.json,https://huggingface.co/datasets/LvlUrArti/ShiyuDataProcessed/resolve/main/3.0.1/builds.json,ok
2.6.1,2026-02-17,da,危局强袭,1-2,首领 2,2.6.1,危局强袭 2.6.1,2026-02-13,2026-02-27,soukaku,Soukaku,苍角,辅助,A,0.01,0,2356,44,5.99,60.0,59.19,6.91,hf_builds,2.6.1/builds.json,https://huggingface.co/datasets/LvlUrArti/ShiyuDataProcessed/resolve/main/2.6.1/builds.json,ok
2.6.2,2026-03-10,da,危局强袭,1-2,首领 2,2.6.2,危局强袭 2.6.2,2026-02-27,2026-03-13,soukaku,Soukaku,苍角,辅助,A,0.02,0,248,12,5.99,59.53,57.47,6.86,hf_builds,2.6.2/builds.json,https://huggingface.co/datasets/LvlUrArti/ShiyuDataProcessed/resolve/main/2.6.2/builds.json,ok
2.7.1,2026-03-31,da,危局强袭,1-2,首领 2,2.7.1,危局强袭 2.7.1,2026-03-27,2026-04-10,soukaku,Soukaku,苍角,辅助,A,0.0,0,1698,58,5.99,59.94,59.4,6.85,hf_builds,2.7.1/builds.json,https://huggingface.co/datasets/LvlUrArti/ShiyuDataProcessed/resolve/main/2.7.1/builds.json,ok
2.7.2,2026-04-21,da,危局强袭,1-2,首领 2,2.7.2,危局强袭 2.7.2,2026-04-10,2026-04-24,soukaku,Soukaku,苍角,辅助,A,0.89,23584,192,13,6.0,60.0,60.0,6.96,hf_builds,2.7.2/builds.json,https://huggingface.co/datasets/LvlUrArti/ShiyuDataProcessed/resolve/main/2.7.2/builds.json,ok
2.8.1,2026-05-11,da,危局强袭,1-2,首领 2,2.8.1,危局强袭 2.8.1,2026-05-08,2026-05-22,soukaku,Soukaku,苍角,辅助,A,0.04,0,267,19,5.99,60.0,60.0,6.97,hf_builds,2.8.1/builds.json,https://huggingface.co/datasets/LvlUrArti/ShiyuDataProcessed/resolve/main/2.8.1/builds.json,ok
2.8.2,2026-06-02,da,危局强袭,1-2,首领 2,2.8.2,危局强袭 2.8.2,2026-05-22,2026-06-05,soukaku,Soukaku,苍角,辅助,A,0.14,13925,1238,17,5.99,60.0,55.53,7.0,hf_builds,2.8.2/builds.json,https://huggingface.co/datasets/LvlUrArti/ShiyuDataProcessed/resolve/main/2.8.2/builds.json,ok
2.8.3,2026-06-15,da,危局强袭,1-2,首领 2,2.8.3,危局强袭 2.8.3,2026-06-05,2026-06-19,soukaku,Soukaku,苍角,辅助,A,0.33,21250,202,4,6.0,60.0,60.0,7.0,hf_builds,2.8.3/builds.json,https://huggingface.co/datasets/LvlUrArti/ShiyuDataProcessed/resolve/main/2.8.3/builds.json,ok
3.0.1,2026-06-21,da,危局强袭,1-2,首领 2,3.0.1,危局强袭 3.0.1,2026-06-19,2026-07-03,soukaku,Soukaku,苍角,辅助,A,1.63,23756,285,11,5.99,59.85,51.66,6.97,hf_builds,3.0.1/builds.json,https://huggingface.co/datasets/LvlUrArti/ShiyuDataProcessed/resolve/main/3.0.1/builds.json,ok
2.6.1,2026-02-17,da,危局强袭,1-2,首领 2,2.6.1,危局强袭 2.6.1,2026-02-13,2026-02-27,sunna,Sunna,千夏,辅助,S,0.57,24931,7700,1134,0.06,59.98,59.5,6.96,hf_builds,2.6.1/builds.json,https://huggingface.co/datasets/LvlUrArti/ShiyuDataProcessed/resolve/main/2.6.1/builds.json,ok
2.6.2,2026-03-10,da,危局强袭,1-2,首领 2,2.6.2,危局强袭 2.6.2,2026-02-27,2026-03-13,sunna,Sunna,千夏,辅助,S,24.33,34162,11573,2789,0.09,59.99,59.81,6.99,hf_builds,2.6.2/builds.json,https://huggingface.co/datasets/LvlUrArti/ShiyuDataProcessed/resolve/main/2.6.2/builds.json,ok
2.7.1,2026-03-31,da,危局强袭,1-2,首领 2,2.7.1,危局强袭 2.7.1,2026-03-27,2026-04-10,sunna,Sunna,千夏,辅助,S,5.2,31449,8452,2995,0.09,59.99,59.7,6.99,hf_builds,2.7.1/builds.json,https://huggingface.co/datasets/LvlUrArti/ShiyuDataProcessed/resolve/main/2.7.1/builds.json,ok
2.7.2,2026-04-21,da,危局强袭,1-2,首领 2,2.7.2,危局强袭 2.7.2,2026-04-10,2026-04-24,sunna,Sunna,千夏,辅助,S,1.66,30717,11777,3097,0.08,59.98,59.79,6.99,hf_builds,2.7.2/builds.json,https://huggingface.co/datasets/LvlUrArti/ShiyuDataProcessed/resolve/main/2.7.2/builds.json,ok
2.8.1,2026-05-11,da,危局强袭,1-2,首领 2,2.8.1,危局强袭 2.8.1,2026-05-08,2026-05-22,sunna,Sunna,千夏,辅助,S,1.04,21481,6928,2255,0.08,59.98,59.74,6.99,hf_builds,2.8.1/builds.json,https://huggingface.co/datasets/LvlUrArti/ShiyuDataProcessed/resolve/main/2.8.1/builds.json,ok
2.8.2,2026-06-02,da,危局强袭,1-2,首领 2,2.8.2,危局强袭 2.8.2,2026-05-22,2026-06-05,sunna,Sunna,千夏,辅助,S,19.03,25214,10678,1623,0.09,60.0,59.73,6.99,hf_builds,2.8.2/builds.json,https://huggingface.co/datasets/LvlUrArti/ShiyuDataProcessed/resolve/main/2.8.2/builds.json,ok
2.8.3,2026-06-15,da,危局强袭,1-2,首领 2,2.8.3,危局强袭 2.8.3,2026-06-05,2026-06-19,sunna,Sunna,千夏,辅助,S,20.91,30861,9787,1262,0.08,59.99,59.79,6.99,hf_builds,2.8.3/builds.json,https://huggingface.co/datasets/LvlUrArti/ShiyuDataProcessed/resolve/main/2.8.3/builds.json,ok
3.0.1,2026-06-21,da,危局强袭,1-2,首领 2,3.0.1,危局强袭 3.0.1,2026-06-19,2026-07-03,sunna,Sunna,千夏,辅助,S,9.56,27776,7494,2141,0.08,60.0,59.42,6.99,hf_builds,3.0.1/builds.json,https://huggingface.co/datasets/LvlUrArti/ShiyuDataProcessed/resolve/main/3.0.1/builds.json,ok
2.6.1,2026-02-17,da,危局强袭,1-2,首领 2,2.6.1,危局强袭 2.6.1,2026-02-13,2026-02-27,trigger,Trigger,「扳机」,辅助,S,6.51,28147,1795,432,0.23,60.0,59.86,7.0,hf_builds,2.6.1/builds.json,https://huggingface.co/datasets/LvlUrArti/ShiyuDataProcessed/resolve/main/2.6.1/builds.json,ok
2.6.2,2026-03-10,da,危局强袭,1-2,首领 2,2.6.2,危局强袭 2.6.2,2026-02-27,2026-03-13,trigger,Trigger,「扳机」,辅助,S,26.91,24778,5857,1534,0.25,60.0,59.86,7.0,hf_builds,2.6.2/builds.json,https://huggingface.co/datasets/LvlUrArti/ShiyuDataProcessed/resolve/main/2.6.2/builds.json,ok
2.7.1,2026-03-31,da,危局强袭,1-2,首领 2,2.7.1,危局强袭 2.7.1,2026-03-27,2026-04-10,trigger,Trigger,「扳机」,辅助,S,4.27,26627,1369,575,0.38,60.0,59.8,7.0,hf_builds,2.7.1/builds.json,https://huggingface.co/datasets/LvlUrArti/ShiyuDataProcessed/resolve/main/2.7.1/builds.json,ok
2.7.2,2026-04-21,da,危局强袭,1-2,首领 2,2.7.2,危局强袭 2.7.2,2026-04-10,2026-04-24,trigger,Trigger,「扳机」,辅助,S,32.05,27584,5967,1388,0.24,60.0,59.87,7.0,hf_builds,2.7.2/builds.json,https://huggingface.co/datasets/LvlUrArti/ShiyuDataProcessed/resolve/main/2.7.2/builds.json,ok
2.8.1,2026-05-11,da,危局强袭,1-2,首领 2,2.8.1,危局强袭 2.8.1,2026-05-08,2026-05-22,trigger,Trigger,「扳机」,辅助,S,3.95,24781,3352,1166,0.27,60.0,59.85,7.0,hf_builds,2.8.1/builds.json,https://huggingface.co/datasets/LvlUrArti/ShiyuDataProcessed/resolve/main/2.8.1/builds.json,ok
2.8.2,2026-06-02,da,危局强袭,1-2,首领 2,2.8.2,危局强袭 2.8.2,2026-05-22,2026-06-05,trigger,Trigger,「扳机」,辅助,S,2.15,18978,1251,172,0.28,60.0,59.88,7.0,hf_builds,2.8.2/builds.json,https://huggingface.co/datasets/LvlUrArti/ShiyuDataProcessed/resolve/main/2.8.2/builds.json,ok
2.8.3,2026-06-15,da,危局强袭,1-2,首领 2,2.8.3,危局强袭 2.8.3,2026-06-05,2026-06-19,trigger,Trigger,「扳机」,辅助,S,0.96,22851,4526,583,0.29,60.0,59.94,7.0,hf_builds,2.8.3/builds.json,https://huggingface.co/datasets/LvlUrArti/ShiyuDataProcessed/resolve/main/2.8.3/builds.json,ok
3.0.1,2026-06-21,da,危局强袭,1-2,首领 2,3.0.1,危局强袭 3.0.1,2026-06-19,2026-07-03,trigger,Trigger,「扳机」,辅助,S,5.27,25277,1139,455,0.37,60.0,59.89,7.0,hf_builds,3.0.1/builds.json,https://huggingface.co/datasets/LvlUrArti/ShiyuDataProcessed/resolve/main/3.0.1/builds.json,ok
2.6.1,2026-02-17,da,危局强袭,1-2,首领 2,2.6.1,危局强袭 2.6.1,2026-02-13,2026-02-27,ukinami-yuzuha,Ukinami Yuzuha,浮波柚叶,辅助,S,2.65,25153,11781,2275,0.16,59.99,59.58,6.99,hf_builds,2.6.1/builds.json,https://huggingface.co/datasets/LvlUrArti/ShiyuDataProcessed/resolve/main/2.6.1/builds.json,ok
2.6.2,2026-03-10,da,危局强袭,1-2,首领 2,2.6.2,危局强袭 2.6.2,2026-02-27,2026-03-13,ukinami-yuzuha,Ukinami Yuzuha,浮波柚叶,辅助,S,1.1,22244,8179,2707,0.26,60.0,59.8,6.99,hf_builds,2.6.2/builds.json,https://huggingface.co/datasets/LvlUrArti/ShiyuDataProcessed/resolve/main/2.6.2/builds.json,ok
2.7.1,2026-03-31,da,危局强袭,1-2,首领 2,2.7.1,危局强袭 2.7.1,2026-03-27,2026-04-10,ukinami-yuzuha,Ukinami Yuzuha,浮波柚叶,辅助,S,0.71,22835,10876,3562,0.24,60.0,59.78,7.0,hf_builds,2.7.1/builds.json,https://huggingface.co/datasets/LvlUrArti/ShiyuDataProcessed/resolve/main/2.7.1/builds.json,ok
2.7.2,2026-04-21,da,危局强袭,1-2,首领 2,2.7.2,危局强袭 2.7.2,2026-04-10,2026-04-24,ukinami-yuzuha,Ukinami Yuzuha,浮波柚叶,辅助,S,13.66,24321,7799,2240,0.28,60.0,59.85,7.0,hf_builds,2.7.2/builds.json,https://huggingface.co/datasets/LvlUrArti/ShiyuDataProcessed/resolve/main/2.7.2/builds.json,ok
2.8.1,2026-05-11,da,危局强袭,1-2,首领 2,2.8.1,危局强袭 2.8.1,2026-05-08,2026-05-22,ukinami-yuzuha,Ukinami Yuzuha,浮波柚叶,辅助,S,0.95,21964,10391,3079,0.23,60.0,59.85,7.0,hf_builds,2.8.1/builds.json,https://huggingface.co/datasets/LvlUrArti/ShiyuDataProcessed/resolve/main/2.8.1/builds.json,ok
2.8.2,2026-06-02,da,危局强袭,1-2,首领 2,2.8.2,危局强袭 2.8.2,2026-05-22,2026-06-05,ukinami-yuzuha,Ukinami Yuzuha,浮波柚叶,辅助,S,0.27,17088,13779,1941,0.22,60.0,59.86,7.0,hf_builds,2.8.2/builds.json,https://huggingface.co/datasets/LvlUrArti/ShiyuDataProcessed/resolve/main/2.8.2/builds.json,ok
2.8.3,2026-06-15,da,危局强袭,1-2,首领 2,2.8.3,危局强袭 2.8.3,2026-06-05,2026-06-19,ukinami-yuzuha,Ukinami Yuzuha,浮波柚叶,辅助,S,2.18,23627,12356,1591,0.22,60.0,59.85,7.0,hf_builds,2.8.3/builds.json,https://huggingface.co/datasets/LvlUrArti/ShiyuDataProcessed/resolve/main/2.8.3/builds.json,ok
3.0.1,2026-06-21,da,危局强袭,1-2,首领 2,3.0.1,危局强袭 3.0.1,2026-06-19,2026-07-03,ukinami-yuzuha,Ukinami Yuzuha,浮波柚叶,辅助,S,10.39,26302,10908,3117,0.21,60.0,59.88,7.0,hf_builds,3.0.1/builds.json,https://huggingface.co/datasets/LvlUrArti/ShiyuDataProcessed/resolve/main/3.0.1/builds.json,ok
3.0.1,2026-06-21,da,危局强袭,1-2,首领 2,3.0.1,危局强袭 3.0.1,2026-06-19,2026-07-03,velina,Velina,维琳娜·艾嘉德,异常主C,S,0.18,25228,7911,2559,0.08,59.96,59.65,6.78,hf_builds,3.0.1/builds.json,https://huggingface.co/datasets/LvlUrArti/ShiyuDataProcessed/resolve/main/3.0.1/builds.json,ok
2.6.1,2026-02-17,da,危局强袭,1-2,首领 2,2.6.1,危局强袭 2.6.1,2026-02-13,2026-02-27,vivian,Vivian Banshee,薇薇安·班希,异常主C,S,3.06,24603,7416,2262,0.26,60.0,59.78,6.99,hf_builds,2.6.1/builds.json,https://huggingface.co/datasets/LvlUrArti/ShiyuDataProcessed/resolve/main/2.6.1/builds.json,ok
2.6.2,2026-03-10,da,危局强袭,1-2,首领 2,2.6.2,危局强袭 2.6.2,2026-02-27,2026-03-13,vivian,Vivian Banshee,薇薇安·班希,异常主C,S,0.1,0,3380,1792,0.38,60.0,59.53,7.0,hf_builds,2.6.2/builds.json,https://huggingface.co/datasets/LvlUrArti/ShiyuDataProcessed/resolve/main/2.6.2/builds.json,ok
2.7.1,2026-03-31,da,危局强袭,1-2,首领 2,2.7.1,危局强袭 2.7.1,2026-03-27,2026-04-10,vivian,Vivian Banshee,薇薇安·班希,异常主C,S,0.64,22507,5206,2736,0.29,60.0,59.65,7.0,hf_builds,2.7.1/builds.json,https://huggingface.co/datasets/LvlUrArti/ShiyuDataProcessed/resolve/main/2.7.1/builds.json,ok
2.7.2,2026-04-21,da,危局强袭,1-2,首领 2,2.7.2,危局强袭 2.7.2,2026-04-10,2026-04-24,vivian,Vivian Banshee,薇薇安·班希,异常主C,S,4.48,21864,2153,1149,0.5,60.0,59.88,7.0,hf_builds,2.7.2/builds.json,https://huggingface.co/datasets/LvlUrArti/ShiyuDataProcessed/resolve/main/2.7.2/builds.json,ok
2.8.1,2026-05-11,da,危局强袭,1-2,首领 2,2.8.1,危局强袭 2.8.1,2026-05-08,2026-05-22,vivian,Vivian Banshee,薇薇安·班希,异常主C,S,0.38,0,3242,1709,0.33,60.0,59.81,7.0,hf_builds,2.8.1/builds.json,https://huggingface.co/datasets/LvlUrArti/ShiyuDataProcessed/resolve/main/2.8.1/builds.json,ok
2.8.2,2026-06-02,da,危局强袭,1-2,首领 2,2.8.2,危局强袭 2.8.2,2026-05-22,2026-06-05,vivian,Vivian Banshee,薇薇安·班希,异常主C,S,0.06,0,7397,1449,0.28,59.99,59.8,7.0,hf_builds,2.8.2/builds.json,https://huggingface.co/datasets/LvlUrArti/ShiyuDataProcessed/resolve/main/2.8.2/builds.json,ok
2.8.3,2026-06-15,da,危局强袭,1-2,首领 2,2.8.3,危局强袭 2.8.3,2026-06-05,2026-06-19,vivian,Vivian Banshee,薇薇安·班希,异常主C,S,0.16,0,4381,929,0.33,60.0,59.85,7.0,hf_builds,2.8.3/builds.json,https://huggingface.co/datasets/LvlUrArti/ShiyuDataProcessed/resolve/main/2.8.3/builds.json,ok
3.0.1,2026-06-21,da,危局强袭,1-2,首领 2,3.0.1,危局强袭 3.0.1,2026-06-19,2026-07-03,vivian,Vivian Banshee,薇薇安·班希,异常主C,S,5.77,22726,1637,1008,0.41,60.0,59.58,7.0,hf_builds,3.0.1/builds.json,https://huggingface.co/datasets/LvlUrArti/ShiyuDataProcessed/resolve/main/3.0.1/builds.json,ok
2.6.1,2026-02-17,da,危局强袭,1-2,首领 2,2.6.1,危局强袭 2.6.1,2026-02-13,2026-02-27,yanagi,Tsukishiro Yanagi,月城 柳,异常主C,S,0.53,24670,3085,716,0.18,60.0,59.97,7.0,hf_builds,2.6.1/builds.json,https://huggingface.co/datasets/LvlUrArti/ShiyuDataProcessed/resolve/main/2.6.1/builds.json,ok
2.6.2,2026-03-10,da,危局强袭,1-2,首领 2,2.6.2,危局强袭 2.6.2,2026-02-27,2026-03-13,yanagi,Tsukishiro Yanagi,月城 柳,异常主C,S,0.35,21467,980,470,0.33,60.0,59.73,7.0,hf_builds,2.6.2/builds.json,https://huggingface.co/datasets/LvlUrArti/ShiyuDataProcessed/resolve/main/2.6.2/builds.json,ok
2.7.1,2026-03-31,da,危局强袭,1-2,首领 2,2.7.1,危局强袭 2.7.1,2026-03-27,2026-04-10,yanagi,Tsukishiro Yanagi,月城 柳,异常主C,S,0.06,0,2726,1046,0.27,60.0,59.8,7.0,hf_builds,2.7.1/builds.json,https://huggingface.co/datasets/LvlUrArti/ShiyuDataProcessed/resolve/main/2.7.1/builds.json,ok
2.7.2,2026-04-21,da,危局强袭,1-2,首领 2,2.7.2,危局强袭 2.7.2,2026-04-10,2026-04-24,yanagi,Tsukishiro Yanagi,月城 柳,异常主C,S,5.08,22201,1587,611,0.33,60.0,59.88,7.0,hf_builds,2.7.2/builds.json,https://huggingface.co/datasets/LvlUrArti/ShiyuDataProcessed/resolve/main/2.7.2/builds.json,ok
2.8.1,2026-05-11,da,危局强袭,1-2,首领 2,2.8.1,危局强袭 2.8.1,2026-05-08,2026-05-22,yanagi,Tsukishiro Yanagi,月城 柳,异常主C,S,0.16,0,459,246,0.36,60.0,59.94,7.0,hf_builds,2.8.1/builds.json,https://huggingface.co/datasets/LvlUrArti/ShiyuDataProcessed/resolve/main/2.8.1/builds.json,ok
2.8.2,2026-06-02,da,危局强袭,1-2,首领 2,2.8.2,危局强袭 2.8.2,2026-05-22,2026-06-05,yanagi,Tsukishiro Yanagi,月城 柳,异常主C,S,0.05,0,1667,224,0.26,60.0,59.74,7.0,hf_builds,2.8.2/builds.json,https://huggingface.co/datasets/LvlUrArti/ShiyuDataProcessed/resolve/main/2.8.2/builds.json,ok
2.8.3,2026-06-15,da,危局强袭,1-2,首领 2,2.8.3,危局强袭 2.8.3,2026-06-05,2026-06-19,yanagi,Tsukishiro Yanagi,月城 柳,异常主C,S,0.04,0,383,90,0.32,60.0,60.0,6.99,hf_builds,2.8.3/builds.json,https://huggingface.co/datasets/LvlUrArti/ShiyuDataProcessed/resolve/main/2.8.3/builds.json,ok
3.0.1,2026-06-21,da,危局强袭,1-2,首领 2,3.0.1,危局强袭 3.0.1,2026-06-19,2026-07-03,yanagi,Tsukishiro Yanagi,月城 柳,异常主C,S,1.54,21722,449,234,0.33,60.0,59.42,6.99,hf_builds,3.0.1/builds.json,https://huggingface.co/datasets/LvlUrArti/ShiyuDataProcessed/resolve/main/3.0.1/builds.json,ok
2.6.1,2026-02-17,da,危局强袭,1-2,首领 2,2.6.1,危局强袭 2.6.1,2026-02-13,2026-02-27,ye-shunguang,Ye Shunguang,叶瞬光,直伤主C,S,0.2,29453,14026,6184,0.64,60.0,59.92,7.0,hf_builds,2.6.1/builds.json,https://huggingface.co/datasets/LvlUrArti/ShiyuDataProcessed/resolve/main/2.6.1/builds.json,ok
2.6.2,2026-03-10,da,危局强袭,1-2,首领 2,2.6.2,危局强袭 2.6.2,2026-02-27,2026-03-13,ye-shunguang,Ye Shunguang,叶瞬光,直伤主C,S,55.84,32858,14995,10047,0.6,60.0,59.96,7.0,hf_builds,2.6.2/builds.json,https://huggingface.co/datasets/LvlUrArti/ShiyuDataProcessed/resolve/main/2.6.2/builds.json,ok
2.7.1,2026-03-31,da,危局强袭,1-2,首领 2,2.7.1,危局强袭 2.7.1,2026-03-27,2026-04-10,ye-shunguang,Ye Shunguang,叶瞬光,直伤主C,S,14.63,30035,5951,5341,0.72,60.0,59.92,7.0,hf_builds,2.7.1/builds.json,https://huggingface.co/datasets/LvlUrArti/ShiyuDataProcessed/resolve/main/2.7.1/builds.json,ok
2.7.2,2026-04-21,da,危局强袭,1-2,首领 2,2.7.2,危局强袭 2.7.2,2026-04-10,2026-04-24,ye-shunguang,Ye Shunguang,叶瞬光,直伤主C,S,2.98,29183,15210,9197,0.68,60.0,59.96,7.0,hf_builds,2.7.2/builds.json,https://huggingface.co/datasets/LvlUrArti/ShiyuDataProcessed/resolve/main/2.7.2/builds.json,ok
2.8.1,2026-05-11,da,危局强袭,1-2,首领 2,2.8.1,危局强袭 2.8.1,2026-05-08,2026-05-22,ye-shunguang,Ye Shunguang,叶瞬光,直伤主C,S,0.68,20458,9052,7519,0.74,60.0,59.94,7.0,hf_builds,2.8.1/builds.json,https://huggingface.co/datasets/LvlUrArti/ShiyuDataProcessed/resolve/main/2.8.1/builds.json,ok
2.8.2,2026-06-02,da,危局强袭,1-2,首领 2,2.8.2,危局强袭 2.8.2,2026-05-22,2026-06-05,ye-shunguang,Ye Shunguang,叶瞬光,直伤主C,S,61.07,24583,12382,4899,0.71,60.0,59.97,7.0,hf_builds,2.8.2/builds.json,https://huggingface.co/datasets/LvlUrArti/ShiyuDataProcessed/resolve/main/2.8.2/builds.json,ok
2.8.3,2026-06-15,da,危局强袭,1-2,首领 2,2.8.3,危局强袭 2.8.3,2026-06-05,2026-06-19,ye-shunguang,Ye Shunguang,叶瞬光,直伤主C,S,42.21,30304,13805,4648,0.65,60.0,59.99,7.0,hf_builds,2.8.3/builds.json,https://huggingface.co/datasets/LvlUrArti/ShiyuDataProcessed/resolve/main/2.8.3/builds.json,ok
3.0.1,2026-06-21,da,危局强袭,1-2,首领 2,3.0.1,危局强袭 3.0.1,2026-06-19,2026-07-03,ye-shunguang,Ye Shunguang,叶瞬光,直伤主C,S,3.12,27943,10145,8195,0.71,60.0,59.93,7.0,hf_builds,3.0.1/builds.json,https://huggingface.co/datasets/LvlUrArti/ShiyuDataProcessed/resolve/main/3.0.1/builds.json,ok
2.6.1,2026-02-17,da,危局强袭,1-2,首领 2,2.6.1,危局强袭 2.6.1,2026-02-13,2026-02-27,yidhari,Yidhari,伊德海莉·墨菲,直伤主C,S,0.15,22064,77,43,0.75,60.0,59.86,7.0,hf_builds,2.6.1/builds.json,https://huggingface.co/datasets/LvlUrArti/ShiyuDataProcessed/resolve/main/2.6.1/builds.json,ok
2.6.2,2026-03-10,da,危局强袭,1-2,首领 2,2.6.2,危局强袭 2.6.2,2026-02-27,2026-03-13,yidhari,Yidhari,伊德海莉·墨菲,直伤主C,S,0.01,0,2441,1034,0.22,60.0,59.4,7.0,hf_builds,2.6.2/builds.json,https://huggingface.co/datasets/LvlUrArti/ShiyuDataProcessed/resolve/main/2.6.2/builds.json,ok
2.7.1,2026-03-31,da,危局强袭,1-2,首领 2,2.7.1,危局强袭 2.7.1,2026-03-27,2026-04-10,yidhari,Yidhari,伊德海莉·墨菲,直伤主C,S,0.11,0,465,340,0.31,60.0,59.32,7.0,hf_builds,2.7.1/builds.json,https://huggingface.co/datasets/LvlUrArti/ShiyuDataProcessed/resolve/main/2.7.1/builds.json,ok
2.7.2,2026-04-21,da,危局强袭,1-2,首领 2,2.7.2,危局强袭 2.7.2,2026-04-10,2026-04-24,yidhari,Yidhari,伊德海莉·墨菲,直伤主C,S,0.13,22901,697,411,0.41,60.0,59.86,7.0,hf_builds,2.7.2/builds.json,https://huggingface.co/datasets/LvlUrArti/ShiyuDataProcessed/resolve/main/2.7.2/builds.json,ok
2.8.1,2026-05-11,da,危局强袭,1-2,首领 2,2.8.1,危局强袭 2.8.1,2026-05-08,2026-05-22,yidhari,Yidhari,伊德海莉·墨菲,直伤主C,S,10.8,26602,1501,823,0.36,60.0,59.82,7.0,hf_builds,2.8.1/builds.json,https://huggingface.co/datasets/LvlUrArti/ShiyuDataProcessed/resolve/main/2.8.1/builds.json,ok
2.8.2,2026-06-02,da,危局强袭,1-2,首领 2,2.8.2,危局强袭 2.8.2,2026-05-22,2026-06-05,yidhari,Yidhari,伊德海莉·墨菲,直伤主C,S,5.8,26540,1048,334,0.45,60.0,59.39,7.0,hf_builds,2.8.2/builds.json,https://huggingface.co/datasets/LvlUrArti/ShiyuDataProcessed/resolve/main/2.8.2/builds.json,ok
2.8.3,2026-06-15,da,危局强袭,1-2,首领 2,2.8.3,危局强袭 2.8.3,2026-06-05,2026-06-19,yidhari,Yidhari,伊德海莉·墨菲,直伤主C,S,6.2,28771,1035,299,0.48,60.0,59.52,7.0,hf_builds,2.8.3/builds.json,https://huggingface.co/datasets/LvlUrArti/ShiyuDataProcessed/resolve/main/2.8.3/builds.json,ok
3.0.1,2026-06-21,da,危局强袭,1-2,首领 2,3.0.1,危局强袭 3.0.1,2026-06-19,2026-07-03,yidhari,Yidhari,伊德海莉·墨菲,直伤主C,S,1.76,29967,695,459,0.56,60.0,59.88,7.0,hf_builds,3.0.1/builds.json,https://huggingface.co/datasets/LvlUrArti/ShiyuDataProcessed/resolve/main/3.0.1/builds.json,ok
2.6.1,2026-02-17,da,危局强袭,1-2,首领 2,2.6.1,危局强袭 2.6.1,2026-02-13,2026-02-27,yixuan,Yixuan,仪玄,直伤主C,S,82.25,32032,12989,5676,0.49,60.0,59.91,7.0,hf_builds,2.6.1/builds.json,https://huggingface.co/datasets/LvlUrArti/ShiyuDataProcessed/resolve/main/2.6.1/builds.json,ok
2.6.2,2026-03-10,da,危局强袭,1-2,首领 2,2.6.2,危局强袭 2.6.2,2026-02-27,2026-03-13,yixuan,Yixuan,仪玄,直伤主C,S,2.4,23491,11476,7937,0.65,60.0,59.87,7.0,hf_builds,2.6.2/builds.json,https://huggingface.co/datasets/LvlUrArti/ShiyuDataProcessed/resolve/main/2.6.2/builds.json,ok
2.7.1,2026-03-31,da,危局强袭,1-2,首领 2,2.7.1,危局强袭 2.7.1,2026-03-27,2026-04-10,yixuan,Yixuan,仪玄,直伤主C,S,73.53,31419,12148,9357,0.57,60.0,59.9,7.0,hf_builds,2.7.1/builds.json,https://huggingface.co/datasets/LvlUrArti/ShiyuDataProcessed/resolve/main/2.7.1/builds.json,ok
2.7.2,2026-04-21,da,危局强袭,1-2,首领 2,2.7.2,危局强袭 2.7.2,2026-04-10,2026-04-24,yixuan,Yixuan,仪玄,直伤主C,S,24.92,27339,7209,5078,0.73,60.0,59.94,7.0,hf_builds,2.7.2/builds.json,https://huggingface.co/datasets/LvlUrArti/ShiyuDataProcessed/resolve/main/2.7.2/builds.json,ok
2.8.1,2026-05-11,da,危局强袭,1-2,首领 2,2.8.1,危局强袭 2.8.1,2026-05-08,2026-05-22,yixuan,Yixuan,仪玄,直伤主C,S,67.68,28029,9442,7424,0.7,60.0,59.94,7.0,hf_builds,2.8.1/builds.json,https://huggingface.co/datasets/LvlUrArti/ShiyuDataProcessed/resolve/main/2.8.1/builds.json,ok
2.8.2,2026-06-02,da,危局强袭,1-2,首领 2,2.8.2,危局强袭 2.8.2,2026-05-22,2026-06-05,yixuan,Yixuan,仪玄,直伤主C,S,13.84,26255,7388,2540,0.92,60.0,59.72,7.0,hf_builds,2.8.2/builds.json,https://huggingface.co/datasets/LvlUrArti/ShiyuDataProcessed/resolve/main/2.8.2/builds.json,ok
2.8.3,2026-06-15,da,危局强袭,1-2,首领 2,2.8.3,危局强袭 2.8.3,2026-06-05,2026-06-19,yixuan,Yixuan,仪玄,直伤主C,S,22.37,26430,5744,2315,0.86,60.0,59.96,7.0,hf_builds,2.8.3/builds.json,https://huggingface.co/datasets/LvlUrArti/ShiyuDataProcessed/resolve/main/2.8.3/builds.json,ok
3.0.1,2026-06-21,da,危局强袭,1-2,首领 2,3.0.1,危局强袭 3.0.1,2026-06-19,2026-07-03,yixuan,Yixuan,仪玄,直伤主C,S,39.92,32479,7154,6092,0.74,60.0,59.89,7.0,hf_builds,3.0.1/builds.json,https://huggingface.co/datasets/LvlUrArti/ShiyuDataProcessed/resolve/main/3.0.1/builds.json,ok
2.6.1,2026-02-17,da,危局强袭,1-2,首领 2,2.6.1,危局强袭 2.6.1,2026-02-13,2026-02-27,zhao,Zhao,照,辅助,S,0.61,24979,12285,662,0.04,59.99,59.26,6.91,hf_builds,2.6.1/builds.json,https://huggingface.co/datasets/LvlUrArti/ShiyuDataProcessed/resolve/main/2.6.1/builds.json,ok
2.6.2,2026-03-10,da,危局强袭,1-2,首领 2,2.6.2,危局强袭 2.6.2,2026-02-27,2026-03-13,zhao,Zhao,照,辅助,S,50.76,32401,13801,982,0.04,59.99,59.57,6.94,hf_builds,2.6.2/builds.json,https://huggingface.co/datasets/LvlUrArti/ShiyuDataProcessed/resolve/main/2.6.2/builds.json,ok
2.7.1,2026-03-31,da,危局强袭,1-2,首领 2,2.7.1,危局强袭 2.7.1,2026-03-27,2026-04-10,zhao,Zhao,照,辅助,S,13.41,29631,5709,545,0.05,60.0,59.48,6.95,hf_builds,2.7.1/builds.json,https://huggingface.co/datasets/LvlUrArti/ShiyuDataProcessed/resolve/main/2.7.1/builds.json,ok
2.7.2,2026-04-21,da,危局强袭,1-2,首领 2,2.7.2,危局强袭 2.7.2,2026-04-10,2026-04-24,zhao,Zhao,照,辅助,S,3.31,27293,14191,803,0.04,60.0,59.57,6.97,hf_builds,2.7.2/builds.json,https://huggingface.co/datasets/LvlUrArti/ShiyuDataProcessed/resolve/main/2.7.2/builds.json,ok
2.8.1,2026-05-11,da,危局强袭,1-2,首领 2,2.8.1,危局强袭 2.8.1,2026-05-08,2026-05-22,zhao,Zhao,照,辅助,S,1.38,21522,7914,615,0.04,59.99,59.41,6.98,hf_builds,2.8.1/builds.json,https://huggingface.co/datasets/LvlUrArti/ShiyuDataProcessed/resolve/main/2.8.1/builds.json,ok
2.8.2,2026-06-02,da,危局强袭,1-2,首领 2,2.8.2,危局强袭 2.8.2,2026-05-22,2026-06-05,zhao,Zhao,照,辅助,S,55.93,24468,11675,372,0.04,59.99,59.68,6.98,hf_builds,2.8.2/builds.json,https://huggingface.co/datasets/LvlUrArti/ShiyuDataProcessed/resolve/main/2.8.2/builds.json,ok
2.8.3,2026-06-15,da,危局强袭,1-2,首领 2,2.8.3,危局强袭 2.8.3,2026-06-05,2026-06-19,zhao,Zhao,照,辅助,S,34.96,29823,12166,326,0.04,60.0,59.54,6.99,hf_builds,2.8.3/builds.json,https://huggingface.co/datasets/LvlUrArti/ShiyuDataProcessed/resolve/main/2.8.3/builds.json,ok
3.0.1,2026-06-21,da,危局强袭,1-2,首领 2,3.0.1,危局强袭 3.0.1,2026-06-19,2026-07-03,zhao,Zhao,照,辅助,S,4.48,27430,9014,549,0.04,60.0,59.62,6.97,hf_builds,3.0.1/builds.json,https://huggingface.co/datasets/LvlUrArti/ShiyuDataProcessed/resolve/main/3.0.1/builds.json,ok
2.6.1,2026-02-17,da,危局强袭,1-2,首领 2,2.6.1,危局强袭 2.6.1,2026-02-13,2026-02-27,zhu-yuan,Zhu Yuan,朱鸢,直伤主C,S,0.53,21955,83,24,0.82,60.0,57.08,7.0,hf_builds,2.6.1/builds.json,https://huggingface.co/datasets/LvlUrArti/ShiyuDataProcessed/resolve/main/2.6.1/builds.json,ok
2.6.2,2026-03-10,da,危局强袭,1-2,首领 2,2.6.2,危局强袭 2.6.2,2026-02-27,2026-03-13,zhu-yuan,Zhu Yuan,朱鸢,直伤主C,S,0.03,0,25,19,0.62,60.0,60.0,7.0,hf_builds,2.6.2/builds.json,https://huggingface.co/datasets/LvlUrArti/ShiyuDataProcessed/resolve/main/2.6.2/builds.json,ok
2.7.1,2026-03-31,da,危局强袭,1-2,首领 2,2.7.1,危局强袭 2.7.1,2026-03-27,2026-04-10,zhu-yuan,Zhu Yuan,朱鸢,直伤主C,S,0.21,23152,57,42,0.83,60.0,58.8,7.0,hf_builds,2.7.1/builds.json,https://huggingface.co/datasets/LvlUrArti/ShiyuDataProcessed/resolve/main/2.7.1/builds.json,ok
2.7.2,2026-04-21,da,危局强袭,1-2,首领 2,2.7.2,危局强袭 2.7.2,2026-04-10,2026-04-24,zhu-yuan,Zhu Yuan,朱鸢,直伤主C,S,0.16,21572,45,30,0.92,60.0,59.23,7.0,hf_builds,2.7.2/builds.json,https://huggingface.co/datasets/LvlUrArti/ShiyuDataProcessed/resolve/main/2.7.2/builds.json,ok
2.8.1,2026-05-11,da,危局强袭,1-2,首领 2,2.8.1,危局强袭 2.8.1,2026-05-08,2026-05-22,zhu-yuan,Zhu Yuan,朱鸢,直伤主C,S,0.02,0,6,9,1.1,60.0,55.76,7.0,hf_builds,2.8.1/builds.json,https://huggingface.co/datasets/LvlUrArti/ShiyuDataProcessed/resolve/main/2.8.1/builds.json,ok
2.8.2,2026-06-02,da,危局强袭,1-2,首领 2,2.8.2,危局强袭 2.8.2,2026-05-22,2026-06-05,zhu-yuan,Zhu Yuan,朱鸢,直伤主C,S,0.01,0,32,6,0.76,60.0,60.0,6.74,hf_builds,2.8.2/builds.json,https://huggingface.co/datasets/LvlUrArti/ShiyuDataProcessed/resolve/main/2.8.2/builds.json,ok
2.8.3,2026-06-15,da,危局强袭,1-2,首领 2,2.8.3,危局强袭 2.8.3,2026-06-05,2026-06-19,zhu-yuan,Zhu Yuan,朱鸢,直伤主C,S,0.01,0,11,7,1.6,60.0,60.0,7.0,hf_builds,2.8.3/builds.json,https://huggingface.co/datasets/LvlUrArti/ShiyuDataProcessed/resolve/main/2.8.3/builds.json,ok
3.0.1,2026-06-21,da,危局强袭,1-2,首领 2,3.0.1,危局强袭 3.0.1,2026-06-19,2026-07-03,zhu-yuan,Zhu Yuan,朱鸢,直伤主C,S,0.35,20853,50,41,0.98,60.0,60.0,7.0,hf_builds,3.0.1/builds.json,https://huggingface.co/datasets/LvlUrArti/ShiyuDataProcessed/resolve/main/3.0.1/builds.json,ok
2.6.1,2026-02-17,da,危局强袭,1-3,首领 3,2.6.1,危局强袭 2.6.1,2026-02-13,2026-02-27,alice,Alice Thymefield,爱丽丝·泰姆菲尔德,异常主C,S,8.54,29142,1791,702,0.46,59.99,59.88,6.99,hf_builds,2.6.1/builds.json,https://huggingface.co/datasets/LvlUrArti/ShiyuDataProcessed/resolve/main/2.6.1/builds.json,ok
2.6.2,2026-03-10,da,危局强袭,1-3,首领 3,2.6.2,危局强袭 2.6.2,2026-02-27,2026-03-13,alice,Alice Thymefield,爱丽丝·泰姆菲尔德,异常主C,S,0.03,0,1823,1044,0.45,60.0,59.84,7.0,hf_builds,2.6.2/builds.json,https://huggingface.co/datasets/LvlUrArti/ShiyuDataProcessed/resolve/main/2.6.2/builds.json,ok
2.7.1,2026-03-31,da,危局强袭,1-3,首领 3,2.7.1,危局强袭 2.7.1,2026-03-27,2026-04-10,alice,Alice Thymefield,爱丽丝·泰姆菲尔德,异常主C,S,1.07,24115,958,733,0.55,60.0,59.82,7.0,hf_builds,2.7.1/builds.json,https://huggingface.co/datasets/LvlUrArti/ShiyuDataProcessed/resolve/main/2.7.1/builds.json,ok
2.7.2,2026-04-21,da,危局强袭,1-3,首领 3,2.7.2,危局强袭 2.7.2,2026-04-10,2026-04-24,alice,Alice Thymefield,爱丽丝·泰姆菲尔德,异常主C,S,0.06,0,1615,863,0.56,60.0,59.96,7.0,hf_builds,2.7.2/builds.json,https://huggingface.co/datasets/LvlUrArti/ShiyuDataProcessed/resolve/main/2.7.2/builds.json,ok
2.8.1,2026-05-11,da,危局强袭,1-3,首领 3,2.8.1,危局强袭 2.8.1,2026-05-08,2026-05-22,alice,Alice Thymefield,爱丽丝·泰姆菲尔德,异常主C,S,0.24,0,79,88,0.69,59.99,59.84,7.0,hf_builds,2.8.1/builds.json,https://huggingface.co/datasets/LvlUrArti/ShiyuDataProcessed/resolve/main/2.8.1/builds.json,ok
2.8.2,2026-06-02,da,危局强袭,1-3,首领 3,2.8.2,危局强袭 2.8.2,2026-05-22,2026-06-05,alice,Alice Thymefield,爱丽丝·泰姆菲尔德,异常主C,S,4.4,19896,1128,304,0.49,60.0,59.86,7.0,hf_builds,2.8.2/builds.json,https://huggingface.co/datasets/LvlUrArti/ShiyuDataProcessed/resolve/main/2.8.2/builds.json,ok
2.8.3,2026-06-15,da,危局强袭,1-3,首领 3,2.8.3,危局强袭 2.8.3,2026-06-05,2026-06-19,alice,Alice Thymefield,爱丽丝·泰姆菲尔德,异常主C,S,0.33,24276,2785,665,0.41,60.0,59.93,7.0,hf_builds,2.8.3/builds.json,https://huggingface.co/datasets/LvlUrArti/ShiyuDataProcessed/resolve/main/2.8.3/builds.json,ok
3.0.1,2026-06-21,da,危局强袭,1-3,首领 3,3.0.1,危局强袭 3.0.1,2026-06-19,2026-07-03,alice,Alice Thymefield,爱丽丝·泰姆菲尔德,异常主C,S,0.03,0,1054,681,0.57,60.0,59.72,7.0,hf_builds,3.0.1/builds.json,https://huggingface.co/datasets/LvlUrArti/ShiyuDataProcessed/resolve/main/3.0.1/builds.json,ok
2.6.1,2026-02-17,da,危局强袭,1-3,首领 3,2.6.1,危局强袭 2.6.1,2026-02-13,2026-02-27,anby-demara,Anby Demara,安比·德玛拉,辅助,A,0.0,0,6,0,5.85,60.0,60.0,7.0,hf_builds,2.6.1/builds.json,https://huggingface.co/datasets/LvlUrArti/ShiyuDataProcessed/resolve/main/2.6.1/builds.json,ok
2.6.2,2026-03-10,da,危局强袭,1-3,首领 3,2.6.2,危局强袭 2.6.2,2026-02-27,2026-03-13,anby-demara,Anby Demara,安比·德玛拉,辅助,A,0.0,0,11,2,5.88,60.0,60.0,7.0,hf_builds,2.6.2/builds.json,https://huggingface.co/datasets/LvlUrArti/ShiyuDataProcessed/resolve/main/2.6.2/builds.json,ok
2.7.1,2026-03-31,da,危局强袭,1-3,首领 3,2.7.1,危局强袭 2.7.1,2026-03-27,2026-04-10,anby-demara,Anby Demara,安比·德玛拉,辅助,A,0.01,0,6,1,5.54,60.0,60.0,7.0,hf_builds,2.7.1/builds.json,https://huggingface.co/datasets/LvlUrArti/ShiyuDataProcessed/resolve/main/2.7.1/builds.json,ok
2.7.2,2026-04-21,da,危局强袭,1-3,首领 3,2.7.2,危局强袭 2.7.2,2026-04-10,2026-04-24,anby-demara,Anby Demara,安比·德玛拉,辅助,A,0.0,0,10,3,5.69,60.0,60.0,7.0,hf_builds,2.7.2/builds.json,https://huggingface.co/datasets/LvlUrArti/ShiyuDataProcessed/resolve/main/2.7.2/builds.json,ok
2.8.1,2026-05-11,da,危局强袭,1-3,首领 3,2.8.1,危局强袭 2.8.1,2026-05-08,2026-05-22,anby-demara,Anby Demara,安比·德玛拉,辅助,A,0.05,0,9,2,6.0,60.0,60.0,7.0,hf_builds,2.8.1/builds.json,https://huggingface.co/datasets/LvlUrArti/ShiyuDataProcessed/resolve/main/2.8.1/builds.json,ok
2.8.2,2026-06-02,da,危局强袭,1-3,首领 3,2.8.2,危局强袭 2.8.2,2026-05-22,2026-06-05,anby-demara,Anby Demara,安比·德玛拉,辅助,A,0.07,0,18,0,5.6,0.0,0.0,0.0,hf_builds,2.8.2/builds.json,https://huggingface.co/datasets/LvlUrArti/ShiyuDataProcessed/resolve/main/2.8.2/builds.json,ok
2.8.3,2026-06-15,da,危局强袭,1-3,首领 3,2.8.3,危局强袭 2.8.3,2026-06-05,2026-06-19,anby-demara,Anby Demara,安比·德玛拉,辅助,A,0.06,0,15,1,6.0,60.0,60.0,7.0,hf_builds,2.8.3/builds.json,https://huggingface.co/datasets/LvlUrArti/ShiyuDataProcessed/resolve/main/2.8.3/builds.json,ok
3.0.1,2026-06-21,da,危局强袭,1-3,首领 3,3.0.1,危局强袭 3.0.1,2026-06-19,2026-07-03,anby-demara,Anby Demara,安比·德玛拉,辅助,A,0.03,0,6,1,6.0,60.0,60.0,7.0,hf_builds,3.0.1/builds.json,https://huggingface.co/datasets/LvlUrArti/ShiyuDataProcessed/resolve/main/3.0.1/builds.json,ok
2.6.1,2026-02-17,da,危局强袭,1-3,首领 3,2.6.1,危局强袭 2.6.1,2026-02-13,2026-02-27,anby-demara-soldier-0,Soldier 0 - Anby,零号·安比,直伤主C,S,0.23,0,608,307,0.31,59.99,59.73,7.0,hf_builds,2.6.1/builds.json,https://huggingface.co/datasets/LvlUrArti/ShiyuDataProcessed/resolve/main/2.6.1/builds.json,ok
2.6.2,2026-03-10,da,危局强袭,1-3,首领 3,2.6.2,危局强袭 2.6.2,2026-02-27,2026-03-13,anby-demara-soldier-0,Soldier 0 - Anby,零号·安比,直伤主C,S,0.63,23280,4765,2245,0.35,59.99,59.86,7.0,hf_builds,2.6.2/builds.json,https://huggingface.co/datasets/LvlUrArti/ShiyuDataProcessed/resolve/main/2.6.2/builds.json,ok
2.7.1,2026-03-31,da,危局强袭,1-3,首领 3,2.7.1,危局强袭 2.7.1,2026-03-27,2026-04-10,anby-demara-soldier-0,Soldier 0 - Anby,零号·安比,直伤主C,S,0.73,22767,442,433,1.03,60.0,59.93,7.0,hf_builds,2.7.1/builds.json,https://huggingface.co/datasets/LvlUrArti/ShiyuDataProcessed/resolve/main/2.7.1/builds.json,ok
2.7.2,2026-04-21,da,危局强袭,1-3,首领 3,2.7.2,危局强袭 2.7.2,2026-04-10,2026-04-24,anby-demara-soldier-0,Soldier 0 - Anby,零号·安比,直伤主C,S,0.08,0,4988,2142,0.35,60.0,59.72,7.0,hf_builds,2.7.2/builds.json,https://huggingface.co/datasets/LvlUrArti/ShiyuDataProcessed/resolve/main/2.7.2/builds.json,ok
2.8.1,2026-05-11,da,危局强袭,1-3,首领 3,2.8.1,危局强袭 2.8.1,2026-05-08,2026-05-22,anby-demara-soldier-0,Soldier 0 - Anby,零号·安比,直伤主C,S,14.47,26762,2282,1479,0.38,59.99,59.74,7.0,hf_builds,2.8.1/builds.json,https://huggingface.co/datasets/LvlUrArti/ShiyuDataProcessed/resolve/main/2.8.1/builds.json,ok
2.8.2,2026-06-02,da,危局强袭,1-3,首领 3,2.8.2,危局强袭 2.8.2,2026-05-22,2026-06-05,anby-demara-soldier-0,Soldier 0 - Anby,零号·安比,直伤主C,S,1.12,15769,251,84,0.4,60.0,59.88,7.0,hf_builds,2.8.2/builds.json,https://huggingface.co/datasets/LvlUrArti/ShiyuDataProcessed/resolve/main/2.8.2/builds.json,ok
2.8.3,2026-06-15,da,危局强袭,1-3,首领 3,2.8.3,危局强袭 2.8.3,2026-06-05,2026-06-19,anby-demara-soldier-0,Soldier 0 - Anby,零号·安比,直伤主C,S,21.68,24669,3496,897,0.43,60.0,59.67,7.0,hf_builds,2.8.3/builds.json,https://huggingface.co/datasets/LvlUrArti/ShiyuDataProcessed/resolve/main/2.8.3/builds.json,ok
3.0.1,2026-06-21,da,危局强袭,1-3,首领 3,3.0.1,危局强袭 3.0.1,2026-06-19,2026-07-03,anby-demara-soldier-0,Soldier 0 - Anby,零号·安比,直伤主C,S,0.08,0,181,195,0.74,60.0,59.8,7.0,hf_builds,3.0.1/builds.json,https://huggingface.co/datasets/LvlUrArti/ShiyuDataProcessed/resolve/main/3.0.1/builds.json,ok
2.6.1,2026-02-17,da,危局强袭,1-3,首领 3,2.6.1,危局强袭 2.6.1,2026-02-13,2026-02-27,anton,Anton Ivanov,安东·伊万诺夫,直伤主C,A,0.0,0,0,0,6.0,60.0,60.0,7.0,hf_builds,2.6.1/builds.json,https://huggingface.co/datasets/LvlUrArti/ShiyuDataProcessed/resolve/main/2.6.1/builds.json,ok
2.6.2,2026-03-10,da,危局强袭,1-3,首领 3,2.6.2,危局强袭 2.6.2,2026-02-27,2026-03-13,anton,Anton Ivanov,安东·伊万诺夫,直伤主C,A,0.0,0,15,11,6.0,60.0,60.0,7.0,hf_builds,2.6.2/builds.json,https://huggingface.co/datasets/LvlUrArti/ShiyuDataProcessed/resolve/main/2.6.2/builds.json,ok
2.7.1,2026-03-31,da,危局强袭,1-3,首领 3,2.7.1,危局强袭 2.7.1,2026-03-27,2026-04-10,anton,Anton Ivanov,安东·伊万诺夫,直伤主C,A,0.0,0,1,2,0.0,0.0,0.0,0.0,hf_builds,2.7.1/builds.json,https://huggingface.co/datasets/LvlUrArti/ShiyuDataProcessed/resolve/main/2.7.1/builds.json,ok
2.7.2,2026-04-21,da,危局强袭,1-3,首领 3,2.7.2,危局强袭 2.7.2,2026-04-10,2026-04-24,anton,Anton Ivanov,安东·伊万诺夫,直伤主C,A,0.0,0,6,2,6.0,60.0,60.0,7.0,hf_builds,2.7.2/builds.json,https://huggingface.co/datasets/LvlUrArti/ShiyuDataProcessed/resolve/main/2.7.2/builds.json,ok
2.8.1,2026-05-11,da,危局强袭,1-3,首领 3,2.8.1,危局强袭 2.8.1,2026-05-08,2026-05-22,anton,Anton Ivanov,安东·伊万诺夫,直伤主C,A,0.1,0,16,12,6.0,60.0,60.0,6.94,hf_builds,2.8.1/builds.json,https://huggingface.co/datasets/LvlUrArti/ShiyuDataProcessed/resolve/main/2.8.1/builds.json,ok
2.8.2,2026-06-02,da,危局强袭,1-3,首领 3,2.8.2,危局强袭 2.8.2,2026-05-22,2026-06-05,anton,Anton Ivanov,安东·伊万诺夫,直伤主C,A,0.02,0,5,0,6.0,60.0,60.0,7.0,hf_builds,2.8.2/builds.json,https://huggingface.co/datasets/LvlUrArti/ShiyuDataProcessed/resolve/main/2.8.2/builds.json,ok
2.8.3,2026-06-15,da,危局强袭,1-3,首领 3,2.8.3,危局强袭 2.8.3,2026-06-05,2026-06-19,anton,Anton Ivanov,安东·伊万诺夫,直伤主C,A,0.05,0,10,6,6.0,60.0,53.75,7.0,hf_builds,2.8.3/builds.json,https://huggingface.co/datasets/LvlUrArti/ShiyuDataProcessed/resolve/main/2.8.3/builds.json,ok
3.0.1,2026-06-21,da,危局强袭,1-3,首领 3,3.0.1,危局强袭 3.0.1,2026-06-19,2026-07-03,anton,Anton Ivanov,安东·伊万诺夫,直伤主C,A,0.0,0,0,0,6.0,60.0,60.0,7.0,hf_builds,3.0.1/builds.json,https://huggingface.co/datasets/LvlUrArti/ShiyuDataProcessed/resolve/main/3.0.1/builds.json,ok
2.6.2,2026-03-10,da,危局强袭,1-3,首领 3,2.6.2,危局强袭 2.6.2,2026-02-27,2026-03-13,aria,Aria,爱芮,异常主C,S,0.02,0,4343,1786,0.14,59.98,59.82,6.96,hf_builds,2.6.2/builds.json,https://huggingface.co/datasets/LvlUrArti/ShiyuDataProcessed/resolve/main/2.6.2/builds.json,ok
2.7.1,2026-03-31,da,危局强袭,1-3,首领 3,2.7.1,危局强袭 2.7.1,2026-03-27,2026-04-10,aria,Aria,爱芮,异常主C,S,0.32,26979,6129,3212,0.13,60.0,59.79,6.99,hf_builds,2.7.1/builds.json,https://huggingface.co/datasets/LvlUrArti/ShiyuDataProcessed/resolve/main/2.7.1/builds.json,ok
2.7.2,2026-04-21,da,危局强袭,1-3,首领 3,2.7.2,危局强袭 2.7.2,2026-04-10,2026-04-24,aria,Aria,爱芮,异常主C,S,0.0,0,8161,3364,0.11,60.0,59.82,6.99,hf_builds,2.7.2/builds.json,https://huggingface.co/datasets/LvlUrArti/ShiyuDataProcessed/resolve/main/2.7.2/builds.json,ok
2.8.1,2026-05-11,da,危局强袭,1-3,首领 3,2.8.1,危局强袭 2.8.1,2026-05-08,2026-05-22,aria,Aria,爱芮,异常主C,S,0.03,0,1149,856,0.17,60.0,59.44,6.99,hf_builds,2.8.1/builds.json,https://huggingface.co/datasets/LvlUrArti/ShiyuDataProcessed/resolve/main/2.8.1/builds.json,ok
2.8.2,2026-06-02,da,危局强袭,1-3,首领 3,2.8.2,危局强袭 2.8.2,2026-05-22,2026-06-05,aria,Aria,爱芮,异常主C,S,40.75,27108,6813,1708,0.16,59.99,59.56,6.99,hf_builds,2.8.2/builds.json,https://huggingface.co/datasets/LvlUrArti/ShiyuDataProcessed/resolve/main/2.8.2/builds.json,ok
2.8.3,2026-06-15,da,危局强袭,1-3,首领 3,2.8.3,危局强袭 2.8.3,2026-06-05,2026-06-19,aria,Aria,爱芮,异常主C,S,0.11,0,2462,678,0.25,60.0,59.86,7.0,hf_builds,2.8.3/builds.json,https://huggingface.co/datasets/LvlUrArti/ShiyuDataProcessed/resolve/main/2.8.3/builds.json,ok
3.0.1,2026-06-21,da,危局强袭,1-3,首领 3,3.0.1,危局强袭 3.0.1,2026-06-19,2026-07-03,aria,Aria,爱芮,异常主C,S,0.01,0,2500,1463,0.27,60.0,59.71,7.0,hf_builds,3.0.1/builds.json,https://huggingface.co/datasets/LvlUrArti/ShiyuDataProcessed/resolve/main/3.0.1/builds.json,ok
2.6.1,2026-02-17,da,危局强袭,1-3,首领 3,2.6.1,危局强袭 2.6.1,2026-02-13,2026-02-27,astra-yao,Astra Yao,耀嘉音,辅助,S,15.13,24116,6227,1187,0.33,60.0,59.3,6.99,hf_builds,2.6.1/builds.json,https://huggingface.co/datasets/LvlUrArti/ShiyuDataProcessed/resolve/main/2.6.1/builds.json,ok
2.6.2,2026-03-10,da,危局强袭,1-3,首领 3,2.6.2,危局强袭 2.6.2,2026-02-27,2026-03-13,astra-yao,Astra Yao,耀嘉音,辅助,S,10.4,22857,7286,1839,0.38,60.0,59.56,6.99,hf_builds,2.6.2/builds.json,https://huggingface.co/datasets/LvlUrArti/ShiyuDataProcessed/resolve/main/2.6.2/builds.json,ok
2.7.1,2026-03-31,da,危局强袭,1-3,首领 3,2.7.1,危局强袭 2.7.1,2026-03-27,2026-04-10,astra-yao,Astra Yao,耀嘉音,辅助,S,23.34,24407,5549,1662,0.39,60.0,59.39,6.99,hf_builds,2.7.1/builds.json,https://huggingface.co/datasets/LvlUrArti/ShiyuDataProcessed/resolve/main/2.7.1/builds.json,ok
2.7.2,2026-04-21,da,危局强袭,1-3,首领 3,2.7.2,危局强袭 2.7.2,2026-04-10,2026-04-24,astra-yao,Astra Yao,耀嘉音,辅助,S,13.1,26147,7375,1514,0.4,60.0,59.63,7.0,hf_builds,2.7.2/builds.json,https://huggingface.co/datasets/LvlUrArti/ShiyuDataProcessed/resolve/main/2.7.2/builds.json,ok
2.8.1,2026-05-11,da,危局强袭,1-3,首领 3,2.8.1,危局强袭 2.8.1,2026-05-08,2026-05-22,astra-yao,Astra Yao,耀嘉音,辅助,S,22.35,26480,4765,1261,0.4,60.0,59.65,6.99,hf_builds,2.8.1/builds.json,https://huggingface.co/datasets/LvlUrArti/ShiyuDataProcessed/resolve/main/2.8.1/builds.json,ok
2.8.2,2026-06-02,da,危局强袭,1-3,首领 3,2.8.2,危局强袭 2.8.2,2026-05-22,2026-06-05,astra-yao,Astra Yao,耀嘉音,辅助,S,9.13,18770,5638,668,0.38,60.0,59.75,6.99,hf_builds,2.8.2/builds.json,https://huggingface.co/datasets/LvlUrArti/ShiyuDataProcessed/resolve/main/2.8.2/builds.json,ok
2.8.3,2026-06-15,da,危局强袭,1-3,首领 3,2.8.3,危局强袭 2.8.3,2026-06-05,2026-06-19,astra-yao,Astra Yao,耀嘉音,辅助,S,30.67,25711,6803,719,0.4,60.0,59.79,6.99,hf_builds,2.8.3/builds.json,https://huggingface.co/datasets/LvlUrArti/ShiyuDataProcessed/resolve/main/2.8.3/builds.json,ok
3.0.1,2026-06-21,da,危局强袭,1-3,首领 3,3.0.1,危局强袭 3.0.1,2026-06-19,2026-07-03,astra-yao,Astra Yao,耀嘉音,辅助,S,8.55,25898,5147,1353,0.4,60.0,59.63,6.99,hf_builds,3.0.1/builds.json,https://huggingface.co/datasets/LvlUrArti/ShiyuDataProcessed/resolve/main/3.0.1/builds.json,ok
2.6.1,2026-02-17,da,危局强袭,1-3,首领 3,2.6.1,危局强袭 2.6.1,2026-02-13,2026-02-27,banyue,Banyue,般岳,直伤主C,S,0.01,0,369,185,0.51,60.0,59.38,7.0,hf_builds,2.6.1/builds.json,https://huggingface.co/datasets/LvlUrArti/ShiyuDataProcessed/resolve/main/2.6.1/builds.json,ok
2.6.2,2026-03-10,da,危局强袭,1-3,首领 3,2.6.2,危局强袭 2.6.2,2026-02-27,2026-03-13,banyue,Banyue,般岳,直伤主C,S,6.27,29552,1144,804,0.39,60.0,59.9,7.0,hf_builds,2.6.2/builds.json,https://huggingface.co/datasets/LvlUrArti/ShiyuDataProcessed/resolve/main/2.6.2/builds.json,ok
2.7.1,2026-03-31,da,危局强袭,1-3,首领 3,2.7.1,危局强袭 2.7.1,2026-03-27,2026-04-10,banyue,Banyue,般岳,直伤主C,S,0.03,0,314,314,0.59,60.0,59.75,7.0,hf_builds,2.7.1/builds.json,https://huggingface.co/datasets/LvlUrArti/ShiyuDataProcessed/resolve/main/2.7.1/builds.json,ok
2.7.2,2026-04-21,da,危局强袭,1-3,首领 3,2.7.2,危局强袭 2.7.2,2026-04-10,2026-04-24,banyue,Banyue,般岳,直伤主C,S,1.01,24689,200,172,0.66,60.0,59.98,7.0,hf_builds,2.7.2/builds.json,https://huggingface.co/datasets/LvlUrArti/ShiyuDataProcessed/resolve/main/2.7.2/builds.json,ok
2.8.1,2026-05-11,da,危局强袭,1-3,首领 3,2.8.1,危局强袭 2.8.1,2026-05-08,2026-05-22,banyue,Banyue,般岳,直伤主C,S,0.05,0,785,666,0.51,60.0,59.97,7.0,hf_builds,2.8.1/builds.json,https://huggingface.co/datasets/LvlUrArti/ShiyuDataProcessed/resolve/main/2.8.1/builds.json,ok
2.8.2,2026-06-02,da,危局强袭,1-3,首领 3,2.8.2,危局强袭 2.8.2,2026-05-22,2026-06-05,banyue,Banyue,般岳,直伤主C,S,0.01,0,217,101,0.47,60.0,59.11,7.0,hf_builds,2.8.2/builds.json,https://huggingface.co/datasets/LvlUrArti/ShiyuDataProcessed/resolve/main/2.8.2/builds.json,ok
2.8.3,2026-06-15,da,危局强袭,1-3,首领 3,2.8.3,危局强袭 2.8.3,2026-06-05,2026-06-19,banyue,Banyue,般岳,直伤主C,S,0.09,0,141,67,0.67,60.0,60.0,7.0,hf_builds,2.8.3/builds.json,https://huggingface.co/datasets/LvlUrArti/ShiyuDataProcessed/resolve/main/2.8.3/builds.json,ok
3.0.1,2026-06-21,da,危局强袭,1-3,首领 3,3.0.1,危局强袭 3.0.1,2026-06-19,2026-07-03,banyue,Banyue,般岳,直伤主C,S,0.54,28959,90,91,0.67,60.0,59.21,7.0,hf_builds,3.0.1/builds.json,https://huggingface.co/datasets/LvlUrArti/ShiyuDataProcessed/resolve/main/3.0.1/builds.json,ok
2.6.1,2026-02-17,da,危局强袭,1-3,首领 3,2.6.1,危局强袭 2.6.1,2026-02-13,2026-02-27,ben,Ben Bigger,本·比格,直伤主C,A,0.0,0,8,4,6.0,60.0,60.0,7.0,hf_builds,2.6.1/builds.json,https://huggingface.co/datasets/LvlUrArti/ShiyuDataProcessed/resolve/main/2.6.1/builds.json,ok
2.6.2,2026-03-10,da,危局强袭,1-3,首领 3,2.6.2,危局强袭 2.6.2,2026-02-27,2026-03-13,ben,Ben Bigger,本·比格,直伤主C,A,0.01,0,4,3,6.0,60.0,60.0,7.0,hf_builds,2.6.2/builds.json,https://huggingface.co/datasets/LvlUrArti/ShiyuDataProcessed/resolve/main/2.6.2/builds.json,ok
2.7.1,2026-03-31,da,危局强袭,1-3,首领 3,2.7.1,危局强袭 2.7.1,2026-03-27,2026-04-10,ben,Ben Bigger,本·比格,直伤主C,A,0.01,0,7,9,6.0,60.0,60.0,7.0,hf_builds,2.7.1/builds.json,https://huggingface.co/datasets/LvlUrArti/ShiyuDataProcessed/resolve/main/2.7.1/builds.json,ok
2.7.2,2026-04-21,da,危局强袭,1-3,首领 3,2.7.2,危局强袭 2.7.2,2026-04-10,2026-04-24,ben,Ben Bigger,本·比格,直伤主C,A,0.03,0,5,5,6.0,60.0,60.0,7.0,hf_builds,2.7.2/builds.json,https://huggingface.co/datasets/LvlUrArti/ShiyuDataProcessed/resolve/main/2.7.2/builds.json,ok
2.8.1,2026-05-11,da,危局强袭,1-3,首领 3,2.8.1,危局强袭 2.8.1,2026-05-08,2026-05-22,ben,Ben Bigger,本·比格,直伤主C,A,0.01,0,4,4,6.0,60.0,60.0,7.0,hf_builds,2.8.1/builds.json,https://huggingface.co/datasets/LvlUrArti/ShiyuDataProcessed/resolve/main/2.8.1/builds.json,ok
2.8.2,2026-06-02,da,危局强袭,1-3,首领 3,2.8.2,危局强袭 2.8.2,2026-05-22,2026-06-05,ben,Ben Bigger,本·比格,直伤主C,A,0.01,0,2,1,6.0,60.0,60.0,7.0,hf_builds,2.8.2/builds.json,https://huggingface.co/datasets/LvlUrArti/ShiyuDataProcessed/resolve/main/2.8.2/builds.json,ok
2.8.3,2026-06-15,da,危局强袭,1-3,首领 3,2.8.3,危局强袭 2.8.3,2026-06-05,2026-06-19,ben,Ben Bigger,本·比格,直伤主C,A,0.01,0,3,3,6.0,60.0,60.0,7.0,hf_builds,2.8.3/builds.json,https://huggingface.co/datasets/LvlUrArti/ShiyuDataProcessed/resolve/main/2.8.3/builds.json,ok
3.0.1,2026-06-21,da,危局强袭,1-3,首领 3,3.0.1,危局强袭 3.0.1,2026-06-19,2026-07-03,ben,Ben Bigger,本·比格,直伤主C,A,0.01,0,4,3,6.0,60.0,60.0,7.0,hf_builds,3.0.1/builds.json,https://huggingface.co/datasets/LvlUrArti/ShiyuDataProcessed/resolve/main/3.0.1/builds.json,ok
2.6.1,2026-02-17,da,危局强袭,1-3,首领 3,2.6.1,危局强袭 2.6.1,2026-02-13,2026-02-27,billy-kid,Billy Kid,比利·奇德,直伤主C,A,0.0,0,44,16,6.0,60.0,60.0,7.0,hf_builds,2.6.1/builds.json,https://huggingface.co/datasets/LvlUrArti/ShiyuDataProcessed/resolve/main/2.6.1/builds.json,ok
2.6.2,2026-03-10,da,危局强袭,1-3,首领 3,2.6.2,危局强袭 2.6.2,2026-02-27,2026-03-13,billy-kid,Billy Kid,比利·奇德,直伤主C,A,0.0,0,46,32,6.0,60.0,60.0,7.0,hf_builds,2.6.2/builds.json,https://huggingface.co/datasets/LvlUrArti/ShiyuDataProcessed/resolve/main/2.6.2/builds.json,ok
2.7.1,2026-03-31,da,危局强袭,1-3,首领 3,2.7.1,危局强袭 2.7.1,2026-03-27,2026-04-10,billy-kid,Billy Kid,比利·奇德,直伤主C,A,0.01,0,6,8,6.0,60.0,60.0,7.0,hf_builds,2.7.1/builds.json,https://huggingface.co/datasets/LvlUrArti/ShiyuDataProcessed/resolve/main/2.7.1/builds.json,ok
2.7.2,2026-04-21,da,危局强袭,1-3,首领 3,2.7.2,危局强袭 2.7.2,2026-04-10,2026-04-24,billy-kid,Billy Kid,比利·奇德,直伤主C,A,0.22,22063,47,36,6.0,60.0,60.0,7.0,hf_builds,2.7.2/builds.json,https://huggingface.co/datasets/LvlUrArti/ShiyuDataProcessed/resolve/main/2.7.2/builds.json,ok
2.8.1,2026-05-11,da,危局强袭,1-3,首领 3,2.8.1,危局强袭 2.8.1,2026-05-08,2026-05-22,billy-kid,Billy Kid,比利·奇德,直伤主C,A,0.17,21542,25,17,6.0,60.0,60.0,7.0,hf_builds,2.8.1/builds.json,https://huggingface.co/datasets/LvlUrArti/ShiyuDataProcessed/resolve/main/2.8.1/builds.json,ok
2.8.2,2026-06-02,da,危局强袭,1-3,首领 3,2.8.2,危局强袭 2.8.2,2026-05-22,2026-06-05,billy-kid,Billy Kid,比利·奇德,直伤主C,A,0.01,0,14,1,6.0,60.0,60.0,7.0,hf_builds,2.8.2/builds.json,https://huggingface.co/datasets/LvlUrArti/ShiyuDataProcessed/resolve/main/2.8.2/builds.json,ok
2.8.3,2026-06-15,da,危局强袭,1-3,首领 3,2.8.3,危局强袭 2.8.3,2026-06-05,2026-06-19,billy-kid,Billy Kid,比利·奇德,直伤主C,A,0.11,0,22,10,6.0,60.0,60.0,7.0,hf_builds,2.8.3/builds.json,https://huggingface.co/datasets/LvlUrArti/ShiyuDataProcessed/resolve/main/2.8.3/builds.json,ok
3.0.1,2026-06-21,da,危局强袭,1-3,首领 3,3.0.1,危局强袭 3.0.1,2026-06-19,2026-07-03,billy-kid,Billy Kid,比利·奇德,直伤主C,A,0.01,0,3,2,6.0,60.0,60.0,7.0,hf_builds,3.0.1/builds.json,https://huggingface.co/datasets/LvlUrArti/ShiyuDataProcessed/resolve/main/3.0.1/builds.json,ok
2.8.2,2026-06-02,da,危局强袭,1-3,首领 3,2.8.2,危局强袭 2.8.2,2026-05-22,2026-06-05,billy-starlight,Starlight - Billy,星徽·比利,直伤主C,S,0.22,16099,1356,445,0.26,59.99,59.27,6.99,hf_builds,2.8.2/builds.json,https://huggingface.co/datasets/LvlUrArti/ShiyuDataProcessed/resolve/main/2.8.2/builds.json,ok
2.8.3,2026-06-15,da,危局强袭,1-3,首领 3,2.8.3,危局强袭 2.8.3,2026-06-05,2026-06-19,billy-starlight,Starlight - Billy,星徽·比利,直伤主C,S,2.04,28288,2742,734,0.26,59.99,59.89,6.99,hf_builds,2.8.3/builds.json,https://huggingface.co/datasets/LvlUrArti/ShiyuDataProcessed/resolve/main/2.8.3/builds.json,ok
3.0.1,2026-06-21,da,危局强袭,1-3,首领 3,3.0.1,危局强袭 3.0.1,2026-06-19,2026-07-03,billy-starlight,Starlight - Billy,星徽·比利,直伤主C,S,11.68,32553,1750,1193,0.27,60.0,59.64,6.99,hf_builds,3.0.1/builds.json,https://huggingface.co/datasets/LvlUrArti/ShiyuDataProcessed/resolve/main/3.0.1/builds.json,ok
2.6.1,2026-02-17,da,危局强袭,1-3,首领 3,2.6.1,危局强袭 2.6.1,2026-02-13,2026-02-27,burnice,Burnice White,柏妮思·怀特,异常主C,S,7.34,27792,1301,273,0.37,60.0,59.65,6.99,hf_builds,2.6.1/builds.json,https://huggingface.co/datasets/LvlUrArti/ShiyuDataProcessed/resolve/main/2.6.1/builds.json,ok
2.6.2,2026-03-10,da,危局强袭,1-3,首领 3,2.6.2,危局强袭 2.6.2,2026-02-27,2026-03-13,burnice,Burnice White,柏妮思·怀特,异常主C,S,4.06,21382,774,245,0.41,60.0,59.79,7.0,hf_builds,2.6.2/builds.json,https://huggingface.co/datasets/LvlUrArti/ShiyuDataProcessed/resolve/main/2.6.2/builds.json,ok
2.7.1,2026-03-31,da,危局强袭,1-3,首领 3,2.7.1,危局强袭 2.7.1,2026-03-27,2026-04-10,burnice,Burnice White,柏妮思·怀特,异常主C,S,4.64,26088,738,250,0.34,60.0,59.65,6.99,hf_builds,2.7.1/builds.json,https://huggingface.co/datasets/LvlUrArti/ShiyuDataProcessed/resolve/main/2.7.1/builds.json,ok
2.7.2,2026-04-21,da,危局强袭,1-3,首领 3,2.7.2,危局强袭 2.7.2,2026-04-10,2026-04-24,burnice,Burnice White,柏妮思·怀特,异常主C,S,0.03,0,130,59,0.47,60.0,59.97,6.99,hf_builds,2.7.2/builds.json,https://huggingface.co/datasets/LvlUrArti/ShiyuDataProcessed/resolve/main/2.7.2/builds.json,ok
2.8.1,2026-05-11,da,危局强袭,1-3,首领 3,2.8.1,危局强袭 2.8.1,2026-05-08,2026-05-22,burnice,Burnice White,柏妮思·怀特,异常主C,S,0.01,0,385,156,0.51,60.0,59.82,7.0,hf_builds,2.8.1/builds.json,https://huggingface.co/datasets/LvlUrArti/ShiyuDataProcessed/resolve/main/2.8.1/builds.json,ok
2.8.2,2026-06-02,da,危局强袭,1-3,首领 3,2.8.2,危局强袭 2.8.2,2026-05-22,2026-06-05,burnice,Burnice White,柏妮思·怀特,异常主C,S,0.34,11204,898,139,0.4,60.0,59.93,7.0,hf_builds,2.8.2/builds.json,https://huggingface.co/datasets/LvlUrArti/ShiyuDataProcessed/resolve/main/2.8.2/builds.json,ok
2.8.3,2026-06-15,da,危局强袭,1-3,首领 3,2.8.3,危局强袭 2.8.3,2026-06-05,2026-06-19,burnice,Burnice White,柏妮思·怀特,异常主C,S,0.01,0,91,29,0.52,60.0,59.84,6.98,hf_builds,2.8.3/builds.json,https://huggingface.co/datasets/LvlUrArti/ShiyuDataProcessed/resolve/main/2.8.3/builds.json,ok
3.0.1,2026-06-21,da,危局强袭,1-3,首领 3,3.0.1,危局强袭 3.0.1,2026-06-19,2026-07-03,burnice,Burnice White,柏妮思·怀特,异常主C,S,0.01,0,978,322,0.43,60.0,58.93,6.99,hf_builds,3.0.1/builds.json,https://huggingface.co/datasets/LvlUrArti/ShiyuDataProcessed/resolve/main/3.0.1/builds.json,ok
2.6.1,2026-02-17,da,危局强袭,1-3,首领 3,2.6.1,危局强袭 2.6.1,2026-02-13,2026-02-27,caesar,Caesar King,凯撒·金,辅助,S,0.1,0,233,54,0.5,60.0,58.18,6.97,hf_builds,2.6.1/builds.json,https://huggingface.co/datasets/LvlUrArti/ShiyuDataProcessed/resolve/main/2.6.1/builds.json,ok
2.6.2,2026-03-10,da,危局强袭,1-3,首领 3,2.6.2,危局强袭 2.6.2,2026-02-27,2026-03-13,caesar,Caesar King,凯撒·金,辅助,S,0.48,23881,336,85,0.54,60.0,59.55,7.0,hf_builds,2.6.2/builds.json,https://huggingface.co/datasets/LvlUrArti/ShiyuDataProcessed/resolve/main/2.6.2/builds.json,ok
2.7.1,2026-03-31,da,危局强袭,1-3,首领 3,2.7.1,危局强袭 2.7.1,2026-03-27,2026-04-10,caesar,Caesar King,凯撒·金,辅助,S,0.42,22756,165,72,0.72,60.0,59.15,6.99,hf_builds,2.7.1/builds.json,https://huggingface.co/datasets/LvlUrArti/ShiyuDataProcessed/resolve/main/2.7.1/builds.json,ok
2.7.2,2026-04-21,da,危局强袭,1-3,首领 3,2.7.2,危局强袭 2.7.2,2026-04-10,2026-04-24,caesar,Caesar King,凯撒·金,辅助,S,1.05,24829,264,63,0.65,60.0,59.67,6.99,hf_builds,2.7.2/builds.json,https://huggingface.co/datasets/LvlUrArti/ShiyuDataProcessed/resolve/main/2.7.2/builds.json,ok
2.8.1,2026-05-11,da,危局强袭,1-3,首领 3,2.8.1,危局强袭 2.8.1,2026-05-08,2026-05-22,caesar,Caesar King,凯撒·金,辅助,S,0.6,22584,137,44,0.67,60.0,59.87,7.0,hf_builds,2.8.1/builds.json,https://huggingface.co/datasets/LvlUrArti/ShiyuDataProcessed/resolve/main/2.8.1/builds.json,ok
2.8.2,2026-06-02,da,危局强袭,1-3,首领 3,2.8.2,危局强袭 2.8.2,2026-05-22,2026-06-05,caesar,Caesar King,凯撒·金,辅助,S,0.46,17810,261,39,0.64,60.0,59.88,7.0,hf_builds,2.8.2/builds.json,https://huggingface.co/datasets/LvlUrArti/ShiyuDataProcessed/resolve/main/2.8.2/builds.json,ok
2.8.3,2026-06-15,da,危局强袭,1-3,首领 3,2.8.3,危局强袭 2.8.3,2026-06-05,2026-06-19,caesar,Caesar King,凯撒·金,辅助,S,0.56,23317,250,55,0.67,60.0,59.56,6.98,hf_builds,2.8.3/builds.json,https://huggingface.co/datasets/LvlUrArti/ShiyuDataProcessed/resolve/main/2.8.3/builds.json,ok
3.0.1,2026-06-21,da,危局强袭,1-3,首领 3,3.0.1,危局强袭 3.0.1,2026-06-19,2026-07-03,caesar,Caesar King,凯撒·金,辅助,S,0.9,25677,188,86,0.64,60.0,59.45,6.99,hf_builds,3.0.1/builds.json,https://huggingface.co/datasets/LvlUrArti/ShiyuDataProcessed/resolve/main/3.0.1/builds.json,ok
2.7.2,2026-04-21,da,危局强袭,1-3,首领 3,2.7.2,危局强袭 2.7.2,2026-04-10,2026-04-24,cissia,Cissia,希希芙,直伤主C,S,0.01,0,1135,430,0.12,59.98,59.86,6.95,hf_builds,2.7.2/builds.json,https://huggingface.co/datasets/LvlUrArti/ShiyuDataProcessed/resolve/main/2.7.2/builds.json,ok
2.8.1,2026-05-11,da,危局强袭,1-3,首领 3,2.8.1,危局强袭 2.8.1,2026-05-08,2026-05-22,cissia,Cissia,希希芙,直伤主C,S,12.67,30039,1951,851,0.14,60.0,59.97,6.98,hf_builds,2.8.1/builds.json,https://huggingface.co/datasets/LvlUrArti/ShiyuDataProcessed/resolve/main/2.8.1/builds.json,ok
2.8.2,2026-06-02,da,危局强袭,1-3,首领 3,2.8.2,危局强袭 2.8.2,2026-05-22,2026-06-05,cissia,Cissia,希希芙,直伤主C,S,1.37,18929,288,74,0.19,60.0,59.87,6.99,hf_builds,2.8.2/builds.json,https://huggingface.co/datasets/LvlUrArti/ShiyuDataProcessed/resolve/main/2.8.2/builds.json,ok
2.8.3,2026-06-15,da,危局强袭,1-3,首领 3,2.8.3,危局强袭 2.8.3,2026-06-05,2026-06-19,cissia,Cissia,希希芙,直伤主C,S,15.69,29429,2536,481,0.17,60.0,59.62,6.99,hf_builds,2.8.3/builds.json,https://huggingface.co/datasets/LvlUrArti/ShiyuDataProcessed/resolve/main/2.8.3/builds.json,ok
3.0.1,2026-06-21,da,危局强袭,1-3,首领 3,3.0.1,危局强袭 3.0.1,2026-06-19,2026-07-03,cissia,Cissia,希希芙,直伤主C,S,0.08,0,236,179,0.36,60.0,59.85,6.99,hf_builds,3.0.1/builds.json,https://huggingface.co/datasets/LvlUrArti/ShiyuDataProcessed/resolve/main/3.0.1/builds.json,ok
2.6.1,2026-02-17,da,危局强袭,1-3,首领 3,2.6.1,危局强袭 2.6.1,2026-02-13,2026-02-27,corin,Corin Wickes,可琳·威克斯,直伤主C,A,0.0,0,88,38,6.0,60.0,58.98,7.0,hf_builds,2.6.1/builds.json,https://huggingface.co/datasets/LvlUrArti/ShiyuDataProcessed/resolve/main/2.6.1/builds.json,ok
2.6.2,2026-03-10,da,危局强袭,1-3,首领 3,2.6.2,危局强袭 2.6.2,2026-02-27,2026-03-13,corin,Corin Wickes,可琳·威克斯,直伤主C,A,0.0,0,75,49,6.0,60.0,59.28,7.0,hf_builds,2.6.2/builds.json,https://huggingface.co/datasets/LvlUrArti/ShiyuDataProcessed/resolve/main/2.6.2/builds.json,ok
2.7.1,2026-03-31,da,危局强袭,1-3,首领 3,2.7.1,危局强袭 2.7.1,2026-03-27,2026-04-10,corin,Corin Wickes,可琳·威克斯,直伤主C,A,0.01,0,20,20,6.0,60.0,56.28,7.0,hf_builds,2.7.1/builds.json,https://huggingface.co/datasets/LvlUrArti/ShiyuDataProcessed/resolve/main/2.7.1/builds.json,ok
2.7.2,2026-04-21,da,危局强袭,1-3,首领 3,2.7.2,危局强袭 2.7.2,2026-04-10,2026-04-24,corin,Corin Wickes,可琳·威克斯,直伤主C,A,0.35,23271,63,34,6.0,60.0,56.33,7.0,hf_builds,2.7.2/builds.json,https://huggingface.co/datasets/LvlUrArti/ShiyuDataProcessed/resolve/main/2.7.2/builds.json,ok
2.8.1,2026-05-11,da,危局强袭,1-3,首领 3,2.8.1,危局强袭 2.8.1,2026-05-08,2026-05-22,corin,Corin Wickes,可琳·威克斯,直伤主C,A,0.21,22098,31,26,6.0,60.0,57.65,7.0,hf_builds,2.8.1/builds.json,https://huggingface.co/datasets/LvlUrArti/ShiyuDataProcessed/resolve/main/2.8.1/builds.json,ok
2.8.2,2026-06-02,da,危局强袭,1-3,首领 3,2.8.2,危局强袭 2.8.2,2026-05-22,2026-06-05,corin,Corin Wickes,可琳·威克斯,直伤主C,A,0.02,0,35,15,6.0,60.0,60.0,7.0,hf_builds,2.8.2/builds.json,https://huggingface.co/datasets/LvlUrArti/ShiyuDataProcessed/resolve/main/2.8.2/builds.json,ok
2.8.3,2026-06-15,da,危局强袭,1-3,首领 3,2.8.3,危局强袭 2.8.3,2026-06-05,2026-06-19,corin,Corin Wickes,可琳·威克斯,直伤主C,A,0.12,0,52,21,6.0,60.0,60.0,7.0,hf_builds,2.8.3/builds.json,https://huggingface.co/datasets/LvlUrArti/ShiyuDataProcessed/resolve/main/2.8.3/builds.json,ok
3.0.1,2026-06-21,da,危局强袭,1-3,首领 3,3.0.1,危局强袭 3.0.1,2026-06-19,2026-07-03,corin,Corin Wickes,可琳·威克斯,直伤主C,A,0.17,21956,27,24,6.0,60.0,56.51,7.0,hf_builds,3.0.1/builds.json,https://huggingface.co/datasets/LvlUrArti/ShiyuDataProcessed/resolve/main/3.0.1/builds.json,ok
2.6.1,2026-02-17,da,危局强袭,1-3,首领 3,2.6.1,危局强袭 2.6.1,2026-02-13,2026-02-27,dialyn,Dialyn,琉音,辅助,S,0.31,28348,10900,1716,0.08,59.99,59.65,6.99,hf_builds,2.6.1/builds.json,https://huggingface.co/datasets/LvlUrArti/ShiyuDataProcessed/resolve/main/2.6.1/builds.json,ok
2.6.2,2026-03-10,da,危局强袭,1-3,首领 3,2.6.2,危局强袭 2.6.2,2026-02-27,2026-03-13,dialyn,Dialyn,琉音,辅助,S,25.05,30185,12318,2671,0.09,60.0,59.63,6.99,hf_builds,2.6.2/builds.json,https://huggingface.co/datasets/LvlUrArti/ShiyuDataProcessed/resolve/main/2.6.2/builds.json,ok
2.7.1,2026-03-31,da,危局强袭,1-3,首领 3,2.7.1,危局强袭 2.7.1,2026-03-27,2026-04-10,dialyn,Dialyn,琉音,辅助,S,10.34,26072,9388,2354,0.09,60.0,59.39,7.0,hf_builds,2.7.1/builds.json,https://huggingface.co/datasets/LvlUrArti/ShiyuDataProcessed/resolve/main/2.7.1/builds.json,ok
2.7.2,2026-04-21,da,危局强袭,1-3,首领 3,2.7.2,危局强袭 2.7.2,2026-04-10,2026-04-24,dialyn,Dialyn,琉音,辅助,S,53.02,31130,12254,2170,0.09,60.0,59.57,6.99,hf_builds,2.7.2/builds.json,https://huggingface.co/datasets/LvlUrArti/ShiyuDataProcessed/resolve/main/2.7.2/builds.json,ok
2.8.1,2026-05-11,da,危局强袭,1-3,首领 3,2.8.1,危局强袭 2.8.1,2026-05-08,2026-05-22,dialyn,Dialyn,琉音,辅助,S,23.19,29806,9158,1941,0.09,60.0,59.46,6.99,hf_builds,2.8.1/builds.json,https://huggingface.co/datasets/LvlUrArti/ShiyuDataProcessed/resolve/main/2.8.1/builds.json,ok
2.8.2,2026-06-02,da,危局强袭,1-3,首领 3,2.8.2,危局强袭 2.8.2,2026-05-22,2026-06-05,dialyn,Dialyn,琉音,辅助,S,12.13,21070,11287,1162,0.09,60.0,59.77,6.99,hf_builds,2.8.2/builds.json,https://huggingface.co/datasets/LvlUrArti/ShiyuDataProcessed/resolve/main/2.8.2/builds.json,ok
2.8.3,2026-06-15,da,危局强袭,1-3,首领 3,2.8.3,危局强袭 2.8.3,2026-06-05,2026-06-19,dialyn,Dialyn,琉音,辅助,S,13.43,29512,11456,1021,0.1,60.0,59.76,7.0,hf_builds,2.8.3/builds.json,https://huggingface.co/datasets/LvlUrArti/ShiyuDataProcessed/resolve/main/2.8.3/builds.json,ok
3.0.1,2026-06-21,da,危局强袭,1-3,首领 3,3.0.1,危局强袭 3.0.1,2026-06-19,2026-07-03,dialyn,Dialyn,琉音,辅助,S,46.44,31544,9480,1920,0.09,60.0,59.58,7.0,hf_builds,3.0.1/builds.json,https://huggingface.co/datasets/LvlUrArti/ShiyuDataProcessed/resolve/main/3.0.1/builds.json,ok
2.6.1,2026-02-17,da,危局强袭,1-3,首领 3,2.6.1,危局强袭 2.6.1,2026-02-13,2026-02-27,ellen,Ellen Joe,艾莲·乔,直伤主C,S,0.11,0,23,36,2.45,60.0,60.0,7.0,hf_builds,2.6.1/builds.json,https://huggingface.co/datasets/LvlUrArti/ShiyuDataProcessed/resolve/main/2.6.1/builds.json,ok
2.6.2,2026-03-10,da,危局强袭,1-3,首领 3,2.6.2,危局强袭 2.6.2,2026-02-27,2026-03-13,ellen,Ellen Joe,艾莲·乔,直伤主C,S,0.43,21127,83,106,2.56,59.95,59.58,6.98,hf_builds,2.6.2/builds.json,https://huggingface.co/datasets/LvlUrArti/ShiyuDataProcessed/resolve/main/2.6.2/builds.json,ok
2.7.1,2026-03-31,da,危局强袭,1-3,首领 3,2.7.1,危局强袭 2.7.1,2026-03-27,2026-04-10,ellen,Ellen Joe,艾莲·乔,直伤主C,S,3.28,22943,502,462,1.48,60.0,59.33,7.0,hf_builds,2.7.1/builds.json,https://huggingface.co/datasets/LvlUrArti/ShiyuDataProcessed/resolve/main/2.7.1/builds.json,ok
2.7.2,2026-04-21,da,危局强袭,1-3,首领 3,2.7.2,危局强袭 2.7.2,2026-04-10,2026-04-24,ellen,Ellen Joe,艾莲·乔,直伤主C,S,2.08,23822,395,273,1.57,60.0,59.83,7.0,hf_builds,2.7.2/builds.json,https://huggingface.co/datasets/LvlUrArti/ShiyuDataProcessed/resolve/main/2.7.2/builds.json,ok
2.8.1,2026-05-11,da,危局强袭,1-3,首领 3,2.8.1,危局强袭 2.8.1,2026-05-08,2026-05-22,ellen,Ellen Joe,艾莲·乔,直伤主C,S,0.03,0,74,113,2.65,60.0,59.68,7.0,hf_builds,2.8.1/builds.json,https://huggingface.co/datasets/LvlUrArti/ShiyuDataProcessed/resolve/main/2.8.1/builds.json,ok
2.8.2,2026-06-02,da,危局强袭,1-3,首领 3,2.8.2,危局强袭 2.8.2,2026-05-22,2026-06-05,ellen,Ellen Joe,艾莲·乔,直伤主C,S,0.01,0,241,102,1.75,60.0,59.56,7.0,hf_builds,2.8.2/builds.json,https://huggingface.co/datasets/LvlUrArti/ShiyuDataProcessed/resolve/main/2.8.2/builds.json,ok
2.8.3,2026-06-15,da,危局强袭,1-3,首领 3,2.8.3,危局强袭 2.8.3,2026-06-05,2026-06-19,ellen,Ellen Joe,艾莲·乔,直伤主C,S,0.0,0,260,118,1.73,60.0,60.0,7.0,hf_builds,2.8.3/builds.json,https://huggingface.co/datasets/LvlUrArti/ShiyuDataProcessed/resolve/main/2.8.3/builds.json,ok
3.0.1,2026-06-21,da,危局强袭,1-3,首领 3,3.0.1,危局强袭 3.0.1,2026-06-19,2026-07-03,ellen,Ellen Joe,艾莲·乔,直伤主C,S,1.04,25686,459,378,1.38,60.0,59.65,7.0,hf_builds,3.0.1/builds.json,https://huggingface.co/datasets/LvlUrArti/ShiyuDataProcessed/resolve/main/3.0.1/builds.json,ok
2.6.1,2026-02-17,da,危局强袭,1-3,首领 3,2.6.1,危局强袭 2.6.1,2026-02-13,2026-02-27,evelyn,Evelyn Chevalier,伊芙琳·舒瓦利耶,直伤主C,S,0.02,0,481,240,0.41,60.0,59.25,7.0,hf_builds,2.6.1/builds.json,https://huggingface.co/datasets/LvlUrArti/ShiyuDataProcessed/resolve/main/2.6.1/builds.json,ok
2.6.2,2026-03-10,da,危局强袭,1-3,首领 3,2.6.2,危局强袭 2.6.2,2026-02-27,2026-03-13,evelyn,Evelyn Chevalier,伊芙琳·舒瓦利耶,直伤主C,S,1.15,20770,627,493,0.68,60.0,59.45,7.0,hf_builds,2.6.2/builds.json,https://huggingface.co/datasets/LvlUrArti/ShiyuDataProcessed/resolve/main/2.6.2/builds.json,ok
2.7.1,2026-03-31,da,危局强袭,1-3,首领 3,2.7.1,危局强袭 2.7.1,2026-03-27,2026-04-10,evelyn,Evelyn Chevalier,伊芙琳·舒瓦利耶,直伤主C,S,0.38,0,212,223,0.98,60.0,59.69,7.0,hf_builds,2.7.1/builds.json,https://huggingface.co/datasets/LvlUrArti/ShiyuDataProcessed/resolve/main/2.7.1/builds.json,ok
2.7.2,2026-04-21,da,危局强袭,1-3,首领 3,2.7.2,危局强袭 2.7.2,2026-04-10,2026-04-24,evelyn,Evelyn Chevalier,伊芙琳·舒瓦利耶,直伤主C,S,1.56,23207,543,365,1.07,60.0,59.66,7.0,hf_builds,2.7.2/builds.json,https://huggingface.co/datasets/LvlUrArti/ShiyuDataProcessed/resolve/main/2.7.2/builds.json,ok
2.8.1,2026-05-11,da,危局强袭,1-3,首领 3,2.8.1,危局强袭 2.8.1,2026-05-08,2026-05-22,evelyn,Evelyn Chevalier,伊芙琳·舒瓦利耶,直伤主C,S,0.75,23050,252,247,1.01,60.0,59.72,7.0,hf_builds,2.8.1/builds.json,https://huggingface.co/datasets/LvlUrArti/ShiyuDataProcessed/resolve/main/2.8.1/builds.json,ok
2.8.2,2026-06-02,da,危局强袭,1-3,首领 3,2.8.2,危局强袭 2.8.2,2026-05-22,2026-06-05,evelyn,Evelyn Chevalier,伊芙琳·舒瓦利耶,直伤主C,S,0.07,0,176,78,0.83,60.0,60.0,7.0,hf_builds,2.8.2/builds.json,https://huggingface.co/datasets/LvlUrArti/ShiyuDataProcessed/resolve/main/2.8.2/builds.json,ok
2.8.3,2026-06-15,da,危局强袭,1-3,首领 3,2.8.3,危局强袭 2.8.3,2026-06-05,2026-06-19,evelyn,Evelyn Chevalier,伊芙琳·舒瓦利耶,直伤主C,S,1.4,21731,327,128,0.64,60.0,60.0,7.0,hf_builds,2.8.3/builds.json,https://huggingface.co/datasets/LvlUrArti/ShiyuDataProcessed/resolve/main/2.8.3/builds.json,ok
3.0.1,2026-06-21,da,危局强袭,1-3,首领 3,3.0.1,危局强袭 3.0.1,2026-06-19,2026-07-03,evelyn,Evelyn Chevalier,伊芙琳·舒瓦利耶,直伤主C,S,0.38,23481,84,120,0.64,60.0,59.46,7.0,hf_builds,3.0.1/builds.json,https://huggingface.co/datasets/LvlUrArti/ShiyuDataProcessed/resolve/main/3.0.1/builds.json,ok
2.6.1,2026-02-17,da,危局强袭,1-3,首领 3,2.6.1,危局强袭 2.6.1,2026-02-13,2026-02-27,grace-howard,Grace Howard,格莉丝·霍华德,异常主C,S,0.29,24187,53,11,2.53,59.85,54.66,6.97,hf_builds,2.6.1/builds.json,https://huggingface.co/datasets/LvlUrArti/ShiyuDataProcessed/resolve/main/2.6.1/builds.json,ok
2.6.2,2026-03-10,da,危局强袭,1-3,首领 3,2.6.2,危局强袭 2.6.2,2026-02-27,2026-03-13,grace-howard,Grace Howard,格莉丝·霍华德,异常主C,S,0.0,0,58,23,2.94,60.0,60.0,6.98,hf_builds,2.6.2/builds.json,https://huggingface.co/datasets/LvlUrArti/ShiyuDataProcessed/resolve/main/2.6.2/builds.json,ok
2.7.1,2026-03-31,da,危局强袭,1-3,首领 3,2.7.1,危局强袭 2.7.1,2026-03-27,2026-04-10,grace-howard,Grace Howard,格莉丝·霍华德,异常主C,S,0.03,0,106,27,2.72,60.0,60.0,7.0,hf_builds,2.7.1/builds.json,https://huggingface.co/datasets/LvlUrArti/ShiyuDataProcessed/resolve/main/2.7.1/builds.json,ok
2.7.2,2026-04-21,da,危局强袭,1-3,首领 3,2.7.2,危局强袭 2.7.2,2026-04-10,2026-04-24,grace-howard,Grace Howard,格莉丝·霍华德,异常主C,S,0.0,0,98,31,2.72,60.0,60.0,7.0,hf_builds,2.7.2/builds.json,https://huggingface.co/datasets/LvlUrArti/ShiyuDataProcessed/resolve/main/2.7.2/builds.json,ok
2.8.1,2026-05-11,da,危局强袭,1-3,首领 3,2.8.1,危局强袭 2.8.1,2026-05-08,2026-05-22,grace-howard,Grace Howard,格莉丝·霍华德,异常主C,S,0.01,0,39,17,2.96,60.0,60.0,7.0,hf_builds,2.8.1/builds.json,https://huggingface.co/datasets/LvlUrArti/ShiyuDataProcessed/resolve/main/2.8.1/builds.json,ok
2.8.2,2026-06-02,da,危局强袭,1-3,首领 3,2.8.2,危局强袭 2.8.2,2026-05-22,2026-06-05,grace-howard,Grace Howard,格莉丝·霍华德,异常主C,S,0.32,15468,82,8,2.36,60.0,60.0,7.0,hf_builds,2.8.2/builds.json,https://huggingface.co/datasets/LvlUrArti/ShiyuDataProcessed/resolve/main/2.8.2/builds.json,ok
2.8.3,2026-06-15,da,危局强袭,1-3,首领 3,2.8.3,危局强袭 2.8.3,2026-06-05,2026-06-19,grace-howard,Grace Howard,格莉丝·霍华德,异常主C,S,0.02,0,24,6,2.62,60.0,60.0,7.0,hf_builds,2.8.3/builds.json,https://huggingface.co/datasets/LvlUrArti/ShiyuDataProcessed/resolve/main/2.8.3/builds.json,ok
3.0.1,2026-06-21,da,危局强袭,1-3,首领 3,3.0.1,危局强袭 3.0.1,2026-06-19,2026-07-03,grace-howard,Grace Howard,格莉丝·霍华德,异常主C,S,0.0,0,89,27,3.15,60.0,60.0,7.0,hf_builds,3.0.1/builds.json,https://huggingface.co/datasets/LvlUrArti/ShiyuDataProcessed/resolve/main/3.0.1/builds.json,ok
2.6.1,2026-02-17,da,危局强袭,1-3,首领 3,2.6.1,危局强袭 2.6.1,2026-02-13,2026-02-27,harumasa,Asaba Harumasa,浅羽 悠真,直伤主C,S,0.01,0,97,65,0.68,60.0,59.68,7.0,hf_builds,2.6.1/builds.json,https://huggingface.co/datasets/LvlUrArti/ShiyuDataProcessed/resolve/main/2.6.1/builds.json,ok
2.6.2,2026-03-10,da,危局强袭,1-3,首领 3,2.6.2,危局强袭 2.6.2,2026-02-27,2026-03-13,harumasa,Asaba Harumasa,浅羽 悠真,直伤主C,S,0.0,0,795,386,0.76,60.0,59.94,7.0,hf_builds,2.6.2/builds.json,https://huggingface.co/datasets/LvlUrArti/ShiyuDataProcessed/resolve/main/2.6.2/builds.json,ok
2.7.1,2026-03-31,da,危局强袭,1-3,首领 3,2.7.1,危局强袭 2.7.1,2026-03-27,2026-04-10,harumasa,Asaba Harumasa,浅羽 悠真,直伤主C,S,0.05,0,75,88,1.87,60.0,60.0,7.0,hf_builds,2.7.1/builds.json,https://huggingface.co/datasets/LvlUrArti/ShiyuDataProcessed/resolve/main/2.7.1/builds.json,ok
2.7.2,2026-04-21,da,危局强袭,1-3,首领 3,2.7.2,危局强袭 2.7.2,2026-04-10,2026-04-24,harumasa,Asaba Harumasa,浅羽 悠真,直伤主C,S,0.01,0,645,342,0.83,60.0,59.44,7.0,hf_builds,2.7.2/builds.json,https://huggingface.co/datasets/LvlUrArti/ShiyuDataProcessed/resolve/main/2.7.2/builds.json,ok
2.8.1,2026-05-11,da,危局强袭,1-3,首领 3,2.8.1,危局强袭 2.8.1,2026-05-08,2026-05-22,harumasa,Asaba Harumasa,浅羽 悠真,直伤主C,S,2.82,23398,417,286,0.82,60.0,59.79,7.0,hf_builds,2.8.1/builds.json,https://huggingface.co/datasets/LvlUrArti/ShiyuDataProcessed/resolve/main/2.8.1/builds.json,ok
2.8.2,2026-06-02,da,危局强袭,1-3,首领 3,2.8.2,危局强袭 2.8.2,2026-05-22,2026-06-05,harumasa,Asaba Harumasa,浅羽 悠真,直伤主C,S,0.43,14796,77,27,1.05,60.0,60.0,7.0,hf_builds,2.8.2/builds.json,https://huggingface.co/datasets/LvlUrArti/ShiyuDataProcessed/resolve/main/2.8.2/builds.json,ok
2.8.3,2026-06-15,da,危局强袭,1-3,首领 3,2.8.3,危局强袭 2.8.3,2026-06-05,2026-06-19,harumasa,Asaba Harumasa,浅羽 悠真,直伤主C,S,2.68,22540,432,129,0.94,60.0,58.55,7.0,hf_builds,2.8.3/builds.json,https://huggingface.co/datasets/LvlUrArti/ShiyuDataProcessed/resolve/main/2.8.3/builds.json,ok
3.0.1,2026-06-21,da,危局强袭,1-3,首领 3,3.0.1,危局强袭 3.0.1,2026-06-19,2026-07-03,harumasa,Asaba Harumasa,浅羽 悠真,直伤主C,S,0.01,0,14,26,2.8,60.0,60.0,7.0,hf_builds,3.0.1/builds.json,https://huggingface.co/datasets/LvlUrArti/ShiyuDataProcessed/resolve/main/3.0.1/builds.json,ok
2.6.1,2026-02-17,da,危局强袭,1-3,首领 3,2.6.1,危局强袭 2.6.1,2026-02-13,2026-02-27,hugo,Hugo Vlad,雨果·维拉德,直伤主C,S,0.18,0,46,54,3.19,60.0,59.56,7.0,hf_builds,2.6.1/builds.json,https://huggingface.co/datasets/LvlUrArti/ShiyuDataProcessed/resolve/main/2.6.1/builds.json,ok
2.6.2,2026-03-10,da,危局强袭,1-3,首领 3,2.6.2,危局强袭 2.6.2,2026-02-27,2026-03-13,hugo,Hugo Vlad,雨果·维拉德,直伤主C,S,0.6,21495,111,153,3.28,60.0,59.68,7.0,hf_builds,2.6.2/builds.json,https://huggingface.co/datasets/LvlUrArti/ShiyuDataProcessed/resolve/main/2.6.2/builds.json,ok
2.7.1,2026-03-31,da,危局强袭,1-3,首领 3,2.7.1,危局强袭 2.7.1,2026-03-27,2026-04-10,hugo,Hugo Vlad,雨果·维拉德,直伤主C,S,2.41,22965,373,424,1.94,60.0,59.32,7.0,hf_builds,2.7.1/builds.json,https://huggingface.co/datasets/LvlUrArti/ShiyuDataProcessed/resolve/main/2.7.1/builds.json,ok
2.7.2,2026-04-21,da,危局强袭,1-3,首领 3,2.7.2,危局强袭 2.7.2,2026-04-10,2026-04-24,hugo,Hugo Vlad,雨果·维拉德,直伤主C,S,0.35,21824,134,188,2.63,60.0,59.86,7.0,hf_builds,2.7.2/builds.json,https://huggingface.co/datasets/LvlUrArti/ShiyuDataProcessed/resolve/main/2.7.2/builds.json,ok
2.8.1,2026-05-11,da,危局强袭,1-3,首领 3,2.8.1,危局强袭 2.8.1,2026-05-08,2026-05-22,hugo,Hugo Vlad,雨果·维拉德,直伤主C,S,0.01,0,106,163,2.52,60.0,60.0,7.0,hf_builds,2.8.1/builds.json,https://huggingface.co/datasets/LvlUrArti/ShiyuDataProcessed/resolve/main/2.8.1/builds.json,ok
2.8.2,2026-06-02,da,危局强袭,1-3,首领 3,2.8.2,危局强袭 2.8.2,2026-05-22,2026-06-05,hugo,Hugo Vlad,雨果·维拉德,直伤主C,S,0.02,0,92,51,2.52,60.0,60.0,7.0,hf_builds,2.8.2/builds.json,https://huggingface.co/datasets/LvlUrArti/ShiyuDataProcessed/resolve/main/2.8.2/builds.json,ok
2.8.3,2026-06-15,da,危局强袭,1-3,首领 3,2.8.3,危局强袭 2.8.3,2026-06-05,2026-06-19,hugo,Hugo Vlad,雨果·维拉德,直伤主C,S,0.01,0,39,44,2.79,60.0,60.0,7.0,hf_builds,2.8.3/builds.json,https://huggingface.co/datasets/LvlUrArti/ShiyuDataProcessed/resolve/main/2.8.3/builds.json,ok
3.0.1,2026-06-21,da,危局强袭,1-3,首领 3,3.0.1,危局强袭 3.0.1,2026-06-19,2026-07-03,hugo,Hugo Vlad,雨果·维拉德,直伤主C,S,0.11,0,369,388,1.8,60.0,59.89,7.0,hf_builds,3.0.1/builds.json,https://huggingface.co/datasets/LvlUrArti/ShiyuDataProcessed/resolve/main/3.0.1/builds.json,ok
2.6.1,2026-02-17,da,危局强袭,1-3,首领 3,2.6.1,危局强袭 2.6.1,2026-02-13,2026-02-27,jane-doe,Jane Doe,简·杜,异常主C,S,2.46,24227,629,298,1.17,60.0,59.91,7.0,hf_builds,2.6.1/builds.json,https://huggingface.co/datasets/LvlUrArti/ShiyuDataProcessed/resolve/main/2.6.1/builds.json,ok
2.6.2,2026-03-10,da,危局强袭,1-3,首领 3,2.6.2,危局强袭 2.6.2,2026-02-27,2026-03-13,jane-doe,Jane Doe,简·杜,异常主C,S,0.0,0,782,597,1.25,60.0,59.96,6.99,hf_builds,2.6.2/builds.json,https://huggingface.co/datasets/LvlUrArti/ShiyuDataProcessed/resolve/main/2.6.2/builds.json,ok
2.7.1,2026-03-31,da,危局强袭,1-3,首领 3,2.7.1,危局强袭 2.7.1,2026-03-27,2026-04-10,jane-doe,Jane Doe,简·杜,异常主C,S,0.09,0,326,340,1.36,60.0,59.97,7.0,hf_builds,2.7.1/builds.json,https://huggingface.co/datasets/LvlUrArti/ShiyuDataProcessed/resolve/main/2.7.1/builds.json,ok
2.7.2,2026-04-21,da,危局强袭,1-3,首领 3,2.7.2,危局强袭 2.7.2,2026-04-10,2026-04-24,jane-doe,Jane Doe,简·杜,异常主C,S,0.0,0,628,437,1.55,60.0,60.0,7.0,hf_builds,2.7.2/builds.json,https://huggingface.co/datasets/LvlUrArti/ShiyuDataProcessed/resolve/main/2.7.2/builds.json,ok
2.8.1,2026-05-11,da,危局强袭,1-3,首领 3,2.8.1,危局强袭 2.8.1,2026-05-08,2026-05-22,jane-doe,Jane Doe,简·杜,异常主C,S,0.09,0,31,45,1.67,60.0,59.85,7.0,hf_builds,2.8.1/builds.json,https://huggingface.co/datasets/LvlUrArti/ShiyuDataProcessed/resolve/main/2.8.1/builds.json,ok
2.8.2,2026-06-02,da,危局强袭,1-3,首领 3,2.8.2,危局强袭 2.8.2,2026-05-22,2026-06-05,jane-doe,Jane Doe,简·杜,异常主C,S,2.37,15334,538,153,1.3,59.97,59.97,7.0,hf_builds,2.8.2/builds.json,https://huggingface.co/datasets/LvlUrArti/ShiyuDataProcessed/resolve/main/2.8.2/builds.json,ok
2.8.3,2026-06-15,da,危局强袭,1-3,首领 3,2.8.3,危局强袭 2.8.3,2026-06-05,2026-06-19,jane-doe,Jane Doe,简·杜,异常主C,S,0.09,0,1313,386,1.15,60.0,59.87,7.0,hf_builds,2.8.3/builds.json,https://huggingface.co/datasets/LvlUrArti/ShiyuDataProcessed/resolve/main/2.8.3/builds.json,ok
3.0.1,2026-06-21,da,危局强袭,1-3,首领 3,3.0.1,危局强袭 3.0.1,2026-06-19,2026-07-03,jane-doe,Jane Doe,简·杜,异常主C,S,0.01,0,1691,1028,0.9,60.0,59.83,7.0,hf_builds,3.0.1/builds.json,https://huggingface.co/datasets/LvlUrArti/ShiyuDataProcessed/resolve/main/3.0.1/builds.json,ok
2.6.1,2026-02-17,da,危局强袭,1-3,首领 3,2.6.1,危局强袭 2.6.1,2026-02-13,2026-02-27,ju-fufu,Ju Fufu,橘福福,辅助,S,0.13,0,6081,618,0.12,60.0,59.37,6.99,hf_builds,2.6.1/builds.json,https://huggingface.co/datasets/LvlUrArti/ShiyuDataProcessed/resolve/main/2.6.1/builds.json,ok
2.6.2,2026-03-10,da,危局强袭,1-3,首领 3,2.6.2,危局强袭 2.6.2,2026-02-27,2026-03-13,ju-fufu,Ju Fufu,橘福福,辅助,S,32.27,29024,6753,990,0.14,59.98,59.58,6.99,hf_builds,2.6.2/builds.json,https://huggingface.co/datasets/LvlUrArti/ShiyuDataProcessed/resolve/main/2.6.2/builds.json,ok
2.7.1,2026-03-31,da,危局强袭,1-3,首领 3,2.7.1,危局强袭 2.7.1,2026-03-27,2026-04-10,ju-fufu,Ju Fufu,橘福福,辅助,S,3.14,30452,4894,875,0.14,59.99,58.88,6.99,hf_builds,2.7.1/builds.json,https://huggingface.co/datasets/LvlUrArti/ShiyuDataProcessed/resolve/main/2.7.1/builds.json,ok
2.7.2,2026-04-21,da,危局强袭,1-3,首领 3,2.7.2,危局强袭 2.7.2,2026-04-10,2026-04-24,ju-fufu,Ju Fufu,橘福福,辅助,S,6.26,24473,4151,583,0.15,60.0,59.57,7.0,hf_builds,2.7.2/builds.json,https://huggingface.co/datasets/LvlUrArti/ShiyuDataProcessed/resolve/main/2.7.2/builds.json,ok
2.8.1,2026-05-11,da,危局强袭,1-3,首领 3,2.8.1,危局强袭 2.8.1,2026-05-08,2026-05-22,ju-fufu,Ju Fufu,橘福福,辅助,S,0.76,24405,4236,672,0.16,60.0,59.61,7.0,hf_builds,2.8.1/builds.json,https://huggingface.co/datasets/LvlUrArti/ShiyuDataProcessed/resolve/main/2.8.1/builds.json,ok
2.8.2,2026-06-02,da,危局强袭,1-3,首领 3,2.8.2,危局强袭 2.8.2,2026-05-22,2026-06-05,ju-fufu,Ju Fufu,橘福福,辅助,S,11.55,17370,3302,253,0.19,60.0,59.73,7.0,hf_builds,2.8.2/builds.json,https://huggingface.co/datasets/LvlUrArti/ShiyuDataProcessed/resolve/main/2.8.2/builds.json,ok
2.8.3,2026-06-15,da,危局强袭,1-3,首领 3,2.8.3,危局强袭 2.8.3,2026-06-05,2026-06-19,ju-fufu,Ju Fufu,橘福福,辅助,S,4.46,23683,2888,266,0.18,60.0,59.89,6.99,hf_builds,2.8.3/builds.json,https://huggingface.co/datasets/LvlUrArti/ShiyuDataProcessed/resolve/main/2.8.3/builds.json,ok
3.0.1,2026-06-21,da,危局强袭,1-3,首领 3,3.0.1,危局强袭 3.0.1,2026-06-19,2026-07-03,ju-fufu,Ju Fufu,橘福福,辅助,S,5.71,27796,3817,600,0.16,60.0,59.8,7.0,hf_builds,3.0.1/builds.json,https://huggingface.co/datasets/LvlUrArti/ShiyuDataProcessed/resolve/main/3.0.1/builds.json,ok
2.6.1,2026-02-17,da,危局强袭,1-3,首领 3,2.6.1,危局强袭 2.6.1,2026-02-13,2026-02-27,koleda,Koleda Belobog,珂蕾妲·贝洛伯格,辅助,S,0.0,0,180,5,2.11,60.0,55.14,6.92,hf_builds,2.6.1/builds.json,https://huggingface.co/datasets/LvlUrArti/ShiyuDataProcessed/resolve/main/2.6.1/builds.json,ok
2.6.2,2026-03-10,da,危局强袭,1-3,首领 3,2.6.2,危局强袭 2.6.2,2026-02-27,2026-03-13,koleda,Koleda Belobog,珂蕾妲·贝洛伯格,辅助,S,1.15,22651,243,11,1.98,60.0,55.63,6.96,hf_builds,2.6.2/builds.json,https://huggingface.co/datasets/LvlUrArti/ShiyuDataProcessed/resolve/main/2.6.2/builds.json,ok
2.7.1,2026-03-31,da,危局强袭,1-3,首领 3,2.7.1,危局强袭 2.7.1,2026-03-27,2026-04-10,koleda,Koleda Belobog,珂蕾妲·贝洛伯格,辅助,S,0.05,0,103,7,2.19,60.0,51.14,7.0,hf_builds,2.7.1/builds.json,https://huggingface.co/datasets/LvlUrArti/ShiyuDataProcessed/resolve/main/2.7.1/builds.json,ok
2.7.2,2026-04-21,da,危局强袭,1-3,首领 3,2.7.2,危局强袭 2.7.2,2026-04-10,2026-04-24,koleda,Koleda Belobog,珂蕾妲·贝洛伯格,辅助,S,0.18,21974,74,4,2.14,60.0,60.0,7.0,hf_builds,2.7.2/builds.json,https://huggingface.co/datasets/LvlUrArti/ShiyuDataProcessed/resolve/main/2.7.2/builds.json,ok
2.8.1,2026-05-11,da,危局强袭,1-3,首领 3,2.8.1,危局强袭 2.8.1,2026-05-08,2026-05-22,koleda,Koleda Belobog,珂蕾妲·贝洛伯格,辅助,S,0.03,0,156,5,2.11,60.0,58.89,7.0,hf_builds,2.8.1/builds.json,https://huggingface.co/datasets/LvlUrArti/ShiyuDataProcessed/resolve/main/2.8.1/builds.json,ok
2.8.2,2026-06-02,da,危局强袭,1-3,首领 3,2.8.2,危局强袭 2.8.2,2026-05-22,2026-06-05,koleda,Koleda Belobog,珂蕾妲·贝洛伯格,辅助,S,0.31,14130,134,4,2.16,60.0,60.0,6.93,hf_builds,2.8.2/builds.json,https://huggingface.co/datasets/LvlUrArti/ShiyuDataProcessed/resolve/main/2.8.2/builds.json,ok
2.8.3,2026-06-15,da,危局强袭,1-3,首领 3,2.8.3,危局强袭 2.8.3,2026-06-05,2026-06-19,koleda,Koleda Belobog,珂蕾妲·贝洛伯格,辅助,S,0.11,0,104,2,2.36,60.0,60.0,7.0,hf_builds,2.8.3/builds.json,https://huggingface.co/datasets/LvlUrArti/ShiyuDataProcessed/resolve/main/2.8.3/builds.json,ok
3.0.1,2026-06-21,da,危局强袭,1-3,首领 3,3.0.1,危局强袭 3.0.1,2026-06-19,2026-07-03,koleda,Koleda Belobog,珂蕾妲·贝洛伯格,辅助,S,0.49,25356,119,9,2.51,60.0,59.49,7.0,hf_builds,3.0.1/builds.json,https://huggingface.co/datasets/LvlUrArti/ShiyuDataProcessed/resolve/main/3.0.1/builds.json,ok
2.6.1,2026-02-17,da,危局强袭,1-3,首领 3,2.6.1,危局强袭 2.6.1,2026-02-13,2026-02-27,lighter,Lighter,莱特,辅助,S,0.29,0,424,156,0.37,60.0,59.62,6.99,hf_builds,2.6.1/builds.json,https://huggingface.co/datasets/LvlUrArti/ShiyuDataProcessed/resolve/main/2.6.1/builds.json,ok
2.6.2,2026-03-10,da,危局强袭,1-3,首领 3,2.6.2,危局强袭 2.6.2,2026-02-27,2026-03-13,lighter,Lighter,莱特,辅助,S,2.43,21821,567,310,0.54,60.0,59.85,7.0,hf_builds,2.6.2/builds.json,https://huggingface.co/datasets/LvlUrArti/ShiyuDataProcessed/resolve/main/2.6.2/builds.json,ok
2.7.1,2026-03-31,da,危局强袭,1-3,首领 3,2.7.1,危局强袭 2.7.1,2026-03-27,2026-04-10,lighter,Lighter,莱特,辅助,S,3.84,22972,730,430,0.59,60.0,59.54,7.0,hf_builds,2.7.1/builds.json,https://huggingface.co/datasets/LvlUrArti/ShiyuDataProcessed/resolve/main/2.7.1/builds.json,ok
2.7.2,2026-04-21,da,危局强袭,1-3,首领 3,2.7.2,危局强袭 2.7.2,2026-04-10,2026-04-24,lighter,Lighter,莱特,辅助,S,1.91,23557,484,258,0.72,60.0,59.87,7.0,hf_builds,2.7.2/builds.json,https://huggingface.co/datasets/LvlUrArti/ShiyuDataProcessed/resolve/main/2.7.2/builds.json,ok
2.8.1,2026-05-11,da,危局强袭,1-3,首领 3,2.8.1,危局强袭 2.8.1,2026-05-08,2026-05-22,lighter,Lighter,莱特,辅助,S,0.26,0,322,208,0.72,60.0,59.56,6.99,hf_builds,2.8.1/builds.json,https://huggingface.co/datasets/LvlUrArti/ShiyuDataProcessed/resolve/main/2.8.1/builds.json,ok
2.8.2,2026-06-02,da,危局强袭,1-3,首领 3,2.8.2,危局强袭 2.8.2,2026-05-22,2026-06-05,lighter,Lighter,莱特,辅助,S,0.12,10172,326,67,0.62,60.0,59.95,6.98,hf_builds,2.8.2/builds.json,https://huggingface.co/datasets/LvlUrArti/ShiyuDataProcessed/resolve/main/2.8.2/builds.json,ok
2.8.3,2026-06-15,da,危局强袭,1-3,首领 3,2.8.3,危局强袭 2.8.3,2026-06-05,2026-06-19,lighter,Lighter,莱特,辅助,S,0.58,22730,271,86,0.53,60.0,59.96,7.0,hf_builds,2.8.3/builds.json,https://huggingface.co/datasets/LvlUrArti/ShiyuDataProcessed/resolve/main/2.8.3/builds.json,ok
3.0.1,2026-06-21,da,危局强袭,1-3,首领 3,3.0.1,危局强袭 3.0.1,2026-06-19,2026-07-03,lighter,Lighter,莱特,辅助,S,0.59,23368,550,331,0.51,60.0,59.88,7.0,hf_builds,3.0.1/builds.json,https://huggingface.co/datasets/LvlUrArti/ShiyuDataProcessed/resolve/main/3.0.1/builds.json,ok
2.6.1,2026-02-17,da,危局强袭,1-3,首领 3,2.6.1,危局强袭 2.6.1,2026-02-13,2026-02-27,lucia,Lucia,卢西娅,辅助,S,0.41,25082,11486,1156,0.13,60.0,58.99,6.99,hf_builds,2.6.1/builds.json,https://huggingface.co/datasets/LvlUrArti/ShiyuDataProcessed/resolve/main/2.6.1/builds.json,ok
2.6.2,2026-03-10,da,危局强袭,1-3,首领 3,2.6.2,危局强袭 2.6.2,2026-02-27,2026-03-13,lucia,Lucia,卢西娅,辅助,S,64.45,29673,13272,1895,0.14,59.99,59.19,6.99,hf_builds,2.6.2/builds.json,https://huggingface.co/datasets/LvlUrArti/ShiyuDataProcessed/resolve/main/2.6.2/builds.json,ok
2.7.1,2026-03-31,da,危局强袭,1-3,首领 3,2.7.1,危局强袭 2.7.1,2026-03-27,2026-04-10,lucia,Lucia,卢西娅,辅助,S,5.79,30927,11079,1782,0.13,60.0,59.1,6.99,hf_builds,2.7.1/builds.json,https://huggingface.co/datasets/LvlUrArti/ShiyuDataProcessed/resolve/main/2.7.1/builds.json,ok
2.7.2,2026-04-21,da,危局强袭,1-3,首领 3,2.7.2,危局强袭 2.7.2,2026-04-10,2026-04-24,lucia,Lucia,卢西娅,辅助,S,11.1,25274,7398,1073,0.15,60.0,59.28,6.99,hf_builds,2.7.2/builds.json,https://huggingface.co/datasets/LvlUrArti/ShiyuDataProcessed/resolve/main/2.7.2/builds.json,ok
2.8.1,2026-05-11,da,危局强袭,1-3,首领 3,2.8.1,危局强袭 2.8.1,2026-05-08,2026-05-22,lucia,Lucia,卢西娅,辅助,S,0.4,22432,11270,1555,0.16,60.0,59.39,6.99,hf_builds,2.8.1/builds.json,https://huggingface.co/datasets/LvlUrArti/ShiyuDataProcessed/resolve/main/2.8.1/builds.json,ok
2.8.2,2026-06-02,da,危局强袭,1-3,首领 3,2.8.2,危局强袭 2.8.2,2026-05-22,2026-06-05,lucia,Lucia,卢西娅,辅助,S,26.47,18550,9190,632,0.21,59.99,59.54,6.99,hf_builds,2.8.2/builds.json,https://huggingface.co/datasets/LvlUrArti/ShiyuDataProcessed/resolve/main/2.8.2/builds.json,ok
2.8.3,2026-06-15,da,危局强袭,1-3,首领 3,2.8.3,危局强袭 2.8.3,2026-06-05,2026-06-19,lucia,Lucia,卢西娅,辅助,S,7.61,24761,9097,652,0.2,60.0,59.54,7.0,hf_builds,2.8.3/builds.json,https://huggingface.co/datasets/LvlUrArti/ShiyuDataProcessed/resolve/main/2.8.3/builds.json,ok
3.0.1,2026-06-21,da,危局强袭,1-3,首领 3,3.0.1,危局强袭 3.0.1,2026-06-19,2026-07-03,lucia,Lucia,卢西娅,辅助,S,23.59,31880,8925,1264,0.17,60.0,59.33,6.99,hf_builds,3.0.1/builds.json,https://huggingface.co/datasets/LvlUrArti/ShiyuDataProcessed/resolve/main/3.0.1/builds.json,ok
2.6.1,2026-02-17,da,危局强袭,1-3,首领 3,2.6.1,危局强袭 2.6.1,2026-02-13,2026-02-27,lucy,Luciana de Montefio,露西亚娜·德·蒙特夫,辅助,A,0.4,21860,169,8,5.98,60.0,59.6,7.0,hf_builds,2.6.1/builds.json,https://huggingface.co/datasets/LvlUrArti/ShiyuDataProcessed/resolve/main/2.6.1/builds.json,ok
2.6.2,2026-03-10,da,危局强袭,1-3,首领 3,2.6.2,危局强袭 2.6.2,2026-02-27,2026-03-13,lucy,Luciana de Montefio,露西亚娜·德·蒙特夫,辅助,A,0.33,22550,139,11,5.96,60.0,60.0,7.0,hf_builds,2.6.2/builds.json,https://huggingface.co/datasets/LvlUrArti/ShiyuDataProcessed/resolve/main/2.6.2/builds.json,ok
2.7.1,2026-03-31,da,危局强袭,1-3,首领 3,2.7.1,危局强袭 2.7.1,2026-03-27,2026-04-10,lucy,Luciana de Montefio,露西亚娜·德·蒙特夫,辅助,A,0.36,21825,83,16,5.99,60.0,60.0,7.0,hf_builds,2.7.1/builds.json,https://huggingface.co/datasets/LvlUrArti/ShiyuDataProcessed/resolve/main/2.7.1/builds.json,ok
2.7.2,2026-04-21,da,危局强袭,1-3,首领 3,2.7.2,危局强袭 2.7.2,2026-04-10,2026-04-24,lucy,Luciana de Montefio,露西亚娜·德·蒙特夫,辅助,A,0.28,21595,82,9,6.0,60.0,57.25,7.0,hf_builds,2.7.2/builds.json,https://huggingface.co/datasets/LvlUrArti/ShiyuDataProcessed/resolve/main/2.7.2/builds.json,ok
2.8.1,2026-05-11,da,危局强袭,1-3,首领 3,2.8.1,危局强袭 2.8.1,2026-05-08,2026-05-22,lucy,Luciana de Montefio,露西亚娜·德·蒙特夫,辅助,A,0.14,21661,39,6,6.0,60.0,60.0,7.0,hf_builds,2.8.1/builds.json,https://huggingface.co/datasets/LvlUrArti/ShiyuDataProcessed/resolve/main/2.8.1/builds.json,ok
2.8.2,2026-06-02,da,危局强袭,1-3,首领 3,2.8.2,危局强袭 2.8.2,2026-05-22,2026-06-05,lucy,Luciana de Montefio,露西亚娜·德·蒙特夫,辅助,A,0.21,12560,137,2,5.98,60.0,60.0,7.0,hf_builds,2.8.2/builds.json,https://huggingface.co/datasets/LvlUrArti/ShiyuDataProcessed/resolve/main/2.8.2/builds.json,ok
2.8.3,2026-06-15,da,危局强袭,1-3,首领 3,2.8.3,危局强袭 2.8.3,2026-06-05,2026-06-19,lucy,Luciana de Montefio,露西亚娜·德·蒙特夫,辅助,A,0.19,22581,60,4,5.99,60.0,58.87,6.88,hf_builds,2.8.3/builds.json,https://huggingface.co/datasets/LvlUrArti/ShiyuDataProcessed/resolve/main/2.8.3/builds.json,ok
3.0.1,2026-06-21,da,危局强袭,1-3,首领 3,3.0.1,危局强袭 3.0.1,2026-06-19,2026-07-03,lucy,Luciana de Montefio,露西亚娜·德·蒙特夫,辅助,A,0.12,0,48,6,5.99,60.0,60.0,7.0,hf_builds,3.0.1/builds.json,https://huggingface.co/datasets/LvlUrArti/ShiyuDataProcessed/resolve/main/3.0.1/builds.json,ok
2.6.1,2026-02-17,da,危局强袭,1-3,首领 3,2.6.1,危局强袭 2.6.1,2026-02-13,2026-02-27,lycaon,Von Lycaon,冯·莱卡恩,辅助,S,2.19,23422,409,69,2.12,60.0,59.85,7.0,hf_builds,2.6.1/builds.json,https://huggingface.co/datasets/LvlUrArti/ShiyuDataProcessed/resolve/main/2.6.1/builds.json,ok
2.6.2,2026-03-10,da,危局强袭,1-3,首领 3,2.6.2,危局强袭 2.6.2,2026-02-27,2026-03-13,lycaon,Von Lycaon,冯·莱卡恩,辅助,S,7.43,29876,1656,179,2.18,60.0,58.55,6.97,hf_builds,2.6.2/builds.json,https://huggingface.co/datasets/LvlUrArti/ShiyuDataProcessed/resolve/main/2.6.2/builds.json,ok
2.7.1,2026-03-31,da,危局强袭,1-3,首领 3,2.7.1,危局强袭 2.7.1,2026-03-27,2026-04-10,lycaon,Von Lycaon,冯·莱卡恩,辅助,S,8.14,24432,1759,349,2.28,59.99,58.84,6.97,hf_builds,2.7.1/builds.json,https://huggingface.co/datasets/LvlUrArti/ShiyuDataProcessed/resolve/main/2.7.1/builds.json,ok
2.7.2,2026-04-21,da,危局强袭,1-3,首领 3,2.7.2,危局强袭 2.7.2,2026-04-10,2026-04-24,lycaon,Von Lycaon,冯·莱卡恩,辅助,S,3.73,23495,939,144,2.28,59.98,58.95,6.98,hf_builds,2.7.2/builds.json,https://huggingface.co/datasets/LvlUrArti/ShiyuDataProcessed/resolve/main/2.7.2/builds.json,ok
2.8.1,2026-05-11,da,危局强袭,1-3,首领 3,2.8.1,危局强袭 2.8.1,2026-05-08,2026-05-22,lycaon,Von Lycaon,冯·莱卡恩,辅助,S,0.1,0,968,127,2.21,59.99,59.37,6.98,hf_builds,2.8.1/builds.json,https://huggingface.co/datasets/LvlUrArti/ShiyuDataProcessed/resolve/main/2.8.1/builds.json,ok
2.8.2,2026-06-02,da,危局强袭,1-3,首领 3,2.8.2,危局强袭 2.8.2,2026-05-22,2026-06-05,lycaon,Von Lycaon,冯·莱卡恩,辅助,S,2.44,20452,1423,76,2.26,60.0,59.75,6.99,hf_builds,2.8.2/builds.json,https://huggingface.co/datasets/LvlUrArti/ShiyuDataProcessed/resolve/main/2.8.2/builds.json,ok
2.8.3,2026-06-15,da,危局强袭,1-3,首领 3,2.8.3,危局强袭 2.8.3,2026-06-05,2026-06-19,lycaon,Von Lycaon,冯·莱卡恩,辅助,S,0.15,22752,811,71,2.39,60.0,59.7,7.0,hf_builds,2.8.3/builds.json,https://huggingface.co/datasets/LvlUrArti/ShiyuDataProcessed/resolve/main/2.8.3/builds.json,ok
3.0.1,2026-06-21,da,危局强袭,1-3,首领 3,3.0.1,危局强袭 3.0.1,2026-06-19,2026-07-03,lycaon,Von Lycaon,冯·莱卡恩,辅助,S,2.22,28576,1078,249,2.48,60.0,59.87,6.98,hf_builds,3.0.1/builds.json,https://huggingface.co/datasets/LvlUrArti/ShiyuDataProcessed/resolve/main/3.0.1/builds.json,ok
2.6.1,2026-02-17,da,危局强袭,1-3,首领 3,2.6.1,危局强袭 2.6.1,2026-02-13,2026-02-27,manato,Komano Manato,狛野真斗,直伤主C,A,0.0,0,201,53,5.76,60.0,60.0,7.0,hf_builds,2.6.1/builds.json,https://huggingface.co/datasets/LvlUrArti/ShiyuDataProcessed/resolve/main/2.6.1/builds.json,ok
2.6.2,2026-03-10,da,危局强袭,1-3,首领 3,2.6.2,危局强袭 2.6.2,2026-02-27,2026-03-13,manato,Komano Manato,狛野真斗,直伤主C,A,3.21,23150,585,184,5.74,60.0,60.0,7.0,hf_builds,2.6.2/builds.json,https://huggingface.co/datasets/LvlUrArti/ShiyuDataProcessed/resolve/main/2.6.2/builds.json,ok
2.7.1,2026-03-31,da,危局强袭,1-3,首领 3,2.7.1,危局强袭 2.7.1,2026-03-27,2026-04-10,manato,Komano Manato,狛野真斗,直伤主C,A,0.0,0,121,67,5.78,60.0,60.0,7.0,hf_builds,2.7.1/builds.json,https://huggingface.co/datasets/LvlUrArti/ShiyuDataProcessed/resolve/main/2.7.1/builds.json,ok
2.7.2,2026-04-21,da,危局强袭,1-3,首领 3,2.7.2,危局强袭 2.7.2,2026-04-10,2026-04-24,manato,Komano Manato,狛野真斗,直伤主C,A,0.15,21760,30,17,5.92,60.0,60.0,7.0,hf_builds,2.7.2/builds.json,https://huggingface.co/datasets/LvlUrArti/ShiyuDataProcessed/resolve/main/2.7.2/builds.json,ok
2.8.1,2026-05-11,da,危局强袭,1-3,首领 3,2.8.1,危局强袭 2.8.1,2026-05-08,2026-05-22,manato,Komano Manato,狛野真斗,直伤主C,A,0.0,0,310,137,5.8,60.0,60.0,7.0,hf_builds,2.8.1/builds.json,https://huggingface.co/datasets/LvlUrArti/ShiyuDataProcessed/resolve/main/2.8.1/builds.json,ok
2.8.2,2026-06-02,da,危局强袭,1-3,首领 3,2.8.2,危局强袭 2.8.2,2026-05-22,2026-06-05,manato,Komano Manato,狛野真斗,直伤主C,A,0.01,0,58,11,5.85,60.0,60.0,7.0,hf_builds,2.8.2/builds.json,https://huggingface.co/datasets/LvlUrArti/ShiyuDataProcessed/resolve/main/2.8.2/builds.json,ok
2.8.3,2026-06-15,da,危局强袭,1-3,首领 3,2.8.3,危局强袭 2.8.3,2026-06-05,2026-06-19,manato,Komano Manato,狛野真斗,直伤主C,A,0.01,0,18,7,5.98,60.0,60.0,7.0,hf_builds,2.8.3/builds.json,https://huggingface.co/datasets/LvlUrArti/ShiyuDataProcessed/resolve/main/2.8.3/builds.json,ok
3.0.1,2026-06-21,da,危局强袭,1-3,首领 3,3.0.1,危局强袭 3.0.1,2026-06-19,2026-07-03,manato,Komano Manato,狛野真斗,直伤主C,A,0.13,0,18,13,5.99,60.0,60.0,7.0,hf_builds,3.0.1/builds.json,https://huggingface.co/datasets/LvlUrArti/ShiyuDataProcessed/resolve/main/3.0.1/builds.json,ok
2.6.1,2026-02-17,da,危局强袭,1-3,首领 3,2.6.1,危局强袭 2.6.1,2026-02-13,2026-02-27,miyabi,Hoshimi Miyabi,星见 雅,异常主C,S,78.59,27346,12897,5926,1.08,60.0,59.99,7.0,hf_builds,2.6.1/builds.json,https://huggingface.co/datasets/LvlUrArti/ShiyuDataProcessed/resolve/main/2.6.1/builds.json,ok
2.6.2,2026-03-10,da,危局强袭,1-3,首领 3,2.6.2,危局强袭 2.6.2,2026-02-27,2026-03-13,miyabi,Hoshimi Miyabi,星见 雅,异常主C,S,11.02,20989,2055,2301,1.84,60.0,59.98,7.0,hf_builds,2.6.2/builds.json,https://huggingface.co/datasets/LvlUrArti/ShiyuDataProcessed/resolve/main/2.6.2/builds.json,ok
2.7.1,2026-03-31,da,危局强袭,1-3,首领 3,2.7.1,危局强袭 2.7.1,2026-03-27,2026-04-10,miyabi,Hoshimi Miyabi,星见 雅,异常主C,S,57.01,26661,10497,8925,1.17,60.0,59.98,7.0,hf_builds,2.7.1/builds.json,https://huggingface.co/datasets/LvlUrArti/ShiyuDataProcessed/resolve/main/2.7.1/builds.json,ok
2.7.2,2026-04-21,da,危局强袭,1-3,首领 3,2.7.2,危局强袭 2.7.2,2026-04-10,2026-04-24,miyabi,Hoshimi Miyabi,星见 雅,异常主C,S,2.51,22587,3608,3361,1.5,60.0,59.99,7.0,hf_builds,2.7.2/builds.json,https://huggingface.co/datasets/LvlUrArti/ShiyuDataProcessed/resolve/main/2.7.2/builds.json,ok
2.8.1,2026-05-11,da,危局强袭,1-3,首领 3,2.8.1,危局强袭 2.8.1,2026-05-08,2026-05-22,miyabi,Hoshimi Miyabi,星见 雅,异常主C,S,0.0,0,7767,6980,1.24,60.0,59.95,7.0,hf_builds,2.8.1/builds.json,https://huggingface.co/datasets/LvlUrArti/ShiyuDataProcessed/resolve/main/2.8.1/builds.json,ok
2.8.2,2026-06-02,da,危局强袭,1-3,首领 3,2.8.2,危局强袭 2.8.2,2026-05-22,2026-06-05,miyabi,Hoshimi Miyabi,星见 雅,异常主C,S,0.5,15167,10802,4348,1.12,60.0,59.98,7.0,hf_builds,2.8.2/builds.json,https://huggingface.co/datasets/LvlUrArti/ShiyuDataProcessed/resolve/main/2.8.2/builds.json,ok
2.8.3,2026-06-15,da,危局强袭,1-3,首领 3,2.8.3,危局强袭 2.8.3,2026-06-05,2026-06-19,miyabi,Hoshimi Miyabi,星见 雅,异常主C,S,0.14,0,5628,2551,1.27,60.0,59.98,7.0,hf_builds,2.8.3/builds.json,https://huggingface.co/datasets/LvlUrArti/ShiyuDataProcessed/resolve/main/2.8.3/builds.json,ok
3.0.1,2026-06-21,da,危局强袭,1-3,首领 3,3.0.1,危局强袭 3.0.1,2026-06-19,2026-07-03,miyabi,Hoshimi Miyabi,星见 雅,异常主C,S,0.36,22535,5304,5334,1.28,60.0,59.95,7.0,hf_builds,3.0.1/builds.json,https://huggingface.co/datasets/LvlUrArti/ShiyuDataProcessed/resolve/main/3.0.1/builds.json,ok
2.7.1,2026-03-31,da,危局强袭,1-3,首领 3,2.7.1,危局强袭 2.7.1,2026-03-27,2026-04-10,nangong-yu,Nangong Yu,南宫羽,辅助,S,7.09,36790,7531,2868,0.08,59.97,59.52,6.83,hf_builds,2.7.1/builds.json,https://huggingface.co/datasets/LvlUrArti/ShiyuDataProcessed/resolve/main/2.7.1/builds.json,ok
2.7.2,2026-04-21,da,危局强袭,1-3,首领 3,2.7.2,危局强袭 2.7.2,2026-04-10,2026-04-24,nangong-yu,Nangong Yu,南宫羽,辅助,S,1.56,23297,11119,3659,0.11,60.0,59.78,6.98,hf_builds,2.7.2/builds.json,https://huggingface.co/datasets/LvlUrArti/ShiyuDataProcessed/resolve/main/2.7.2/builds.json,ok
2.8.1,2026-05-11,da,危局强袭,1-3,首领 3,2.8.1,危局强袭 2.8.1,2026-05-08,2026-05-22,nangong-yu,Nangong Yu,南宫羽,辅助,S,0.15,0,7640,3174,0.12,60.0,59.77,6.99,hf_builds,2.8.1/builds.json,https://huggingface.co/datasets/LvlUrArti/ShiyuDataProcessed/resolve/main/2.8.1/builds.json,ok
2.8.2,2026-06-02,da,危局强袭,1-3,首领 3,2.8.2,危局强袭 2.8.2,2026-05-22,2026-06-05,nangong-yu,Nangong Yu,南宫羽,辅助,S,40.12,27272,11306,2193,0.12,60.0,59.92,6.99,hf_builds,2.8.2/builds.json,https://huggingface.co/datasets/LvlUrArti/ShiyuDataProcessed/resolve/main/2.8.2/builds.json,ok
2.8.3,2026-06-15,da,危局强袭,1-3,首领 3,2.8.3,危局强袭 2.8.3,2026-06-05,2026-06-19,nangong-yu,Nangong Yu,南宫羽,辅助,S,0.35,23533,8975,1666,0.12,60.0,59.93,6.99,hf_builds,2.8.3/builds.json,https://huggingface.co/datasets/LvlUrArti/ShiyuDataProcessed/resolve/main/2.8.3/builds.json,ok
3.0.1,2026-06-21,da,危局强袭,1-3,首领 3,3.0.1,危局强袭 3.0.1,2026-06-19,2026-07-03,nangong-yu,Nangong Yu,南宫羽,辅助,S,0.33,22649,4998,2145,0.13,60.0,59.86,6.99,hf_builds,3.0.1/builds.json,https://huggingface.co/datasets/LvlUrArti/ShiyuDataProcessed/resolve/main/3.0.1/builds.json,ok
2.6.1,2026-02-17,da,危局强袭,1-3,首领 3,2.6.1,危局强袭 2.6.1,2026-02-13,2026-02-27,nekomata,Nekomiya Mana,猫宫 又奈,直伤主C,S,0.0,0,91,34,3.42,60.0,58.98,7.0,hf_builds,2.6.1/builds.json,https://huggingface.co/datasets/LvlUrArti/ShiyuDataProcessed/resolve/main/2.6.1/builds.json,ok
2.6.2,2026-03-10,da,危局强袭,1-3,首领 3,2.6.2,危局强袭 2.6.2,2026-02-27,2026-03-13,nekomata,Nekomiya Mana,猫宫 又奈,直伤主C,S,0.0,0,75,39,3.48,60.0,60.0,6.99,hf_builds,2.6.2/builds.json,https://huggingface.co/datasets/LvlUrArti/ShiyuDataProcessed/resolve/main/2.6.2/builds.json,ok
2.7.1,2026-03-31,da,危局强袭,1-3,首领 3,2.7.1,危局强袭 2.7.1,2026-03-27,2026-04-10,nekomata,Nekomiya Mana,猫宫 又奈,直伤主C,S,0.01,0,23,21,3.97,60.0,60.0,7.0,hf_builds,2.7.1/builds.json,https://huggingface.co/datasets/LvlUrArti/ShiyuDataProcessed/resolve/main/2.7.1/builds.json,ok
2.7.2,2026-04-21,da,危局强袭,1-3,首领 3,2.7.2,危局强袭 2.7.2,2026-04-10,2026-04-24,nekomata,Nekomiya Mana,猫宫 又奈,直伤主C,S,0.26,23256,65,42,3.71,60.0,60.0,6.99,hf_builds,2.7.2/builds.json,https://huggingface.co/datasets/LvlUrArti/ShiyuDataProcessed/resolve/main/2.7.2/builds.json,ok
2.8.1,2026-05-11,da,危局强袭,1-3,首领 3,2.8.1,危局强袭 2.8.1,2026-05-08,2026-05-22,nekomata,Nekomiya Mana,猫宫 又奈,直伤主C,S,0.26,24317,38,33,4.3,60.0,60.0,7.0,hf_builds,2.8.1/builds.json,https://huggingface.co/datasets/LvlUrArti/ShiyuDataProcessed/resolve/main/2.8.1/builds.json,ok
2.8.2,2026-06-02,da,危局强袭,1-3,首领 3,2.8.2,危局强袭 2.8.2,2026-05-22,2026-06-05,nekomata,Nekomiya Mana,猫宫 又奈,直伤主C,S,0.04,0,37,18,3.98,60.0,58.52,7.0,hf_builds,2.8.2/builds.json,https://huggingface.co/datasets/LvlUrArti/ShiyuDataProcessed/resolve/main/2.8.2/builds.json,ok
2.8.3,2026-06-15,da,危局强袭,1-3,首领 3,2.8.3,危局强袭 2.8.3,2026-06-05,2026-06-19,nekomata,Nekomiya Mana,猫宫 又奈,直伤主C,S,0.25,24075,61,24,4.05,60.0,58.78,7.0,hf_builds,2.8.3/builds.json,https://huggingface.co/datasets/LvlUrArti/ShiyuDataProcessed/resolve/main/2.8.3/builds.json,ok
3.0.1,2026-06-21,da,危局强袭,1-3,首领 3,3.0.1,危局强袭 3.0.1,2026-06-19,2026-07-03,nekomata,Nekomiya Mana,猫宫 又奈,直伤主C,S,0.16,24022,25,30,4.36,60.0,60.0,7.0,hf_builds,3.0.1/builds.json,https://huggingface.co/datasets/LvlUrArti/ShiyuDataProcessed/resolve/main/3.0.1/builds.json,ok
2.6.1,2026-02-17,da,危局强袭,1-3,首领 3,2.6.1,危局强袭 2.6.1,2026-02-13,2026-02-27,nicole-demara,Nicole Demara,妮可·德玛拉,辅助,A,2.45,23099,849,39,5.99,60.0,59.7,6.95,hf_builds,2.6.1/builds.json,https://huggingface.co/datasets/LvlUrArti/ShiyuDataProcessed/resolve/main/2.6.1/builds.json,ok
2.6.2,2026-03-10,da,危局强袭,1-3,首领 3,2.6.2,危局强袭 2.6.2,2026-02-27,2026-03-13,nicole-demara,Nicole Demara,妮可·德玛拉,辅助,A,1.24,21387,700,31,5.99,59.95,59.72,6.95,hf_builds,2.6.2/builds.json,https://huggingface.co/datasets/LvlUrArti/ShiyuDataProcessed/resolve/main/2.6.2/builds.json,ok
2.7.1,2026-03-31,da,危局强袭,1-3,首领 3,2.7.1,危局强袭 2.7.1,2026-03-27,2026-04-10,nicole-demara,Nicole Demara,妮可·德玛拉,辅助,A,2.76,24260,658,52,6.0,59.91,58.99,6.98,hf_builds,2.7.1/builds.json,https://huggingface.co/datasets/LvlUrArti/ShiyuDataProcessed/resolve/main/2.7.1/builds.json,ok
2.7.2,2026-04-21,da,危局强袭,1-3,首领 3,2.7.2,危局强袭 2.7.2,2026-04-10,2026-04-24,nicole-demara,Nicole Demara,妮可·德玛拉,辅助,A,0.95,22909,559,48,6.0,60.0,59.39,7.0,hf_builds,2.7.2/builds.json,https://huggingface.co/datasets/LvlUrArti/ShiyuDataProcessed/resolve/main/2.7.2/builds.json,ok
2.8.1,2026-05-11,da,危局强袭,1-3,首领 3,2.8.1,危局强袭 2.8.1,2026-05-08,2026-05-22,nicole-demara,Nicole Demara,妮可·德玛拉,辅助,A,1.13,23614,310,27,5.99,60.0,59.22,7.0,hf_builds,2.8.1/builds.json,https://huggingface.co/datasets/LvlUrArti/ShiyuDataProcessed/resolve/main/2.8.1/builds.json,ok
2.8.2,2026-06-02,da,危局强袭,1-3,首领 3,2.8.2,危局强袭 2.8.2,2026-05-22,2026-06-05,nicole-demara,Nicole Demara,妮可·德玛拉,辅助,A,1.26,15161,659,19,5.99,60.0,59.35,7.0,hf_builds,2.8.2/builds.json,https://huggingface.co/datasets/LvlUrArti/ShiyuDataProcessed/resolve/main/2.8.2/builds.json,ok
2.8.3,2026-06-15,da,危局强袭,1-3,首领 3,2.8.3,危局强袭 2.8.3,2026-06-05,2026-06-19,nicole-demara,Nicole Demara,妮可·德玛拉,辅助,A,1.25,24037,422,18,6.0,60.0,59.73,7.0,hf_builds,2.8.3/builds.json,https://huggingface.co/datasets/LvlUrArti/ShiyuDataProcessed/resolve/main/2.8.3/builds.json,ok
3.0.1,2026-06-21,da,危局强袭,1-3,首领 3,3.0.1,危局强袭 3.0.1,2026-06-19,2026-07-03,nicole-demara,Nicole Demara,妮可·德玛拉,辅助,A,0.59,23875,606,39,6.0,60.0,58.84,7.0,hf_builds,3.0.1/builds.json,https://huggingface.co/datasets/LvlUrArti/ShiyuDataProcessed/resolve/main/3.0.1/builds.json,ok
2.6.1,2026-02-17,da,危局强袭,1-3,首领 3,2.6.1,危局强袭 2.6.1,2026-02-13,2026-02-27,orphie-and-magus,"Orphie Magnusson & ""Magus""",奥菲丝·马格努森 & 「鬼火」,直伤主C,S,0.23,0,573,246,0.14,59.99,59.77,6.99,hf_builds,2.6.1/builds.json,https://huggingface.co/datasets/LvlUrArti/ShiyuDataProcessed/resolve/main/2.6.1/builds.json,ok
2.6.2,2026-03-10,da,危局强袭,1-3,首领 3,2.6.2,危局强袭 2.6.2,2026-02-27,2026-03-13,orphie-and-magus,"Orphie Magnusson & ""Magus""",奥菲丝·马格努森 & 「鬼火」,直伤主C,S,1.17,22766,3062,1090,0.15,59.99,59.93,6.99,hf_builds,2.6.2/builds.json,https://huggingface.co/datasets/LvlUrArti/ShiyuDataProcessed/resolve/main/2.6.2/builds.json,ok
2.7.1,2026-03-31,da,危局强袭,1-3,首领 3,2.7.1,危局强袭 2.7.1,2026-03-27,2026-04-10,orphie-and-magus,"Orphie Magnusson & ""Magus""",奥菲丝·马格努森 & 「鬼火」,直伤主C,S,0.81,22443,352,274,0.37,60.0,59.82,7.0,hf_builds,2.7.1/builds.json,https://huggingface.co/datasets/LvlUrArti/ShiyuDataProcessed/resolve/main/2.7.1/builds.json,ok
2.7.2,2026-04-21,da,危局强袭,1-3,首领 3,2.7.2,危局强袭 2.7.2,2026-04-10,2026-04-24,orphie-and-magus,"Orphie Magnusson & ""Magus""",奥菲丝·马格努森 & 「鬼火」,直伤主C,S,0.47,23367,3543,990,0.14,60.0,59.78,7.0,hf_builds,2.7.2/builds.json,https://huggingface.co/datasets/LvlUrArti/ShiyuDataProcessed/resolve/main/2.7.2/builds.json,ok
2.8.1,2026-05-11,da,危局强袭,1-3,首领 3,2.8.1,危局强袭 2.8.1,2026-05-08,2026-05-22,orphie-and-magus,"Orphie Magnusson & ""Magus""",奥菲丝·马格努森 & 「鬼火」,直伤主C,S,9.9,27637,1690,742,0.15,60.0,59.82,7.0,hf_builds,2.8.1/builds.json,https://huggingface.co/datasets/LvlUrArti/ShiyuDataProcessed/resolve/main/2.8.1/builds.json,ok
2.8.2,2026-06-02,da,危局强袭,1-3,首领 3,2.8.2,危局强袭 2.8.2,2026-05-22,2026-06-05,orphie-and-magus,"Orphie Magnusson & ""Magus""",奥菲丝·马格努森 & 「鬼火」,直伤主C,S,0.64,14816,227,50,0.24,60.0,60.0,7.0,hf_builds,2.8.2/builds.json,https://huggingface.co/datasets/LvlUrArti/ShiyuDataProcessed/resolve/main/2.8.2/builds.json,ok
2.8.3,2026-06-15,da,危局强袭,1-3,首领 3,2.8.3,危局强袭 2.8.3,2026-06-05,2026-06-19,orphie-and-magus,"Orphie Magnusson & ""Magus""",奥菲丝·马格努森 & 「鬼火」,直伤主C,S,15.7,25952,2563,424,0.25,60.0,59.88,7.0,hf_builds,2.8.3/builds.json,https://huggingface.co/datasets/LvlUrArti/ShiyuDataProcessed/resolve/main/2.8.3/builds.json,ok
3.0.1,2026-06-21,da,危局强袭,1-3,首领 3,3.0.1,危局强袭 3.0.1,2026-06-19,2026-07-03,orphie-and-magus,"Orphie Magnusson & ""Magus""",奥菲丝·马格努森 & 「鬼火」,直伤主C,S,0.23,22042,217,180,0.38,60.0,58.9,6.99,hf_builds,3.0.1/builds.json,https://huggingface.co/datasets/LvlUrArti/ShiyuDataProcessed/resolve/main/3.0.1/builds.json,ok
2.6.1,2026-02-17,da,危局强袭,1-3,首领 3,2.6.1,危局强袭 2.6.1,2026-02-13,2026-02-27,pan-yinhu,Pan Yinhu,潘引壶,辅助,A,0.04,0,2388,44,5.53,60.0,59.75,6.91,hf_builds,2.6.1/builds.json,https://huggingface.co/datasets/LvlUrArti/ShiyuDataProcessed/resolve/main/2.6.1/builds.json,ok
2.6.2,2026-03-10,da,危局强袭,1-3,首领 3,2.6.2,危局强袭 2.6.2,2026-02-27,2026-03-13,pan-yinhu,Pan Yinhu,潘引壶,辅助,A,10.63,24014,2211,56,5.58,59.9,59.09,6.87,hf_builds,2.6.2/builds.json,https://huggingface.co/datasets/LvlUrArti/ShiyuDataProcessed/resolve/main/2.6.2/builds.json,ok
2.7.1,2026-03-31,da,危局强袭,1-3,首领 3,2.7.1,危局强袭 2.7.1,2026-03-27,2026-04-10,pan-yinhu,Pan Yinhu,潘引壶,辅助,A,0.71,24162,1794,58,5.64,60.0,58.7,6.91,hf_builds,2.7.1/builds.json,https://huggingface.co/datasets/LvlUrArti/ShiyuDataProcessed/resolve/main/2.7.1/builds.json,ok
2.7.2,2026-04-21,da,危局强袭,1-3,首领 3,2.7.2,危局强袭 2.7.2,2026-04-10,2026-04-24,pan-yinhu,Pan Yinhu,潘引壶,辅助,A,0.91,21704,821,25,5.72,60.0,59.69,6.95,hf_builds,2.7.2/builds.json,https://huggingface.co/datasets/LvlUrArti/ShiyuDataProcessed/resolve/main/2.7.2/builds.json,ok
2.8.1,2026-05-11,da,危局强袭,1-3,首领 3,2.8.1,危局强袭 2.8.1,2026-05-08,2026-05-22,pan-yinhu,Pan Yinhu,潘引壶,辅助,A,0.12,0,894,29,5.73,60.0,60.0,6.97,hf_builds,2.8.1/builds.json,https://huggingface.co/datasets/LvlUrArti/ShiyuDataProcessed/resolve/main/2.8.1/builds.json,ok
2.8.2,2026-06-02,da,危局强袭,1-3,首领 3,2.8.2,危局强袭 2.8.2,2026-05-22,2026-06-05,pan-yinhu,Pan Yinhu,潘引壶,辅助,A,3.78,14318,1068,14,5.71,60.0,60.0,6.96,hf_builds,2.8.2/builds.json,https://huggingface.co/datasets/LvlUrArti/ShiyuDataProcessed/resolve/main/2.8.2/builds.json,ok
2.8.3,2026-06-15,da,危局强袭,1-3,首领 3,2.8.3,危局强袭 2.8.3,2026-06-05,2026-06-19,pan-yinhu,Pan Yinhu,潘引壶,辅助,A,1.06,23794,737,19,5.86,60.0,60.0,6.95,hf_builds,2.8.3/builds.json,https://huggingface.co/datasets/LvlUrArti/ShiyuDataProcessed/resolve/main/2.8.3/builds.json,ok
3.0.1,2026-06-21,da,危局强袭,1-3,首领 3,3.0.1,危局强袭 3.0.1,2026-06-19,2026-07-03,pan-yinhu,Pan Yinhu,潘引壶,辅助,A,2.08,25509,944,32,5.84,59.84,59.67,6.93,hf_builds,3.0.1/builds.json,https://huggingface.co/datasets/LvlUrArti/ShiyuDataProcessed/resolve/main/3.0.1/builds.json,ok
2.6.1,2026-02-17,da,危局强袭,1-3,首领 3,2.6.1,危局强袭 2.6.1,2026-02-13,2026-02-27,piper,Piper Wheel,派派·韦尔,异常主C,A,0.37,22973,86,19,5.99,60.0,60.0,7.0,hf_builds,2.6.1/builds.json,https://huggingface.co/datasets/LvlUrArti/ShiyuDataProcessed/resolve/main/2.6.1/builds.json,ok
2.6.2,2026-03-10,da,危局强袭,1-3,首领 3,2.6.2,危局强袭 2.6.2,2026-02-27,2026-03-13,piper,Piper Wheel,派派·韦尔,异常主C,A,0.01,0,93,21,5.97,60.0,60.0,7.0,hf_builds,2.6.2/builds.json,https://huggingface.co/datasets/LvlUrArti/ShiyuDataProcessed/resolve/main/2.6.2/builds.json,ok
2.7.1,2026-03-31,da,危局强袭,1-3,首领 3,2.7.1,危局强袭 2.7.1,2026-03-27,2026-04-10,piper,Piper Wheel,派派·韦尔,异常主C,A,0.05,0,58,17,5.98,60.0,60.0,6.98,hf_builds,2.7.1/builds.json,https://huggingface.co/datasets/LvlUrArti/ShiyuDataProcessed/resolve/main/2.7.1/builds.json,ok
2.7.2,2026-04-21,da,危局强袭,1-3,首领 3,2.7.2,危局强袭 2.7.2,2026-04-10,2026-04-24,piper,Piper Wheel,派派·韦尔,异常主C,A,0.0,0,83,18,6.0,60.0,60.0,7.0,hf_builds,2.7.2/builds.json,https://huggingface.co/datasets/LvlUrArti/ShiyuDataProcessed/resolve/main/2.7.2/builds.json,ok
2.8.1,2026-05-11,da,危局强袭,1-3,首领 3,2.8.1,危局强袭 2.8.1,2026-05-08,2026-05-22,piper,Piper Wheel,派派·韦尔,异常主C,A,0.01,0,2,2,6.0,60.0,60.0,7.0,hf_builds,2.8.1/builds.json,https://huggingface.co/datasets/LvlUrArti/ShiyuDataProcessed/resolve/main/2.8.1/builds.json,ok
2.8.2,2026-06-02,da,危局强袭,1-3,首领 3,2.8.2,危局强袭 2.8.2,2026-05-22,2026-06-05,piper,Piper Wheel,派派·韦尔,异常主C,A,0.38,15067,111,10,5.99,60.0,60.0,7.0,hf_builds,2.8.2/builds.json,https://huggingface.co/datasets/LvlUrArti/ShiyuDataProcessed/resolve/main/2.8.2/builds.json,ok
2.8.3,2026-06-15,da,危局强袭,1-3,首领 3,2.8.3,危局强袭 2.8.3,2026-06-05,2026-06-19,piper,Piper Wheel,派派·韦尔,异常主C,A,0.01,0,107,17,6.0,60.0,60.0,7.0,hf_builds,2.8.3/builds.json,https://huggingface.co/datasets/LvlUrArti/ShiyuDataProcessed/resolve/main/2.8.3/builds.json,ok
3.0.1,2026-06-21,da,危局强袭,1-3,首领 3,3.0.1,危局强袭 3.0.1,2026-06-19,2026-07-03,piper,Piper Wheel,派派·韦尔,异常主C,A,0.0,0,88,25,5.99,60.0,60.0,7.0,hf_builds,3.0.1/builds.json,https://huggingface.co/datasets/LvlUrArti/ShiyuDataProcessed/resolve/main/3.0.1/builds.json,ok
2.8.1,2026-05-11,da,危局强袭,1-3,首领 3,2.8.1,危局强袭 2.8.1,2026-05-08,2026-05-22,promeia,Promeia,普罗米娅,异常主C,S,0.0,0,3110,1175,0.1,59.98,59.85,6.97,hf_builds,2.8.1/builds.json,https://huggingface.co/datasets/LvlUrArti/ShiyuDataProcessed/resolve/main/2.8.1/builds.json,ok
2.8.2,2026-06-02,da,危局强袭,1-3,首领 3,2.8.2,危局强袭 2.8.2,2026-05-22,2026-06-05,promeia,Promeia,普罗米娅,异常主C,S,0.72,16950,4235,918,0.13,60.0,59.9,6.99,hf_builds,2.8.2/builds.json,https://huggingface.co/datasets/LvlUrArti/ShiyuDataProcessed/resolve/main/2.8.2/builds.json,ok
2.8.3,2026-06-15,da,危局强袭,1-3,首领 3,2.8.3,危局强袭 2.8.3,2026-06-05,2026-06-19,promeia,Promeia,普罗米娅,异常主C,S,0.0,0,3355,710,0.14,60.0,59.98,7.0,hf_builds,2.8.3/builds.json,https://huggingface.co/datasets/LvlUrArti/ShiyuDataProcessed/resolve/main/2.8.3/builds.json,ok
3.0.1,2026-06-21,da,危局强袭,1-3,首领 3,3.0.1,危局强袭 3.0.1,2026-06-19,2026-07-03,promeia,Promeia,普罗米娅,异常主C,S,0.0,0,3152,1478,0.14,60.0,59.76,6.99,hf_builds,3.0.1/builds.json,https://huggingface.co/datasets/LvlUrArti/ShiyuDataProcessed/resolve/main/3.0.1/builds.json,ok
2.6.1,2026-02-17,da,危局强袭,1-3,首领 3,2.6.1,危局强袭 2.6.1,2026-02-13,2026-02-27,pulchra,Pulchra Fellini,波可娜·费雷尼,辅助,A,0.0,0,318,13,5.98,60.0,60.0,6.93,hf_builds,2.6.1/builds.json,https://huggingface.co/datasets/LvlUrArti/ShiyuDataProcessed/resolve/main/2.6.1/builds.json,ok
2.6.2,2026-03-10,da,危局强袭,1-3,首领 3,2.6.2,危局强袭 2.6.2,2026-02-27,2026-03-13,pulchra,Pulchra Fellini,波可娜·费雷尼,辅助,A,1.15,23841,349,16,5.98,59.46,58.9,6.75,hf_builds,2.6.2/builds.json,https://huggingface.co/datasets/LvlUrArti/ShiyuDataProcessed/resolve/main/2.6.2/builds.json,ok
2.7.1,2026-03-31,da,危局强袭,1-3,首领 3,2.7.1,危局强袭 2.7.1,2026-03-27,2026-04-10,pulchra,Pulchra Fellini,波可娜·费雷尼,辅助,A,0.11,0,146,11,5.97,60.0,60.0,6.88,hf_builds,2.7.1/builds.json,https://huggingface.co/datasets/LvlUrArti/ShiyuDataProcessed/resolve/main/2.7.1/builds.json,ok
2.7.2,2026-04-21,da,危局强袭,1-3,首领 3,2.7.2,危局强袭 2.7.2,2026-04-10,2026-04-24,pulchra,Pulchra Fellini,波可娜·费雷尼,辅助,A,0.41,21546,239,7,5.98,60.0,60.0,6.79,hf_builds,2.7.2/builds.json,https://huggingface.co/datasets/LvlUrArti/ShiyuDataProcessed/resolve/main/2.7.2/builds.json,ok
2.8.1,2026-05-11,da,危局强袭,1-3,首领 3,2.8.1,危局强袭 2.8.1,2026-05-08,2026-05-22,pulchra,Pulchra Fellini,波可娜·费雷尼,辅助,A,0.18,22095,123,10,5.98,60.0,60.0,6.95,hf_builds,2.8.1/builds.json,https://huggingface.co/datasets/LvlUrArti/ShiyuDataProcessed/resolve/main/2.8.1/builds.json,ok
2.8.2,2026-06-02,da,危局强袭,1-3,首领 3,2.8.2,危局强袭 2.8.2,2026-05-22,2026-06-05,pulchra,Pulchra Fellini,波可娜·费雷尼,辅助,A,0.57,14461,242,6,5.94,59.26,57.78,6.63,hf_builds,2.8.2/builds.json,https://huggingface.co/datasets/LvlUrArti/ShiyuDataProcessed/resolve/main/2.8.2/builds.json,ok
2.8.3,2026-06-15,da,危局强袭,1-3,首领 3,2.8.3,危局强袭 2.8.3,2026-06-05,2026-06-19,pulchra,Pulchra Fellini,波可娜·费雷尼,辅助,A,0.38,21995,217,9,5.99,60.0,59.55,7.0,hf_builds,2.8.3/builds.json,https://huggingface.co/datasets/LvlUrArti/ShiyuDataProcessed/resolve/main/2.8.3/builds.json,ok
3.0.1,2026-06-21,da,危局强袭,1-3,首领 3,3.0.1,危局强袭 3.0.1,2026-06-19,2026-07-03,pulchra,Pulchra Fellini,波可娜·费雷尼,辅助,A,0.72,24881,191,12,5.97,60.0,60.0,7.0,hf_builds,3.0.1/builds.json,https://huggingface.co/datasets/LvlUrArti/ShiyuDataProcessed/resolve/main/3.0.1/builds.json,ok
3.0.1,2026-06-21,da,危局强袭,1-3,首领 3,3.0.1,危局强袭 3.0.1,2026-06-19,2026-07-03,pyrois,Pyrois,,直伤主C,S,0.2,0,1389,284,1.85,59.98,59.83,6.79,hf_builds,3.0.1/builds.json,https://huggingface.co/datasets/LvlUrArti/ShiyuDataProcessed/resolve/main/3.0.1/builds.json,ok
2.6.1,2026-02-17,da,危局强袭,1-3,首领 3,2.6.1,危局强袭 2.6.1,2026-02-13,2026-02-27,qingyi,Qingyi,青衣,辅助,S,0.02,0,397,29,0.47,60.0,59.5,7.0,hf_builds,2.6.1/builds.json,https://huggingface.co/datasets/LvlUrArti/ShiyuDataProcessed/resolve/main/2.6.1/builds.json,ok
2.6.2,2026-03-10,da,危局强袭,1-3,首领 3,2.6.2,危局强袭 2.6.2,2026-02-27,2026-03-13,qingyi,Qingyi,青衣,辅助,S,1.12,28046,567,92,0.51,59.98,59.63,6.99,hf_builds,2.6.2/builds.json,https://huggingface.co/datasets/LvlUrArti/ShiyuDataProcessed/resolve/main/2.6.2/builds.json,ok
2.7.1,2026-03-31,da,危局强袭,1-3,首领 3,2.7.1,危局强袭 2.7.1,2026-03-27,2026-04-10,qingyi,Qingyi,青衣,辅助,S,0.15,29292,268,48,0.51,60.0,59.96,7.0,hf_builds,2.7.1/builds.json,https://huggingface.co/datasets/LvlUrArti/ShiyuDataProcessed/resolve/main/2.7.1/builds.json,ok
2.7.2,2026-04-21,da,危局强袭,1-3,首领 3,2.7.2,危局强袭 2.7.2,2026-04-10,2026-04-24,qingyi,Qingyi,青衣,辅助,S,0.12,22992,447,81,0.59,60.0,59.93,7.0,hf_builds,2.7.2/builds.json,https://huggingface.co/datasets/LvlUrArti/ShiyuDataProcessed/resolve/main/2.7.2/builds.json,ok
2.8.1,2026-05-11,da,危局强袭,1-3,首领 3,2.8.1,危局强袭 2.8.1,2026-05-08,2026-05-22,qingyi,Qingyi,青衣,辅助,S,1.25,21903,307,77,0.58,60.0,59.8,7.0,hf_builds,2.8.1/builds.json,https://huggingface.co/datasets/LvlUrArti/ShiyuDataProcessed/resolve/main/2.8.1/builds.json,ok
2.8.2,2026-06-02,da,危局强袭,1-3,首领 3,2.8.2,危局强袭 2.8.2,2026-05-22,2026-06-05,qingyi,Qingyi,青衣,辅助,S,0.84,16846,195,16,0.55,60.0,60.0,7.0,hf_builds,2.8.2/builds.json,https://huggingface.co/datasets/LvlUrArti/ShiyuDataProcessed/resolve/main/2.8.2/builds.json,ok
2.8.3,2026-06-15,da,危局强袭,1-3,首领 3,2.8.3,危局强袭 2.8.3,2026-06-05,2026-06-19,qingyi,Qingyi,青衣,辅助,S,1.61,22304,300,31,0.64,60.0,57.12,7.0,hf_builds,2.8.3/builds.json,https://huggingface.co/datasets/LvlUrArti/ShiyuDataProcessed/resolve/main/2.8.3/builds.json,ok
3.0.1,2026-06-21,da,危局强袭,1-3,首领 3,3.0.1,危局强袭 3.0.1,2026-06-19,2026-07-03,qingyi,Qingyi,青衣,辅助,S,0.18,21917,123,33,0.78,60.0,60.0,6.98,hf_builds,3.0.1/builds.json,https://huggingface.co/datasets/LvlUrArti/ShiyuDataProcessed/resolve/main/3.0.1/builds.json,ok
2.6.1,2026-02-17,da,危局强袭,1-3,首领 3,2.6.1,危局强袭 2.6.1,2026-02-13,2026-02-27,rina,Alexandrina Sebastiane,亚历山德丽娜·莎芭丝缇安,辅助,S,0.3,21961,82,9,2.31,60.0,58.9,6.96,hf_builds,2.6.1/builds.json,https://huggingface.co/datasets/LvlUrArti/ShiyuDataProcessed/resolve/main/2.6.1/builds.json,ok
2.6.2,2026-03-10,da,危局强袭,1-3,首领 3,2.6.2,危局强袭 2.6.2,2026-02-27,2026-03-13,rina,Alexandrina Sebastiane,亚历山德丽娜·莎芭丝缇安,辅助,S,0.04,0,81,9,2.5,60.0,57.26,6.94,hf_builds,2.6.2/builds.json,https://huggingface.co/datasets/LvlUrArti/ShiyuDataProcessed/resolve/main/2.6.2/builds.json,ok
2.7.1,2026-03-31,da,危局强袭,1-3,首领 3,2.7.1,危局强袭 2.7.1,2026-03-27,2026-04-10,rina,Alexandrina Sebastiane,亚历山德丽娜·莎芭丝缇安,辅助,S,0.11,0,32,7,2.4,60.0,60.0,7.0,hf_builds,2.7.1/builds.json,https://huggingface.co/datasets/LvlUrArti/ShiyuDataProcessed/resolve/main/2.7.1/builds.json,ok
2.7.2,2026-04-21,da,危局强袭,1-3,首领 3,2.7.2,危局强袭 2.7.2,2026-04-10,2026-04-24,rina,Alexandrina Sebastiane,亚历山德丽娜·莎芭丝缇安,辅助,S,0.07,0,72,6,2.48,60.0,60.0,6.91,hf_builds,2.7.2/builds.json,https://huggingface.co/datasets/LvlUrArti/ShiyuDataProcessed/resolve/main/2.7.2/builds.json,ok
2.8.1,2026-05-11,da,危局强袭,1-3,首领 3,2.8.1,危局强袭 2.8.1,2026-05-08,2026-05-22,rina,Alexandrina Sebastiane,亚历山德丽娜·莎芭丝缇安,辅助,S,0.22,23692,41,5,2.63,60.0,59.42,6.94,hf_builds,2.8.1/builds.json,https://huggingface.co/datasets/LvlUrArti/ShiyuDataProcessed/resolve/main/2.8.1/builds.json,ok
2.8.2,2026-06-02,da,危局强袭,1-3,首领 3,2.8.2,危局强袭 2.8.2,2026-05-22,2026-06-05,rina,Alexandrina Sebastiane,亚历山德丽娜·莎芭丝缇安,辅助,S,0.13,12658,63,1,2.33,60.0,60.0,7.0,hf_builds,2.8.2/builds.json,https://huggingface.co/datasets/LvlUrArti/ShiyuDataProcessed/resolve/main/2.8.2/builds.json,ok
2.8.3,2026-06-15,da,危局强袭,1-3,首领 3,2.8.3,危局强袭 2.8.3,2026-06-05,2026-06-19,rina,Alexandrina Sebastiane,亚历山德丽娜·莎芭丝缇安,辅助,S,0.16,22697,41,4,2.68,60.0,60.0,7.0,hf_builds,2.8.3/builds.json,https://huggingface.co/datasets/LvlUrArti/ShiyuDataProcessed/resolve/main/2.8.3/builds.json,ok
3.0.1,2026-06-21,da,危局强袭,1-3,首领 3,3.0.1,危局强袭 3.0.1,2026-06-19,2026-07-03,rina,Alexandrina Sebastiane,亚历山德丽娜·莎芭丝缇安,辅助,S,0.06,0,20,4,2.87,60.0,60.0,6.93,hf_builds,3.0.1/builds.json,https://huggingface.co/datasets/LvlUrArti/ShiyuDataProcessed/resolve/main/3.0.1/builds.json,ok
2.6.1,2026-02-17,da,危局强袭,1-3,首领 3,2.6.1,危局强袭 2.6.1,2026-02-13,2026-02-27,seed,Seed,「席德」,直伤主C,S,0.05,0,317,124,0.15,60.0,59.65,7.0,hf_builds,2.6.1/builds.json,https://huggingface.co/datasets/LvlUrArti/ShiyuDataProcessed/resolve/main/2.6.1/builds.json,ok
2.6.2,2026-03-10,da,危局强袭,1-3,首领 3,2.6.2,危局强袭 2.6.2,2026-02-27,2026-03-13,seed,Seed,「席德」,直伤主C,S,0.23,22716,2216,796,0.2,59.99,59.78,7.0,hf_builds,2.6.2/builds.json,https://huggingface.co/datasets/LvlUrArti/ShiyuDataProcessed/resolve/main/2.6.2/builds.json,ok
2.7.1,2026-03-31,da,危局强袭,1-3,首领 3,2.7.1,危局强袭 2.7.1,2026-03-27,2026-04-10,seed,Seed,「席德」,直伤主C,S,0.4,23146,174,126,0.43,60.0,59.44,7.0,hf_builds,2.7.1/builds.json,https://huggingface.co/datasets/LvlUrArti/ShiyuDataProcessed/resolve/main/2.7.1/builds.json,ok
2.7.2,2026-04-21,da,危局强袭,1-3,首领 3,2.7.2,危局强袭 2.7.2,2026-04-10,2026-04-24,seed,Seed,「席德」,直伤主C,S,0.43,28480,3209,968,0.15,60.0,59.86,7.0,hf_builds,2.7.2/builds.json,https://huggingface.co/datasets/LvlUrArti/ShiyuDataProcessed/resolve/main/2.7.2/builds.json,ok
2.8.1,2026-05-11,da,危局强袭,1-3,首领 3,2.8.1,危局强袭 2.8.1,2026-05-08,2026-05-22,seed,Seed,「席德」,直伤主C,S,16.0,29123,2461,995,0.18,60.0,59.87,7.0,hf_builds,2.8.1/builds.json,https://huggingface.co/datasets/LvlUrArti/ShiyuDataProcessed/resolve/main/2.8.1/builds.json,ok
2.8.2,2026-06-02,da,危局强袭,1-3,首领 3,2.8.2,危局强袭 2.8.2,2026-05-22,2026-06-05,seed,Seed,「席德」,直伤主C,S,1.42,18564,346,87,0.24,60.0,59.88,7.0,hf_builds,2.8.2/builds.json,https://huggingface.co/datasets/LvlUrArti/ShiyuDataProcessed/resolve/main/2.8.2/builds.json,ok
2.8.3,2026-06-15,da,危局强袭,1-3,首领 3,2.8.3,危局强袭 2.8.3,2026-06-05,2026-06-19,seed,Seed,「席德」,直伤主C,S,19.48,26460,3160,517,0.23,60.0,59.83,7.0,hf_builds,2.8.3/builds.json,https://huggingface.co/datasets/LvlUrArti/ShiyuDataProcessed/resolve/main/2.8.3/builds.json,ok
3.0.1,2026-06-21,da,危局强袭,1-3,首领 3,3.0.1,危局强袭 3.0.1,2026-06-19,2026-07-03,seed,Seed,「席德」,直伤主C,S,0.26,25602,264,187,0.45,60.0,59.69,7.0,hf_builds,3.0.1/builds.json,https://huggingface.co/datasets/LvlUrArti/ShiyuDataProcessed/resolve/main/3.0.1/builds.json,ok
2.6.1,2026-02-17,da,危局强袭,1-3,首领 3,2.6.1,危局强袭 2.6.1,2026-02-13,2026-02-27,seth,Seth Lowell,赛斯·洛威尔,辅助,A,0.02,0,5,3,6.0,60.0,60.0,7.0,hf_builds,2.6.1/builds.json,https://huggingface.co/datasets/LvlUrArti/ShiyuDataProcessed/resolve/main/2.6.1/builds.json,ok
2.6.2,2026-03-10,da,危局强袭,1-3,首领 3,2.6.2,危局强袭 2.6.2,2026-02-27,2026-03-13,seth,Seth Lowell,赛斯·洛威尔,辅助,A,0.01,0,7,1,5.85,60.0,60.0,7.0,hf_builds,2.6.2/builds.json,https://huggingface.co/datasets/LvlUrArti/ShiyuDataProcessed/resolve/main/2.6.2/builds.json,ok
2.7.1,2026-03-31,da,危局强袭,1-3,首领 3,2.7.1,危局强袭 2.7.1,2026-03-27,2026-04-10,seth,Seth Lowell,赛斯·洛威尔,辅助,A,0.01,0,3,1,6.0,60.0,60.0,7.0,hf_builds,2.7.1/builds.json,https://huggingface.co/datasets/LvlUrArti/ShiyuDataProcessed/resolve/main/2.7.1/builds.json,ok
2.7.2,2026-04-21,da,危局强袭,1-3,首领 3,2.7.2,危局强袭 2.7.2,2026-04-10,2026-04-24,seth,Seth Lowell,赛斯·洛威尔,辅助,A,0.0,0,1,1,5.88,60.0,60.0,7.0,hf_builds,2.7.2/builds.json,https://huggingface.co/datasets/LvlUrArti/ShiyuDataProcessed/resolve/main/2.7.2/builds.json,ok
2.8.1,2026-05-11,da,危局强袭,1-3,首领 3,2.8.1,危局强袭 2.8.1,2026-05-08,2026-05-22,seth,Seth Lowell,赛斯·洛威尔,辅助,A,0.02,0,3,2,6.0,60.0,60.0,7.0,hf_builds,2.8.1/builds.json,https://huggingface.co/datasets/LvlUrArti/ShiyuDataProcessed/resolve/main/2.8.1/builds.json,ok
2.8.2,2026-06-02,da,危局强袭,1-3,首领 3,2.8.2,危局强袭 2.8.2,2026-05-22,2026-06-05,seth,Seth Lowell,赛斯·洛威尔,辅助,A,0.07,0,16,0,6.0,60.0,60.0,7.0,hf_builds,2.8.2/builds.json,https://huggingface.co/datasets/LvlUrArti/ShiyuDataProcessed/resolve/main/2.8.2/builds.json,ok
2.8.3,2026-06-15,da,危局强袭,1-3,首领 3,2.8.3,危局强袭 2.8.3,2026-06-05,2026-06-19,seth,Seth Lowell,赛斯·洛威尔,辅助,A,0.01,0,10,3,6.0,60.0,60.0,7.0,hf_builds,2.8.3/builds.json,https://huggingface.co/datasets/LvlUrArti/ShiyuDataProcessed/resolve/main/2.8.3/builds.json,ok
3.0.1,2026-06-21,da,危局强袭,1-3,首领 3,3.0.1,危局强袭 3.0.1,2026-06-19,2026-07-03,seth,Seth Lowell,赛斯·洛威尔,辅助,A,0.0,0,1,1,6.0,60.0,60.0,7.0,hf_builds,3.0.1/builds.json,https://huggingface.co/datasets/LvlUrArti/ShiyuDataProcessed/resolve/main/3.0.1/builds.json,ok
2.6.1,2026-02-17,da,危局强袭,1-3,首领 3,2.6.1,危局强袭 2.6.1,2026-02-13,2026-02-27,soldier-11,Soldier 11,「11号」,直伤主C,S,0.01,0,175,62,2.83,60.0,59.23,6.99,hf_builds,2.6.1/builds.json,https://huggingface.co/datasets/LvlUrArti/ShiyuDataProcessed/resolve/main/2.6.1/builds.json,ok
2.6.2,2026-03-10,da,危局强袭,1-3,首领 3,2.6.2,危局强袭 2.6.2,2026-02-27,2026-03-13,soldier-11,Soldier 11,「11号」,直伤主C,S,0.54,22297,167,110,3.3,60.0,59.38,7.0,hf_builds,2.6.2/builds.json,https://huggingface.co/datasets/LvlUrArti/ShiyuDataProcessed/resolve/main/2.6.2/builds.json,ok
2.7.1,2026-03-31,da,危局强袭,1-3,首领 3,2.7.1,危局强袭 2.7.1,2026-03-27,2026-04-10,soldier-11,Soldier 11,「11号」,直伤主C,S,0.11,0,98,84,3.5,60.0,60.0,7.0,hf_builds,2.7.1/builds.json,https://huggingface.co/datasets/LvlUrArti/ShiyuDataProcessed/resolve/main/2.7.1/builds.json,ok
2.7.2,2026-04-21,da,危局强袭,1-3,首领 3,2.7.2,危局强袭 2.7.2,2026-04-10,2026-04-24,soldier-11,Soldier 11,「11号」,直伤主C,S,0.48,24510,144,94,3.44,60.0,58.52,7.0,hf_builds,2.7.2/builds.json,https://huggingface.co/datasets/LvlUrArti/ShiyuDataProcessed/resolve/main/2.7.2/builds.json,ok
2.8.1,2026-05-11,da,危局强袭,1-3,首领 3,2.8.1,危局强袭 2.8.1,2026-05-08,2026-05-22,soldier-11,Soldier 11,「11号」,直伤主C,S,0.19,23085,135,97,3.74,60.0,58.43,7.0,hf_builds,2.8.1/builds.json,https://huggingface.co/datasets/LvlUrArti/ShiyuDataProcessed/resolve/main/2.8.1/builds.json,ok
2.8.2,2026-06-02,da,危局强袭,1-3,首领 3,2.8.2,危局强袭 2.8.2,2026-05-22,2026-06-05,soldier-11,Soldier 11,「11号」,直伤主C,S,0.06,0,90,22,3.35,60.0,60.0,7.0,hf_builds,2.8.2/builds.json,https://huggingface.co/datasets/LvlUrArti/ShiyuDataProcessed/resolve/main/2.8.2/builds.json,ok
2.8.3,2026-06-15,da,危局强袭,1-3,首领 3,2.8.3,危局强袭 2.8.3,2026-06-05,2026-06-19,soldier-11,Soldier 11,「11号」,直伤主C,S,0.37,23340,116,35,3.66,60.0,59.85,7.0,hf_builds,2.8.3/builds.json,https://huggingface.co/datasets/LvlUrArti/ShiyuDataProcessed/resolve/main/2.8.3/builds.json,ok
3.0.1,2026-06-21,da,危局强袭,1-3,首领 3,3.0.1,危局强袭 3.0.1,2026-06-19,2026-07-03,soldier-11,Soldier 11,「11号」,直伤主C,S,0.25,23251,54,54,3.72,60.0,58.57,7.0,hf_builds,3.0.1/builds.json,https://huggingface.co/datasets/LvlUrArti/ShiyuDataProcessed/resolve/main/3.0.1/builds.json,ok
2.6.1,2026-02-17,da,危局强袭,1-3,首领 3,2.6.1,危局强袭 2.6.1,2026-02-13,2026-02-27,soukaku,Soukaku,苍角,辅助,A,14.35,31845,2356,44,5.99,60.0,59.19,6.91,hf_builds,2.6.1/builds.json,https://huggingface.co/datasets/LvlUrArti/ShiyuDataProcessed/resolve/main/2.6.1/builds.json,ok
2.6.2,2026-03-10,da,危局强袭,1-3,首领 3,2.6.2,危局强袭 2.6.2,2026-02-27,2026-03-13,soukaku,Soukaku,苍角,辅助,A,1.35,20873,248,12,5.99,59.53,57.47,6.86,hf_builds,2.6.2/builds.json,https://huggingface.co/datasets/LvlUrArti/ShiyuDataProcessed/resolve/main/2.6.2/builds.json,ok
2.7.1,2026-03-31,da,危局强袭,1-3,首领 3,2.7.1,危局强袭 2.7.1,2026-03-27,2026-04-10,soukaku,Soukaku,苍角,辅助,A,10.86,29836,1698,58,5.99,59.94,59.4,6.85,hf_builds,2.7.1/builds.json,https://huggingface.co/datasets/LvlUrArti/ShiyuDataProcessed/resolve/main/2.7.1/builds.json,ok
2.7.2,2026-04-21,da,危局强袭,1-3,首领 3,2.7.2,危局强袭 2.7.2,2026-04-10,2026-04-24,soukaku,Soukaku,苍角,辅助,A,0.22,21495,192,13,6.0,60.0,60.0,6.96,hf_builds,2.7.2/builds.json,https://huggingface.co/datasets/LvlUrArti/ShiyuDataProcessed/resolve/main/2.7.2/builds.json,ok
2.8.1,2026-05-11,da,危局强袭,1-3,首领 3,2.8.1,危局强袭 2.8.1,2026-05-08,2026-05-22,soukaku,Soukaku,苍角,辅助,A,0.0,0,267,19,5.99,60.0,60.0,6.97,hf_builds,2.8.1/builds.json,https://huggingface.co/datasets/LvlUrArti/ShiyuDataProcessed/resolve/main/2.8.1/builds.json,ok
2.8.2,2026-06-02,da,危局强袭,1-3,首领 3,2.8.2,危局强袭 2.8.2,2026-05-22,2026-06-05,soukaku,Soukaku,苍角,辅助,A,0.04,0,1238,17,5.99,60.0,55.53,7.0,hf_builds,2.8.2/builds.json,https://huggingface.co/datasets/LvlUrArti/ShiyuDataProcessed/resolve/main/2.8.2/builds.json,ok
2.8.3,2026-06-15,da,危局强袭,1-3,首领 3,2.8.3,危局强袭 2.8.3,2026-06-05,2026-06-19,soukaku,Soukaku,苍角,辅助,A,0.0,0,202,4,6.0,60.0,60.0,7.0,hf_builds,2.8.3/builds.json,https://huggingface.co/datasets/LvlUrArti/ShiyuDataProcessed/resolve/main/2.8.3/builds.json,ok
3.0.1,2026-06-21,da,危局强袭,1-3,首领 3,3.0.1,危局强袭 3.0.1,2026-06-19,2026-07-03,soukaku,Soukaku,苍角,辅助,A,0.05,0,285,11,5.99,59.85,51.66,6.97,hf_builds,3.0.1/builds.json,https://huggingface.co/datasets/LvlUrArti/ShiyuDataProcessed/resolve/main/3.0.1/builds.json,ok
2.6.1,2026-02-17,da,危局强袭,1-3,首领 3,2.6.1,危局强袭 2.6.1,2026-02-13,2026-02-27,sunna,Sunna,千夏,辅助,S,0.23,22038,7700,1134,0.06,59.98,59.5,6.96,hf_builds,2.6.1/builds.json,https://huggingface.co/datasets/LvlUrArti/ShiyuDataProcessed/resolve/main/2.6.1/builds.json,ok
2.6.2,2026-03-10,da,危局强袭,1-3,首领 3,2.6.2,危局强袭 2.6.2,2026-02-27,2026-03-13,sunna,Sunna,千夏,辅助,S,0.52,21704,11573,2789,0.09,59.99,59.81,6.99,hf_builds,2.6.2/builds.json,https://huggingface.co/datasets/LvlUrArti/ShiyuDataProcessed/resolve/main/2.6.2/builds.json,ok
2.7.1,2026-03-31,da,危局强袭,1-3,首领 3,2.7.1,危局强袭 2.7.1,2026-03-27,2026-04-10,sunna,Sunna,千夏,辅助,S,9.14,26232,8452,2995,0.09,59.99,59.7,6.99,hf_builds,2.7.1/builds.json,https://huggingface.co/datasets/LvlUrArti/ShiyuDataProcessed/resolve/main/2.7.1/builds.json,ok
2.7.2,2026-04-21,da,危局强袭,1-3,首领 3,2.7.2,危局强袭 2.7.2,2026-04-10,2026-04-24,sunna,Sunna,千夏,辅助,S,19.3,32143,11777,3097,0.08,59.98,59.79,6.99,hf_builds,2.7.2/builds.json,https://huggingface.co/datasets/LvlUrArti/ShiyuDataProcessed/resolve/main/2.7.2/builds.json,ok
2.8.1,2026-05-11,da,危局强袭,1-3,首领 3,2.8.1,危局强袭 2.8.1,2026-05-08,2026-05-22,sunna,Sunna,千夏,辅助,S,39.93,31236,6928,2255,0.08,59.98,59.74,6.99,hf_builds,2.8.1/builds.json,https://huggingface.co/datasets/LvlUrArti/ShiyuDataProcessed/resolve/main/2.8.1/builds.json,ok
2.8.2,2026-06-02,da,危局强袭,1-3,首领 3,2.8.2,危局强袭 2.8.2,2026-05-22,2026-06-05,sunna,Sunna,千夏,辅助,S,44.1,26889,10678,1623,0.09,60.0,59.73,6.99,hf_builds,2.8.2/builds.json,https://huggingface.co/datasets/LvlUrArti/ShiyuDataProcessed/resolve/main/2.8.2/builds.json,ok
2.8.3,2026-06-15,da,危局强袭,1-3,首领 3,2.8.3,危局强袭 2.8.3,2026-06-05,2026-06-19,sunna,Sunna,千夏,辅助,S,27.3,32990,9787,1262,0.08,59.99,59.79,6.99,hf_builds,2.8.3/builds.json,https://huggingface.co/datasets/LvlUrArti/ShiyuDataProcessed/resolve/main/2.8.3/builds.json,ok
3.0.1,2026-06-21,da,危局强袭,1-3,首领 3,3.0.1,危局强袭 3.0.1,2026-06-19,2026-07-03,sunna,Sunna,千夏,辅助,S,36.54,30619,7494,2141,0.08,60.0,59.42,6.99,hf_builds,3.0.1/builds.json,https://huggingface.co/datasets/LvlUrArti/ShiyuDataProcessed/resolve/main/3.0.1/builds.json,ok
2.6.1,2026-02-17,da,危局强袭,1-3,首领 3,2.6.1,危局强袭 2.6.1,2026-02-13,2026-02-27,trigger,Trigger,「扳机」,辅助,S,0.92,22598,1795,432,0.23,60.0,59.86,7.0,hf_builds,2.6.1/builds.json,https://huggingface.co/datasets/LvlUrArti/ShiyuDataProcessed/resolve/main/2.6.1/builds.json,ok
2.6.2,2026-03-10,da,危局强袭,1-3,首领 3,2.6.2,危局强袭 2.6.2,2026-02-27,2026-03-13,trigger,Trigger,「扳机」,辅助,S,3.23,25318,5857,1534,0.25,60.0,59.86,7.0,hf_builds,2.6.2/builds.json,https://huggingface.co/datasets/LvlUrArti/ShiyuDataProcessed/resolve/main/2.6.2/builds.json,ok
2.7.1,2026-03-31,da,危局强袭,1-3,首领 3,2.7.1,危局强袭 2.7.1,2026-03-27,2026-04-10,trigger,Trigger,「扳机」,辅助,S,2.16,22932,1369,575,0.38,60.0,59.8,7.0,hf_builds,2.7.1/builds.json,https://huggingface.co/datasets/LvlUrArti/ShiyuDataProcessed/resolve/main/2.7.1/builds.json,ok
2.7.2,2026-04-21,da,危局强袭,1-3,首领 3,2.7.2,危局强袭 2.7.2,2026-04-10,2026-04-24,trigger,Trigger,「扳机」,辅助,S,1.4,22871,5967,1388,0.24,60.0,59.87,7.0,hf_builds,2.7.2/builds.json,https://huggingface.co/datasets/LvlUrArti/ShiyuDataProcessed/resolve/main/2.7.2/builds.json,ok
2.8.1,2026-05-11,da,危局强袭,1-3,首领 3,2.8.1,危局强袭 2.8.1,2026-05-08,2026-05-22,trigger,Trigger,「扳机」,辅助,S,18.95,26302,3352,1166,0.27,60.0,59.85,7.0,hf_builds,2.8.1/builds.json,https://huggingface.co/datasets/LvlUrArti/ShiyuDataProcessed/resolve/main/2.8.1/builds.json,ok
2.8.2,2026-06-02,da,危局强袭,1-3,首领 3,2.8.2,危局强袭 2.8.2,2026-05-22,2026-06-05,trigger,Trigger,「扳机」,辅助,S,4.5,17580,1251,172,0.28,60.0,59.88,7.0,hf_builds,2.8.2/builds.json,https://huggingface.co/datasets/LvlUrArti/ShiyuDataProcessed/resolve/main/2.8.2/builds.json,ok
2.8.3,2026-06-15,da,危局强袭,1-3,首领 3,2.8.3,危局强袭 2.8.3,2026-06-05,2026-06-19,trigger,Trigger,「扳机」,辅助,S,26.75,25359,4526,583,0.29,60.0,59.94,7.0,hf_builds,2.8.3/builds.json,https://huggingface.co/datasets/LvlUrArti/ShiyuDataProcessed/resolve/main/2.8.3/builds.json,ok
3.0.1,2026-06-21,da,危局强袭,1-3,首领 3,3.0.1,危局强袭 3.0.1,2026-06-19,2026-07-03,trigger,Trigger,「扳机」,辅助,S,1.83,23381,1139,455,0.37,60.0,59.89,7.0,hf_builds,3.0.1/builds.json,https://huggingface.co/datasets/LvlUrArti/ShiyuDataProcessed/resolve/main/3.0.1/builds.json,ok
2.6.1,2026-02-17,da,危局强袭,1-3,首领 3,2.6.1,危局强袭 2.6.1,2026-02-13,2026-02-27,ukinami-yuzuha,Ukinami Yuzuha,浮波柚叶,辅助,S,68.55,28202,11781,2275,0.16,59.99,59.58,6.99,hf_builds,2.6.1/builds.json,https://huggingface.co/datasets/LvlUrArti/ShiyuDataProcessed/resolve/main/2.6.1/builds.json,ok
2.6.2,2026-03-10,da,危局强袭,1-3,首领 3,2.6.2,危局强袭 2.6.2,2026-02-27,2026-03-13,ukinami-yuzuha,Ukinami Yuzuha,浮波柚叶,辅助,S,7.28,21126,8179,2707,0.26,60.0,59.8,6.99,hf_builds,2.6.2/builds.json,https://huggingface.co/datasets/LvlUrArti/ShiyuDataProcessed/resolve/main/2.6.2/builds.json,ok
2.7.1,2026-03-31,da,危局强袭,1-3,首领 3,2.7.1,危局强袭 2.7.1,2026-03-27,2026-04-10,ukinami-yuzuha,Ukinami Yuzuha,浮波柚叶,辅助,S,37.53,27714,10876,3562,0.24,60.0,59.78,7.0,hf_builds,2.7.1/builds.json,https://huggingface.co/datasets/LvlUrArti/ShiyuDataProcessed/resolve/main/2.7.1/builds.json,ok
2.7.2,2026-04-21,da,危局强袭,1-3,首领 3,2.7.2,危局强袭 2.7.2,2026-04-10,2026-04-24,ukinami-yuzuha,Ukinami Yuzuha,浮波柚叶,辅助,S,2.03,22870,7799,2240,0.28,60.0,59.85,7.0,hf_builds,2.7.2/builds.json,https://huggingface.co/datasets/LvlUrArti/ShiyuDataProcessed/resolve/main/2.7.2/builds.json,ok
2.8.1,2026-05-11,da,危局强袭,1-3,首领 3,2.8.1,危局强袭 2.8.1,2026-05-08,2026-05-22,ukinami-yuzuha,Ukinami Yuzuha,浮波柚叶,辅助,S,0.45,23072,10391,3079,0.23,60.0,59.85,7.0,hf_builds,2.8.1/builds.json,https://huggingface.co/datasets/LvlUrArti/ShiyuDataProcessed/resolve/main/2.8.1/builds.json,ok
2.8.2,2026-06-02,da,危局强袭,1-3,首领 3,2.8.2,危局强袭 2.8.2,2026-05-22,2026-06-05,ukinami-yuzuha,Ukinami Yuzuha,浮波柚叶,辅助,S,9.88,21874,13779,1941,0.22,60.0,59.86,7.0,hf_builds,2.8.2/builds.json,https://huggingface.co/datasets/LvlUrArti/ShiyuDataProcessed/resolve/main/2.8.2/builds.json,ok
2.8.3,2026-06-15,da,危局强袭,1-3,首领 3,2.8.3,危局强袭 2.8.3,2026-06-05,2026-06-19,ukinami-yuzuha,Ukinami Yuzuha,浮波柚叶,辅助,S,0.7,22928,12356,1591,0.22,60.0,59.85,7.0,hf_builds,2.8.3/builds.json,https://huggingface.co/datasets/LvlUrArti/ShiyuDataProcessed/resolve/main/2.8.3/builds.json,ok
3.0.1,2026-06-21,da,危局强袭,1-3,首领 3,3.0.1,危局强袭 3.0.1,2026-06-19,2026-07-03,ukinami-yuzuha,Ukinami Yuzuha,浮波柚叶,辅助,S,0.23,22401,10908,3117,0.21,60.0,59.88,7.0,hf_builds,3.0.1/builds.json,https://huggingface.co/datasets/LvlUrArti/ShiyuDataProcessed/resolve/main/3.0.1/builds.json,ok
3.0.1,2026-06-21,da,危局强袭,1-3,首领 3,3.0.1,危局强袭 3.0.1,2026-06-19,2026-07-03,velina,Velina,维琳娜·艾嘉德,异常主C,S,0.0,0,7911,2559,0.08,59.96,59.65,6.78,hf_builds,3.0.1/builds.json,https://huggingface.co/datasets/LvlUrArti/ShiyuDataProcessed/resolve/main/3.0.1/builds.json,ok
2.6.1,2026-02-17,da,危局强袭,1-3,首领 3,2.6.1,危局强袭 2.6.1,2026-02-13,2026-02-27,vivian,Vivian Banshee,薇薇安·班希,异常主C,S,42.15,27771,7416,2262,0.26,60.0,59.78,6.99,hf_builds,2.6.1/builds.json,https://huggingface.co/datasets/LvlUrArti/ShiyuDataProcessed/resolve/main/2.6.1/builds.json,ok
2.6.2,2026-03-10,da,危局强袭,1-3,首领 3,2.6.2,危局强袭 2.6.2,2026-02-27,2026-03-13,vivian,Vivian Banshee,薇薇安·班希,异常主C,S,2.33,20561,3380,1792,0.38,60.0,59.53,7.0,hf_builds,2.6.2/builds.json,https://huggingface.co/datasets/LvlUrArti/ShiyuDataProcessed/resolve/main/2.6.2/builds.json,ok
2.7.1,2026-03-31,da,危局强袭,1-3,首领 3,2.7.1,危局强袭 2.7.1,2026-03-27,2026-04-10,vivian,Vivian Banshee,薇薇安·班希,异常主C,S,22.1,26609,5206,2736,0.29,60.0,59.65,7.0,hf_builds,2.7.1/builds.json,https://huggingface.co/datasets/LvlUrArti/ShiyuDataProcessed/resolve/main/2.7.1/builds.json,ok
2.7.2,2026-04-21,da,危局强袭,1-3,首领 3,2.7.2,危局强袭 2.7.2,2026-04-10,2026-04-24,vivian,Vivian Banshee,薇薇安·班希,异常主C,S,0.08,0,2153,1149,0.5,60.0,59.88,7.0,hf_builds,2.7.2/builds.json,https://huggingface.co/datasets/LvlUrArti/ShiyuDataProcessed/resolve/main/2.7.2/builds.json,ok
2.8.1,2026-05-11,da,危局强袭,1-3,首领 3,2.8.1,危局强袭 2.8.1,2026-05-08,2026-05-22,vivian,Vivian Banshee,薇薇安·班希,异常主C,S,0.03,0,3242,1709,0.33,60.0,59.81,7.0,hf_builds,2.8.1/builds.json,https://huggingface.co/datasets/LvlUrArti/ShiyuDataProcessed/resolve/main/2.8.1/builds.json,ok
2.8.2,2026-06-02,da,危局强袭,1-3,首领 3,2.8.2,危局强袭 2.8.2,2026-05-22,2026-06-05,vivian,Vivian Banshee,薇薇安·班希,异常主C,S,4.95,16789,7397,1449,0.28,59.99,59.8,7.0,hf_builds,2.8.2/builds.json,https://huggingface.co/datasets/LvlUrArti/ShiyuDataProcessed/resolve/main/2.8.2/builds.json,ok
2.8.3,2026-06-15,da,危局强袭,1-3,首领 3,2.8.3,危局强袭 2.8.3,2026-06-05,2026-06-19,vivian,Vivian Banshee,薇薇安·班希,异常主C,S,0.1,0,4381,929,0.33,60.0,59.85,7.0,hf_builds,2.8.3/builds.json,https://huggingface.co/datasets/LvlUrArti/ShiyuDataProcessed/resolve/main/2.8.3/builds.json,ok
3.0.1,2026-06-21,da,危局强袭,1-3,首领 3,3.0.1,危局强袭 3.0.1,2026-06-19,2026-07-03,vivian,Vivian Banshee,薇薇安·班希,异常主C,S,0.0,0,1637,1008,0.41,60.0,59.58,7.0,hf_builds,3.0.1/builds.json,https://huggingface.co/datasets/LvlUrArti/ShiyuDataProcessed/resolve/main/3.0.1/builds.json,ok
2.6.1,2026-02-17,da,危局强袭,1-3,首领 3,2.6.1,危局强袭 2.6.1,2026-02-13,2026-02-27,yanagi,Tsukishiro Yanagi,月城 柳,异常主C,S,18.25,25604,3085,716,0.18,60.0,59.97,7.0,hf_builds,2.6.1/builds.json,https://huggingface.co/datasets/LvlUrArti/ShiyuDataProcessed/resolve/main/2.6.1/builds.json,ok
2.6.2,2026-03-10,da,危局强袭,1-3,首领 3,2.6.2,危局强袭 2.6.2,2026-02-27,2026-03-13,yanagi,Tsukishiro Yanagi,月城 柳,异常主C,S,1.71,20675,980,470,0.33,60.0,59.73,7.0,hf_builds,2.6.2/builds.json,https://huggingface.co/datasets/LvlUrArti/ShiyuDataProcessed/resolve/main/2.6.2/builds.json,ok
2.7.1,2026-03-31,da,危局强袭,1-3,首领 3,2.7.1,危局强袭 2.7.1,2026-03-27,2026-04-10,yanagi,Tsukishiro Yanagi,月城 柳,异常主C,S,6.51,23693,2726,1046,0.27,60.0,59.8,7.0,hf_builds,2.7.1/builds.json,https://huggingface.co/datasets/LvlUrArti/ShiyuDataProcessed/resolve/main/2.7.1/builds.json,ok
2.7.2,2026-04-21,da,危局强袭,1-3,首领 3,2.7.2,危局强袭 2.7.2,2026-04-10,2026-04-24,yanagi,Tsukishiro Yanagi,月城 柳,异常主C,S,0.01,0,1587,611,0.33,60.0,59.88,7.0,hf_builds,2.7.2/builds.json,https://huggingface.co/datasets/LvlUrArti/ShiyuDataProcessed/resolve/main/2.7.2/builds.json,ok
2.8.1,2026-05-11,da,危局强袭,1-3,首领 3,2.8.1,危局强袭 2.8.1,2026-05-08,2026-05-22,yanagi,Tsukishiro Yanagi,月城 柳,异常主C,S,0.08,0,459,246,0.36,60.0,59.94,7.0,hf_builds,2.8.1/builds.json,https://huggingface.co/datasets/LvlUrArti/ShiyuDataProcessed/resolve/main/2.8.1/builds.json,ok
2.8.2,2026-06-02,da,危局强袭,1-3,首领 3,2.8.2,危局强袭 2.8.2,2026-05-22,2026-06-05,yanagi,Tsukishiro Yanagi,月城 柳,异常主C,S,1.85,18028,1667,224,0.26,60.0,59.74,7.0,hf_builds,2.8.2/builds.json,https://huggingface.co/datasets/LvlUrArti/ShiyuDataProcessed/resolve/main/2.8.2/builds.json,ok
2.8.3,2026-06-15,da,危局强袭,1-3,首领 3,2.8.3,危局强袭 2.8.3,2026-06-05,2026-06-19,yanagi,Tsukishiro Yanagi,月城 柳,异常主C,S,0.23,22672,383,90,0.32,60.0,60.0,6.99,hf_builds,2.8.3/builds.json,https://huggingface.co/datasets/LvlUrArti/ShiyuDataProcessed/resolve/main/2.8.3/builds.json,ok
3.0.1,2026-06-21,da,危局强袭,1-3,首领 3,3.0.1,危局强袭 3.0.1,2026-06-19,2026-07-03,yanagi,Tsukishiro Yanagi,月城 柳,异常主C,S,0.0,0,449,234,0.33,60.0,59.42,6.99,hf_builds,3.0.1/builds.json,https://huggingface.co/datasets/LvlUrArti/ShiyuDataProcessed/resolve/main/3.0.1/builds.json,ok
2.6.1,2026-02-17,da,危局强袭,1-3,首领 3,2.6.1,危局强袭 2.6.1,2026-02-13,2026-02-27,ye-shunguang,Ye Shunguang,叶瞬光,直伤主C,S,0.09,0,14026,6184,0.64,60.0,59.92,7.0,hf_builds,2.6.1/builds.json,https://huggingface.co/datasets/LvlUrArti/ShiyuDataProcessed/resolve/main/2.6.1/builds.json,ok
2.6.2,2026-03-10,da,危局强袭,1-3,首领 3,2.6.2,危局强袭 2.6.2,2026-02-27,2026-03-13,ye-shunguang,Ye Shunguang,叶瞬光,直伤主C,S,0.38,22184,14995,10047,0.6,60.0,59.96,7.0,hf_builds,2.6.2/builds.json,https://huggingface.co/datasets/LvlUrArti/ShiyuDataProcessed/resolve/main/2.6.2/builds.json,ok
2.7.1,2026-03-31,da,危局强袭,1-3,首领 3,2.7.1,危局强袭 2.7.1,2026-03-27,2026-04-10,ye-shunguang,Ye Shunguang,叶瞬光,直伤主C,S,17.71,25452,5951,5341,0.72,60.0,59.92,7.0,hf_builds,2.7.1/builds.json,https://huggingface.co/datasets/LvlUrArti/ShiyuDataProcessed/resolve/main/2.7.1/builds.json,ok
2.7.2,2026-04-21,da,危局强袭,1-3,首领 3,2.7.2,危局强袭 2.7.2,2026-04-10,2026-04-24,ye-shunguang,Ye Shunguang,叶瞬光,直伤主C,S,73.32,30831,15210,9197,0.68,60.0,59.96,7.0,hf_builds,2.7.2/builds.json,https://huggingface.co/datasets/LvlUrArti/ShiyuDataProcessed/resolve/main/2.7.2/builds.json,ok
2.8.1,2026-05-11,da,危局强袭,1-3,首领 3,2.8.1,危局强袭 2.8.1,2026-05-08,2026-05-22,ye-shunguang,Ye Shunguang,叶瞬光,直伤主C,S,61.24,29949,9052,7519,0.74,60.0,59.94,7.0,hf_builds,2.8.1/builds.json,https://huggingface.co/datasets/LvlUrArti/ShiyuDataProcessed/resolve/main/2.8.1/builds.json,ok
2.8.2,2026-06-02,da,危局强袭,1-3,首领 3,2.8.2,危局强袭 2.8.2,2026-05-22,2026-06-05,ye-shunguang,Ye Shunguang,叶瞬光,直伤主C,S,11.7,22598,12382,4899,0.71,60.0,59.97,7.0,hf_builds,2.8.2/builds.json,https://huggingface.co/datasets/LvlUrArti/ShiyuDataProcessed/resolve/main/2.8.2/builds.json,ok
2.8.3,2026-06-15,da,危局强袭,1-3,首领 3,2.8.3,危局强袭 2.8.3,2026-06-05,2026-06-19,ye-shunguang,Ye Shunguang,叶瞬光,直伤主C,S,40.82,31395,13805,4648,0.65,60.0,59.99,7.0,hf_builds,2.8.3/builds.json,https://huggingface.co/datasets/LvlUrArti/ShiyuDataProcessed/resolve/main/2.8.3/builds.json,ok
3.0.1,2026-06-21,da,危局强袭,1-3,首领 3,3.0.1,危局强袭 3.0.1,2026-06-19,2026-07-03,ye-shunguang,Ye Shunguang,叶瞬光,直伤主C,S,65.72,29790,10145,8195,0.71,60.0,59.93,7.0,hf_builds,3.0.1/builds.json,https://huggingface.co/datasets/LvlUrArti/ShiyuDataProcessed/resolve/main/3.0.1/builds.json,ok
2.6.1,2026-02-17,da,危局强袭,1-3,首领 3,2.6.1,危局强袭 2.6.1,2026-02-13,2026-02-27,yidhari,Yidhari,伊德海莉·墨菲,直伤主C,S,0.32,23707,77,43,0.75,60.0,59.86,7.0,hf_builds,2.6.1/builds.json,https://huggingface.co/datasets/LvlUrArti/ShiyuDataProcessed/resolve/main/2.6.1/builds.json,ok
2.6.2,2026-03-10,da,危局强袭,1-3,首领 3,2.6.2,危局强袭 2.6.2,2026-02-27,2026-03-13,yidhari,Yidhari,伊德海莉·墨菲,直伤主C,S,13.6,29345,2441,1034,0.22,60.0,59.4,7.0,hf_builds,2.6.2/builds.json,https://huggingface.co/datasets/LvlUrArti/ShiyuDataProcessed/resolve/main/2.6.2/builds.json,ok
2.7.1,2026-03-31,da,危局强袭,1-3,首领 3,2.7.1,危局强袭 2.7.1,2026-03-27,2026-04-10,yidhari,Yidhari,伊德海莉·墨菲,直伤主C,S,2.95,27009,465,340,0.31,60.0,59.32,7.0,hf_builds,2.7.1/builds.json,https://huggingface.co/datasets/LvlUrArti/ShiyuDataProcessed/resolve/main/2.7.1/builds.json,ok
2.7.2,2026-04-21,da,危局强袭,1-3,首领 3,2.7.2,危局强袭 2.7.2,2026-04-10,2026-04-24,yidhari,Yidhari,伊德海莉·墨菲,直伤主C,S,3.82,25732,697,411,0.41,60.0,59.86,7.0,hf_builds,2.7.2/builds.json,https://huggingface.co/datasets/LvlUrArti/ShiyuDataProcessed/resolve/main/2.7.2/builds.json,ok
2.8.1,2026-05-11,da,危局强袭,1-3,首领 3,2.8.1,危局强袭 2.8.1,2026-05-08,2026-05-22,yidhari,Yidhari,伊德海莉·墨菲,直伤主C,S,0.0,0,1501,823,0.36,60.0,59.82,7.0,hf_builds,2.8.1/builds.json,https://huggingface.co/datasets/LvlUrArti/ShiyuDataProcessed/resolve/main/2.8.1/builds.json,ok
2.8.2,2026-06-02,da,危局强袭,1-3,首领 3,2.8.2,危局强袭 2.8.2,2026-05-22,2026-06-05,yidhari,Yidhari,伊德海莉·墨菲,直伤主C,S,0.02,0,1048,334,0.45,60.0,59.39,7.0,hf_builds,2.8.2/builds.json,https://huggingface.co/datasets/LvlUrArti/ShiyuDataProcessed/resolve/main/2.8.2/builds.json,ok
2.8.3,2026-06-15,da,危局强袭,1-3,首领 3,2.8.3,危局强袭 2.8.3,2026-06-05,2026-06-19,yidhari,Yidhari,伊德海莉·墨菲,直伤主C,S,0.0,0,1035,299,0.48,60.0,59.52,7.0,hf_builds,2.8.3/builds.json,https://huggingface.co/datasets/LvlUrArti/ShiyuDataProcessed/resolve/main/2.8.3/builds.json,ok
3.0.1,2026-06-21,da,危局强袭,1-3,首领 3,3.0.1,危局强袭 3.0.1,2026-06-19,2026-07-03,yidhari,Yidhari,伊德海莉·墨菲,直伤主C,S,3.14,30174,695,459,0.56,60.0,59.88,7.0,hf_builds,3.0.1/builds.json,https://huggingface.co/datasets/LvlUrArti/ShiyuDataProcessed/resolve/main/3.0.1/builds.json,ok
2.6.1,2026-02-17,da,危局强袭,1-3,首领 3,2.6.1,危局强袭 2.6.1,2026-02-13,2026-02-27,yixuan,Yixuan,仪玄,直伤主C,S,0.18,25578,12989,5676,0.49,60.0,59.91,7.0,hf_builds,2.6.1/builds.json,https://huggingface.co/datasets/LvlUrArti/ShiyuDataProcessed/resolve/main/2.6.1/builds.json,ok
2.6.2,2026-03-10,da,危局强袭,1-3,首领 3,2.6.2,危局强袭 2.6.2,2026-02-27,2026-03-13,yixuan,Yixuan,仪玄,直伤主C,S,52.91,29028,11476,7937,0.65,60.0,59.87,7.0,hf_builds,2.6.2/builds.json,https://huggingface.co/datasets/LvlUrArti/ShiyuDataProcessed/resolve/main/2.6.2/builds.json,ok
2.7.1,2026-03-31,da,危局强袭,1-3,首领 3,2.7.1,危局强袭 2.7.1,2026-03-27,2026-04-10,yixuan,Yixuan,仪玄,直伤主C,S,3.96,31915,12148,9357,0.57,60.0,59.9,7.0,hf_builds,2.7.1/builds.json,https://huggingface.co/datasets/LvlUrArti/ShiyuDataProcessed/resolve/main/2.7.1/builds.json,ok
2.7.2,2026-04-21,da,危局强袭,1-3,首领 3,2.7.2,危局强袭 2.7.2,2026-04-10,2026-04-24,yixuan,Yixuan,仪玄,直伤主C,S,7.3,24500,7209,5078,0.73,60.0,59.94,7.0,hf_builds,2.7.2/builds.json,https://huggingface.co/datasets/LvlUrArti/ShiyuDataProcessed/resolve/main/2.7.2/builds.json,ok
2.8.1,2026-05-11,da,危局强袭,1-3,首领 3,2.8.1,危局强袭 2.8.1,2026-05-08,2026-05-22,yixuan,Yixuan,仪玄,直伤主C,S,0.42,22445,9442,7424,0.7,60.0,59.94,7.0,hf_builds,2.8.1/builds.json,https://huggingface.co/datasets/LvlUrArti/ShiyuDataProcessed/resolve/main/2.8.1/builds.json,ok
2.8.2,2026-06-02,da,危局强袭,1-3,首领 3,2.8.2,危局强袭 2.8.2,2026-05-22,2026-06-05,yixuan,Yixuan,仪玄,直伤主C,S,28.58,18064,7388,2540,0.92,60.0,59.72,7.0,hf_builds,2.8.2/builds.json,https://huggingface.co/datasets/LvlUrArti/ShiyuDataProcessed/resolve/main/2.8.2/builds.json,ok
2.8.3,2026-06-15,da,危局强袭,1-3,首领 3,2.8.3,危局强袭 2.8.3,2026-06-05,2026-06-19,yixuan,Yixuan,仪玄,直伤主C,S,6.23,23488,5744,2315,0.86,60.0,59.96,7.0,hf_builds,2.8.3/builds.json,https://huggingface.co/datasets/LvlUrArti/ShiyuDataProcessed/resolve/main/2.8.3/builds.json,ok
3.0.1,2026-06-21,da,危局强袭,1-3,首领 3,3.0.1,危局强袭 3.0.1,2026-06-19,2026-07-03,yixuan,Yixuan,仪玄,直伤主C,S,10.14,30699,7154,6092,0.74,60.0,59.89,7.0,hf_builds,3.0.1/builds.json,https://huggingface.co/datasets/LvlUrArti/ShiyuDataProcessed/resolve/main/3.0.1/builds.json,ok
2.6.1,2026-02-17,da,危局强袭,1-3,首领 3,2.6.1,危局强袭 2.6.1,2026-02-13,2026-02-27,zhao,Zhao,照,辅助,S,0.6,24477,12285,662,0.04,59.99,59.26,6.91,hf_builds,2.6.1/builds.json,https://huggingface.co/datasets/LvlUrArti/ShiyuDataProcessed/resolve/main/2.6.1/builds.json,ok
2.6.2,2026-03-10,da,危局强袭,1-3,首领 3,2.6.2,危局强袭 2.6.2,2026-02-27,2026-03-13,zhao,Zhao,照,辅助,S,1.32,22665,13801,982,0.04,59.99,59.57,6.94,hf_builds,2.6.2/builds.json,https://huggingface.co/datasets/LvlUrArti/ShiyuDataProcessed/resolve/main/2.6.2/builds.json,ok
2.7.1,2026-03-31,da,危局强袭,1-3,首领 3,2.7.1,危局强袭 2.7.1,2026-03-27,2026-04-10,zhao,Zhao,照,辅助,S,17.75,25275,5709,545,0.05,60.0,59.48,6.95,hf_builds,2.7.1/builds.json,https://huggingface.co/datasets/LvlUrArti/ShiyuDataProcessed/resolve/main/2.7.1/builds.json,ok
2.7.2,2026-04-21,da,危局强袭,1-3,首领 3,2.7.2,危局强袭 2.7.2,2026-04-10,2026-04-24,zhao,Zhao,照,辅助,S,68.16,30536,14191,803,0.04,60.0,59.57,6.97,hf_builds,2.7.2/builds.json,https://huggingface.co/datasets/LvlUrArti/ShiyuDataProcessed/resolve/main/2.7.2/builds.json,ok
2.8.1,2026-05-11,da,危局强袭,1-3,首领 3,2.8.1,危局强袭 2.8.1,2026-05-08,2026-05-22,zhao,Zhao,照,辅助,S,52.46,29523,7914,615,0.04,59.99,59.41,6.98,hf_builds,2.8.1/builds.json,https://huggingface.co/datasets/LvlUrArti/ShiyuDataProcessed/resolve/main/2.8.1/builds.json,ok
2.8.2,2026-06-02,da,危局强袭,1-3,首领 3,2.8.2,危局强袭 2.8.2,2026-05-22,2026-06-05,zhao,Zhao,照,辅助,S,12.23,22630,11675,372,0.04,59.99,59.68,6.98,hf_builds,2.8.2/builds.json,https://huggingface.co/datasets/LvlUrArti/ShiyuDataProcessed/resolve/main/2.8.2/builds.json,ok
2.8.3,2026-06-15,da,危局强袭,1-3,首领 3,2.8.3,危局强袭 2.8.3,2026-06-05,2026-06-19,zhao,Zhao,照,辅助,S,37.97,31211,12166,326,0.04,60.0,59.54,6.99,hf_builds,2.8.3/builds.json,https://huggingface.co/datasets/LvlUrArti/ShiyuDataProcessed/resolve/main/2.8.3/builds.json,ok
3.0.1,2026-06-21,da,危局强袭,1-3,首领 3,3.0.1,危局强袭 3.0.1,2026-06-19,2026-07-03,zhao,Zhao,照,辅助,S,56.35,29435,9014,549,0.04,60.0,59.62,6.97,hf_builds,3.0.1/builds.json,https://huggingface.co/datasets/LvlUrArti/ShiyuDataProcessed/resolve/main/3.0.1/builds.json,ok
2.6.1,2026-02-17,da,危局强袭,1-3,首领 3,2.6.1,危局强袭 2.6.1,2026-02-13,2026-02-27,zhu-yuan,Zhu Yuan,朱鸢,直伤主C,S,0.0,0,83,24,0.82,60.0,57.08,7.0,hf_builds,2.6.1/builds.json,https://huggingface.co/datasets/LvlUrArti/ShiyuDataProcessed/resolve/main/2.6.1/builds.json,ok
2.6.2,2026-03-10,da,危局强袭,1-3,首领 3,2.6.2,危局强袭 2.6.2,2026-02-27,2026-03-13,zhu-yuan,Zhu Yuan,朱鸢,直伤主C,S,0.0,0,25,19,0.62,60.0,60.0,7.0,hf_builds,2.6.2/builds.json,https://huggingface.co/datasets/LvlUrArti/ShiyuDataProcessed/resolve/main/2.6.2/builds.json,ok
2.7.1,2026-03-31,da,危局强袭,1-3,首领 3,2.7.1,危局强袭 2.7.1,2026-03-27,2026-04-10,zhu-yuan,Zhu Yuan,朱鸢,直伤主C,S,0.16,0,57,42,0.83,60.0,58.8,7.0,hf_builds,2.7.1/builds.json,https://huggingface.co/datasets/LvlUrArti/ShiyuDataProcessed/resolve/main/2.7.1/builds.json,ok
2.7.2,2026-04-21,da,危局强袭,1-3,首领 3,2.7.2,危局强袭 2.7.2,2026-04-10,2026-04-24,zhu-yuan,Zhu Yuan,朱鸢,直伤主C,S,0.03,0,45,30,0.92,60.0,59.23,7.0,hf_builds,2.7.2/builds.json,https://huggingface.co/datasets/LvlUrArti/ShiyuDataProcessed/resolve/main/2.7.2/builds.json,ok
2.8.1,2026-05-11,da,危局强袭,1-3,首领 3,2.8.1,危局强袭 2.8.1,2026-05-08,2026-05-22,zhu-yuan,Zhu Yuan,朱鸢,直伤主C,S,0.01,0,6,9,1.1,60.0,55.76,7.0,hf_builds,2.8.1/builds.json,https://huggingface.co/datasets/LvlUrArti/ShiyuDataProcessed/resolve/main/2.8.1/builds.json,ok
2.8.2,2026-06-02,da,危局强袭,1-3,首领 3,2.8.2,危局强袭 2.8.2,2026-05-22,2026-06-05,zhu-yuan,Zhu Yuan,朱鸢,直伤主C,S,0.15,10378,32,6,0.76,60.0,60.0,6.74,hf_builds,2.8.2/builds.json,https://huggingface.co/datasets/LvlUrArti/ShiyuDataProcessed/resolve/main/2.8.2/builds.json,ok
2.8.3,2026-06-15,da,危局强袭,1-3,首领 3,2.8.3,危局强袭 2.8.3,2026-06-05,2026-06-19,zhu-yuan,Zhu Yuan,朱鸢,直伤主C,S,0.02,0,11,7,1.6,60.0,60.0,7.0,hf_builds,2.8.3/builds.json,https://huggingface.co/datasets/LvlUrArti/ShiyuDataProcessed/resolve/main/2.8.3/builds.json,ok
3.0.1,2026-06-21,da,危局强袭,1-3,首领 3,3.0.1,危局强袭 3.0.1,2026-06-19,2026-07-03,zhu-yuan,Zhu Yuan,朱鸢,直伤主C,S,0.01,0,50,41,0.98,60.0,60.0,7.0,hf_builds,3.0.1/builds.json,https://huggingface.co/datasets/LvlUrArti/ShiyuDataProcessed/resolve/main/3.0.1/builds.json,ok
2.6.1,2026-02-17,da,危局强袭,all,全部,2.6.1,危局强袭 2.6.1,2026-02-13,2026-02-27,alice,Alice Thymefield,爱丽丝·泰姆菲尔德,异常主C,S,9.76,28472,1791,702,0.46,59.99,59.88,6.99,hf_builds,2.6.1/builds.json,https://huggingface.co/datasets/LvlUrArti/ShiyuDataProcessed/resolve/main/2.6.1/builds.json,ok
2.6.2,2026-03-10,da,危局强袭,all,全部,2.6.2,危局强袭 2.6.2,2026-02-27,2026-03-13,alice,Alice Thymefield,爱丽丝·泰姆菲尔德,异常主C,S,8.48,22168,1823,1044,0.45,60.0,59.84,7.0,hf_builds,2.6.2/builds.json,https://huggingface.co/datasets/LvlUrArti/ShiyuDataProcessed/resolve/main/2.6.2/builds.json,ok
2.7.1,2026-03-31,da,危局强袭,all,全部,2.7.1,危局强袭 2.7.1,2026-03-27,2026-04-10,alice,Alice Thymefield,爱丽丝·泰姆菲尔德,异常主C,S,5.44,22417,958,733,0.55,60.0,59.82,7.0,hf_builds,2.7.1/builds.json,https://huggingface.co/datasets/LvlUrArti/ShiyuDataProcessed/resolve/main/2.7.1/builds.json,ok
2.7.2,2026-04-21,da,危局强袭,all,全部,2.7.2,危局强袭 2.7.2,2026-04-10,2026-04-24,alice,Alice Thymefield,爱丽丝·泰姆菲尔德,异常主C,S,7.95,24319,1615,863,0.56,60.0,59.96,7.0,hf_builds,2.7.2/builds.json,https://huggingface.co/datasets/LvlUrArti/ShiyuDataProcessed/resolve/main/2.7.2/builds.json,ok
2.8.1,2026-05-11,da,危局强袭,all,全部,2.8.1,危局强袭 2.8.1,2026-05-08,2026-05-22,alice,Alice Thymefield,爱丽丝·泰姆菲尔德,异常主C,S,0.49,21511,79,88,0.69,59.99,59.84,7.0,hf_builds,2.8.1/builds.json,https://huggingface.co/datasets/LvlUrArti/ShiyuDataProcessed/resolve/main/2.8.1/builds.json,ok
2.8.2,2026-06-02,da,危局强袭,all,全部,2.8.2,危局强袭 2.8.2,2026-05-22,2026-06-05,alice,Alice Thymefield,爱丽丝·泰姆菲尔德,异常主C,S,6.14,19786,1128,304,0.49,60.0,59.86,7.0,hf_builds,2.8.2/builds.json,https://huggingface.co/datasets/LvlUrArti/ShiyuDataProcessed/resolve/main/2.8.2/builds.json,ok
2.8.3,2026-06-15,da,危局强袭,all,全部,2.8.3,危局强袭 2.8.3,2026-06-05,2026-06-19,alice,Alice Thymefield,爱丽丝·泰姆菲尔德,异常主C,S,14.69,27174,2785,665,0.41,60.0,59.93,7.0,hf_builds,2.8.3/builds.json,https://huggingface.co/datasets/LvlUrArti/ShiyuDataProcessed/resolve/main/2.8.3/builds.json,ok
3.0.1,2026-06-21,da,危局强袭,all,全部,3.0.1,危局强袭 3.0.1,2026-06-19,2026-07-03,alice,Alice Thymefield,爱丽丝·泰姆菲尔德,异常主C,S,6.53,25807,1054,681,0.57,60.0,59.72,7.0,hf_builds,3.0.1/builds.json,https://huggingface.co/datasets/LvlUrArti/ShiyuDataProcessed/resolve/main/3.0.1/builds.json,ok
2.6.1,2026-02-17,da,危局强袭,all,全部,2.6.1,危局强袭 2.6.1,2026-02-13,2026-02-27,anby-demara,Anby Demara,安比·德玛拉,辅助,A,0.03,0,6,0,5.85,60.0,60.0,7.0,hf_builds,2.6.1/builds.json,https://huggingface.co/datasets/LvlUrArti/ShiyuDataProcessed/resolve/main/2.6.1/builds.json,ok
2.6.2,2026-03-10,da,危局强袭,all,全部,2.6.2,危局强袭 2.6.2,2026-02-27,2026-03-13,anby-demara,Anby Demara,安比·德玛拉,辅助,A,0.05,0,11,2,5.88,60.0,60.0,7.0,hf_builds,2.6.2/builds.json,https://huggingface.co/datasets/LvlUrArti/ShiyuDataProcessed/resolve/main/2.6.2/builds.json,ok
2.7.1,2026-03-31,da,危局强袭,all,全部,2.7.1,危局强袭 2.7.1,2026-03-27,2026-04-10,anby-demara,Anby Demara,安比·德玛拉,辅助,A,0.03,0,6,1,5.54,60.0,60.0,7.0,hf_builds,2.7.1/builds.json,https://huggingface.co/datasets/LvlUrArti/ShiyuDataProcessed/resolve/main/2.7.1/builds.json,ok
2.7.2,2026-04-21,da,危局强袭,all,全部,2.7.2,危局强袭 2.7.2,2026-04-10,2026-04-24,anby-demara,Anby Demara,安比·德玛拉,辅助,A,0.05,0,10,3,5.69,60.0,60.0,7.0,hf_builds,2.7.2/builds.json,https://huggingface.co/datasets/LvlUrArti/ShiyuDataProcessed/resolve/main/2.7.2/builds.json,ok
2.8.1,2026-05-11,da,危局强袭,all,全部,2.8.1,危局强袭 2.8.1,2026-05-08,2026-05-22,anby-demara,Anby Demara,安比·德玛拉,辅助,A,0.06,0,9,2,6.0,60.0,60.0,7.0,hf_builds,2.8.1/builds.json,https://huggingface.co/datasets/LvlUrArti/ShiyuDataProcessed/resolve/main/2.8.1/builds.json,ok
2.8.2,2026-06-02,da,危局强袭,all,全部,2.8.2,危局强袭 2.8.2,2026-05-22,2026-06-05,anby-demara,Anby Demara,安比·德玛拉,辅助,A,0.1,0,18,0,5.6,0.0,0.0,0.0,hf_builds,2.8.2/builds.json,https://huggingface.co/datasets/LvlUrArti/ShiyuDataProcessed/resolve/main/2.8.2/builds.json,ok
2.8.3,2026-06-15,da,危局强袭,all,全部,2.8.3,危局强袭 2.8.3,2026-06-05,2026-06-19,anby-demara,Anby Demara,安比·德玛拉,辅助,A,0.08,0,15,1,6.0,60.0,60.0,7.0,hf_builds,2.8.3/builds.json,https://huggingface.co/datasets/LvlUrArti/ShiyuDataProcessed/resolve/main/2.8.3/builds.json,ok
3.0.1,2026-06-21,da,危局强袭,all,全部,3.0.1,危局强袭 3.0.1,2026-06-19,2026-07-03,anby-demara,Anby Demara,安比·德玛拉,辅助,A,0.04,0,6,1,6.0,60.0,60.0,7.0,hf_builds,3.0.1/builds.json,https://huggingface.co/datasets/LvlUrArti/ShiyuDataProcessed/resolve/main/3.0.1/builds.json,ok
2.6.1,2026-02-17,da,危局强袭,all,全部,2.6.1,危局强袭 2.6.1,2026-02-13,2026-02-27,anby-demara-soldier-0,Soldier 0 - Anby,零号·安比,直伤主C,S,3.31,23678,608,307,0.31,59.99,59.73,7.0,hf_builds,2.6.1/builds.json,https://huggingface.co/datasets/LvlUrArti/ShiyuDataProcessed/resolve/main/2.6.1/builds.json,ok
2.6.2,2026-03-10,da,危局强袭,all,全部,2.6.2,危局强袭 2.6.2,2026-02-27,2026-03-13,anby-demara-soldier-0,Soldier 0 - Anby,零号·安比,直伤主C,S,22.18,24328,4765,2245,0.35,59.99,59.86,7.0,hf_builds,2.6.2/builds.json,https://huggingface.co/datasets/LvlUrArti/ShiyuDataProcessed/resolve/main/2.6.2/builds.json,ok
2.7.1,2026-03-31,da,危局强袭,all,全部,2.7.1,危局强袭 2.7.1,2026-03-27,2026-04-10,anby-demara-soldier-0,Soldier 0 - Anby,零号·安比,直伤主C,S,2.51,22921,442,433,1.03,60.0,59.93,7.0,hf_builds,2.7.1/builds.json,https://huggingface.co/datasets/LvlUrArti/ShiyuDataProcessed/resolve/main/2.7.1/builds.json,ok
2.7.2,2026-04-21,da,危局强袭,all,全部,2.7.2,危局强袭 2.7.2,2026-04-10,2026-04-24,anby-demara-soldier-0,Soldier 0 - Anby,零号·安比,直伤主C,S,24.57,26997,4988,2142,0.35,60.0,59.72,7.0,hf_builds,2.7.2/builds.json,https://huggingface.co/datasets/LvlUrArti/ShiyuDataProcessed/resolve/main/2.7.2/builds.json,ok
2.8.1,2026-05-11,da,危局强袭,all,全部,2.8.1,危局强袭 2.8.1,2026-05-08,2026-05-22,anby-demara-soldier-0,Soldier 0 - Anby,零号·安比,直伤主C,S,14.05,26686,2282,1479,0.38,59.99,59.74,7.0,hf_builds,2.8.1/builds.json,https://huggingface.co/datasets/LvlUrArti/ShiyuDataProcessed/resolve/main/2.8.1/builds.json,ok
2.8.2,2026-06-02,da,危局强袭,all,全部,2.8.2,危局强袭 2.8.2,2026-05-22,2026-06-05,anby-demara-soldier-0,Soldier 0 - Anby,零号·安比,直伤主C,S,1.37,15661,251,84,0.4,60.0,59.88,7.0,hf_builds,2.8.2/builds.json,https://huggingface.co/datasets/LvlUrArti/ShiyuDataProcessed/resolve/main/2.8.2/builds.json,ok
2.8.3,2026-06-15,da,危局强袭,all,全部,2.8.3,危局强袭 2.8.3,2026-06-05,2026-06-19,anby-demara-soldier-0,Soldier 0 - Anby,零号·安比,直伤主C,S,18.44,24667,3496,897,0.43,60.0,59.67,7.0,hf_builds,2.8.3/builds.json,https://huggingface.co/datasets/LvlUrArti/ShiyuDataProcessed/resolve/main/2.8.3/builds.json,ok
3.0.1,2026-06-21,da,危局强袭,all,全部,3.0.1,危局强袭 3.0.1,2026-06-19,2026-07-03,anby-demara-soldier-0,Soldier 0 - Anby,零号·安比,直伤主C,S,1.12,22325,181,195,0.74,60.0,59.8,7.0,hf_builds,3.0.1/builds.json,https://huggingface.co/datasets/LvlUrArti/ShiyuDataProcessed/resolve/main/3.0.1/builds.json,ok
2.6.1,2026-02-17,da,危局强袭,all,全部,2.6.1,危局强袭 2.6.1,2026-02-13,2026-02-27,anton,Anton Ivanov,安东·伊万诺夫,直伤主C,A,0.0,0,0,0,6.0,60.0,60.0,7.0,hf_builds,2.6.1/builds.json,https://huggingface.co/datasets/LvlUrArti/ShiyuDataProcessed/resolve/main/2.6.1/builds.json,ok
2.6.2,2026-03-10,da,危局强袭,all,全部,2.6.2,危局强袭 2.6.2,2026-02-27,2026-03-13,anton,Anton Ivanov,安东·伊万诺夫,直伤主C,A,0.07,0,15,11,6.0,60.0,60.0,7.0,hf_builds,2.6.2/builds.json,https://huggingface.co/datasets/LvlUrArti/ShiyuDataProcessed/resolve/main/2.6.2/builds.json,ok
2.7.1,2026-03-31,da,危局强袭,all,全部,2.7.1,危局强袭 2.7.1,2026-03-27,2026-04-10,anton,Anton Ivanov,安东·伊万诺夫,直伤主C,A,0.01,0,1,2,0.0,0.0,0.0,0.0,hf_builds,2.7.1/builds.json,https://huggingface.co/datasets/LvlUrArti/ShiyuDataProcessed/resolve/main/2.7.1/builds.json,ok
2.7.2,2026-04-21,da,危局强袭,all,全部,2.7.2,危局强袭 2.7.2,2026-04-10,2026-04-24,anton,Anton Ivanov,安东·伊万诺夫,直伤主C,A,0.03,0,6,2,6.0,60.0,60.0,7.0,hf_builds,2.7.2/builds.json,https://huggingface.co/datasets/LvlUrArti/ShiyuDataProcessed/resolve/main/2.7.2/builds.json,ok
2.8.1,2026-05-11,da,危局强袭,all,全部,2.8.1,危局强袭 2.8.1,2026-05-08,2026-05-22,anton,Anton Ivanov,安东·伊万诺夫,直伤主C,A,0.1,0,16,12,6.0,60.0,60.0,6.94,hf_builds,2.8.1/builds.json,https://huggingface.co/datasets/LvlUrArti/ShiyuDataProcessed/resolve/main/2.8.1/builds.json,ok
2.8.2,2026-06-02,da,危局强袭,all,全部,2.8.2,危局强袭 2.8.2,2026-05-22,2026-06-05,anton,Anton Ivanov,安东·伊万诺夫,直伤主C,A,0.03,0,5,0,6.0,60.0,60.0,7.0,hf_builds,2.8.2/builds.json,https://huggingface.co/datasets/LvlUrArti/ShiyuDataProcessed/resolve/main/2.8.2/builds.json,ok
2.8.3,2026-06-15,da,危局强袭,all,全部,2.8.3,危局强袭 2.8.3,2026-06-05,2026-06-19,anton,Anton Ivanov,安东·伊万诺夫,直伤主C,A,0.05,0,10,6,6.0,60.0,53.75,7.0,hf_builds,2.8.3/builds.json,https://huggingface.co/datasets/LvlUrArti/ShiyuDataProcessed/resolve/main/2.8.3/builds.json,ok
3.0.1,2026-06-21,da,危局强袭,all,全部,3.0.1,危局强袭 3.0.1,2026-06-19,2026-07-03,anton,Anton Ivanov,安东·伊万诺夫,直伤主C,A,0.0,0,0,0,6.0,60.0,60.0,7.0,hf_builds,3.0.1/builds.json,https://huggingface.co/datasets/LvlUrArti/ShiyuDataProcessed/resolve/main/3.0.1/builds.json,ok
2.6.2,2026-03-10,da,危局强袭,all,全部,2.6.2,危局强袭 2.6.2,2026-02-27,2026-03-13,aria,Aria,爱芮,异常主C,S,20.21,32957,4343,1786,0.14,59.98,59.82,6.96,hf_builds,2.6.2/builds.json,https://huggingface.co/datasets/LvlUrArti/ShiyuDataProcessed/resolve/main/2.6.2/builds.json,ok
2.7.1,2026-03-31,da,危局强袭,all,全部,2.7.1,危局强袭 2.7.1,2026-03-27,2026-04-10,aria,Aria,爱芮,异常主C,S,34.8,28937,6129,3212,0.13,60.0,59.79,6.99,hf_builds,2.7.1/builds.json,https://huggingface.co/datasets/LvlUrArti/ShiyuDataProcessed/resolve/main/2.7.1/builds.json,ok
2.7.2,2026-04-21,da,危局强袭,all,全部,2.7.2,危局强袭 2.7.2,2026-04-10,2026-04-24,aria,Aria,爱芮,异常主C,S,40.2,33634,8161,3364,0.11,60.0,59.82,6.99,hf_builds,2.7.2/builds.json,https://huggingface.co/datasets/LvlUrArti/ShiyuDataProcessed/resolve/main/2.7.2/builds.json,ok
2.8.1,2026-05-11,da,危局强袭,all,全部,2.8.1,危局强袭 2.8.1,2026-05-08,2026-05-22,aria,Aria,爱芮,异常主C,S,7.08,26051,1149,856,0.17,60.0,59.44,6.99,hf_builds,2.8.1/builds.json,https://huggingface.co/datasets/LvlUrArti/ShiyuDataProcessed/resolve/main/2.8.1/builds.json,ok
2.8.2,2026-06-02,da,危局强袭,all,全部,2.8.2,危局强袭 2.8.2,2026-05-22,2026-06-05,aria,Aria,爱芮,异常主C,S,37.1,27084,6813,1708,0.16,59.99,59.56,6.99,hf_builds,2.8.2/builds.json,https://huggingface.co/datasets/LvlUrArti/ShiyuDataProcessed/resolve/main/2.8.2/builds.json,ok
2.8.3,2026-06-15,da,危局强袭,all,全部,2.8.3,危局强袭 2.8.3,2026-06-05,2026-06-19,aria,Aria,爱芮,异常主C,S,12.99,30665,2462,678,0.25,60.0,59.86,7.0,hf_builds,2.8.3/builds.json,https://huggingface.co/datasets/LvlUrArti/ShiyuDataProcessed/resolve/main/2.8.3/builds.json,ok
3.0.1,2026-06-21,da,危局强袭,all,全部,3.0.1,危局强袭 3.0.1,2026-06-19,2026-07-03,aria,Aria,爱芮,异常主C,S,15.48,29554,2500,1463,0.27,60.0,59.71,7.0,hf_builds,3.0.1/builds.json,https://huggingface.co/datasets/LvlUrArti/ShiyuDataProcessed/resolve/main/3.0.1/builds.json,ok
2.6.1,2026-02-17,da,危局强袭,all,全部,2.6.1,危局强袭 2.6.1,2026-02-13,2026-02-27,astra-yao,Astra Yao,耀嘉音,辅助,S,33.93,25525,6227,1187,0.33,60.0,59.3,6.99,hf_builds,2.6.1/builds.json,https://huggingface.co/datasets/LvlUrArti/ShiyuDataProcessed/resolve/main/2.6.1/builds.json,ok
2.6.2,2026-03-10,da,危局强袭,all,全部,2.6.2,危局强袭 2.6.2,2026-02-27,2026-03-13,astra-yao,Astra Yao,耀嘉音,辅助,S,33.91,24372,7286,1839,0.38,60.0,59.56,6.99,hf_builds,2.6.2/builds.json,https://huggingface.co/datasets/LvlUrArti/ShiyuDataProcessed/resolve/main/2.6.2/builds.json,ok
2.7.1,2026-03-31,da,危局强袭,all,全部,2.7.1,危局强袭 2.7.1,2026-03-27,2026-04-10,astra-yao,Astra Yao,耀嘉音,辅助,S,31.51,24346,5549,1662,0.39,60.0,59.39,6.99,hf_builds,2.7.1/builds.json,https://huggingface.co/datasets/LvlUrArti/ShiyuDataProcessed/resolve/main/2.7.1/builds.json,ok
2.7.2,2026-04-21,da,危局强袭,all,全部,2.7.2,危局强袭 2.7.2,2026-04-10,2026-04-24,astra-yao,Astra Yao,耀嘉音,辅助,S,36.32,25063,7375,1514,0.4,60.0,59.63,7.0,hf_builds,2.7.2/builds.json,https://huggingface.co/datasets/LvlUrArti/ShiyuDataProcessed/resolve/main/2.7.2/builds.json,ok
2.8.1,2026-05-11,da,危局强袭,all,全部,2.8.1,危局强袭 2.8.1,2026-05-08,2026-05-22,astra-yao,Astra Yao,耀嘉音,辅助,S,29.34,25345,4765,1261,0.4,60.0,59.65,6.99,hf_builds,2.8.1/builds.json,https://huggingface.co/datasets/LvlUrArti/ShiyuDataProcessed/resolve/main/2.8.1/builds.json,ok
2.8.2,2026-06-02,da,危局强袭,all,全部,2.8.2,危局强袭 2.8.2,2026-05-22,2026-06-05,astra-yao,Astra Yao,耀嘉音,辅助,S,30.7,20343,5638,668,0.38,60.0,59.75,6.99,hf_builds,2.8.2/builds.json,https://huggingface.co/datasets/LvlUrArti/ShiyuDataProcessed/resolve/main/2.8.2/builds.json,ok
2.8.3,2026-06-15,da,危局强袭,all,全部,2.8.3,危局强袭 2.8.3,2026-06-05,2026-06-19,astra-yao,Astra Yao,耀嘉音,辅助,S,35.89,25527,6803,719,0.4,60.0,59.79,6.99,hf_builds,2.8.3/builds.json,https://huggingface.co/datasets/LvlUrArti/ShiyuDataProcessed/resolve/main/2.8.3/builds.json,ok
3.0.1,2026-06-21,da,危局强袭,all,全部,3.0.1,危局强袭 3.0.1,2026-06-19,2026-07-03,astra-yao,Astra Yao,耀嘉音,辅助,S,31.88,25204,5147,1353,0.4,60.0,59.63,6.99,hf_builds,3.0.1/builds.json,https://huggingface.co/datasets/LvlUrArti/ShiyuDataProcessed/resolve/main/3.0.1/builds.json,ok
2.6.1,2026-02-17,da,危局强袭,all,全部,2.6.1,危局强袭 2.6.1,2026-02-13,2026-02-27,banyue,Banyue,般岳,直伤主C,S,2.01,25399,369,185,0.51,60.0,59.38,7.0,hf_builds,2.6.1/builds.json,https://huggingface.co/datasets/LvlUrArti/ShiyuDataProcessed/resolve/main/2.6.1/builds.json,ok
2.6.2,2026-03-10,da,危局强袭,all,全部,2.6.2,危局强袭 2.6.2,2026-02-27,2026-03-13,banyue,Banyue,般岳,直伤主C,S,5.32,29483,1144,804,0.39,60.0,59.9,7.0,hf_builds,2.6.2/builds.json,https://huggingface.co/datasets/LvlUrArti/ShiyuDataProcessed/resolve/main/2.6.2/builds.json,ok
2.7.1,2026-03-31,da,危局强袭,all,全部,2.7.1,危局强袭 2.7.1,2026-03-27,2026-04-10,banyue,Banyue,般岳,直伤主C,S,1.78,26365,314,314,0.59,60.0,59.75,7.0,hf_builds,2.7.1/builds.json,https://huggingface.co/datasets/LvlUrArti/ShiyuDataProcessed/resolve/main/2.7.1/builds.json,ok
2.7.2,2026-04-21,da,危局强袭,all,全部,2.7.2,危局强袭 2.7.2,2026-04-10,2026-04-24,banyue,Banyue,般岳,直伤主C,S,0.99,24362,200,172,0.66,60.0,59.98,7.0,hf_builds,2.7.2/builds.json,https://huggingface.co/datasets/LvlUrArti/ShiyuDataProcessed/resolve/main/2.7.2/builds.json,ok
2.8.1,2026-05-11,da,危局强袭,all,全部,2.8.1,危局强袭 2.8.1,2026-05-08,2026-05-22,banyue,Banyue,般岳,直伤主C,S,4.83,26837,785,666,0.51,60.0,59.97,7.0,hf_builds,2.8.1/builds.json,https://huggingface.co/datasets/LvlUrArti/ShiyuDataProcessed/resolve/main/2.8.1/builds.json,ok
2.8.2,2026-06-02,da,危局强袭,all,全部,2.8.2,危局强袭 2.8.2,2026-05-22,2026-06-05,banyue,Banyue,般岳,直伤主C,S,1.18,23297,217,101,0.47,60.0,59.11,7.0,hf_builds,2.8.2/builds.json,https://huggingface.co/datasets/LvlUrArti/ShiyuDataProcessed/resolve/main/2.8.2/builds.json,ok
2.8.3,2026-06-15,da,危局强袭,all,全部,2.8.3,危局强袭 2.8.3,2026-06-05,2026-06-19,banyue,Banyue,般岳,直伤主C,S,0.74,26785,141,67,0.67,60.0,60.0,7.0,hf_builds,2.8.3/builds.json,https://huggingface.co/datasets/LvlUrArti/ShiyuDataProcessed/resolve/main/2.8.3/builds.json,ok
3.0.1,2026-06-21,da,危局强袭,all,全部,3.0.1,危局强袭 3.0.1,2026-06-19,2026-07-03,banyue,Banyue,般岳,直伤主C,S,0.56,28623,90,91,0.67,60.0,59.21,7.0,hf_builds,3.0.1/builds.json,https://huggingface.co/datasets/LvlUrArti/ShiyuDataProcessed/resolve/main/3.0.1/builds.json,ok
2.6.1,2026-02-17,da,危局强袭,all,全部,2.6.1,危局强袭 2.6.1,2026-02-13,2026-02-27,ben,Ben Bigger,本·比格,直伤主C,A,0.04,0,8,4,6.0,60.0,60.0,7.0,hf_builds,2.6.1/builds.json,https://huggingface.co/datasets/LvlUrArti/ShiyuDataProcessed/resolve/main/2.6.1/builds.json,ok
2.6.2,2026-03-10,da,危局强袭,all,全部,2.6.2,危局强袭 2.6.2,2026-02-27,2026-03-13,ben,Ben Bigger,本·比格,直伤主C,A,0.02,0,4,3,6.0,60.0,60.0,7.0,hf_builds,2.6.2/builds.json,https://huggingface.co/datasets/LvlUrArti/ShiyuDataProcessed/resolve/main/2.6.2/builds.json,ok
2.7.1,2026-03-31,da,危局强袭,all,全部,2.7.1,危局强袭 2.7.1,2026-03-27,2026-04-10,ben,Ben Bigger,本·比格,直伤主C,A,0.04,0,7,9,6.0,60.0,60.0,7.0,hf_builds,2.7.1/builds.json,https://huggingface.co/datasets/LvlUrArti/ShiyuDataProcessed/resolve/main/2.7.1/builds.json,ok
2.7.2,2026-04-21,da,危局强袭,all,全部,2.7.2,危局强袭 2.7.2,2026-04-10,2026-04-24,ben,Ben Bigger,本·比格,直伤主C,A,0.02,0,5,5,6.0,60.0,60.0,7.0,hf_builds,2.7.2/builds.json,https://huggingface.co/datasets/LvlUrArti/ShiyuDataProcessed/resolve/main/2.7.2/builds.json,ok
2.8.1,2026-05-11,da,危局强袭,all,全部,2.8.1,危局强袭 2.8.1,2026-05-08,2026-05-22,ben,Ben Bigger,本·比格,直伤主C,A,0.02,0,4,4,6.0,60.0,60.0,7.0,hf_builds,2.8.1/builds.json,https://huggingface.co/datasets/LvlUrArti/ShiyuDataProcessed/resolve/main/2.8.1/builds.json,ok
2.8.2,2026-06-02,da,危局强袭,all,全部,2.8.2,危局强袭 2.8.2,2026-05-22,2026-06-05,ben,Ben Bigger,本·比格,直伤主C,A,0.01,0,2,1,6.0,60.0,60.0,7.0,hf_builds,2.8.2/builds.json,https://huggingface.co/datasets/LvlUrArti/ShiyuDataProcessed/resolve/main/2.8.2/builds.json,ok
2.8.3,2026-06-15,da,危局强袭,all,全部,2.8.3,危局强袭 2.8.3,2026-06-05,2026-06-19,ben,Ben Bigger,本·比格,直伤主C,A,0.02,0,3,3,6.0,60.0,60.0,7.0,hf_builds,2.8.3/builds.json,https://huggingface.co/datasets/LvlUrArti/ShiyuDataProcessed/resolve/main/2.8.3/builds.json,ok
3.0.1,2026-06-21,da,危局强袭,all,全部,3.0.1,危局强袭 3.0.1,2026-06-19,2026-07-03,ben,Ben Bigger,本·比格,直伤主C,A,0.02,0,4,3,6.0,60.0,60.0,7.0,hf_builds,3.0.1/builds.json,https://huggingface.co/datasets/LvlUrArti/ShiyuDataProcessed/resolve/main/3.0.1/builds.json,ok
2.6.1,2026-02-17,da,危局强袭,all,全部,2.6.1,危局强袭 2.6.1,2026-02-13,2026-02-27,billy-kid,Billy Kid,比利·奇德,直伤主C,A,0.24,20616,44,16,6.0,60.0,60.0,7.0,hf_builds,2.6.1/builds.json,https://huggingface.co/datasets/LvlUrArti/ShiyuDataProcessed/resolve/main/2.6.1/builds.json,ok
2.6.2,2026-03-10,da,危局强袭,all,全部,2.6.2,危局强袭 2.6.2,2026-02-27,2026-03-13,billy-kid,Billy Kid,比利·奇德,直伤主C,A,0.21,22312,46,32,6.0,60.0,60.0,7.0,hf_builds,2.6.2/builds.json,https://huggingface.co/datasets/LvlUrArti/ShiyuDataProcessed/resolve/main/2.6.2/builds.json,ok
2.7.1,2026-03-31,da,危局强袭,all,全部,2.7.1,危局强袭 2.7.1,2026-03-27,2026-04-10,billy-kid,Billy Kid,比利·奇德,直伤主C,A,0.03,0,6,8,6.0,60.0,60.0,7.0,hf_builds,2.7.1/builds.json,https://huggingface.co/datasets/LvlUrArti/ShiyuDataProcessed/resolve/main/2.7.1/builds.json,ok
2.7.2,2026-04-21,da,危局强袭,all,全部,2.7.2,危局强袭 2.7.2,2026-04-10,2026-04-24,billy-kid,Billy Kid,比利·奇德,直伤主C,A,0.23,22862,47,36,6.0,60.0,60.0,7.0,hf_builds,2.7.2/builds.json,https://huggingface.co/datasets/LvlUrArti/ShiyuDataProcessed/resolve/main/2.7.2/builds.json,ok
2.8.1,2026-05-11,da,危局强袭,all,全部,2.8.1,危局强袭 2.8.1,2026-05-08,2026-05-22,billy-kid,Billy Kid,比利·奇德,直伤主C,A,0.15,21542,25,17,6.0,60.0,60.0,7.0,hf_builds,2.8.1/builds.json,https://huggingface.co/datasets/LvlUrArti/ShiyuDataProcessed/resolve/main/2.8.1/builds.json,ok
2.8.2,2026-06-02,da,危局强袭,all,全部,2.8.2,危局强袭 2.8.2,2026-05-22,2026-06-05,billy-kid,Billy Kid,比利·奇德,直伤主C,A,0.08,0,14,1,6.0,60.0,60.0,7.0,hf_builds,2.8.2/builds.json,https://huggingface.co/datasets/LvlUrArti/ShiyuDataProcessed/resolve/main/2.8.2/builds.json,ok
2.8.3,2026-06-15,da,危局强袭,all,全部,2.8.3,危局强袭 2.8.3,2026-06-05,2026-06-19,billy-kid,Billy Kid,比利·奇德,直伤主C,A,0.12,21019,22,10,6.0,60.0,60.0,7.0,hf_builds,2.8.3/builds.json,https://huggingface.co/datasets/LvlUrArti/ShiyuDataProcessed/resolve/main/2.8.3/builds.json,ok
3.0.1,2026-06-21,da,危局强袭,all,全部,3.0.1,危局强袭 3.0.1,2026-06-19,2026-07-03,billy-kid,Billy Kid,比利·奇德,直伤主C,A,0.02,0,3,2,6.0,60.0,60.0,7.0,hf_builds,3.0.1/builds.json,https://huggingface.co/datasets/LvlUrArti/ShiyuDataProcessed/resolve/main/3.0.1/builds.json,ok
2.8.2,2026-06-02,da,危局强袭,all,全部,2.8.2,危局强袭 2.8.2,2026-05-22,2026-06-05,billy-starlight,Starlight - Billy,星徽·比利,直伤主C,S,7.38,31168,1356,445,0.26,59.99,59.27,6.99,hf_builds,2.8.2/builds.json,https://huggingface.co/datasets/LvlUrArti/ShiyuDataProcessed/resolve/main/2.8.2/builds.json,ok
2.8.3,2026-06-15,da,危局强袭,all,全部,2.8.3,危局强袭 2.8.3,2026-06-05,2026-06-19,billy-starlight,Starlight - Billy,星徽·比利,直伤主C,S,14.47,31642,2742,734,0.26,59.99,59.89,6.99,hf_builds,2.8.3/builds.json,https://huggingface.co/datasets/LvlUrArti/ShiyuDataProcessed/resolve/main/2.8.3/builds.json,ok
3.0.1,2026-06-21,da,危局强袭,all,全部,3.0.1,危局强袭 3.0.1,2026-06-19,2026-07-03,billy-starlight,Starlight - Billy,星徽·比利,直伤主C,S,10.84,32269,1750,1193,0.27,60.0,59.64,6.99,hf_builds,3.0.1/builds.json,https://huggingface.co/datasets/LvlUrArti/ShiyuDataProcessed/resolve/main/3.0.1/builds.json,ok
2.6.1,2026-02-17,da,危局强袭,all,全部,2.6.1,危局强袭 2.6.1,2026-02-13,2026-02-27,burnice,Burnice White,柏妮思·怀特,异常主C,S,7.09,27559,1301,273,0.37,60.0,59.65,6.99,hf_builds,2.6.1/builds.json,https://huggingface.co/datasets/LvlUrArti/ShiyuDataProcessed/resolve/main/2.6.1/builds.json,ok
2.6.2,2026-03-10,da,危局强袭,all,全部,2.6.2,危局强袭 2.6.2,2026-02-27,2026-03-13,burnice,Burnice White,柏妮思·怀特,异常主C,S,3.6,21365,774,245,0.41,60.0,59.79,7.0,hf_builds,2.6.2/builds.json,https://huggingface.co/datasets/LvlUrArti/ShiyuDataProcessed/resolve/main/2.6.2/builds.json,ok
2.7.1,2026-03-31,da,危局强袭,all,全部,2.7.1,危局强袭 2.7.1,2026-03-27,2026-04-10,burnice,Burnice White,柏妮思·怀特,异常主C,S,4.19,26000,738,250,0.34,60.0,59.65,6.99,hf_builds,2.7.1/builds.json,https://huggingface.co/datasets/LvlUrArti/ShiyuDataProcessed/resolve/main/2.7.1/builds.json,ok
2.7.2,2026-04-21,da,危局强袭,all,全部,2.7.2,危局强袭 2.7.2,2026-04-10,2026-04-24,burnice,Burnice White,柏妮思·怀特,异常主C,S,0.64,21471,130,59,0.47,60.0,59.97,6.99,hf_builds,2.7.2/builds.json,https://huggingface.co/datasets/LvlUrArti/ShiyuDataProcessed/resolve/main/2.7.2/builds.json,ok
2.8.1,2026-05-11,da,危局强袭,all,全部,2.8.1,危局强袭 2.8.1,2026-05-08,2026-05-22,burnice,Burnice White,柏妮思·怀特,异常主C,S,2.37,22690,385,156,0.51,60.0,59.82,7.0,hf_builds,2.8.1/builds.json,https://huggingface.co/datasets/LvlUrArti/ShiyuDataProcessed/resolve/main/2.8.1/builds.json,ok
2.8.2,2026-06-02,da,危局强袭,all,全部,2.8.2,危局强袭 2.8.2,2026-05-22,2026-06-05,burnice,Burnice White,柏妮思·怀特,异常主C,S,4.89,19027,898,139,0.4,60.0,59.93,7.0,hf_builds,2.8.2/builds.json,https://huggingface.co/datasets/LvlUrArti/ShiyuDataProcessed/resolve/main/2.8.2/builds.json,ok
2.8.3,2026-06-15,da,危局强袭,all,全部,2.8.3,危局强袭 2.8.3,2026-06-05,2026-06-19,burnice,Burnice White,柏妮思·怀特,异常主C,S,0.48,21230,91,29,0.52,60.0,59.84,6.98,hf_builds,2.8.3/builds.json,https://huggingface.co/datasets/LvlUrArti/ShiyuDataProcessed/resolve/main/2.8.3/builds.json,ok
3.0.1,2026-06-21,da,危局强袭,all,全部,3.0.1,危局强袭 3.0.1,2026-06-19,2026-07-03,burnice,Burnice White,柏妮思·怀特,异常主C,S,6.06,30331,978,322,0.43,60.0,58.93,6.99,hf_builds,3.0.1/builds.json,https://huggingface.co/datasets/LvlUrArti/ShiyuDataProcessed/resolve/main/3.0.1/builds.json,ok
2.6.1,2026-02-17,da,危局强袭,all,全部,2.6.1,危局强袭 2.6.1,2026-02-13,2026-02-27,caesar,Caesar King,凯撒·金,辅助,S,1.27,22605,233,54,0.5,60.0,58.18,6.97,hf_builds,2.6.1/builds.json,https://huggingface.co/datasets/LvlUrArti/ShiyuDataProcessed/resolve/main/2.6.1/builds.json,ok
2.6.2,2026-03-10,da,危局强袭,all,全部,2.6.2,危局强袭 2.6.2,2026-02-27,2026-03-13,caesar,Caesar King,凯撒·金,辅助,S,1.56,23544,336,85,0.54,60.0,59.55,7.0,hf_builds,2.6.2/builds.json,https://huggingface.co/datasets/LvlUrArti/ShiyuDataProcessed/resolve/main/2.6.2/builds.json,ok
2.7.1,2026-03-31,da,危局强袭,all,全部,2.7.1,危局强袭 2.7.1,2026-03-27,2026-04-10,caesar,Caesar King,凯撒·金,辅助,S,0.94,22711,165,72,0.72,60.0,59.15,6.99,hf_builds,2.7.1/builds.json,https://huggingface.co/datasets/LvlUrArti/ShiyuDataProcessed/resolve/main/2.7.1/builds.json,ok
2.7.2,2026-04-21,da,危局强袭,all,全部,2.7.2,危局强袭 2.7.2,2026-04-10,2026-04-24,caesar,Caesar King,凯撒·金,辅助,S,1.3,23802,264,63,0.65,60.0,59.67,6.99,hf_builds,2.7.2/builds.json,https://huggingface.co/datasets/LvlUrArti/ShiyuDataProcessed/resolve/main/2.7.2/builds.json,ok
2.8.1,2026-05-11,da,危局强袭,all,全部,2.8.1,危局强袭 2.8.1,2026-05-08,2026-05-22,caesar,Caesar King,凯撒·金,辅助,S,0.84,22513,137,44,0.67,60.0,59.87,7.0,hf_builds,2.8.1/builds.json,https://huggingface.co/datasets/LvlUrArti/ShiyuDataProcessed/resolve/main/2.8.1/builds.json,ok
2.8.2,2026-06-02,da,危局强袭,all,全部,2.8.2,危局强袭 2.8.2,2026-05-22,2026-06-05,caesar,Caesar King,凯撒·金,辅助,S,1.42,19574,261,39,0.64,60.0,59.88,7.0,hf_builds,2.8.2/builds.json,https://huggingface.co/datasets/LvlUrArti/ShiyuDataProcessed/resolve/main/2.8.2/builds.json,ok
2.8.3,2026-06-15,da,危局强袭,all,全部,2.8.3,危局强袭 2.8.3,2026-06-05,2026-06-19,caesar,Caesar King,凯撒·金,辅助,S,1.32,24334,250,55,0.67,60.0,59.56,6.98,hf_builds,2.8.3/builds.json,https://huggingface.co/datasets/LvlUrArti/ShiyuDataProcessed/resolve/main/2.8.3/builds.json,ok
3.0.1,2026-06-21,da,危局强袭,all,全部,3.0.1,危局强袭 3.0.1,2026-06-19,2026-07-03,caesar,Caesar King,凯撒·金,辅助,S,1.16,24810,188,86,0.64,60.0,59.45,6.99,hf_builds,3.0.1/builds.json,https://huggingface.co/datasets/LvlUrArti/ShiyuDataProcessed/resolve/main/3.0.1/builds.json,ok
2.7.2,2026-04-21,da,危局强袭,all,全部,2.7.2,危局强袭 2.7.2,2026-04-10,2026-04-24,cissia,Cissia,希希芙,直伤主C,S,5.59,32621,1135,430,0.12,59.98,59.86,6.95,hf_builds,2.7.2/builds.json,https://huggingface.co/datasets/LvlUrArti/ShiyuDataProcessed/resolve/main/2.7.2/builds.json,ok
2.8.1,2026-05-11,da,危局强袭,all,全部,2.8.1,危局强袭 2.8.1,2026-05-08,2026-05-22,cissia,Cissia,希希芙,直伤主C,S,12.01,29913,1951,851,0.14,60.0,59.97,6.98,hf_builds,2.8.1/builds.json,https://huggingface.co/datasets/LvlUrArti/ShiyuDataProcessed/resolve/main/2.8.1/builds.json,ok
2.8.2,2026-06-02,da,危局强袭,all,全部,2.8.2,危局强袭 2.8.2,2026-05-22,2026-06-05,cissia,Cissia,希希芙,直伤主C,S,1.57,18367,288,74,0.19,60.0,59.87,6.99,hf_builds,2.8.2/builds.json,https://huggingface.co/datasets/LvlUrArti/ShiyuDataProcessed/resolve/main/2.8.2/builds.json,ok
2.8.3,2026-06-15,da,危局强袭,all,全部,2.8.3,危局强袭 2.8.3,2026-06-05,2026-06-19,cissia,Cissia,希希芙,直伤主C,S,13.38,29412,2536,481,0.17,60.0,59.62,6.99,hf_builds,2.8.3/builds.json,https://huggingface.co/datasets/LvlUrArti/ShiyuDataProcessed/resolve/main/2.8.3/builds.json,ok
3.0.1,2026-06-21,da,危局强袭,all,全部,3.0.1,危局强袭 3.0.1,2026-06-19,2026-07-03,cissia,Cissia,希希芙,直伤主C,S,1.46,25852,236,179,0.36,60.0,59.85,6.99,hf_builds,3.0.1/builds.json,https://huggingface.co/datasets/LvlUrArti/ShiyuDataProcessed/resolve/main/3.0.1/builds.json,ok
2.6.1,2026-02-17,da,危局强袭,all,全部,2.6.1,危局强袭 2.6.1,2026-02-13,2026-02-27,corin,Corin Wickes,可琳·威克斯,直伤主C,A,0.48,21279,88,38,6.0,60.0,58.98,7.0,hf_builds,2.6.1/builds.json,https://huggingface.co/datasets/LvlUrArti/ShiyuDataProcessed/resolve/main/2.6.1/builds.json,ok
2.6.2,2026-03-10,da,危局强袭,all,全部,2.6.2,危局强袭 2.6.2,2026-02-27,2026-03-13,corin,Corin Wickes,可琳·威克斯,直伤主C,A,0.35,22903,75,49,6.0,60.0,59.28,7.0,hf_builds,2.6.2/builds.json,https://huggingface.co/datasets/LvlUrArti/ShiyuDataProcessed/resolve/main/2.6.2/builds.json,ok
2.7.1,2026-03-31,da,危局强袭,all,全部,2.7.1,危局强袭 2.7.1,2026-03-27,2026-04-10,corin,Corin Wickes,可琳·威克斯,直伤主C,A,0.11,22542,20,20,6.0,60.0,56.28,7.0,hf_builds,2.7.1/builds.json,https://huggingface.co/datasets/LvlUrArti/ShiyuDataProcessed/resolve/main/2.7.1/builds.json,ok
2.7.2,2026-04-21,da,危局强袭,all,全部,2.7.2,危局强袭 2.7.2,2026-04-10,2026-04-24,corin,Corin Wickes,可琳·威克斯,直伤主C,A,0.31,23099,63,34,6.0,60.0,56.33,7.0,hf_builds,2.7.2/builds.json,https://huggingface.co/datasets/LvlUrArti/ShiyuDataProcessed/resolve/main/2.7.2/builds.json,ok
2.8.1,2026-05-11,da,危局强袭,all,全部,2.8.1,危局强袭 2.8.1,2026-05-08,2026-05-22,corin,Corin Wickes,可琳·威克斯,直伤主C,A,0.19,22098,31,26,6.0,60.0,57.65,7.0,hf_builds,2.8.1/builds.json,https://huggingface.co/datasets/LvlUrArti/ShiyuDataProcessed/resolve/main/2.8.1/builds.json,ok
2.8.2,2026-06-02,da,危局强袭,all,全部,2.8.2,危局强袭 2.8.2,2026-05-22,2026-06-05,corin,Corin Wickes,可琳·威克斯,直伤主C,A,0.19,18943,35,15,6.0,60.0,60.0,7.0,hf_builds,2.8.2/builds.json,https://huggingface.co/datasets/LvlUrArti/ShiyuDataProcessed/resolve/main/2.8.2/builds.json,ok
2.8.3,2026-06-15,da,危局强袭,all,全部,2.8.3,危局强袭 2.8.3,2026-06-05,2026-06-19,corin,Corin Wickes,可琳·威克斯,直伤主C,A,0.27,21537,52,21,6.0,60.0,60.0,7.0,hf_builds,2.8.3/builds.json,https://huggingface.co/datasets/LvlUrArti/ShiyuDataProcessed/resolve/main/2.8.3/builds.json,ok
3.0.1,2026-06-21,da,危局强袭,all,全部,3.0.1,危局强袭 3.0.1,2026-06-19,2026-07-03,corin,Corin Wickes,可琳·威克斯,直伤主C,A,0.17,21944,27,24,6.0,60.0,56.51,7.0,hf_builds,3.0.1/builds.json,https://huggingface.co/datasets/LvlUrArti/ShiyuDataProcessed/resolve/main/3.0.1/builds.json,ok
2.6.1,2026-02-17,da,危局强袭,all,全部,2.6.1,危局强袭 2.6.1,2026-02-13,2026-02-27,dialyn,Dialyn,琉音,辅助,S,59.4,32383,10900,1716,0.08,59.99,59.65,6.99,hf_builds,2.6.1/builds.json,https://huggingface.co/datasets/LvlUrArti/ShiyuDataProcessed/resolve/main/2.6.1/builds.json,ok
2.6.2,2026-03-10,da,危局强袭,all,全部,2.6.2,危局强袭 2.6.2,2026-02-27,2026-03-13,dialyn,Dialyn,琉音,辅助,S,57.33,30283,12318,2671,0.09,60.0,59.63,6.99,hf_builds,2.6.2/builds.json,https://huggingface.co/datasets/LvlUrArti/ShiyuDataProcessed/resolve/main/2.6.2/builds.json,ok
2.7.1,2026-03-31,da,危局强袭,all,全部,2.7.1,危局强袭 2.7.1,2026-03-27,2026-04-10,dialyn,Dialyn,琉音,辅助,S,53.31,31890,9388,2354,0.09,60.0,59.39,7.0,hf_builds,2.7.1/builds.json,https://huggingface.co/datasets/LvlUrArti/ShiyuDataProcessed/resolve/main/2.7.1/builds.json,ok
2.7.2,2026-04-21,da,危局强袭,all,全部,2.7.2,危局强袭 2.7.2,2026-04-10,2026-04-24,dialyn,Dialyn,琉音,辅助,S,60.36,30243,12254,2170,0.09,60.0,59.57,6.99,hf_builds,2.7.2/builds.json,https://huggingface.co/datasets/LvlUrArti/ShiyuDataProcessed/resolve/main/2.7.2/builds.json,ok
2.8.1,2026-05-11,da,危局强袭,all,全部,2.8.1,危局强袭 2.8.1,2026-05-08,2026-05-22,dialyn,Dialyn,琉音,辅助,S,56.39,28927,9158,1941,0.09,60.0,59.46,6.99,hf_builds,2.8.1/builds.json,https://huggingface.co/datasets/LvlUrArti/ShiyuDataProcessed/resolve/main/2.8.1/builds.json,ok
2.8.2,2026-06-02,da,危局强袭,all,全部,2.8.2,危局强袭 2.8.2,2026-05-22,2026-06-05,dialyn,Dialyn,琉音,辅助,S,61.46,26063,11287,1162,0.09,60.0,59.77,6.99,hf_builds,2.8.2/builds.json,https://huggingface.co/datasets/LvlUrArti/ShiyuDataProcessed/resolve/main/2.8.2/builds.json,ok
2.8.3,2026-06-15,da,危局强袭,all,全部,2.8.3,危局强袭 2.8.3,2026-06-05,2026-06-19,dialyn,Dialyn,琉音,辅助,S,60.44,30473,11456,1021,0.1,60.0,59.76,7.0,hf_builds,2.8.3/builds.json,https://huggingface.co/datasets/LvlUrArti/ShiyuDataProcessed/resolve/main/2.8.3/builds.json,ok
3.0.1,2026-06-21,da,危局强袭,all,全部,3.0.1,危局强袭 3.0.1,2026-06-19,2026-07-03,dialyn,Dialyn,琉音,辅助,S,58.71,32017,9480,1920,0.09,60.0,59.58,7.0,hf_builds,3.0.1/builds.json,https://huggingface.co/datasets/LvlUrArti/ShiyuDataProcessed/resolve/main/3.0.1/builds.json,ok
2.6.1,2026-02-17,da,危局强袭,all,全部,2.6.1,危局强袭 2.6.1,2026-02-13,2026-02-27,ellen,Ellen Joe,艾莲·乔,直伤主C,S,0.13,0,23,36,2.45,60.0,60.0,7.0,hf_builds,2.6.1/builds.json,https://huggingface.co/datasets/LvlUrArti/ShiyuDataProcessed/resolve/main/2.6.1/builds.json,ok
2.6.2,2026-03-10,da,危局强袭,all,全部,2.6.2,危局强袭 2.6.2,2026-02-27,2026-03-13,ellen,Ellen Joe,艾莲·乔,直伤主C,S,0.39,21014,83,106,2.56,59.95,59.58,6.98,hf_builds,2.6.2/builds.json,https://huggingface.co/datasets/LvlUrArti/ShiyuDataProcessed/resolve/main/2.6.2/builds.json,ok
2.7.1,2026-03-31,da,危局强袭,all,全部,2.7.1,危局强袭 2.7.1,2026-03-27,2026-04-10,ellen,Ellen Joe,艾莲·乔,直伤主C,S,2.85,22943,502,462,1.48,60.0,59.33,7.0,hf_builds,2.7.1/builds.json,https://huggingface.co/datasets/LvlUrArti/ShiyuDataProcessed/resolve/main/2.7.1/builds.json,ok
2.7.2,2026-04-21,da,危局强袭,all,全部,2.7.2,危局强袭 2.7.2,2026-04-10,2026-04-24,ellen,Ellen Joe,艾莲·乔,直伤主C,S,1.95,23527,395,273,1.57,60.0,59.83,7.0,hf_builds,2.7.2/builds.json,https://huggingface.co/datasets/LvlUrArti/ShiyuDataProcessed/resolve/main/2.7.2/builds.json,ok
2.8.1,2026-05-11,da,危局强袭,all,全部,2.8.1,危局强袭 2.8.1,2026-05-08,2026-05-22,ellen,Ellen Joe,艾莲·乔,直伤主C,S,0.46,20996,74,113,2.65,60.0,59.68,7.0,hf_builds,2.8.1/builds.json,https://huggingface.co/datasets/LvlUrArti/ShiyuDataProcessed/resolve/main/2.8.1/builds.json,ok
2.8.2,2026-06-02,da,危局强袭,all,全部,2.8.2,危局强袭 2.8.2,2026-05-22,2026-06-05,ellen,Ellen Joe,艾莲·乔,直伤主C,S,1.31,18544,241,102,1.75,60.0,59.56,7.0,hf_builds,2.8.2/builds.json,https://huggingface.co/datasets/LvlUrArti/ShiyuDataProcessed/resolve/main/2.8.2/builds.json,ok
2.8.3,2026-06-15,da,危局强袭,all,全部,2.8.3,危局强袭 2.8.3,2026-06-05,2026-06-19,ellen,Ellen Joe,艾莲·乔,直伤主C,S,1.37,23645,260,118,1.73,60.0,60.0,7.0,hf_builds,2.8.3/builds.json,https://huggingface.co/datasets/LvlUrArti/ShiyuDataProcessed/resolve/main/2.8.3/builds.json,ok
3.0.1,2026-06-21,da,危局强袭,all,全部,3.0.1,危局强袭 3.0.1,2026-06-19,2026-07-03,ellen,Ellen Joe,艾莲·乔,直伤主C,S,2.84,24160,459,378,1.38,60.0,59.65,7.0,hf_builds,3.0.1/builds.json,https://huggingface.co/datasets/LvlUrArti/ShiyuDataProcessed/resolve/main/3.0.1/builds.json,ok
2.6.1,2026-02-17,da,危局强袭,all,全部,2.6.1,危局强袭 2.6.1,2026-02-13,2026-02-27,evelyn,Evelyn Chevalier,伊芙琳·舒瓦利耶,直伤主C,S,2.62,22155,481,240,0.41,60.0,59.25,7.0,hf_builds,2.6.1/builds.json,https://huggingface.co/datasets/LvlUrArti/ShiyuDataProcessed/resolve/main/2.6.1/builds.json,ok
2.6.2,2026-03-10,da,危局强袭,all,全部,2.6.2,危局强袭 2.6.2,2026-02-27,2026-03-13,evelyn,Evelyn Chevalier,伊芙琳·舒瓦利耶,直伤主C,S,2.92,21623,627,493,0.68,60.0,59.45,7.0,hf_builds,2.6.2/builds.json,https://huggingface.co/datasets/LvlUrArti/ShiyuDataProcessed/resolve/main/2.6.2/builds.json,ok
2.7.1,2026-03-31,da,危局强袭,all,全部,2.7.1,危局强袭 2.7.1,2026-03-27,2026-04-10,evelyn,Evelyn Chevalier,伊芙琳·舒瓦利耶,直伤主C,S,1.2,23260,212,223,0.98,60.0,59.69,7.0,hf_builds,2.7.1/builds.json,https://huggingface.co/datasets/LvlUrArti/ShiyuDataProcessed/resolve/main/2.7.1/builds.json,ok
2.7.2,2026-04-21,da,危局强袭,all,全部,2.7.2,危局强袭 2.7.2,2026-04-10,2026-04-24,evelyn,Evelyn Chevalier,伊芙琳·舒瓦利耶,直伤主C,S,2.67,23025,543,365,1.07,60.0,59.66,7.0,hf_builds,2.7.2/builds.json,https://huggingface.co/datasets/LvlUrArti/ShiyuDataProcessed/resolve/main/2.7.2/builds.json,ok
2.8.1,2026-05-11,da,危局强袭,all,全部,2.8.1,危局强袭 2.8.1,2026-05-08,2026-05-22,evelyn,Evelyn Chevalier,伊芙琳·舒瓦利耶,直伤主C,S,1.55,21948,252,247,1.01,60.0,59.72,7.0,hf_builds,2.8.1/builds.json,https://huggingface.co/datasets/LvlUrArti/ShiyuDataProcessed/resolve/main/2.8.1/builds.json,ok
2.8.2,2026-06-02,da,危局强袭,all,全部,2.8.2,危局强袭 2.8.2,2026-05-22,2026-06-05,evelyn,Evelyn Chevalier,伊芙琳·舒瓦利耶,直伤主C,S,0.96,17512,176,78,0.83,60.0,60.0,7.0,hf_builds,2.8.2/builds.json,https://huggingface.co/datasets/LvlUrArti/ShiyuDataProcessed/resolve/main/2.8.2/builds.json,ok
2.8.3,2026-06-15,da,危局强袭,all,全部,2.8.3,危局强袭 2.8.3,2026-06-05,2026-06-19,evelyn,Evelyn Chevalier,伊芙琳·舒瓦利耶,直伤主C,S,1.73,22036,327,128,0.64,60.0,60.0,7.0,hf_builds,2.8.3/builds.json,https://huggingface.co/datasets/LvlUrArti/ShiyuDataProcessed/resolve/main/2.8.3/builds.json,ok
3.0.1,2026-06-21,da,危局强袭,all,全部,3.0.1,危局强袭 3.0.1,2026-06-19,2026-07-03,evelyn,Evelyn Chevalier,伊芙琳·舒瓦利耶,直伤主C,S,0.52,22494,84,120,0.64,60.0,59.46,7.0,hf_builds,3.0.1/builds.json,https://huggingface.co/datasets/LvlUrArti/ShiyuDataProcessed/resolve/main/3.0.1/builds.json,ok
2.6.1,2026-02-17,da,危局强袭,all,全部,2.6.1,危局强袭 2.6.1,2026-02-13,2026-02-27,grace-howard,Grace Howard,格莉丝·霍华德,异常主C,S,0.29,24436,53,11,2.53,59.85,54.66,6.97,hf_builds,2.6.1/builds.json,https://huggingface.co/datasets/LvlUrArti/ShiyuDataProcessed/resolve/main/2.6.1/builds.json,ok
2.6.2,2026-03-10,da,危局强袭,all,全部,2.6.2,危局强袭 2.6.2,2026-02-27,2026-03-13,grace-howard,Grace Howard,格莉丝·霍华德,异常主C,S,0.27,21581,58,23,2.94,60.0,60.0,6.98,hf_builds,2.6.2/builds.json,https://huggingface.co/datasets/LvlUrArti/ShiyuDataProcessed/resolve/main/2.6.2/builds.json,ok
2.7.1,2026-03-31,da,危局强袭,all,全部,2.7.1,危局强袭 2.7.1,2026-03-27,2026-04-10,grace-howard,Grace Howard,格莉丝·霍华德,异常主C,S,0.6,22116,106,27,2.72,60.0,60.0,7.0,hf_builds,2.7.1/builds.json,https://huggingface.co/datasets/LvlUrArti/ShiyuDataProcessed/resolve/main/2.7.1/builds.json,ok
2.7.2,2026-04-21,da,危局强袭,all,全部,2.7.2,危局强袭 2.7.2,2026-04-10,2026-04-24,grace-howard,Grace Howard,格莉丝·霍华德,异常主C,S,0.48,23617,98,31,2.72,60.0,60.0,7.0,hf_builds,2.7.2/builds.json,https://huggingface.co/datasets/LvlUrArti/ShiyuDataProcessed/resolve/main/2.7.2/builds.json,ok
2.8.1,2026-05-11,da,危局强袭,all,全部,2.8.1,危局强袭 2.8.1,2026-05-08,2026-05-22,grace-howard,Grace Howard,格莉丝·霍华德,异常主C,S,0.24,21228,39,17,2.96,60.0,60.0,7.0,hf_builds,2.8.1/builds.json,https://huggingface.co/datasets/LvlUrArti/ShiyuDataProcessed/resolve/main/2.8.1/builds.json,ok
2.8.2,2026-06-02,da,危局强袭,all,全部,2.8.2,危局强袭 2.8.2,2026-05-22,2026-06-05,grace-howard,Grace Howard,格莉丝·霍华德,异常主C,S,0.45,16051,82,8,2.36,60.0,60.0,7.0,hf_builds,2.8.2/builds.json,https://huggingface.co/datasets/LvlUrArti/ShiyuDataProcessed/resolve/main/2.8.2/builds.json,ok
2.8.3,2026-06-15,da,危局强袭,all,全部,2.8.3,危局强袭 2.8.3,2026-06-05,2026-06-19,grace-howard,Grace Howard,格莉丝·霍华德,异常主C,S,0.13,24154,24,6,2.62,60.0,60.0,7.0,hf_builds,2.8.3/builds.json,https://huggingface.co/datasets/LvlUrArti/ShiyuDataProcessed/resolve/main/2.8.3/builds.json,ok
3.0.1,2026-06-21,da,危局强袭,all,全部,3.0.1,危局强袭 3.0.1,2026-06-19,2026-07-03,grace-howard,Grace Howard,格莉丝·霍华德,异常主C,S,0.55,27176,89,27,3.15,60.0,60.0,7.0,hf_builds,3.0.1/builds.json,https://huggingface.co/datasets/LvlUrArti/ShiyuDataProcessed/resolve/main/3.0.1/builds.json,ok
2.6.1,2026-02-17,da,危局强袭,all,全部,2.6.1,危局强袭 2.6.1,2026-02-13,2026-02-27,harumasa,Asaba Harumasa,浅羽 悠真,直伤主C,S,0.53,22869,97,65,0.68,60.0,59.68,7.0,hf_builds,2.6.1/builds.json,https://huggingface.co/datasets/LvlUrArti/ShiyuDataProcessed/resolve/main/2.6.1/builds.json,ok
2.6.2,2026-03-10,da,危局强袭,all,全部,2.6.2,危局强袭 2.6.2,2026-02-27,2026-03-13,harumasa,Asaba Harumasa,浅羽 悠真,直伤主C,S,3.7,22645,795,386,0.76,60.0,59.94,7.0,hf_builds,2.6.2/builds.json,https://huggingface.co/datasets/LvlUrArti/ShiyuDataProcessed/resolve/main/2.6.2/builds.json,ok
2.7.1,2026-03-31,da,危局强袭,all,全部,2.7.1,危局强袭 2.7.1,2026-03-27,2026-04-10,harumasa,Asaba Harumasa,浅羽 悠真,直伤主C,S,0.43,21928,75,88,1.87,60.0,60.0,7.0,hf_builds,2.7.1/builds.json,https://huggingface.co/datasets/LvlUrArti/ShiyuDataProcessed/resolve/main/2.7.1/builds.json,ok
2.7.2,2026-04-21,da,危局强袭,all,全部,2.7.2,危局强袭 2.7.2,2026-04-10,2026-04-24,harumasa,Asaba Harumasa,浅羽 悠真,直伤主C,S,3.18,22843,645,342,0.83,60.0,59.44,7.0,hf_builds,2.7.2/builds.json,https://huggingface.co/datasets/LvlUrArti/ShiyuDataProcessed/resolve/main/2.7.2/builds.json,ok
2.8.1,2026-05-11,da,危局强袭,all,全部,2.8.1,危局强袭 2.8.1,2026-05-08,2026-05-22,harumasa,Asaba Harumasa,浅羽 悠真,直伤主C,S,2.57,23372,417,286,0.82,60.0,59.79,7.0,hf_builds,2.8.1/builds.json,https://huggingface.co/datasets/LvlUrArti/ShiyuDataProcessed/resolve/main/2.8.1/builds.json,ok
2.8.2,2026-06-02,da,危局强袭,all,全部,2.8.2,危局强袭 2.8.2,2026-05-22,2026-06-05,harumasa,Asaba Harumasa,浅羽 悠真,直伤主C,S,0.42,14718,77,27,1.05,60.0,60.0,7.0,hf_builds,2.8.2/builds.json,https://huggingface.co/datasets/LvlUrArti/ShiyuDataProcessed/resolve/main/2.8.2/builds.json,ok
2.8.3,2026-06-15,da,危局强袭,all,全部,2.8.3,危局强袭 2.8.3,2026-06-05,2026-06-19,harumasa,Asaba Harumasa,浅羽 悠真,直伤主C,S,2.28,22540,432,129,0.94,60.0,58.55,7.0,hf_builds,2.8.3/builds.json,https://huggingface.co/datasets/LvlUrArti/ShiyuDataProcessed/resolve/main/2.8.3/builds.json,ok
3.0.1,2026-06-21,da,危局强袭,all,全部,3.0.1,危局强袭 3.0.1,2026-06-19,2026-07-03,harumasa,Asaba Harumasa,浅羽 悠真,直伤主C,S,0.09,0,14,26,2.8,60.0,60.0,7.0,hf_builds,3.0.1/builds.json,https://huggingface.co/datasets/LvlUrArti/ShiyuDataProcessed/resolve/main/3.0.1/builds.json,ok
2.6.1,2026-02-17,da,危局强袭,all,全部,2.6.1,危局强袭 2.6.1,2026-02-13,2026-02-27,hugo,Hugo Vlad,雨果·维拉德,直伤主C,S,0.25,0,46,54,3.19,60.0,59.56,7.0,hf_builds,2.6.1/builds.json,https://huggingface.co/datasets/LvlUrArti/ShiyuDataProcessed/resolve/main/2.6.1/builds.json,ok
2.6.2,2026-03-10,da,危局强袭,all,全部,2.6.2,危局强袭 2.6.2,2026-02-27,2026-03-13,hugo,Hugo Vlad,雨果·维拉德,直伤主C,S,0.52,21495,111,153,3.28,60.0,59.68,7.0,hf_builds,2.6.2/builds.json,https://huggingface.co/datasets/LvlUrArti/ShiyuDataProcessed/resolve/main/2.6.2/builds.json,ok
2.7.1,2026-03-31,da,危局强袭,all,全部,2.7.1,危局强袭 2.7.1,2026-03-27,2026-04-10,hugo,Hugo Vlad,雨果·维拉德,直伤主C,S,2.12,22965,373,424,1.94,60.0,59.32,7.0,hf_builds,2.7.1/builds.json,https://huggingface.co/datasets/LvlUrArti/ShiyuDataProcessed/resolve/main/2.7.1/builds.json,ok
2.7.2,2026-04-21,da,危局强袭,all,全部,2.7.2,危局强袭 2.7.2,2026-04-10,2026-04-24,hugo,Hugo Vlad,雨果·维拉德,直伤主C,S,0.66,21982,134,188,2.63,60.0,59.86,7.0,hf_builds,2.7.2/builds.json,https://huggingface.co/datasets/LvlUrArti/ShiyuDataProcessed/resolve/main/2.7.2/builds.json,ok
2.8.1,2026-05-11,da,危局强袭,all,全部,2.8.1,危局强袭 2.8.1,2026-05-08,2026-05-22,hugo,Hugo Vlad,雨果·维拉德,直伤主C,S,0.65,21413,106,163,2.52,60.0,60.0,7.0,hf_builds,2.8.1/builds.json,https://huggingface.co/datasets/LvlUrArti/ShiyuDataProcessed/resolve/main/2.8.1/builds.json,ok
2.8.2,2026-06-02,da,危局强袭,all,全部,2.8.2,危局强袭 2.8.2,2026-05-22,2026-06-05,hugo,Hugo Vlad,雨果·维拉德,直伤主C,S,0.5,10363,92,51,2.52,60.0,60.0,7.0,hf_builds,2.8.2/builds.json,https://huggingface.co/datasets/LvlUrArti/ShiyuDataProcessed/resolve/main/2.8.2/builds.json,ok
2.8.3,2026-06-15,da,危局强袭,all,全部,2.8.3,危局强袭 2.8.3,2026-06-05,2026-06-19,hugo,Hugo Vlad,雨果·维拉德,直伤主C,S,0.21,0,39,44,2.79,60.0,60.0,7.0,hf_builds,2.8.3/builds.json,https://huggingface.co/datasets/LvlUrArti/ShiyuDataProcessed/resolve/main/2.8.3/builds.json,ok
3.0.1,2026-06-21,da,危局强袭,all,全部,3.0.1,危局强袭 3.0.1,2026-06-19,2026-07-03,hugo,Hugo Vlad,雨果·维拉德,直伤主C,S,2.29,23486,369,388,1.8,60.0,59.89,7.0,hf_builds,3.0.1/builds.json,https://huggingface.co/datasets/LvlUrArti/ShiyuDataProcessed/resolve/main/3.0.1/builds.json,ok
2.6.1,2026-02-17,da,危局强袭,all,全部,2.6.1,危局强袭 2.6.1,2026-02-13,2026-02-27,jane-doe,Jane Doe,简·杜,异常主C,S,3.43,23751,629,298,1.17,60.0,59.91,7.0,hf_builds,2.6.1/builds.json,https://huggingface.co/datasets/LvlUrArti/ShiyuDataProcessed/resolve/main/2.6.1/builds.json,ok
2.6.2,2026-03-10,da,危局强袭,all,全部,2.6.2,危局强袭 2.6.2,2026-02-27,2026-03-13,jane-doe,Jane Doe,简·杜,异常主C,S,3.64,21096,782,597,1.25,60.0,59.96,6.99,hf_builds,2.6.2/builds.json,https://huggingface.co/datasets/LvlUrArti/ShiyuDataProcessed/resolve/main/2.6.2/builds.json,ok
2.7.1,2026-03-31,da,危局强袭,all,全部,2.7.1,危局强袭 2.7.1,2026-03-27,2026-04-10,jane-doe,Jane Doe,简·杜,异常主C,S,1.85,21232,326,340,1.36,60.0,59.97,7.0,hf_builds,2.7.1/builds.json,https://huggingface.co/datasets/LvlUrArti/ShiyuDataProcessed/resolve/main/2.7.1/builds.json,ok
2.7.2,2026-04-21,da,危局强袭,all,全部,2.7.2,危局强袭 2.7.2,2026-04-10,2026-04-24,jane-doe,Jane Doe,简·杜,异常主C,S,3.09,21724,628,437,1.55,60.0,60.0,7.0,hf_builds,2.7.2/builds.json,https://huggingface.co/datasets/LvlUrArti/ShiyuDataProcessed/resolve/main/2.7.2/builds.json,ok
2.8.1,2026-05-11,da,危局强袭,all,全部,2.8.1,危局强袭 2.8.1,2026-05-08,2026-05-22,jane-doe,Jane Doe,简·杜,异常主C,S,0.19,0,31,45,1.67,60.0,59.85,7.0,hf_builds,2.8.1/builds.json,https://huggingface.co/datasets/LvlUrArti/ShiyuDataProcessed/resolve/main/2.8.1/builds.json,ok
2.8.2,2026-06-02,da,危局强袭,all,全部,2.8.2,危局强袭 2.8.2,2026-05-22,2026-06-05,jane-doe,Jane Doe,简·杜,异常主C,S,2.93,15108,538,153,1.3,59.97,59.97,7.0,hf_builds,2.8.2/builds.json,https://huggingface.co/datasets/LvlUrArti/ShiyuDataProcessed/resolve/main/2.8.2/builds.json,ok
2.8.3,2026-06-15,da,危局强袭,all,全部,2.8.3,危局强袭 2.8.3,2026-06-05,2026-06-19,jane-doe,Jane Doe,简·杜,异常主C,S,6.93,23964,1313,386,1.15,60.0,59.87,7.0,hf_builds,2.8.3/builds.json,https://huggingface.co/datasets/LvlUrArti/ShiyuDataProcessed/resolve/main/2.8.3/builds.json,ok
3.0.1,2026-06-21,da,危局强袭,all,全部,3.0.1,危局强袭 3.0.1,2026-06-19,2026-07-03,jane-doe,Jane Doe,简·杜,异常主C,S,10.47,25925,1691,1028,0.9,60.0,59.83,7.0,hf_builds,3.0.1/builds.json,https://huggingface.co/datasets/LvlUrArti/ShiyuDataProcessed/resolve/main/3.0.1/builds.json,ok
2.6.1,2026-02-17,da,危局强袭,all,全部,2.6.1,危局强袭 2.6.1,2026-02-13,2026-02-27,ju-fufu,Ju Fufu,橘福福,辅助,S,33.14,30783,6081,618,0.12,60.0,59.37,6.99,hf_builds,2.6.1/builds.json,https://huggingface.co/datasets/LvlUrArti/ShiyuDataProcessed/resolve/main/2.6.1/builds.json,ok
2.6.2,2026-03-10,da,危局强袭,all,全部,2.6.2,危局强袭 2.6.2,2026-02-27,2026-03-13,ju-fufu,Ju Fufu,橘福福,辅助,S,31.43,28474,6753,990,0.14,59.98,59.58,6.99,hf_builds,2.6.2/builds.json,https://huggingface.co/datasets/LvlUrArti/ShiyuDataProcessed/resolve/main/2.6.2/builds.json,ok
2.7.1,2026-03-31,da,危局强袭,all,全部,2.7.1,危局强袭 2.7.1,2026-03-27,2026-04-10,ju-fufu,Ju Fufu,橘福福,辅助,S,27.79,29641,4894,875,0.14,59.99,58.88,6.99,hf_builds,2.7.1/builds.json,https://huggingface.co/datasets/LvlUrArti/ShiyuDataProcessed/resolve/main/2.7.1/builds.json,ok
2.7.2,2026-04-21,da,危局强袭,all,全部,2.7.2,危局强袭 2.7.2,2026-04-10,2026-04-24,ju-fufu,Ju Fufu,橘福福,辅助,S,20.45,25363,4151,583,0.15,60.0,59.57,7.0,hf_builds,2.7.2/builds.json,https://huggingface.co/datasets/LvlUrArti/ShiyuDataProcessed/resolve/main/2.7.2/builds.json,ok
2.8.1,2026-05-11,da,危局强袭,all,全部,2.8.1,危局强袭 2.8.1,2026-05-08,2026-05-22,ju-fufu,Ju Fufu,橘福福,辅助,S,26.08,27781,4236,672,0.16,60.0,59.61,7.0,hf_builds,2.8.1/builds.json,https://huggingface.co/datasets/LvlUrArti/ShiyuDataProcessed/resolve/main/2.8.1/builds.json,ok
2.8.2,2026-06-02,da,危局强袭,all,全部,2.8.2,危局强袭 2.8.2,2026-05-22,2026-06-05,ju-fufu,Ju Fufu,橘福福,辅助,S,17.98,19969,3302,253,0.19,60.0,59.73,7.0,hf_builds,2.8.2/builds.json,https://huggingface.co/datasets/LvlUrArti/ShiyuDataProcessed/resolve/main/2.8.2/builds.json,ok
2.8.3,2026-06-15,da,危局强袭,all,全部,2.8.3,危局强袭 2.8.3,2026-06-05,2026-06-19,ju-fufu,Ju Fufu,橘福福,辅助,S,15.24,24612,2888,266,0.18,60.0,59.89,6.99,hf_builds,2.8.3/builds.json,https://huggingface.co/datasets/LvlUrArti/ShiyuDataProcessed/resolve/main/2.8.3/builds.json,ok
3.0.1,2026-06-21,da,危局强袭,all,全部,3.0.1,危局强袭 3.0.1,2026-06-19,2026-07-03,ju-fufu,Ju Fufu,橘福福,辅助,S,23.64,30984,3817,600,0.16,60.0,59.8,7.0,hf_builds,3.0.1/builds.json,https://huggingface.co/datasets/LvlUrArti/ShiyuDataProcessed/resolve/main/3.0.1/builds.json,ok
2.6.1,2026-02-17,da,危局强袭,all,全部,2.6.1,危局强袭 2.6.1,2026-02-13,2026-02-27,koleda,Koleda Belobog,珂蕾妲·贝洛伯格,辅助,S,0.98,23527,180,5,2.11,60.0,55.14,6.92,hf_builds,2.6.1/builds.json,https://huggingface.co/datasets/LvlUrArti/ShiyuDataProcessed/resolve/main/2.6.1/builds.json,ok
2.6.2,2026-03-10,da,危局强袭,all,全部,2.6.2,危局强袭 2.6.2,2026-02-27,2026-03-13,koleda,Koleda Belobog,珂蕾妲·贝洛伯格,辅助,S,1.13,22702,243,11,1.98,60.0,55.63,6.96,hf_builds,2.6.2/builds.json,https://huggingface.co/datasets/LvlUrArti/ShiyuDataProcessed/resolve/main/2.6.2/builds.json,ok
2.7.1,2026-03-31,da,危局强袭,all,全部,2.7.1,危局强袭 2.7.1,2026-03-27,2026-04-10,koleda,Koleda Belobog,珂蕾妲·贝洛伯格,辅助,S,0.58,22816,103,7,2.19,60.0,51.14,7.0,hf_builds,2.7.1/builds.json,https://huggingface.co/datasets/LvlUrArti/ShiyuDataProcessed/resolve/main/2.7.1/builds.json,ok
2.7.2,2026-04-21,da,危局强袭,all,全部,2.7.2,危局强袭 2.7.2,2026-04-10,2026-04-24,koleda,Koleda Belobog,珂蕾妲·贝洛伯格,辅助,S,0.36,21692,74,4,2.14,60.0,60.0,7.0,hf_builds,2.7.2/builds.json,https://huggingface.co/datasets/LvlUrArti/ShiyuDataProcessed/resolve/main/2.7.2/builds.json,ok
2.8.1,2026-05-11,da,危局强袭,all,全部,2.8.1,危局强袭 2.8.1,2026-05-08,2026-05-22,koleda,Koleda Belobog,珂蕾妲·贝洛伯格,辅助,S,0.96,22389,156,5,2.11,60.0,58.89,7.0,hf_builds,2.8.1/builds.json,https://huggingface.co/datasets/LvlUrArti/ShiyuDataProcessed/resolve/main/2.8.1/builds.json,ok
2.8.2,2026-06-02,da,危局强袭,all,全部,2.8.2,危局强袭 2.8.2,2026-05-22,2026-06-05,koleda,Koleda Belobog,珂蕾妲·贝洛伯格,辅助,S,0.73,17236,134,4,2.16,60.0,60.0,6.93,hf_builds,2.8.2/builds.json,https://huggingface.co/datasets/LvlUrArti/ShiyuDataProcessed/resolve/main/2.8.2/builds.json,ok
2.8.3,2026-06-15,da,危局强袭,all,全部,2.8.3,危局强袭 2.8.3,2026-06-05,2026-06-19,koleda,Koleda Belobog,珂蕾妲·贝洛伯格,辅助,S,0.55,23468,104,2,2.36,60.0,60.0,7.0,hf_builds,2.8.3/builds.json,https://huggingface.co/datasets/LvlUrArti/ShiyuDataProcessed/resolve/main/2.8.3/builds.json,ok
3.0.1,2026-06-21,da,危局强袭,all,全部,3.0.1,危局强袭 3.0.1,2026-06-19,2026-07-03,koleda,Koleda Belobog,珂蕾妲·贝洛伯格,辅助,S,0.74,25138,119,9,2.51,60.0,59.49,7.0,hf_builds,3.0.1/builds.json,https://huggingface.co/datasets/LvlUrArti/ShiyuDataProcessed/resolve/main/3.0.1/builds.json,ok
2.6.1,2026-02-17,da,危局强袭,all,全部,2.6.1,危局强袭 2.6.1,2026-02-13,2026-02-27,lighter,Lighter,莱特,辅助,S,2.31,22260,424,156,0.37,60.0,59.62,6.99,hf_builds,2.6.1/builds.json,https://huggingface.co/datasets/LvlUrArti/ShiyuDataProcessed/resolve/main/2.6.1/builds.json,ok
2.6.2,2026-03-10,da,危局强袭,all,全部,2.6.2,危局强袭 2.6.2,2026-02-27,2026-03-13,lighter,Lighter,莱特,辅助,S,2.64,21721,567,310,0.54,60.0,59.85,7.0,hf_builds,2.6.2/builds.json,https://huggingface.co/datasets/LvlUrArti/ShiyuDataProcessed/resolve/main/2.6.2/builds.json,ok
2.7.1,2026-03-31,da,危局强袭,all,全部,2.7.1,危局强袭 2.7.1,2026-03-27,2026-04-10,lighter,Lighter,莱特,辅助,S,4.15,23029,730,430,0.59,60.0,59.54,7.0,hf_builds,2.7.1/builds.json,https://huggingface.co/datasets/LvlUrArti/ShiyuDataProcessed/resolve/main/2.7.1/builds.json,ok
2.7.2,2026-04-21,da,危局强袭,all,全部,2.7.2,危局强袭 2.7.2,2026-04-10,2026-04-24,lighter,Lighter,莱特,辅助,S,2.38,22932,484,258,0.72,60.0,59.87,7.0,hf_builds,2.7.2/builds.json,https://huggingface.co/datasets/LvlUrArti/ShiyuDataProcessed/resolve/main/2.7.2/builds.json,ok
2.8.1,2026-05-11,da,危局强袭,all,全部,2.8.1,危局强袭 2.8.1,2026-05-08,2026-05-22,lighter,Lighter,莱特,辅助,S,1.98,21801,322,208,0.72,60.0,59.56,6.99,hf_builds,2.8.1/builds.json,https://huggingface.co/datasets/LvlUrArti/ShiyuDataProcessed/resolve/main/2.8.1/builds.json,ok
2.8.2,2026-06-02,da,危局强袭,all,全部,2.8.2,危局强袭 2.8.2,2026-05-22,2026-06-05,lighter,Lighter,莱特,辅助,S,1.78,16057,326,67,0.62,60.0,59.95,6.98,hf_builds,2.8.2/builds.json,https://huggingface.co/datasets/LvlUrArti/ShiyuDataProcessed/resolve/main/2.8.2/builds.json,ok
2.8.3,2026-06-15,da,危局强袭,all,全部,2.8.3,危局强袭 2.8.3,2026-06-05,2026-06-19,lighter,Lighter,莱特,辅助,S,1.43,23214,271,86,0.53,60.0,59.96,7.0,hf_builds,2.8.3/builds.json,https://huggingface.co/datasets/LvlUrArti/ShiyuDataProcessed/resolve/main/2.8.3/builds.json,ok
3.0.1,2026-06-21,da,危局强袭,all,全部,3.0.1,危局强袭 3.0.1,2026-06-19,2026-07-03,lighter,Lighter,莱特,辅助,S,3.41,23766,550,331,0.51,60.0,59.88,7.0,hf_builds,3.0.1/builds.json,https://huggingface.co/datasets/LvlUrArti/ShiyuDataProcessed/resolve/main/3.0.1/builds.json,ok
2.6.1,2026-02-17,da,危局强袭,all,全部,2.6.1,危局强袭 2.6.1,2026-02-13,2026-02-27,lucia,Lucia,卢西娅,辅助,S,62.59,32728,11486,1156,0.13,60.0,58.99,6.99,hf_builds,2.6.1/builds.json,https://huggingface.co/datasets/LvlUrArti/ShiyuDataProcessed/resolve/main/2.6.1/builds.json,ok
2.6.2,2026-03-10,da,危局强袭,all,全部,2.6.2,危局强袭 2.6.2,2026-02-27,2026-03-13,lucia,Lucia,卢西娅,辅助,S,61.77,29142,13272,1895,0.14,59.99,59.19,6.99,hf_builds,2.6.2/builds.json,https://huggingface.co/datasets/LvlUrArti/ShiyuDataProcessed/resolve/main/2.6.2/builds.json,ok
2.7.1,2026-03-31,da,危局强袭,all,全部,2.7.1,危局强袭 2.7.1,2026-03-27,2026-04-10,lucia,Lucia,卢西娅,辅助,S,62.91,32078,11079,1782,0.13,60.0,59.1,6.99,hf_builds,2.7.1/builds.json,https://huggingface.co/datasets/LvlUrArti/ShiyuDataProcessed/resolve/main/2.7.1/builds.json,ok
2.7.2,2026-04-21,da,危局强袭,all,全部,2.7.2,危局强袭 2.7.2,2026-04-10,2026-04-24,lucia,Lucia,卢西娅,辅助,S,36.44,25699,7398,1073,0.15,60.0,59.28,6.99,hf_builds,2.7.2/builds.json,https://huggingface.co/datasets/LvlUrArti/ShiyuDataProcessed/resolve/main/2.7.2/builds.json,ok
2.8.1,2026-05-11,da,危局强袭,all,全部,2.8.1,危局强袭 2.8.1,2026-05-08,2026-05-22,lucia,Lucia,卢西娅,辅助,S,69.4,28145,11270,1555,0.16,60.0,59.39,6.99,hf_builds,2.8.1/builds.json,https://huggingface.co/datasets/LvlUrArti/ShiyuDataProcessed/resolve/main/2.8.1/builds.json,ok
2.8.2,2026-06-02,da,危局强袭,all,全部,2.8.2,危局强袭 2.8.2,2026-05-22,2026-06-05,lucia,Lucia,卢西娅,辅助,S,50.04,23732,9190,632,0.21,59.99,59.54,6.99,hf_builds,2.8.2/builds.json,https://huggingface.co/datasets/LvlUrArti/ShiyuDataProcessed/resolve/main/2.8.2/builds.json,ok
2.8.3,2026-06-15,da,危局强袭,all,全部,2.8.3,危局强袭 2.8.3,2026-06-05,2026-06-19,lucia,Lucia,卢西娅,辅助,S,47.99,27479,9097,652,0.2,60.0,59.54,7.0,hf_builds,2.8.3/builds.json,https://huggingface.co/datasets/LvlUrArti/ShiyuDataProcessed/resolve/main/2.8.3/builds.json,ok
3.0.1,2026-06-21,da,危局强袭,all,全部,3.0.1,危局强袭 3.0.1,2026-06-19,2026-07-03,lucia,Lucia,卢西娅,辅助,S,55.27,32290,8925,1264,0.17,60.0,59.33,6.99,hf_builds,3.0.1/builds.json,https://huggingface.co/datasets/LvlUrArti/ShiyuDataProcessed/resolve/main/3.0.1/builds.json,ok
2.6.1,2026-02-17,da,危局强袭,all,全部,2.6.1,危局强袭 2.6.1,2026-02-13,2026-02-27,lucy,Luciana de Montefio,露西亚娜·德·蒙特夫,辅助,A,0.92,22400,169,8,5.98,60.0,59.6,7.0,hf_builds,2.6.1/builds.json,https://huggingface.co/datasets/LvlUrArti/ShiyuDataProcessed/resolve/main/2.6.1/builds.json,ok
2.6.2,2026-03-10,da,危局强袭,all,全部,2.6.2,危局强袭 2.6.2,2026-02-27,2026-03-13,lucy,Luciana de Montefio,露西亚娜·德·蒙特夫,辅助,A,0.65,22228,139,11,5.96,60.0,60.0,7.0,hf_builds,2.6.2/builds.json,https://huggingface.co/datasets/LvlUrArti/ShiyuDataProcessed/resolve/main/2.6.2/builds.json,ok
2.7.1,2026-03-31,da,危局强袭,all,全部,2.7.1,危局强袭 2.7.1,2026-03-27,2026-04-10,lucy,Luciana de Montefio,露西亚娜·德·蒙特夫,辅助,A,0.47,22417,83,16,5.99,60.0,60.0,7.0,hf_builds,2.7.1/builds.json,https://huggingface.co/datasets/LvlUrArti/ShiyuDataProcessed/resolve/main/2.7.1/builds.json,ok
2.7.2,2026-04-21,da,危局强袭,all,全部,2.7.2,危局强袭 2.7.2,2026-04-10,2026-04-24,lucy,Luciana de Montefio,露西亚娜·德·蒙特夫,辅助,A,0.4,21826,82,9,6.0,60.0,57.25,7.0,hf_builds,2.7.2/builds.json,https://huggingface.co/datasets/LvlUrArti/ShiyuDataProcessed/resolve/main/2.7.2/builds.json,ok
2.8.1,2026-05-11,da,危局强袭,all,全部,2.8.1,危局强袭 2.8.1,2026-05-08,2026-05-22,lucy,Luciana de Montefio,露西亚娜·德·蒙特夫,辅助,A,0.24,21159,39,6,6.0,60.0,60.0,7.0,hf_builds,2.8.1/builds.json,https://huggingface.co/datasets/LvlUrArti/ShiyuDataProcessed/resolve/main/2.8.1/builds.json,ok
2.8.2,2026-06-02,da,危局强袭,all,全部,2.8.2,危局强袭 2.8.2,2026-05-22,2026-06-05,lucy,Luciana de Montefio,露西亚娜·德·蒙特夫,辅助,A,0.75,13615,137,2,5.98,60.0,60.0,7.0,hf_builds,2.8.2/builds.json,https://huggingface.co/datasets/LvlUrArti/ShiyuDataProcessed/resolve/main/2.8.2/builds.json,ok
2.8.3,2026-06-15,da,危局强袭,all,全部,2.8.3,危局强袭 2.8.3,2026-06-05,2026-06-19,lucy,Luciana de Montefio,露西亚娜·德·蒙特夫,辅助,A,0.32,22871,60,4,5.99,60.0,58.87,6.88,hf_builds,2.8.3/builds.json,https://huggingface.co/datasets/LvlUrArti/ShiyuDataProcessed/resolve/main/2.8.3/builds.json,ok
3.0.1,2026-06-21,da,危局强袭,all,全部,3.0.1,危局强袭 3.0.1,2026-06-19,2026-07-03,lucy,Luciana de Montefio,露西亚娜·德·蒙特夫,辅助,A,0.3,21826,48,6,5.99,60.0,60.0,7.0,hf_builds,3.0.1/builds.json,https://huggingface.co/datasets/LvlUrArti/ShiyuDataProcessed/resolve/main/3.0.1/builds.json,ok
2.6.1,2026-02-17,da,危局强袭,all,全部,2.6.1,危局强袭 2.6.1,2026-02-13,2026-02-27,lycaon,Von Lycaon,冯·莱卡恩,辅助,S,2.23,23409,409,69,2.12,60.0,59.85,7.0,hf_builds,2.6.1/builds.json,https://huggingface.co/datasets/LvlUrArti/ShiyuDataProcessed/resolve/main/2.6.1/builds.json,ok
2.6.2,2026-03-10,da,危局强袭,all,全部,2.6.2,危局强袭 2.6.2,2026-02-27,2026-03-13,lycaon,Von Lycaon,冯·莱卡恩,辅助,S,7.71,29418,1656,179,2.18,60.0,58.55,6.97,hf_builds,2.6.2/builds.json,https://huggingface.co/datasets/LvlUrArti/ShiyuDataProcessed/resolve/main/2.6.2/builds.json,ok
2.7.1,2026-03-31,da,危局强袭,all,全部,2.7.1,危局强袭 2.7.1,2026-03-27,2026-04-10,lycaon,Von Lycaon,冯·莱卡恩,辅助,S,9.99,24467,1759,349,2.28,59.99,58.84,6.97,hf_builds,2.7.1/builds.json,https://huggingface.co/datasets/LvlUrArti/ShiyuDataProcessed/resolve/main/2.7.1/builds.json,ok
2.7.2,2026-04-21,da,危局强袭,all,全部,2.7.2,危局强袭 2.7.2,2026-04-10,2026-04-24,lycaon,Von Lycaon,冯·莱卡恩,辅助,S,4.62,23953,939,144,2.28,59.98,58.95,6.98,hf_builds,2.7.2/builds.json,https://huggingface.co/datasets/LvlUrArti/ShiyuDataProcessed/resolve/main/2.7.2/builds.json,ok
2.8.1,2026-05-11,da,危局强袭,all,全部,2.8.1,危局强袭 2.8.1,2026-05-08,2026-05-22,lycaon,Von Lycaon,冯·莱卡恩,辅助,S,5.96,27795,968,127,2.21,59.99,59.37,6.98,hf_builds,2.8.1/builds.json,https://huggingface.co/datasets/LvlUrArti/ShiyuDataProcessed/resolve/main/2.8.1/builds.json,ok
2.8.2,2026-06-02,da,危局强袭,all,全部,2.8.2,危局强袭 2.8.2,2026-05-22,2026-06-05,lycaon,Von Lycaon,冯·莱卡恩,辅助,S,7.75,20369,1423,76,2.26,60.0,59.75,6.99,hf_builds,2.8.2/builds.json,https://huggingface.co/datasets/LvlUrArti/ShiyuDataProcessed/resolve/main/2.8.2/builds.json,ok
2.8.3,2026-06-15,da,危局强袭,all,全部,2.8.3,危局强袭 2.8.3,2026-06-05,2026-06-19,lycaon,Von Lycaon,冯·莱卡恩,辅助,S,4.28,25431,811,71,2.39,60.0,59.7,7.0,hf_builds,2.8.3/builds.json,https://huggingface.co/datasets/LvlUrArti/ShiyuDataProcessed/resolve/main/2.8.3/builds.json,ok
3.0.1,2026-06-21,da,危局强袭,all,全部,3.0.1,危局强袭 3.0.1,2026-06-19,2026-07-03,lycaon,Von Lycaon,冯·莱卡恩,辅助,S,6.68,25140,1078,249,2.48,60.0,59.87,6.98,hf_builds,3.0.1/builds.json,https://huggingface.co/datasets/LvlUrArti/ShiyuDataProcessed/resolve/main/3.0.1/builds.json,ok
2.6.1,2026-02-17,da,危局强袭,all,全部,2.6.1,危局强袭 2.6.1,2026-02-13,2026-02-27,manato,Komano Manato,狛野真斗,直伤主C,A,1.1,22336,201,53,5.76,60.0,60.0,7.0,hf_builds,2.6.1/builds.json,https://huggingface.co/datasets/LvlUrArti/ShiyuDataProcessed/resolve/main/2.6.1/builds.json,ok
2.6.2,2026-03-10,da,危局强袭,all,全部,2.6.2,危局强袭 2.6.2,2026-02-27,2026-03-13,manato,Komano Manato,狛野真斗,直伤主C,A,2.72,23121,585,184,5.74,60.0,60.0,7.0,hf_builds,2.6.2/builds.json,https://huggingface.co/datasets/LvlUrArti/ShiyuDataProcessed/resolve/main/2.6.2/builds.json,ok
2.7.1,2026-03-31,da,危局强袭,all,全部,2.7.1,危局强袭 2.7.1,2026-03-27,2026-04-10,manato,Komano Manato,狛野真斗,直伤主C,A,0.69,22183,121,67,5.78,60.0,60.0,7.0,hf_builds,2.7.1/builds.json,https://huggingface.co/datasets/LvlUrArti/ShiyuDataProcessed/resolve/main/2.7.1/builds.json,ok
2.7.2,2026-04-21,da,危局强袭,all,全部,2.7.2,危局强袭 2.7.2,2026-04-10,2026-04-24,manato,Komano Manato,狛野真斗,直伤主C,A,0.15,21793,30,17,5.92,60.0,60.0,7.0,hf_builds,2.7.2/builds.json,https://huggingface.co/datasets/LvlUrArti/ShiyuDataProcessed/resolve/main/2.7.2/builds.json,ok
2.8.1,2026-05-11,da,危局强袭,all,全部,2.8.1,危局强袭 2.8.1,2026-05-08,2026-05-22,manato,Komano Manato,狛野真斗,直伤主C,A,1.91,22397,310,137,5.8,60.0,60.0,7.0,hf_builds,2.8.1/builds.json,https://huggingface.co/datasets/LvlUrArti/ShiyuDataProcessed/resolve/main/2.8.1/builds.json,ok
2.8.2,2026-06-02,da,危局强袭,all,全部,2.8.2,危局强袭 2.8.2,2026-05-22,2026-06-05,manato,Komano Manato,狛野真斗,直伤主C,A,0.32,15800,58,11,5.85,60.0,60.0,7.0,hf_builds,2.8.2/builds.json,https://huggingface.co/datasets/LvlUrArti/ShiyuDataProcessed/resolve/main/2.8.2/builds.json,ok
2.8.3,2026-06-15,da,危局强袭,all,全部,2.8.3,危局强袭 2.8.3,2026-06-05,2026-06-19,manato,Komano Manato,狛野真斗,直伤主C,A,0.09,0,18,7,5.98,60.0,60.0,7.0,hf_builds,2.8.3/builds.json,https://huggingface.co/datasets/LvlUrArti/ShiyuDataProcessed/resolve/main/2.8.3/builds.json,ok
3.0.1,2026-06-21,da,危局强袭,all,全部,3.0.1,危局强袭 3.0.1,2026-06-19,2026-07-03,manato,Komano Manato,狛野真斗,直伤主C,A,0.11,0,18,13,5.99,60.0,60.0,7.0,hf_builds,3.0.1/builds.json,https://huggingface.co/datasets/LvlUrArti/ShiyuDataProcessed/resolve/main/3.0.1/builds.json,ok
2.6.1,2026-02-17,da,危局强袭,all,全部,2.6.1,危局强袭 2.6.1,2026-02-13,2026-02-27,miyabi,Hoshimi Miyabi,星见 雅,异常主C,S,70.28,27346,12897,5926,1.08,60.0,59.99,7.0,hf_builds,2.6.1/builds.json,https://huggingface.co/datasets/LvlUrArti/ShiyuDataProcessed/resolve/main/2.6.1/builds.json,ok
2.6.2,2026-03-10,da,危局强袭,all,全部,2.6.2,危局强袭 2.6.2,2026-02-27,2026-03-13,miyabi,Hoshimi Miyabi,星见 雅,异常主C,S,9.56,20994,2055,2301,1.84,60.0,59.98,7.0,hf_builds,2.6.2/builds.json,https://huggingface.co/datasets/LvlUrArti/ShiyuDataProcessed/resolve/main/2.6.2/builds.json,ok
2.7.1,2026-03-31,da,危局强袭,all,全部,2.7.1,危局强袭 2.7.1,2026-03-27,2026-04-10,miyabi,Hoshimi Miyabi,星见 雅,异常主C,S,59.6,26251,10497,8925,1.17,60.0,59.98,7.0,hf_builds,2.7.1/builds.json,https://huggingface.co/datasets/LvlUrArti/ShiyuDataProcessed/resolve/main/2.7.1/builds.json,ok
2.7.2,2026-04-21,da,危局强袭,all,全部,2.7.2,危局强袭 2.7.2,2026-04-10,2026-04-24,miyabi,Hoshimi Miyabi,星见 雅,异常主C,S,17.77,23587,3608,3361,1.5,60.0,59.99,7.0,hf_builds,2.7.2/builds.json,https://huggingface.co/datasets/LvlUrArti/ShiyuDataProcessed/resolve/main/2.7.2/builds.json,ok
2.8.1,2026-05-11,da,危局强袭,all,全部,2.8.1,危局强袭 2.8.1,2026-05-08,2026-05-22,miyabi,Hoshimi Miyabi,星见 雅,异常主C,S,47.83,25328,7767,6980,1.24,60.0,59.95,7.0,hf_builds,2.8.1/builds.json,https://huggingface.co/datasets/LvlUrArti/ShiyuDataProcessed/resolve/main/2.8.1/builds.json,ok
2.8.2,2026-06-02,da,危局强袭,all,全部,2.8.2,危局强袭 2.8.2,2026-05-22,2026-06-05,miyabi,Hoshimi Miyabi,星见 雅,异常主C,S,58.82,22784,10802,4348,1.12,60.0,59.98,7.0,hf_builds,2.8.2/builds.json,https://huggingface.co/datasets/LvlUrArti/ShiyuDataProcessed/resolve/main/2.8.2/builds.json,ok
2.8.3,2026-06-15,da,危局强袭,all,全部,2.8.3,危局强袭 2.8.3,2026-06-05,2026-06-19,miyabi,Hoshimi Miyabi,星见 雅,异常主C,S,29.69,27748,5628,2551,1.27,60.0,59.98,7.0,hf_builds,2.8.3/builds.json,https://huggingface.co/datasets/LvlUrArti/ShiyuDataProcessed/resolve/main/2.8.3/builds.json,ok
3.0.1,2026-06-21,da,危局强袭,all,全部,3.0.1,危局强袭 3.0.1,2026-06-19,2026-07-03,miyabi,Hoshimi Miyabi,星见 雅,异常主C,S,32.85,25280,5304,5334,1.28,60.0,59.95,7.0,hf_builds,3.0.1/builds.json,https://huggingface.co/datasets/LvlUrArti/ShiyuDataProcessed/resolve/main/3.0.1/builds.json,ok
2.7.1,2026-03-31,da,危局强袭,all,全部,2.7.1,危局强袭 2.7.1,2026-03-27,2026-04-10,nangong-yu,Nangong Yu,南宫羽,辅助,S,42.76,29993,7531,2868,0.08,59.97,59.52,6.83,hf_builds,2.7.1/builds.json,https://huggingface.co/datasets/LvlUrArti/ShiyuDataProcessed/resolve/main/2.7.1/builds.json,ok
2.7.2,2026-04-21,da,危局强袭,all,全部,2.7.2,危局强袭 2.7.2,2026-04-10,2026-04-24,nangong-yu,Nangong Yu,南宫羽,辅助,S,54.77,32354,11119,3659,0.11,60.0,59.78,6.98,hf_builds,2.7.2/builds.json,https://huggingface.co/datasets/LvlUrArti/ShiyuDataProcessed/resolve/main/2.7.2/builds.json,ok
2.8.1,2026-05-11,da,危局强袭,all,全部,2.8.1,危局强袭 2.8.1,2026-05-08,2026-05-22,nangong-yu,Nangong Yu,南宫羽,辅助,S,47.04,29228,7640,3174,0.12,60.0,59.77,6.99,hf_builds,2.8.1/builds.json,https://huggingface.co/datasets/LvlUrArti/ShiyuDataProcessed/resolve/main/2.8.1/builds.json,ok
2.8.2,2026-06-02,da,危局强袭,all,全部,2.8.2,危局强袭 2.8.2,2026-05-22,2026-06-05,nangong-yu,Nangong Yu,南宫羽,辅助,S,61.56,27588,11306,2193,0.12,60.0,59.92,6.99,hf_builds,2.8.2/builds.json,https://huggingface.co/datasets/LvlUrArti/ShiyuDataProcessed/resolve/main/2.8.2/builds.json,ok
2.8.3,2026-06-15,da,危局强袭,all,全部,2.8.3,危局强袭 2.8.3,2026-06-05,2026-06-19,nangong-yu,Nangong Yu,南宫羽,辅助,S,47.35,31003,8975,1666,0.12,60.0,59.93,6.99,hf_builds,2.8.3/builds.json,https://huggingface.co/datasets/LvlUrArti/ShiyuDataProcessed/resolve/main/2.8.3/builds.json,ok
3.0.1,2026-06-21,da,危局强袭,all,全部,3.0.1,危局强袭 3.0.1,2026-06-19,2026-07-03,nangong-yu,Nangong Yu,南宫羽,辅助,S,30.95,26476,4998,2145,0.13,60.0,59.86,6.99,hf_builds,3.0.1/builds.json,https://huggingface.co/datasets/LvlUrArti/ShiyuDataProcessed/resolve/main/3.0.1/builds.json,ok
2.6.1,2026-02-17,da,危局强袭,all,全部,2.6.1,危局强袭 2.6.1,2026-02-13,2026-02-27,nekomata,Nekomiya Mana,猫宫 又奈,直伤主C,S,0.5,21680,91,34,3.42,60.0,58.98,7.0,hf_builds,2.6.1/builds.json,https://huggingface.co/datasets/LvlUrArti/ShiyuDataProcessed/resolve/main/2.6.1/builds.json,ok
2.6.2,2026-03-10,da,危局强袭,all,全部,2.6.2,危局强袭 2.6.2,2026-02-27,2026-03-13,nekomata,Nekomiya Mana,猫宫 又奈,直伤主C,S,0.35,23471,75,39,3.48,60.0,60.0,6.99,hf_builds,2.6.2/builds.json,https://huggingface.co/datasets/LvlUrArti/ShiyuDataProcessed/resolve/main/2.6.2/builds.json,ok
2.7.1,2026-03-31,da,危局强袭,all,全部,2.7.1,危局强袭 2.7.1,2026-03-27,2026-04-10,nekomata,Nekomiya Mana,猫宫 又奈,直伤主C,S,0.13,0,23,21,3.97,60.0,60.0,7.0,hf_builds,2.7.1/builds.json,https://huggingface.co/datasets/LvlUrArti/ShiyuDataProcessed/resolve/main/2.7.1/builds.json,ok
2.7.2,2026-04-21,da,危局强袭,all,全部,2.7.2,危局强袭 2.7.2,2026-04-10,2026-04-24,nekomata,Nekomiya Mana,猫宫 又奈,直伤主C,S,0.32,22713,65,42,3.71,60.0,60.0,6.99,hf_builds,2.7.2/builds.json,https://huggingface.co/datasets/LvlUrArti/ShiyuDataProcessed/resolve/main/2.7.2/builds.json,ok
2.8.1,2026-05-11,da,危局强袭,all,全部,2.8.1,危局强袭 2.8.1,2026-05-08,2026-05-22,nekomata,Nekomiya Mana,猫宫 又奈,直伤主C,S,0.23,24317,38,33,4.3,60.0,60.0,7.0,hf_builds,2.8.1/builds.json,https://huggingface.co/datasets/LvlUrArti/ShiyuDataProcessed/resolve/main/2.8.1/builds.json,ok
2.8.2,2026-06-02,da,危局强袭,all,全部,2.8.2,危局强袭 2.8.2,2026-05-22,2026-06-05,nekomata,Nekomiya Mana,猫宫 又奈,直伤主C,S,0.2,18103,37,18,3.98,60.0,58.52,7.0,hf_builds,2.8.2/builds.json,https://huggingface.co/datasets/LvlUrArti/ShiyuDataProcessed/resolve/main/2.8.2/builds.json,ok
2.8.3,2026-06-15,da,危局强袭,all,全部,2.8.3,危局强袭 2.8.3,2026-06-05,2026-06-19,nekomata,Nekomiya Mana,猫宫 又奈,直伤主C,S,0.32,23231,61,24,4.05,60.0,58.78,7.0,hf_builds,2.8.3/builds.json,https://huggingface.co/datasets/LvlUrArti/ShiyuDataProcessed/resolve/main/2.8.3/builds.json,ok
3.0.1,2026-06-21,da,危局强袭,all,全部,3.0.1,危局强袭 3.0.1,2026-06-19,2026-07-03,nekomata,Nekomiya Mana,猫宫 又奈,直伤主C,S,0.15,23727,25,30,4.36,60.0,60.0,7.0,hf_builds,3.0.1/builds.json,https://huggingface.co/datasets/LvlUrArti/ShiyuDataProcessed/resolve/main/3.0.1/builds.json,ok
2.6.1,2026-02-17,da,危局强袭,all,全部,2.6.1,危局强袭 2.6.1,2026-02-13,2026-02-27,nicole-demara,Nicole Demara,妮可·德玛拉,辅助,A,4.63,23070,849,39,5.99,60.0,59.7,6.95,hf_builds,2.6.1/builds.json,https://huggingface.co/datasets/LvlUrArti/ShiyuDataProcessed/resolve/main/2.6.1/builds.json,ok
2.6.2,2026-03-10,da,危局强袭,all,全部,2.6.2,危局强袭 2.6.2,2026-02-27,2026-03-13,nicole-demara,Nicole Demara,妮可·德玛拉,辅助,A,3.26,22585,700,31,5.99,59.95,59.72,6.95,hf_builds,2.6.2/builds.json,https://huggingface.co/datasets/LvlUrArti/ShiyuDataProcessed/resolve/main/2.6.2/builds.json,ok
2.7.1,2026-03-31,da,危局强袭,all,全部,2.7.1,危局强袭 2.7.1,2026-03-27,2026-04-10,nicole-demara,Nicole Demara,妮可·德玛拉,辅助,A,3.74,23638,658,52,6.0,59.91,58.99,6.98,hf_builds,2.7.1/builds.json,https://huggingface.co/datasets/LvlUrArti/ShiyuDataProcessed/resolve/main/2.7.1/builds.json,ok
2.7.2,2026-04-21,da,危局强袭,all,全部,2.7.2,危局强袭 2.7.2,2026-04-10,2026-04-24,nicole-demara,Nicole Demara,妮可·德玛拉,辅助,A,2.75,22897,559,48,6.0,60.0,59.39,7.0,hf_builds,2.7.2/builds.json,https://huggingface.co/datasets/LvlUrArti/ShiyuDataProcessed/resolve/main/2.7.2/builds.json,ok
2.8.1,2026-05-11,da,危局强袭,all,全部,2.8.1,危局强袭 2.8.1,2026-05-08,2026-05-22,nicole-demara,Nicole Demara,妮可·德玛拉,辅助,A,1.91,22754,310,27,5.99,60.0,59.22,7.0,hf_builds,2.8.1/builds.json,https://huggingface.co/datasets/LvlUrArti/ShiyuDataProcessed/resolve/main/2.8.1/builds.json,ok
2.8.2,2026-06-02,da,危局强袭,all,全部,2.8.2,危局强袭 2.8.2,2026-05-22,2026-06-05,nicole-demara,Nicole Demara,妮可·德玛拉,辅助,A,3.59,16306,659,19,5.99,60.0,59.35,7.0,hf_builds,2.8.2/builds.json,https://huggingface.co/datasets/LvlUrArti/ShiyuDataProcessed/resolve/main/2.8.2/builds.json,ok
2.8.3,2026-06-15,da,危局强袭,all,全部,2.8.3,危局强袭 2.8.3,2026-06-05,2026-06-19,nicole-demara,Nicole Demara,妮可·德玛拉,辅助,A,2.23,23723,422,18,6.0,60.0,59.73,7.0,hf_builds,2.8.3/builds.json,https://huggingface.co/datasets/LvlUrArti/ShiyuDataProcessed/resolve/main/2.8.3/builds.json,ok
3.0.1,2026-06-21,da,危局强袭,all,全部,3.0.1,危局强袭 3.0.1,2026-06-19,2026-07-03,nicole-demara,Nicole Demara,妮可·德玛拉,辅助,A,3.75,23346,606,39,6.0,60.0,58.84,7.0,hf_builds,3.0.1/builds.json,https://huggingface.co/datasets/LvlUrArti/ShiyuDataProcessed/resolve/main/3.0.1/builds.json,ok
2.6.1,2026-02-17,da,危局强袭,all,全部,2.6.1,危局强袭 2.6.1,2026-02-13,2026-02-27,orphie-and-magus,"Orphie Magnusson & ""Magus""",奥菲丝·马格努森 & 「鬼火」,直伤主C,S,3.12,23991,573,246,0.14,59.99,59.77,6.99,hf_builds,2.6.1/builds.json,https://huggingface.co/datasets/LvlUrArti/ShiyuDataProcessed/resolve/main/2.6.1/builds.json,ok
2.6.2,2026-03-10,da,危局强袭,all,全部,2.6.2,危局强袭 2.6.2,2026-02-27,2026-03-13,orphie-and-magus,"Orphie Magnusson & ""Magus""",奥菲丝·马格努森 & 「鬼火」,直伤主C,S,14.25,24670,3062,1090,0.15,59.99,59.93,6.99,hf_builds,2.6.2/builds.json,https://huggingface.co/datasets/LvlUrArti/ShiyuDataProcessed/resolve/main/2.6.2/builds.json,ok
2.7.1,2026-03-31,da,危局强袭,all,全部,2.7.1,危局强袭 2.7.1,2026-03-27,2026-04-10,orphie-and-magus,"Orphie Magnusson & ""Magus""",奥菲丝·马格努森 & 「鬼火」,直伤主C,S,2.0,23744,352,274,0.37,60.0,59.82,7.0,hf_builds,2.7.1/builds.json,https://huggingface.co/datasets/LvlUrArti/ShiyuDataProcessed/resolve/main/2.7.1/builds.json,ok
2.7.2,2026-04-21,da,危局强袭,all,全部,2.7.2,危局强袭 2.7.2,2026-04-10,2026-04-24,orphie-and-magus,"Orphie Magnusson & ""Magus""",奥菲丝·马格努森 & 「鬼火」,直伤主C,S,17.45,28416,3543,990,0.14,60.0,59.78,7.0,hf_builds,2.7.2/builds.json,https://huggingface.co/datasets/LvlUrArti/ShiyuDataProcessed/resolve/main/2.7.2/builds.json,ok
2.8.1,2026-05-11,da,危局强袭,all,全部,2.8.1,危局强袭 2.8.1,2026-05-08,2026-05-22,orphie-and-magus,"Orphie Magnusson & ""Magus""",奥菲丝·马格努森 & 「鬼火」,直伤主C,S,10.41,27264,1690,742,0.15,60.0,59.82,7.0,hf_builds,2.8.1/builds.json,https://huggingface.co/datasets/LvlUrArti/ShiyuDataProcessed/resolve/main/2.8.1/builds.json,ok
2.8.2,2026-06-02,da,危局强袭,all,全部,2.8.2,危局强袭 2.8.2,2026-05-22,2026-06-05,orphie-and-magus,"Orphie Magnusson & ""Magus""",奥菲丝·马格努森 & 「鬼火」,直伤主C,S,1.24,16092,227,50,0.24,60.0,60.0,7.0,hf_builds,2.8.2/builds.json,https://huggingface.co/datasets/LvlUrArti/ShiyuDataProcessed/resolve/main/2.8.2/builds.json,ok
2.8.3,2026-06-15,da,危局强袭,all,全部,2.8.3,危局强袭 2.8.3,2026-06-05,2026-06-19,orphie-and-magus,"Orphie Magnusson & ""Magus""",奥菲丝·马格努森 & 「鬼火」,直伤主C,S,13.52,25940,2563,424,0.25,60.0,59.88,7.0,hf_builds,2.8.3/builds.json,https://huggingface.co/datasets/LvlUrArti/ShiyuDataProcessed/resolve/main/2.8.3/builds.json,ok
3.0.1,2026-06-21,da,危局强袭,all,全部,3.0.1,危局强袭 3.0.1,2026-06-19,2026-07-03,orphie-and-magus,"Orphie Magnusson & ""Magus""",奥菲丝·马格努森 & 「鬼火」,直伤主C,S,1.34,22139,217,180,0.38,60.0,58.9,6.99,hf_builds,3.0.1/builds.json,https://huggingface.co/datasets/LvlUrArti/ShiyuDataProcessed/resolve/main/3.0.1/builds.json,ok
2.6.1,2026-02-17,da,危局强袭,all,全部,2.6.1,危局强袭 2.6.1,2026-02-13,2026-02-27,pan-yinhu,Pan Yinhu,潘引壶,辅助,A,13.01,27150,2388,44,5.53,60.0,59.75,6.91,hf_builds,2.6.1/builds.json,https://huggingface.co/datasets/LvlUrArti/ShiyuDataProcessed/resolve/main/2.6.1/builds.json,ok
2.6.2,2026-03-10,da,危局强袭,all,全部,2.6.2,危局强袭 2.6.2,2026-02-27,2026-03-13,pan-yinhu,Pan Yinhu,潘引壶,辅助,A,10.29,23757,2211,56,5.58,59.9,59.09,6.87,hf_builds,2.6.2/builds.json,https://huggingface.co/datasets/LvlUrArti/ShiyuDataProcessed/resolve/main/2.6.2/builds.json,ok
2.7.1,2026-03-31,da,危局强袭,all,全部,2.7.1,危局强袭 2.7.1,2026-03-27,2026-04-10,pan-yinhu,Pan Yinhu,潘引壶,辅助,A,10.19,25176,1794,58,5.64,60.0,58.7,6.91,hf_builds,2.7.1/builds.json,https://huggingface.co/datasets/LvlUrArti/ShiyuDataProcessed/resolve/main/2.7.1/builds.json,ok
2.7.2,2026-04-21,da,危局强袭,all,全部,2.7.2,危局强袭 2.7.2,2026-04-10,2026-04-24,pan-yinhu,Pan Yinhu,潘引壶,辅助,A,4.04,22427,821,25,5.72,60.0,59.69,6.95,hf_builds,2.7.2/builds.json,https://huggingface.co/datasets/LvlUrArti/ShiyuDataProcessed/resolve/main/2.7.2/builds.json,ok
2.8.1,2026-05-11,da,危局强袭,all,全部,2.8.1,危局强袭 2.8.1,2026-05-08,2026-05-22,pan-yinhu,Pan Yinhu,潘引壶,辅助,A,5.5,22354,894,29,5.73,60.0,60.0,6.97,hf_builds,2.8.1/builds.json,https://huggingface.co/datasets/LvlUrArti/ShiyuDataProcessed/resolve/main/2.8.1/builds.json,ok
2.8.2,2026-06-02,da,危局强袭,all,全部,2.8.2,危局强袭 2.8.2,2026-05-22,2026-06-05,pan-yinhu,Pan Yinhu,潘引壶,辅助,A,5.82,16602,1068,14,5.71,60.0,60.0,6.96,hf_builds,2.8.2/builds.json,https://huggingface.co/datasets/LvlUrArti/ShiyuDataProcessed/resolve/main/2.8.2/builds.json,ok
2.8.3,2026-06-15,da,危局强袭,all,全部,2.8.3,危局强袭 2.8.3,2026-06-05,2026-06-19,pan-yinhu,Pan Yinhu,潘引壶,辅助,A,3.89,23880,737,19,5.86,60.0,60.0,6.95,hf_builds,2.8.3/builds.json,https://huggingface.co/datasets/LvlUrArti/ShiyuDataProcessed/resolve/main/2.8.3/builds.json,ok
3.0.1,2026-06-21,da,危局强袭,all,全部,3.0.1,危局强袭 3.0.1,2026-06-19,2026-07-03,pan-yinhu,Pan Yinhu,潘引壶,辅助,A,5.85,25850,944,32,5.84,59.84,59.67,6.93,hf_builds,3.0.1/builds.json,https://huggingface.co/datasets/LvlUrArti/ShiyuDataProcessed/resolve/main/3.0.1/builds.json,ok
2.6.1,2026-02-17,da,危局强袭,all,全部,2.6.1,危局强袭 2.6.1,2026-02-13,2026-02-27,piper,Piper Wheel,派派·韦尔,异常主C,A,0.47,23034,86,19,5.99,60.0,60.0,7.0,hf_builds,2.6.1/builds.json,https://huggingface.co/datasets/LvlUrArti/ShiyuDataProcessed/resolve/main/2.6.1/builds.json,ok
2.6.2,2026-03-10,da,危局强袭,all,全部,2.6.2,危局强袭 2.6.2,2026-02-27,2026-03-13,piper,Piper Wheel,派派·韦尔,异常主C,A,0.43,21936,93,21,5.97,60.0,60.0,7.0,hf_builds,2.6.2/builds.json,https://huggingface.co/datasets/LvlUrArti/ShiyuDataProcessed/resolve/main/2.6.2/builds.json,ok
2.7.1,2026-03-31,da,危局强袭,all,全部,2.7.1,危局强袭 2.7.1,2026-03-27,2026-04-10,piper,Piper Wheel,派派·韦尔,异常主C,A,0.33,21013,58,17,5.98,60.0,60.0,6.98,hf_builds,2.7.1/builds.json,https://huggingface.co/datasets/LvlUrArti/ShiyuDataProcessed/resolve/main/2.7.1/builds.json,ok
2.7.2,2026-04-21,da,危局强袭,all,全部,2.7.2,危局强袭 2.7.2,2026-04-10,2026-04-24,piper,Piper Wheel,派派·韦尔,异常主C,A,0.41,22014,83,18,6.0,60.0,60.0,7.0,hf_builds,2.7.2/builds.json,https://huggingface.co/datasets/LvlUrArti/ShiyuDataProcessed/resolve/main/2.7.2/builds.json,ok
2.8.1,2026-05-11,da,危局强袭,all,全部,2.8.1,危局强袭 2.8.1,2026-05-08,2026-05-22,piper,Piper Wheel,派派·韦尔,异常主C,A,0.01,0,2,2,6.0,60.0,60.0,7.0,hf_builds,2.8.1/builds.json,https://huggingface.co/datasets/LvlUrArti/ShiyuDataProcessed/resolve/main/2.8.1/builds.json,ok
2.8.2,2026-06-02,da,危局强袭,all,全部,2.8.2,危局强袭 2.8.2,2026-05-22,2026-06-05,piper,Piper Wheel,派派·韦尔,异常主C,A,0.6,15508,111,10,5.99,60.0,60.0,7.0,hf_builds,2.8.2/builds.json,https://huggingface.co/datasets/LvlUrArti/ShiyuDataProcessed/resolve/main/2.8.2/builds.json,ok
2.8.3,2026-06-15,da,危局强袭,all,全部,2.8.3,危局强袭 2.8.3,2026-06-05,2026-06-19,piper,Piper Wheel,派派·韦尔,异常主C,A,0.56,24558,107,17,6.0,60.0,60.0,7.0,hf_builds,2.8.3/builds.json,https://huggingface.co/datasets/LvlUrArti/ShiyuDataProcessed/resolve/main/2.8.3/builds.json,ok
3.0.1,2026-06-21,da,危局强袭,all,全部,3.0.1,危局强袭 3.0.1,2026-06-19,2026-07-03,piper,Piper Wheel,派派·韦尔,异常主C,A,0.54,24097,88,25,5.99,60.0,60.0,7.0,hf_builds,3.0.1/builds.json,https://huggingface.co/datasets/LvlUrArti/ShiyuDataProcessed/resolve/main/3.0.1/builds.json,ok
2.8.1,2026-05-11,da,危局强袭,all,全部,2.8.1,危局强袭 2.8.1,2026-05-08,2026-05-22,promeia,Promeia,普罗米娅,异常主C,S,19.15,31664,3110,1175,0.1,59.98,59.85,6.97,hf_builds,2.8.1/builds.json,https://huggingface.co/datasets/LvlUrArti/ShiyuDataProcessed/resolve/main/2.8.1/builds.json,ok
2.8.2,2026-06-02,da,危局强袭,all,全部,2.8.2,危局强袭 2.8.2,2026-05-22,2026-06-05,promeia,Promeia,普罗米娅,异常主C,S,23.06,28424,4235,918,0.13,60.0,59.9,6.99,hf_builds,2.8.2/builds.json,https://huggingface.co/datasets/LvlUrArti/ShiyuDataProcessed/resolve/main/2.8.2/builds.json,ok
2.8.3,2026-06-15,da,危局强袭,all,全部,2.8.3,危局强袭 2.8.3,2026-06-05,2026-06-19,promeia,Promeia,普罗米娅,异常主C,S,17.7,31578,3355,710,0.14,60.0,59.98,7.0,hf_builds,2.8.3/builds.json,https://huggingface.co/datasets/LvlUrArti/ShiyuDataProcessed/resolve/main/2.8.3/builds.json,ok
3.0.1,2026-06-21,da,危局强袭,all,全部,3.0.1,危局强袭 3.0.1,2026-06-19,2026-07-03,promeia,Promeia,普罗米娅,异常主C,S,19.52,30433,3152,1478,0.14,60.0,59.76,6.99,hf_builds,3.0.1/builds.json,https://huggingface.co/datasets/LvlUrArti/ShiyuDataProcessed/resolve/main/3.0.1/builds.json,ok
2.6.1,2026-02-17,da,危局强袭,all,全部,2.6.1,危局强袭 2.6.1,2026-02-13,2026-02-27,pulchra,Pulchra Fellini,波可娜·费雷尼,辅助,A,1.73,24729,318,13,5.98,60.0,60.0,6.93,hf_builds,2.6.1/builds.json,https://huggingface.co/datasets/LvlUrArti/ShiyuDataProcessed/resolve/main/2.6.1/builds.json,ok
2.6.2,2026-03-10,da,危局强袭,all,全部,2.6.2,危局强袭 2.6.2,2026-02-27,2026-03-13,pulchra,Pulchra Fellini,波可娜·费雷尼,辅助,A,1.62,23002,349,16,5.98,59.46,58.9,6.75,hf_builds,2.6.2/builds.json,https://huggingface.co/datasets/LvlUrArti/ShiyuDataProcessed/resolve/main/2.6.2/builds.json,ok
2.7.1,2026-03-31,da,危局强袭,all,全部,2.7.1,危局强袭 2.7.1,2026-03-27,2026-04-10,pulchra,Pulchra Fellini,波可娜·费雷尼,辅助,A,0.83,23985,146,11,5.97,60.0,60.0,6.88,hf_builds,2.7.1/builds.json,https://huggingface.co/datasets/LvlUrArti/ShiyuDataProcessed/resolve/main/2.7.1/builds.json,ok
2.7.2,2026-04-21,da,危局强袭,all,全部,2.7.2,危局强袭 2.7.2,2026-04-10,2026-04-24,pulchra,Pulchra Fellini,波可娜·费雷尼,辅助,A,1.18,21914,239,7,5.98,60.0,60.0,6.79,hf_builds,2.7.2/builds.json,https://huggingface.co/datasets/LvlUrArti/ShiyuDataProcessed/resolve/main/2.7.2/builds.json,ok
2.8.1,2026-05-11,da,危局强袭,all,全部,2.8.1,危局强袭 2.8.1,2026-05-08,2026-05-22,pulchra,Pulchra Fellini,波可娜·费雷尼,辅助,A,0.76,22360,123,10,5.98,60.0,60.0,6.95,hf_builds,2.8.1/builds.json,https://huggingface.co/datasets/LvlUrArti/ShiyuDataProcessed/resolve/main/2.8.1/builds.json,ok
2.8.2,2026-06-02,da,危局强袭,all,全部,2.8.2,危局强袭 2.8.2,2026-05-22,2026-06-05,pulchra,Pulchra Fellini,波可娜·费雷尼,辅助,A,1.32,17777,242,6,5.94,59.26,57.78,6.63,hf_builds,2.8.2/builds.json,https://huggingface.co/datasets/LvlUrArti/ShiyuDataProcessed/resolve/main/2.8.2/builds.json,ok
2.8.3,2026-06-15,da,危局强袭,all,全部,2.8.3,危局强袭 2.8.3,2026-06-05,2026-06-19,pulchra,Pulchra Fellini,波可娜·费雷尼,辅助,A,1.14,23867,217,9,5.99,60.0,59.55,7.0,hf_builds,2.8.3/builds.json,https://huggingface.co/datasets/LvlUrArti/ShiyuDataProcessed/resolve/main/2.8.3/builds.json,ok
3.0.1,2026-06-21,da,危局强袭,all,全部,3.0.1,危局强袭 3.0.1,2026-06-19,2026-07-03,pulchra,Pulchra Fellini,波可娜·费雷尼,辅助,A,1.18,24570,191,12,5.97,60.0,60.0,7.0,hf_builds,3.0.1/builds.json,https://huggingface.co/datasets/LvlUrArti/ShiyuDataProcessed/resolve/main/3.0.1/builds.json,ok
3.0.1,2026-06-21,da,危局强袭,all,全部,3.0.1,危局强袭 3.0.1,2026-06-19,2026-07-03,pyrois,Pyrois,,直伤主C,S,8.6,23130,1389,284,1.85,59.98,59.83,6.79,hf_builds,3.0.1/builds.json,https://huggingface.co/datasets/LvlUrArti/ShiyuDataProcessed/resolve/main/3.0.1/builds.json,ok
2.6.1,2026-02-17,da,危局强袭,all,全部,2.6.1,危局强袭 2.6.1,2026-02-13,2026-02-27,qingyi,Qingyi,青衣,辅助,S,2.16,30889,397,29,0.47,60.0,59.5,7.0,hf_builds,2.6.1/builds.json,https://huggingface.co/datasets/LvlUrArti/ShiyuDataProcessed/resolve/main/2.6.1/builds.json,ok
2.6.2,2026-03-10,da,危局强袭,all,全部,2.6.2,危局强袭 2.6.2,2026-02-27,2026-03-13,qingyi,Qingyi,青衣,辅助,S,2.64,24358,567,92,0.51,59.98,59.63,6.99,hf_builds,2.6.2/builds.json,https://huggingface.co/datasets/LvlUrArti/ShiyuDataProcessed/resolve/main/2.6.2/builds.json,ok
2.7.1,2026-03-31,da,危局强袭,all,全部,2.7.1,危局强袭 2.7.1,2026-03-27,2026-04-10,qingyi,Qingyi,青衣,辅助,S,1.52,28909,268,48,0.51,60.0,59.96,7.0,hf_builds,2.7.1/builds.json,https://huggingface.co/datasets/LvlUrArti/ShiyuDataProcessed/resolve/main/2.7.1/builds.json,ok
2.7.2,2026-04-21,da,危局强袭,all,全部,2.7.2,危局强袭 2.7.2,2026-04-10,2026-04-24,qingyi,Qingyi,青衣,辅助,S,2.2,23597,447,81,0.59,60.0,59.93,7.0,hf_builds,2.7.2/builds.json,https://huggingface.co/datasets/LvlUrArti/ShiyuDataProcessed/resolve/main/2.7.2/builds.json,ok
2.8.1,2026-05-11,da,危局强袭,all,全部,2.8.1,危局强袭 2.8.1,2026-05-08,2026-05-22,qingyi,Qingyi,青衣,辅助,S,1.89,23613,307,77,0.58,60.0,59.8,7.0,hf_builds,2.8.1/builds.json,https://huggingface.co/datasets/LvlUrArti/ShiyuDataProcessed/resolve/main/2.8.1/builds.json,ok
2.8.2,2026-06-02,da,危局强袭,all,全部,2.8.2,危局强袭 2.8.2,2026-05-22,2026-06-05,qingyi,Qingyi,青衣,辅助,S,1.06,16367,195,16,0.55,60.0,60.0,7.0,hf_builds,2.8.2/builds.json,https://huggingface.co/datasets/LvlUrArti/ShiyuDataProcessed/resolve/main/2.8.2/builds.json,ok
2.8.3,2026-06-15,da,危局强袭,all,全部,2.8.3,危局强袭 2.8.3,2026-06-05,2026-06-19,qingyi,Qingyi,青衣,辅助,S,1.58,22253,300,31,0.64,60.0,57.12,7.0,hf_builds,2.8.3/builds.json,https://huggingface.co/datasets/LvlUrArti/ShiyuDataProcessed/resolve/main/2.8.3/builds.json,ok
3.0.1,2026-06-21,da,危局强袭,all,全部,3.0.1,危局强袭 3.0.1,2026-06-19,2026-07-03,qingyi,Qingyi,青衣,辅助,S,0.76,26821,123,33,0.78,60.0,60.0,6.98,hf_builds,3.0.1/builds.json,https://huggingface.co/datasets/LvlUrArti/ShiyuDataProcessed/resolve/main/3.0.1/builds.json,ok
2.6.1,2026-02-17,da,危局强袭,all,全部,2.6.1,危局强袭 2.6.1,2026-02-13,2026-02-27,rina,Alexandrina Sebastiane,亚历山德丽娜·莎芭丝缇安,辅助,S,0.45,22852,82,9,2.31,60.0,58.9,6.96,hf_builds,2.6.1/builds.json,https://huggingface.co/datasets/LvlUrArti/ShiyuDataProcessed/resolve/main/2.6.1/builds.json,ok
2.6.2,2026-03-10,da,危局强袭,all,全部,2.6.2,危局强袭 2.6.2,2026-02-27,2026-03-13,rina,Alexandrina Sebastiane,亚历山德丽娜·莎芭丝缇安,辅助,S,0.38,23776,81,9,2.5,60.0,57.26,6.94,hf_builds,2.6.2/builds.json,https://huggingface.co/datasets/LvlUrArti/ShiyuDataProcessed/resolve/main/2.6.2/builds.json,ok
2.7.1,2026-03-31,da,危局强袭,all,全部,2.7.1,危局强袭 2.7.1,2026-03-27,2026-04-10,rina,Alexandrina Sebastiane,亚历山德丽娜·莎芭丝缇安,辅助,S,0.18,21556,32,7,2.4,60.0,60.0,7.0,hf_builds,2.7.1/builds.json,https://huggingface.co/datasets/LvlUrArti/ShiyuDataProcessed/resolve/main/2.7.1/builds.json,ok
2.7.2,2026-04-21,da,危局强袭,all,全部,2.7.2,危局强袭 2.7.2,2026-04-10,2026-04-24,rina,Alexandrina Sebastiane,亚历山德丽娜·莎芭丝缇安,辅助,S,0.35,21960,72,6,2.48,60.0,60.0,6.91,hf_builds,2.7.2/builds.json,https://huggingface.co/datasets/LvlUrArti/ShiyuDataProcessed/resolve/main/2.7.2/builds.json,ok
2.8.1,2026-05-11,da,危局强袭,all,全部,2.8.1,危局强袭 2.8.1,2026-05-08,2026-05-22,rina,Alexandrina Sebastiane,亚历山德丽娜·莎芭丝缇安,辅助,S,0.25,23244,41,5,2.63,60.0,59.42,6.94,hf_builds,2.8.1/builds.json,https://huggingface.co/datasets/LvlUrArti/ShiyuDataProcessed/resolve/main/2.8.1/builds.json,ok
2.8.2,2026-06-02,da,危局强袭,all,全部,2.8.2,危局强袭 2.8.2,2026-05-22,2026-06-05,rina,Alexandrina Sebastiane,亚历山德丽娜·莎芭丝缇安,辅助,S,0.34,13225,63,1,2.33,60.0,60.0,7.0,hf_builds,2.8.2/builds.json,https://huggingface.co/datasets/LvlUrArti/ShiyuDataProcessed/resolve/main/2.8.2/builds.json,ok
2.8.3,2026-06-15,da,危局强袭,all,全部,2.8.3,危局强袭 2.8.3,2026-06-05,2026-06-19,rina,Alexandrina Sebastiane,亚历山德丽娜·莎芭丝缇安,辅助,S,0.22,22377,41,4,2.68,60.0,60.0,7.0,hf_builds,2.8.3/builds.json,https://huggingface.co/datasets/LvlUrArti/ShiyuDataProcessed/resolve/main/2.8.3/builds.json,ok
3.0.1,2026-06-21,da,危局强袭,all,全部,3.0.1,危局强袭 3.0.1,2026-06-19,2026-07-03,rina,Alexandrina Sebastiane,亚历山德丽娜·莎芭丝缇安,辅助,S,0.12,26188,20,4,2.87,60.0,60.0,6.93,hf_builds,3.0.1/builds.json,https://huggingface.co/datasets/LvlUrArti/ShiyuDataProcessed/resolve/main/3.0.1/builds.json,ok
2.6.1,2026-02-17,da,危局强袭,all,全部,2.6.1,危局强袭 2.6.1,2026-02-13,2026-02-27,seed,Seed,「席德」,直伤主C,S,1.73,23383,317,124,0.15,60.0,59.65,7.0,hf_builds,2.6.1/builds.json,https://huggingface.co/datasets/LvlUrArti/ShiyuDataProcessed/resolve/main/2.6.1/builds.json,ok
2.6.2,2026-03-10,da,危局强袭,all,全部,2.6.2,危局强袭 2.6.2,2026-02-27,2026-03-13,seed,Seed,「席德」,直伤主C,S,10.31,23408,2216,796,0.2,59.99,59.78,7.0,hf_builds,2.6.2/builds.json,https://huggingface.co/datasets/LvlUrArti/ShiyuDataProcessed/resolve/main/2.6.2/builds.json,ok
2.7.1,2026-03-31,da,危局强袭,all,全部,2.7.1,危局强袭 2.7.1,2026-03-27,2026-04-10,seed,Seed,「席德」,直伤主C,S,0.99,23622,174,126,0.43,60.0,59.44,7.0,hf_builds,2.7.1/builds.json,https://huggingface.co/datasets/LvlUrArti/ShiyuDataProcessed/resolve/main/2.7.1/builds.json,ok
2.7.2,2026-04-21,da,危局强袭,all,全部,2.7.2,危局强袭 2.7.2,2026-04-10,2026-04-24,seed,Seed,「席德」,直伤主C,S,15.81,26401,3209,968,0.15,60.0,59.86,7.0,hf_builds,2.7.2/builds.json,https://huggingface.co/datasets/LvlUrArti/ShiyuDataProcessed/resolve/main/2.7.2/builds.json,ok
2.8.1,2026-05-11,da,危局强袭,all,全部,2.8.1,危局强袭 2.8.1,2026-05-08,2026-05-22,seed,Seed,「席德」,直伤主C,S,15.15,27820,2461,995,0.18,60.0,59.87,7.0,hf_builds,2.8.1/builds.json,https://huggingface.co/datasets/LvlUrArti/ShiyuDataProcessed/resolve/main/2.8.1/builds.json,ok
2.8.2,2026-06-02,da,危局强袭,all,全部,2.8.2,危局强袭 2.8.2,2026-05-22,2026-06-05,seed,Seed,「席德」,直伤主C,S,1.88,18628,346,87,0.24,60.0,59.88,7.0,hf_builds,2.8.2/builds.json,https://huggingface.co/datasets/LvlUrArti/ShiyuDataProcessed/resolve/main/2.8.2/builds.json,ok
2.8.3,2026-06-15,da,危局强袭,all,全部,2.8.3,危局强袭 2.8.3,2026-06-05,2026-06-19,seed,Seed,「席德」,直伤主C,S,16.67,26453,3160,517,0.23,60.0,59.83,7.0,hf_builds,2.8.3/builds.json,https://huggingface.co/datasets/LvlUrArti/ShiyuDataProcessed/resolve/main/2.8.3/builds.json,ok
3.0.1,2026-06-21,da,危局强袭,all,全部,3.0.1,危局强袭 3.0.1,2026-06-19,2026-07-03,seed,Seed,「席德」,直伤主C,S,1.63,25709,264,187,0.45,60.0,59.69,7.0,hf_builds,3.0.1/builds.json,https://huggingface.co/datasets/LvlUrArti/ShiyuDataProcessed/resolve/main/3.0.1/builds.json,ok
2.6.1,2026-02-17,da,危局强袭,all,全部,2.6.1,危局强袭 2.6.1,2026-02-13,2026-02-27,seth,Seth Lowell,赛斯·洛威尔,辅助,A,0.03,0,5,3,6.0,60.0,60.0,7.0,hf_builds,2.6.1/builds.json,https://huggingface.co/datasets/LvlUrArti/ShiyuDataProcessed/resolve/main/2.6.1/builds.json,ok
2.6.2,2026-03-10,da,危局强袭,all,全部,2.6.2,危局强袭 2.6.2,2026-02-27,2026-03-13,seth,Seth Lowell,赛斯·洛威尔,辅助,A,0.03,0,7,1,5.85,60.0,60.0,7.0,hf_builds,2.6.2/builds.json,https://huggingface.co/datasets/LvlUrArti/ShiyuDataProcessed/resolve/main/2.6.2/builds.json,ok
2.7.1,2026-03-31,da,危局强袭,all,全部,2.7.1,危局强袭 2.7.1,2026-03-27,2026-04-10,seth,Seth Lowell,赛斯·洛威尔,辅助,A,0.02,0,3,1,6.0,60.0,60.0,7.0,hf_builds,2.7.1/builds.json,https://huggingface.co/datasets/LvlUrArti/ShiyuDataProcessed/resolve/main/2.7.1/builds.json,ok
2.7.2,2026-04-21,da,危局强袭,all,全部,2.7.2,危局强袭 2.7.2,2026-04-10,2026-04-24,seth,Seth Lowell,赛斯·洛威尔,辅助,A,0.0,0,1,1,5.88,60.0,60.0,7.0,hf_builds,2.7.2/builds.json,https://huggingface.co/datasets/LvlUrArti/ShiyuDataProcessed/resolve/main/2.7.2/builds.json,ok
2.8.1,2026-05-11,da,危局强袭,all,全部,2.8.1,危局强袭 2.8.1,2026-05-08,2026-05-22,seth,Seth Lowell,赛斯·洛威尔,辅助,A,0.02,0,3,2,6.0,60.0,60.0,7.0,hf_builds,2.8.1/builds.json,https://huggingface.co/datasets/LvlUrArti/ShiyuDataProcessed/resolve/main/2.8.1/builds.json,ok
2.8.2,2026-06-02,da,危局强袭,all,全部,2.8.2,危局强袭 2.8.2,2026-05-22,2026-06-05,seth,Seth Lowell,赛斯·洛威尔,辅助,A,0.09,0,16,0,6.0,60.0,60.0,7.0,hf_builds,2.8.2/builds.json,https://huggingface.co/datasets/LvlUrArti/ShiyuDataProcessed/resolve/main/2.8.2/builds.json,ok
2.8.3,2026-06-15,da,危局强袭,all,全部,2.8.3,危局强袭 2.8.3,2026-06-05,2026-06-19,seth,Seth Lowell,赛斯·洛威尔,辅助,A,0.05,0,10,3,6.0,60.0,60.0,7.0,hf_builds,2.8.3/builds.json,https://huggingface.co/datasets/LvlUrArti/ShiyuDataProcessed/resolve/main/2.8.3/builds.json,ok
3.0.1,2026-06-21,da,危局强袭,all,全部,3.0.1,危局强袭 3.0.1,2026-06-19,2026-07-03,seth,Seth Lowell,赛斯·洛威尔,辅助,A,0.01,0,1,1,6.0,60.0,60.0,7.0,hf_builds,3.0.1/builds.json,https://huggingface.co/datasets/LvlUrArti/ShiyuDataProcessed/resolve/main/3.0.1/builds.json,ok
2.6.1,2026-02-17,da,危局强袭,all,全部,2.6.1,危局强袭 2.6.1,2026-02-13,2026-02-27,soldier-11,Soldier 11,「11号」,直伤主C,S,0.95,22482,175,62,2.83,60.0,59.23,6.99,hf_builds,2.6.1/builds.json,https://huggingface.co/datasets/LvlUrArti/ShiyuDataProcessed/resolve/main/2.6.1/builds.json,ok
2.6.2,2026-03-10,da,危局强袭,all,全部,2.6.2,危局强袭 2.6.2,2026-02-27,2026-03-13,soldier-11,Soldier 11,「11号」,直伤主C,S,0.78,22122,167,110,3.3,60.0,59.38,7.0,hf_builds,2.6.2/builds.json,https://huggingface.co/datasets/LvlUrArti/ShiyuDataProcessed/resolve/main/2.6.2/builds.json,ok
2.7.1,2026-03-31,da,危局强袭,all,全部,2.7.1,危局强袭 2.7.1,2026-03-27,2026-04-10,soldier-11,Soldier 11,「11号」,直伤主C,S,0.56,24266,98,84,3.5,60.0,60.0,7.0,hf_builds,2.7.1/builds.json,https://huggingface.co/datasets/LvlUrArti/ShiyuDataProcessed/resolve/main/2.7.1/builds.json,ok
2.7.2,2026-04-21,da,危局强袭,all,全部,2.7.2,危局强袭 2.7.2,2026-04-10,2026-04-24,soldier-11,Soldier 11,「11号」,直伤主C,S,0.71,23724,144,94,3.44,60.0,58.52,7.0,hf_builds,2.7.2/builds.json,https://huggingface.co/datasets/LvlUrArti/ShiyuDataProcessed/resolve/main/2.7.2/builds.json,ok
2.8.1,2026-05-11,da,危局强袭,all,全部,2.8.1,危局强袭 2.8.1,2026-05-08,2026-05-22,soldier-11,Soldier 11,「11号」,直伤主C,S,0.83,22344,135,97,3.74,60.0,58.43,7.0,hf_builds,2.8.1/builds.json,https://huggingface.co/datasets/LvlUrArti/ShiyuDataProcessed/resolve/main/2.8.1/builds.json,ok
2.8.2,2026-06-02,da,危局强袭,all,全部,2.8.2,危局强袭 2.8.2,2026-05-22,2026-06-05,soldier-11,Soldier 11,「11号」,直伤主C,S,0.49,18618,90,22,3.35,60.0,60.0,7.0,hf_builds,2.8.2/builds.json,https://huggingface.co/datasets/LvlUrArti/ShiyuDataProcessed/resolve/main/2.8.2/builds.json,ok
2.8.3,2026-06-15,da,危局强袭,all,全部,2.8.3,危局强袭 2.8.3,2026-06-05,2026-06-19,soldier-11,Soldier 11,「11号」,直伤主C,S,0.61,24328,116,35,3.66,60.0,59.85,7.0,hf_builds,2.8.3/builds.json,https://huggingface.co/datasets/LvlUrArti/ShiyuDataProcessed/resolve/main/2.8.3/builds.json,ok
3.0.1,2026-06-21,da,危局强袭,all,全部,3.0.1,危局强袭 3.0.1,2026-06-19,2026-07-03,soldier-11,Soldier 11,「11号」,直伤主C,S,0.33,23265,54,54,3.72,60.0,58.57,7.0,hf_builds,3.0.1/builds.json,https://huggingface.co/datasets/LvlUrArti/ShiyuDataProcessed/resolve/main/3.0.1/builds.json,ok
2.6.1,2026-02-17,da,危局强袭,all,全部,2.6.1,危局强袭 2.6.1,2026-02-13,2026-02-27,soukaku,Soukaku,苍角,辅助,A,12.84,31829,2356,44,5.99,60.0,59.19,6.91,hf_builds,2.6.1/builds.json,https://huggingface.co/datasets/LvlUrArti/ShiyuDataProcessed/resolve/main/2.6.1/builds.json,ok
2.6.2,2026-03-10,da,危局强袭,all,全部,2.6.2,危局强袭 2.6.2,2026-02-27,2026-03-13,soukaku,Soukaku,苍角,辅助,A,1.15,20882,248,12,5.99,59.53,57.47,6.86,hf_builds,2.6.2/builds.json,https://huggingface.co/datasets/LvlUrArti/ShiyuDataProcessed/resolve/main/2.6.2/builds.json,ok
2.7.1,2026-03-31,da,危局强袭,all,全部,2.7.1,危局强袭 2.7.1,2026-03-27,2026-04-10,soukaku,Soukaku,苍角,辅助,A,9.64,29727,1698,58,5.99,59.94,59.4,6.85,hf_builds,2.7.1/builds.json,https://huggingface.co/datasets/LvlUrArti/ShiyuDataProcessed/resolve/main/2.7.1/builds.json,ok
2.7.2,2026-04-21,da,危局强袭,all,全部,2.7.2,危局强袭 2.7.2,2026-04-10,2026-04-24,soukaku,Soukaku,苍角,辅助,A,0.95,22955,192,13,6.0,60.0,60.0,6.96,hf_builds,2.7.2/builds.json,https://huggingface.co/datasets/LvlUrArti/ShiyuDataProcessed/resolve/main/2.7.2/builds.json,ok
2.8.1,2026-05-11,da,危局强袭,all,全部,2.8.1,危局强袭 2.8.1,2026-05-08,2026-05-22,soukaku,Soukaku,苍角,辅助,A,1.64,22733,267,19,5.99,60.0,60.0,6.97,hf_builds,2.8.1/builds.json,https://huggingface.co/datasets/LvlUrArti/ShiyuDataProcessed/resolve/main/2.8.1/builds.json,ok
2.8.2,2026-06-02,da,危局强袭,all,全部,2.8.2,危局强袭 2.8.2,2026-05-22,2026-06-05,soukaku,Soukaku,苍角,辅助,A,6.74,22002,1238,17,5.99,60.0,55.53,7.0,hf_builds,2.8.2/builds.json,https://huggingface.co/datasets/LvlUrArti/ShiyuDataProcessed/resolve/main/2.8.2/builds.json,ok
2.8.3,2026-06-15,da,危局强袭,all,全部,2.8.3,危局强袭 2.8.3,2026-06-05,2026-06-19,soukaku,Soukaku,苍角,辅助,A,1.07,22223,202,4,6.0,60.0,60.0,7.0,hf_builds,2.8.3/builds.json,https://huggingface.co/datasets/LvlUrArti/ShiyuDataProcessed/resolve/main/2.8.3/builds.json,ok
3.0.1,2026-06-21,da,危局强袭,all,全部,3.0.1,危局强袭 3.0.1,2026-06-19,2026-07-03,soukaku,Soukaku,苍角,辅助,A,1.77,23255,285,11,5.99,59.85,51.66,6.97,hf_builds,3.0.1/builds.json,https://huggingface.co/datasets/LvlUrArti/ShiyuDataProcessed/resolve/main/3.0.1/builds.json,ok
2.6.1,2026-02-17,da,危局强袭,all,全部,2.6.1,危局强袭 2.6.1,2026-02-13,2026-02-27,sunna,Sunna,千夏,辅助,S,41.96,34021,7700,1134,0.06,59.98,59.5,6.96,hf_builds,2.6.1/builds.json,https://huggingface.co/datasets/LvlUrArti/ShiyuDataProcessed/resolve/main/2.6.1/builds.json,ok
2.6.2,2026-03-10,da,危局强袭,all,全部,2.6.2,危局强袭 2.6.2,2026-02-27,2026-03-13,sunna,Sunna,千夏,辅助,S,53.86,32044,11573,2789,0.09,59.99,59.81,6.99,hf_builds,2.6.2/builds.json,https://huggingface.co/datasets/LvlUrArti/ShiyuDataProcessed/resolve/main/2.6.2/builds.json,ok
2.7.1,2026-03-31,da,危局强袭,all,全部,2.7.1,危局强袭 2.7.1,2026-03-27,2026-04-10,sunna,Sunna,千夏,辅助,S,47.99,27488,8452,2995,0.09,59.99,59.7,6.99,hf_builds,2.7.1/builds.json,https://huggingface.co/datasets/LvlUrArti/ShiyuDataProcessed/resolve/main/2.7.1/builds.json,ok
2.7.2,2026-04-21,da,危局强袭,all,全部,2.7.2,危局强袭 2.7.2,2026-04-10,2026-04-24,sunna,Sunna,千夏,辅助,S,58.01,32703,11777,3097,0.08,59.98,59.79,6.99,hf_builds,2.7.2/builds.json,https://huggingface.co/datasets/LvlUrArti/ShiyuDataProcessed/resolve/main/2.7.2/builds.json,ok
2.8.1,2026-05-11,da,危局强袭,all,全部,2.8.1,危局强袭 2.8.1,2026-05-08,2026-05-22,sunna,Sunna,千夏,辅助,S,42.66,30409,6928,2255,0.08,59.98,59.74,6.99,hf_builds,2.8.1/builds.json,https://huggingface.co/datasets/LvlUrArti/ShiyuDataProcessed/resolve/main/2.8.1/builds.json,ok
2.8.2,2026-06-02,da,危局强袭,all,全部,2.8.2,危局强袭 2.8.2,2026-05-22,2026-06-05,sunna,Sunna,千夏,辅助,S,58.14,26458,10678,1623,0.09,60.0,59.73,6.99,hf_builds,2.8.2/builds.json,https://huggingface.co/datasets/LvlUrArti/ShiyuDataProcessed/resolve/main/2.8.2/builds.json,ok
2.8.3,2026-06-15,da,危局强袭,all,全部,2.8.3,危局强袭 2.8.3,2026-06-05,2026-06-19,sunna,Sunna,千夏,辅助,S,51.63,31690,9787,1262,0.08,59.99,59.79,6.99,hf_builds,2.8.3/builds.json,https://huggingface.co/datasets/LvlUrArti/ShiyuDataProcessed/resolve/main/2.8.3/builds.json,ok
3.0.1,2026-06-21,da,危局强袭,all,全部,3.0.1,危局强袭 3.0.1,2026-06-19,2026-07-03,sunna,Sunna,千夏,辅助,S,46.41,29710,7494,2141,0.08,60.0,59.42,6.99,hf_builds,3.0.1/builds.json,https://huggingface.co/datasets/LvlUrArti/ShiyuDataProcessed/resolve/main/3.0.1/builds.json,ok
2.6.1,2026-02-17,da,危局强袭,all,全部,2.6.1,危局强袭 2.6.1,2026-02-13,2026-02-27,trigger,Trigger,「扳机」,辅助,S,9.78,25585,1795,432,0.23,60.0,59.86,7.0,hf_builds,2.6.1/builds.json,https://huggingface.co/datasets/LvlUrArti/ShiyuDataProcessed/resolve/main/2.6.1/builds.json,ok
2.6.2,2026-03-10,da,危局强袭,all,全部,2.6.2,危局强袭 2.6.2,2026-02-27,2026-03-13,trigger,Trigger,「扳机」,辅助,S,27.26,24783,5857,1534,0.25,60.0,59.86,7.0,hf_builds,2.6.2/builds.json,https://huggingface.co/datasets/LvlUrArti/ShiyuDataProcessed/resolve/main/2.6.2/builds.json,ok
2.7.1,2026-03-31,da,危局强袭,all,全部,2.7.1,危局强袭 2.7.1,2026-03-27,2026-04-10,trigger,Trigger,「扳机」,辅助,S,7.77,24418,1369,575,0.38,60.0,59.8,7.0,hf_builds,2.7.1/builds.json,https://huggingface.co/datasets/LvlUrArti/ShiyuDataProcessed/resolve/main/2.7.1/builds.json,ok
2.7.2,2026-04-21,da,危局强袭,all,全部,2.7.2,危局强袭 2.7.2,2026-04-10,2026-04-24,trigger,Trigger,「扳机」,辅助,S,29.39,27392,5967,1388,0.24,60.0,59.87,7.0,hf_builds,2.7.2/builds.json,https://huggingface.co/datasets/LvlUrArti/ShiyuDataProcessed/resolve/main/2.7.2/builds.json,ok
2.8.1,2026-05-11,da,危局强袭,all,全部,2.8.1,危局强袭 2.8.1,2026-05-08,2026-05-22,trigger,Trigger,「扳机」,辅助,S,20.64,26077,3352,1166,0.27,60.0,59.85,7.0,hf_builds,2.8.1/builds.json,https://huggingface.co/datasets/LvlUrArti/ShiyuDataProcessed/resolve/main/2.8.1/builds.json,ok
2.8.2,2026-06-02,da,危局强袭,all,全部,2.8.2,危局强袭 2.8.2,2026-05-22,2026-06-05,trigger,Trigger,「扳机」,辅助,S,6.81,17763,1251,172,0.28,60.0,59.88,7.0,hf_builds,2.8.2/builds.json,https://huggingface.co/datasets/LvlUrArti/ShiyuDataProcessed/resolve/main/2.8.2/builds.json,ok
2.8.3,2026-06-15,da,危局强袭,all,全部,2.8.3,危局强袭 2.8.3,2026-06-05,2026-06-19,trigger,Trigger,「扳机」,辅助,S,23.88,25272,4526,583,0.29,60.0,59.94,7.0,hf_builds,2.8.3/builds.json,https://huggingface.co/datasets/LvlUrArti/ShiyuDataProcessed/resolve/main/2.8.3/builds.json,ok
3.0.1,2026-06-21,da,危局强袭,all,全部,3.0.1,危局强袭 3.0.1,2026-06-19,2026-07-03,trigger,Trigger,「扳机」,辅助,S,7.05,24285,1139,455,0.37,60.0,59.89,7.0,hf_builds,3.0.1/builds.json,https://huggingface.co/datasets/LvlUrArti/ShiyuDataProcessed/resolve/main/3.0.1/builds.json,ok
2.6.1,2026-02-17,da,危局强袭,all,全部,2.6.1,危局强袭 2.6.1,2026-02-13,2026-02-27,ukinami-yuzuha,Ukinami Yuzuha,浮波柚叶,辅助,S,64.2,28060,11781,2275,0.16,59.99,59.58,6.99,hf_builds,2.6.1/builds.json,https://huggingface.co/datasets/LvlUrArti/ShiyuDataProcessed/resolve/main/2.6.1/builds.json,ok
2.6.2,2026-03-10,da,危局强袭,all,全部,2.6.2,危局强袭 2.6.2,2026-02-27,2026-03-13,ukinami-yuzuha,Ukinami Yuzuha,浮波柚叶,辅助,S,38.07,27030,8179,2707,0.26,60.0,59.8,6.99,hf_builds,2.6.2/builds.json,https://huggingface.co/datasets/LvlUrArti/ShiyuDataProcessed/resolve/main/2.6.2/builds.json,ok
2.7.1,2026-03-31,da,危局强袭,all,全部,2.7.1,危局强袭 2.7.1,2026-03-27,2026-04-10,ukinami-yuzuha,Ukinami Yuzuha,浮波柚叶,辅助,S,61.76,25892,10876,3562,0.24,60.0,59.78,7.0,hf_builds,2.7.1/builds.json,https://huggingface.co/datasets/LvlUrArti/ShiyuDataProcessed/resolve/main/2.7.1/builds.json,ok
2.7.2,2026-04-21,da,危局强袭,all,全部,2.7.2,危局强袭 2.7.2,2026-04-10,2026-04-24,ukinami-yuzuha,Ukinami Yuzuha,浮波柚叶,辅助,S,38.41,25699,7799,2240,0.28,60.0,59.85,7.0,hf_builds,2.7.2/builds.json,https://huggingface.co/datasets/LvlUrArti/ShiyuDataProcessed/resolve/main/2.7.2/builds.json,ok
2.8.1,2026-05-11,da,危局强袭,all,全部,2.8.1,危局强袭 2.8.1,2026-05-08,2026-05-22,ukinami-yuzuha,Ukinami Yuzuha,浮波柚叶,辅助,S,63.98,27308,10391,3079,0.23,60.0,59.85,7.0,hf_builds,2.8.1/builds.json,https://huggingface.co/datasets/LvlUrArti/ShiyuDataProcessed/resolve/main/2.8.1/builds.json,ok
2.8.2,2026-06-02,da,危局强袭,all,全部,2.8.2,危局强袭 2.8.2,2026-05-22,2026-06-05,ukinami-yuzuha,Ukinami Yuzuha,浮波柚叶,辅助,S,75.02,25418,13779,1941,0.22,60.0,59.86,7.0,hf_builds,2.8.2/builds.json,https://huggingface.co/datasets/LvlUrArti/ShiyuDataProcessed/resolve/main/2.8.2/builds.json,ok
2.8.3,2026-06-15,da,危局强袭,all,全部,2.8.3,危局强袭 2.8.3,2026-06-05,2026-06-19,ukinami-yuzuha,Ukinami Yuzuha,浮波柚叶,辅助,S,65.19,29732,12356,1591,0.22,60.0,59.85,7.0,hf_builds,2.8.3/builds.json,https://huggingface.co/datasets/LvlUrArti/ShiyuDataProcessed/resolve/main/2.8.3/builds.json,ok
3.0.1,2026-06-21,da,危局强袭,all,全部,3.0.1,危局强袭 3.0.1,2026-06-19,2026-07-03,ukinami-yuzuha,Ukinami Yuzuha,浮波柚叶,辅助,S,67.55,29367,10908,3117,0.21,60.0,59.88,7.0,hf_builds,3.0.1/builds.json,https://huggingface.co/datasets/LvlUrArti/ShiyuDataProcessed/resolve/main/3.0.1/builds.json,ok
3.0.1,2026-06-21,da,危局强袭,all,全部,3.0.1,危局强袭 3.0.1,2026-06-19,2026-07-03,velina,Velina,维琳娜·艾嘉德,异常主C,S,48.99,30316,7911,2559,0.08,59.96,59.65,6.78,hf_builds,3.0.1/builds.json,https://huggingface.co/datasets/LvlUrArti/ShiyuDataProcessed/resolve/main/3.0.1/builds.json,ok
2.6.1,2026-02-17,da,危局强袭,all,全部,2.6.1,危局强袭 2.6.1,2026-02-13,2026-02-27,vivian,Vivian Banshee,薇薇安·班希,异常主C,S,40.41,27652,7416,2262,0.26,60.0,59.78,6.99,hf_builds,2.6.1/builds.json,https://huggingface.co/datasets/LvlUrArti/ShiyuDataProcessed/resolve/main/2.6.1/builds.json,ok
2.6.2,2026-03-10,da,危局强袭,all,全部,2.6.2,危局强袭 2.6.2,2026-02-27,2026-03-13,vivian,Vivian Banshee,薇薇安·班希,异常主C,S,15.73,21872,3380,1792,0.38,60.0,59.53,7.0,hf_builds,2.6.2/builds.json,https://huggingface.co/datasets/LvlUrArti/ShiyuDataProcessed/resolve/main/2.6.2/builds.json,ok
2.7.1,2026-03-31,da,危局强袭,all,全部,2.7.1,危局强袭 2.7.1,2026-03-27,2026-04-10,vivian,Vivian Banshee,薇薇安·班希,异常主C,S,29.56,24362,5206,2736,0.29,60.0,59.65,7.0,hf_builds,2.7.1/builds.json,https://huggingface.co/datasets/LvlUrArti/ShiyuDataProcessed/resolve/main/2.7.1/builds.json,ok
2.7.2,2026-04-21,da,危局强袭,all,全部,2.7.2,危局强袭 2.7.2,2026-04-10,2026-04-24,vivian,Vivian Banshee,薇薇安·班希,异常主C,S,10.6,22099,2153,1149,0.5,60.0,59.88,7.0,hf_builds,2.7.2/builds.json,https://huggingface.co/datasets/LvlUrArti/ShiyuDataProcessed/resolve/main/2.7.2/builds.json,ok
2.8.1,2026-05-11,da,危局强袭,all,全部,2.8.1,危局强袭 2.8.1,2026-05-08,2026-05-22,vivian,Vivian Banshee,薇薇安·班希,异常主C,S,19.96,25449,3242,1709,0.33,60.0,59.81,7.0,hf_builds,2.8.1/builds.json,https://huggingface.co/datasets/LvlUrArti/ShiyuDataProcessed/resolve/main/2.8.1/builds.json,ok
2.8.2,2026-06-02,da,危局强袭,all,全部,2.8.2,危局强袭 2.8.2,2026-05-22,2026-06-05,vivian,Vivian Banshee,薇薇安·班希,异常主C,S,40.28,24077,7397,1449,0.28,59.99,59.8,7.0,hf_builds,2.8.2/builds.json,https://huggingface.co/datasets/LvlUrArti/ShiyuDataProcessed/resolve/main/2.8.2/builds.json,ok
2.8.3,2026-06-15,da,危局强袭,all,全部,2.8.3,危局强袭 2.8.3,2026-06-05,2026-06-19,vivian,Vivian Banshee,薇薇安·班希,异常主C,S,23.11,26801,4381,929,0.33,60.0,59.85,7.0,hf_builds,2.8.3/builds.json,https://huggingface.co/datasets/LvlUrArti/ShiyuDataProcessed/resolve/main/2.8.3/builds.json,ok
3.0.1,2026-06-21,da,危局强袭,all,全部,3.0.1,危局强袭 3.0.1,2026-06-19,2026-07-03,vivian,Vivian Banshee,薇薇安·班希,异常主C,S,10.14,23034,1637,1008,0.41,60.0,59.58,7.0,hf_builds,3.0.1/builds.json,https://huggingface.co/datasets/LvlUrArti/ShiyuDataProcessed/resolve/main/3.0.1/builds.json,ok
2.6.1,2026-02-17,da,危局强袭,all,全部,2.6.1,危局强袭 2.6.1,2026-02-13,2026-02-27,yanagi,Tsukishiro Yanagi,月城 柳,异常主C,S,16.81,25566,3085,716,0.18,60.0,59.97,7.0,hf_builds,2.6.1/builds.json,https://huggingface.co/datasets/LvlUrArti/ShiyuDataProcessed/resolve/main/2.6.1/builds.json,ok
2.6.2,2026-03-10,da,危局强袭,all,全部,2.6.2,危局强袭 2.6.2,2026-02-27,2026-03-13,yanagi,Tsukishiro Yanagi,月城 柳,异常主C,S,4.56,21483,980,470,0.33,60.0,59.73,7.0,hf_builds,2.6.2/builds.json,https://huggingface.co/datasets/LvlUrArti/ShiyuDataProcessed/resolve/main/2.6.2/builds.json,ok
2.7.1,2026-03-31,da,危局强袭,all,全部,2.7.1,危局强袭 2.7.1,2026-03-27,2026-04-10,yanagi,Tsukishiro Yanagi,月城 柳,异常主C,S,15.48,23257,2726,1046,0.27,60.0,59.8,7.0,hf_builds,2.7.1/builds.json,https://huggingface.co/datasets/LvlUrArti/ShiyuDataProcessed/resolve/main/2.7.1/builds.json,ok
2.7.2,2026-04-21,da,危局强袭,all,全部,2.7.2,危局强袭 2.7.2,2026-04-10,2026-04-24,yanagi,Tsukishiro Yanagi,月城 柳,异常主C,S,7.82,23245,1587,611,0.33,60.0,59.88,7.0,hf_builds,2.7.2/builds.json,https://huggingface.co/datasets/LvlUrArti/ShiyuDataProcessed/resolve/main/2.7.2/builds.json,ok
2.8.1,2026-05-11,da,危局强袭,all,全部,2.8.1,危局强袭 2.8.1,2026-05-08,2026-05-22,yanagi,Tsukishiro Yanagi,月城 柳,异常主C,S,2.83,22380,459,246,0.36,60.0,59.94,7.0,hf_builds,2.8.1/builds.json,https://huggingface.co/datasets/LvlUrArti/ShiyuDataProcessed/resolve/main/2.8.1/builds.json,ok
2.8.2,2026-06-02,da,危局强袭,all,全部,2.8.2,危局强袭 2.8.2,2026-05-22,2026-06-05,yanagi,Tsukishiro Yanagi,月城 柳,异常主C,S,9.08,18016,1667,224,0.26,60.0,59.74,7.0,hf_builds,2.8.2/builds.json,https://huggingface.co/datasets/LvlUrArti/ShiyuDataProcessed/resolve/main/2.8.2/builds.json,ok
2.8.3,2026-06-15,da,危局强袭,all,全部,2.8.3,危局强袭 2.8.3,2026-06-05,2026-06-19,yanagi,Tsukishiro Yanagi,月城 柳,异常主C,S,2.02,22850,383,90,0.32,60.0,60.0,6.99,hf_builds,2.8.3/builds.json,https://huggingface.co/datasets/LvlUrArti/ShiyuDataProcessed/resolve/main/2.8.3/builds.json,ok
3.0.1,2026-06-21,da,危局强袭,all,全部,3.0.1,危局强袭 3.0.1,2026-06-19,2026-07-03,yanagi,Tsukishiro Yanagi,月城 柳,异常主C,S,2.78,23061,449,234,0.33,60.0,59.42,6.99,hf_builds,3.0.1/builds.json,https://huggingface.co/datasets/LvlUrArti/ShiyuDataProcessed/resolve/main/3.0.1/builds.json,ok
2.6.1,2026-02-17,da,危局强袭,all,全部,2.6.1,危局强袭 2.6.1,2026-02-13,2026-02-27,ye-shunguang,Ye Shunguang,叶瞬光,直伤主C,S,76.43,31651,14026,6184,0.64,60.0,59.92,7.0,hf_builds,2.6.1/builds.json,https://huggingface.co/datasets/LvlUrArti/ShiyuDataProcessed/resolve/main/2.6.1/builds.json,ok
2.6.2,2026-03-10,da,危局强袭,all,全部,2.6.2,危局强袭 2.6.2,2026-02-27,2026-03-13,ye-shunguang,Ye Shunguang,叶瞬光,直伤主C,S,69.79,30884,14995,10047,0.6,60.0,59.96,7.0,hf_builds,2.6.2/builds.json,https://huggingface.co/datasets/LvlUrArti/ShiyuDataProcessed/resolve/main/2.6.2/builds.json,ok
2.7.1,2026-03-31,da,危局强袭,all,全部,2.7.1,危局强袭 2.7.1,2026-03-27,2026-04-10,ye-shunguang,Ye Shunguang,叶瞬光,直伤主C,S,33.79,26369,5951,5341,0.72,60.0,59.92,7.0,hf_builds,2.7.1/builds.json,https://huggingface.co/datasets/LvlUrArti/ShiyuDataProcessed/resolve/main/2.7.1/builds.json,ok
2.7.2,2026-04-21,da,危局强袭,all,全部,2.7.2,危局强袭 2.7.2,2026-04-10,2026-04-24,ye-shunguang,Ye Shunguang,叶瞬光,直伤主C,S,74.92,30344,15210,9197,0.68,60.0,59.96,7.0,hf_builds,2.7.2/builds.json,https://huggingface.co/datasets/LvlUrArti/ShiyuDataProcessed/resolve/main/2.7.2/builds.json,ok
2.8.1,2026-05-11,da,危局强袭,all,全部,2.8.1,危局强袭 2.8.1,2026-05-08,2026-05-22,ye-shunguang,Ye Shunguang,叶瞬光,直伤主C,S,55.74,29898,9052,7519,0.74,60.0,59.94,7.0,hf_builds,2.8.1/builds.json,https://huggingface.co/datasets/LvlUrArti/ShiyuDataProcessed/resolve/main/2.8.1/builds.json,ok
2.8.2,2026-06-02,da,危局强袭,all,全部,2.8.2,危局强袭 2.8.2,2026-05-22,2026-06-05,ye-shunguang,Ye Shunguang,叶瞬光,直伤主C,S,67.42,24259,12382,4899,0.71,60.0,59.97,7.0,hf_builds,2.8.2/builds.json,https://huggingface.co/datasets/LvlUrArti/ShiyuDataProcessed/resolve/main/2.8.2/builds.json,ok
2.8.3,2026-06-15,da,危局强袭,all,全部,2.8.3,危局强袭 2.8.3,2026-06-05,2026-06-19,ye-shunguang,Ye Shunguang,叶瞬光,直伤主C,S,72.83,30823,13805,4648,0.65,60.0,59.99,7.0,hf_builds,2.8.3/builds.json,https://huggingface.co/datasets/LvlUrArti/ShiyuDataProcessed/resolve/main/2.8.3/builds.json,ok
3.0.1,2026-06-21,da,危局强袭,all,全部,3.0.1,危局强袭 3.0.1,2026-06-19,2026-07-03,ye-shunguang,Ye Shunguang,叶瞬光,直伤主C,S,62.83,29714,10145,8195,0.71,60.0,59.93,7.0,hf_builds,3.0.1/builds.json,https://huggingface.co/datasets/LvlUrArti/ShiyuDataProcessed/resolve/main/3.0.1/builds.json,ok
2.6.1,2026-02-17,da,危局强袭,all,全部,2.6.1,危局强袭 2.6.1,2026-02-13,2026-02-27,yidhari,Yidhari,伊德海莉·墨菲,直伤主C,S,0.42,22887,77,43,0.75,60.0,59.86,7.0,hf_builds,2.6.1/builds.json,https://huggingface.co/datasets/LvlUrArti/ShiyuDataProcessed/resolve/main/2.6.1/builds.json,ok
2.6.2,2026-03-10,da,危局强袭,all,全部,2.6.2,危局强袭 2.6.2,2026-02-27,2026-03-13,yidhari,Yidhari,伊德海莉·墨菲,直伤主C,S,11.36,29345,2441,1034,0.22,60.0,59.4,7.0,hf_builds,2.6.2/builds.json,https://huggingface.co/datasets/LvlUrArti/ShiyuDataProcessed/resolve/main/2.6.2/builds.json,ok
2.7.1,2026-03-31,da,危局强袭,all,全部,2.7.1,危局强袭 2.7.1,2026-03-27,2026-04-10,yidhari,Yidhari,伊德海莉·墨菲,直伤主C,S,2.64,26880,465,340,0.31,60.0,59.32,7.0,hf_builds,2.7.1/builds.json,https://huggingface.co/datasets/LvlUrArti/ShiyuDataProcessed/resolve/main/2.7.1/builds.json,ok
2.7.2,2026-04-21,da,危局强袭,all,全部,2.7.2,危局强袭 2.7.2,2026-04-10,2026-04-24,yidhari,Yidhari,伊德海莉·墨菲,直伤主C,S,3.43,25654,697,411,0.41,60.0,59.86,7.0,hf_builds,2.7.2/builds.json,https://huggingface.co/datasets/LvlUrArti/ShiyuDataProcessed/resolve/main/2.7.2/builds.json,ok
2.8.1,2026-05-11,da,危局强袭,all,全部,2.8.1,危局强袭 2.8.1,2026-05-08,2026-05-22,yidhari,Yidhari,伊德海莉·墨菲,直伤主C,S,9.24,26594,1501,823,0.36,60.0,59.82,7.0,hf_builds,2.8.1/builds.json,https://huggingface.co/datasets/LvlUrArti/ShiyuDataProcessed/resolve/main/2.8.1/builds.json,ok
2.8.2,2026-06-02,da,危局强袭,all,全部,2.8.2,危局强袭 2.8.2,2026-05-22,2026-06-05,yidhari,Yidhari,伊德海莉·墨菲,直伤主C,S,5.71,26013,1048,334,0.45,60.0,59.39,7.0,hf_builds,2.8.2/builds.json,https://huggingface.co/datasets/LvlUrArti/ShiyuDataProcessed/resolve/main/2.8.2/builds.json,ok
2.8.3,2026-06-15,da,危局强袭,all,全部,2.8.3,危局强袭 2.8.3,2026-06-05,2026-06-19,yidhari,Yidhari,伊德海莉·墨菲,直伤主C,S,5.46,28771,1035,299,0.48,60.0,59.52,7.0,hf_builds,2.8.3/builds.json,https://huggingface.co/datasets/LvlUrArti/ShiyuDataProcessed/resolve/main/2.8.3/builds.json,ok
3.0.1,2026-06-21,da,危局强袭,all,全部,3.0.1,危局强袭 3.0.1,2026-06-19,2026-07-03,yidhari,Yidhari,伊德海莉·墨菲,直伤主C,S,4.3,30105,695,459,0.56,60.0,59.88,7.0,hf_builds,3.0.1/builds.json,https://huggingface.co/datasets/LvlUrArti/ShiyuDataProcessed/resolve/main/3.0.1/builds.json,ok
2.6.1,2026-02-17,da,危局强袭,all,全部,2.6.1,危局强袭 2.6.1,2026-02-13,2026-02-27,yixuan,Yixuan,仪玄,直伤主C,S,70.78,32019,12989,5676,0.49,60.0,59.91,7.0,hf_builds,2.6.1/builds.json,https://huggingface.co/datasets/LvlUrArti/ShiyuDataProcessed/resolve/main/2.6.1/builds.json,ok
2.6.2,2026-03-10,da,危局强袭,all,全部,2.6.2,危局强袭 2.6.2,2026-02-27,2026-03-13,yixuan,Yixuan,仪玄,直伤主C,S,53.41,28330,11476,7937,0.65,60.0,59.87,7.0,hf_builds,2.6.2/builds.json,https://huggingface.co/datasets/LvlUrArti/ShiyuDataProcessed/resolve/main/2.6.2/builds.json,ok
2.7.1,2026-03-31,da,危局强袭,all,全部,2.7.1,危局强袭 2.7.1,2026-03-27,2026-04-10,yixuan,Yixuan,仪玄,直伤主C,S,68.98,31426,12148,9357,0.57,60.0,59.9,7.0,hf_builds,2.7.1/builds.json,https://huggingface.co/datasets/LvlUrArti/ShiyuDataProcessed/resolve/main/2.7.1/builds.json,ok
2.7.2,2026-04-21,da,危局强袭,all,全部,2.7.2,危局强袭 2.7.2,2026-04-10,2026-04-24,yixuan,Yixuan,仪玄,直伤主C,S,35.51,25330,7209,5078,0.73,60.0,59.94,7.0,hf_builds,2.7.2/builds.json,https://huggingface.co/datasets/LvlUrArti/ShiyuDataProcessed/resolve/main/2.7.2/builds.json,ok
2.8.1,2026-05-11,da,危局强袭,all,全部,2.8.1,危局强袭 2.8.1,2026-05-08,2026-05-22,yixuan,Yixuan,仪玄,直伤主C,S,58.14,28002,9442,7424,0.7,60.0,59.94,7.0,hf_builds,2.8.1/builds.json,https://huggingface.co/datasets/LvlUrArti/ShiyuDataProcessed/resolve/main/2.8.1/builds.json,ok
2.8.2,2026-06-02,da,危局强袭,all,全部,2.8.2,危局强袭 2.8.2,2026-05-22,2026-06-05,yixuan,Yixuan,仪玄,直伤主C,S,40.23,20796,7388,2540,0.92,60.0,59.72,7.0,hf_builds,2.8.2/builds.json,https://huggingface.co/datasets/LvlUrArti/ShiyuDataProcessed/resolve/main/2.8.2/builds.json,ok
2.8.3,2026-06-15,da,危局强袭,all,全部,2.8.3,危局强袭 2.8.3,2026-06-05,2026-06-19,yixuan,Yixuan,仪玄,直伤主C,S,30.3,25341,5744,2315,0.86,60.0,59.96,7.0,hf_builds,2.8.3/builds.json,https://huggingface.co/datasets/LvlUrArti/ShiyuDataProcessed/resolve/main/2.8.3/builds.json,ok
3.0.1,2026-06-21,da,危局强袭,all,全部,3.0.1,危局强袭 3.0.1,2026-06-19,2026-07-03,yixuan,Yixuan,仪玄,直伤主C,S,44.31,31995,7154,6092,0.74,60.0,59.89,7.0,hf_builds,3.0.1/builds.json,https://huggingface.co/datasets/LvlUrArti/ShiyuDataProcessed/resolve/main/3.0.1/builds.json,ok
2.6.1,2026-02-17,da,危局强袭,all,全部,2.6.1,危局强袭 2.6.1,2026-02-13,2026-02-27,zhao,Zhao,照,辅助,S,66.94,31007,12285,662,0.04,59.99,59.26,6.91,hf_builds,2.6.1/builds.json,https://huggingface.co/datasets/LvlUrArti/ShiyuDataProcessed/resolve/main/2.6.1/builds.json,ok
2.6.2,2026-03-10,da,危局强袭,all,全部,2.6.2,危局强袭 2.6.2,2026-02-27,2026-03-13,zhao,Zhao,照,辅助,S,64.23,30462,13801,982,0.04,59.99,59.57,6.94,hf_builds,2.6.2/builds.json,https://huggingface.co/datasets/LvlUrArti/ShiyuDataProcessed/resolve/main/2.6.2/builds.json,ok
2.7.1,2026-03-31,da,危局强袭,all,全部,2.7.1,危局强袭 2.7.1,2026-03-27,2026-04-10,zhao,Zhao,照,辅助,S,32.42,26090,5709,545,0.05,60.0,59.48,6.95,hf_builds,2.7.1/builds.json,https://huggingface.co/datasets/LvlUrArti/ShiyuDataProcessed/resolve/main/2.7.1/builds.json,ok
2.7.2,2026-04-21,da,危局强袭,all,全部,2.7.2,危局强袭 2.7.2,2026-04-10,2026-04-24,zhao,Zhao,照,辅助,S,69.9,30074,14191,803,0.04,60.0,59.57,6.97,hf_builds,2.7.2/builds.json,https://huggingface.co/datasets/LvlUrArti/ShiyuDataProcessed/resolve/main/2.7.2/builds.json,ok
2.8.1,2026-05-11,da,危局强袭,all,全部,2.8.1,危局强袭 2.8.1,2026-05-08,2026-05-22,zhao,Zhao,照,辅助,S,48.73,29356,7914,615,0.04,59.99,59.41,6.98,hf_builds,2.8.1/builds.json,https://huggingface.co/datasets/LvlUrArti/ShiyuDataProcessed/resolve/main/2.8.1/builds.json,ok
2.8.2,2026-06-02,da,危局强袭,all,全部,2.8.2,危局强袭 2.8.2,2026-05-22,2026-06-05,zhao,Zhao,照,辅助,S,63.57,24092,11675,372,0.04,59.99,59.68,6.98,hf_builds,2.8.2/builds.json,https://huggingface.co/datasets/LvlUrArti/ShiyuDataProcessed/resolve/main/2.8.2/builds.json,ok
2.8.3,2026-06-15,da,危局强袭,all,全部,2.8.3,危局强袭 2.8.3,2026-06-05,2026-06-19,zhao,Zhao,照,辅助,S,64.18,30511,12166,326,0.04,60.0,59.54,6.99,hf_builds,2.8.3/builds.json,https://huggingface.co/datasets/LvlUrArti/ShiyuDataProcessed/resolve/main/2.8.3/builds.json,ok
3.0.1,2026-06-21,da,危局强袭,all,全部,3.0.1,危局强袭 3.0.1,2026-06-19,2026-07-03,zhao,Zhao,照,辅助,S,55.82,29302,9014,549,0.04,60.0,59.62,6.97,hf_builds,3.0.1/builds.json,https://huggingface.co/datasets/LvlUrArti/ShiyuDataProcessed/resolve/main/3.0.1/builds.json,ok
2.6.1,2026-02-17,da,危局强袭,all,全部,2.6.1,危局强袭 2.6.1,2026-02-13,2026-02-27,zhu-yuan,Zhu Yuan,朱鸢,直伤主C,S,0.45,21955,83,24,0.82,60.0,57.08,7.0,hf_builds,2.6.1/builds.json,https://huggingface.co/datasets/LvlUrArti/ShiyuDataProcessed/resolve/main/2.6.1/builds.json,ok
2.6.2,2026-03-10,da,危局强袭,all,全部,2.6.2,危局强袭 2.6.2,2026-02-27,2026-03-13,zhu-yuan,Zhu Yuan,朱鸢,直伤主C,S,0.12,0,25,19,0.62,60.0,60.0,7.0,hf_builds,2.6.2/builds.json,https://huggingface.co/datasets/LvlUrArti/ShiyuDataProcessed/resolve/main/2.6.2/builds.json,ok
2.7.1,2026-03-31,da,危局强袭,all,全部,2.7.1,危局强袭 2.7.1,2026-03-27,2026-04-10,zhu-yuan,Zhu Yuan,朱鸢,直伤主C,S,0.32,22617,57,42,0.83,60.0,58.8,7.0,hf_builds,2.7.1/builds.json,https://huggingface.co/datasets/LvlUrArti/ShiyuDataProcessed/resolve/main/2.7.1/builds.json,ok
2.7.2,2026-04-21,da,危局强袭,all,全部,2.7.2,危局强袭 2.7.2,2026-04-10,2026-04-24,zhu-yuan,Zhu Yuan,朱鸢,直伤主C,S,0.22,22504,45,30,0.92,60.0,59.23,7.0,hf_builds,2.7.2/builds.json,https://huggingface.co/datasets/LvlUrArti/ShiyuDataProcessed/resolve/main/2.7.2/builds.json,ok
2.8.1,2026-05-11,da,危局强袭,all,全部,2.8.1,危局强袭 2.8.1,2026-05-08,2026-05-22,zhu-yuan,Zhu Yuan,朱鸢,直伤主C,S,0.04,0,6,9,1.1,60.0,55.76,7.0,hf_builds,2.8.1/builds.json,https://huggingface.co/datasets/LvlUrArti/ShiyuDataProcessed/resolve/main/2.8.1/builds.json,ok
2.8.2,2026-06-02,da,危局强袭,all,全部,2.8.2,危局强袭 2.8.2,2026-05-22,2026-06-05,zhu-yuan,Zhu Yuan,朱鸢,直伤主C,S,0.17,9398,32,6,0.76,60.0,60.0,6.74,hf_builds,2.8.2/builds.json,https://huggingface.co/datasets/LvlUrArti/ShiyuDataProcessed/resolve/main/2.8.2/builds.json,ok
2.8.3,2026-06-15,da,危局强袭,all,全部,2.8.3,危局强袭 2.8.3,2026-06-05,2026-06-19,zhu-yuan,Zhu Yuan,朱鸢,直伤主C,S,0.06,0,11,7,1.6,60.0,60.0,7.0,hf_builds,2.8.3/builds.json,https://huggingface.co/datasets/LvlUrArti/ShiyuDataProcessed/resolve/main/2.8.3/builds.json,ok
3.0.1,2026-06-21,da,危局强袭,all,全部,3.0.1,危局强袭 3.0.1,2026-06-19,2026-07-03,zhu-yuan,Zhu Yuan,朱鸢,直伤主C,S,0.31,21155,50,41,0.98,60.0,60.0,7.0,hf_builds,3.0.1/builds.json,https://huggingface.co/datasets/LvlUrArti/ShiyuDataProcessed/resolve/main/3.0.1/builds.json,ok
2.6.1,2026-02-17,da,危局强袭,bangboo,邦布,2.6.1,危局强袭 2.6.1,2026-02-13,2026-02-27,agent-gulliver,Agent Gulliver,格列佛探员,bangboo,S,16.86,25616,,,,,,,hf_bangboo,2.6.1/da/chars/bangboo_all.json,https://huggingface.co/datasets/LvlUrArti/ShiyuDataProcessed/resolve/main/2.6.1/da/chars/bangboo_all.json,ok
2.6.2,2026-03-10,da,危局强袭,bangboo,邦布,2.6.2,危局强袭 2.6.2,2026-02-27,2026-03-13,agent-gulliver,Agent Gulliver,格列佛探员,bangboo,S,4.01,22257,,,,,,,hf_bangboo,2.6.2/da/chars/bangboo_all.json,https://huggingface.co/datasets/LvlUrArti/ShiyuDataProcessed/resolve/main/2.6.2/da/chars/bangboo_all.json,ok
2.7.1,2026-03-31,da,危局强袭,bangboo,邦布,2.7.1,危局强袭 2.7.1,2026-03-27,2026-04-10,agent-gulliver,Agent Gulliver,格列佛探员,bangboo,S,12.32,23540,,,,,,,hf_bangboo,2.7.1/da/chars/bangboo_all.json,https://huggingface.co/datasets/LvlUrArti/ShiyuDataProcessed/resolve/main/2.7.1/da/chars/bangboo_all.json,ok
2.7.2,2026-04-21,da,危局强袭,bangboo,邦布,2.7.2,危局强袭 2.7.2,2026-04-10,2026-04-24,agent-gulliver,Agent Gulliver,格列佛探员,bangboo,S,6.27,23020,,,,,,,hf_bangboo,2.7.2/da/chars/bangboo_all.json,https://huggingface.co/datasets/LvlUrArti/ShiyuDataProcessed/resolve/main/2.7.2/da/chars/bangboo_all.json,ok
2.8.1,2026-05-11,da,危局强袭,bangboo,邦布,2.8.1,危局强袭 2.8.1,2026-05-08,2026-05-22,agent-gulliver,Agent Gulliver,格列佛探员,bangboo,S,6.5,23898,,,,,,,hf_bangboo,2.8.1/da/chars/bangboo_all.json,https://huggingface.co/datasets/LvlUrArti/ShiyuDataProcessed/resolve/main/2.8.1/da/chars/bangboo_all.json,ok
2.8.2,2026-06-02,da,危局强袭,bangboo,邦布,2.8.2,危局强袭 2.8.2,2026-05-22,2026-06-05,agent-gulliver,Agent Gulliver,格列佛探员,bangboo,S,10.74,18363,,,,,,,hf_bangboo,2.8.2/da/chars/bangboo_all.json,https://huggingface.co/datasets/LvlUrArti/ShiyuDataProcessed/resolve/main/2.8.2/da/chars/bangboo_all.json,ok
2.8.3,2026-06-15,da,危局强袭,bangboo,邦布,2.8.3,危局强袭 2.8.3,2026-06-05,2026-06-19,agent-gulliver,Agent Gulliver,格列佛探员,bangboo,S,4.29,24635,,,,,,,hf_bangboo,2.8.3/da/chars/bangboo_all.json,https://huggingface.co/datasets/LvlUrArti/ShiyuDataProcessed/resolve/main/2.8.3/da/chars/bangboo_all.json,ok
3.0.1,2026-06-21,da,危局强袭,bangboo,邦布,3.0.1,危局强袭 3.0.1,2026-06-19,2026-07-03,agent-gulliver,Agent Gulliver,格列佛探员,bangboo,S,4.19,23403,,,,,,,hf_bangboo,3.0.1/da/chars/bangboo_all.json,https://huggingface.co/datasets/LvlUrArti/ShiyuDataProcessed/resolve/main/3.0.1/da/chars/bangboo_all.json,ok
2.6.1,2026-02-17,da,危局强袭,bangboo,邦布,2.6.1,危局强袭 2.6.1,2026-02-13,2026-02-27,amillion,Amillion,艾米莉安,bangboo,S,0.22,29817,,,,,,,hf_bangboo,2.6.1/da/chars/bangboo_all.json,https://huggingface.co/datasets/LvlUrArti/ShiyuDataProcessed/resolve/main/2.6.1/da/chars/bangboo_all.json,ok
2.6.2,2026-03-10,da,危局强袭,bangboo,邦布,2.6.2,危局强袭 2.6.2,2026-02-27,2026-03-13,amillion,Amillion,艾米莉安,bangboo,S,0.15,23080,,,,,,,hf_bangboo,2.6.2/da/chars/bangboo_all.json,https://huggingface.co/datasets/LvlUrArti/ShiyuDataProcessed/resolve/main/2.6.2/da/chars/bangboo_all.json,ok
2.7.1,2026-03-31,da,危局强袭,bangboo,邦布,2.7.1,危局强袭 2.7.1,2026-03-27,2026-04-10,amillion,Amillion,艾米莉安,bangboo,S,0.1,0,,,,,,,hf_bangboo,2.7.1/da/chars/bangboo_all.json,https://huggingface.co/datasets/LvlUrArti/ShiyuDataProcessed/resolve/main/2.7.1/da/chars/bangboo_all.json,ok
2.7.2,2026-04-21,da,危局强袭,bangboo,邦布,2.7.2,危局强袭 2.7.2,2026-04-10,2026-04-24,amillion,Amillion,艾米莉安,bangboo,S,0.14,21603,,,,,,,hf_bangboo,2.7.2/da/chars/bangboo_all.json,https://huggingface.co/datasets/LvlUrArti/ShiyuDataProcessed/resolve/main/2.7.2/da/chars/bangboo_all.json,ok
2.8.1,2026-05-11,da,危局强袭,bangboo,邦布,2.8.1,危局强袭 2.8.1,2026-05-08,2026-05-22,amillion,Amillion,艾米莉安,bangboo,S,0.17,23416,,,,,,,hf_bangboo,2.8.1/da/chars/bangboo_all.json,https://huggingface.co/datasets/LvlUrArti/ShiyuDataProcessed/resolve/main/2.8.1/da/chars/bangboo_all.json,ok
2.8.2,2026-06-02,da,危局强袭,bangboo,邦布,2.8.2,危局强袭 2.8.2,2026-05-22,2026-06-05,amillion,Amillion,艾米莉安,bangboo,S,0.45,27727,,,,,,,hf_bangboo,2.8.2/da/chars/bangboo_all.json,https://huggingface.co/datasets/LvlUrArti/ShiyuDataProcessed/resolve/main/2.8.2/da/chars/bangboo_all.json,ok
2.8.3,2026-06-15,da,危局强袭,bangboo,邦布,2.8.3,危局强袭 2.8.3,2026-06-05,2026-06-19,amillion,Amillion,艾米莉安,bangboo,S,0.78,30355,,,,,,,hf_bangboo,2.8.3/da/chars/bangboo_all.json,https://huggingface.co/datasets/LvlUrArti/ShiyuDataProcessed/resolve/main/2.8.3/da/chars/bangboo_all.json,ok
3.0.1,2026-06-21,da,危局强袭,bangboo,邦布,3.0.1,危局强袭 3.0.1,2026-06-19,2026-07-03,amillion,Amillion,艾米莉安,bangboo,S,0.59,30074,,,,,,,hf_bangboo,3.0.1/da/chars/bangboo_all.json,https://huggingface.co/datasets/LvlUrArti/ShiyuDataProcessed/resolve/main/3.0.1/da/chars/bangboo_all.json,ok
2.6.1,2026-02-17,da,危局强袭,bangboo,邦布,2.6.1,危局强袭 2.6.1,2026-02-13,2026-02-27,avocaboo,Avocaboo,果核布,bangboo,A,0.04,0,,,,,,,hf_bangboo,2.6.1/da/chars/bangboo_all.json,https://huggingface.co/datasets/LvlUrArti/ShiyuDataProcessed/resolve/main/2.6.1/da/chars/bangboo_all.json,ok
2.6.2,2026-03-10,da,危局强袭,bangboo,邦布,2.6.2,危局强袭 2.6.2,2026-02-27,2026-03-13,avocaboo,Avocaboo,果核布,bangboo,A,0.06,0,,,,,,,hf_bangboo,2.6.2/da/chars/bangboo_all.json,https://huggingface.co/datasets/LvlUrArti/ShiyuDataProcessed/resolve/main/2.6.2/da/chars/bangboo_all.json,ok
2.7.1,2026-03-31,da,危局强袭,bangboo,邦布,2.7.1,危局强袭 2.7.1,2026-03-27,2026-04-10,avocaboo,Avocaboo,果核布,bangboo,A,0.05,0,,,,,,,hf_bangboo,2.7.1/da/chars/bangboo_all.json,https://huggingface.co/datasets/LvlUrArti/ShiyuDataProcessed/resolve/main/2.7.1/da/chars/bangboo_all.json,ok
2.7.2,2026-04-21,da,危局强袭,bangboo,邦布,2.7.2,危局强袭 2.7.2,2026-04-10,2026-04-24,avocaboo,Avocaboo,果核布,bangboo,A,0.03,0,,,,,,,hf_bangboo,2.7.2/da/chars/bangboo_all.json,https://huggingface.co/datasets/LvlUrArti/ShiyuDataProcessed/resolve/main/2.7.2/da/chars/bangboo_all.json,ok
2.8.1,2026-05-11,da,危局强袭,bangboo,邦布,2.8.1,危局强袭 2.8.1,2026-05-08,2026-05-22,avocaboo,Avocaboo,果核布,bangboo,A,0.07,0,,,,,,,hf_bangboo,2.8.1/da/chars/bangboo_all.json,https://huggingface.co/datasets/LvlUrArti/ShiyuDataProcessed/resolve/main/2.8.1/da/chars/bangboo_all.json,ok
2.8.2,2026-06-02,da,危局强袭,bangboo,邦布,2.8.2,危局强袭 2.8.2,2026-05-22,2026-06-05,avocaboo,Avocaboo,果核布,bangboo,A,0.07,0,,,,,,,hf_bangboo,2.8.2/da/chars/bangboo_all.json,https://huggingface.co/datasets/LvlUrArti/ShiyuDataProcessed/resolve/main/2.8.2/da/chars/bangboo_all.json,ok
2.8.3,2026-06-15,da,危局强袭,bangboo,邦布,2.8.3,危局强袭 2.8.3,2026-06-05,2026-06-19,avocaboo,Avocaboo,果核布,bangboo,A,0.06,0,,,,,,,hf_bangboo,2.8.3/da/chars/bangboo_all.json,https://huggingface.co/datasets/LvlUrArti/ShiyuDataProcessed/resolve/main/2.8.3/da/chars/bangboo_all.json,ok
3.0.1,2026-06-21,da,危局强袭,bangboo,邦布,3.0.1,危局强袭 3.0.1,2026-06-19,2026-07-03,avocaboo,Avocaboo,果核布,bangboo,A,0.08,0,,,,,,,hf_bangboo,3.0.1/da/chars/bangboo_all.json,https://huggingface.co/datasets/LvlUrArti/ShiyuDataProcessed/resolve/main/3.0.1/da/chars/bangboo_all.json,ok
2.6.1,2026-02-17,da,危局强袭,bangboo,邦布,2.6.1,危局强袭 2.6.1,2026-02-13,2026-02-27,baddieboo,Baddieboo,不良布,bangboo,A,0.29,24402,,,,,,,hf_bangboo,2.6.1/da/chars/bangboo_all.json,https://huggingface.co/datasets/LvlUrArti/ShiyuDataProcessed/resolve/main/2.6.1/da/chars/bangboo_all.json,ok
2.6.2,2026-03-10,da,危局强袭,bangboo,邦布,2.6.2,危局强袭 2.6.2,2026-02-27,2026-03-13,baddieboo,Baddieboo,不良布,bangboo,A,0.13,21975,,,,,,,hf_bangboo,2.6.2/da/chars/bangboo_all.json,https://huggingface.co/datasets/LvlUrArti/ShiyuDataProcessed/resolve/main/2.6.2/da/chars/bangboo_all.json,ok
2.7.1,2026-03-31,da,危局强袭,bangboo,邦布,2.7.1,危局强袭 2.7.1,2026-03-27,2026-04-10,baddieboo,Baddieboo,不良布,bangboo,A,0.23,23282,,,,,,,hf_bangboo,2.7.1/da/chars/bangboo_all.json,https://huggingface.co/datasets/LvlUrArti/ShiyuDataProcessed/resolve/main/2.7.1/da/chars/bangboo_all.json,ok
2.7.2,2026-04-21,da,危局强袭,bangboo,邦布,2.7.2,危局强袭 2.7.2,2026-04-10,2026-04-24,baddieboo,Baddieboo,不良布,bangboo,A,0.13,22850,,,,,,,hf_bangboo,2.7.2/da/chars/bangboo_all.json,https://huggingface.co/datasets/LvlUrArti/ShiyuDataProcessed/resolve/main/2.7.2/da/chars/bangboo_all.json,ok
2.8.1,2026-05-11,da,危局强袭,bangboo,邦布,2.8.1,危局强袭 2.8.1,2026-05-08,2026-05-22,baddieboo,Baddieboo,不良布,bangboo,A,0.29,23395,,,,,,,hf_bangboo,2.8.1/da/chars/bangboo_all.json,https://huggingface.co/datasets/LvlUrArti/ShiyuDataProcessed/resolve/main/2.8.1/da/chars/bangboo_all.json,ok
2.8.2,2026-06-02,da,危局强袭,bangboo,邦布,2.8.2,危局强袭 2.8.2,2026-05-22,2026-06-05,baddieboo,Baddieboo,不良布,bangboo,A,0.32,19901,,,,,,,hf_bangboo,2.8.2/da/chars/bangboo_all.json,https://huggingface.co/datasets/LvlUrArti/ShiyuDataProcessed/resolve/main/2.8.2/da/chars/bangboo_all.json,ok
2.8.3,2026-06-15,da,危局强袭,bangboo,邦布,2.8.3,危局强袭 2.8.3,2026-06-05,2026-06-19,baddieboo,Baddieboo,不良布,bangboo,A,0.15,24374,,,,,,,hf_bangboo,2.8.3/da/chars/bangboo_all.json,https://huggingface.co/datasets/LvlUrArti/ShiyuDataProcessed/resolve/main/2.8.3/da/chars/bangboo_all.json,ok
3.0.1,2026-06-21,da,危局强袭,bangboo,邦布,3.0.1,危局强袭 3.0.1,2026-06-19,2026-07-03,baddieboo,Baddieboo,不良布,bangboo,A,0.21,27403,,,,,,,hf_bangboo,3.0.1/da/chars/bangboo_all.json,https://huggingface.co/datasets/LvlUrArti/ShiyuDataProcessed/resolve/main/3.0.1/da/chars/bangboo_all.json,ok
2.6.1,2026-02-17,da,危局强袭,bangboo,邦布,2.6.1,危局强袭 2.6.1,2026-02-13,2026-02-27,bagboo,Bagboo,纸袋布,bangboo,A,0.05,0,,,,,,,hf_bangboo,2.6.1/da/chars/bangboo_all.json,https://huggingface.co/datasets/LvlUrArti/ShiyuDataProcessed/resolve/main/2.6.1/da/chars/bangboo_all.json,ok
2.6.2,2026-03-10,da,危局强袭,bangboo,邦布,2.6.2,危局强袭 2.6.2,2026-02-27,2026-03-13,bagboo,Bagboo,纸袋布,bangboo,A,0.05,0,,,,,,,hf_bangboo,2.6.2/da/chars/bangboo_all.json,https://huggingface.co/datasets/LvlUrArti/ShiyuDataProcessed/resolve/main/2.6.2/da/chars/bangboo_all.json,ok
2.7.1,2026-03-31,da,危局强袭,bangboo,邦布,2.7.1,危局强袭 2.7.1,2026-03-27,2026-04-10,bagboo,Bagboo,纸袋布,bangboo,A,0.03,0,,,,,,,hf_bangboo,2.7.1/da/chars/bangboo_all.json,https://huggingface.co/datasets/LvlUrArti/ShiyuDataProcessed/resolve/main/2.7.1/da/chars/bangboo_all.json,ok
2.7.2,2026-04-21,da,危局强袭,bangboo,邦布,2.7.2,危局强袭 2.7.2,2026-04-10,2026-04-24,bagboo,Bagboo,纸袋布,bangboo,A,0.05,0,,,,,,,hf_bangboo,2.7.2/da/chars/bangboo_all.json,https://huggingface.co/datasets/LvlUrArti/ShiyuDataProcessed/resolve/main/2.7.2/da/chars/bangboo_all.json,ok
2.8.1,2026-05-11,da,危局强袭,bangboo,邦布,2.8.1,危局强袭 2.8.1,2026-05-08,2026-05-22,bagboo,Bagboo,纸袋布,bangboo,A,0.02,0,,,,,,,hf_bangboo,2.8.1/da/chars/bangboo_all.json,https://huggingface.co/datasets/LvlUrArti/ShiyuDataProcessed/resolve/main/2.8.1/da/chars/bangboo_all.json,ok
2.8.2,2026-06-02,da,危局强袭,bangboo,邦布,2.8.2,危局强袭 2.8.2,2026-05-22,2026-06-05,bagboo,Bagboo,纸袋布,bangboo,A,0.07,0,,,,,,,hf_bangboo,2.8.2/da/chars/bangboo_all.json,https://huggingface.co/datasets/LvlUrArti/ShiyuDataProcessed/resolve/main/2.8.2/da/chars/bangboo_all.json,ok
2.8.3,2026-06-15,da,危局强袭,bangboo,邦布,2.8.3,危局强袭 2.8.3,2026-06-05,2026-06-19,bagboo,Bagboo,纸袋布,bangboo,A,0.03,0,,,,,,,hf_bangboo,2.8.3/da/chars/bangboo_all.json,https://huggingface.co/datasets/LvlUrArti/ShiyuDataProcessed/resolve/main/2.8.3/da/chars/bangboo_all.json,ok
3.0.1,2026-06-21,da,危局强袭,bangboo,邦布,3.0.1,危局强袭 3.0.1,2026-06-19,2026-07-03,bagboo,Bagboo,纸袋布,bangboo,A,0.03,0,,,,,,,hf_bangboo,3.0.1/da/chars/bangboo_all.json,https://huggingface.co/datasets/LvlUrArti/ShiyuDataProcessed/resolve/main/3.0.1/da/chars/bangboo_all.json,ok
2.6.1,2026-02-17,da,危局强袭,bangboo,邦布,2.6.1,危局强袭 2.6.1,2026-02-13,2026-02-27,bangvolver,Bangvolver,左轮布,bangboo,S,2.63,26411,,,,,,,hf_bangboo,2.6.1/da/chars/bangboo_all.json,https://huggingface.co/datasets/LvlUrArti/ShiyuDataProcessed/resolve/main/2.6.1/da/chars/bangboo_all.json,ok
2.6.2,2026-03-10,da,危局强袭,bangboo,邦布,2.6.2,危局强袭 2.6.2,2026-02-27,2026-03-13,bangvolver,Bangvolver,左轮布,bangboo,S,2.19,25436,,,,,,,hf_bangboo,2.6.2/da/chars/bangboo_all.json,https://huggingface.co/datasets/LvlUrArti/ShiyuDataProcessed/resolve/main/2.6.2/da/chars/bangboo_all.json,ok
2.7.1,2026-03-31,da,危局强袭,bangboo,邦布,2.7.1,危局强袭 2.7.1,2026-03-27,2026-04-10,bangvolver,Bangvolver,左轮布,bangboo,S,1.52,24261,,,,,,,hf_bangboo,2.7.1/da/chars/bangboo_all.json,https://huggingface.co/datasets/LvlUrArti/ShiyuDataProcessed/resolve/main/2.7.1/da/chars/bangboo_all.json,ok
2.7.2,2026-04-21,da,危局强袭,bangboo,邦布,2.7.2,危局强袭 2.7.2,2026-04-10,2026-04-24,bangvolver,Bangvolver,左轮布,bangboo,S,2.05,25590,,,,,,,hf_bangboo,2.7.2/da/chars/bangboo_all.json,https://huggingface.co/datasets/LvlUrArti/ShiyuDataProcessed/resolve/main/2.7.2/da/chars/bangboo_all.json,ok
2.8.1,2026-05-11,da,危局强袭,bangboo,邦布,2.8.1,危局强袭 2.8.1,2026-05-08,2026-05-22,bangvolver,Bangvolver,左轮布,bangboo,S,0.78,26095,,,,,,,hf_bangboo,2.8.1/da/chars/bangboo_all.json,https://huggingface.co/datasets/LvlUrArti/ShiyuDataProcessed/resolve/main/2.8.1/da/chars/bangboo_all.json,ok
2.8.2,2026-06-02,da,危局强袭,bangboo,邦布,2.8.2,危局强袭 2.8.2,2026-05-22,2026-06-05,bangvolver,Bangvolver,左轮布,bangboo,S,2.88,24304,,,,,,,hf_bangboo,2.8.2/da/chars/bangboo_all.json,https://huggingface.co/datasets/LvlUrArti/ShiyuDataProcessed/resolve/main/2.8.2/da/chars/bangboo_all.json,ok
2.8.3,2026-06-15,da,危局强袭,bangboo,邦布,2.8.3,危局强袭 2.8.3,2026-06-05,2026-06-19,bangvolver,Bangvolver,左轮布,bangboo,S,4.65,27684,,,,,,,hf_bangboo,2.8.3/da/chars/bangboo_all.json,https://huggingface.co/datasets/LvlUrArti/ShiyuDataProcessed/resolve/main/2.8.3/da/chars/bangboo_all.json,ok
3.0.1,2026-06-21,da,危局强袭,bangboo,邦布,3.0.1,危局强袭 3.0.1,2026-06-19,2026-07-03,bangvolver,Bangvolver,左轮布,bangboo,S,5.76,26779,,,,,,,hf_bangboo,3.0.1/da/chars/bangboo_all.json,https://huggingface.co/datasets/LvlUrArti/ShiyuDataProcessed/resolve/main/3.0.1/da/chars/bangboo_all.json,ok
2.6.1,2026-02-17,da,危局强袭,bangboo,邦布,2.6.1,危局强袭 2.6.1,2026-02-13,2026-02-27,belion,Belion,狮耶,bangboo,S,51.56,31810,,,,,,,hf_bangboo,2.6.1/da/chars/bangboo_all.json,https://huggingface.co/datasets/LvlUrArti/ShiyuDataProcessed/resolve/main/2.6.1/da/chars/bangboo_all.json,ok
2.6.2,2026-03-10,da,危局强袭,bangboo,邦布,2.6.2,危局强袭 2.6.2,2026-02-27,2026-03-13,belion,Belion,狮耶,bangboo,S,41.52,28500,,,,,,,hf_bangboo,2.6.2/da/chars/bangboo_all.json,https://huggingface.co/datasets/LvlUrArti/ShiyuDataProcessed/resolve/main/2.6.2/da/chars/bangboo_all.json,ok
2.7.1,2026-03-31,da,危局强袭,bangboo,邦布,2.7.1,危局强袭 2.7.1,2026-03-27,2026-04-10,belion,Belion,狮耶,bangboo,S,49.27,31107,,,,,,,hf_bangboo,2.7.1/da/chars/bangboo_all.json,https://huggingface.co/datasets/LvlUrArti/ShiyuDataProcessed/resolve/main/2.7.1/da/chars/bangboo_all.json,ok
2.7.2,2026-04-21,da,危局强袭,bangboo,邦布,2.7.2,危局强袭 2.7.2,2026-04-10,2026-04-24,belion,Belion,狮耶,bangboo,S,27.68,25903,,,,,,,hf_bangboo,2.7.2/da/chars/bangboo_all.json,https://huggingface.co/datasets/LvlUrArti/ShiyuDataProcessed/resolve/main/2.7.2/da/chars/bangboo_all.json,ok
2.8.1,2026-05-11,da,危局强袭,bangboo,邦布,2.8.1,危局强袭 2.8.1,2026-05-08,2026-05-22,belion,Belion,狮耶,bangboo,S,42.56,27959,,,,,,,hf_bangboo,2.8.1/da/chars/bangboo_all.json,https://huggingface.co/datasets/LvlUrArti/ShiyuDataProcessed/resolve/main/2.8.1/da/chars/bangboo_all.json,ok
2.8.2,2026-06-02,da,危局强袭,bangboo,邦布,2.8.2,危局强袭 2.8.2,2026-05-22,2026-06-05,belion,Belion,狮耶,bangboo,S,31.96,21392,,,,,,,hf_bangboo,2.8.2/da/chars/bangboo_all.json,https://huggingface.co/datasets/LvlUrArti/ShiyuDataProcessed/resolve/main/2.8.2/da/chars/bangboo_all.json,ok
2.8.3,2026-06-15,da,危局强袭,bangboo,邦布,2.8.3,危局强袭 2.8.3,2026-06-05,2026-06-19,belion,Belion,狮耶,bangboo,S,27.63,26196,,,,,,,hf_bangboo,2.8.3/da/chars/bangboo_all.json,https://huggingface.co/datasets/LvlUrArti/ShiyuDataProcessed/resolve/main/2.8.3/da/chars/bangboo_all.json,ok
3.0.1,2026-06-21,da,危局强袭,bangboo,邦布,3.0.1,危局强袭 3.0.1,2026-06-19,2026-07-03,belion,Belion,狮耶,bangboo,S,34.58,31832,,,,,,,hf_bangboo,3.0.1/da/chars/bangboo_all.json,https://huggingface.co/datasets/LvlUrArti/ShiyuDataProcessed/resolve/main/3.0.1/da/chars/bangboo_all.json,ok
2.6.1,2026-02-17,da,危局强袭,bangboo,邦布,2.6.1,危局强袭 2.6.1,2026-02-13,2026-02-27,biggest-fan,Biggest Fan,阿饭,bangboo,S,2.49,34069,,,,,,,hf_bangboo,2.6.1/da/chars/bangboo_all.json,https://huggingface.co/datasets/LvlUrArti/ShiyuDataProcessed/resolve/main/2.6.1/da/chars/bangboo_all.json,ok
2.6.2,2026-03-10,da,危局强袭,bangboo,邦布,2.6.2,危局强袭 2.6.2,2026-02-27,2026-03-13,biggest-fan,Biggest Fan,阿饭,bangboo,S,17.36,32992,,,,,,,hf_bangboo,2.6.2/da/chars/bangboo_all.json,https://huggingface.co/datasets/LvlUrArti/ShiyuDataProcessed/resolve/main/2.6.2/da/chars/bangboo_all.json,ok
2.7.1,2026-03-31,da,危局强袭,bangboo,邦布,2.7.1,危局强袭 2.7.1,2026-03-27,2026-04-10,biggest-fan,Biggest Fan,阿饭,bangboo,S,34.19,27640,,,,,,,hf_bangboo,2.7.1/da/chars/bangboo_all.json,https://huggingface.co/datasets/LvlUrArti/ShiyuDataProcessed/resolve/main/2.7.1/da/chars/bangboo_all.json,ok
2.7.2,2026-04-21,da,危局强袭,bangboo,邦布,2.7.2,危局强袭 2.7.2,2026-04-10,2026-04-24,biggest-fan,Biggest Fan,阿饭,bangboo,S,40.85,33100,,,,,,,hf_bangboo,2.7.2/da/chars/bangboo_all.json,https://huggingface.co/datasets/LvlUrArti/ShiyuDataProcessed/resolve/main/2.7.2/da/chars/bangboo_all.json,ok
2.8.1,2026-05-11,da,危局强袭,bangboo,邦布,2.8.1,危局强袭 2.8.1,2026-05-08,2026-05-22,biggest-fan,Biggest Fan,阿饭,bangboo,S,23.05,28647,,,,,,,hf_bangboo,2.8.1/da/chars/bangboo_all.json,https://huggingface.co/datasets/LvlUrArti/ShiyuDataProcessed/resolve/main/2.8.1/da/chars/bangboo_all.json,ok
2.8.2,2026-06-02,da,危局强袭,bangboo,邦布,2.8.2,危局强袭 2.8.2,2026-05-22,2026-06-05,biggest-fan,Biggest Fan,阿饭,bangboo,S,42.5,27104,,,,,,,hf_bangboo,2.8.2/da/chars/bangboo_all.json,https://huggingface.co/datasets/LvlUrArti/ShiyuDataProcessed/resolve/main/2.8.2/da/chars/bangboo_all.json,ok
2.8.3,2026-06-15,da,危局强袭,bangboo,邦布,2.8.3,危局强袭 2.8.3,2026-06-05,2026-06-19,biggest-fan,Biggest Fan,阿饭,bangboo,S,26.84,30857,,,,,,,hf_bangboo,2.8.3/da/chars/bangboo_all.json,https://huggingface.co/datasets/LvlUrArti/ShiyuDataProcessed/resolve/main/2.8.3/da/chars/bangboo_all.json,ok
3.0.1,2026-06-21,da,危局强袭,bangboo,邦布,3.0.1,危局强袭 3.0.1,2026-06-19,2026-07-03,biggest-fan,Biggest Fan,阿饭,bangboo,S,20.6,27123,,,,,,,hf_bangboo,3.0.1/da/chars/bangboo_all.json,https://huggingface.co/datasets/LvlUrArti/ShiyuDataProcessed/resolve/main/3.0.1/da/chars/bangboo_all.json,ok
2.6.1,2026-02-17,da,危局强袭,bangboo,邦布,2.6.1,危局强袭 2.6.1,2026-02-13,2026-02-27,bild-n-boolok,Bild N. Boolok,乐玩布,bangboo,A,0.16,30377,,,,,,,hf_bangboo,2.6.1/da/chars/bangboo_all.json,https://huggingface.co/datasets/LvlUrArti/ShiyuDataProcessed/resolve/main/2.6.1/da/chars/bangboo_all.json,ok
2.6.2,2026-03-10,da,危局强袭,bangboo,邦布,2.6.2,危局强袭 2.6.2,2026-02-27,2026-03-13,bild-n-boolok,Bild N. Boolok,乐玩布,bangboo,A,0.18,24090,,,,,,,hf_bangboo,2.6.2/da/chars/bangboo_all.json,https://huggingface.co/datasets/LvlUrArti/ShiyuDataProcessed/resolve/main/2.6.2/da/chars/bangboo_all.json,ok
2.7.1,2026-03-31,da,危局强袭,bangboo,邦布,2.7.1,危局强袭 2.7.1,2026-03-27,2026-04-10,bild-n-boolok,Bild N. Boolok,乐玩布,bangboo,A,0.24,28087,,,,,,,hf_bangboo,2.7.1/da/chars/bangboo_all.json,https://huggingface.co/datasets/LvlUrArti/ShiyuDataProcessed/resolve/main/2.7.1/da/chars/bangboo_all.json,ok
2.7.2,2026-04-21,da,危局强袭,bangboo,邦布,2.7.2,危局强袭 2.7.2,2026-04-10,2026-04-24,bild-n-boolok,Bild N. Boolok,乐玩布,bangboo,A,0.15,22898,,,,,,,hf_bangboo,2.7.2/da/chars/bangboo_all.json,https://huggingface.co/datasets/LvlUrArti/ShiyuDataProcessed/resolve/main/2.7.2/da/chars/bangboo_all.json,ok
2.8.1,2026-05-11,da,危局强袭,bangboo,邦布,2.8.1,危局强袭 2.8.1,2026-05-08,2026-05-22,bild-n-boolok,Bild N. Boolok,乐玩布,bangboo,A,0.18,27612,,,,,,,hf_bangboo,2.8.1/da/chars/bangboo_all.json,https://huggingface.co/datasets/LvlUrArti/ShiyuDataProcessed/resolve/main/2.8.1/da/chars/bangboo_all.json,ok
2.8.2,2026-06-02,da,危局强袭,bangboo,邦布,2.8.2,危局强袭 2.8.2,2026-05-22,2026-06-05,bild-n-boolok,Bild N. Boolok,乐玩布,bangboo,A,0.26,20399,,,,,,,hf_bangboo,2.8.2/da/chars/bangboo_all.json,https://huggingface.co/datasets/LvlUrArti/ShiyuDataProcessed/resolve/main/2.8.2/da/chars/bangboo_all.json,ok
2.8.3,2026-06-15,da,危局强袭,bangboo,邦布,2.8.3,危局强袭 2.8.3,2026-06-05,2026-06-19,bild-n-boolok,Bild N. Boolok,乐玩布,bangboo,A,0.2,26754,,,,,,,hf_bangboo,2.8.3/da/chars/bangboo_all.json,https://huggingface.co/datasets/LvlUrArti/ShiyuDataProcessed/resolve/main/2.8.3/da/chars/bangboo_all.json,ok
3.0.1,2026-06-21,da,危局强袭,bangboo,邦布,3.0.1,危局强袭 3.0.1,2026-06-19,2026-07-03,bild-n-boolok,Bild N. Boolok,乐玩布,bangboo,A,0.22,27044,,,,,,,hf_bangboo,3.0.1/da/chars/bangboo_all.json,https://huggingface.co/datasets/LvlUrArti/ShiyuDataProcessed/resolve/main/3.0.1/da/chars/bangboo_all.json,ok
2.6.1,2026-02-17,da,危局强袭,bangboo,邦布,2.6.1,危局强袭 2.6.1,2026-02-13,2026-02-27,birkblick,Birkblick,比克布利克,bangboo,S,11.09,32776,,,,,,,hf_bangboo,2.6.1/da/chars/bangboo_all.json,https://huggingface.co/datasets/LvlUrArti/ShiyuDataProcessed/resolve/main/2.6.1/da/chars/bangboo_all.json,ok
2.6.2,2026-03-10,da,危局强袭,bangboo,邦布,2.6.2,危局强袭 2.6.2,2026-02-27,2026-03-13,birkblick,Birkblick,比克布利克,bangboo,S,12.71,30761,,,,,,,hf_bangboo,2.6.2/da/chars/bangboo_all.json,https://huggingface.co/datasets/LvlUrArti/ShiyuDataProcessed/resolve/main/2.6.2/da/chars/bangboo_all.json,ok
2.7.1,2026-03-31,da,危局强袭,bangboo,邦布,2.7.1,危局强袭 2.7.1,2026-03-27,2026-04-10,birkblick,Birkblick,比克布利克,bangboo,S,10.69,32715,,,,,,,hf_bangboo,2.7.1/da/chars/bangboo_all.json,https://huggingface.co/datasets/LvlUrArti/ShiyuDataProcessed/resolve/main/2.7.1/da/chars/bangboo_all.json,ok
2.7.2,2026-04-21,da,危局强袭,bangboo,邦布,2.7.2,危局强袭 2.7.2,2026-04-10,2026-04-24,birkblick,Birkblick,比克布利克,bangboo,S,10.14,30541,,,,,,,hf_bangboo,2.7.2/da/chars/bangboo_all.json,https://huggingface.co/datasets/LvlUrArti/ShiyuDataProcessed/resolve/main/2.7.2/da/chars/bangboo_all.json,ok
2.8.1,2026-05-11,da,危局强袭,bangboo,邦布,2.8.1,危局强袭 2.8.1,2026-05-08,2026-05-22,birkblick,Birkblick,比克布利克,bangboo,S,14.05,29774,,,,,,,hf_bangboo,2.8.1/da/chars/bangboo_all.json,https://huggingface.co/datasets/LvlUrArti/ShiyuDataProcessed/resolve/main/2.8.1/da/chars/bangboo_all.json,ok
2.8.2,2026-06-02,da,危局强袭,bangboo,邦布,2.8.2,危局强袭 2.8.2,2026-05-22,2026-06-05,birkblick,Birkblick,比克布利克,bangboo,S,13.61,28408,,,,,,,hf_bangboo,2.8.2/da/chars/bangboo_all.json,https://huggingface.co/datasets/LvlUrArti/ShiyuDataProcessed/resolve/main/2.8.2/da/chars/bangboo_all.json,ok
2.8.3,2026-06-15,da,危局强袭,bangboo,邦布,2.8.3,危局强袭 2.8.3,2026-06-05,2026-06-19,birkblick,Birkblick,比克布利克,bangboo,S,14.67,32319,,,,,,,hf_bangboo,2.8.3/da/chars/bangboo_all.json,https://huggingface.co/datasets/LvlUrArti/ShiyuDataProcessed/resolve/main/2.8.3/da/chars/bangboo_all.json,ok
3.0.1,2026-06-21,da,危局强袭,bangboo,邦布,3.0.1,危局强袭 3.0.1,2026-06-19,2026-07-03,birkblick,Birkblick,比克布利克,bangboo,S,14.31,33496,,,,,,,hf_bangboo,3.0.1/da/chars/bangboo_all.json,https://huggingface.co/datasets/LvlUrArti/ShiyuDataProcessed/resolve/main/3.0.1/da/chars/bangboo_all.json,ok
2.6.1,2026-02-17,da,危局强袭,bangboo,邦布,2.6.1,危局强袭 2.6.1,2026-02-13,2026-02-27,boollseye,Boollseye,飞靶布,bangboo,A,0.01,0,,,,,,,hf_bangboo,2.6.1/da/chars/bangboo_all.json,https://huggingface.co/datasets/LvlUrArti/ShiyuDataProcessed/resolve/main/2.6.1/da/chars/bangboo_all.json,ok
2.6.2,2026-03-10,da,危局强袭,bangboo,邦布,2.6.2,危局强袭 2.6.2,2026-02-27,2026-03-13,boollseye,Boollseye,飞靶布,bangboo,A,0.01,0,,,,,,,hf_bangboo,2.6.2/da/chars/bangboo_all.json,https://huggingface.co/datasets/LvlUrArti/ShiyuDataProcessed/resolve/main/2.6.2/da/chars/bangboo_all.json,ok
2.7.1,2026-03-31,da,危局强袭,bangboo,邦布,2.7.1,危局强袭 2.7.1,2026-03-27,2026-04-10,boollseye,Boollseye,飞靶布,bangboo,A,0.01,0,,,,,,,hf_bangboo,2.7.1/da/chars/bangboo_all.json,https://huggingface.co/datasets/LvlUrArti/ShiyuDataProcessed/resolve/main/2.7.1/da/chars/bangboo_all.json,ok
2.7.2,2026-04-21,da,危局强袭,bangboo,邦布,2.7.2,危局强袭 2.7.2,2026-04-10,2026-04-24,boollseye,Boollseye,飞靶布,bangboo,A,0.02,0,,,,,,,hf_bangboo,2.7.2/da/chars/bangboo_all.json,https://huggingface.co/datasets/LvlUrArti/ShiyuDataProcessed/resolve/main/2.7.2/da/chars/bangboo_all.json,ok
2.8.1,2026-05-11,da,危局强袭,bangboo,邦布,2.8.1,危局强袭 2.8.1,2026-05-08,2026-05-22,boollseye,Boollseye,飞靶布,bangboo,A,0.0,0,,,,,,,hf_bangboo,2.8.1/da/chars/bangboo_all.json,https://huggingface.co/datasets/LvlUrArti/ShiyuDataProcessed/resolve/main/2.8.1/da/chars/bangboo_all.json,ok
2.8.2,2026-06-02,da,危局强袭,bangboo,邦布,2.8.2,危局强袭 2.8.2,2026-05-22,2026-06-05,boollseye,Boollseye,飞靶布,bangboo,A,0.02,0,,,,,,,hf_bangboo,2.8.2/da/chars/bangboo_all.json,https://huggingface.co/datasets/LvlUrArti/ShiyuDataProcessed/resolve/main/2.8.2/da/chars/bangboo_all.json,ok
2.8.3,2026-06-15,da,危局强袭,bangboo,邦布,2.8.3,危局强袭 2.8.3,2026-06-05,2026-06-19,boollseye,Boollseye,飞靶布,bangboo,A,0.04,0,,,,,,,hf_bangboo,2.8.3/da/chars/bangboo_all.json,https://huggingface.co/datasets/LvlUrArti/ShiyuDataProcessed/resolve/main/2.8.3/da/chars/bangboo_all.json,ok
3.0.1,2026-06-21,da,危局强袭,bangboo,邦布,3.0.1,危局强袭 3.0.1,2026-06-19,2026-07-03,boollseye,Boollseye,飞靶布,bangboo,A,0.01,0,,,,,,,hf_bangboo,3.0.1/da/chars/bangboo_all.json,https://huggingface.co/datasets/LvlUrArti/ShiyuDataProcessed/resolve/main/3.0.1/da/chars/bangboo_all.json,ok
2.8.1,2026-05-11,da,危局强袭,bangboo,邦布,2.8.1,危局强袭 2.8.1,2026-05-08,2026-05-22,booltergeist,Booltergeist,幽浮布,bangboo,A,0.41,30473,,,,,,,hf_bangboo,2.8.1/da/chars/bangboo_all.json,https://huggingface.co/datasets/LvlUrArti/ShiyuDataProcessed/resolve/main/2.8.1/da/chars/bangboo_all.json,ok
2.8.2,2026-06-02,da,危局强袭,bangboo,邦布,2.8.2,危局强袭 2.8.2,2026-05-22,2026-06-05,booltergeist,Booltergeist,幽浮布,bangboo,A,1.28,26660,,,,,,,hf_bangboo,2.8.2/da/chars/bangboo_all.json,https://huggingface.co/datasets/LvlUrArti/ShiyuDataProcessed/resolve/main/2.8.2/da/chars/bangboo_all.json,ok
2.8.3,2026-06-15,da,危局强袭,bangboo,邦布,2.8.3,危局强袭 2.8.3,2026-06-05,2026-06-19,booltergeist,Booltergeist,幽浮布,bangboo,A,1.66,32590,,,,,,,hf_bangboo,2.8.3/da/chars/bangboo_all.json,https://huggingface.co/datasets/LvlUrArti/ShiyuDataProcessed/resolve/main/2.8.3/da/chars/bangboo_all.json,ok
3.0.1,2026-06-21,da,危局强袭,bangboo,邦布,3.0.1,危局强袭 3.0.1,2026-06-19,2026-07-03,booltergeist,Booltergeist,幽浮布,bangboo,A,2.58,29231,,,,,,,hf_bangboo,3.0.1/da/chars/bangboo_all.json,https://huggingface.co/datasets/LvlUrArti/ShiyuDataProcessed/resolve/main/3.0.1/da/chars/bangboo_all.json,ok
2.6.1,2026-02-17,da,危局强袭,bangboo,邦布,2.6.1,危局强袭 2.6.1,2026-02-13,2026-02-27,booressure,Booressure,气压布,bangboo,A,0.45,28189,,,,,,,hf_bangboo,2.6.1/da/chars/bangboo_all.json,https://huggingface.co/datasets/LvlUrArti/ShiyuDataProcessed/resolve/main/2.6.1/da/chars/bangboo_all.json,ok
2.6.2,2026-03-10,da,危局强袭,bangboo,邦布,2.6.2,危局强袭 2.6.2,2026-02-27,2026-03-13,booressure,Booressure,气压布,bangboo,A,0.46,26888,,,,,,,hf_bangboo,2.6.2/da/chars/bangboo_all.json,https://huggingface.co/datasets/LvlUrArti/ShiyuDataProcessed/resolve/main/2.6.2/da/chars/bangboo_all.json,ok
2.7.1,2026-03-31,da,危局强袭,bangboo,邦布,2.7.1,危局强袭 2.7.1,2026-03-27,2026-04-10,booressure,Booressure,气压布,bangboo,A,0.41,26330,,,,,,,hf_bangboo,2.7.1/da/chars/bangboo_all.json,https://huggingface.co/datasets/LvlUrArti/ShiyuDataProcessed/resolve/main/2.7.1/da/chars/bangboo_all.json,ok
2.7.2,2026-04-21,da,危局强袭,bangboo,邦布,2.7.2,危局强袭 2.7.2,2026-04-10,2026-04-24,booressure,Booressure,气压布,bangboo,A,0.43,29040,,,,,,,hf_bangboo,2.7.2/da/chars/bangboo_all.json,https://huggingface.co/datasets/LvlUrArti/ShiyuDataProcessed/resolve/main/2.7.2/da/chars/bangboo_all.json,ok
2.8.1,2026-05-11,da,危局强袭,bangboo,邦布,2.8.1,危局强袭 2.8.1,2026-05-08,2026-05-22,booressure,Booressure,气压布,bangboo,A,0.72,28815,,,,,,,hf_bangboo,2.8.1/da/chars/bangboo_all.json,https://huggingface.co/datasets/LvlUrArti/ShiyuDataProcessed/resolve/main/2.8.1/da/chars/bangboo_all.json,ok
2.8.2,2026-06-02,da,危局强袭,bangboo,邦布,2.8.2,危局强袭 2.8.2,2026-05-22,2026-06-05,booressure,Booressure,气压布,bangboo,A,1.08,25051,,,,,,,hf_bangboo,2.8.2/da/chars/bangboo_all.json,https://huggingface.co/datasets/LvlUrArti/ShiyuDataProcessed/resolve/main/2.8.2/da/chars/bangboo_all.json,ok
2.8.3,2026-06-15,da,危局强袭,bangboo,邦布,2.8.3,危局强袭 2.8.3,2026-06-05,2026-06-19,booressure,Booressure,气压布,bangboo,A,0.81,32927,,,,,,,hf_bangboo,2.8.3/da/chars/bangboo_all.json,https://huggingface.co/datasets/LvlUrArti/ShiyuDataProcessed/resolve/main/2.8.3/da/chars/bangboo_all.json,ok
3.0.1,2026-06-21,da,危局强袭,bangboo,邦布,3.0.1,危局强袭 3.0.1,2026-06-19,2026-07-03,booressure,Booressure,气压布,bangboo,A,0.97,31004,,,,,,,hf_bangboo,3.0.1/da/chars/bangboo_all.json,https://huggingface.co/datasets/LvlUrArti/ShiyuDataProcessed/resolve/main/3.0.1/da/chars/bangboo_all.json,ok
2.6.1,2026-02-17,da,危局强袭,bangboo,邦布,2.6.1,危局强袭 2.6.1,2026-02-13,2026-02-27,brawlerboo,Brawlerboo,格斗布,bangboo,A,0.25,28896,,,,,,,hf_bangboo,2.6.1/da/chars/bangboo_all.json,https://huggingface.co/datasets/LvlUrArti/ShiyuDataProcessed/resolve/main/2.6.1/da/chars/bangboo_all.json,ok
2.6.2,2026-03-10,da,危局强袭,bangboo,邦布,2.6.2,危局强袭 2.6.2,2026-02-27,2026-03-13,brawlerboo,Brawlerboo,格斗布,bangboo,A,0.25,24907,,,,,,,hf_bangboo,2.6.2/da/chars/bangboo_all.json,https://huggingface.co/datasets/LvlUrArti/ShiyuDataProcessed/resolve/main/2.6.2/da/chars/bangboo_all.json,ok
2.7.1,2026-03-31,da,危局强袭,bangboo,邦布,2.7.1,危局强袭 2.7.1,2026-03-27,2026-04-10,brawlerboo,Brawlerboo,格斗布,bangboo,A,0.26,24205,,,,,,,hf_bangboo,2.7.1/da/chars/bangboo_all.json,https://huggingface.co/datasets/LvlUrArti/ShiyuDataProcessed/resolve/main/2.7.1/da/chars/bangboo_all.json,ok
2.7.2,2026-04-21,da,危局强袭,bangboo,邦布,2.7.2,危局强袭 2.7.2,2026-04-10,2026-04-24,brawlerboo,Brawlerboo,格斗布,bangboo,A,0.11,28994,,,,,,,hf_bangboo,2.7.2/da/chars/bangboo_all.json,https://huggingface.co/datasets/LvlUrArti/ShiyuDataProcessed/resolve/main/2.7.2/da/chars/bangboo_all.json,ok
2.8.1,2026-05-11,da,危局强袭,bangboo,邦布,2.8.1,危局强袭 2.8.1,2026-05-08,2026-05-22,brawlerboo,Brawlerboo,格斗布,bangboo,A,0.25,25977,,,,,,,hf_bangboo,2.8.1/da/chars/bangboo_all.json,https://huggingface.co/datasets/LvlUrArti/ShiyuDataProcessed/resolve/main/2.8.1/da/chars/bangboo_all.json,ok
2.8.2,2026-06-02,da,危局强袭,bangboo,邦布,2.8.2,危局强袭 2.8.2,2026-05-22,2026-06-05,brawlerboo,Brawlerboo,格斗布,bangboo,A,0.18,20630,,,,,,,hf_bangboo,2.8.2/da/chars/bangboo_all.json,https://huggingface.co/datasets/LvlUrArti/ShiyuDataProcessed/resolve/main/2.8.2/da/chars/bangboo_all.json,ok
2.8.3,2026-06-15,da,危局强袭,bangboo,邦布,2.8.3,危局强袭 2.8.3,2026-06-05,2026-06-19,brawlerboo,Brawlerboo,格斗布,bangboo,A,0.07,0,,,,,,,hf_bangboo,2.8.3/da/chars/bangboo_all.json,https://huggingface.co/datasets/LvlUrArti/ShiyuDataProcessed/resolve/main/2.8.3/da/chars/bangboo_all.json,ok
3.0.1,2026-06-21,da,危局强袭,bangboo,邦布,3.0.1,危局强袭 3.0.1,2026-06-19,2026-07-03,brawlerboo,Brawlerboo,格斗布,bangboo,A,0.15,30241,,,,,,,hf_bangboo,3.0.1/da/chars/bangboo_all.json,https://huggingface.co/datasets/LvlUrArti/ShiyuDataProcessed/resolve/main/3.0.1/da/chars/bangboo_all.json,ok
2.6.1,2026-02-17,da,危局强袭,bangboo,邦布,2.6.1,危局强袭 2.6.1,2026-02-13,2026-02-27,butler,Butler,巴特勒,bangboo,S,2.51,29190,,,,,,,hf_bangboo,2.6.1/da/chars/bangboo_all.json,https://huggingface.co/datasets/LvlUrArti/ShiyuDataProcessed/resolve/main/2.6.1/da/chars/bangboo_all.json,ok
2.6.2,2026-03-10,da,危局强袭,bangboo,邦布,2.6.2,危局强袭 2.6.2,2026-02-27,2026-03-13,butler,Butler,巴特勒,bangboo,S,2.58,25630,,,,,,,hf_bangboo,2.6.2/da/chars/bangboo_all.json,https://huggingface.co/datasets/LvlUrArti/ShiyuDataProcessed/resolve/main/2.6.2/da/chars/bangboo_all.json,ok
2.7.1,2026-03-31,da,危局强袭,bangboo,邦布,2.7.1,危局强袭 2.7.1,2026-03-27,2026-04-10,butler,Butler,巴特勒,bangboo,S,3.26,25669,,,,,,,hf_bangboo,2.7.1/da/chars/bangboo_all.json,https://huggingface.co/datasets/LvlUrArti/ShiyuDataProcessed/resolve/main/2.7.1/da/chars/bangboo_all.json,ok
2.7.2,2026-04-21,da,危局强袭,bangboo,邦布,2.7.2,危局强袭 2.7.2,2026-04-10,2026-04-24,butler,Butler,巴特勒,bangboo,S,2.7,25926,,,,,,,hf_bangboo,2.7.2/da/chars/bangboo_all.json,https://huggingface.co/datasets/LvlUrArti/ShiyuDataProcessed/resolve/main/2.7.2/da/chars/bangboo_all.json,ok
2.8.1,2026-05-11,da,危局强袭,bangboo,邦布,2.8.1,危局强袭 2.8.1,2026-05-08,2026-05-22,butler,Butler,巴特勒,bangboo,S,3.28,27360,,,,,,,hf_bangboo,2.8.1/da/chars/bangboo_all.json,https://huggingface.co/datasets/LvlUrArti/ShiyuDataProcessed/resolve/main/2.8.1/da/chars/bangboo_all.json,ok
2.8.2,2026-06-02,da,危局强袭,bangboo,邦布,2.8.2,危局强袭 2.8.2,2026-05-22,2026-06-05,butler,Butler,巴特勒,bangboo,S,4.45,23438,,,,,,,hf_bangboo,2.8.2/da/chars/bangboo_all.json,https://huggingface.co/datasets/LvlUrArti/ShiyuDataProcessed/resolve/main/2.8.2/da/chars/bangboo_all.json,ok
2.8.3,2026-06-15,da,危局强袭,bangboo,邦布,2.8.3,危局强袭 2.8.3,2026-06-05,2026-06-19,butler,Butler,巴特勒,bangboo,S,3.82,26661,,,,,,,hf_bangboo,2.8.3/da/chars/bangboo_all.json,https://huggingface.co/datasets/LvlUrArti/ShiyuDataProcessed/resolve/main/2.8.3/da/chars/bangboo_all.json,ok
3.0.1,2026-06-21,da,危局强袭,bangboo,邦布,3.0.1,危局强袭 3.0.1,2026-06-19,2026-07-03,butler,Butler,巴特勒,bangboo,S,3.33,27686,,,,,,,hf_bangboo,3.0.1/da/chars/bangboo_all.json,https://huggingface.co/datasets/LvlUrArti/ShiyuDataProcessed/resolve/main/3.0.1/da/chars/bangboo_all.json,ok
2.6.1,2026-02-17,da,危局强袭,bangboo,邦布,2.6.1,危局强袭 2.6.1,2026-02-13,2026-02-27,cryboo,Cryboo,泪眼布,bangboo,A,0.1,0,,,,,,,hf_bangboo,2.6.1/da/chars/bangboo_all.json,https://huggingface.co/datasets/LvlUrArti/ShiyuDataProcessed/resolve/main/2.6.1/da/chars/bangboo_all.json,ok
2.6.2,2026-03-10,da,危局强袭,bangboo,邦布,2.6.2,危局强袭 2.6.2,2026-02-27,2026-03-13,cryboo,Cryboo,泪眼布,bangboo,A,0.07,0,,,,,,,hf_bangboo,2.6.2/da/chars/bangboo_all.json,https://huggingface.co/datasets/LvlUrArti/ShiyuDataProcessed/resolve/main/2.6.2/da/chars/bangboo_all.json,ok
2.7.1,2026-03-31,da,危局强袭,bangboo,邦布,2.7.1,危局强袭 2.7.1,2026-03-27,2026-04-10,cryboo,Cryboo,泪眼布,bangboo,A,0.06,0,,,,,,,hf_bangboo,2.7.1/da/chars/bangboo_all.json,https://huggingface.co/datasets/LvlUrArti/ShiyuDataProcessed/resolve/main/2.7.1/da/chars/bangboo_all.json,ok
2.7.2,2026-04-21,da,危局强袭,bangboo,邦布,2.7.2,危局强袭 2.7.2,2026-04-10,2026-04-24,cryboo,Cryboo,泪眼布,bangboo,A,0.02,0,,,,,,,hf_bangboo,2.7.2/da/chars/bangboo_all.json,https://huggingface.co/datasets/LvlUrArti/ShiyuDataProcessed/resolve/main/2.7.2/da/chars/bangboo_all.json,ok
2.8.1,2026-05-11,da,危局强袭,bangboo,邦布,2.8.1,危局强袭 2.8.1,2026-05-08,2026-05-22,cryboo,Cryboo,泪眼布,bangboo,A,0.09,0,,,,,,,hf_bangboo,2.8.1/da/chars/bangboo_all.json,https://huggingface.co/datasets/LvlUrArti/ShiyuDataProcessed/resolve/main/2.8.1/da/chars/bangboo_all.json,ok
2.8.2,2026-06-02,da,危局强袭,bangboo,邦布,2.8.2,危局强袭 2.8.2,2026-05-22,2026-06-05,cryboo,Cryboo,泪眼布,bangboo,A,0.03,0,,,,,,,hf_bangboo,2.8.2/da/chars/bangboo_all.json,https://huggingface.co/datasets/LvlUrArti/ShiyuDataProcessed/resolve/main/2.8.2/da/chars/bangboo_all.json,ok
2.8.3,2026-06-15,da,危局强袭,bangboo,邦布,2.8.3,危局强袭 2.8.3,2026-06-05,2026-06-19,cryboo,Cryboo,泪眼布,bangboo,A,0.02,0,,,,,,,hf_bangboo,2.8.3/da/chars/bangboo_all.json,https://huggingface.co/datasets/LvlUrArti/ShiyuDataProcessed/resolve/main/2.8.3/da/chars/bangboo_all.json,ok
3.0.1,2026-06-21,da,危局强袭,bangboo,邦布,3.0.1,危局强袭 3.0.1,2026-06-19,2026-07-03,cryboo,Cryboo,泪眼布,bangboo,A,0.03,0,,,,,,,hf_bangboo,3.0.1/da/chars/bangboo_all.json,https://huggingface.co/datasets/LvlUrArti/ShiyuDataProcessed/resolve/main/3.0.1/da/chars/bangboo_all.json,ok
2.6.1,2026-02-17,da,危局强袭,bangboo,邦布,2.6.1,危局强袭 2.6.1,2026-02-13,2026-02-27,devilboo,Devilboo,恶魔布,bangboo,A,1.19,31808,,,,,,,hf_bangboo,2.6.1/da/chars/bangboo_all.json,https://huggingface.co/datasets/LvlUrArti/ShiyuDataProcessed/resolve/main/2.6.1/da/chars/bangboo_all.json,ok
2.6.2,2026-03-10,da,危局强袭,bangboo,邦布,2.6.2,危局强袭 2.6.2,2026-02-27,2026-03-13,devilboo,Devilboo,恶魔布,bangboo,A,1.37,31225,,,,,,,hf_bangboo,2.6.2/da/chars/bangboo_all.json,https://huggingface.co/datasets/LvlUrArti/ShiyuDataProcessed/resolve/main/2.6.2/da/chars/bangboo_all.json,ok
2.7.1,2026-03-31,da,危局强袭,bangboo,邦布,2.7.1,危局强袭 2.7.1,2026-03-27,2026-04-10,devilboo,Devilboo,恶魔布,bangboo,A,3.02,31989,,,,,,,hf_bangboo,2.7.1/da/chars/bangboo_all.json,https://huggingface.co/datasets/LvlUrArti/ShiyuDataProcessed/resolve/main/2.7.1/da/chars/bangboo_all.json,ok
2.7.2,2026-04-21,da,危局强袭,bangboo,邦布,2.7.2,危局强袭 2.7.2,2026-04-10,2026-04-24,devilboo,Devilboo,恶魔布,bangboo,A,2.89,33194,,,,,,,hf_bangboo,2.7.2/da/chars/bangboo_all.json,https://huggingface.co/datasets/LvlUrArti/ShiyuDataProcessed/resolve/main/2.7.2/da/chars/bangboo_all.json,ok
2.8.1,2026-05-11,da,危局强袭,bangboo,邦布,2.8.1,危局强袭 2.8.1,2026-05-08,2026-05-22,devilboo,Devilboo,恶魔布,bangboo,A,3.7,32609,,,,,,,hf_bangboo,2.8.1/da/chars/bangboo_all.json,https://huggingface.co/datasets/LvlUrArti/ShiyuDataProcessed/resolve/main/2.8.1/da/chars/bangboo_all.json,ok
2.8.2,2026-06-02,da,危局强袭,bangboo,邦布,2.8.2,危局强袭 2.8.2,2026-05-22,2026-06-05,devilboo,Devilboo,恶魔布,bangboo,A,5.15,27918,,,,,,,hf_bangboo,2.8.2/da/chars/bangboo_all.json,https://huggingface.co/datasets/LvlUrArti/ShiyuDataProcessed/resolve/main/2.8.2/da/chars/bangboo_all.json,ok
2.8.3,2026-06-15,da,危局强袭,bangboo,邦布,2.8.3,危局强袭 2.8.3,2026-06-05,2026-06-19,devilboo,Devilboo,恶魔布,bangboo,A,2.8,34726,,,,,,,hf_bangboo,2.8.3/da/chars/bangboo_all.json,https://huggingface.co/datasets/LvlUrArti/ShiyuDataProcessed/resolve/main/2.8.3/da/chars/bangboo_all.json,ok
3.0.1,2026-06-21,da,危局强袭,bangboo,邦布,3.0.1,危局强袭 3.0.1,2026-06-19,2026-07-03,devilboo,Devilboo,恶魔布,bangboo,A,2.98,31784,,,,,,,hf_bangboo,3.0.1/da/chars/bangboo_all.json,https://huggingface.co/datasets/LvlUrArti/ShiyuDataProcessed/resolve/main/3.0.1/da/chars/bangboo_all.json,ok
2.6.1,2026-02-17,da,危局强袭,bangboo,邦布,2.6.1,危局强袭 2.6.1,2026-02-13,2026-02-27,electroboo,Electroboo,电击布,bangboo,A,0.02,0,,,,,,,hf_bangboo,2.6.1/da/chars/bangboo_all.json,https://huggingface.co/datasets/LvlUrArti/ShiyuDataProcessed/resolve/main/2.6.1/da/chars/bangboo_all.json,ok
2.6.2,2026-03-10,da,危局强袭,bangboo,邦布,2.6.2,危局强袭 2.6.2,2026-02-27,2026-03-13,electroboo,Electroboo,电击布,bangboo,A,0.16,25223,,,,,,,hf_bangboo,2.6.2/da/chars/bangboo_all.json,https://huggingface.co/datasets/LvlUrArti/ShiyuDataProcessed/resolve/main/2.6.2/da/chars/bangboo_all.json,ok
2.7.1,2026-03-31,da,危局强袭,bangboo,邦布,2.7.1,危局强袭 2.7.1,2026-03-27,2026-04-10,electroboo,Electroboo,电击布,bangboo,A,0.05,0,,,,,,,hf_bangboo,2.7.1/da/chars/bangboo_all.json,https://huggingface.co/datasets/LvlUrArti/ShiyuDataProcessed/resolve/main/2.7.1/da/chars/bangboo_all.json,ok
2.7.2,2026-04-21,da,危局强袭,bangboo,邦布,2.7.2,危局强袭 2.7.2,2026-04-10,2026-04-24,electroboo,Electroboo,电击布,bangboo,A,0.21,26822,,,,,,,hf_bangboo,2.7.2/da/chars/bangboo_all.json,https://huggingface.co/datasets/LvlUrArti/ShiyuDataProcessed/resolve/main/2.7.2/da/chars/bangboo_all.json,ok
2.8.1,2026-05-11,da,危局强袭,bangboo,邦布,2.8.1,危局强袭 2.8.1,2026-05-08,2026-05-22,electroboo,Electroboo,电击布,bangboo,A,0.22,26727,,,,,,,hf_bangboo,2.8.1/da/chars/bangboo_all.json,https://huggingface.co/datasets/LvlUrArti/ShiyuDataProcessed/resolve/main/2.8.1/da/chars/bangboo_all.json,ok
2.8.2,2026-06-02,da,危局强袭,bangboo,邦布,2.8.2,危局强袭 2.8.2,2026-05-22,2026-06-05,electroboo,Electroboo,电击布,bangboo,A,0.03,0,,,,,,,hf_bangboo,2.8.2/da/chars/bangboo_all.json,https://huggingface.co/datasets/LvlUrArti/ShiyuDataProcessed/resolve/main/2.8.2/da/chars/bangboo_all.json,ok
2.8.3,2026-06-15,da,危局强袭,bangboo,邦布,2.8.3,危局强袭 2.8.3,2026-06-05,2026-06-19,electroboo,Electroboo,电击布,bangboo,A,0.19,25642,,,,,,,hf_bangboo,2.8.3/da/chars/bangboo_all.json,https://huggingface.co/datasets/LvlUrArti/ShiyuDataProcessed/resolve/main/2.8.3/da/chars/bangboo_all.json,ok
3.0.1,2026-06-21,da,危局强袭,bangboo,邦布,3.0.1,危局强袭 3.0.1,2026-06-19,2026-07-03,electroboo,Electroboo,电击布,bangboo,A,0.03,0,,,,,,,hf_bangboo,3.0.1/da/chars/bangboo_all.json,https://huggingface.co/datasets/LvlUrArti/ShiyuDataProcessed/resolve/main/3.0.1/da/chars/bangboo_all.json,ok
2.6.1,2026-02-17,da,危局强袭,bangboo,邦布,2.6.1,危局强袭 2.6.1,2026-02-13,2026-02-27,excaliboo,Excaliboo,圣剑布,bangboo,A,2.34,31164,,,,,,,hf_bangboo,2.6.1/da/chars/bangboo_all.json,https://huggingface.co/datasets/LvlUrArti/ShiyuDataProcessed/resolve/main/2.6.1/da/chars/bangboo_all.json,ok
2.6.2,2026-03-10,da,危局强袭,bangboo,邦布,2.6.2,危局强袭 2.6.2,2026-02-27,2026-03-13,excaliboo,Excaliboo,圣剑布,bangboo,A,2.43,28269,,,,,,,hf_bangboo,2.6.2/da/chars/bangboo_all.json,https://huggingface.co/datasets/LvlUrArti/ShiyuDataProcessed/resolve/main/2.6.2/da/chars/bangboo_all.json,ok
2.7.1,2026-03-31,da,危局强袭,bangboo,邦布,2.7.1,危局强袭 2.7.1,2026-03-27,2026-04-10,excaliboo,Excaliboo,圣剑布,bangboo,A,2.2,30864,,,,,,,hf_bangboo,2.7.1/da/chars/bangboo_all.json,https://huggingface.co/datasets/LvlUrArti/ShiyuDataProcessed/resolve/main/2.7.1/da/chars/bangboo_all.json,ok
2.7.2,2026-04-21,da,危局强袭,bangboo,邦布,2.7.2,危局强袭 2.7.2,2026-04-10,2026-04-24,excaliboo,Excaliboo,圣剑布,bangboo,A,1.35,25376,,,,,,,hf_bangboo,2.7.2/da/chars/bangboo_all.json,https://huggingface.co/datasets/LvlUrArti/ShiyuDataProcessed/resolve/main/2.7.2/da/chars/bangboo_all.json,ok
2.8.1,2026-05-11,da,危局强袭,bangboo,邦布,2.8.1,危局强袭 2.8.1,2026-05-08,2026-05-22,excaliboo,Excaliboo,圣剑布,bangboo,A,2.34,25751,,,,,,,hf_bangboo,2.8.1/da/chars/bangboo_all.json,https://huggingface.co/datasets/LvlUrArti/ShiyuDataProcessed/resolve/main/2.8.1/da/chars/bangboo_all.json,ok
2.8.2,2026-06-02,da,危局强袭,bangboo,邦布,2.8.2,危局强袭 2.8.2,2026-05-22,2026-06-05,excaliboo,Excaliboo,圣剑布,bangboo,A,2.21,25484,,,,,,,hf_bangboo,2.8.2/da/chars/bangboo_all.json,https://huggingface.co/datasets/LvlUrArti/ShiyuDataProcessed/resolve/main/2.8.2/da/chars/bangboo_all.json,ok
2.8.3,2026-06-15,da,危局强袭,bangboo,邦布,2.8.3,危局强袭 2.8.3,2026-06-05,2026-06-19,excaliboo,Excaliboo,圣剑布,bangboo,A,2.61,27988,,,,,,,hf_bangboo,2.8.3/da/chars/bangboo_all.json,https://huggingface.co/datasets/LvlUrArti/ShiyuDataProcessed/resolve/main/2.8.3/da/chars/bangboo_all.json,ok
3.0.1,2026-06-21,da,危局强袭,bangboo,邦布,3.0.1,危局强袭 3.0.1,2026-06-19,2026-07-03,excaliboo,Excaliboo,圣剑布,bangboo,A,2.52,30372,,,,,,,hf_bangboo,3.0.1/da/chars/bangboo_all.json,https://huggingface.co/datasets/LvlUrArti/ShiyuDataProcessed/resolve/main/3.0.1/da/chars/bangboo_all.json,ok
2.6.1,2026-02-17,da,危局强袭,bangboo,邦布,2.6.1,危局强袭 2.6.1,2026-02-13,2026-02-27,exploreboo,Exploreboo,寻宝布,bangboo,A,0.05,0,,,,,,,hf_bangboo,2.6.1/da/chars/bangboo_all.json,https://huggingface.co/datasets/LvlUrArti/ShiyuDataProcessed/resolve/main/2.6.1/da/chars/bangboo_all.json,ok
2.6.2,2026-03-10,da,危局强袭,bangboo,邦布,2.6.2,危局强袭 2.6.2,2026-02-27,2026-03-13,exploreboo,Exploreboo,寻宝布,bangboo,A,0.06,0,,,,,,,hf_bangboo,2.6.2/da/chars/bangboo_all.json,https://huggingface.co/datasets/LvlUrArti/ShiyuDataProcessed/resolve/main/2.6.2/da/chars/bangboo_all.json,ok
2.7.1,2026-03-31,da,危局强袭,bangboo,邦布,2.7.1,危局强袭 2.7.1,2026-03-27,2026-04-10,exploreboo,Exploreboo,寻宝布,bangboo,A,0.08,0,,,,,,,hf_bangboo,2.7.1/da/chars/bangboo_all.json,https://huggingface.co/datasets/LvlUrArti/ShiyuDataProcessed/resolve/main/2.7.1/da/chars/bangboo_all.json,ok
2.7.2,2026-04-21,da,危局强袭,bangboo,邦布,2.7.2,危局强袭 2.7.2,2026-04-10,2026-04-24,exploreboo,Exploreboo,寻宝布,bangboo,A,0.07,0,,,,,,,hf_bangboo,2.7.2/da/chars/bangboo_all.json,https://huggingface.co/datasets/LvlUrArti/ShiyuDataProcessed/resolve/main/2.7.2/da/chars/bangboo_all.json,ok
2.8.1,2026-05-11,da,危局强袭,bangboo,邦布,2.8.1,危局强袭 2.8.1,2026-05-08,2026-05-22,exploreboo,Exploreboo,寻宝布,bangboo,A,0.05,0,,,,,,,hf_bangboo,2.8.1/da/chars/bangboo_all.json,https://huggingface.co/datasets/LvlUrArti/ShiyuDataProcessed/resolve/main/2.8.1/da/chars/bangboo_all.json,ok
2.8.2,2026-06-02,da,危局强袭,bangboo,邦布,2.8.2,危局强袭 2.8.2,2026-05-22,2026-06-05,exploreboo,Exploreboo,寻宝布,bangboo,A,0.05,0,,,,,,,hf_bangboo,2.8.2/da/chars/bangboo_all.json,https://huggingface.co/datasets/LvlUrArti/ShiyuDataProcessed/resolve/main/2.8.2/da/chars/bangboo_all.json,ok
2.8.3,2026-06-15,da,危局强袭,bangboo,邦布,2.8.3,危局强袭 2.8.3,2026-06-05,2026-06-19,exploreboo,Exploreboo,寻宝布,bangboo,A,0.04,0,,,,,,,hf_bangboo,2.8.3/da/chars/bangboo_all.json,https://huggingface.co/datasets/LvlUrArti/ShiyuDataProcessed/resolve/main/2.8.3/da/chars/bangboo_all.json,ok
3.0.1,2026-06-21,da,危局强袭,bangboo,邦布,3.0.1,危局强袭 3.0.1,2026-06-19,2026-07-03,exploreboo,Exploreboo,寻宝布,bangboo,A,0.06,0,,,,,,,hf_bangboo,3.0.1/da/chars/bangboo_all.json,https://huggingface.co/datasets/LvlUrArti/ShiyuDataProcessed/resolve/main/3.0.1/da/chars/bangboo_all.json,ok
2.6.1,2026-02-17,da,危局强袭,bangboo,邦布,2.6.1,危局强袭 2.6.1,2026-02-13,2026-02-27,knightboo,Knightboo,骑士布,bangboo,A,0.91,25540,,,,,,,hf_bangboo,2.6.1/da/chars/bangboo_all.json,https://huggingface.co/datasets/LvlUrArti/ShiyuDataProcessed/resolve/main/2.6.1/da/chars/bangboo_all.json,ok
2.6.2,2026-03-10,da,危局强袭,bangboo,邦布,2.6.2,危局强袭 2.6.2,2026-02-27,2026-03-13,knightboo,Knightboo,骑士布,bangboo,A,0.88,25023,,,,,,,hf_bangboo,2.6.2/da/chars/bangboo_all.json,https://huggingface.co/datasets/LvlUrArti/ShiyuDataProcessed/resolve/main/2.6.2/da/chars/bangboo_all.json,ok
2.7.1,2026-03-31,da,危局强袭,bangboo,邦布,2.7.1,危局强袭 2.7.1,2026-03-27,2026-04-10,knightboo,Knightboo,骑士布,bangboo,A,1.05,26457,,,,,,,hf_bangboo,2.7.1/da/chars/bangboo_all.json,https://huggingface.co/datasets/LvlUrArti/ShiyuDataProcessed/resolve/main/2.7.1/da/chars/bangboo_all.json,ok
2.7.2,2026-04-21,da,危局强袭,bangboo,邦布,2.7.2,危局强袭 2.7.2,2026-04-10,2026-04-24,knightboo,Knightboo,骑士布,bangboo,A,0.83,24489,,,,,,,hf_bangboo,2.7.2/da/chars/bangboo_all.json,https://huggingface.co/datasets/LvlUrArti/ShiyuDataProcessed/resolve/main/2.7.2/da/chars/bangboo_all.json,ok
2.8.1,2026-05-11,da,危局强袭,bangboo,邦布,2.8.1,危局强袭 2.8.1,2026-05-08,2026-05-22,knightboo,Knightboo,骑士布,bangboo,A,1.41,26120,,,,,,,hf_bangboo,2.8.1/da/chars/bangboo_all.json,https://huggingface.co/datasets/LvlUrArti/ShiyuDataProcessed/resolve/main/2.8.1/da/chars/bangboo_all.json,ok
2.8.2,2026-06-02,da,危局强袭,bangboo,邦布,2.8.2,危局强袭 2.8.2,2026-05-22,2026-06-05,knightboo,Knightboo,骑士布,bangboo,A,1.18,23314,,,,,,,hf_bangboo,2.8.2/da/chars/bangboo_all.json,https://huggingface.co/datasets/LvlUrArti/ShiyuDataProcessed/resolve/main/2.8.2/da/chars/bangboo_all.json,ok
2.8.3,2026-06-15,da,危局强袭,bangboo,邦布,2.8.3,危局强袭 2.8.3,2026-06-05,2026-06-19,knightboo,Knightboo,骑士布,bangboo,A,1.1,26882,,,,,,,hf_bangboo,2.8.3/da/chars/bangboo_all.json,https://huggingface.co/datasets/LvlUrArti/ShiyuDataProcessed/resolve/main/2.8.3/da/chars/bangboo_all.json,ok
3.0.1,2026-06-21,da,危局强袭,bangboo,邦布,3.0.1,危局强袭 3.0.1,2026-06-19,2026-07-03,knightboo,Knightboo,骑士布,bangboo,A,1.39,27516,,,,,,,hf_bangboo,3.0.1/da/chars/bangboo_all.json,https://huggingface.co/datasets/LvlUrArti/ShiyuDataProcessed/resolve/main/3.0.1/da/chars/bangboo_all.json,ok
2.6.1,2026-02-17,da,危局强袭,bangboo,邦布,2.6.1,危局强袭 2.6.1,2026-02-13,2026-02-27,luckyboo,Luckyboo,招财布,bangboo,A,0.99,29663,,,,,,,hf_bangboo,2.6.1/da/chars/bangboo_all.json,https://huggingface.co/datasets/LvlUrArti/ShiyuDataProcessed/resolve/main/2.6.1/da/chars/bangboo_all.json,ok
2.6.2,2026-03-10,da,危局强袭,bangboo,邦布,2.6.2,危局强袭 2.6.2,2026-02-27,2026-03-13,luckyboo,Luckyboo,招财布,bangboo,A,1.13,31083,,,,,,,hf_bangboo,2.6.2/da/chars/bangboo_all.json,https://huggingface.co/datasets/LvlUrArti/ShiyuDataProcessed/resolve/main/2.6.2/da/chars/bangboo_all.json,ok
2.7.1,2026-03-31,da,危局强袭,bangboo,邦布,2.7.1,危局强袭 2.7.1,2026-03-27,2026-04-10,luckyboo,Luckyboo,招财布,bangboo,A,0.83,27857,,,,,,,hf_bangboo,2.7.1/da/chars/bangboo_all.json,https://huggingface.co/datasets/LvlUrArti/ShiyuDataProcessed/resolve/main/2.7.1/da/chars/bangboo_all.json,ok
2.7.2,2026-04-21,da,危局强袭,bangboo,邦布,2.7.2,危局强袭 2.7.2,2026-04-10,2026-04-24,luckyboo,Luckyboo,招财布,bangboo,A,1.01,30306,,,,,,,hf_bangboo,2.7.2/da/chars/bangboo_all.json,https://huggingface.co/datasets/LvlUrArti/ShiyuDataProcessed/resolve/main/2.7.2/da/chars/bangboo_all.json,ok
2.8.1,2026-05-11,da,危局强袭,bangboo,邦布,2.8.1,危局强袭 2.8.1,2026-05-08,2026-05-22,luckyboo,Luckyboo,招财布,bangboo,A,0.47,29376,,,,,,,hf_bangboo,2.8.1/da/chars/bangboo_all.json,https://huggingface.co/datasets/LvlUrArti/ShiyuDataProcessed/resolve/main/2.8.1/da/chars/bangboo_all.json,ok
2.8.2,2026-06-02,da,危局强袭,bangboo,邦布,2.8.2,危局强袭 2.8.2,2026-05-22,2026-06-05,luckyboo,Luckyboo,招财布,bangboo,A,0.97,25642,,,,,,,hf_bangboo,2.8.2/da/chars/bangboo_all.json,https://huggingface.co/datasets/LvlUrArti/ShiyuDataProcessed/resolve/main/2.8.2/da/chars/bangboo_all.json,ok
2.8.3,2026-06-15,da,危局强袭,bangboo,邦布,2.8.3,危局强袭 2.8.3,2026-06-05,2026-06-19,luckyboo,Luckyboo,招财布,bangboo,A,1.42,29957,,,,,,,hf_bangboo,2.8.3/da/chars/bangboo_all.json,https://huggingface.co/datasets/LvlUrArti/ShiyuDataProcessed/resolve/main/2.8.3/da/chars/bangboo_all.json,ok
3.0.1,2026-06-21,da,危局强袭,bangboo,邦布,3.0.1,危局强袭 3.0.1,2026-06-19,2026-07-03,luckyboo,Luckyboo,招财布,bangboo,A,1.54,30397,,,,,,,hf_bangboo,3.0.1/da/chars/bangboo_all.json,https://huggingface.co/datasets/LvlUrArti/ShiyuDataProcessed/resolve/main/3.0.1/da/chars/bangboo_all.json,ok
2.6.1,2026-02-17,da,危局强袭,bangboo,邦布,2.6.1,危局强袭 2.6.1,2026-02-13,2026-02-27,magnetiboo,Magnetiboo,磁力布,bangboo,A,0.1,0,,,,,,,hf_bangboo,2.6.1/da/chars/bangboo_all.json,https://huggingface.co/datasets/LvlUrArti/ShiyuDataProcessed/resolve/main/2.6.1/da/chars/bangboo_all.json,ok
2.6.2,2026-03-10,da,危局强袭,bangboo,邦布,2.6.2,危局强袭 2.6.2,2026-02-27,2026-03-13,magnetiboo,Magnetiboo,磁力布,bangboo,A,0.06,0,,,,,,,hf_bangboo,2.6.2/da/chars/bangboo_all.json,https://huggingface.co/datasets/LvlUrArti/ShiyuDataProcessed/resolve/main/2.6.2/da/chars/bangboo_all.json,ok
2.7.1,2026-03-31,da,危局强袭,bangboo,邦布,2.7.1,危局强袭 2.7.1,2026-03-27,2026-04-10,magnetiboo,Magnetiboo,磁力布,bangboo,A,0.1,0,,,,,,,hf_bangboo,2.7.1/da/chars/bangboo_all.json,https://huggingface.co/datasets/LvlUrArti/ShiyuDataProcessed/resolve/main/2.7.1/da/chars/bangboo_all.json,ok
2.7.2,2026-04-21,da,危局强袭,bangboo,邦布,2.7.2,危局强袭 2.7.2,2026-04-10,2026-04-24,magnetiboo,Magnetiboo,磁力布,bangboo,A,0.06,0,,,,,,,hf_bangboo,2.7.2/da/chars/bangboo_all.json,https://huggingface.co/datasets/LvlUrArti/ShiyuDataProcessed/resolve/main/2.7.2/da/chars/bangboo_all.json,ok
2.8.1,2026-05-11,da,危局强袭,bangboo,邦布,2.8.1,危局强袭 2.8.1,2026-05-08,2026-05-22,magnetiboo,Magnetiboo,磁力布,bangboo,A,0.17,23161,,,,,,,hf_bangboo,2.8.1/da/chars/bangboo_all.json,https://huggingface.co/datasets/LvlUrArti/ShiyuDataProcessed/resolve/main/2.8.1/da/chars/bangboo_all.json,ok
2.8.2,2026-06-02,da,危局强袭,bangboo,邦布,2.8.2,危局强袭 2.8.2,2026-05-22,2026-06-05,magnetiboo,Magnetiboo,磁力布,bangboo,A,0.13,21944,,,,,,,hf_bangboo,2.8.2/da/chars/bangboo_all.json,https://huggingface.co/datasets/LvlUrArti/ShiyuDataProcessed/resolve/main/2.8.2/da/chars/bangboo_all.json,ok
2.8.3,2026-06-15,da,危局强袭,bangboo,邦布,2.8.3,危局强袭 2.8.3,2026-06-05,2026-06-19,magnetiboo,Magnetiboo,磁力布,bangboo,A,0.09,0,,,,,,,hf_bangboo,2.8.3/da/chars/bangboo_all.json,https://huggingface.co/datasets/LvlUrArti/ShiyuDataProcessed/resolve/main/2.8.3/da/chars/bangboo_all.json,ok
3.0.1,2026-06-21,da,危局强袭,bangboo,邦布,3.0.1,危局强袭 3.0.1,2026-06-19,2026-07-03,magnetiboo,Magnetiboo,磁力布,bangboo,A,0.41,27741,,,,,,,hf_bangboo,3.0.1/da/chars/bangboo_all.json,https://huggingface.co/datasets/LvlUrArti/ShiyuDataProcessed/resolve/main/3.0.1/da/chars/bangboo_all.json,ok
2.6.1,2026-02-17,da,危局强袭,bangboo,邦布,2.6.1,危局强袭 2.6.1,2026-02-13,2026-02-27,mercury,Mercury,「墨丘利」,bangboo,S,3.57,24194,,,,,,,hf_bangboo,2.6.1/da/chars/bangboo_all.json,https://huggingface.co/datasets/LvlUrArti/ShiyuDataProcessed/resolve/main/2.6.1/da/chars/bangboo_all.json,ok
2.6.2,2026-03-10,da,危局强袭,bangboo,邦布,2.6.2,危局强袭 2.6.2,2026-02-27,2026-03-13,mercury,Mercury,「墨丘利」,bangboo,S,17.44,24358,,,,,,,hf_bangboo,2.6.2/da/chars/bangboo_all.json,https://huggingface.co/datasets/LvlUrArti/ShiyuDataProcessed/resolve/main/2.6.2/da/chars/bangboo_all.json,ok
2.7.1,2026-03-31,da,危局强袭,bangboo,邦布,2.7.1,危局强袭 2.7.1,2026-03-27,2026-04-10,mercury,Mercury,「墨丘利」,bangboo,S,2.44,24206,,,,,,,hf_bangboo,2.7.1/da/chars/bangboo_all.json,https://huggingface.co/datasets/LvlUrArti/ShiyuDataProcessed/resolve/main/2.7.1/da/chars/bangboo_all.json,ok
2.7.2,2026-04-21,da,危局强袭,bangboo,邦布,2.7.2,危局强袭 2.7.2,2026-04-10,2026-04-24,mercury,Mercury,「墨丘利」,bangboo,S,21.39,27845,,,,,,,hf_bangboo,2.7.2/da/chars/bangboo_all.json,https://huggingface.co/datasets/LvlUrArti/ShiyuDataProcessed/resolve/main/2.7.2/da/chars/bangboo_all.json,ok
2.8.1,2026-05-11,da,危局强袭,bangboo,邦布,2.8.1,危局强袭 2.8.1,2026-05-08,2026-05-22,mercury,Mercury,「墨丘利」,bangboo,S,13.07,27379,,,,,,,hf_bangboo,2.8.1/da/chars/bangboo_all.json,https://huggingface.co/datasets/LvlUrArti/ShiyuDataProcessed/resolve/main/2.8.1/da/chars/bangboo_all.json,ok
2.8.2,2026-06-02,da,危局强袭,bangboo,邦布,2.8.2,危局强袭 2.8.2,2026-05-22,2026-06-05,mercury,Mercury,「墨丘利」,bangboo,S,1.82,17030,,,,,,,hf_bangboo,2.8.2/da/chars/bangboo_all.json,https://huggingface.co/datasets/LvlUrArti/ShiyuDataProcessed/resolve/main/2.8.2/da/chars/bangboo_all.json,ok
2.8.3,2026-06-15,da,危局强袭,bangboo,邦布,2.8.3,危局强袭 2.8.3,2026-06-05,2026-06-19,mercury,Mercury,「墨丘利」,bangboo,S,16.76,25359,,,,,,,hf_bangboo,2.8.3/da/chars/bangboo_all.json,https://huggingface.co/datasets/LvlUrArti/ShiyuDataProcessed/resolve/main/2.8.3/da/chars/bangboo_all.json,ok
3.0.1,2026-06-21,da,危局强袭,bangboo,邦布,3.0.1,危局强袭 3.0.1,2026-06-19,2026-07-03,mercury,Mercury,「墨丘利」,bangboo,S,1.91,23466,,,,,,,hf_bangboo,3.0.1/da/chars/bangboo_all.json,https://huggingface.co/datasets/LvlUrArti/ShiyuDataProcessed/resolve/main/3.0.1/da/chars/bangboo_all.json,ok
2.6.1,2026-02-17,da,危局强袭,bangboo,邦布,2.6.1,危局强袭 2.6.1,2026-02-13,2026-02-27,miss-esme,Miss Esme,艾丝弥小姐,bangboo,S,15.3,28341,,,,,,,hf_bangboo,2.6.1/da/chars/bangboo_all.json,https://huggingface.co/datasets/LvlUrArti/ShiyuDataProcessed/resolve/main/2.6.1/da/chars/bangboo_all.json,ok
2.6.2,2026-03-10,da,危局强袭,bangboo,邦布,2.6.2,危局强袭 2.6.2,2026-02-27,2026-03-13,miss-esme,Miss Esme,艾丝弥小姐,bangboo,S,15.83,25704,,,,,,,hf_bangboo,2.6.2/da/chars/bangboo_all.json,https://huggingface.co/datasets/LvlUrArti/ShiyuDataProcessed/resolve/main/2.6.2/da/chars/bangboo_all.json,ok
2.7.1,2026-03-31,da,危局强袭,bangboo,邦布,2.7.1,危局强袭 2.7.1,2026-03-27,2026-04-10,miss-esme,Miss Esme,艾丝弥小姐,bangboo,S,13.72,26180,,,,,,,hf_bangboo,2.7.1/da/chars/bangboo_all.json,https://huggingface.co/datasets/LvlUrArti/ShiyuDataProcessed/resolve/main/2.7.1/da/chars/bangboo_all.json,ok
2.7.2,2026-04-21,da,危局强袭,bangboo,邦布,2.7.2,危局强袭 2.7.2,2026-04-10,2026-04-24,miss-esme,Miss Esme,艾丝弥小姐,bangboo,S,10.75,24385,,,,,,,hf_bangboo,2.7.2/da/chars/bangboo_all.json,https://huggingface.co/datasets/LvlUrArti/ShiyuDataProcessed/resolve/main/2.7.2/da/chars/bangboo_all.json,ok
2.8.1,2026-05-11,da,危局强袭,bangboo,邦布,2.8.1,危局强袭 2.8.1,2026-05-08,2026-05-22,miss-esme,Miss Esme,艾丝弥小姐,bangboo,S,15.87,26396,,,,,,,hf_bangboo,2.8.1/da/chars/bangboo_all.json,https://huggingface.co/datasets/LvlUrArti/ShiyuDataProcessed/resolve/main/2.8.1/da/chars/bangboo_all.json,ok
2.8.2,2026-06-02,da,危局强袭,bangboo,邦布,2.8.2,危局强袭 2.8.2,2026-05-22,2026-06-05,miss-esme,Miss Esme,艾丝弥小姐,bangboo,S,16.39,24351,,,,,,,hf_bangboo,2.8.2/da/chars/bangboo_all.json,https://huggingface.co/datasets/LvlUrArti/ShiyuDataProcessed/resolve/main/2.8.2/da/chars/bangboo_all.json,ok
2.8.3,2026-06-15,da,危局强袭,bangboo,邦布,2.8.3,危局强袭 2.8.3,2026-06-05,2026-06-19,miss-esme,Miss Esme,艾丝弥小姐,bangboo,S,18.38,28337,,,,,,,hf_bangboo,2.8.3/da/chars/bangboo_all.json,https://huggingface.co/datasets/LvlUrArti/ShiyuDataProcessed/resolve/main/2.8.3/da/chars/bangboo_all.json,ok
3.0.1,2026-06-21,da,危局强袭,bangboo,邦布,3.0.1,危局强袭 3.0.1,2026-06-19,2026-07-03,miss-esme,Miss Esme,艾丝弥小姐,bangboo,S,17.33,28782,,,,,,,hf_bangboo,3.0.1/da/chars/bangboo_all.json,https://huggingface.co/datasets/LvlUrArti/ShiyuDataProcessed/resolve/main/3.0.1/da/chars/bangboo_all.json,ok
2.6.1,2026-02-17,da,危局强袭,bangboo,邦布,2.6.1,危局强袭 2.6.1,2026-02-13,2026-02-27,officer-cui,Officer Cui,阿崔巡查,bangboo,S,0.14,25666,,,,,,,hf_bangboo,2.6.1/da/chars/bangboo_all.json,https://huggingface.co/datasets/LvlUrArti/ShiyuDataProcessed/resolve/main/2.6.1/da/chars/bangboo_all.json,ok
2.6.2,2026-03-10,da,危局强袭,bangboo,邦布,2.6.2,危局强袭 2.6.2,2026-02-27,2026-03-13,officer-cui,Officer Cui,阿崔巡查,bangboo,S,0.11,0,,,,,,,hf_bangboo,2.6.2/da/chars/bangboo_all.json,https://huggingface.co/datasets/LvlUrArti/ShiyuDataProcessed/resolve/main/2.6.2/da/chars/bangboo_all.json,ok
2.7.1,2026-03-31,da,危局强袭,bangboo,邦布,2.7.1,危局强袭 2.7.1,2026-03-27,2026-04-10,officer-cui,Officer Cui,阿崔巡查,bangboo,S,0.15,0,,,,,,,hf_bangboo,2.7.1/da/chars/bangboo_all.json,https://huggingface.co/datasets/LvlUrArti/ShiyuDataProcessed/resolve/main/2.7.1/da/chars/bangboo_all.json,ok
2.7.2,2026-04-21,da,危局强袭,bangboo,邦布,2.7.2,危局强袭 2.7.2,2026-04-10,2026-04-24,officer-cui,Officer Cui,阿崔巡查,bangboo,S,0.19,28400,,,,,,,hf_bangboo,2.7.2/da/chars/bangboo_all.json,https://huggingface.co/datasets/LvlUrArti/ShiyuDataProcessed/resolve/main/2.7.2/da/chars/bangboo_all.json,ok
2.8.1,2026-05-11,da,危局强袭,bangboo,邦布,2.8.1,危局强袭 2.8.1,2026-05-08,2026-05-22,officer-cui,Officer Cui,阿崔巡查,bangboo,S,0.14,0,,,,,,,hf_bangboo,2.8.1/da/chars/bangboo_all.json,https://huggingface.co/datasets/LvlUrArti/ShiyuDataProcessed/resolve/main/2.8.1/da/chars/bangboo_all.json,ok
2.8.2,2026-06-02,da,危局强袭,bangboo,邦布,2.8.2,危局强袭 2.8.2,2026-05-22,2026-06-05,officer-cui,Officer Cui,阿崔巡查,bangboo,S,0.22,17369,,,,,,,hf_bangboo,2.8.2/da/chars/bangboo_all.json,https://huggingface.co/datasets/LvlUrArti/ShiyuDataProcessed/resolve/main/2.8.2/da/chars/bangboo_all.json,ok
2.8.3,2026-06-15,da,危局强袭,bangboo,邦布,2.8.3,危局强袭 2.8.3,2026-06-05,2026-06-19,officer-cui,Officer Cui,阿崔巡查,bangboo,S,0.34,23126,,,,,,,hf_bangboo,2.8.3/da/chars/bangboo_all.json,https://huggingface.co/datasets/LvlUrArti/ShiyuDataProcessed/resolve/main/2.8.3/da/chars/bangboo_all.json,ok
3.0.1,2026-06-21,da,危局强袭,bangboo,邦布,3.0.1,危局强袭 3.0.1,2026-06-19,2026-07-03,officer-cui,Officer Cui,阿崔巡查,bangboo,S,0.38,28308,,,,,,,hf_bangboo,3.0.1/da/chars/bangboo_all.json,https://huggingface.co/datasets/LvlUrArti/ShiyuDataProcessed/resolve/main/3.0.1/da/chars/bangboo_all.json,ok
2.6.1,2026-02-17,da,危局强袭,bangboo,邦布,2.6.1,危局强袭 2.6.1,2026-02-13,2026-02-27,overtimeboo,Overtimeboo,加班布,bangboo,A,0.55,25744,,,,,,,hf_bangboo,2.6.1/da/chars/bangboo_all.json,https://huggingface.co/datasets/LvlUrArti/ShiyuDataProcessed/resolve/main/2.6.1/da/chars/bangboo_all.json,ok
2.6.2,2026-03-10,da,危局强袭,bangboo,邦布,2.6.2,危局强袭 2.6.2,2026-02-27,2026-03-13,overtimeboo,Overtimeboo,加班布,bangboo,A,0.48,25360,,,,,,,hf_bangboo,2.6.2/da/chars/bangboo_all.json,https://huggingface.co/datasets/LvlUrArti/ShiyuDataProcessed/resolve/main/2.6.2/da/chars/bangboo_all.json,ok
2.7.1,2026-03-31,da,危局强袭,bangboo,邦布,2.7.1,危局强袭 2.7.1,2026-03-27,2026-04-10,overtimeboo,Overtimeboo,加班布,bangboo,A,0.69,25080,,,,,,,hf_bangboo,2.7.1/da/chars/bangboo_all.json,https://huggingface.co/datasets/LvlUrArti/ShiyuDataProcessed/resolve/main/2.7.1/da/chars/bangboo_all.json,ok
2.7.2,2026-04-21,da,危局强袭,bangboo,邦布,2.7.2,危局强袭 2.7.2,2026-04-10,2026-04-24,overtimeboo,Overtimeboo,加班布,bangboo,A,0.45,24727,,,,,,,hf_bangboo,2.7.2/da/chars/bangboo_all.json,https://huggingface.co/datasets/LvlUrArti/ShiyuDataProcessed/resolve/main/2.7.2/da/chars/bangboo_all.json,ok
2.8.1,2026-05-11,da,危局强袭,bangboo,邦布,2.8.1,危局强袭 2.8.1,2026-05-08,2026-05-22,overtimeboo,Overtimeboo,加班布,bangboo,A,0.78,26923,,,,,,,hf_bangboo,2.8.1/da/chars/bangboo_all.json,https://huggingface.co/datasets/LvlUrArti/ShiyuDataProcessed/resolve/main/2.8.1/da/chars/bangboo_all.json,ok
2.8.2,2026-06-02,da,危局强袭,bangboo,邦布,2.8.2,危局强袭 2.8.2,2026-05-22,2026-06-05,overtimeboo,Overtimeboo,加班布,bangboo,A,0.63,19695,,,,,,,hf_bangboo,2.8.2/da/chars/bangboo_all.json,https://huggingface.co/datasets/LvlUrArti/ShiyuDataProcessed/resolve/main/2.8.2/da/chars/bangboo_all.json,ok
2.8.3,2026-06-15,da,危局强袭,bangboo,邦布,2.8.3,危局强袭 2.8.3,2026-06-05,2026-06-19,overtimeboo,Overtimeboo,加班布,bangboo,A,0.53,28313,,,,,,,hf_bangboo,2.8.3/da/chars/bangboo_all.json,https://huggingface.co/datasets/LvlUrArti/ShiyuDataProcessed/resolve/main/2.8.3/da/chars/bangboo_all.json,ok
3.0.1,2026-06-21,da,危局强袭,bangboo,邦布,3.0.1,危局强袭 3.0.1,2026-06-19,2026-07-03,overtimeboo,Overtimeboo,加班布,bangboo,A,0.68,26132,,,,,,,hf_bangboo,3.0.1/da/chars/bangboo_all.json,https://huggingface.co/datasets/LvlUrArti/ShiyuDataProcessed/resolve/main/3.0.1/da/chars/bangboo_all.json,ok
2.6.1,2026-02-17,da,危局强袭,bangboo,邦布,2.6.1,危局强袭 2.6.1,2026-02-13,2026-02-27,paperboo,Paperboo,纸壳布,bangboo,A,0.01,0,,,,,,,hf_bangboo,2.6.1/da/chars/bangboo_all.json,https://huggingface.co/datasets/LvlUrArti/ShiyuDataProcessed/resolve/main/2.6.1/da/chars/bangboo_all.json,ok
2.6.2,2026-03-10,da,危局强袭,bangboo,邦布,2.6.2,危局强袭 2.6.2,2026-02-27,2026-03-13,paperboo,Paperboo,纸壳布,bangboo,A,0.01,0,,,,,,,hf_bangboo,2.6.2/da/chars/bangboo_all.json,https://huggingface.co/datasets/LvlUrArti/ShiyuDataProcessed/resolve/main/2.6.2/da/chars/bangboo_all.json,ok
2.7.1,2026-03-31,da,危局强袭,bangboo,邦布,2.7.1,危局强袭 2.7.1,2026-03-27,2026-04-10,paperboo,Paperboo,纸壳布,bangboo,A,0.0,0,,,,,,,hf_bangboo,2.7.1/da/chars/bangboo_all.json,https://huggingface.co/datasets/LvlUrArti/ShiyuDataProcessed/resolve/main/2.7.1/da/chars/bangboo_all.json,ok
2.7.2,2026-04-21,da,危局强袭,bangboo,邦布,2.7.2,危局强袭 2.7.2,2026-04-10,2026-04-24,paperboo,Paperboo,纸壳布,bangboo,A,0.0,0,,,,,,,hf_bangboo,2.7.2/da/chars/bangboo_all.json,https://huggingface.co/datasets/LvlUrArti/ShiyuDataProcessed/resolve/main/2.7.2/da/chars/bangboo_all.json,ok
2.8.1,2026-05-11,da,危局强袭,bangboo,邦布,2.8.1,危局强袭 2.8.1,2026-05-08,2026-05-22,paperboo,Paperboo,纸壳布,bangboo,A,0.01,0,,,,,,,hf_bangboo,2.8.1/da/chars/bangboo_all.json,https://huggingface.co/datasets/LvlUrArti/ShiyuDataProcessed/resolve/main/2.8.1/da/chars/bangboo_all.json,ok
2.8.2,2026-06-02,da,危局强袭,bangboo,邦布,2.8.2,危局强袭 2.8.2,2026-05-22,2026-06-05,paperboo,Paperboo,纸壳布,bangboo,A,0.01,0,,,,,,,hf_bangboo,2.8.2/da/chars/bangboo_all.json,https://huggingface.co/datasets/LvlUrArti/ShiyuDataProcessed/resolve/main/2.8.2/da/chars/bangboo_all.json,ok
2.8.3,2026-06-15,da,危局强袭,bangboo,邦布,2.8.3,危局强袭 2.8.3,2026-06-05,2026-06-19,paperboo,Paperboo,纸壳布,bangboo,A,0.0,0,,,,,,,hf_bangboo,2.8.3/da/chars/bangboo_all.json,https://huggingface.co/datasets/LvlUrArti/ShiyuDataProcessed/resolve/main/2.8.3/da/chars/bangboo_all.json,ok
3.0.1,2026-06-21,da,危局强袭,bangboo,邦布,3.0.1,危局强袭 3.0.1,2026-06-19,2026-07-03,paperboo,Paperboo,纸壳布,bangboo,A,0.0,0,,,,,,,hf_bangboo,3.0.1/da/chars/bangboo_all.json,https://huggingface.co/datasets/LvlUrArti/ShiyuDataProcessed/resolve/main/3.0.1/da/chars/bangboo_all.json,ok
2.6.1,2026-02-17,da,危局强袭,bangboo,邦布,2.6.1,危局强袭 2.6.1,2026-02-13,2026-02-27,penguinboo,Penguinboo,企鹅布,bangboo,A,6.7,33965,,,,,,,hf_bangboo,2.6.1/da/chars/bangboo_all.json,https://huggingface.co/datasets/LvlUrArti/ShiyuDataProcessed/resolve/main/2.6.1/da/chars/bangboo_all.json,ok
2.6.2,2026-03-10,da,危局强袭,bangboo,邦布,2.6.2,危局强袭 2.6.2,2026-02-27,2026-03-13,penguinboo,Penguinboo,企鹅布,bangboo,A,1.23,29213,,,,,,,hf_bangboo,2.6.2/da/chars/bangboo_all.json,https://huggingface.co/datasets/LvlUrArti/ShiyuDataProcessed/resolve/main/2.6.2/da/chars/bangboo_all.json,ok
2.7.1,2026-03-31,da,危局强袭,bangboo,邦布,2.7.1,危局强袭 2.7.1,2026-03-27,2026-04-10,penguinboo,Penguinboo,企鹅布,bangboo,A,5.18,32080,,,,,,,hf_bangboo,2.7.1/da/chars/bangboo_all.json,https://huggingface.co/datasets/LvlUrArti/ShiyuDataProcessed/resolve/main/2.7.1/da/chars/bangboo_all.json,ok
2.7.2,2026-04-21,da,危局强袭,bangboo,邦布,2.7.2,危局强袭 2.7.2,2026-04-10,2026-04-24,penguinboo,Penguinboo,企鹅布,bangboo,A,1.26,24702,,,,,,,hf_bangboo,2.7.2/da/chars/bangboo_all.json,https://huggingface.co/datasets/LvlUrArti/ShiyuDataProcessed/resolve/main/2.7.2/da/chars/bangboo_all.json,ok
2.8.1,2026-05-11,da,危局强袭,bangboo,邦布,2.8.1,危局强袭 2.8.1,2026-05-08,2026-05-22,penguinboo,Penguinboo,企鹅布,bangboo,A,3.34,29437,,,,,,,hf_bangboo,2.8.1/da/chars/bangboo_all.json,https://huggingface.co/datasets/LvlUrArti/ShiyuDataProcessed/resolve/main/2.8.1/da/chars/bangboo_all.json,ok
2.8.2,2026-06-02,da,危局强袭,bangboo,邦布,2.8.2,危局强袭 2.8.2,2026-05-22,2026-06-05,penguinboo,Penguinboo,企鹅布,bangboo,A,4.89,27123,,,,,,,hf_bangboo,2.8.2/da/chars/bangboo_all.json,https://huggingface.co/datasets/LvlUrArti/ShiyuDataProcessed/resolve/main/2.8.2/da/chars/bangboo_all.json,ok
2.8.3,2026-06-15,da,危局强袭,bangboo,邦布,2.8.3,危局强袭 2.8.3,2026-06-05,2026-06-19,penguinboo,Penguinboo,企鹅布,bangboo,A,1.86,31050,,,,,,,hf_bangboo,2.8.3/da/chars/bangboo_all.json,https://huggingface.co/datasets/LvlUrArti/ShiyuDataProcessed/resolve/main/2.8.3/da/chars/bangboo_all.json,ok
3.0.1,2026-06-21,da,危局强袭,bangboo,邦布,3.0.1,危局强袭 3.0.1,2026-06-19,2026-07-03,penguinboo,Penguinboo,企鹅布,bangboo,A,2.76,30231,,,,,,,hf_bangboo,3.0.1/da/chars/bangboo_all.json,https://huggingface.co/datasets/LvlUrArti/ShiyuDataProcessed/resolve/main/3.0.1/da/chars/bangboo_all.json,ok
2.6.1,2026-02-17,da,危局强袭,bangboo,邦布,2.6.1,危局强袭 2.6.1,2026-02-13,2026-02-27,plugboo,Plugboo,插头布,bangboo,S,1.6,23659,,,,,,,hf_bangboo,2.6.1/da/chars/bangboo_all.json,https://huggingface.co/datasets/LvlUrArti/ShiyuDataProcessed/resolve/main/2.6.1/da/chars/bangboo_all.json,ok
2.6.2,2026-03-10,da,危局强袭,bangboo,邦布,2.6.2,危局强袭 2.6.2,2026-02-27,2026-03-13,plugboo,Plugboo,插头布,bangboo,S,8.94,23376,,,,,,,hf_bangboo,2.6.2/da/chars/bangboo_all.json,https://huggingface.co/datasets/LvlUrArti/ShiyuDataProcessed/resolve/main/2.6.2/da/chars/bangboo_all.json,ok
2.7.1,2026-03-31,da,危局强袭,bangboo,邦布,2.7.1,危局强袭 2.7.1,2026-03-27,2026-04-10,plugboo,Plugboo,插头布,bangboo,S,2.38,22789,,,,,,,hf_bangboo,2.7.1/da/chars/bangboo_all.json,https://huggingface.co/datasets/LvlUrArti/ShiyuDataProcessed/resolve/main/2.7.1/da/chars/bangboo_all.json,ok
2.7.2,2026-04-21,da,危局强袭,bangboo,邦布,2.7.2,危局强袭 2.7.2,2026-04-10,2026-04-24,plugboo,Plugboo,插头布,bangboo,S,12.01,25625,,,,,,,hf_bangboo,2.7.2/da/chars/bangboo_all.json,https://huggingface.co/datasets/LvlUrArti/ShiyuDataProcessed/resolve/main/2.7.2/da/chars/bangboo_all.json,ok
2.8.1,2026-05-11,da,危局强袭,bangboo,邦布,2.8.1,危局强袭 2.8.1,2026-05-08,2026-05-22,plugboo,Plugboo,插头布,bangboo,S,10.55,26665,,,,,,,hf_bangboo,2.8.1/da/chars/bangboo_all.json,https://huggingface.co/datasets/LvlUrArti/ShiyuDataProcessed/resolve/main/2.8.1/da/chars/bangboo_all.json,ok
2.8.2,2026-06-02,da,危局强袭,bangboo,邦布,2.8.2,危局强袭 2.8.2,2026-05-22,2026-06-05,plugboo,Plugboo,插头布,bangboo,S,2.24,17407,,,,,,,hf_bangboo,2.8.2/da/chars/bangboo_all.json,https://huggingface.co/datasets/LvlUrArti/ShiyuDataProcessed/resolve/main/2.8.2/da/chars/bangboo_all.json,ok
2.8.3,2026-06-15,da,危局强袭,bangboo,邦布,2.8.3,危局强袭 2.8.3,2026-06-05,2026-06-19,plugboo,Plugboo,插头布,bangboo,S,11.33,25866,,,,,,,hf_bangboo,2.8.3/da/chars/bangboo_all.json,https://huggingface.co/datasets/LvlUrArti/ShiyuDataProcessed/resolve/main/2.8.3/da/chars/bangboo_all.json,ok
3.0.1,2026-06-21,da,危局强袭,bangboo,邦布,3.0.1,危局强袭 3.0.1,2026-06-19,2026-07-03,plugboo,Plugboo,插头布,bangboo,S,1.42,26064,,,,,,,hf_bangboo,3.0.1/da/chars/bangboo_all.json,https://huggingface.co/datasets/LvlUrArti/ShiyuDataProcessed/resolve/main/3.0.1/da/chars/bangboo_all.json,ok
2.6.1,2026-02-17,da,危局强袭,bangboo,邦布,2.6.1,危局强袭 2.6.1,2026-02-13,2026-02-27,red-moccus,Red Moccus,赤红莫库斯,bangboo,S,0.64,24875,,,,,,,hf_bangboo,2.6.1/da/chars/bangboo_all.json,https://huggingface.co/datasets/LvlUrArti/ShiyuDataProcessed/resolve/main/2.6.1/da/chars/bangboo_all.json,ok
2.6.2,2026-03-10,da,危局强袭,bangboo,邦布,2.6.2,危局强袭 2.6.2,2026-02-27,2026-03-13,red-moccus,Red Moccus,赤红莫库斯,bangboo,S,0.46,23597,,,,,,,hf_bangboo,2.6.2/da/chars/bangboo_all.json,https://huggingface.co/datasets/LvlUrArti/ShiyuDataProcessed/resolve/main/2.6.2/da/chars/bangboo_all.json,ok
2.7.1,2026-03-31,da,危局强袭,bangboo,邦布,2.7.1,危局强袭 2.7.1,2026-03-27,2026-04-10,red-moccus,Red Moccus,赤红莫库斯,bangboo,S,0.44,22723,,,,,,,hf_bangboo,2.7.1/da/chars/bangboo_all.json,https://huggingface.co/datasets/LvlUrArti/ShiyuDataProcessed/resolve/main/2.7.1/da/chars/bangboo_all.json,ok
2.7.2,2026-04-21,da,危局强袭,bangboo,邦布,2.7.2,危局强袭 2.7.2,2026-04-10,2026-04-24,red-moccus,Red Moccus,赤红莫库斯,bangboo,S,0.36,25723,,,,,,,hf_bangboo,2.7.2/da/chars/bangboo_all.json,https://huggingface.co/datasets/LvlUrArti/ShiyuDataProcessed/resolve/main/2.7.2/da/chars/bangboo_all.json,ok
2.8.1,2026-05-11,da,危局强袭,bangboo,邦布,2.8.1,危局强袭 2.8.1,2026-05-08,2026-05-22,red-moccus,Red Moccus,赤红莫库斯,bangboo,S,0.34,24148,,,,,,,hf_bangboo,2.8.1/da/chars/bangboo_all.json,https://huggingface.co/datasets/LvlUrArti/ShiyuDataProcessed/resolve/main/2.8.1/da/chars/bangboo_all.json,ok
2.8.2,2026-06-02,da,危局强袭,bangboo,邦布,2.8.2,危局强袭 2.8.2,2026-05-22,2026-06-05,red-moccus,Red Moccus,赤红莫库斯,bangboo,S,0.8,19934,,,,,,,hf_bangboo,2.8.2/da/chars/bangboo_all.json,https://huggingface.co/datasets/LvlUrArti/ShiyuDataProcessed/resolve/main/2.8.2/da/chars/bangboo_all.json,ok
2.8.3,2026-06-15,da,危局强袭,bangboo,邦布,2.8.3,危局强袭 2.8.3,2026-06-05,2026-06-19,red-moccus,Red Moccus,赤红莫库斯,bangboo,S,0.42,26456,,,,,,,hf_bangboo,2.8.3/da/chars/bangboo_all.json,https://huggingface.co/datasets/LvlUrArti/ShiyuDataProcessed/resolve/main/2.8.3/da/chars/bangboo_all.json,ok
3.0.1,2026-06-21,da,危局强袭,bangboo,邦布,3.0.1,危局强袭 3.0.1,2026-06-19,2026-07-03,red-moccus,Red Moccus,赤红莫库斯,bangboo,S,0.62,26338,,,,,,,hf_bangboo,3.0.1/da/chars/bangboo_all.json,https://huggingface.co/datasets/LvlUrArti/ShiyuDataProcessed/resolve/main/3.0.1/da/chars/bangboo_all.json,ok
2.6.1,2026-02-17,da,危局强袭,bangboo,邦布,2.6.1,危局强袭 2.6.1,2026-02-13,2026-02-27,resonaboo,Resonaboo,共鸣布,bangboo,S,7.45,29947,,,,,,,hf_bangboo,2.6.1/da/chars/bangboo_all.json,https://huggingface.co/datasets/LvlUrArti/ShiyuDataProcessed/resolve/main/2.6.1/da/chars/bangboo_all.json,ok
2.6.2,2026-03-10,da,危局强袭,bangboo,邦布,2.6.2,危局强袭 2.6.2,2026-02-27,2026-03-13,resonaboo,Resonaboo,共鸣布,bangboo,S,5.44,26552,,,,,,,hf_bangboo,2.6.2/da/chars/bangboo_all.json,https://huggingface.co/datasets/LvlUrArti/ShiyuDataProcessed/resolve/main/2.6.2/da/chars/bangboo_all.json,ok
2.7.1,2026-03-31,da,危局强袭,bangboo,邦布,2.7.1,危局强袭 2.7.1,2026-03-27,2026-04-10,resonaboo,Resonaboo,共鸣布,bangboo,S,9.71,30321,,,,,,,hf_bangboo,2.7.1/da/chars/bangboo_all.json,https://huggingface.co/datasets/LvlUrArti/ShiyuDataProcessed/resolve/main/2.7.1/da/chars/bangboo_all.json,ok
2.7.2,2026-04-21,da,危局强袭,bangboo,邦布,2.7.2,危局强袭 2.7.2,2026-04-10,2026-04-24,resonaboo,Resonaboo,共鸣布,bangboo,S,6.19,27425,,,,,,,hf_bangboo,2.7.2/da/chars/bangboo_all.json,https://huggingface.co/datasets/LvlUrArti/ShiyuDataProcessed/resolve/main/2.7.2/da/chars/bangboo_all.json,ok
2.8.1,2026-05-11,da,危局强袭,bangboo,邦布,2.8.1,危局强袭 2.8.1,2026-05-08,2026-05-22,resonaboo,Resonaboo,共鸣布,bangboo,S,7.34,28672,,,,,,,hf_bangboo,2.8.1/da/chars/bangboo_all.json,https://huggingface.co/datasets/LvlUrArti/ShiyuDataProcessed/resolve/main/2.8.1/da/chars/bangboo_all.json,ok
2.8.2,2026-06-02,da,危局强袭,bangboo,邦布,2.8.2,危局强袭 2.8.2,2026-05-22,2026-06-05,resonaboo,Resonaboo,共鸣布,bangboo,S,7.91,23470,,,,,,,hf_bangboo,2.8.2/da/chars/bangboo_all.json,https://huggingface.co/datasets/LvlUrArti/ShiyuDataProcessed/resolve/main/2.8.2/da/chars/bangboo_all.json,ok
2.8.3,2026-06-15,da,危局强袭,bangboo,邦布,2.8.3,危局强袭 2.8.3,2026-06-05,2026-06-19,resonaboo,Resonaboo,共鸣布,bangboo,S,5.04,28925,,,,,,,hf_bangboo,2.8.3/da/chars/bangboo_all.json,https://huggingface.co/datasets/LvlUrArti/ShiyuDataProcessed/resolve/main/2.8.3/da/chars/bangboo_all.json,ok
3.0.1,2026-06-21,da,危局强袭,bangboo,邦布,3.0.1,危局强袭 3.0.1,2026-06-19,2026-07-03,resonaboo,Resonaboo,共鸣布,bangboo,S,7.93,29780,,,,,,,hf_bangboo,3.0.1/da/chars/bangboo_all.json,https://huggingface.co/datasets/LvlUrArti/ShiyuDataProcessed/resolve/main/3.0.1/da/chars/bangboo_all.json,ok
2.6.1,2026-02-17,da,危局强袭,bangboo,邦布,2.6.1,危局强袭 2.6.1,2026-02-13,2026-02-27,robin,Robin,罗宾,bangboo,S,33.04,28139,,,,,,,hf_bangboo,2.6.1/da/chars/bangboo_all.json,https://huggingface.co/datasets/LvlUrArti/ShiyuDataProcessed/resolve/main/2.6.1/da/chars/bangboo_all.json,ok
2.6.2,2026-03-10,da,危局强袭,bangboo,邦布,2.6.2,危局强袭 2.6.2,2026-02-27,2026-03-13,robin,Robin,罗宾,bangboo,S,14.66,22079,,,,,,,hf_bangboo,2.6.2/da/chars/bangboo_all.json,https://huggingface.co/datasets/LvlUrArti/ShiyuDataProcessed/resolve/main/2.6.2/da/chars/bangboo_all.json,ok
2.7.1,2026-03-31,da,危局强袭,bangboo,邦布,2.7.1,危局强袭 2.7.1,2026-03-27,2026-04-10,robin,Robin,罗宾,bangboo,S,27.37,24792,,,,,,,hf_bangboo,2.7.1/da/chars/bangboo_all.json,https://huggingface.co/datasets/LvlUrArti/ShiyuDataProcessed/resolve/main/2.7.1/da/chars/bangboo_all.json,ok
2.7.2,2026-04-21,da,危局强袭,bangboo,邦布,2.7.2,危局强袭 2.7.2,2026-04-10,2026-04-24,robin,Robin,罗宾,bangboo,S,11.74,22554,,,,,,,hf_bangboo,2.7.2/da/chars/bangboo_all.json,https://huggingface.co/datasets/LvlUrArti/ShiyuDataProcessed/resolve/main/2.7.2/da/chars/bangboo_all.json,ok
2.8.1,2026-05-11,da,危局强袭,bangboo,邦布,2.8.1,危局强袭 2.8.1,2026-05-08,2026-05-22,robin,Robin,罗宾,bangboo,S,19.98,25992,,,,,,,hf_bangboo,2.8.1/da/chars/bangboo_all.json,https://huggingface.co/datasets/LvlUrArti/ShiyuDataProcessed/resolve/main/2.8.1/da/chars/bangboo_all.json,ok
2.8.2,2026-06-02,da,危局强袭,bangboo,邦布,2.8.2,危局强袭 2.8.2,2026-05-22,2026-06-05,robin,Robin,罗宾,bangboo,S,31.89,24501,,,,,,,hf_bangboo,2.8.2/da/chars/bangboo_all.json,https://huggingface.co/datasets/LvlUrArti/ShiyuDataProcessed/resolve/main/2.8.2/da/chars/bangboo_all.json,ok
2.8.3,2026-06-15,da,危局强袭,bangboo,邦布,2.8.3,危局强袭 2.8.3,2026-06-05,2026-06-19,robin,Robin,罗宾,bangboo,S,19.77,27439,,,,,,,hf_bangboo,2.8.3/da/chars/bangboo_all.json,https://huggingface.co/datasets/LvlUrArti/ShiyuDataProcessed/resolve/main/2.8.3/da/chars/bangboo_all.json,ok
3.0.1,2026-06-21,da,危局强袭,bangboo,邦布,3.0.1,危局强袭 3.0.1,2026-06-19,2026-07-03,robin,Robin,罗宾,bangboo,S,13.19,23883,,,,,,,hf_bangboo,3.0.1/da/chars/bangboo_all.json,https://huggingface.co/datasets/LvlUrArti/ShiyuDataProcessed/resolve/main/3.0.1/da/chars/bangboo_all.json,ok
2.6.1,2026-02-17,da,危局强袭,bangboo,邦布,2.6.1,危局强袭 2.6.1,2026-02-13,2026-02-27,rocketboo,Rocketboo,飚速布,bangboo,S,2.98,26682,,,,,,,hf_bangboo,2.6.1/da/chars/bangboo_all.json,https://huggingface.co/datasets/LvlUrArti/ShiyuDataProcessed/resolve/main/2.6.1/da/chars/bangboo_all.json,ok
2.6.2,2026-03-10,da,危局强袭,bangboo,邦布,2.6.2,危局强袭 2.6.2,2026-02-27,2026-03-13,rocketboo,Rocketboo,飚速布,bangboo,S,3.23,23376,,,,,,,hf_bangboo,2.6.2/da/chars/bangboo_all.json,https://huggingface.co/datasets/LvlUrArti/ShiyuDataProcessed/resolve/main/2.6.2/da/chars/bangboo_all.json,ok
2.7.1,2026-03-31,da,危局强袭,bangboo,邦布,2.7.1,危局强袭 2.7.1,2026-03-27,2026-04-10,rocketboo,Rocketboo,飚速布,bangboo,S,1.83,24871,,,,,,,hf_bangboo,2.7.1/da/chars/bangboo_all.json,https://huggingface.co/datasets/LvlUrArti/ShiyuDataProcessed/resolve/main/2.7.1/da/chars/bangboo_all.json,ok
2.7.2,2026-04-21,da,危局强袭,bangboo,邦布,2.7.2,危局强袭 2.7.2,2026-04-10,2026-04-24,rocketboo,Rocketboo,飚速布,bangboo,S,1.12,23472,,,,,,,hf_bangboo,2.7.2/da/chars/bangboo_all.json,https://huggingface.co/datasets/LvlUrArti/ShiyuDataProcessed/resolve/main/2.7.2/da/chars/bangboo_all.json,ok
2.8.1,2026-05-11,da,危局强袭,bangboo,邦布,2.8.1,危局强袭 2.8.1,2026-05-08,2026-05-22,rocketboo,Rocketboo,飚速布,bangboo,S,2.21,24209,,,,,,,hf_bangboo,2.8.1/da/chars/bangboo_all.json,https://huggingface.co/datasets/LvlUrArti/ShiyuDataProcessed/resolve/main/2.8.1/da/chars/bangboo_all.json,ok
2.8.2,2026-06-02,da,危局强袭,bangboo,邦布,2.8.2,危局强袭 2.8.2,2026-05-22,2026-06-05,rocketboo,Rocketboo,飚速布,bangboo,S,1.62,20175,,,,,,,hf_bangboo,2.8.2/da/chars/bangboo_all.json,https://huggingface.co/datasets/LvlUrArti/ShiyuDataProcessed/resolve/main/2.8.2/da/chars/bangboo_all.json,ok
2.8.3,2026-06-15,da,危局强袭,bangboo,邦布,2.8.3,危局强袭 2.8.3,2026-06-05,2026-06-19,rocketboo,Rocketboo,飚速布,bangboo,S,0.94,24229,,,,,,,hf_bangboo,2.8.3/da/chars/bangboo_all.json,https://huggingface.co/datasets/LvlUrArti/ShiyuDataProcessed/resolve/main/2.8.3/da/chars/bangboo_all.json,ok
3.0.1,2026-06-21,da,危局强袭,bangboo,邦布,3.0.1,危局强袭 3.0.1,2026-06-19,2026-07-03,rocketboo,Rocketboo,飚速布,bangboo,S,1.55,29087,,,,,,,hf_bangboo,3.0.1/da/chars/bangboo_all.json,https://huggingface.co/datasets/LvlUrArti/ShiyuDataProcessed/resolve/main/3.0.1/da/chars/bangboo_all.json,ok
2.6.1,2026-02-17,da,危局强袭,bangboo,邦布,2.6.1,危局强袭 2.6.1,2026-02-13,2026-02-27,safety,Safety,阿全,bangboo,S,0.03,0,,,,,,,hf_bangboo,2.6.1/da/chars/bangboo_all.json,https://huggingface.co/datasets/LvlUrArti/ShiyuDataProcessed/resolve/main/2.6.1/da/chars/bangboo_all.json,ok
2.6.2,2026-03-10,da,危局强袭,bangboo,邦布,2.6.2,危局强袭 2.6.2,2026-02-27,2026-03-13,safety,Safety,阿全,bangboo,S,0.03,0,,,,,,,hf_bangboo,2.6.2/da/chars/bangboo_all.json,https://huggingface.co/datasets/LvlUrArti/ShiyuDataProcessed/resolve/main/2.6.2/da/chars/bangboo_all.json,ok
2.7.1,2026-03-31,da,危局强袭,bangboo,邦布,2.7.1,危局强袭 2.7.1,2026-03-27,2026-04-10,safety,Safety,阿全,bangboo,S,0.01,0,,,,,,,hf_bangboo,2.7.1/da/chars/bangboo_all.json,https://huggingface.co/datasets/LvlUrArti/ShiyuDataProcessed/resolve/main/2.7.1/da/chars/bangboo_all.json,ok
2.7.2,2026-04-21,da,危局强袭,bangboo,邦布,2.7.2,危局强袭 2.7.2,2026-04-10,2026-04-24,safety,Safety,阿全,bangboo,S,0.03,0,,,,,,,hf_bangboo,2.7.2/da/chars/bangboo_all.json,https://huggingface.co/datasets/LvlUrArti/ShiyuDataProcessed/resolve/main/2.7.2/da/chars/bangboo_all.json,ok
2.8.1,2026-05-11,da,危局强袭,bangboo,邦布,2.8.1,危局强袭 2.8.1,2026-05-08,2026-05-22,safety,Safety,阿全,bangboo,S,0.01,0,,,,,,,hf_bangboo,2.8.1/da/chars/bangboo_all.json,https://huggingface.co/datasets/LvlUrArti/ShiyuDataProcessed/resolve/main/2.8.1/da/chars/bangboo_all.json,ok
2.8.2,2026-06-02,da,危局强袭,bangboo,邦布,2.8.2,危局强袭 2.8.2,2026-05-22,2026-06-05,safety,Safety,阿全,bangboo,S,0.04,0,,,,,,,hf_bangboo,2.8.2/da/chars/bangboo_all.json,https://huggingface.co/datasets/LvlUrArti/ShiyuDataProcessed/resolve/main/2.8.2/da/chars/bangboo_all.json,ok
2.8.3,2026-06-15,da,危局强袭,bangboo,邦布,2.8.3,危局强袭 2.8.3,2026-06-05,2026-06-19,safety,Safety,阿全,bangboo,S,0.02,0,,,,,,,hf_bangboo,2.8.3/da/chars/bangboo_all.json,https://huggingface.co/datasets/LvlUrArti/ShiyuDataProcessed/resolve/main/2.8.3/da/chars/bangboo_all.json,ok
3.0.1,2026-06-21,da,危局强袭,bangboo,邦布,3.0.1,危局强袭 3.0.1,2026-06-19,2026-07-03,safety,Safety,阿全,bangboo,S,0.01,0,,,,,,,hf_bangboo,3.0.1/da/chars/bangboo_all.json,https://huggingface.co/datasets/LvlUrArti/ShiyuDataProcessed/resolve/main/3.0.1/da/chars/bangboo_all.json,ok
2.6.1,2026-02-17,da,危局强袭,bangboo,邦布,2.6.1,危局强袭 2.6.1,2026-02-13,2026-02-27,sharkboo,Sharkboo,鲨牙布,bangboo,S,10.69,26745,,,,,,,hf_bangboo,2.6.1/da/chars/bangboo_all.json,https://huggingface.co/datasets/LvlUrArti/ShiyuDataProcessed/resolve/main/2.6.1/da/chars/bangboo_all.json,ok
2.6.2,2026-03-10,da,危局强袭,bangboo,邦布,2.6.2,危局强袭 2.6.2,2026-02-27,2026-03-13,sharkboo,Sharkboo,鲨牙布,bangboo,S,5.09,26537,,,,,,,hf_bangboo,2.6.2/da/chars/bangboo_all.json,https://huggingface.co/datasets/LvlUrArti/ShiyuDataProcessed/resolve/main/2.6.2/da/chars/bangboo_all.json,ok
2.7.1,2026-03-31,da,危局强袭,bangboo,邦布,2.7.1,危局强袭 2.7.1,2026-03-27,2026-04-10,sharkboo,Sharkboo,鲨牙布,bangboo,S,13.43,25593,,,,,,,hf_bangboo,2.7.1/da/chars/bangboo_all.json,https://huggingface.co/datasets/LvlUrArti/ShiyuDataProcessed/resolve/main/2.7.1/da/chars/bangboo_all.json,ok
2.7.2,2026-04-21,da,危局强袭,bangboo,邦布,2.7.2,危局强袭 2.7.2,2026-04-10,2026-04-24,sharkboo,Sharkboo,鲨牙布,bangboo,S,4.57,24112,,,,,,,hf_bangboo,2.7.2/da/chars/bangboo_all.json,https://huggingface.co/datasets/LvlUrArti/ShiyuDataProcessed/resolve/main/2.7.2/da/chars/bangboo_all.json,ok
2.8.1,2026-05-11,da,危局强袭,bangboo,邦布,2.8.1,危局强袭 2.8.1,2026-05-08,2026-05-22,sharkboo,Sharkboo,鲨牙布,bangboo,S,10.53,26355,,,,,,,hf_bangboo,2.8.1/da/chars/bangboo_all.json,https://huggingface.co/datasets/LvlUrArti/ShiyuDataProcessed/resolve/main/2.8.1/da/chars/bangboo_all.json,ok
2.8.2,2026-06-02,da,危局强袭,bangboo,邦布,2.8.2,危局强袭 2.8.2,2026-05-22,2026-06-05,sharkboo,Sharkboo,鲨牙布,bangboo,S,12.34,22503,,,,,,,hf_bangboo,2.8.2/da/chars/bangboo_all.json,https://huggingface.co/datasets/LvlUrArti/ShiyuDataProcessed/resolve/main/2.8.2/da/chars/bangboo_all.json,ok
2.8.3,2026-06-15,da,危局强袭,bangboo,邦布,2.8.3,危局强袭 2.8.3,2026-06-05,2026-06-19,sharkboo,Sharkboo,鲨牙布,bangboo,S,6.55,27062,,,,,,,hf_bangboo,2.8.3/da/chars/bangboo_all.json,https://huggingface.co/datasets/LvlUrArti/ShiyuDataProcessed/resolve/main/2.8.3/da/chars/bangboo_all.json,ok
3.0.1,2026-06-21,da,危局强袭,bangboo,邦布,3.0.1,危局强袭 3.0.1,2026-06-19,2026-07-03,sharkboo,Sharkboo,鲨牙布,bangboo,S,8.5,26271,,,,,,,hf_bangboo,3.0.1/da/chars/bangboo_all.json,https://huggingface.co/datasets/LvlUrArti/ShiyuDataProcessed/resolve/main/3.0.1/da/chars/bangboo_all.json,ok
2.6.1,2026-02-17,da,危局强袭,bangboo,邦布,2.6.1,危局强袭 2.6.1,2026-02-13,2026-02-27,snap,Snap,咔嚓仔,bangboo,S,16.59,29640,,,,,,,hf_bangboo,2.6.1/da/chars/bangboo_all.json,https://huggingface.co/datasets/LvlUrArti/ShiyuDataProcessed/resolve/main/2.6.1/da/chars/bangboo_all.json,ok
2.6.2,2026-03-10,da,危局强袭,bangboo,邦布,2.6.2,危局强袭 2.6.2,2026-02-27,2026-03-13,snap,Snap,咔嚓仔,bangboo,S,16.14,25673,,,,,,,hf_bangboo,2.6.2/da/chars/bangboo_all.json,https://huggingface.co/datasets/LvlUrArti/ShiyuDataProcessed/resolve/main/2.6.2/da/chars/bangboo_all.json,ok
2.7.1,2026-03-31,da,危局强袭,bangboo,邦布,2.7.1,危局强袭 2.7.1,2026-03-27,2026-04-10,snap,Snap,咔嚓仔,bangboo,S,17.55,27214,,,,,,,hf_bangboo,2.7.1/da/chars/bangboo_all.json,https://huggingface.co/datasets/LvlUrArti/ShiyuDataProcessed/resolve/main/2.7.1/da/chars/bangboo_all.json,ok
2.7.2,2026-04-21,da,危局强袭,bangboo,邦布,2.7.2,危局强袭 2.7.2,2026-04-10,2026-04-24,snap,Snap,咔嚓仔,bangboo,S,17.26,25930,,,,,,,hf_bangboo,2.7.2/da/chars/bangboo_all.json,https://huggingface.co/datasets/LvlUrArti/ShiyuDataProcessed/resolve/main/2.7.2/da/chars/bangboo_all.json,ok
2.8.1,2026-05-11,da,危局强袭,bangboo,邦布,2.8.1,危局强袭 2.8.1,2026-05-08,2026-05-22,snap,Snap,咔嚓仔,bangboo,S,20.71,27432,,,,,,,hf_bangboo,2.8.1/da/chars/bangboo_all.json,https://huggingface.co/datasets/LvlUrArti/ShiyuDataProcessed/resolve/main/2.8.1/da/chars/bangboo_all.json,ok
2.8.2,2026-06-02,da,危局强袭,bangboo,邦布,2.8.2,危局强袭 2.8.2,2026-05-22,2026-06-05,snap,Snap,咔嚓仔,bangboo,S,20.19,23446,,,,,,,hf_bangboo,2.8.2/da/chars/bangboo_all.json,https://huggingface.co/datasets/LvlUrArti/ShiyuDataProcessed/resolve/main/2.8.2/da/chars/bangboo_all.json,ok
2.8.3,2026-06-15,da,危局强袭,bangboo,邦布,2.8.3,危局强袭 2.8.3,2026-06-05,2026-06-19,snap,Snap,咔嚓仔,bangboo,S,21.34,27513,,,,,,,hf_bangboo,2.8.3/da/chars/bangboo_all.json,https://huggingface.co/datasets/LvlUrArti/ShiyuDataProcessed/resolve/main/2.8.3/da/chars/bangboo_all.json,ok
3.0.1,2026-06-21,da,危局强袭,bangboo,邦布,3.0.1,危局强袭 3.0.1,2026-06-19,2026-07-03,snap,Snap,咔嚓仔,bangboo,S,21.09,30223,,,,,,,hf_bangboo,3.0.1/da/chars/bangboo_all.json,https://huggingface.co/datasets/LvlUrArti/ShiyuDataProcessed/resolve/main/3.0.1/da/chars/bangboo_all.json,ok
2.6.1,2026-02-17,da,危局强袭,bangboo,邦布,2.6.1,危局强袭 2.6.1,2026-02-13,2026-02-27,sprout,Sprout,芽芽,bangboo,S,66.97,31395,,,,,,,hf_bangboo,2.6.1/da/chars/bangboo_all.json,https://huggingface.co/datasets/LvlUrArti/ShiyuDataProcessed/resolve/main/2.6.1/da/chars/bangboo_all.json,ok
2.6.2,2026-03-10,da,危局强袭,bangboo,邦布,2.6.2,危局强袭 2.6.2,2026-02-27,2026-03-13,sprout,Sprout,芽芽,bangboo,S,61.86,30640,,,,,,,hf_bangboo,2.6.2/da/chars/bangboo_all.json,https://huggingface.co/datasets/LvlUrArti/ShiyuDataProcessed/resolve/main/2.6.2/da/chars/bangboo_all.json,ok
2.7.1,2026-03-31,da,危局强袭,bangboo,邦布,2.7.1,危局强袭 2.7.1,2026-03-27,2026-04-10,sprout,Sprout,芽芽,bangboo,S,31.0,26170,,,,,,,hf_bangboo,2.7.1/da/chars/bangboo_all.json,https://huggingface.co/datasets/LvlUrArti/ShiyuDataProcessed/resolve/main/2.7.1/da/chars/bangboo_all.json,ok
2.7.2,2026-04-21,da,危局强袭,bangboo,邦布,2.7.2,危局强袭 2.7.2,2026-04-10,2026-04-24,sprout,Sprout,芽芽,bangboo,S,66.08,29968,,,,,,,hf_bangboo,2.7.2/da/chars/bangboo_all.json,https://huggingface.co/datasets/LvlUrArti/ShiyuDataProcessed/resolve/main/2.7.2/da/chars/bangboo_all.json,ok
2.8.1,2026-05-11,da,危局强袭,bangboo,邦布,2.8.1,危局强袭 2.8.1,2026-05-08,2026-05-22,sprout,Sprout,芽芽,bangboo,S,51.19,29535,,,,,,,hf_bangboo,2.8.1/da/chars/bangboo_all.json,https://huggingface.co/datasets/LvlUrArti/ShiyuDataProcessed/resolve/main/2.8.1/da/chars/bangboo_all.json,ok
2.8.2,2026-06-02,da,危局强袭,bangboo,邦布,2.8.2,危局强袭 2.8.2,2026-05-22,2026-06-05,sprout,Sprout,芽芽,bangboo,S,56.59,23997,,,,,,,hf_bangboo,2.8.2/da/chars/bangboo_all.json,https://huggingface.co/datasets/LvlUrArti/ShiyuDataProcessed/resolve/main/2.8.2/da/chars/bangboo_all.json,ok
2.8.3,2026-06-15,da,危局强袭,bangboo,邦布,2.8.3,危局强袭 2.8.3,2026-06-05,2026-06-19,sprout,Sprout,芽芽,bangboo,S,63.8,30396,,,,,,,hf_bangboo,2.8.3/da/chars/bangboo_all.json,https://huggingface.co/datasets/LvlUrArti/ShiyuDataProcessed/resolve/main/2.8.3/da/chars/bangboo_all.json,ok
3.0.1,2026-06-21,da,危局强袭,bangboo,邦布,3.0.1,危局强袭 3.0.1,2026-06-19,2026-07-03,sprout,Sprout,芽芽,bangboo,S,55.92,29245,,,,,,,hf_bangboo,3.0.1/da/chars/bangboo_all.json,https://huggingface.co/datasets/LvlUrArti/ShiyuDataProcessed/resolve/main/3.0.1/da/chars/bangboo_all.json,ok
2.6.1,2026-02-17,da,危局强袭,bangboo,邦布,2.6.1,危局强袭 2.6.1,2026-02-13,2026-02-27,sumoboo,Sumoboo,扑击布,bangboo,A,0.1,0,,,,,,,hf_bangboo,2.6.1/da/chars/bangboo_all.json,https://huggingface.co/datasets/LvlUrArti/ShiyuDataProcessed/resolve/main/2.6.1/da/chars/bangboo_all.json,ok
2.6.2,2026-03-10,da,危局强袭,bangboo,邦布,2.6.2,危局强袭 2.6.2,2026-02-27,2026-03-13,sumoboo,Sumoboo,扑击布,bangboo,A,0.13,27916,,,,,,,hf_bangboo,2.6.2/da/chars/bangboo_all.json,https://huggingface.co/datasets/LvlUrArti/ShiyuDataProcessed/resolve/main/2.6.2/da/chars/bangboo_all.json,ok
2.7.1,2026-03-31,da,危局强袭,bangboo,邦布,2.7.1,危局强袭 2.7.1,2026-03-27,2026-04-10,sumoboo,Sumoboo,扑击布,bangboo,A,0.11,0,,,,,,,hf_bangboo,2.7.1/da/chars/bangboo_all.json,https://huggingface.co/datasets/LvlUrArti/ShiyuDataProcessed/resolve/main/2.7.1/da/chars/bangboo_all.json,ok
2.7.2,2026-04-21,da,危局强袭,bangboo,邦布,2.7.2,危局强袭 2.7.2,2026-04-10,2026-04-24,sumoboo,Sumoboo,扑击布,bangboo,A,0.16,26970,,,,,,,hf_bangboo,2.7.2/da/chars/bangboo_all.json,https://huggingface.co/datasets/LvlUrArti/ShiyuDataProcessed/resolve/main/2.7.2/da/chars/bangboo_all.json,ok
2.8.1,2026-05-11,da,危局强袭,bangboo,邦布,2.8.1,危局强袭 2.8.1,2026-05-08,2026-05-22,sumoboo,Sumoboo,扑击布,bangboo,A,0.15,27000,,,,,,,hf_bangboo,2.8.1/da/chars/bangboo_all.json,https://huggingface.co/datasets/LvlUrArti/ShiyuDataProcessed/resolve/main/2.8.1/da/chars/bangboo_all.json,ok
2.8.2,2026-06-02,da,危局强袭,bangboo,邦布,2.8.2,危局强袭 2.8.2,2026-05-22,2026-06-05,sumoboo,Sumoboo,扑击布,bangboo,A,0.16,21024,,,,,,,hf_bangboo,2.8.2/da/chars/bangboo_all.json,https://huggingface.co/datasets/LvlUrArti/ShiyuDataProcessed/resolve/main/2.8.2/da/chars/bangboo_all.json,ok
2.8.3,2026-06-15,da,危局强袭,bangboo,邦布,2.8.3,危局强袭 2.8.3,2026-06-05,2026-06-19,sumoboo,Sumoboo,扑击布,bangboo,A,0.21,26447,,,,,,,hf_bangboo,2.8.3/da/chars/bangboo_all.json,https://huggingface.co/datasets/LvlUrArti/ShiyuDataProcessed/resolve/main/2.8.3/da/chars/bangboo_all.json,ok
3.0.1,2026-06-21,da,危局强袭,bangboo,邦布,3.0.1,危局强袭 3.0.1,2026-06-19,2026-07-03,sumoboo,Sumoboo,扑击布,bangboo,A,0.12,28313,,,,,,,hf_bangboo,3.0.1/da/chars/bangboo_all.json,https://huggingface.co/datasets/LvlUrArti/ShiyuDataProcessed/resolve/main/3.0.1/da/chars/bangboo_all.json,ok
2.8.3,2026-06-15,da,危局强袭,bangboo,邦布,2.8.3,危局强袭 2.8.3,2026-06-05,2026-06-19,ultra-jake,Ultra Jake,超极杰克,bangboo,S,0.0,0,,,,,,,hf_bangboo,2.8.3/da/chars/bangboo_all.json,https://huggingface.co/datasets/LvlUrArti/ShiyuDataProcessed/resolve/main/2.8.3/da/chars/bangboo_all.json,ok
3.0.1,2026-06-21,da,危局强袭,bangboo,邦布,3.0.1,危局强袭 3.0.1,2026-06-19,2026-07-03,ultra-jake,Ultra Jake,超极杰克,bangboo,S,21.29,30777,,,,,,,hf_bangboo,3.0.1/da/chars/bangboo_all.json,https://huggingface.co/datasets/LvlUrArti/ShiyuDataProcessed/resolve/main/3.0.1/da/chars/bangboo_all.json,ok
2.6.1,2026-02-17,sd,式舆防卫,5-1,第5防线 1,2.6.1,式舆防卫 2.6.1,2026-02-06,2026-02-20,alice,Alice Thymefield,爱丽丝·泰姆菲尔德,异常主C,S,6.12,29086,1950,611,0.46,59.99,59.88,6.99,hf_builds,2.6.1/builds.json,https://huggingface.co/datasets/LvlUrArti/ShiyuDataProcessed/resolve/main/2.6.1/builds.json,ok
2.6.2,2026-03-10,sd,式舆防卫,5-1,第5防线 1,2.6.3,式舆防卫 2.6.3,2026-03-06,2026-03-20,alice,Alice Thymefield,爱丽丝·泰姆菲尔德,异常主C,S,5.13,28782,2610,1611,0.45,60.0,59.84,7.0,hf_builds,2.6.2/builds.json,https://huggingface.co/datasets/LvlUrArti/ShiyuDataProcessed/resolve/main/2.6.2/builds.json,ok
2.7.1,2026-03-31,sd,式舆防卫,5-1,第5防线 1,2.6.4,式舆防卫 2.6.4,2026-03-20,2026-04-03,alice,Alice Thymefield,爱丽丝·泰姆菲尔德,异常主C,S,3.24,27561,2241,1224,0.55,60.0,59.82,7.0,hf_builds,2.7.1/builds.json,https://huggingface.co/datasets/LvlUrArti/ShiyuDataProcessed/resolve/main/2.7.1/builds.json,ok
2.7.2,2026-04-21,sd,式舆防卫,5-1,第5防线 1,2.7.2,式舆防卫 2.7.2,2026-04-17,2026-05-01,alice,Alice Thymefield,爱丽丝·泰姆菲尔德,异常主C,S,2.5,28687,1008,706,0.56,60.0,59.96,7.0,hf_builds,2.7.2/builds.json,https://huggingface.co/datasets/LvlUrArti/ShiyuDataProcessed/resolve/main/2.7.2/builds.json,ok
2.8.1,2026-05-11,sd,式舆防卫,5-1,第5防线 1,2.7.3,式舆防卫 2.7.3,2026-05-01,2026-05-15,alice,Alice Thymefield,爱丽丝·泰姆菲尔德,异常主C,S,2.46,28660,1180,699,0.69,59.99,59.84,7.0,hf_builds,2.8.1/builds.json,https://huggingface.co/datasets/LvlUrArti/ShiyuDataProcessed/resolve/main/2.8.1/builds.json,ok
2.8.2,2026-06-02,sd,式舆防卫,5-1,第5防线 1,2.8.2,式舆防卫 2.8.2,2026-05-29,2026-06-12,alice,Alice Thymefield,爱丽丝·泰姆菲尔德,异常主C,S,4.29,27101,1451,409,0.49,60.0,59.86,7.0,hf_builds,2.8.2/builds.json,https://huggingface.co/datasets/LvlUrArti/ShiyuDataProcessed/resolve/main/2.8.2/builds.json,ok
3.0.1,2026-06-21,sd,式舆防卫,5-1,第5防线 1,2.8.3,式舆防卫 2.8.3,2026-06-12,2026-06-26,alice,Alice Thymefield,爱丽丝·泰姆菲尔德,异常主C,S,0.33,27833,1441,712,0.57,60.0,59.72,7.0,hf_builds,3.0.1/builds.json,https://huggingface.co/datasets/LvlUrArti/ShiyuDataProcessed/resolve/main/3.0.1/builds.json,ok
2.6.1,2026-02-17,sd,式舆防卫,5-1,第5防线 1,2.6.1,式舆防卫 2.6.1,2026-02-06,2026-02-20,anby-demara,Anby Demara,安比·德玛拉,辅助,A,0.02,0,15,1,5.85,60.0,60.0,7.0,hf_builds,2.6.1/builds.json,https://huggingface.co/datasets/LvlUrArti/ShiyuDataProcessed/resolve/main/2.6.1/builds.json,ok
2.6.2,2026-03-10,sd,式舆防卫,5-1,第5防线 1,2.6.3,式舆防卫 2.6.3,2026-03-06,2026-03-20,anby-demara,Anby Demara,安比·德玛拉,辅助,A,0.02,0,8,4,5.88,60.0,60.0,7.0,hf_builds,2.6.2/builds.json,https://huggingface.co/datasets/LvlUrArti/ShiyuDataProcessed/resolve/main/2.6.2/builds.json,ok
2.7.1,2026-03-31,sd,式舆防卫,5-1,第5防线 1,2.6.4,式舆防卫 2.6.4,2026-03-20,2026-04-03,anby-demara,Anby Demara,安比·德玛拉,辅助,A,0.01,0,5,2,5.54,60.0,60.0,7.0,hf_builds,2.7.1/builds.json,https://huggingface.co/datasets/LvlUrArti/ShiyuDataProcessed/resolve/main/2.7.1/builds.json,ok
2.7.2,2026-04-21,sd,式舆防卫,5-1,第5防线 1,2.7.2,式舆防卫 2.7.2,2026-04-17,2026-05-01,anby-demara,Anby Demara,安比·德玛拉,辅助,A,0.01,0,8,3,5.69,60.0,60.0,7.0,hf_builds,2.7.2/builds.json,https://huggingface.co/datasets/LvlUrArti/ShiyuDataProcessed/resolve/main/2.7.2/builds.json,ok
2.8.1,2026-05-11,sd,式舆防卫,5-1,第5防线 1,2.7.3,式舆防卫 2.7.3,2026-05-01,2026-05-15,anby-demara,Anby Demara,安比·德玛拉,辅助,A,0.02,0,8,1,6.0,60.0,60.0,7.0,hf_builds,2.8.1/builds.json,https://huggingface.co/datasets/LvlUrArti/ShiyuDataProcessed/resolve/main/2.8.1/builds.json,ok
2.8.2,2026-06-02,sd,式舆防卫,5-1,第5防线 1,2.8.2,式舆防卫 2.8.2,2026-05-29,2026-06-12,anby-demara,Anby Demara,安比·德玛拉,辅助,A,0.03,0,14,0,5.6,0.0,0.0,0.0,hf_builds,2.8.2/builds.json,https://huggingface.co/datasets/LvlUrArti/ShiyuDataProcessed/resolve/main/2.8.2/builds.json,ok
3.0.1,2026-06-21,sd,式舆防卫,5-1,第5防线 1,2.8.3,式舆防卫 2.8.3,2026-06-12,2026-06-26,anby-demara,Anby Demara,安比·德玛拉,辅助,A,0.0,0,5,2,6.0,60.0,60.0,7.0,hf_builds,3.0.1/builds.json,https://huggingface.co/datasets/LvlUrArti/ShiyuDataProcessed/resolve/main/3.0.1/builds.json,ok
2.6.1,2026-02-17,sd,式舆防卫,5-1,第5防线 1,2.6.1,式舆防卫 2.6.1,2026-02-06,2026-02-20,anby-demara-soldier-0,Soldier 0 - Anby,零号·安比,直伤主C,S,0.99,28186,6990,1668,0.31,59.99,59.73,7.0,hf_builds,2.6.1/builds.json,https://huggingface.co/datasets/LvlUrArti/ShiyuDataProcessed/resolve/main/2.6.1/builds.json,ok
2.6.2,2026-03-10,sd,式舆防卫,5-1,第5防线 1,2.6.3,式舆防卫 2.6.3,2026-03-06,2026-03-20,anby-demara-soldier-0,Soldier 0 - Anby,零号·安比,直伤主C,S,27.1,30697,4384,2542,0.35,59.99,59.86,7.0,hf_builds,2.6.2/builds.json,https://huggingface.co/datasets/LvlUrArti/ShiyuDataProcessed/resolve/main/2.6.2/builds.json,ok
2.7.1,2026-03-31,sd,式舆防卫,5-1,第5防线 1,2.6.4,式舆防卫 2.6.4,2026-03-20,2026-04-03,anby-demara-soldier-0,Soldier 0 - Anby,零号·安比,直伤主C,S,2.28,28479,571,462,1.03,60.0,59.93,7.0,hf_builds,2.7.1/builds.json,https://huggingface.co/datasets/LvlUrArti/ShiyuDataProcessed/resolve/main/2.7.1/builds.json,ok
2.7.2,2026-04-21,sd,式舆防卫,5-1,第5防线 1,2.7.2,式舆防卫 2.7.2,2026-04-17,2026-05-01,anby-demara-soldier-0,Soldier 0 - Anby,零号·安比,直伤主C,S,0.04,0,2641,1626,0.35,60.0,59.72,7.0,hf_builds,2.7.2/builds.json,https://huggingface.co/datasets/LvlUrArti/ShiyuDataProcessed/resolve/main/2.7.2/builds.json,ok
2.8.1,2026-05-11,sd,式舆防卫,5-1,第5防线 1,2.7.3,式舆防卫 2.7.3,2026-05-01,2026-05-15,anby-demara-soldier-0,Soldier 0 - Anby,零号·安比,直伤主C,S,0.12,0,4655,2088,0.38,59.99,59.74,7.0,hf_builds,2.8.1/builds.json,https://huggingface.co/datasets/LvlUrArti/ShiyuDataProcessed/resolve/main/2.8.1/builds.json,ok
2.8.2,2026-06-02,sd,式舆防卫,5-1,第5防线 1,2.8.2,式舆防卫 2.8.2,2026-05-29,2026-06-12,anby-demara-soldier-0,Soldier 0 - Anby,零号·安比,直伤主C,S,0.12,0,3289,893,0.4,60.0,59.88,7.0,hf_builds,2.8.2/builds.json,https://huggingface.co/datasets/LvlUrArti/ShiyuDataProcessed/resolve/main/2.8.2/builds.json,ok
3.0.1,2026-06-21,sd,式舆防卫,5-1,第5防线 1,2.8.3,式舆防卫 2.8.3,2026-06-12,2026-06-26,anby-demara-soldier-0,Soldier 0 - Anby,零号·安比,直伤主C,S,0.19,28448,1289,743,0.74,60.0,59.8,7.0,hf_builds,3.0.1/builds.json,https://huggingface.co/datasets/LvlUrArti/ShiyuDataProcessed/resolve/main/3.0.1/builds.json,ok
2.6.1,2026-02-17,sd,式舆防卫,5-1,第5防线 1,2.6.1,式舆防卫 2.6.1,2026-02-06,2026-02-20,anton,Anton Ivanov,安东·伊万诺夫,直伤主C,A,0.0,0,20,10,6.0,60.0,60.0,7.0,hf_builds,2.6.1/builds.json,https://huggingface.co/datasets/LvlUrArti/ShiyuDataProcessed/resolve/main/2.6.1/builds.json,ok
2.6.2,2026-03-10,sd,式舆防卫,5-1,第5防线 1,2.6.3,式舆防卫 2.6.3,2026-03-06,2026-03-20,anton,Anton Ivanov,安东·伊万诺夫,直伤主C,A,0.03,0,5,9,6.0,60.0,60.0,7.0,hf_builds,2.6.2/builds.json,https://huggingface.co/datasets/LvlUrArti/ShiyuDataProcessed/resolve/main/2.6.2/builds.json,ok
2.7.1,2026-03-31,sd,式舆防卫,5-1,第5防线 1,2.6.4,式舆防卫 2.6.4,2026-03-20,2026-04-03,anton,Anton Ivanov,安东·伊万诺夫,直伤主C,A,0.01,0,1,3,0.0,0.0,0.0,0.0,hf_builds,2.7.1/builds.json,https://huggingface.co/datasets/LvlUrArti/ShiyuDataProcessed/resolve/main/2.7.1/builds.json,ok
2.7.2,2026-04-21,sd,式舆防卫,5-1,第5防线 1,2.7.2,式舆防卫 2.7.2,2026-04-17,2026-05-01,anton,Anton Ivanov,安东·伊万诺夫,直伤主C,A,0.0,0,5,4,6.0,60.0,60.0,7.0,hf_builds,2.7.2/builds.json,https://huggingface.co/datasets/LvlUrArti/ShiyuDataProcessed/resolve/main/2.7.2/builds.json,ok
2.8.1,2026-05-11,sd,式舆防卫,5-1,第5防线 1,2.7.3,式舆防卫 2.7.3,2026-05-01,2026-05-15,anton,Anton Ivanov,安东·伊万诺夫,直伤主C,A,0.0,0,8,7,6.0,60.0,60.0,6.94,hf_builds,2.8.1/builds.json,https://huggingface.co/datasets/LvlUrArti/ShiyuDataProcessed/resolve/main/2.8.1/builds.json,ok
2.8.2,2026-06-02,sd,式舆防卫,5-1,第5防线 1,2.8.2,式舆防卫 2.8.2,2026-05-29,2026-06-12,anton,Anton Ivanov,安东·伊万诺夫,直伤主C,A,0.01,0,6,1,6.0,60.0,60.0,7.0,hf_builds,2.8.2/builds.json,https://huggingface.co/datasets/LvlUrArti/ShiyuDataProcessed/resolve/main/2.8.2/builds.json,ok
3.0.1,2026-06-21,sd,式舆防卫,5-1,第5防线 1,2.8.3,式舆防卫 2.8.3,2026-06-12,2026-06-26,anton,Anton Ivanov,安东·伊万诺夫,直伤主C,A,0.01,0,4,3,6.0,60.0,60.0,7.0,hf_builds,3.0.1/builds.json,https://huggingface.co/datasets/LvlUrArti/ShiyuDataProcessed/resolve/main/3.0.1/builds.json,ok
2.6.2,2026-03-10,sd,式舆防卫,5-1,第5防线 1,2.6.3,式舆防卫 2.6.3,2026-03-06,2026-03-20,aria,Aria,爱芮,异常主C,S,0.01,0,4758,2090,0.14,59.98,59.82,6.96,hf_builds,2.6.2/builds.json,https://huggingface.co/datasets/LvlUrArti/ShiyuDataProcessed/resolve/main/2.6.2/builds.json,ok
2.7.1,2026-03-31,sd,式舆防卫,5-1,第5防线 1,2.6.4,式舆防卫 2.6.4,2026-03-20,2026-04-03,aria,Aria,爱芮,异常主C,S,0.02,0,6360,2945,0.13,60.0,59.79,6.99,hf_builds,2.7.1/builds.json,https://huggingface.co/datasets/LvlUrArti/ShiyuDataProcessed/resolve/main/2.7.1/builds.json,ok
2.7.2,2026-04-21,sd,式舆防卫,5-1,第5防线 1,2.7.2,式舆防卫 2.7.2,2026-04-17,2026-05-01,aria,Aria,爱芮,异常主C,S,33.85,32297,5024,2772,0.11,60.0,59.82,6.99,hf_builds,2.7.2/builds.json,https://huggingface.co/datasets/LvlUrArti/ShiyuDataProcessed/resolve/main/2.7.2/builds.json,ok
2.8.1,2026-05-11,sd,式舆防卫,5-1,第5防线 1,2.7.3,式舆防卫 2.7.3,2026-05-01,2026-05-15,aria,Aria,爱芮,异常主C,S,2.61,30956,6174,2666,0.17,60.0,59.44,6.99,hf_builds,2.8.1/builds.json,https://huggingface.co/datasets/LvlUrArti/ShiyuDataProcessed/resolve/main/2.8.1/builds.json,ok
2.8.2,2026-06-02,sd,式舆防卫,5-1,第5防线 1,2.8.2,式舆防卫 2.8.2,2026-05-29,2026-06-12,aria,Aria,爱芮,异常主C,S,0.18,22846,660,271,0.16,59.99,59.56,6.99,hf_builds,2.8.2/builds.json,https://huggingface.co/datasets/LvlUrArti/ShiyuDataProcessed/resolve/main/2.8.2/builds.json,ok
3.0.1,2026-06-21,sd,式舆防卫,5-1,第5防线 1,2.8.3,式舆防卫 2.8.3,2026-06-12,2026-06-26,aria,Aria,爱芮,异常主C,S,4.02,31630,1062,618,0.27,60.0,59.71,7.0,hf_builds,3.0.1/builds.json,https://huggingface.co/datasets/LvlUrArti/ShiyuDataProcessed/resolve/main/3.0.1/builds.json,ok
2.6.1,2026-02-17,sd,式舆防卫,5-1,第5防线 1,2.6.1,式舆防卫 2.6.1,2026-02-06,2026-02-20,astra-yao,Astra Yao,耀嘉音,辅助,S,11.34,32538,12666,1703,0.33,60.0,59.3,6.99,hf_builds,2.6.1/builds.json,https://huggingface.co/datasets/LvlUrArti/ShiyuDataProcessed/resolve/main/2.6.1/builds.json,ok
2.6.2,2026-03-10,sd,式舆防卫,5-1,第5防线 1,2.6.3,式舆防卫 2.6.3,2026-03-06,2026-03-20,astra-yao,Astra Yao,耀嘉音,辅助,S,24.66,30120,7850,2394,0.38,60.0,59.56,6.99,hf_builds,2.6.2/builds.json,https://huggingface.co/datasets/LvlUrArti/ShiyuDataProcessed/resolve/main/2.6.2/builds.json,ok
2.7.1,2026-03-31,sd,式舆防卫,5-1,第5防线 1,2.6.4,式舆防卫 2.6.4,2026-03-20,2026-04-03,astra-yao,Astra Yao,耀嘉音,辅助,S,14.64,33506,7901,1888,0.39,60.0,59.39,6.99,hf_builds,2.7.1/builds.json,https://huggingface.co/datasets/LvlUrArti/ShiyuDataProcessed/resolve/main/2.7.1/builds.json,ok
2.7.2,2026-04-21,sd,式舆防卫,5-1,第5防线 1,2.7.2,式舆防卫 2.7.2,2026-04-17,2026-05-01,astra-yao,Astra Yao,耀嘉音,辅助,S,5.77,28997,5871,1602,0.4,60.0,59.63,7.0,hf_builds,2.7.2/builds.json,https://huggingface.co/datasets/LvlUrArti/ShiyuDataProcessed/resolve/main/2.7.2/builds.json,ok
2.8.1,2026-05-11,sd,式舆防卫,5-1,第5防线 1,2.7.3,式舆防卫 2.7.3,2026-05-01,2026-05-15,astra-yao,Astra Yao,耀嘉音,辅助,S,6.88,30300,8640,1753,0.4,60.0,59.65,6.99,hf_builds,2.8.1/builds.json,https://huggingface.co/datasets/LvlUrArti/ShiyuDataProcessed/resolve/main/2.8.1/builds.json,ok
2.8.2,2026-06-02,sd,式舆防卫,5-1,第5防线 1,2.8.2,式舆防卫 2.8.2,2026-05-29,2026-06-12,astra-yao,Astra Yao,耀嘉音,辅助,S,10.32,26424,6912,824,0.38,60.0,59.75,6.99,hf_builds,2.8.2/builds.json,https://huggingface.co/datasets/LvlUrArti/ShiyuDataProcessed/resolve/main/2.8.2/builds.json,ok
3.0.1,2026-06-21,sd,式舆防卫,5-1,第5防线 1,2.8.3,式舆防卫 2.8.3,2026-06-12,2026-06-26,astra-yao,Astra Yao,耀嘉音,辅助,S,11.1,29268,7651,1554,0.4,60.0,59.63,6.99,hf_builds,3.0.1/builds.json,https://huggingface.co/datasets/LvlUrArti/ShiyuDataProcessed/resolve/main/3.0.1/builds.json,ok
2.6.1,2026-02-17,sd,式舆防卫,5-1,第5防线 1,2.6.1,式舆防卫 2.6.1,2026-02-06,2026-02-20,banyue,Banyue,般岳,直伤主C,S,0.12,28197,876,339,0.51,60.0,59.38,7.0,hf_builds,2.6.1/builds.json,https://huggingface.co/datasets/LvlUrArti/ShiyuDataProcessed/resolve/main/2.6.1/builds.json,ok
2.6.2,2026-03-10,sd,式舆防卫,5-1,第5防线 1,2.6.3,式舆防卫 2.6.3,2026-03-06,2026-03-20,banyue,Banyue,般岳,直伤主C,S,0.0,0,755,679,0.39,60.0,59.9,7.0,hf_builds,2.6.2/builds.json,https://huggingface.co/datasets/LvlUrArti/ShiyuDataProcessed/resolve/main/2.6.2/builds.json,ok
2.7.1,2026-03-31,sd,式舆防卫,5-1,第5防线 1,2.6.4,式舆防卫 2.6.4,2026-03-20,2026-04-03,banyue,Banyue,般岳,直伤主C,S,0.06,0,693,537,0.59,60.0,59.75,7.0,hf_builds,2.7.1/builds.json,https://huggingface.co/datasets/LvlUrArti/ShiyuDataProcessed/resolve/main/2.7.1/builds.json,ok
2.7.2,2026-04-21,sd,式舆防卫,5-1,第5防线 1,2.7.2,式舆防卫 2.7.2,2026-04-17,2026-05-01,banyue,Banyue,般岳,直伤主C,S,0.05,0,417,370,0.66,60.0,59.98,7.0,hf_builds,2.7.2/builds.json,https://huggingface.co/datasets/LvlUrArti/ShiyuDataProcessed/resolve/main/2.7.2/builds.json,ok
2.8.1,2026-05-11,sd,式舆防卫,5-1,第5防线 1,2.7.3,式舆防卫 2.7.3,2026-05-01,2026-05-15,banyue,Banyue,般岳,直伤主C,S,0.13,27994,147,150,0.51,60.0,59.97,7.0,hf_builds,2.8.1/builds.json,https://huggingface.co/datasets/LvlUrArti/ShiyuDataProcessed/resolve/main/2.8.1/builds.json,ok
2.8.2,2026-06-02,sd,式舆防卫,5-1,第5防线 1,2.8.2,式舆防卫 2.8.2,2026-05-29,2026-06-12,banyue,Banyue,般岳,直伤主C,S,2.67,28584,369,144,0.47,60.0,59.11,7.0,hf_builds,2.8.2/builds.json,https://huggingface.co/datasets/LvlUrArti/ShiyuDataProcessed/resolve/main/2.8.2/builds.json,ok
3.0.1,2026-06-21,sd,式舆防卫,5-1,第5防线 1,2.8.3,式舆防卫 2.8.3,2026-06-12,2026-06-26,banyue,Banyue,般岳,直伤主C,S,0.0,0,435,294,0.67,60.0,59.21,7.0,hf_builds,3.0.1/builds.json,https://huggingface.co/datasets/LvlUrArti/ShiyuDataProcessed/resolve/main/3.0.1/builds.json,ok
2.6.1,2026-02-17,sd,式舆防卫,5-1,第5防线 1,2.6.1,式舆防卫 2.6.1,2026-02-06,2026-02-20,ben,Ben Bigger,本·比格,直伤主C,A,0.0,0,14,5,6.0,60.0,60.0,7.0,hf_builds,2.6.1/builds.json,https://huggingface.co/datasets/LvlUrArti/ShiyuDataProcessed/resolve/main/2.6.1/builds.json,ok
2.6.2,2026-03-10,sd,式舆防卫,5-1,第5防线 1,2.6.3,式舆防卫 2.6.3,2026-03-06,2026-03-20,ben,Ben Bigger,本·比格,直伤主C,A,0.0,0,6,7,6.0,60.0,60.0,7.0,hf_builds,2.6.2/builds.json,https://huggingface.co/datasets/LvlUrArti/ShiyuDataProcessed/resolve/main/2.6.2/builds.json,ok
2.7.1,2026-03-31,sd,式舆防卫,5-1,第5防线 1,2.6.4,式舆防卫 2.6.4,2026-03-20,2026-04-03,ben,Ben Bigger,本·比格,直伤主C,A,0.02,0,6,5,6.0,60.0,60.0,7.0,hf_builds,2.7.1/builds.json,https://huggingface.co/datasets/LvlUrArti/ShiyuDataProcessed/resolve/main/2.7.1/builds.json,ok
2.7.2,2026-04-21,sd,式舆防卫,5-1,第5防线 1,2.7.2,式舆防卫 2.7.2,2026-04-17,2026-05-01,ben,Ben Bigger,本·比格,直伤主C,A,0.01,0,4,4,6.0,60.0,60.0,7.0,hf_builds,2.7.2/builds.json,https://huggingface.co/datasets/LvlUrArti/ShiyuDataProcessed/resolve/main/2.7.2/builds.json,ok
2.8.1,2026-05-11,sd,式舆防卫,5-1,第5防线 1,2.7.3,式舆防卫 2.7.3,2026-05-01,2026-05-15,ben,Ben Bigger,本·比格,直伤主C,A,0.01,0,4,4,6.0,60.0,60.0,7.0,hf_builds,2.8.1/builds.json,https://huggingface.co/datasets/LvlUrArti/ShiyuDataProcessed/resolve/main/2.8.1/builds.json,ok
2.8.2,2026-06-02,sd,式舆防卫,5-1,第5防线 1,2.8.2,式舆防卫 2.8.2,2026-05-29,2026-06-12,ben,Ben Bigger,本·比格,直伤主C,A,0.03,0,5,2,6.0,60.0,60.0,7.0,hf_builds,2.8.2/builds.json,https://huggingface.co/datasets/LvlUrArti/ShiyuDataProcessed/resolve/main/2.8.2/builds.json,ok
3.0.1,2026-06-21,sd,式舆防卫,5-1,第5防线 1,2.8.3,式舆防卫 2.8.3,2026-06-12,2026-06-26,ben,Ben Bigger,本·比格,直伤主C,A,0.0,0,6,6,6.0,60.0,60.0,7.0,hf_builds,3.0.1/builds.json,https://huggingface.co/datasets/LvlUrArti/ShiyuDataProcessed/resolve/main/3.0.1/builds.json,ok
2.6.1,2026-02-17,sd,式舆防卫,5-1,第5防线 1,2.6.1,式舆防卫 2.6.1,2026-02-06,2026-02-20,billy-kid,Billy Kid,比利·奇德,直伤主C,A,0.18,26828,45,16,6.0,60.0,60.0,7.0,hf_builds,2.6.1/builds.json,https://huggingface.co/datasets/LvlUrArti/ShiyuDataProcessed/resolve/main/2.6.1/builds.json,ok
2.6.2,2026-03-10,sd,式舆防卫,5-1,第5防线 1,2.6.3,式舆防卫 2.6.3,2026-03-06,2026-03-20,billy-kid,Billy Kid,比利·奇德,直伤主C,A,0.11,0,28,24,6.0,60.0,60.0,7.0,hf_builds,2.6.2/builds.json,https://huggingface.co/datasets/LvlUrArti/ShiyuDataProcessed/resolve/main/2.6.2/builds.json,ok
2.7.1,2026-03-31,sd,式舆防卫,5-1,第5防线 1,2.6.4,式舆防卫 2.6.4,2026-03-20,2026-04-03,billy-kid,Billy Kid,比利·奇德,直伤主C,A,0.18,26744,36,25,6.0,60.0,60.0,7.0,hf_builds,2.7.1/builds.json,https://huggingface.co/datasets/LvlUrArti/ShiyuDataProcessed/resolve/main/2.7.1/builds.json,ok
2.7.2,2026-04-21,sd,式舆防卫,5-1,第5防线 1,2.7.2,式舆防卫 2.7.2,2026-04-17,2026-05-01,billy-kid,Billy Kid,比利·奇德,直伤主C,A,0.0,0,15,15,6.0,60.0,60.0,7.0,hf_builds,2.7.2/builds.json,https://huggingface.co/datasets/LvlUrArti/ShiyuDataProcessed/resolve/main/2.7.2/builds.json,ok
2.8.1,2026-05-11,sd,式舆防卫,5-1,第5防线 1,2.7.3,式舆防卫 2.7.3,2026-05-01,2026-05-15,billy-kid,Billy Kid,比利·奇德,直伤主C,A,0.16,28486,33,24,6.0,60.0,60.0,7.0,hf_builds,2.8.1/builds.json,https://huggingface.co/datasets/LvlUrArti/ShiyuDataProcessed/resolve/main/2.8.1/builds.json,ok
2.8.2,2026-06-02,sd,式舆防卫,5-1,第5防线 1,2.8.2,式舆防卫 2.8.2,2026-05-29,2026-06-12,billy-kid,Billy Kid,比利·奇德,直伤主C,A,0.0,0,6,2,6.0,60.0,60.0,7.0,hf_builds,2.8.2/builds.json,https://huggingface.co/datasets/LvlUrArti/ShiyuDataProcessed/resolve/main/2.8.2/builds.json,ok
3.0.1,2026-06-21,sd,式舆防卫,5-1,第5防线 1,2.8.3,式舆防卫 2.8.3,2026-06-12,2026-06-26,billy-kid,Billy Kid,比利·奇德,直伤主C,A,0.0,0,11,8,6.0,60.0,60.0,7.0,hf_builds,3.0.1/builds.json,https://huggingface.co/datasets/LvlUrArti/ShiyuDataProcessed/resolve/main/3.0.1/builds.json,ok
2.8.2,2026-06-02,sd,式舆防卫,5-1,第5防线 1,2.8.2,式舆防卫 2.8.2,2026-05-29,2026-06-12,billy-starlight,Starlight - Billy,星徽·比利,直伤主C,S,14.77,32424,2105,594,0.26,59.99,59.27,6.99,hf_builds,2.8.2/builds.json,https://huggingface.co/datasets/LvlUrArti/ShiyuDataProcessed/resolve/main/2.8.2/builds.json,ok
3.0.1,2026-06-21,sd,式舆防卫,5-1,第5防线 1,2.8.3,式舆防卫 2.8.3,2026-06-12,2026-06-26,billy-starlight,Starlight - Billy,星徽·比利,直伤主C,S,0.01,0,3200,1457,0.27,60.0,59.64,6.99,hf_builds,3.0.1/builds.json,https://huggingface.co/datasets/LvlUrArti/ShiyuDataProcessed/resolve/main/3.0.1/builds.json,ok
2.6.1,2026-02-17,sd,式舆防卫,5-1,第5防线 1,2.6.1,式舆防卫 2.6.1,2026-02-06,2026-02-20,burnice,Burnice White,柏妮思·怀特,异常主C,S,1.58,27590,1770,342,0.37,60.0,59.65,6.99,hf_builds,2.6.1/builds.json,https://huggingface.co/datasets/LvlUrArti/ShiyuDataProcessed/resolve/main/2.6.1/builds.json,ok
2.6.2,2026-03-10,sd,式舆防卫,5-1,第5防线 1,2.6.3,式舆防卫 2.6.3,2026-03-06,2026-03-20,burnice,Burnice White,柏妮思·怀特,异常主C,S,1.74,27519,1320,471,0.41,60.0,59.79,7.0,hf_builds,2.6.2/builds.json,https://huggingface.co/datasets/LvlUrArti/ShiyuDataProcessed/resolve/main/2.6.2/builds.json,ok
2.7.1,2026-03-31,sd,式舆防卫,5-1,第5防线 1,2.6.4,式舆防卫 2.6.4,2026-03-20,2026-04-03,burnice,Burnice White,柏妮思·怀特,异常主C,S,1.32,26938,2575,621,0.34,60.0,59.65,6.99,hf_builds,2.7.1/builds.json,https://huggingface.co/datasets/LvlUrArti/ShiyuDataProcessed/resolve/main/2.7.1/builds.json,ok
2.7.2,2026-04-21,sd,式舆防卫,5-1,第5防线 1,2.7.2,式舆防卫 2.7.2,2026-04-17,2026-05-01,burnice,Burnice White,柏妮思·怀特,异常主C,S,0.5,29130,1107,352,0.47,60.0,59.97,6.99,hf_builds,2.7.2/builds.json,https://huggingface.co/datasets/LvlUrArti/ShiyuDataProcessed/resolve/main/2.7.2/builds.json,ok
2.8.1,2026-05-11,sd,式舆防卫,5-1,第5防线 1,2.7.3,式舆防卫 2.7.3,2026-05-01,2026-05-15,burnice,Burnice White,柏妮思·怀特,异常主C,S,0.06,0,851,252,0.51,60.0,59.82,7.0,hf_builds,2.8.1/builds.json,https://huggingface.co/datasets/LvlUrArti/ShiyuDataProcessed/resolve/main/2.8.1/builds.json,ok
2.8.2,2026-06-02,sd,式舆防卫,5-1,第5防线 1,2.8.2,式舆防卫 2.8.2,2026-05-29,2026-06-12,burnice,Burnice White,柏妮思·怀特,异常主C,S,3.45,26104,960,148,0.4,60.0,59.93,7.0,hf_builds,2.8.2/builds.json,https://huggingface.co/datasets/LvlUrArti/ShiyuDataProcessed/resolve/main/2.8.2/builds.json,ok
3.0.1,2026-06-21,sd,式舆防卫,5-1,第5防线 1,2.8.3,式舆防卫 2.8.3,2026-06-12,2026-06-26,burnice,Burnice White,柏妮思·怀特,异常主C,S,2.58,30349,1318,345,0.43,60.0,58.93,6.99,hf_builds,3.0.1/builds.json,https://huggingface.co/datasets/LvlUrArti/ShiyuDataProcessed/resolve/main/3.0.1/builds.json,ok
2.6.1,2026-02-17,sd,式舆防卫,5-1,第5防线 1,2.6.1,式舆防卫 2.6.1,2026-02-06,2026-02-20,caesar,Caesar King,凯撒·金,辅助,S,1.88,29995,623,76,0.5,60.0,58.18,6.97,hf_builds,2.6.1/builds.json,https://huggingface.co/datasets/LvlUrArti/ShiyuDataProcessed/resolve/main/2.6.1/builds.json,ok
2.6.2,2026-03-10,sd,式舆防卫,5-1,第5防线 1,2.6.3,式舆防卫 2.6.3,2026-03-06,2026-03-20,caesar,Caesar King,凯撒·金,辅助,S,0.75,30856,312,100,0.54,60.0,59.55,7.0,hf_builds,2.6.2/builds.json,https://huggingface.co/datasets/LvlUrArti/ShiyuDataProcessed/resolve/main/2.6.2/builds.json,ok
2.7.1,2026-03-31,sd,式舆防卫,5-1,第5防线 1,2.6.4,式舆防卫 2.6.4,2026-03-20,2026-04-03,caesar,Caesar King,凯撒·金,辅助,S,1.17,30647,346,100,0.72,60.0,59.15,6.99,hf_builds,2.7.1/builds.json,https://huggingface.co/datasets/LvlUrArti/ShiyuDataProcessed/resolve/main/2.7.1/builds.json,ok
2.7.2,2026-04-21,sd,式舆防卫,5-1,第5防线 1,2.7.2,式舆防卫 2.7.2,2026-04-17,2026-05-01,caesar,Caesar King,凯撒·金,辅助,S,0.33,28454,190,67,0.65,60.0,59.67,6.99,hf_builds,2.7.2/builds.json,https://huggingface.co/datasets/LvlUrArti/ShiyuDataProcessed/resolve/main/2.7.2/builds.json,ok
2.8.1,2026-05-11,sd,式舆防卫,5-1,第5防线 1,2.7.3,式舆防卫 2.7.3,2026-05-01,2026-05-15,caesar,Caesar King,凯撒·金,辅助,S,0.87,28999,247,64,0.67,60.0,59.87,7.0,hf_builds,2.8.1/builds.json,https://huggingface.co/datasets/LvlUrArti/ShiyuDataProcessed/resolve/main/2.8.1/builds.json,ok
2.8.2,2026-06-02,sd,式舆防卫,5-1,第5防线 1,2.8.2,式舆防卫 2.8.2,2026-05-29,2026-06-12,caesar,Caesar King,凯撒·金,辅助,S,1.03,27359,249,45,0.64,60.0,59.88,7.0,hf_builds,2.8.2/builds.json,https://huggingface.co/datasets/LvlUrArti/ShiyuDataProcessed/resolve/main/2.8.2/builds.json,ok
3.0.1,2026-06-21,sd,式舆防卫,5-1,第5防线 1,2.8.3,式舆防卫 2.8.3,2026-06-12,2026-06-26,caesar,Caesar King,凯撒·金,辅助,S,0.13,0,275,84,0.64,60.0,59.45,6.99,hf_builds,3.0.1/builds.json,https://huggingface.co/datasets/LvlUrArti/ShiyuDataProcessed/resolve/main/3.0.1/builds.json,ok
2.7.2,2026-04-21,sd,式舆防卫,5-1,第5防线 1,2.7.2,式舆防卫 2.7.2,2026-04-17,2026-05-01,cissia,Cissia,希希芙,直伤主C,S,0.03,0,1489,600,0.12,59.98,59.86,6.95,hf_builds,2.7.2/builds.json,https://huggingface.co/datasets/LvlUrArti/ShiyuDataProcessed/resolve/main/2.7.2/builds.json,ok
2.8.1,2026-05-11,sd,式舆防卫,5-1,第5防线 1,2.7.3,式舆防卫 2.7.3,2026-05-01,2026-05-15,cissia,Cissia,希希芙,直伤主C,S,0.12,31929,3011,1003,0.14,60.0,59.97,6.98,hf_builds,2.8.1/builds.json,https://huggingface.co/datasets/LvlUrArti/ShiyuDataProcessed/resolve/main/2.8.1/builds.json,ok
2.8.2,2026-06-02,sd,式舆防卫,5-1,第5防线 1,2.8.2,式舆防卫 2.8.2,2026-05-29,2026-06-12,cissia,Cissia,希希芙,直伤主C,S,0.07,0,2156,434,0.19,60.0,59.87,6.99,hf_builds,2.8.2/builds.json,https://huggingface.co/datasets/LvlUrArti/ShiyuDataProcessed/resolve/main/2.8.2/builds.json,ok
3.0.1,2026-06-21,sd,式舆防卫,5-1,第5防线 1,2.8.3,式舆防卫 2.8.3,2026-06-12,2026-06-26,cissia,Cissia,希希芙,直伤主C,S,0.28,30976,786,365,0.36,60.0,59.85,6.99,hf_builds,3.0.1/builds.json,https://huggingface.co/datasets/LvlUrArti/ShiyuDataProcessed/resolve/main/3.0.1/builds.json,ok
2.6.1,2026-02-17,sd,式舆防卫,5-1,第5防线 1,2.6.1,式舆防卫 2.6.1,2026-02-06,2026-02-20,corin,Corin Wickes,可琳·威克斯,直伤主C,A,0.25,27302,59,24,6.0,60.0,58.98,7.0,hf_builds,2.6.1/builds.json,https://huggingface.co/datasets/LvlUrArti/ShiyuDataProcessed/resolve/main/2.6.1/builds.json,ok
2.6.2,2026-03-10,sd,式舆防卫,5-1,第5防线 1,2.6.3,式舆防卫 2.6.3,2026-03-06,2026-03-20,corin,Corin Wickes,可琳·威克斯,直伤主C,A,0.11,0,42,35,6.0,60.0,59.28,7.0,hf_builds,2.6.2/builds.json,https://huggingface.co/datasets/LvlUrArti/ShiyuDataProcessed/resolve/main/2.6.2/builds.json,ok
2.7.1,2026-03-31,sd,式舆防卫,5-1,第5防线 1,2.6.4,式舆防卫 2.6.4,2026-03-20,2026-04-03,corin,Corin Wickes,可琳·威克斯,直伤主C,A,0.21,26872,41,29,6.0,60.0,56.28,7.0,hf_builds,2.7.1/builds.json,https://huggingface.co/datasets/LvlUrArti/ShiyuDataProcessed/resolve/main/2.7.1/builds.json,ok
2.7.2,2026-04-21,sd,式舆防卫,5-1,第5防线 1,2.7.2,式舆防卫 2.7.2,2026-04-17,2026-05-01,corin,Corin Wickes,可琳·威克斯,直伤主C,A,0.01,0,14,14,6.0,60.0,56.33,7.0,hf_builds,2.7.2/builds.json,https://huggingface.co/datasets/LvlUrArti/ShiyuDataProcessed/resolve/main/2.7.2/builds.json,ok
2.8.1,2026-05-11,sd,式舆防卫,5-1,第5防线 1,2.7.3,式舆防卫 2.7.3,2026-05-01,2026-05-15,corin,Corin Wickes,可琳·威克斯,直伤主C,A,0.15,28017,30,25,6.0,60.0,57.65,7.0,hf_builds,2.8.1/builds.json,https://huggingface.co/datasets/LvlUrArti/ShiyuDataProcessed/resolve/main/2.8.1/builds.json,ok
2.8.2,2026-06-02,sd,式舆防卫,5-1,第5防线 1,2.8.2,式舆防卫 2.8.2,2026-05-29,2026-06-12,corin,Corin Wickes,可琳·威克斯,直伤主C,A,0.16,25811,28,12,6.0,60.0,60.0,7.0,hf_builds,2.8.2/builds.json,https://huggingface.co/datasets/LvlUrArti/ShiyuDataProcessed/resolve/main/2.8.2/builds.json,ok
3.0.1,2026-06-21,sd,式舆防卫,5-1,第5防线 1,2.8.3,式舆防卫 2.8.3,2026-06-12,2026-06-26,corin,Corin Wickes,可琳·威克斯,直伤主C,A,0.0,0,42,28,6.0,60.0,56.51,7.0,hf_builds,3.0.1/builds.json,https://huggingface.co/datasets/LvlUrArti/ShiyuDataProcessed/resolve/main/3.0.1/builds.json,ok
2.6.1,2026-02-17,sd,式舆防卫,5-1,第5防线 1,2.6.1,式舆防卫 2.6.1,2026-02-06,2026-02-20,dialyn,Dialyn,琉音,辅助,S,40.94,34726,14059,1764,0.08,59.99,59.65,6.99,hf_builds,2.6.1/builds.json,https://huggingface.co/datasets/LvlUrArti/ShiyuDataProcessed/resolve/main/2.6.1/builds.json,ok
2.6.2,2026-03-10,sd,式舆防卫,5-1,第5防线 1,2.6.3,式舆防卫 2.6.3,2026-03-06,2026-03-20,dialyn,Dialyn,琉音,辅助,S,16.47,35829,10996,2915,0.09,60.0,59.63,6.99,hf_builds,2.6.2/builds.json,https://huggingface.co/datasets/LvlUrArti/ShiyuDataProcessed/resolve/main/2.6.2/builds.json,ok
2.7.1,2026-03-31,sd,式舆防卫,5-1,第5防线 1,2.6.4,式舆防卫 2.6.4,2026-03-20,2026-04-03,dialyn,Dialyn,琉音,辅助,S,40.14,35793,13398,2628,0.09,60.0,59.39,7.0,hf_builds,2.7.1/builds.json,https://huggingface.co/datasets/LvlUrArti/ShiyuDataProcessed/resolve/main/2.7.1/builds.json,ok
2.7.2,2026-04-21,sd,式舆防卫,5-1,第5防线 1,2.7.2,式舆防卫 2.7.2,2026-04-17,2026-05-01,dialyn,Dialyn,琉音,辅助,S,19.24,32425,9513,2169,0.09,60.0,59.57,6.99,hf_builds,2.7.2/builds.json,https://huggingface.co/datasets/LvlUrArti/ShiyuDataProcessed/resolve/main/2.7.2/builds.json,ok
2.8.1,2026-05-11,sd,式舆防卫,5-1,第5防线 1,2.7.3,式舆防卫 2.7.3,2026-05-01,2026-05-15,dialyn,Dialyn,琉音,辅助,S,47.79,33734,12200,2091,0.09,60.0,59.46,6.99,hf_builds,2.8.1/builds.json,https://huggingface.co/datasets/LvlUrArti/ShiyuDataProcessed/resolve/main/2.8.1/builds.json,ok
2.8.2,2026-06-02,sd,式舆防卫,5-1,第5防线 1,2.8.2,式舆防卫 2.8.2,2026-05-29,2026-06-12,dialyn,Dialyn,琉音,辅助,S,44.9,32014,8222,887,0.09,60.0,59.77,6.99,hf_builds,2.8.2/builds.json,https://huggingface.co/datasets/LvlUrArti/ShiyuDataProcessed/resolve/main/2.8.2/builds.json,ok
3.0.1,2026-06-21,sd,式舆防卫,5-1,第5防线 1,2.8.3,式舆防卫 2.8.3,2026-06-12,2026-06-26,dialyn,Dialyn,琉音,辅助,S,1.21,27761,12391,1908,0.09,60.0,59.58,7.0,hf_builds,3.0.1/builds.json,https://huggingface.co/datasets/LvlUrArti/ShiyuDataProcessed/resolve/main/3.0.1/builds.json,ok
2.6.1,2026-02-17,sd,式舆防卫,5-1,第5防线 1,2.6.1,式舆防卫 2.6.1,2026-02-06,2026-02-20,ellen,Ellen Joe,艾莲·乔,直伤主C,S,0.04,0,133,88,2.45,60.0,60.0,7.0,hf_builds,2.6.1/builds.json,https://huggingface.co/datasets/LvlUrArti/ShiyuDataProcessed/resolve/main/2.6.1/builds.json,ok
2.6.2,2026-03-10,sd,式舆防卫,5-1,第5防线 1,2.6.3,式舆防卫 2.6.3,2026-03-06,2026-03-20,ellen,Ellen Joe,艾莲·乔,直伤主C,S,0.22,27147,54,91,2.56,59.95,59.58,6.98,hf_builds,2.6.2/builds.json,https://huggingface.co/datasets/LvlUrArti/ShiyuDataProcessed/resolve/main/2.6.2/builds.json,ok
2.7.1,2026-03-31,sd,式舆防卫,5-1,第5防线 1,2.6.4,式舆防卫 2.6.4,2026-03-20,2026-04-03,ellen,Ellen Joe,艾莲·乔,直伤主C,S,0.1,27871,194,216,1.48,60.0,59.33,7.0,hf_builds,2.7.1/builds.json,https://huggingface.co/datasets/LvlUrArti/ShiyuDataProcessed/resolve/main/2.7.1/builds.json,ok
2.7.2,2026-04-21,sd,式舆防卫,5-1,第5防线 1,2.7.2,式舆防卫 2.7.2,2026-04-17,2026-05-01,ellen,Ellen Joe,艾莲·乔,直伤主C,S,0.03,0,88,144,1.57,60.0,59.83,7.0,hf_builds,2.7.2/builds.json,https://huggingface.co/datasets/LvlUrArti/ShiyuDataProcessed/resolve/main/2.7.2/builds.json,ok
2.8.1,2026-05-11,sd,式舆防卫,5-1,第5防线 1,2.7.3,式舆防卫 2.7.3,2026-05-01,2026-05-15,ellen,Ellen Joe,艾莲·乔,直伤主C,S,0.24,25831,60,83,2.65,60.0,59.68,7.0,hf_builds,2.8.1/builds.json,https://huggingface.co/datasets/LvlUrArti/ShiyuDataProcessed/resolve/main/2.8.1/builds.json,ok
2.8.2,2026-06-02,sd,式舆防卫,5-1,第5防线 1,2.8.2,式舆防卫 2.8.2,2026-05-29,2026-06-12,ellen,Ellen Joe,艾莲·乔,直伤主C,S,0.03,0,80,60,1.75,60.0,59.56,7.0,hf_builds,2.8.2/builds.json,https://huggingface.co/datasets/LvlUrArti/ShiyuDataProcessed/resolve/main/2.8.2/builds.json,ok
3.0.1,2026-06-21,sd,式舆防卫,5-1,第5防线 1,2.8.3,式舆防卫 2.8.3,2026-06-12,2026-06-26,ellen,Ellen Joe,艾莲·乔,直伤主C,S,0.39,26335,113,117,1.38,60.0,59.65,7.0,hf_builds,3.0.1/builds.json,https://huggingface.co/datasets/LvlUrArti/ShiyuDataProcessed/resolve/main/3.0.1/builds.json,ok
2.6.1,2026-02-17,sd,式舆防卫,5-1,第5防线 1,2.6.1,式舆防卫 2.6.1,2026-02-06,2026-02-20,evelyn,Evelyn Chevalier,伊芙琳·舒瓦利耶,直伤主C,S,0.21,26660,3921,1246,0.41,60.0,59.25,7.0,hf_builds,2.6.1/builds.json,https://huggingface.co/datasets/LvlUrArti/ShiyuDataProcessed/resolve/main/2.6.1/builds.json,ok
2.6.2,2026-03-10,sd,式舆防卫,5-1,第5防线 1,2.6.3,式舆防卫 2.6.3,2026-03-06,2026-03-20,evelyn,Evelyn Chevalier,伊芙琳·舒瓦利耶,直伤主C,S,0.95,27551,1348,1095,0.68,60.0,59.45,7.0,hf_builds,2.6.2/builds.json,https://huggingface.co/datasets/LvlUrArti/ShiyuDataProcessed/resolve/main/2.6.2/builds.json,ok
2.7.1,2026-03-31,sd,式舆防卫,5-1,第5防线 1,2.6.4,式舆防卫 2.6.4,2026-03-20,2026-04-03,evelyn,Evelyn Chevalier,伊芙琳·舒瓦利耶,直伤主C,S,0.94,26932,938,678,0.98,60.0,59.69,7.0,hf_builds,2.7.1/builds.json,https://huggingface.co/datasets/LvlUrArti/ShiyuDataProcessed/resolve/main/2.7.1/builds.json,ok
2.7.2,2026-04-21,sd,式舆防卫,5-1,第5防线 1,2.7.2,式舆防卫 2.7.2,2026-04-17,2026-05-01,evelyn,Evelyn Chevalier,伊芙琳·舒瓦利耶,直伤主C,S,0.23,0,304,317,1.07,60.0,59.66,7.0,hf_builds,2.7.2/builds.json,https://huggingface.co/datasets/LvlUrArti/ShiyuDataProcessed/resolve/main/2.7.2/builds.json,ok
2.8.1,2026-05-11,sd,式舆防卫,5-1,第5防线 1,2.7.3,式舆防卫 2.7.3,2026-05-01,2026-05-15,evelyn,Evelyn Chevalier,伊芙琳·舒瓦利耶,直伤主C,S,0.08,0,821,591,1.01,60.0,59.72,7.0,hf_builds,2.8.1/builds.json,https://huggingface.co/datasets/LvlUrArti/ShiyuDataProcessed/resolve/main/2.8.1/builds.json,ok
2.8.2,2026-06-02,sd,式舆防卫,5-1,第5防线 1,2.8.2,式舆防卫 2.8.2,2026-05-29,2026-06-12,evelyn,Evelyn Chevalier,伊芙琳·舒瓦利耶,直伤主C,S,5.09,24216,800,258,0.83,60.0,60.0,7.0,hf_builds,2.8.2/builds.json,https://huggingface.co/datasets/LvlUrArti/ShiyuDataProcessed/resolve/main/2.8.2/builds.json,ok
3.0.1,2026-06-21,sd,式舆防卫,5-1,第5防线 1,2.8.3,式舆防卫 2.8.3,2026-06-12,2026-06-26,evelyn,Evelyn Chevalier,伊芙琳·舒瓦利耶,直伤主C,S,0.06,0,1994,1076,0.64,60.0,59.46,7.0,hf_builds,3.0.1/builds.json,https://huggingface.co/datasets/LvlUrArti/ShiyuDataProcessed/resolve/main/3.0.1/builds.json,ok
2.6.1,2026-02-17,sd,式舆防卫,5-1,第5防线 1,2.6.1,式舆防卫 2.6.1,2026-02-06,2026-02-20,grace-howard,Grace Howard,格莉丝·霍华德,异常主C,S,0.11,27271,258,27,2.53,59.85,54.66,6.97,hf_builds,2.6.1/builds.json,https://huggingface.co/datasets/LvlUrArti/ShiyuDataProcessed/resolve/main/2.6.1/builds.json,ok
2.6.2,2026-03-10,sd,式舆防卫,5-1,第5防线 1,2.6.3,式舆防卫 2.6.3,2026-03-06,2026-03-20,grace-howard,Grace Howard,格莉丝·霍华德,异常主C,S,0.22,26768,54,24,2.94,60.0,60.0,6.98,hf_builds,2.6.2/builds.json,https://huggingface.co/datasets/LvlUrArti/ShiyuDataProcessed/resolve/main/2.6.2/builds.json,ok
2.7.1,2026-03-31,sd,式舆防卫,5-1,第5防线 1,2.6.4,式舆防卫 2.6.4,2026-03-20,2026-04-03,grace-howard,Grace Howard,格莉丝·霍华德,异常主C,S,0.03,0,18,10,2.72,60.0,60.0,7.0,hf_builds,2.7.1/builds.json,https://huggingface.co/datasets/LvlUrArti/ShiyuDataProcessed/resolve/main/2.7.1/builds.json,ok
2.7.2,2026-04-21,sd,式舆防卫,5-1,第5防线 1,2.7.2,式舆防卫 2.7.2,2026-04-17,2026-05-01,grace-howard,Grace Howard,格莉丝·霍华德,异常主C,S,0.05,0,82,28,2.72,60.0,60.0,7.0,hf_builds,2.7.2/builds.json,https://huggingface.co/datasets/LvlUrArti/ShiyuDataProcessed/resolve/main/2.7.2/builds.json,ok
2.8.1,2026-05-11,sd,式舆防卫,5-1,第5防线 1,2.7.3,式舆防卫 2.7.3,2026-05-01,2026-05-15,grace-howard,Grace Howard,格莉丝·霍华德,异常主C,S,0.01,0,56,24,2.96,60.0,60.0,7.0,hf_builds,2.8.1/builds.json,https://huggingface.co/datasets/LvlUrArti/ShiyuDataProcessed/resolve/main/2.8.1/builds.json,ok
2.8.2,2026-06-02,sd,式舆防卫,5-1,第5防线 1,2.8.2,式舆防卫 2.8.2,2026-05-29,2026-06-12,grace-howard,Grace Howard,格莉丝·霍华德,异常主C,S,0.01,0,78,6,2.36,60.0,60.0,7.0,hf_builds,2.8.2/builds.json,https://huggingface.co/datasets/LvlUrArti/ShiyuDataProcessed/resolve/main/2.8.2/builds.json,ok
3.0.1,2026-06-21,sd,式舆防卫,5-1,第5防线 1,2.8.3,式舆防卫 2.8.3,2026-06-12,2026-06-26,grace-howard,Grace Howard,格莉丝·霍华德,异常主C,S,0.19,28309,41,16,3.15,60.0,60.0,7.0,hf_builds,3.0.1/builds.json,https://huggingface.co/datasets/LvlUrArti/ShiyuDataProcessed/resolve/main/3.0.1/builds.json,ok
2.6.1,2026-02-17,sd,式舆防卫,5-1,第5防线 1,2.6.1,式舆防卫 2.6.1,2026-02-06,2026-02-20,harumasa,Asaba Harumasa,浅羽 悠真,直伤主C,S,0.19,29073,1092,275,0.68,60.0,59.68,7.0,hf_builds,2.6.1/builds.json,https://huggingface.co/datasets/LvlUrArti/ShiyuDataProcessed/resolve/main/2.6.1/builds.json,ok
2.6.2,2026-03-10,sd,式舆防卫,5-1,第5防线 1,2.6.3,式舆防卫 2.6.3,2026-03-06,2026-03-20,harumasa,Asaba Harumasa,浅羽 悠真,直伤主C,S,2.95,27227,475,316,0.76,60.0,59.94,7.0,hf_builds,2.6.2/builds.json,https://huggingface.co/datasets/LvlUrArti/ShiyuDataProcessed/resolve/main/2.6.2/builds.json,ok
2.7.1,2026-03-31,sd,式舆防卫,5-1,第5防线 1,2.6.4,式舆防卫 2.6.4,2026-03-20,2026-04-03,harumasa,Asaba Harumasa,浅羽 悠真,直伤主C,S,0.21,26658,43,55,1.87,60.0,60.0,7.0,hf_builds,2.7.1/builds.json,https://huggingface.co/datasets/LvlUrArti/ShiyuDataProcessed/resolve/main/2.7.1/builds.json,ok
2.7.2,2026-04-21,sd,式舆防卫,5-1,第5防线 1,2.7.2,式舆防卫 2.7.2,2026-04-17,2026-05-01,harumasa,Asaba Harumasa,浅羽 悠真,直伤主C,S,0.0,0,353,244,0.83,60.0,59.44,7.0,hf_builds,2.7.2/builds.json,https://huggingface.co/datasets/LvlUrArti/ShiyuDataProcessed/resolve/main/2.7.2/builds.json,ok
2.8.1,2026-05-11,sd,式舆防卫,5-1,第5防线 1,2.7.3,式舆防卫 2.7.3,2026-05-01,2026-05-15,harumasa,Asaba Harumasa,浅羽 悠真,直伤主C,S,0.06,0,504,287,0.82,60.0,59.79,7.0,hf_builds,2.8.1/builds.json,https://huggingface.co/datasets/LvlUrArti/ShiyuDataProcessed/resolve/main/2.8.1/builds.json,ok
2.8.2,2026-06-02,sd,式舆防卫,5-1,第5防线 1,2.8.2,式舆防卫 2.8.2,2026-05-29,2026-06-12,harumasa,Asaba Harumasa,浅羽 悠真,直伤主C,S,0.01,0,332,98,1.05,60.0,60.0,7.0,hf_builds,2.8.2/builds.json,https://huggingface.co/datasets/LvlUrArti/ShiyuDataProcessed/resolve/main/2.8.2/builds.json,ok
3.0.1,2026-06-21,sd,式舆防卫,5-1,第5防线 1,2.8.3,式舆防卫 2.8.3,2026-06-12,2026-06-26,harumasa,Asaba Harumasa,浅羽 悠真,直伤主C,S,0.02,0,33,51,2.8,60.0,60.0,7.0,hf_builds,3.0.1/builds.json,https://huggingface.co/datasets/LvlUrArti/ShiyuDataProcessed/resolve/main/3.0.1/builds.json,ok
2.6.1,2026-02-17,sd,式舆防卫,5-1,第5防线 1,2.6.1,式舆防卫 2.6.1,2026-02-06,2026-02-20,hugo,Hugo Vlad,雨果·维拉德,直伤主C,S,0.07,0,114,92,3.19,60.0,59.56,7.0,hf_builds,2.6.1/builds.json,https://huggingface.co/datasets/LvlUrArti/ShiyuDataProcessed/resolve/main/2.6.1/builds.json,ok
2.6.2,2026-03-10,sd,式舆防卫,5-1,第5防线 1,2.6.3,式舆防卫 2.6.3,2026-03-06,2026-03-20,hugo,Hugo Vlad,雨果·维拉德,直伤主C,S,0.19,0,58,111,3.28,60.0,59.68,7.0,hf_builds,2.6.2/builds.json,https://huggingface.co/datasets/LvlUrArti/ShiyuDataProcessed/resolve/main/2.6.2/builds.json,ok
2.7.1,2026-03-31,sd,式舆防卫,5-1,第5防线 1,2.6.4,式舆防卫 2.6.4,2026-03-20,2026-04-03,hugo,Hugo Vlad,雨果·维拉德,直伤主C,S,0.23,27374,199,246,1.94,60.0,59.32,7.0,hf_builds,2.7.1/builds.json,https://huggingface.co/datasets/LvlUrArti/ShiyuDataProcessed/resolve/main/2.7.1/builds.json,ok
2.7.2,2026-04-21,sd,式舆防卫,5-1,第5防线 1,2.7.2,式舆防卫 2.7.2,2026-04-17,2026-05-01,hugo,Hugo Vlad,雨果·维拉德,直伤主C,S,0.07,0,131,199,2.63,60.0,59.86,7.0,hf_builds,2.7.2/builds.json,https://huggingface.co/datasets/LvlUrArti/ShiyuDataProcessed/resolve/main/2.7.2/builds.json,ok
2.8.1,2026-05-11,sd,式舆防卫,5-1,第5防线 1,2.7.3,式舆防卫 2.7.3,2026-05-01,2026-05-15,hugo,Hugo Vlad,雨果·维拉德,直伤主C,S,0.68,29125,155,167,2.52,60.0,60.0,7.0,hf_builds,2.8.1/builds.json,https://huggingface.co/datasets/LvlUrArti/ShiyuDataProcessed/resolve/main/2.8.1/builds.json,ok
2.8.2,2026-06-02,sd,式舆防卫,5-1,第5防线 1,2.8.2,式舆防卫 2.8.2,2026-05-29,2026-06-12,hugo,Hugo Vlad,雨果·维拉德,直伤主C,S,0.04,0,121,82,2.52,60.0,60.0,7.0,hf_builds,2.8.2/builds.json,https://huggingface.co/datasets/LvlUrArti/ShiyuDataProcessed/resolve/main/2.8.2/builds.json,ok
3.0.1,2026-06-21,sd,式舆防卫,5-1,第5防线 1,2.8.3,式舆防卫 2.8.3,2026-06-12,2026-06-26,hugo,Hugo Vlad,雨果·维拉德,直伤主C,S,0.59,28542,145,176,1.8,60.0,59.89,7.0,hf_builds,3.0.1/builds.json,https://huggingface.co/datasets/LvlUrArti/ShiyuDataProcessed/resolve/main/3.0.1/builds.json,ok
2.6.1,2026-02-17,sd,式舆防卫,5-1,第5防线 1,2.6.1,式舆防卫 2.6.1,2026-02-06,2026-02-20,jane-doe,Jane Doe,简·杜,异常主C,S,2.87,27939,861,304,1.17,60.0,59.91,7.0,hf_builds,2.6.1/builds.json,https://huggingface.co/datasets/LvlUrArti/ShiyuDataProcessed/resolve/main/2.6.1/builds.json,ok
2.6.2,2026-03-10,sd,式舆防卫,5-1,第5防线 1,2.6.3,式舆防卫 2.6.3,2026-03-06,2026-03-20,jane-doe,Jane Doe,简·杜,异常主C,S,1.44,27180,1202,913,1.25,60.0,59.96,6.99,hf_builds,2.6.2/builds.json,https://huggingface.co/datasets/LvlUrArti/ShiyuDataProcessed/resolve/main/2.6.2/builds.json,ok
2.7.1,2026-03-31,sd,式舆防卫,5-1,第5防线 1,2.6.4,式舆防卫 2.6.4,2026-03-20,2026-04-03,jane-doe,Jane Doe,简·杜,异常主C,S,2.28,26766,1153,755,1.36,60.0,59.97,7.0,hf_builds,2.7.1/builds.json,https://huggingface.co/datasets/LvlUrArti/ShiyuDataProcessed/resolve/main/2.7.1/builds.json,ok
2.7.2,2026-04-21,sd,式舆防卫,5-1,第5防线 1,2.7.2,式舆防卫 2.7.2,2026-04-17,2026-05-01,jane-doe,Jane Doe,简·杜,异常主C,S,1.05,27345,291,308,1.55,60.0,60.0,7.0,hf_builds,2.7.2/builds.json,https://huggingface.co/datasets/LvlUrArti/ShiyuDataProcessed/resolve/main/2.7.2/builds.json,ok
2.8.1,2026-05-11,sd,式舆防卫,5-1,第5防线 1,2.7.3,式舆防卫 2.7.3,2026-05-01,2026-05-15,jane-doe,Jane Doe,简·杜,异常主C,S,1.05,27097,513,378,1.67,60.0,59.85,7.0,hf_builds,2.8.1/builds.json,https://huggingface.co/datasets/LvlUrArti/ShiyuDataProcessed/resolve/main/2.8.1/builds.json,ok
2.8.2,2026-06-02,sd,式舆防卫,5-1,第5防线 1,2.8.2,式舆防卫 2.8.2,2026-05-29,2026-06-12,jane-doe,Jane Doe,简·杜,异常主C,S,2.44,25169,603,213,1.3,59.97,59.97,7.0,hf_builds,2.8.2/builds.json,https://huggingface.co/datasets/LvlUrArti/ShiyuDataProcessed/resolve/main/2.8.2/builds.json,ok
3.0.1,2026-06-21,sd,式舆防卫,5-1,第5防线 1,2.8.3,式舆防卫 2.8.3,2026-06-12,2026-06-26,jane-doe,Jane Doe,简·杜,异常主C,S,0.18,27969,903,541,0.9,60.0,59.83,7.0,hf_builds,3.0.1/builds.json,https://huggingface.co/datasets/LvlUrArti/ShiyuDataProcessed/resolve/main/3.0.1/builds.json,ok
2.6.1,2026-02-17,sd,式舆防卫,5-1,第5防线 1,2.6.1,式舆防卫 2.6.1,2026-02-06,2026-02-20,ju-fufu,Ju Fufu,橘福福,辅助,S,1.75,29584,7995,652,0.12,60.0,59.37,6.99,hf_builds,2.6.1/builds.json,https://huggingface.co/datasets/LvlUrArti/ShiyuDataProcessed/resolve/main/2.6.1/builds.json,ok
2.6.2,2026-03-10,sd,式舆防卫,5-1,第5防线 1,2.6.3,式舆防卫 2.6.3,2026-03-06,2026-03-20,ju-fufu,Ju Fufu,橘福福,辅助,S,0.95,28987,5330,993,0.14,59.98,59.58,6.99,hf_builds,2.6.2/builds.json,https://huggingface.co/datasets/LvlUrArti/ShiyuDataProcessed/resolve/main/2.6.2/builds.json,ok
2.7.1,2026-03-31,sd,式舆防卫,5-1,第5防线 1,2.6.4,式舆防卫 2.6.4,2026-03-20,2026-04-03,ju-fufu,Ju Fufu,橘福福,辅助,S,1.81,31255,7087,946,0.14,59.99,58.88,6.99,hf_builds,2.7.1/builds.json,https://huggingface.co/datasets/LvlUrArti/ShiyuDataProcessed/resolve/main/2.7.1/builds.json,ok
2.7.2,2026-04-21,sd,式舆防卫,5-1,第5防线 1,2.7.2,式舆防卫 2.7.2,2026-04-17,2026-05-01,ju-fufu,Ju Fufu,橘福福,辅助,S,14.12,30838,4420,728,0.15,60.0,59.57,7.0,hf_builds,2.7.2/builds.json,https://huggingface.co/datasets/LvlUrArti/ShiyuDataProcessed/resolve/main/2.7.2/builds.json,ok
2.8.1,2026-05-11,sd,式舆防卫,5-1,第5防线 1,2.7.3,式舆防卫 2.7.3,2026-05-01,2026-05-15,ju-fufu,Ju Fufu,橘福福,辅助,S,11.68,29675,3782,548,0.16,60.0,59.61,7.0,hf_builds,2.8.1/builds.json,https://huggingface.co/datasets/LvlUrArti/ShiyuDataProcessed/resolve/main/2.8.1/builds.json,ok
2.8.2,2026-06-02,sd,式舆防卫,5-1,第5防线 1,2.8.2,式舆防卫 2.8.2,2026-05-29,2026-06-12,ju-fufu,Ju Fufu,橘福福,辅助,S,9.62,27636,1984,190,0.19,60.0,59.73,7.0,hf_builds,2.8.2/builds.json,https://huggingface.co/datasets/LvlUrArti/ShiyuDataProcessed/resolve/main/2.8.2/builds.json,ok
3.0.1,2026-06-21,sd,式舆防卫,5-1,第5防线 1,2.8.3,式舆防卫 2.8.3,2026-06-12,2026-06-26,ju-fufu,Ju Fufu,橘福福,辅助,S,1.07,27906,4304,551,0.16,60.0,59.8,7.0,hf_builds,3.0.1/builds.json,https://huggingface.co/datasets/LvlUrArti/ShiyuDataProcessed/resolve/main/3.0.1/builds.json,ok
2.6.1,2026-02-17,sd,式舆防卫,5-1,第5防线 1,2.6.1,式舆防卫 2.6.1,2026-02-06,2026-02-20,koleda,Koleda Belobog,珂蕾妲·贝洛伯格,辅助,S,0.12,26202,588,18,2.11,60.0,55.14,6.92,hf_builds,2.6.1/builds.json,https://huggingface.co/datasets/LvlUrArti/ShiyuDataProcessed/resolve/main/2.6.1/builds.json,ok
2.6.2,2026-03-10,sd,式舆防卫,5-1,第5防线 1,2.6.3,式舆防卫 2.6.3,2026-03-06,2026-03-20,koleda,Koleda Belobog,珂蕾妲·贝洛伯格,辅助,S,0.02,0,230,13,1.98,60.0,55.63,6.96,hf_builds,2.6.2/builds.json,https://huggingface.co/datasets/LvlUrArti/ShiyuDataProcessed/resolve/main/2.6.2/builds.json,ok
2.7.1,2026-03-31,sd,式舆防卫,5-1,第5防线 1,2.6.4,式舆防卫 2.6.4,2026-03-20,2026-04-03,koleda,Koleda Belobog,珂蕾妲·贝洛伯格,辅助,S,0.07,0,213,10,2.19,60.0,51.14,7.0,hf_builds,2.7.1/builds.json,https://huggingface.co/datasets/LvlUrArti/ShiyuDataProcessed/resolve/main/2.7.1/builds.json,ok
2.7.2,2026-04-21,sd,式舆防卫,5-1,第5防线 1,2.7.2,式舆防卫 2.7.2,2026-04-17,2026-05-01,koleda,Koleda Belobog,珂蕾妲·贝洛伯格,辅助,S,0.28,27650,118,6,2.14,60.0,60.0,7.0,hf_builds,2.7.2/builds.json,https://huggingface.co/datasets/LvlUrArti/ShiyuDataProcessed/resolve/main/2.7.2/builds.json,ok
2.8.1,2026-05-11,sd,式舆防卫,5-1,第5防线 1,2.7.3,式舆防卫 2.7.3,2026-05-01,2026-05-15,koleda,Koleda Belobog,珂蕾妲·贝洛伯格,辅助,S,0.27,26864,88,5,2.11,60.0,58.89,7.0,hf_builds,2.8.1/builds.json,https://huggingface.co/datasets/LvlUrArti/ShiyuDataProcessed/resolve/main/2.8.1/builds.json,ok
2.8.2,2026-06-02,sd,式舆防卫,5-1,第5防线 1,2.8.2,式舆防卫 2.8.2,2026-05-29,2026-06-12,koleda,Koleda Belobog,珂蕾妲·贝洛伯格,辅助,S,0.69,24799,108,7,2.16,60.0,60.0,6.93,hf_builds,2.8.2/builds.json,https://huggingface.co/datasets/LvlUrArti/ShiyuDataProcessed/resolve/main/2.8.2/builds.json,ok
3.0.1,2026-06-21,sd,式舆防卫,5-1,第5防线 1,2.8.3,式舆防卫 2.8.3,2026-06-12,2026-06-26,koleda,Koleda Belobog,珂蕾妲·贝洛伯格,辅助,S,0.02,0,176,12,2.51,60.0,59.49,7.0,hf_builds,3.0.1/builds.json,https://huggingface.co/datasets/LvlUrArti/ShiyuDataProcessed/resolve/main/3.0.1/builds.json,ok
2.6.1,2026-02-17,sd,式舆防卫,5-1,第5防线 1,2.6.1,式舆防卫 2.6.1,2026-02-06,2026-02-20,lighter,Lighter,莱特,辅助,S,0.21,0,2487,409,0.37,60.0,59.62,6.99,hf_builds,2.6.1/builds.json,https://huggingface.co/datasets/LvlUrArti/ShiyuDataProcessed/resolve/main/2.6.1/builds.json,ok
2.6.2,2026-03-10,sd,式舆防卫,5-1,第5防线 1,2.6.3,式舆防卫 2.6.3,2026-03-06,2026-03-20,lighter,Lighter,莱特,辅助,S,0.31,0,843,411,0.54,60.0,59.85,7.0,hf_builds,2.6.2/builds.json,https://huggingface.co/datasets/LvlUrArti/ShiyuDataProcessed/resolve/main/2.6.2/builds.json,ok
2.7.1,2026-03-31,sd,式舆防卫,5-1,第5防线 1,2.6.4,式舆防卫 2.6.4,2026-03-20,2026-04-03,lighter,Lighter,莱特,辅助,S,0.71,26798,935,440,0.59,60.0,59.54,7.0,hf_builds,2.7.1/builds.json,https://huggingface.co/datasets/LvlUrArti/ShiyuDataProcessed/resolve/main/2.7.1/builds.json,ok
2.7.2,2026-04-21,sd,式舆防卫,5-1,第5防线 1,2.7.2,式舆防卫 2.7.2,2026-04-17,2026-05-01,lighter,Lighter,莱特,辅助,S,0.27,27973,389,272,0.72,60.0,59.87,7.0,hf_builds,2.7.2/builds.json,https://huggingface.co/datasets/LvlUrArti/ShiyuDataProcessed/resolve/main/2.7.2/builds.json,ok
2.8.1,2026-05-11,sd,式舆防卫,5-1,第5防线 1,2.7.3,式舆防卫 2.7.3,2026-05-01,2026-05-15,lighter,Lighter,莱特,辅助,S,0.66,28840,454,243,0.72,60.0,59.56,6.99,hf_builds,2.8.1/builds.json,https://huggingface.co/datasets/LvlUrArti/ShiyuDataProcessed/resolve/main/2.8.1/builds.json,ok
2.8.2,2026-06-02,sd,式舆防卫,5-1,第5防线 1,2.8.2,式舆防卫 2.8.2,2026-05-29,2026-06-12,lighter,Lighter,莱特,辅助,S,2.42,23640,499,124,0.62,60.0,59.95,6.98,hf_builds,2.8.2/builds.json,https://huggingface.co/datasets/LvlUrArti/ShiyuDataProcessed/resolve/main/2.8.2/builds.json,ok
3.0.1,2026-06-21,sd,式舆防卫,5-1,第5防线 1,2.8.3,式舆防卫 2.8.3,2026-06-12,2026-06-26,lighter,Lighter,莱特,辅助,S,0.74,28407,1113,354,0.51,60.0,59.88,7.0,hf_builds,3.0.1/builds.json,https://huggingface.co/datasets/LvlUrArti/ShiyuDataProcessed/resolve/main/3.0.1/builds.json,ok
2.6.1,2026-02-17,sd,式舆防卫,5-1,第5防线 1,2.6.1,式舆防卫 2.6.1,2026-02-06,2026-02-20,lucia,Lucia,卢西娅,辅助,S,0.87,29135,12533,1076,0.13,60.0,58.99,6.99,hf_builds,2.6.1/builds.json,https://huggingface.co/datasets/LvlUrArti/ShiyuDataProcessed/resolve/main/2.6.1/builds.json,ok
2.6.2,2026-03-10,sd,式舆防卫,5-1,第5防线 1,2.6.3,式舆防卫 2.6.3,2026-03-06,2026-03-20,lucia,Lucia,卢西娅,辅助,S,0.34,28859,10397,1945,0.14,59.99,59.19,6.99,hf_builds,2.6.2/builds.json,https://huggingface.co/datasets/LvlUrArti/ShiyuDataProcessed/resolve/main/2.6.2/builds.json,ok
2.7.1,2026-03-31,sd,式舆防卫,5-1,第5防线 1,2.6.4,式舆防卫 2.6.4,2026-03-20,2026-04-03,lucia,Lucia,卢西娅,辅助,S,0.5,30698,13487,1755,0.13,60.0,59.1,6.99,hf_builds,2.7.1/builds.json,https://huggingface.co/datasets/LvlUrArti/ShiyuDataProcessed/resolve/main/2.7.1/builds.json,ok
2.7.2,2026-04-21,sd,式舆防卫,5-1,第5防线 1,2.7.2,式舆防卫 2.7.2,2026-04-17,2026-05-01,lucia,Lucia,卢西娅,辅助,S,31.52,31420,9944,1501,0.15,60.0,59.28,6.99,hf_builds,2.7.2/builds.json,https://huggingface.co/datasets/LvlUrArti/ShiyuDataProcessed/resolve/main/2.7.2/builds.json,ok
2.8.1,2026-05-11,sd,式舆防卫,5-1,第5防线 1,2.7.3,式舆防卫 2.7.3,2026-05-01,2026-05-15,lucia,Lucia,卢西娅,辅助,S,31.28,31369,8475,1219,0.16,60.0,59.39,6.99,hf_builds,2.8.1/builds.json,https://huggingface.co/datasets/LvlUrArti/ShiyuDataProcessed/resolve/main/2.8.1/builds.json,ok
2.8.2,2026-06-02,sd,式舆防卫,5-1,第5防线 1,2.8.2,式舆防卫 2.8.2,2026-05-29,2026-06-12,lucia,Lucia,卢西娅,辅助,S,31.44,30086,5685,468,0.21,59.99,59.54,6.99,hf_builds,2.8.2/builds.json,https://huggingface.co/datasets/LvlUrArti/ShiyuDataProcessed/resolve/main/2.8.2/builds.json,ok
3.0.1,2026-06-21,sd,式舆防卫,5-1,第5防线 1,2.8.3,式舆防卫 2.8.3,2026-06-12,2026-06-26,lucia,Lucia,卢西娅,辅助,S,2.92,27609,10977,1266,0.17,60.0,59.33,6.99,hf_builds,3.0.1/builds.json,https://huggingface.co/datasets/LvlUrArti/ShiyuDataProcessed/resolve/main/3.0.1/builds.json,ok
2.6.1,2026-02-17,sd,式舆防卫,5-1,第5防线 1,2.6.1,式舆防卫 2.6.1,2026-02-06,2026-02-20,lucy,Luciana de Montefio,露西亚娜·德·蒙特夫,辅助,A,0.64,28191,437,17,5.98,60.0,59.6,7.0,hf_builds,2.6.1/builds.json,https://huggingface.co/datasets/LvlUrArti/ShiyuDataProcessed/resolve/main/2.6.1/builds.json,ok
2.6.2,2026-03-10,sd,式舆防卫,5-1,第5防线 1,2.6.3,式舆防卫 2.6.3,2026-03-06,2026-03-20,lucy,Luciana de Montefio,露西亚娜·德·蒙特夫,辅助,A,0.27,28658,144,12,5.96,60.0,60.0,7.0,hf_builds,2.6.2/builds.json,https://huggingface.co/datasets/LvlUrArti/ShiyuDataProcessed/resolve/main/2.6.2/builds.json,ok
2.7.1,2026-03-31,sd,式舆防卫,5-1,第5防线 1,2.6.4,式舆防卫 2.6.4,2026-03-20,2026-04-03,lucy,Luciana de Montefio,露西亚娜·德·蒙特夫,辅助,A,0.37,28076,198,10,5.99,60.0,60.0,7.0,hf_builds,2.7.1/builds.json,https://huggingface.co/datasets/LvlUrArti/ShiyuDataProcessed/resolve/main/2.7.1/builds.json,ok
2.7.2,2026-04-21,sd,式舆防卫,5-1,第5防线 1,2.7.2,式舆防卫 2.7.2,2026-04-17,2026-05-01,lucy,Luciana de Montefio,露西亚娜·德·蒙特夫,辅助,A,0.08,0,90,9,6.0,60.0,57.25,7.0,hf_builds,2.7.2/builds.json,https://huggingface.co/datasets/LvlUrArti/ShiyuDataProcessed/resolve/main/2.7.2/builds.json,ok
2.8.1,2026-05-11,sd,式舆防卫,5-1,第5防线 1,2.7.3,式舆防卫 2.7.3,2026-05-01,2026-05-15,lucy,Luciana de Montefio,露西亚娜·德·蒙特夫,辅助,A,0.19,28232,104,8,6.0,60.0,60.0,7.0,hf_builds,2.8.1/builds.json,https://huggingface.co/datasets/LvlUrArti/ShiyuDataProcessed/resolve/main/2.8.1/builds.json,ok
2.8.2,2026-06-02,sd,式舆防卫,5-1,第5防线 1,2.8.2,式舆防卫 2.8.2,2026-05-29,2026-06-12,lucy,Luciana de Montefio,露西亚娜·德·蒙特夫,辅助,A,0.48,21307,144,3,5.98,60.0,60.0,7.0,hf_builds,2.8.2/builds.json,https://huggingface.co/datasets/LvlUrArti/ShiyuDataProcessed/resolve/main/2.8.2/builds.json,ok
3.0.1,2026-06-21,sd,式舆防卫,5-1,第5防线 1,2.8.3,式舆防卫 2.8.3,2026-06-12,2026-06-26,lucy,Luciana de Montefio,露西亚娜·德·蒙特夫,辅助,A,0.25,27192,146,6,5.99,60.0,60.0,7.0,hf_builds,3.0.1/builds.json,https://huggingface.co/datasets/LvlUrArti/ShiyuDataProcessed/resolve/main/3.0.1/builds.json,ok
2.6.1,2026-02-17,sd,式舆防卫,5-1,第5防线 1,2.6.1,式舆防卫 2.6.1,2026-02-06,2026-02-20,lycaon,Von Lycaon,冯·莱卡恩,辅助,S,0.35,28717,466,89,2.12,60.0,59.85,7.0,hf_builds,2.6.1/builds.json,https://huggingface.co/datasets/LvlUrArti/ShiyuDataProcessed/resolve/main/2.6.1/builds.json,ok
2.6.2,2026-03-10,sd,式舆防卫,5-1,第5防线 1,2.6.3,式舆防卫 2.6.3,2026-03-06,2026-03-20,lycaon,Von Lycaon,冯·莱卡恩,辅助,S,0.32,27161,500,107,2.18,60.0,58.55,6.97,hf_builds,2.6.2/builds.json,https://huggingface.co/datasets/LvlUrArti/ShiyuDataProcessed/resolve/main/2.6.2/builds.json,ok
2.7.1,2026-03-31,sd,式舆防卫,5-1,第5防线 1,2.6.4,式舆防卫 2.6.4,2026-03-20,2026-04-03,lycaon,Von Lycaon,冯·莱卡恩,辅助,S,0.33,29299,1745,230,2.28,59.99,58.84,6.97,hf_builds,2.7.1/builds.json,https://huggingface.co/datasets/LvlUrArti/ShiyuDataProcessed/resolve/main/2.7.1/builds.json,ok
2.7.2,2026-04-21,sd,式舆防卫,5-1,第5防线 1,2.7.2,式舆防卫 2.7.2,2026-04-17,2026-05-01,lycaon,Von Lycaon,冯·莱卡恩,辅助,S,0.49,27298,878,150,2.28,59.98,58.95,6.98,hf_builds,2.7.2/builds.json,https://huggingface.co/datasets/LvlUrArti/ShiyuDataProcessed/resolve/main/2.7.2/builds.json,ok
2.8.1,2026-05-11,sd,式舆防卫,5-1,第5防线 1,2.7.3,式舆防卫 2.7.3,2026-05-01,2026-05-15,lycaon,Von Lycaon,冯·莱卡恩,辅助,S,1.26,28455,509,114,2.21,59.99,59.37,6.98,hf_builds,2.8.1/builds.json,https://huggingface.co/datasets/LvlUrArti/ShiyuDataProcessed/resolve/main/2.8.1/builds.json,ok
2.8.2,2026-06-02,sd,式舆防卫,5-1,第5防线 1,2.8.2,式舆防卫 2.8.2,2026-05-29,2026-06-12,lycaon,Von Lycaon,冯·莱卡恩,辅助,S,0.84,26797,598,71,2.26,60.0,59.75,6.99,hf_builds,2.8.2/builds.json,https://huggingface.co/datasets/LvlUrArti/ShiyuDataProcessed/resolve/main/2.8.2/builds.json,ok
3.0.1,2026-06-21,sd,式舆防卫,5-1,第5防线 1,2.8.3,式舆防卫 2.8.3,2026-06-12,2026-06-26,lycaon,Von Lycaon,冯·莱卡恩,辅助,S,2.31,27381,581,142,2.48,60.0,59.87,6.98,hf_builds,3.0.1/builds.json,https://huggingface.co/datasets/LvlUrArti/ShiyuDataProcessed/resolve/main/3.0.1/builds.json,ok
2.6.1,2026-02-17,sd,式舆防卫,5-1,第5防线 1,2.6.1,式舆防卫 2.6.1,2026-02-06,2026-02-20,manato,Komano Manato,狛野真斗,直伤主C,A,0.0,0,247,44,5.76,60.0,60.0,7.0,hf_builds,2.6.1/builds.json,https://huggingface.co/datasets/LvlUrArti/ShiyuDataProcessed/resolve/main/2.6.1/builds.json,ok
2.6.2,2026-03-10,sd,式舆防卫,5-1,第5防线 1,2.6.3,式舆防卫 2.6.3,2026-03-06,2026-03-20,manato,Komano Manato,狛野真斗,直伤主C,A,0.0,0,248,108,5.74,60.0,60.0,7.0,hf_builds,2.6.2/builds.json,https://huggingface.co/datasets/LvlUrArti/ShiyuDataProcessed/resolve/main/2.6.2/builds.json,ok
2.7.1,2026-03-31,sd,式舆防卫,5-1,第5防线 1,2.6.4,式舆防卫 2.6.4,2026-03-20,2026-04-03,manato,Komano Manato,狛野真斗,直伤主C,A,0.0,0,178,77,5.78,60.0,60.0,7.0,hf_builds,2.7.1/builds.json,https://huggingface.co/datasets/LvlUrArti/ShiyuDataProcessed/resolve/main/2.7.1/builds.json,ok
2.7.2,2026-04-21,sd,式舆防卫,5-1,第5防线 1,2.7.2,式舆防卫 2.7.2,2026-04-17,2026-05-01,manato,Komano Manato,狛野真斗,直伤主C,A,0.01,0,62,29,5.92,60.0,60.0,7.0,hf_builds,2.7.2/builds.json,https://huggingface.co/datasets/LvlUrArti/ShiyuDataProcessed/resolve/main/2.7.2/builds.json,ok
2.8.1,2026-05-11,sd,式舆防卫,5-1,第5防线 1,2.7.3,式舆防卫 2.7.3,2026-05-01,2026-05-15,manato,Komano Manato,狛野真斗,直伤主C,A,0.01,0,10,9,5.8,60.0,60.0,7.0,hf_builds,2.8.1/builds.json,https://huggingface.co/datasets/LvlUrArti/ShiyuDataProcessed/resolve/main/2.8.1/builds.json,ok
2.8.2,2026-06-02,sd,式舆防卫,5-1,第5防线 1,2.8.2,式舆防卫 2.8.2,2026-05-29,2026-06-12,manato,Komano Manato,狛野真斗,直伤主C,A,0.59,23744,84,10,5.85,60.0,60.0,7.0,hf_builds,2.8.2/builds.json,https://huggingface.co/datasets/LvlUrArti/ShiyuDataProcessed/resolve/main/2.8.2/builds.json,ok
3.0.1,2026-06-21,sd,式舆防卫,5-1,第5防线 1,2.8.3,式舆防卫 2.8.3,2026-06-12,2026-06-26,manato,Komano Manato,狛野真斗,直伤主C,A,0.0,0,60,25,5.99,60.0,60.0,7.0,hf_builds,3.0.1/builds.json,https://huggingface.co/datasets/LvlUrArti/ShiyuDataProcessed/resolve/main/3.0.1/builds.json,ok
2.6.1,2026-02-17,sd,式舆防卫,5-1,第5防线 1,2.6.1,式舆防卫 2.6.1,2026-02-06,2026-02-20,miyabi,Hoshimi Miyabi,星见 雅,异常主C,S,1.63,27396,7702,3381,1.08,60.0,59.99,7.0,hf_builds,2.6.1/builds.json,https://huggingface.co/datasets/LvlUrArti/ShiyuDataProcessed/resolve/main/2.6.1/builds.json,ok
2.6.2,2026-03-10,sd,式舆防卫,5-1,第5防线 1,2.6.3,式舆防卫 2.6.3,2026-03-06,2026-03-20,miyabi,Hoshimi Miyabi,星见 雅,异常主C,S,11.75,27726,4597,4740,1.84,60.0,59.98,7.0,hf_builds,2.6.2/builds.json,https://huggingface.co/datasets/LvlUrArti/ShiyuDataProcessed/resolve/main/2.6.2/builds.json,ok
2.7.1,2026-03-31,sd,式舆防卫,5-1,第5防线 1,2.6.4,式舆防卫 2.6.4,2026-03-20,2026-04-03,miyabi,Hoshimi Miyabi,星见 雅,异常主C,S,0.85,27962,10044,7603,1.17,60.0,59.98,7.0,hf_builds,2.7.1/builds.json,https://huggingface.co/datasets/LvlUrArti/ShiyuDataProcessed/resolve/main/2.7.1/builds.json,ok
2.7.2,2026-04-21,sd,式舆防卫,5-1,第5防线 1,2.7.2,式舆防卫 2.7.2,2026-04-17,2026-05-01,miyabi,Hoshimi Miyabi,星见 雅,异常主C,S,8.44,31863,7268,6855,1.5,60.0,59.99,7.0,hf_builds,2.7.2/builds.json,https://huggingface.co/datasets/LvlUrArti/ShiyuDataProcessed/resolve/main/2.7.2/builds.json,ok
2.8.1,2026-05-11,sd,式舆防卫,5-1,第5防线 1,2.7.3,式舆防卫 2.7.3,2026-05-01,2026-05-15,miyabi,Hoshimi Miyabi,星见 雅,异常主C,S,1.78,28651,8878,6687,1.24,60.0,59.95,7.0,hf_builds,2.8.1/builds.json,https://huggingface.co/datasets/LvlUrArti/ShiyuDataProcessed/resolve/main/2.8.1/builds.json,ok
2.8.2,2026-06-02,sd,式舆防卫,5-1,第5防线 1,2.8.2,式舆防卫 2.8.2,2026-05-29,2026-06-12,miyabi,Hoshimi Miyabi,星见 雅,异常主C,S,1.45,25928,8049,3650,1.12,60.0,59.98,7.0,hf_builds,2.8.2/builds.json,https://huggingface.co/datasets/LvlUrArti/ShiyuDataProcessed/resolve/main/2.8.2/builds.json,ok
3.0.1,2026-06-21,sd,式舆防卫,5-1,第5防线 1,2.8.3,式舆防卫 2.8.3,2026-06-12,2026-06-26,miyabi,Hoshimi Miyabi,星见 雅,异常主C,S,56.17,32324,11101,7761,1.28,60.0,59.95,7.0,hf_builds,3.0.1/builds.json,https://huggingface.co/datasets/LvlUrArti/ShiyuDataProcessed/resolve/main/3.0.1/builds.json,ok
2.7.1,2026-03-31,sd,式舆防卫,5-1,第5防线 1,2.6.4,式舆防卫 2.6.4,2026-03-20,2026-04-03,nangong-yu,Nangong Yu,南宫羽,辅助,S,0.21,26833,3865,1527,0.08,59.97,59.52,6.83,hf_builds,2.7.1/builds.json,https://huggingface.co/datasets/LvlUrArti/ShiyuDataProcessed/resolve/main/2.7.1/builds.json,ok
2.7.2,2026-04-21,sd,式舆防卫,5-1,第5防线 1,2.7.2,式舆防卫 2.7.2,2026-04-17,2026-05-01,nangong-yu,Nangong Yu,南宫羽,辅助,S,41.71,32336,9028,3622,0.11,60.0,59.78,6.98,hf_builds,2.7.2/builds.json,https://huggingface.co/datasets/LvlUrArti/ShiyuDataProcessed/resolve/main/2.7.2/builds.json,ok
2.8.1,2026-05-11,sd,式舆防卫,5-1,第5防线 1,2.7.3,式舆防卫 2.7.3,2026-05-01,2026-05-15,nangong-yu,Nangong Yu,南宫羽,辅助,S,4.08,31203,11607,3743,0.12,60.0,59.77,6.99,hf_builds,2.8.1/builds.json,https://huggingface.co/datasets/LvlUrArti/ShiyuDataProcessed/resolve/main/2.8.1/builds.json,ok
2.8.2,2026-06-02,sd,式舆防卫,5-1,第5防线 1,2.8.2,式舆防卫 2.8.2,2026-05-29,2026-06-12,nangong-yu,Nangong Yu,南宫羽,辅助,S,1.28,25685,7185,1539,0.12,60.0,59.92,6.99,hf_builds,2.8.2/builds.json,https://huggingface.co/datasets/LvlUrArti/ShiyuDataProcessed/resolve/main/2.8.2/builds.json,ok
3.0.1,2026-06-21,sd,式舆防卫,5-1,第5防线 1,2.8.3,式舆防卫 2.8.3,2026-06-12,2026-06-26,nangong-yu,Nangong Yu,南宫羽,辅助,S,47.58,33638,9686,2982,0.13,60.0,59.86,6.99,hf_builds,3.0.1/builds.json,https://huggingface.co/datasets/LvlUrArti/ShiyuDataProcessed/resolve/main/3.0.1/builds.json,ok
2.6.1,2026-02-17,sd,式舆防卫,5-1,第5防线 1,2.6.1,式舆防卫 2.6.1,2026-02-06,2026-02-20,nekomata,Nekomiya Mana,猫宫 又奈,直伤主C,S,0.25,27009,80,24,3.42,60.0,58.98,7.0,hf_builds,2.6.1/builds.json,https://huggingface.co/datasets/LvlUrArti/ShiyuDataProcessed/resolve/main/2.6.1/builds.json,ok
2.6.2,2026-03-10,sd,式舆防卫,5-1,第5防线 1,2.6.3,式舆防卫 2.6.3,2026-03-06,2026-03-20,nekomata,Nekomiya Mana,猫宫 又奈,直伤主C,S,0.25,27555,66,49,3.48,60.0,60.0,6.99,hf_builds,2.6.2/builds.json,https://huggingface.co/datasets/LvlUrArti/ShiyuDataProcessed/resolve/main/2.6.2/builds.json,ok
2.7.1,2026-03-31,sd,式舆防卫,5-1,第5防线 1,2.6.4,式舆防卫 2.6.4,2026-03-20,2026-04-03,nekomata,Nekomiya Mana,猫宫 又奈,直伤主C,S,0.23,27320,50,42,3.97,60.0,60.0,7.0,hf_builds,2.7.1/builds.json,https://huggingface.co/datasets/LvlUrArti/ShiyuDataProcessed/resolve/main/2.7.1/builds.json,ok
2.7.2,2026-04-21,sd,式舆防卫,5-1,第5防线 1,2.7.2,式舆防卫 2.7.2,2026-04-17,2026-05-01,nekomata,Nekomiya Mana,猫宫 又奈,直伤主C,S,0.02,0,26,21,3.71,60.0,60.0,6.99,hf_builds,2.7.2/builds.json,https://huggingface.co/datasets/LvlUrArti/ShiyuDataProcessed/resolve/main/2.7.2/builds.json,ok
2.8.1,2026-05-11,sd,式舆防卫,5-1,第5防线 1,2.7.3,式舆防卫 2.7.3,2026-05-01,2026-05-15,nekomata,Nekomiya Mana,猫宫 又奈,直伤主C,S,0.17,29110,41,30,4.3,60.0,60.0,7.0,hf_builds,2.8.1/builds.json,https://huggingface.co/datasets/LvlUrArti/ShiyuDataProcessed/resolve/main/2.8.1/builds.json,ok
2.8.2,2026-06-02,sd,式舆防卫,5-1,第5防线 1,2.8.2,式舆防卫 2.8.2,2026-05-29,2026-06-12,nekomata,Nekomiya Mana,猫宫 又奈,直伤主C,S,0.13,0,35,16,3.98,60.0,58.52,7.0,hf_builds,2.8.2/builds.json,https://huggingface.co/datasets/LvlUrArti/ShiyuDataProcessed/resolve/main/2.8.2/builds.json,ok
3.0.1,2026-06-21,sd,式舆防卫,5-1,第5防线 1,2.8.3,式舆防卫 2.8.3,2026-06-12,2026-06-26,nekomata,Nekomiya Mana,猫宫 又奈,直伤主C,S,0.0,0,38,39,4.36,60.0,60.0,7.0,hf_builds,3.0.1/builds.json,https://huggingface.co/datasets/LvlUrArti/ShiyuDataProcessed/resolve/main/3.0.1/builds.json,ok
2.6.1,2026-02-17,sd,式舆防卫,5-1,第5防线 1,2.6.1,式舆防卫 2.6.1,2026-02-06,2026-02-20,nicole-demara,Nicole Demara,妮可·德玛拉,辅助,A,1.76,28881,1382,40,5.99,60.0,59.7,6.95,hf_builds,2.6.1/builds.json,https://huggingface.co/datasets/LvlUrArti/ShiyuDataProcessed/resolve/main/2.6.1/builds.json,ok
2.6.2,2026-03-10,sd,式舆防卫,5-1,第5防线 1,2.6.3,式舆防卫 2.6.3,2026-03-06,2026-03-20,nicole-demara,Nicole Demara,妮可·德玛拉,辅助,A,1.86,27743,830,57,5.99,59.95,59.72,6.95,hf_builds,2.6.2/builds.json,https://huggingface.co/datasets/LvlUrArti/ShiyuDataProcessed/resolve/main/2.6.2/builds.json,ok
2.7.1,2026-03-31,sd,式舆防卫,5-1,第5防线 1,2.6.4,式舆防卫 2.6.4,2026-03-20,2026-04-03,nicole-demara,Nicole Demara,妮可·德玛拉,辅助,A,1.1,29365,885,58,6.0,59.91,58.99,6.98,hf_builds,2.7.1/builds.json,https://huggingface.co/datasets/LvlUrArti/ShiyuDataProcessed/resolve/main/2.7.1/builds.json,ok
2.7.2,2026-04-21,sd,式舆防卫,5-1,第5防线 1,2.7.2,式舆防卫 2.7.2,2026-04-17,2026-05-01,nicole-demara,Nicole Demara,妮可·德玛拉,辅助,A,0.83,26818,476,49,6.0,60.0,59.39,7.0,hf_builds,2.7.2/builds.json,https://huggingface.co/datasets/LvlUrArti/ShiyuDataProcessed/resolve/main/2.7.2/builds.json,ok
2.8.1,2026-05-11,sd,式舆防卫,5-1,第5防线 1,2.7.3,式舆防卫 2.7.3,2026-05-01,2026-05-15,nicole-demara,Nicole Demara,妮可·德玛拉,辅助,A,1.12,27932,687,38,5.99,60.0,59.22,7.0,hf_builds,2.8.1/builds.json,https://huggingface.co/datasets/LvlUrArti/ShiyuDataProcessed/resolve/main/2.8.1/builds.json,ok
2.8.2,2026-06-02,sd,式舆防卫,5-1,第5防线 1,2.8.2,式舆防卫 2.8.2,2026-05-29,2026-06-12,nicole-demara,Nicole Demara,妮可·德玛拉,辅助,A,0.64,23973,478,13,5.99,60.0,59.35,7.0,hf_builds,2.8.2/builds.json,https://huggingface.co/datasets/LvlUrArti/ShiyuDataProcessed/resolve/main/2.8.2/builds.json,ok
3.0.1,2026-06-21,sd,式舆防卫,5-1,第5防线 1,2.8.3,式舆防卫 2.8.3,2026-06-12,2026-06-26,nicole-demara,Nicole Demara,妮可·德玛拉,辅助,A,1.39,28335,496,32,6.0,60.0,58.84,7.0,hf_builds,3.0.1/builds.json,https://huggingface.co/datasets/LvlUrArti/ShiyuDataProcessed/resolve/main/3.0.1/builds.json,ok
2.6.1,2026-02-17,sd,式舆防卫,5-1,第5防线 1,2.6.1,式舆防卫 2.6.1,2026-02-06,2026-02-20,orphie-and-magus,"Orphie Magnusson & ""Magus""",奥菲丝·马格努森 & 「鬼火」,直伤主C,S,0.94,29335,4714,813,0.14,59.99,59.77,6.99,hf_builds,2.6.1/builds.json,https://huggingface.co/datasets/LvlUrArti/ShiyuDataProcessed/resolve/main/2.6.1/builds.json,ok
2.6.2,2026-03-10,sd,式舆防卫,5-1,第5防线 1,2.6.3,式舆防卫 2.6.3,2026-03-06,2026-03-20,orphie-and-magus,"Orphie Magnusson & ""Magus""",奥菲丝·马格努森 & 「鬼火」,直伤主C,S,18.5,31892,3110,1272,0.15,59.99,59.93,6.99,hf_builds,2.6.2/builds.json,https://huggingface.co/datasets/LvlUrArti/ShiyuDataProcessed/resolve/main/2.6.2/builds.json,ok
2.7.1,2026-03-31,sd,式舆防卫,5-1,第5防线 1,2.6.4,式舆防卫 2.6.4,2026-03-20,2026-04-03,orphie-and-magus,"Orphie Magnusson & ""Magus""",奥菲丝·马格努森 & 「鬼火」,直伤主C,S,2.12,28822,727,405,0.37,60.0,59.82,7.0,hf_builds,2.7.1/builds.json,https://huggingface.co/datasets/LvlUrArti/ShiyuDataProcessed/resolve/main/2.7.1/builds.json,ok
2.7.2,2026-04-21,sd,式舆防卫,5-1,第5防线 1,2.7.2,式舆防卫 2.7.2,2026-04-17,2026-05-01,orphie-and-magus,"Orphie Magnusson & ""Magus""",奥菲丝·马格努森 & 「鬼火」,直伤主C,S,0.09,0,1717,741,0.14,60.0,59.78,7.0,hf_builds,2.7.2/builds.json,https://huggingface.co/datasets/LvlUrArti/ShiyuDataProcessed/resolve/main/2.7.2/builds.json,ok
2.8.1,2026-05-11,sd,式舆防卫,5-1,第5防线 1,2.7.3,式舆防卫 2.7.3,2026-05-01,2026-05-15,orphie-and-magus,"Orphie Magnusson & ""Magus""",奥菲丝·马格努森 & 「鬼火」,直伤主C,S,0.09,0,3259,933,0.15,60.0,59.82,7.0,hf_builds,2.8.1/builds.json,https://huggingface.co/datasets/LvlUrArti/ShiyuDataProcessed/resolve/main/2.8.1/builds.json,ok
2.8.2,2026-06-02,sd,式舆防卫,5-1,第5防线 1,2.8.2,式舆防卫 2.8.2,2026-05-29,2026-06-12,orphie-and-magus,"Orphie Magnusson & ""Magus""",奥菲丝·马格努森 & 「鬼火」,直伤主C,S,0.64,24167,2106,402,0.24,60.0,60.0,7.0,hf_builds,2.8.2/builds.json,https://huggingface.co/datasets/LvlUrArti/ShiyuDataProcessed/resolve/main/2.8.2/builds.json,ok
3.0.1,2026-06-21,sd,式舆防卫,5-1,第5防线 1,2.8.3,式舆防卫 2.8.3,2026-06-12,2026-06-26,orphie-and-magus,"Orphie Magnusson & ""Magus""",奥菲丝·马格努森 & 「鬼火」,直伤主C,S,0.19,27849,1546,594,0.38,60.0,58.9,6.99,hf_builds,3.0.1/builds.json,https://huggingface.co/datasets/LvlUrArti/ShiyuDataProcessed/resolve/main/3.0.1/builds.json,ok
2.6.1,2026-02-17,sd,式舆防卫,5-1,第5防线 1,2.6.1,式舆防卫 2.6.1,2026-02-06,2026-02-20,pan-yinhu,Pan Yinhu,潘引壶,辅助,A,0.18,27705,2396,36,5.53,60.0,59.75,6.91,hf_builds,2.6.1/builds.json,https://huggingface.co/datasets/LvlUrArti/ShiyuDataProcessed/resolve/main/2.6.1/builds.json,ok
2.6.2,2026-03-10,sd,式舆防卫,5-1,第5防线 1,2.6.3,式舆防卫 2.6.3,2026-03-06,2026-03-20,pan-yinhu,Pan Yinhu,潘引壶,辅助,A,0.07,0,1771,48,5.58,59.9,59.09,6.87,hf_builds,2.6.2/builds.json,https://huggingface.co/datasets/LvlUrArti/ShiyuDataProcessed/resolve/main/2.6.2/builds.json,ok
2.7.1,2026-03-31,sd,式舆防卫,5-1,第5防线 1,2.6.4,式舆防卫 2.6.4,2026-03-20,2026-04-03,pan-yinhu,Pan Yinhu,潘引壶,辅助,A,0.11,28519,2107,46,5.64,60.0,58.7,6.91,hf_builds,2.7.1/builds.json,https://huggingface.co/datasets/LvlUrArti/ShiyuDataProcessed/resolve/main/2.7.1/builds.json,ok
2.7.2,2026-04-21,sd,式舆防卫,5-1,第5防线 1,2.7.2,式舆防卫 2.7.2,2026-04-17,2026-05-01,pan-yinhu,Pan Yinhu,潘引壶,辅助,A,4.74,28639,1362,37,5.72,60.0,59.69,6.95,hf_builds,2.7.2/builds.json,https://huggingface.co/datasets/LvlUrArti/ShiyuDataProcessed/resolve/main/2.7.2/builds.json,ok
2.8.1,2026-05-11,sd,式舆防卫,5-1,第5防线 1,2.7.3,式舆防卫 2.7.3,2026-05-01,2026-05-15,pan-yinhu,Pan Yinhu,潘引壶,辅助,A,3.38,27386,1046,38,5.73,60.0,60.0,6.97,hf_builds,2.8.1/builds.json,https://huggingface.co/datasets/LvlUrArti/ShiyuDataProcessed/resolve/main/2.8.1/builds.json,ok
2.8.2,2026-06-02,sd,式舆防卫,5-1,第5防线 1,2.8.2,式舆防卫 2.8.2,2026-05-29,2026-06-12,pan-yinhu,Pan Yinhu,潘引壶,辅助,A,3.15,28320,604,18,5.71,60.0,60.0,6.96,hf_builds,2.8.2/builds.json,https://huggingface.co/datasets/LvlUrArti/ShiyuDataProcessed/resolve/main/2.8.2/builds.json,ok
3.0.1,2026-06-21,sd,式舆防卫,5-1,第5防线 1,2.8.3,式舆防卫 2.8.3,2026-06-12,2026-06-26,pan-yinhu,Pan Yinhu,潘引壶,辅助,A,0.33,26708,1062,28,5.84,59.84,59.67,6.93,hf_builds,3.0.1/builds.json,https://huggingface.co/datasets/LvlUrArti/ShiyuDataProcessed/resolve/main/3.0.1/builds.json,ok
2.6.1,2026-02-17,sd,式舆防卫,5-1,第5防线 1,2.6.1,式舆防卫 2.6.1,2026-02-06,2026-02-20,piper,Piper Wheel,派派·韦尔,异常主C,A,0.22,26842,106,22,5.99,60.0,60.0,7.0,hf_builds,2.6.1/builds.json,https://huggingface.co/datasets/LvlUrArti/ShiyuDataProcessed/resolve/main/2.6.1/builds.json,ok
2.6.2,2026-03-10,sd,式舆防卫,5-1,第5防线 1,2.6.3,式舆防卫 2.6.3,2026-03-06,2026-03-20,piper,Piper Wheel,派派·韦尔,异常主C,A,0.12,0,134,39,5.97,60.0,60.0,7.0,hf_builds,2.6.2/builds.json,https://huggingface.co/datasets/LvlUrArti/ShiyuDataProcessed/resolve/main/2.6.2/builds.json,ok
2.7.1,2026-03-31,sd,式舆防卫,5-1,第5防线 1,2.6.4,式舆防卫 2.6.4,2026-03-20,2026-04-03,piper,Piper Wheel,派派·韦尔,异常主C,A,0.15,26394,153,38,5.98,60.0,60.0,6.98,hf_builds,2.7.1/builds.json,https://huggingface.co/datasets/LvlUrArti/ShiyuDataProcessed/resolve/main/2.7.1/builds.json,ok
2.7.2,2026-04-21,sd,式舆防卫,5-1,第5防线 1,2.7.2,式舆防卫 2.7.2,2026-04-17,2026-05-01,piper,Piper Wheel,派派·韦尔,异常主C,A,0.26,27595,58,17,6.0,60.0,60.0,7.0,hf_builds,2.7.2/builds.json,https://huggingface.co/datasets/LvlUrArti/ShiyuDataProcessed/resolve/main/2.7.2/builds.json,ok
2.8.1,2026-05-11,sd,式舆防卫,5-1,第5防线 1,2.7.3,式舆防卫 2.7.3,2026-05-01,2026-05-15,piper,Piper Wheel,派派·韦尔,异常主C,A,0.17,27783,110,31,6.0,60.0,60.0,7.0,hf_builds,2.8.1/builds.json,https://huggingface.co/datasets/LvlUrArti/ShiyuDataProcessed/resolve/main/2.8.1/builds.json,ok
2.8.2,2026-06-02,sd,式舆防卫,5-1,第5防线 1,2.8.2,式舆防卫 2.8.2,2026-05-29,2026-06-12,piper,Piper Wheel,派派·韦尔,异常主C,A,0.2,24002,59,8,5.99,60.0,60.0,7.0,hf_builds,2.8.2/builds.json,https://huggingface.co/datasets/LvlUrArti/ShiyuDataProcessed/resolve/main/2.8.2/builds.json,ok
3.0.1,2026-06-21,sd,式舆防卫,5-1,第5防线 1,2.8.3,式舆防卫 2.8.3,2026-06-12,2026-06-26,piper,Piper Wheel,派派·韦尔,异常主C,A,0.03,0,65,21,5.99,60.0,60.0,7.0,hf_builds,3.0.1/builds.json,https://huggingface.co/datasets/LvlUrArti/ShiyuDataProcessed/resolve/main/3.0.1/builds.json,ok
2.8.1,2026-05-11,sd,式舆防卫,5-1,第5防线 1,2.7.3,式舆防卫 2.7.3,2026-05-01,2026-05-15,promeia,Promeia,普罗米娅,异常主C,S,0.06,0,942,426,0.1,59.98,59.85,6.97,hf_builds,2.8.1/builds.json,https://huggingface.co/datasets/LvlUrArti/ShiyuDataProcessed/resolve/main/2.8.1/builds.json,ok
2.8.2,2026-06-02,sd,式舆防卫,5-1,第5防线 1,2.8.2,式舆防卫 2.8.2,2026-05-29,2026-06-12,promeia,Promeia,普罗米娅,异常主C,S,0.09,0,3273,773,0.13,60.0,59.9,6.99,hf_builds,2.8.2/builds.json,https://huggingface.co/datasets/LvlUrArti/ShiyuDataProcessed/resolve/main/2.8.2/builds.json,ok
3.0.1,2026-06-21,sd,式舆防卫,5-1,第5防线 1,2.8.3,式舆防卫 2.8.3,2026-06-12,2026-06-26,promeia,Promeia,普罗米娅,异常主C,S,23.25,32953,4466,1605,0.14,60.0,59.76,6.99,hf_builds,3.0.1/builds.json,https://huggingface.co/datasets/LvlUrArti/ShiyuDataProcessed/resolve/main/3.0.1/builds.json,ok
2.6.1,2026-02-17,sd,式舆防卫,5-1,第5防线 1,2.6.1,式舆防卫 2.6.1,2026-02-06,2026-02-20,pulchra,Pulchra Fellini,波可娜·费雷尼,辅助,A,0.76,27963,636,16,5.98,60.0,60.0,6.93,hf_builds,2.6.1/builds.json,https://huggingface.co/datasets/LvlUrArti/ShiyuDataProcessed/resolve/main/2.6.1/builds.json,ok
2.6.2,2026-03-10,sd,式舆防卫,5-1,第5防线 1,2.6.3,式舆防卫 2.6.3,2026-03-06,2026-03-20,pulchra,Pulchra Fellini,波可娜·费雷尼,辅助,A,0.63,27112,416,21,5.98,59.46,58.9,6.75,hf_builds,2.6.2/builds.json,https://huggingface.co/datasets/LvlUrArti/ShiyuDataProcessed/resolve/main/2.6.2/builds.json,ok
2.7.1,2026-03-31,sd,式舆防卫,5-1,第5防线 1,2.6.4,式舆防卫 2.6.4,2026-03-20,2026-04-03,pulchra,Pulchra Fellini,波可娜·费雷尼,辅助,A,0.52,28827,321,14,5.97,60.0,60.0,6.88,hf_builds,2.7.1/builds.json,https://huggingface.co/datasets/LvlUrArti/ShiyuDataProcessed/resolve/main/2.7.1/builds.json,ok
2.7.2,2026-04-21,sd,式舆防卫,5-1,第5防线 1,2.7.2,式舆防卫 2.7.2,2026-04-17,2026-05-01,pulchra,Pulchra Fellini,波可娜·费雷尼,辅助,A,0.62,28729,212,11,5.98,60.0,60.0,6.79,hf_builds,2.7.2/builds.json,https://huggingface.co/datasets/LvlUrArti/ShiyuDataProcessed/resolve/main/2.7.2/builds.json,ok
2.8.1,2026-05-11,sd,式舆防卫,5-1,第5防线 1,2.7.3,式舆防卫 2.7.3,2026-05-01,2026-05-15,pulchra,Pulchra Fellini,波可娜·费雷尼,辅助,A,0.94,27328,271,12,5.98,60.0,60.0,6.95,hf_builds,2.8.1/builds.json,https://huggingface.co/datasets/LvlUrArti/ShiyuDataProcessed/resolve/main/2.8.1/builds.json,ok
2.8.2,2026-06-02,sd,式舆防卫,5-1,第5防线 1,2.8.2,式舆防卫 2.8.2,2026-05-29,2026-06-12,pulchra,Pulchra Fellini,波可娜·费雷尼,辅助,A,1.04,27406,233,7,5.94,59.26,57.78,6.63,hf_builds,2.8.2/builds.json,https://huggingface.co/datasets/LvlUrArti/ShiyuDataProcessed/resolve/main/2.8.2/builds.json,ok
3.0.1,2026-06-21,sd,式舆防卫,5-1,第5防线 1,2.8.3,式舆防卫 2.8.3,2026-06-12,2026-06-26,pulchra,Pulchra Fellini,波可娜·费雷尼,辅助,A,0.02,0,273,14,5.97,60.0,60.0,7.0,hf_builds,3.0.1/builds.json,https://huggingface.co/datasets/LvlUrArti/ShiyuDataProcessed/resolve/main/3.0.1/builds.json,ok
3.0.1,2026-06-21,sd,式舆防卫,5-1,第5防线 1,2.8.3,式舆防卫 2.8.3,2026-06-12,2026-06-26,pyrois,Pyrois,,直伤主C,S,0.02,0,19,12,1.85,59.98,59.83,6.79,hf_builds,3.0.1/builds.json,https://huggingface.co/datasets/LvlUrArti/ShiyuDataProcessed/resolve/main/3.0.1/builds.json,ok
2.6.1,2026-02-17,sd,式舆防卫,5-1,第5防线 1,2.6.1,式舆防卫 2.6.1,2026-02-06,2026-02-20,qingyi,Qingyi,青衣,辅助,S,0.3,26993,714,72,0.47,60.0,59.5,7.0,hf_builds,2.6.1/builds.json,https://huggingface.co/datasets/LvlUrArti/ShiyuDataProcessed/resolve/main/2.6.1/builds.json,ok
2.6.2,2026-03-10,sd,式舆防卫,5-1,第5防线 1,2.6.3,式舆防卫 2.6.3,2026-03-06,2026-03-20,qingyi,Qingyi,青衣,辅助,S,0.8,27064,308,81,0.51,59.98,59.63,6.99,hf_builds,2.6.2/builds.json,https://huggingface.co/datasets/LvlUrArti/ShiyuDataProcessed/resolve/main/2.6.2/builds.json,ok
2.7.1,2026-03-31,sd,式舆防卫,5-1,第5防线 1,2.6.4,式舆防卫 2.6.4,2026-03-20,2026-04-03,qingyi,Qingyi,青衣,辅助,S,0.13,27804,170,39,0.51,60.0,59.96,7.0,hf_builds,2.7.1/builds.json,https://huggingface.co/datasets/LvlUrArti/ShiyuDataProcessed/resolve/main/2.7.1/builds.json,ok
2.7.2,2026-04-21,sd,式舆防卫,5-1,第5防线 1,2.7.2,式舆防卫 2.7.2,2026-04-17,2026-05-01,qingyi,Qingyi,青衣,辅助,S,0.24,27458,234,71,0.59,60.0,59.93,7.0,hf_builds,2.7.2/builds.json,https://huggingface.co/datasets/LvlUrArti/ShiyuDataProcessed/resolve/main/2.7.2/builds.json,ok
2.8.1,2026-05-11,sd,式舆防卫,5-1,第5防线 1,2.7.3,式舆防卫 2.7.3,2026-05-01,2026-05-15,qingyi,Qingyi,青衣,辅助,S,0.61,27982,358,76,0.58,60.0,59.8,7.0,hf_builds,2.8.1/builds.json,https://huggingface.co/datasets/LvlUrArti/ShiyuDataProcessed/resolve/main/2.8.1/builds.json,ok
2.8.2,2026-06-02,sd,式舆防卫,5-1,第5防线 1,2.8.2,式舆防卫 2.8.2,2026-05-29,2026-06-12,qingyi,Qingyi,青衣,辅助,S,0.15,0,192,18,0.55,60.0,60.0,7.0,hf_builds,2.8.2/builds.json,https://huggingface.co/datasets/LvlUrArti/ShiyuDataProcessed/resolve/main/2.8.2/builds.json,ok
3.0.1,2026-06-21,sd,式舆防卫,5-1,第5防线 1,2.8.3,式舆防卫 2.8.3,2026-06-12,2026-06-26,qingyi,Qingyi,青衣,辅助,S,0.04,0,103,28,0.78,60.0,60.0,6.98,hf_builds,3.0.1/builds.json,https://huggingface.co/datasets/LvlUrArti/ShiyuDataProcessed/resolve/main/3.0.1/builds.json,ok
2.6.1,2026-02-17,sd,式舆防卫,5-1,第5防线 1,2.6.1,式舆防卫 2.6.1,2026-02-06,2026-02-20,rina,Alexandrina Sebastiane,亚历山德丽娜·莎芭丝缇安,辅助,S,0.33,30233,507,21,2.31,60.0,58.9,6.96,hf_builds,2.6.1/builds.json,https://huggingface.co/datasets/LvlUrArti/ShiyuDataProcessed/resolve/main/2.6.1/builds.json,ok
2.6.2,2026-03-10,sd,式舆防卫,5-1,第5防线 1,2.6.3,式舆防卫 2.6.3,2026-03-06,2026-03-20,rina,Alexandrina Sebastiane,亚历山德丽娜·莎芭丝缇安,辅助,S,0.62,28418,125,20,2.5,60.0,57.26,6.94,hf_builds,2.6.2/builds.json,https://huggingface.co/datasets/LvlUrArti/ShiyuDataProcessed/resolve/main/2.6.2/builds.json,ok
2.7.1,2026-03-31,sd,式舆防卫,5-1,第5防线 1,2.6.4,式舆防卫 2.6.4,2026-03-20,2026-04-03,rina,Alexandrina Sebastiane,亚历山德丽娜·莎芭丝缇安,辅助,S,0.19,33698,49,6,2.4,60.0,60.0,7.0,hf_builds,2.7.1/builds.json,https://huggingface.co/datasets/LvlUrArti/ShiyuDataProcessed/resolve/main/2.7.1/builds.json,ok
2.7.2,2026-04-21,sd,式舆防卫,5-1,第5防线 1,2.7.2,式舆防卫 2.7.2,2026-04-17,2026-05-01,rina,Alexandrina Sebastiane,亚历山德丽娜·莎芭丝缇安,辅助,S,0.05,0,83,13,2.48,60.0,60.0,6.91,hf_builds,2.7.2/builds.json,https://huggingface.co/datasets/LvlUrArti/ShiyuDataProcessed/resolve/main/2.7.2/builds.json,ok
2.8.1,2026-05-11,sd,式舆防卫,5-1,第5防线 1,2.7.3,式舆防卫 2.7.3,2026-05-01,2026-05-15,rina,Alexandrina Sebastiane,亚历山德丽娜·莎芭丝缇安,辅助,S,0.08,0,89,11,2.63,60.0,59.42,6.94,hf_builds,2.8.1/builds.json,https://huggingface.co/datasets/LvlUrArti/ShiyuDataProcessed/resolve/main/2.8.1/builds.json,ok
2.8.2,2026-06-02,sd,式舆防卫,5-1,第5防线 1,2.8.2,式舆防卫 2.8.2,2026-05-29,2026-06-12,rina,Alexandrina Sebastiane,亚历山德丽娜·莎芭丝缇安,辅助,S,0.08,0,116,6,2.33,60.0,60.0,7.0,hf_builds,2.8.2/builds.json,https://huggingface.co/datasets/LvlUrArti/ShiyuDataProcessed/resolve/main/2.8.2/builds.json,ok
3.0.1,2026-06-21,sd,式舆防卫,5-1,第5防线 1,2.8.3,式舆防卫 2.8.3,2026-06-12,2026-06-26,rina,Alexandrina Sebastiane,亚历山德丽娜·莎芭丝缇安,辅助,S,0.09,0,40,9,2.87,60.0,60.0,6.93,hf_builds,3.0.1/builds.json,https://huggingface.co/datasets/LvlUrArti/ShiyuDataProcessed/resolve/main/3.0.1/builds.json,ok
2.6.1,2026-02-17,sd,式舆防卫,5-1,第5防线 1,2.6.1,式舆防卫 2.6.1,2026-02-06,2026-02-20,seed,Seed,「席德」,直伤主C,S,1.35,30726,3682,645,0.15,60.0,59.65,7.0,hf_builds,2.6.1/builds.json,https://huggingface.co/datasets/LvlUrArti/ShiyuDataProcessed/resolve/main/2.6.1/builds.json,ok
2.6.2,2026-03-10,sd,式舆防卫,5-1,第5防线 1,2.6.3,式舆防卫 2.6.3,2026-03-06,2026-03-20,seed,Seed,「席德」,直伤主C,S,12.99,30110,2145,962,0.2,59.99,59.78,7.0,hf_builds,2.6.2/builds.json,https://huggingface.co/datasets/LvlUrArti/ShiyuDataProcessed/resolve/main/2.6.2/builds.json,ok
2.7.1,2026-03-31,sd,式舆防卫,5-1,第5防线 1,2.6.4,式舆防卫 2.6.4,2026-03-20,2026-04-03,seed,Seed,「席德」,直伤主C,S,1.74,30849,409,199,0.43,60.0,59.44,7.0,hf_builds,2.7.1/builds.json,https://huggingface.co/datasets/LvlUrArti/ShiyuDataProcessed/resolve/main/2.7.1/builds.json,ok
2.7.2,2026-04-21,sd,式舆防卫,5-1,第5防线 1,2.7.2,式舆防卫 2.7.2,2026-04-17,2026-05-01,seed,Seed,「席德」,直伤主C,S,0.1,0,2155,881,0.15,60.0,59.86,7.0,hf_builds,2.7.2/builds.json,https://huggingface.co/datasets/LvlUrArti/ShiyuDataProcessed/resolve/main/2.7.2/builds.json,ok
2.8.1,2026-05-11,sd,式舆防卫,5-1,第5防线 1,2.7.3,式舆防卫 2.7.3,2026-05-01,2026-05-15,seed,Seed,「席德」,直伤主C,S,0.25,31028,4206,1235,0.18,60.0,59.87,7.0,hf_builds,2.8.1/builds.json,https://huggingface.co/datasets/LvlUrArti/ShiyuDataProcessed/resolve/main/2.8.1/builds.json,ok
2.8.2,2026-06-02,sd,式舆防卫,5-1,第5防线 1,2.8.2,式舆防卫 2.8.2,2026-05-29,2026-06-12,seed,Seed,「席德」,直伤主C,S,0.28,26845,2779,472,0.24,60.0,59.88,7.0,hf_builds,2.8.2/builds.json,https://huggingface.co/datasets/LvlUrArti/ShiyuDataProcessed/resolve/main/2.8.2/builds.json,ok
3.0.1,2026-06-21,sd,式舆防卫,5-1,第5防线 1,2.8.3,式舆防卫 2.8.3,2026-06-12,2026-06-26,seed,Seed,「席德」,直伤主C,S,0.28,31345,1104,477,0.45,60.0,59.69,7.0,hf_builds,3.0.1/builds.json,https://huggingface.co/datasets/LvlUrArti/ShiyuDataProcessed/resolve/main/3.0.1/builds.json,ok
2.6.1,2026-02-17,sd,式舆防卫,5-1,第5防线 1,2.6.1,式舆防卫 2.6.1,2026-02-06,2026-02-20,seth,Seth Lowell,赛斯·洛威尔,辅助,A,0.05,0,20,2,6.0,60.0,60.0,7.0,hf_builds,2.6.1/builds.json,https://huggingface.co/datasets/LvlUrArti/ShiyuDataProcessed/resolve/main/2.6.1/builds.json,ok
2.6.2,2026-03-10,sd,式舆防卫,5-1,第5防线 1,2.6.3,式舆防卫 2.6.3,2026-03-06,2026-03-20,seth,Seth Lowell,赛斯·洛威尔,辅助,A,0.02,0,8,1,5.85,60.0,60.0,7.0,hf_builds,2.6.2/builds.json,https://huggingface.co/datasets/LvlUrArti/ShiyuDataProcessed/resolve/main/2.6.2/builds.json,ok
2.7.1,2026-03-31,sd,式舆防卫,5-1,第5防线 1,2.6.4,式舆防卫 2.6.4,2026-03-20,2026-04-03,seth,Seth Lowell,赛斯·洛威尔,辅助,A,0.03,0,7,3,6.0,60.0,60.0,7.0,hf_builds,2.7.1/builds.json,https://huggingface.co/datasets/LvlUrArti/ShiyuDataProcessed/resolve/main/2.7.1/builds.json,ok
2.7.2,2026-04-21,sd,式舆防卫,5-1,第5防线 1,2.7.2,式舆防卫 2.7.2,2026-04-17,2026-05-01,seth,Seth Lowell,赛斯·洛威尔,辅助,A,0.0,0,6,2,5.88,60.0,60.0,7.0,hf_builds,2.7.2/builds.json,https://huggingface.co/datasets/LvlUrArti/ShiyuDataProcessed/resolve/main/2.7.2/builds.json,ok
2.8.1,2026-05-11,sd,式舆防卫,5-1,第5防线 1,2.7.3,式舆防卫 2.7.3,2026-05-01,2026-05-15,seth,Seth Lowell,赛斯·洛威尔,辅助,A,0.0,0,5,4,6.0,60.0,60.0,7.0,hf_builds,2.8.1/builds.json,https://huggingface.co/datasets/LvlUrArti/ShiyuDataProcessed/resolve/main/2.8.1/builds.json,ok
2.8.2,2026-06-02,sd,式舆防卫,5-1,第5防线 1,2.8.2,式舆防卫 2.8.2,2026-05-29,2026-06-12,seth,Seth Lowell,赛斯·洛威尔,辅助,A,0.01,0,14,1,6.0,60.0,60.0,7.0,hf_builds,2.8.2/builds.json,https://huggingface.co/datasets/LvlUrArti/ShiyuDataProcessed/resolve/main/2.8.2/builds.json,ok
3.0.1,2026-06-21,sd,式舆防卫,5-1,第5防线 1,2.8.3,式舆防卫 2.8.3,2026-06-12,2026-06-26,seth,Seth Lowell,赛斯·洛威尔,辅助,A,0.01,0,2,1,6.0,60.0,60.0,7.0,hf_builds,3.0.1/builds.json,https://huggingface.co/datasets/LvlUrArti/ShiyuDataProcessed/resolve/main/3.0.1/builds.json,ok
2.6.1,2026-02-17,sd,式舆防卫,5-1,第5防线 1,2.6.1,式舆防卫 2.6.1,2026-02-06,2026-02-20,soldier-11,Soldier 11,「11号」,直伤主C,S,0.05,0,842,188,2.83,60.0,59.23,6.99,hf_builds,2.6.1/builds.json,https://huggingface.co/datasets/LvlUrArti/ShiyuDataProcessed/resolve/main/2.6.1/builds.json,ok
2.6.2,2026-03-10,sd,式舆防卫,5-1,第5防线 1,2.6.3,式舆防卫 2.6.3,2026-03-06,2026-03-20,soldier-11,Soldier 11,「11号」,直伤主C,S,0.22,27067,247,171,3.3,60.0,59.38,7.0,hf_builds,2.6.2/builds.json,https://huggingface.co/datasets/LvlUrArti/ShiyuDataProcessed/resolve/main/2.6.2/builds.json,ok
2.7.1,2026-03-31,sd,式舆防卫,5-1,第5防线 1,2.6.4,式舆防卫 2.6.4,2026-03-20,2026-04-03,soldier-11,Soldier 11,「11号」,直伤主C,S,0.15,27655,199,139,3.5,60.0,60.0,7.0,hf_builds,2.7.1/builds.json,https://huggingface.co/datasets/LvlUrArti/ShiyuDataProcessed/resolve/main/2.7.1/builds.json,ok
2.7.2,2026-04-21,sd,式舆防卫,5-1,第5防线 1,2.7.2,式舆防卫 2.7.2,2026-04-17,2026-05-01,soldier-11,Soldier 11,「11号」,直伤主C,S,0.1,0,88,76,3.44,60.0,58.52,7.0,hf_builds,2.7.2/builds.json,https://huggingface.co/datasets/LvlUrArti/ShiyuDataProcessed/resolve/main/2.7.2/builds.json,ok
2.8.1,2026-05-11,sd,式舆防卫,5-1,第5防线 1,2.7.3,式舆防卫 2.7.3,2026-05-01,2026-05-15,soldier-11,Soldier 11,「11号」,直伤主C,S,0.02,0,87,50,3.74,60.0,58.43,7.0,hf_builds,2.8.1/builds.json,https://huggingface.co/datasets/LvlUrArti/ShiyuDataProcessed/resolve/main/2.8.1/builds.json,ok
2.8.2,2026-06-02,sd,式舆防卫,5-1,第5防线 1,2.8.2,式舆防卫 2.8.2,2026-05-29,2026-06-12,soldier-11,Soldier 11,「11号」,直伤主C,S,0.77,23998,129,28,3.35,60.0,60.0,7.0,hf_builds,2.8.2/builds.json,https://huggingface.co/datasets/LvlUrArti/ShiyuDataProcessed/resolve/main/2.8.2/builds.json,ok
3.0.1,2026-06-21,sd,式舆防卫,5-1,第5防线 1,2.8.3,式舆防卫 2.8.3,2026-06-12,2026-06-26,soldier-11,Soldier 11,「11号」,直伤主C,S,0.0,0,322,161,3.72,60.0,58.57,7.0,hf_builds,3.0.1/builds.json,https://huggingface.co/datasets/LvlUrArti/ShiyuDataProcessed/resolve/main/3.0.1/builds.json,ok
2.6.1,2026-02-17,sd,式舆防卫,5-1,第5防线 1,2.6.1,式舆防卫 2.6.1,2026-02-06,2026-02-20,soukaku,Soukaku,苍角,辅助,A,0.16,27426,885,21,5.99,60.0,59.19,6.91,hf_builds,2.6.1/builds.json,https://huggingface.co/datasets/LvlUrArti/ShiyuDataProcessed/resolve/main/2.6.1/builds.json,ok
2.6.2,2026-03-10,sd,式舆防卫,5-1,第5防线 1,2.6.3,式舆防卫 2.6.3,2026-03-06,2026-03-20,soukaku,Soukaku,苍角,辅助,A,0.94,26877,328,30,5.99,59.53,57.47,6.86,hf_builds,2.6.2/builds.json,https://huggingface.co/datasets/LvlUrArti/ShiyuDataProcessed/resolve/main/2.6.2/builds.json,ok
2.7.1,2026-03-31,sd,式舆防卫,5-1,第5防线 1,2.6.4,式舆防卫 2.6.4,2026-03-20,2026-04-03,soukaku,Soukaku,苍角,辅助,A,0.04,0,827,36,5.99,59.94,59.4,6.85,hf_builds,2.7.1/builds.json,https://huggingface.co/datasets/LvlUrArti/ShiyuDataProcessed/resolve/main/2.7.1/builds.json,ok
2.7.2,2026-04-21,sd,式舆防卫,5-1,第5防线 1,2.7.2,式舆防卫 2.7.2,2026-04-17,2026-05-01,soukaku,Soukaku,苍角,辅助,A,0.1,0,348,17,6.0,60.0,60.0,6.96,hf_builds,2.7.2/builds.json,https://huggingface.co/datasets/LvlUrArti/ShiyuDataProcessed/resolve/main/2.7.2/builds.json,ok
2.8.1,2026-05-11,sd,式舆防卫,5-1,第5防线 1,2.7.3,式舆防卫 2.7.3,2026-05-01,2026-05-15,soukaku,Soukaku,苍角,辅助,A,0.11,28931,362,21,5.99,60.0,60.0,6.97,hf_builds,2.8.1/builds.json,https://huggingface.co/datasets/LvlUrArti/ShiyuDataProcessed/resolve/main/2.8.1/builds.json,ok
2.8.2,2026-06-02,sd,式舆防卫,5-1,第5防线 1,2.8.2,式舆防卫 2.8.2,2026-05-29,2026-06-12,soukaku,Soukaku,苍角,辅助,A,0.07,0,405,9,5.99,60.0,55.53,7.0,hf_builds,2.8.2/builds.json,https://huggingface.co/datasets/LvlUrArti/ShiyuDataProcessed/resolve/main/2.8.2/builds.json,ok
3.0.1,2026-06-21,sd,式舆防卫,5-1,第5防线 1,2.8.3,式舆防卫 2.8.3,2026-06-12,2026-06-26,soukaku,Soukaku,苍角,辅助,A,2.32,27990,455,19,5.99,59.85,51.66,6.97,hf_builds,3.0.1/builds.json,https://huggingface.co/datasets/LvlUrArti/ShiyuDataProcessed/resolve/main/3.0.1/builds.json,ok
2.6.1,2026-02-17,sd,式舆防卫,5-1,第5防线 1,2.6.1,式舆防卫 2.6.1,2026-02-06,2026-02-20,sunna,Sunna,千夏,辅助,S,29.47,37688,6513,916,0.06,59.98,59.5,6.96,hf_builds,2.6.1/builds.json,https://huggingface.co/datasets/LvlUrArti/ShiyuDataProcessed/resolve/main/2.6.1/builds.json,ok
2.6.2,2026-03-10,sd,式舆防卫,5-1,第5防线 1,2.6.3,式舆防卫 2.6.3,2026-03-06,2026-03-20,sunna,Sunna,千夏,辅助,S,15.16,39168,10438,2948,0.09,59.99,59.81,6.99,hf_builds,2.6.2/builds.json,https://huggingface.co/datasets/LvlUrArti/ShiyuDataProcessed/resolve/main/2.6.2/builds.json,ok
2.7.1,2026-03-31,sd,式舆防卫,5-1,第5防线 1,2.6.4,式舆防卫 2.6.4,2026-03-20,2026-04-03,sunna,Sunna,千夏,辅助,S,33.45,36792,12487,3350,0.09,59.99,59.7,6.99,hf_builds,2.7.1/builds.json,https://huggingface.co/datasets/LvlUrArti/ShiyuDataProcessed/resolve/main/2.7.1/builds.json,ok
2.7.2,2026-04-21,sd,式舆防卫,5-1,第5防线 1,2.7.2,式舆防卫 2.7.2,2026-04-17,2026-05-01,sunna,Sunna,千夏,辅助,S,35.96,32930,9130,3047,0.08,59.98,59.79,6.99,hf_builds,2.7.2/builds.json,https://huggingface.co/datasets/LvlUrArti/ShiyuDataProcessed/resolve/main/2.7.2/builds.json,ok
2.8.1,2026-05-11,sd,式舆防卫,5-1,第5防线 1,2.7.3,式舆防卫 2.7.3,2026-05-01,2026-05-15,sunna,Sunna,千夏,辅助,S,22.15,35026,11628,2853,0.08,59.98,59.74,6.99,hf_builds,2.8.1/builds.json,https://huggingface.co/datasets/LvlUrArti/ShiyuDataProcessed/resolve/main/2.8.1/builds.json,ok
2.8.2,2026-06-02,sd,式舆防卫,5-1,第5防线 1,2.8.2,式舆防卫 2.8.2,2026-05-29,2026-06-12,sunna,Sunna,千夏,辅助,S,26.57,35693,7437,1174,0.09,60.0,59.73,6.99,hf_builds,2.8.2/builds.json,https://huggingface.co/datasets/LvlUrArti/ShiyuDataProcessed/resolve/main/2.8.2/builds.json,ok
3.0.1,2026-06-21,sd,式舆防卫,5-1,第5防线 1,2.8.3,式舆防卫 2.8.3,2026-06-12,2026-06-26,sunna,Sunna,千夏,辅助,S,4.35,31748,10841,2319,0.08,60.0,59.42,6.99,hf_builds,3.0.1/builds.json,https://huggingface.co/datasets/LvlUrArti/ShiyuDataProcessed/resolve/main/3.0.1/builds.json,ok
2.6.1,2026-02-17,sd,式舆防卫,5-1,第5防线 1,2.6.1,式舆防卫 2.6.1,2026-02-06,2026-02-20,trigger,Trigger,「扳机」,辅助,S,2.93,30000,8539,1133,0.23,60.0,59.86,7.0,hf_builds,2.6.1/builds.json,https://huggingface.co/datasets/LvlUrArti/ShiyuDataProcessed/resolve/main/2.6.1/builds.json,ok
2.6.2,2026-03-10,sd,式舆防卫,5-1,第5防线 1,2.6.3,式舆防卫 2.6.3,2026-03-06,2026-03-20,trigger,Trigger,「扳机」,辅助,S,29.57,30915,5333,1678,0.25,60.0,59.86,7.0,hf_builds,2.6.2/builds.json,https://huggingface.co/datasets/LvlUrArti/ShiyuDataProcessed/resolve/main/2.6.2/builds.json,ok
2.7.1,2026-03-31,sd,式舆防卫,5-1,第5防线 1,2.6.4,式舆防卫 2.6.4,2026-03-20,2026-04-03,trigger,Trigger,「扳机」,辅助,S,5.41,29537,1990,699,0.38,60.0,59.8,7.0,hf_builds,2.7.1/builds.json,https://huggingface.co/datasets/LvlUrArti/ShiyuDataProcessed/resolve/main/2.7.1/builds.json,ok
2.7.2,2026-04-21,sd,式舆防卫,5-1,第5防线 1,2.7.2,式舆防卫 2.7.2,2026-04-17,2026-05-01,trigger,Trigger,「扳机」,辅助,S,0.99,29887,3693,1225,0.24,60.0,59.87,7.0,hf_builds,2.7.2/builds.json,https://huggingface.co/datasets/LvlUrArti/ShiyuDataProcessed/resolve/main/2.7.2/builds.json,ok
2.8.1,2026-05-11,sd,式舆防卫,5-1,第5防线 1,2.7.3,式舆防卫 2.7.3,2026-05-01,2026-05-15,trigger,Trigger,「扳机」,辅助,S,1.77,28129,5764,1391,0.27,60.0,59.85,7.0,hf_builds,2.8.1/builds.json,https://huggingface.co/datasets/LvlUrArti/ShiyuDataProcessed/resolve/main/2.8.1/builds.json,ok
2.8.2,2026-06-02,sd,式舆防卫,5-1,第5防线 1,2.8.2,式舆防卫 2.8.2,2026-05-29,2026-06-12,trigger,Trigger,「扳机」,辅助,S,1.29,26503,4050,582,0.28,60.0,59.88,7.0,hf_builds,2.8.2/builds.json,https://huggingface.co/datasets/LvlUrArti/ShiyuDataProcessed/resolve/main/2.8.2/builds.json,ok
3.0.1,2026-06-21,sd,式舆防卫,5-1,第5防线 1,2.8.3,式舆防卫 2.8.3,2026-06-12,2026-06-26,trigger,Trigger,「扳机」,辅助,S,0.66,27822,2328,690,0.37,60.0,59.89,7.0,hf_builds,3.0.1/builds.json,https://huggingface.co/datasets/LvlUrArti/ShiyuDataProcessed/resolve/main/3.0.1/builds.json,ok
2.6.1,2026-02-17,sd,式舆防卫,5-1,第5防线 1,2.6.1,式舆防卫 2.6.1,2026-02-06,2026-02-20,ukinami-yuzuha,Ukinami Yuzuha,浮波柚叶,辅助,S,8.55,28693,9153,1598,0.16,59.99,59.58,6.99,hf_builds,2.6.1/builds.json,https://huggingface.co/datasets/LvlUrArti/ShiyuDataProcessed/resolve/main/2.6.1/builds.json,ok
2.6.2,2026-03-10,sd,式舆防卫,5-1,第5防线 1,2.6.3,式舆防卫 2.6.3,2026-03-06,2026-03-20,ukinami-yuzuha,Ukinami Yuzuha,浮波柚叶,辅助,S,13.82,28223,10272,3722,0.26,60.0,59.8,6.99,hf_builds,2.6.2/builds.json,https://huggingface.co/datasets/LvlUrArti/ShiyuDataProcessed/resolve/main/2.6.2/builds.json,ok
2.7.1,2026-03-31,sd,式舆防卫,5-1,第5防线 1,2.6.4,式舆防卫 2.6.4,2026-03-20,2026-04-03,ukinami-yuzuha,Ukinami Yuzuha,浮波柚叶,辅助,S,4.8,27467,13641,3750,0.24,60.0,59.78,7.0,hf_builds,2.7.1/builds.json,https://huggingface.co/datasets/LvlUrArti/ShiyuDataProcessed/resolve/main/2.7.1/builds.json,ok
2.7.2,2026-04-21,sd,式舆防卫,5-1,第5防线 1,2.7.2,式舆防卫 2.7.2,2026-04-17,2026-05-01,ukinami-yuzuha,Ukinami Yuzuha,浮波柚叶,辅助,S,16.35,31178,8180,2794,0.28,60.0,59.85,7.0,hf_builds,2.7.2/builds.json,https://huggingface.co/datasets/LvlUrArti/ShiyuDataProcessed/resolve/main/2.7.2/builds.json,ok
2.8.1,2026-05-11,sd,式舆防卫,5-1,第5防线 1,2.7.3,式舆防卫 2.7.3,2026-05-01,2026-05-15,ukinami-yuzuha,Ukinami Yuzuha,浮波柚叶,辅助,S,4.62,28906,11329,2934,0.23,60.0,59.85,7.0,hf_builds,2.8.1/builds.json,https://huggingface.co/datasets/LvlUrArti/ShiyuDataProcessed/resolve/main/2.8.1/builds.json,ok
2.8.2,2026-06-02,sd,式舆防卫,5-1,第5防线 1,2.8.2,式舆防卫 2.8.2,2026-05-29,2026-06-12,ukinami-yuzuha,Ukinami Yuzuha,浮波柚叶,辅助,S,6.23,26879,10641,1586,0.22,60.0,59.86,7.0,hf_builds,2.8.2/builds.json,https://huggingface.co/datasets/LvlUrArti/ShiyuDataProcessed/resolve/main/2.8.2/builds.json,ok
3.0.1,2026-06-21,sd,式舆防卫,5-1,第5防线 1,2.8.3,式舆防卫 2.8.3,2026-06-12,2026-06-26,ukinami-yuzuha,Ukinami Yuzuha,浮波柚叶,辅助,S,66.33,32973,14829,3253,0.21,60.0,59.88,7.0,hf_builds,3.0.1/builds.json,https://huggingface.co/datasets/LvlUrArti/ShiyuDataProcessed/resolve/main/3.0.1/builds.json,ok
3.0.1,2026-06-21,sd,式舆防卫,5-1,第5防线 1,2.8.3,式舆防卫 2.8.3,2026-06-12,2026-06-26,velina,Velina,维琳娜·艾嘉德,异常主C,S,7.46,34558,2086,677,0.08,59.96,59.65,6.78,hf_builds,3.0.1/builds.json,https://huggingface.co/datasets/LvlUrArti/ShiyuDataProcessed/resolve/main/3.0.1/builds.json,ok
2.6.1,2026-02-17,sd,式舆防卫,5-1,第5防线 1,2.6.1,式舆防卫 2.6.1,2026-02-06,2026-02-20,vivian,Vivian Banshee,薇薇安·班希,异常主C,S,2.07,27989,4273,1303,0.26,60.0,59.78,6.99,hf_builds,2.6.1/builds.json,https://huggingface.co/datasets/LvlUrArti/ShiyuDataProcessed/resolve/main/2.6.1/builds.json,ok
2.6.2,2026-03-10,sd,式舆防卫,5-1,第5防线 1,2.6.3,式舆防卫 2.6.3,2026-03-06,2026-03-20,vivian,Vivian Banshee,薇薇安·班希,异常主C,S,2.34,27168,4041,2435,0.38,60.0,59.53,7.0,hf_builds,2.6.2/builds.json,https://huggingface.co/datasets/LvlUrArti/ShiyuDataProcessed/resolve/main/2.6.2/builds.json,ok
2.7.1,2026-03-31,sd,式舆防卫,5-1,第5防线 1,2.6.4,式舆防卫 2.6.4,2026-03-20,2026-04-03,vivian,Vivian Banshee,薇薇安·班希,异常主C,S,1.19,27110,5809,2574,0.29,60.0,59.65,7.0,hf_builds,2.7.1/builds.json,https://huggingface.co/datasets/LvlUrArti/ShiyuDataProcessed/resolve/main/2.7.1/builds.json,ok
2.7.2,2026-04-21,sd,式舆防卫,5-1,第5防线 1,2.7.2,式舆防卫 2.7.2,2026-04-17,2026-05-01,vivian,Vivian Banshee,薇薇安·班希,异常主C,S,3.65,27025,1783,1205,0.5,60.0,59.88,7.0,hf_builds,2.7.2/builds.json,https://huggingface.co/datasets/LvlUrArti/ShiyuDataProcessed/resolve/main/2.7.2/builds.json,ok
2.8.1,2026-05-11,sd,式舆防卫,5-1,第5防线 1,2.7.3,式舆防卫 2.7.3,2026-05-01,2026-05-15,vivian,Vivian Banshee,薇薇安·班希,异常主C,S,2.43,27621,3777,1709,0.33,60.0,59.81,7.0,hf_builds,2.8.1/builds.json,https://huggingface.co/datasets/LvlUrArti/ShiyuDataProcessed/resolve/main/2.8.1/builds.json,ok
2.8.2,2026-06-02,sd,式舆防卫,5-1,第5防线 1,2.8.2,式舆防卫 2.8.2,2026-05-29,2026-06-12,vivian,Vivian Banshee,薇薇安·班希,异常主C,S,1.5,25608,3397,861,0.28,59.99,59.8,7.0,hf_builds,2.8.2/builds.json,https://huggingface.co/datasets/LvlUrArti/ShiyuDataProcessed/resolve/main/2.8.2/builds.json,ok
3.0.1,2026-06-21,sd,式舆防卫,5-1,第5防线 1,2.8.3,式舆防卫 2.8.3,2026-06-12,2026-06-26,vivian,Vivian Banshee,薇薇安·班希,异常主C,S,18.16,30082,3992,1563,0.41,60.0,59.58,7.0,hf_builds,3.0.1/builds.json,https://huggingface.co/datasets/LvlUrArti/ShiyuDataProcessed/resolve/main/3.0.1/builds.json,ok
2.6.1,2026-02-17,sd,式舆防卫,5-1,第5防线 1,2.6.1,式舆防卫 2.6.1,2026-02-06,2026-02-20,yanagi,Tsukishiro Yanagi,月城 柳,异常主C,S,1.57,28604,5385,972,0.18,60.0,59.97,7.0,hf_builds,2.6.1/builds.json,https://huggingface.co/datasets/LvlUrArti/ShiyuDataProcessed/resolve/main/2.6.1/builds.json,ok
2.6.2,2026-03-10,sd,式舆防卫,5-1,第5防线 1,2.6.3,式舆防卫 2.6.3,2026-03-06,2026-03-20,yanagi,Tsukishiro Yanagi,月城 柳,异常主C,S,9.94,28292,1860,877,0.33,60.0,59.73,7.0,hf_builds,2.6.2/builds.json,https://huggingface.co/datasets/LvlUrArti/ShiyuDataProcessed/resolve/main/2.6.2/builds.json,ok
2.7.1,2026-03-31,sd,式舆防卫,5-1,第5防线 1,2.6.4,式舆防卫 2.6.4,2026-03-20,2026-04-03,yanagi,Tsukishiro Yanagi,月城 柳,异常主C,S,0.32,28163,1071,381,0.27,60.0,59.8,7.0,hf_builds,2.7.1/builds.json,https://huggingface.co/datasets/LvlUrArti/ShiyuDataProcessed/resolve/main/2.7.1/builds.json,ok
2.7.2,2026-04-21,sd,式舆防卫,5-1,第5防线 1,2.7.2,式舆防卫 2.7.2,2026-04-17,2026-05-01,yanagi,Tsukishiro Yanagi,月城 柳,异常主C,S,0.19,28962,1167,513,0.33,60.0,59.88,7.0,hf_builds,2.7.2/builds.json,https://huggingface.co/datasets/LvlUrArti/ShiyuDataProcessed/resolve/main/2.7.2/builds.json,ok
2.8.1,2026-05-11,sd,式舆防卫,5-1,第5防线 1,2.7.3,式舆防卫 2.7.3,2026-05-01,2026-05-15,yanagi,Tsukishiro Yanagi,月城 柳,异常主C,S,0.29,27322,1335,502,0.36,60.0,59.94,7.0,hf_builds,2.8.1/builds.json,https://huggingface.co/datasets/LvlUrArti/ShiyuDataProcessed/resolve/main/2.8.1/builds.json,ok
2.8.2,2026-06-02,sd,式舆防卫,5-1,第5防线 1,2.8.2,式舆防卫 2.8.2,2026-05-29,2026-06-12,yanagi,Tsukishiro Yanagi,月城 柳,异常主C,S,0.2,23497,1586,268,0.26,60.0,59.74,7.0,hf_builds,2.8.2/builds.json,https://huggingface.co/datasets/LvlUrArti/ShiyuDataProcessed/resolve/main/2.8.2/builds.json,ok
3.0.1,2026-06-21,sd,式舆防卫,5-1,第5防线 1,2.8.3,式舆防卫 2.8.3,2026-06-12,2026-06-26,yanagi,Tsukishiro Yanagi,月城 柳,异常主C,S,5.5,28598,1191,352,0.33,60.0,59.42,6.99,hf_builds,3.0.1/builds.json,https://huggingface.co/datasets/LvlUrArti/ShiyuDataProcessed/resolve/main/3.0.1/builds.json,ok
2.6.1,2026-02-17,sd,式舆防卫,5-1,第5防线 1,2.6.1,式舆防卫 2.6.1,2026-02-06,2026-02-20,ye-shunguang,Ye Shunguang,叶瞬光,直伤主C,S,82.61,35034,17624,6228,0.64,60.0,59.92,7.0,hf_builds,2.6.1/builds.json,https://huggingface.co/datasets/LvlUrArti/ShiyuDataProcessed/resolve/main/2.6.1/builds.json,ok
2.6.2,2026-03-10,sd,式舆防卫,5-1,第5防线 1,2.6.3,式舆防卫 2.6.3,2026-03-06,2026-03-20,ye-shunguang,Ye Shunguang,叶瞬光,直伤主C,S,37.56,37021,13553,11069,0.6,60.0,59.96,7.0,hf_builds,2.6.2/builds.json,https://huggingface.co/datasets/LvlUrArti/ShiyuDataProcessed/resolve/main/2.6.2/builds.json,ok
2.7.1,2026-03-31,sd,式舆防卫,5-1,第5防线 1,2.6.4,式舆防卫 2.6.4,2026-03-20,2026-04-03,ye-shunguang,Ye Shunguang,叶瞬光,直伤主C,S,84.6,35590,17246,10627,0.72,60.0,59.92,7.0,hf_builds,2.7.1/builds.json,https://huggingface.co/datasets/LvlUrArti/ShiyuDataProcessed/resolve/main/2.7.1/builds.json,ok
2.7.2,2026-04-21,sd,式舆防卫,5-1,第5防线 1,2.7.2,式舆防卫 2.7.2,2026-04-17,2026-05-01,ye-shunguang,Ye Shunguang,叶瞬光,直伤主C,S,12.17,34427,10223,8425,0.68,60.0,59.96,7.0,hf_builds,2.7.2/builds.json,https://huggingface.co/datasets/LvlUrArti/ShiyuDataProcessed/resolve/main/2.7.2/builds.json,ok
2.8.1,2026-05-11,sd,式舆防卫,5-1,第5防线 1,2.7.3,式舆防卫 2.7.3,2026-05-01,2026-05-15,ye-shunguang,Ye Shunguang,叶瞬光,直伤主C,S,50.43,34063,14651,9023,0.74,60.0,59.94,7.0,hf_builds,2.8.1/builds.json,https://huggingface.co/datasets/LvlUrArti/ShiyuDataProcessed/resolve/main/2.8.1/builds.json,ok
2.8.2,2026-06-02,sd,式舆防卫,5-1,第5防线 1,2.8.2,式舆防卫 2.8.2,2026-05-29,2026-06-12,ye-shunguang,Ye Shunguang,叶瞬光,直伤主C,S,45.65,33869,10793,4473,0.71,60.0,59.97,7.0,hf_builds,2.8.2/builds.json,https://huggingface.co/datasets/LvlUrArti/ShiyuDataProcessed/resolve/main/2.8.2/builds.json,ok
3.0.1,2026-06-21,sd,式舆防卫,5-1,第5防线 1,2.8.3,式舆防卫 2.8.3,2026-06-12,2026-06-26,ye-shunguang,Ye Shunguang,叶瞬光,直伤主C,S,0.33,30637,15800,9263,0.71,60.0,59.93,7.0,hf_builds,3.0.1/builds.json,https://huggingface.co/datasets/LvlUrArti/ShiyuDataProcessed/resolve/main/3.0.1/builds.json,ok
2.6.1,2026-02-17,sd,式舆防卫,5-1,第5防线 1,2.6.1,式舆防卫 2.6.1,2026-02-06,2026-02-20,yidhari,Yidhari,伊德海莉·墨菲,直伤主C,S,0.05,0,179,63,0.75,60.0,59.86,7.0,hf_builds,2.6.1/builds.json,https://huggingface.co/datasets/LvlUrArti/ShiyuDataProcessed/resolve/main/2.6.1/builds.json,ok
2.6.2,2026-03-10,sd,式舆防卫,5-1,第5防线 1,2.6.3,式舆防卫 2.6.3,2026-03-06,2026-03-20,yidhari,Yidhari,伊德海莉·墨菲,直伤主C,S,0.14,0,148,124,0.22,60.0,59.4,7.0,hf_builds,2.6.2/builds.json,https://huggingface.co/datasets/LvlUrArti/ShiyuDataProcessed/resolve/main/2.6.2/builds.json,ok
2.7.1,2026-03-31,sd,式舆防卫,5-1,第5防线 1,2.6.4,式舆防卫 2.6.4,2026-03-20,2026-04-03,yidhari,Yidhari,伊德海莉·墨菲,直伤主C,S,0.02,0,1852,837,0.31,60.0,59.32,7.0,hf_builds,2.7.1/builds.json,https://huggingface.co/datasets/LvlUrArti/ShiyuDataProcessed/resolve/main/2.7.1/builds.json,ok
2.7.2,2026-04-21,sd,式舆防卫,5-1,第5防线 1,2.7.2,式舆防卫 2.7.2,2026-04-17,2026-05-01,yidhari,Yidhari,伊德海莉·墨菲,直伤主C,S,0.01,0,1290,714,0.41,60.0,59.86,7.0,hf_builds,2.7.2/builds.json,https://huggingface.co/datasets/LvlUrArti/ShiyuDataProcessed/resolve/main/2.7.2/builds.json,ok
2.8.1,2026-05-11,sd,式舆防卫,5-1,第5防线 1,2.7.3,式舆防卫 2.7.3,2026-05-01,2026-05-15,yidhari,Yidhari,伊德海莉·墨菲,直伤主C,S,0.62,28218,156,118,0.36,60.0,59.82,7.0,hf_builds,2.8.1/builds.json,https://huggingface.co/datasets/LvlUrArti/ShiyuDataProcessed/resolve/main/2.8.1/builds.json,ok
2.8.2,2026-06-02,sd,式舆防卫,5-1,第5防线 1,2.8.2,式舆防卫 2.8.2,2026-05-29,2026-06-12,yidhari,Yidhari,伊德海莉·墨菲,直伤主C,S,1.28,26375,432,141,0.45,60.0,59.39,7.0,hf_builds,2.8.2/builds.json,https://huggingface.co/datasets/LvlUrArti/ShiyuDataProcessed/resolve/main/2.8.2/builds.json,ok
3.0.1,2026-06-21,sd,式舆防卫,5-1,第5防线 1,2.8.3,式舆防卫 2.8.3,2026-06-12,2026-06-26,yidhari,Yidhari,伊德海莉·墨菲,直伤主C,S,1.33,27973,359,212,0.56,60.0,59.88,7.0,hf_builds,3.0.1/builds.json,https://huggingface.co/datasets/LvlUrArti/ShiyuDataProcessed/resolve/main/3.0.1/builds.json,ok
2.6.1,2026-02-17,sd,式舆防卫,5-1,第5防线 1,2.6.1,式舆防卫 2.6.1,2026-02-06,2026-02-20,yixuan,Yixuan,仪玄,直伤主C,S,0.23,27507,13007,4738,0.49,60.0,59.91,7.0,hf_builds,2.6.1/builds.json,https://huggingface.co/datasets/LvlUrArti/ShiyuDataProcessed/resolve/main/2.6.1/builds.json,ok
2.6.2,2026-03-10,sd,式舆防卫,5-1,第5防线 1,2.6.3,式舆防卫 2.6.3,2026-03-06,2026-03-20,yixuan,Yixuan,仪玄,直伤主C,S,0.12,0,10623,8872,0.65,60.0,59.87,7.0,hf_builds,2.6.2/builds.json,https://huggingface.co/datasets/LvlUrArti/ShiyuDataProcessed/resolve/main/2.6.2/builds.json,ok
2.7.1,2026-03-31,sd,式舆防卫,5-1,第5防线 1,2.6.4,式舆防卫 2.6.4,2026-03-20,2026-04-03,yixuan,Yixuan,仪玄,直伤主C,S,0.08,0,12679,8352,0.57,60.0,59.9,7.0,hf_builds,2.7.1/builds.json,https://huggingface.co/datasets/LvlUrArti/ShiyuDataProcessed/resolve/main/2.7.1/builds.json,ok
2.7.2,2026-04-21,sd,式舆防卫,5-1,第5防线 1,2.7.2,式舆防卫 2.7.2,2026-04-17,2026-05-01,yixuan,Yixuan,仪玄,直伤主C,S,34.85,31118,9450,7636,0.73,60.0,59.94,7.0,hf_builds,2.7.2/builds.json,https://huggingface.co/datasets/LvlUrArti/ShiyuDataProcessed/resolve/main/2.7.2/builds.json,ok
2.8.1,2026-05-11,sd,式舆防卫,5-1,第5防线 1,2.7.3,式舆防卫 2.7.3,2026-05-01,2026-05-15,yixuan,Yixuan,仪玄,直伤主C,S,33.18,31169,8934,5914,0.7,60.0,59.94,7.0,hf_builds,2.8.1/builds.json,https://huggingface.co/datasets/LvlUrArti/ShiyuDataProcessed/resolve/main/2.8.1/builds.json,ok
2.8.2,2026-06-02,sd,式舆防卫,5-1,第5防线 1,2.8.2,式舆防卫 2.8.2,2026-05-29,2026-06-12,yixuan,Yixuan,仪玄,直伤主C,S,14.23,26922,3084,1422,0.92,60.0,59.72,7.0,hf_builds,2.8.2/builds.json,https://huggingface.co/datasets/LvlUrArti/ShiyuDataProcessed/resolve/main/2.8.2/builds.json,ok
3.0.1,2026-06-21,sd,式舆防卫,5-1,第5防线 1,2.8.3,式舆防卫 2.8.3,2026-06-12,2026-06-26,yixuan,Yixuan,仪玄,直伤主C,S,1.79,27043,7676,5297,0.74,60.0,59.89,7.0,hf_builds,3.0.1/builds.json,https://huggingface.co/datasets/LvlUrArti/ShiyuDataProcessed/resolve/main/3.0.1/builds.json,ok
2.6.1,2026-02-17,sd,式舆防卫,5-1,第5防线 1,2.6.1,式舆防卫 2.6.1,2026-02-06,2026-02-20,zhao,Zhao,照,辅助,S,76.26,34809,16521,710,0.04,59.99,59.26,6.91,hf_builds,2.6.1/builds.json,https://huggingface.co/datasets/LvlUrArti/ShiyuDataProcessed/resolve/main/2.6.1/builds.json,ok
2.6.2,2026-03-10,sd,式舆防卫,5-1,第5防线 1,2.6.3,式舆防卫 2.6.3,2026-03-06,2026-03-20,zhao,Zhao,照,辅助,S,34.58,36965,12823,1112,0.04,59.99,59.57,6.94,hf_builds,2.6.2/builds.json,https://huggingface.co/datasets/LvlUrArti/ShiyuDataProcessed/resolve/main/2.6.2/builds.json,ok
2.7.1,2026-03-31,sd,式舆防卫,5-1,第5防线 1,2.6.4,式舆防卫 2.6.4,2026-03-20,2026-04-03,zhao,Zhao,照,辅助,S,76.0,35578,16126,965,0.05,60.0,59.48,6.95,hf_builds,2.7.1/builds.json,https://huggingface.co/datasets/LvlUrArti/ShiyuDataProcessed/resolve/main/2.7.1/builds.json,ok
2.7.2,2026-04-21,sd,式舆防卫,5-1,第5防线 1,2.7.2,式舆防卫 2.7.2,2026-04-17,2026-05-01,zhao,Zhao,照,辅助,S,12.19,33800,9644,723,0.04,60.0,59.57,6.97,hf_builds,2.7.2/builds.json,https://huggingface.co/datasets/LvlUrArti/ShiyuDataProcessed/resolve/main/2.7.2/builds.json,ok
2.8.1,2026-05-11,sd,式舆防卫,5-1,第5防线 1,2.7.3,式舆防卫 2.7.3,2026-05-01,2026-05-15,zhao,Zhao,照,辅助,S,44.5,33766,13346,730,0.04,59.99,59.41,6.98,hf_builds,2.8.1/builds.json,https://huggingface.co/datasets/LvlUrArti/ShiyuDataProcessed/resolve/main/2.8.1/builds.json,ok
2.8.2,2026-06-02,sd,式舆防卫,5-1,第5防线 1,2.8.2,式舆防卫 2.8.2,2026-05-29,2026-06-12,zhao,Zhao,照,辅助,S,37.08,33389,9413,321,0.04,59.99,59.68,6.98,hf_builds,2.8.2/builds.json,https://huggingface.co/datasets/LvlUrArti/ShiyuDataProcessed/resolve/main/2.8.2/builds.json,ok
3.0.1,2026-06-21,sd,式舆防卫,5-1,第5防线 1,2.8.3,式舆防卫 2.8.3,2026-06-12,2026-06-26,zhao,Zhao,照,辅助,S,1.02,29562,14138,617,0.04,60.0,59.62,6.97,hf_builds,3.0.1/builds.json,https://huggingface.co/datasets/LvlUrArti/ShiyuDataProcessed/resolve/main/3.0.1/builds.json,ok
2.6.1,2026-02-17,sd,式舆防卫,5-1,第5防线 1,2.6.1,式舆防卫 2.6.1,2026-02-06,2026-02-20,zhu-yuan,Zhu Yuan,朱鸢,直伤主C,S,0.0,0,71,24,0.82,60.0,57.08,7.0,hf_builds,2.6.1/builds.json,https://huggingface.co/datasets/LvlUrArti/ShiyuDataProcessed/resolve/main/2.6.1/builds.json,ok
2.6.2,2026-03-10,sd,式舆防卫,5-1,第5防线 1,2.6.3,式舆防卫 2.6.3,2026-03-06,2026-03-20,zhu-yuan,Zhu Yuan,朱鸢,直伤主C,S,0.02,0,91,70,0.62,60.0,60.0,7.0,hf_builds,2.6.2/builds.json,https://huggingface.co/datasets/LvlUrArti/ShiyuDataProcessed/resolve/main/2.6.2/builds.json,ok
2.7.1,2026-03-31,sd,式舆防卫,5-1,第5防线 1,2.6.4,式舆防卫 2.6.4,2026-03-20,2026-04-03,zhu-yuan,Zhu Yuan,朱鸢,直伤主C,S,0.0,0,90,59,0.83,60.0,58.8,7.0,hf_builds,2.7.1/builds.json,https://huggingface.co/datasets/LvlUrArti/ShiyuDataProcessed/resolve/main/2.7.1/builds.json,ok
2.7.2,2026-04-21,sd,式舆防卫,5-1,第5防线 1,2.7.2,式舆防卫 2.7.2,2026-04-17,2026-05-01,zhu-yuan,Zhu Yuan,朱鸢,直伤主C,S,0.39,26430,60,49,0.92,60.0,59.23,7.0,hf_builds,2.7.2/builds.json,https://huggingface.co/datasets/LvlUrArti/ShiyuDataProcessed/resolve/main/2.7.2/builds.json,ok
2.8.1,2026-05-11,sd,式舆防卫,5-1,第5防线 1,2.7.3,式舆防卫 2.7.3,2026-05-01,2026-05-15,zhu-yuan,Zhu Yuan,朱鸢,直伤主C,S,0.22,27092,52,31,1.1,60.0,55.76,7.0,hf_builds,2.8.1/builds.json,https://huggingface.co/datasets/LvlUrArti/ShiyuDataProcessed/resolve/main/2.8.1/builds.json,ok
2.8.2,2026-06-02,sd,式舆防卫,5-1,第5防线 1,2.8.2,式舆防卫 2.8.2,2026-05-29,2026-06-12,zhu-yuan,Zhu Yuan,朱鸢,直伤主C,S,0.01,0,9,2,0.76,60.0,60.0,6.74,hf_builds,2.8.2/builds.json,https://huggingface.co/datasets/LvlUrArti/ShiyuDataProcessed/resolve/main/2.8.2/builds.json,ok
3.0.1,2026-06-21,sd,式舆防卫,5-1,第5防线 1,2.8.3,式舆防卫 2.8.3,2026-06-12,2026-06-26,zhu-yuan,Zhu Yuan,朱鸢,直伤主C,S,0.0,0,2,4,0.98,60.0,60.0,7.0,hf_builds,3.0.1/builds.json,https://huggingface.co/datasets/LvlUrArti/ShiyuDataProcessed/resolve/main/3.0.1/builds.json,ok
2.6.1,2026-02-17,sd,式舆防卫,5-2,第5防线 2,2.6.1,式舆防卫 2.6.1,2026-02-06,2026-02-20,alice,Alice Thymefield,爱丽丝·泰姆菲尔德,异常主C,S,0.79,32276,1950,611,0.46,59.99,59.88,6.99,hf_builds,2.6.1/builds.json,https://huggingface.co/datasets/LvlUrArti/ShiyuDataProcessed/resolve/main/2.6.1/builds.json,ok
2.6.2,2026-03-10,sd,式舆防卫,5-2,第5防线 2,2.6.3,式舆防卫 2.6.3,2026-03-06,2026-03-20,alice,Alice Thymefield,爱丽丝·泰姆菲尔德,异常主C,S,6.52,29550,2610,1611,0.45,60.0,59.84,7.0,hf_builds,2.6.2/builds.json,https://huggingface.co/datasets/LvlUrArti/ShiyuDataProcessed/resolve/main/2.6.2/builds.json,ok
2.7.1,2026-03-31,sd,式舆防卫,5-2,第5防线 2,2.6.4,式舆防卫 2.6.4,2026-03-20,2026-04-03,alice,Alice Thymefield,爱丽丝·泰姆菲尔德,异常主C,S,6.91,30720,2241,1224,0.55,60.0,59.82,7.0,hf_builds,2.7.1/builds.json,https://huggingface.co/datasets/LvlUrArti/ShiyuDataProcessed/resolve/main/2.7.1/builds.json,ok
2.7.2,2026-04-21,sd,式舆防卫,5-2,第5防线 2,2.7.2,式舆防卫 2.7.2,2026-04-17,2026-05-01,alice,Alice Thymefield,爱丽丝·泰姆菲尔德,异常主C,S,3.53,30666,1008,706,0.56,60.0,59.96,7.0,hf_builds,2.7.2/builds.json,https://huggingface.co/datasets/LvlUrArti/ShiyuDataProcessed/resolve/main/2.7.2/builds.json,ok
2.8.1,2026-05-11,sd,式舆防卫,5-2,第5防线 2,2.7.3,式舆防卫 2.7.3,2026-05-01,2026-05-15,alice,Alice Thymefield,爱丽丝·泰姆菲尔德,异常主C,S,1.12,26967,1180,699,0.69,59.99,59.84,7.0,hf_builds,2.8.1/builds.json,https://huggingface.co/datasets/LvlUrArti/ShiyuDataProcessed/resolve/main/2.8.1/builds.json,ok
2.8.2,2026-06-02,sd,式舆防卫,5-2,第5防线 2,2.8.2,式舆防卫 2.8.2,2026-05-29,2026-06-12,alice,Alice Thymefield,爱丽丝·泰姆菲尔德,异常主C,S,0.38,26490,1451,409,0.49,60.0,59.86,7.0,hf_builds,2.8.2/builds.json,https://huggingface.co/datasets/LvlUrArti/ShiyuDataProcessed/resolve/main/2.8.2/builds.json,ok
3.0.1,2026-06-21,sd,式舆防卫,5-2,第5防线 2,2.8.3,式舆防卫 2.8.3,2026-06-12,2026-06-26,alice,Alice Thymefield,爱丽丝·泰姆菲尔德,异常主C,S,3.97,27577,1441,712,0.57,60.0,59.72,7.0,hf_builds,3.0.1/builds.json,https://huggingface.co/datasets/LvlUrArti/ShiyuDataProcessed/resolve/main/3.0.1/builds.json,ok
2.6.1,2026-02-17,sd,式舆防卫,5-2,第5防线 2,2.6.1,式舆防卫 2.6.1,2026-02-06,2026-02-20,anby-demara,Anby Demara,安比·德玛拉,辅助,A,0.04,0,15,1,5.85,60.0,60.0,7.0,hf_builds,2.6.1/builds.json,https://huggingface.co/datasets/LvlUrArti/ShiyuDataProcessed/resolve/main/2.6.1/builds.json,ok
2.6.2,2026-03-10,sd,式舆防卫,5-2,第5防线 2,2.6.3,式舆防卫 2.6.3,2026-03-06,2026-03-20,anby-demara,Anby Demara,安比·德玛拉,辅助,A,0.01,0,8,4,5.88,60.0,60.0,7.0,hf_builds,2.6.2/builds.json,https://huggingface.co/datasets/LvlUrArti/ShiyuDataProcessed/resolve/main/2.6.2/builds.json,ok
2.7.1,2026-03-31,sd,式舆防卫,5-2,第5防线 2,2.6.4,式舆防卫 2.6.4,2026-03-20,2026-04-03,anby-demara,Anby Demara,安比·德玛拉,辅助,A,0.02,0,5,2,5.54,60.0,60.0,7.0,hf_builds,2.7.1/builds.json,https://huggingface.co/datasets/LvlUrArti/ShiyuDataProcessed/resolve/main/2.7.1/builds.json,ok
2.7.2,2026-04-21,sd,式舆防卫,5-2,第5防线 2,2.7.2,式舆防卫 2.7.2,2026-04-17,2026-05-01,anby-demara,Anby Demara,安比·德玛拉,辅助,A,0.05,0,8,3,5.69,60.0,60.0,7.0,hf_builds,2.7.2/builds.json,https://huggingface.co/datasets/LvlUrArti/ShiyuDataProcessed/resolve/main/2.7.2/builds.json,ok
2.8.1,2026-05-11,sd,式舆防卫,5-2,第5防线 2,2.7.3,式舆防卫 2.7.3,2026-05-01,2026-05-15,anby-demara,Anby Demara,安比·德玛拉,辅助,A,0.03,0,8,1,6.0,60.0,60.0,7.0,hf_builds,2.8.1/builds.json,https://huggingface.co/datasets/LvlUrArti/ShiyuDataProcessed/resolve/main/2.8.1/builds.json,ok
2.8.2,2026-06-02,sd,式舆防卫,5-2,第5防线 2,2.8.2,式舆防卫 2.8.2,2026-05-29,2026-06-12,anby-demara,Anby Demara,安比·德玛拉,辅助,A,0.0,0,14,0,5.6,0.0,0.0,0.0,hf_builds,2.8.2/builds.json,https://huggingface.co/datasets/LvlUrArti/ShiyuDataProcessed/resolve/main/2.8.2/builds.json,ok
3.0.1,2026-06-21,sd,式舆防卫,5-2,第5防线 2,2.8.3,式舆防卫 2.8.3,2026-06-12,2026-06-26,anby-demara,Anby Demara,安比·德玛拉,辅助,A,0.02,0,5,2,6.0,60.0,60.0,7.0,hf_builds,3.0.1/builds.json,https://huggingface.co/datasets/LvlUrArti/ShiyuDataProcessed/resolve/main/3.0.1/builds.json,ok
2.6.1,2026-02-17,sd,式舆防卫,5-2,第5防线 2,2.6.1,式舆防卫 2.6.1,2026-02-06,2026-02-20,anby-demara-soldier-0,Soldier 0 - Anby,零号·安比,直伤主C,S,32.16,34537,6990,1668,0.31,59.99,59.73,7.0,hf_builds,2.6.1/builds.json,https://huggingface.co/datasets/LvlUrArti/ShiyuDataProcessed/resolve/main/2.6.1/builds.json,ok
2.6.2,2026-03-10,sd,式舆防卫,5-2,第5防线 2,2.6.3,式舆防卫 2.6.3,2026-03-06,2026-03-20,anby-demara-soldier-0,Soldier 0 - Anby,零号·安比,直伤主C,S,0.2,29458,4384,2542,0.35,59.99,59.86,7.0,hf_builds,2.6.2/builds.json,https://huggingface.co/datasets/LvlUrArti/ShiyuDataProcessed/resolve/main/2.6.2/builds.json,ok
2.7.1,2026-03-31,sd,式舆防卫,5-2,第5防线 2,2.6.4,式舆防卫 2.6.4,2026-03-20,2026-04-03,anby-demara-soldier-0,Soldier 0 - Anby,零号·安比,直伤主C,S,0.26,29326,571,462,1.03,60.0,59.93,7.0,hf_builds,2.7.1/builds.json,https://huggingface.co/datasets/LvlUrArti/ShiyuDataProcessed/resolve/main/2.7.1/builds.json,ok
2.7.2,2026-04-21,sd,式舆防卫,5-2,第5防线 2,2.7.2,式舆防卫 2.7.2,2026-04-17,2026-05-01,anby-demara-soldier-0,Soldier 0 - Anby,零号·安比,直伤主C,S,17.84,31592,2641,1626,0.35,60.0,59.72,7.0,hf_builds,2.7.2/builds.json,https://huggingface.co/datasets/LvlUrArti/ShiyuDataProcessed/resolve/main/2.7.2/builds.json,ok
2.8.1,2026-05-11,sd,式舆防卫,5-2,第5防线 2,2.7.3,式舆防卫 2.7.3,2026-05-01,2026-05-15,anby-demara-soldier-0,Soldier 0 - Anby,零号·安比,直伤主C,S,26.13,29558,4655,2088,0.38,59.99,59.74,7.0,hf_builds,2.8.1/builds.json,https://huggingface.co/datasets/LvlUrArti/ShiyuDataProcessed/resolve/main/2.8.1/builds.json,ok
2.8.2,2026-06-02,sd,式舆防卫,5-2,第5防线 2,2.8.2,式舆防卫 2.8.2,2026-05-29,2026-06-12,anby-demara-soldier-0,Soldier 0 - Anby,零号·安比,直伤主C,S,0.08,0,3289,893,0.4,60.0,59.88,7.0,hf_builds,2.8.2/builds.json,https://huggingface.co/datasets/LvlUrArti/ShiyuDataProcessed/resolve/main/2.8.2/builds.json,ok
3.0.1,2026-06-21,sd,式舆防卫,5-2,第5防线 2,2.8.3,式舆防卫 2.8.3,2026-06-12,2026-06-26,anby-demara-soldier-0,Soldier 0 - Anby,零号·安比,直伤主C,S,0.31,26217,1289,743,0.74,60.0,59.8,7.0,hf_builds,3.0.1/builds.json,https://huggingface.co/datasets/LvlUrArti/ShiyuDataProcessed/resolve/main/3.0.1/builds.json,ok
2.6.1,2026-02-17,sd,式舆防卫,5-2,第5防线 2,2.6.1,式舆防卫 2.6.1,2026-02-06,2026-02-20,anton,Anton Ivanov,安东·伊万诺夫,直伤主C,A,0.1,0,20,10,6.0,60.0,60.0,7.0,hf_builds,2.6.1/builds.json,https://huggingface.co/datasets/LvlUrArti/ShiyuDataProcessed/resolve/main/2.6.1/builds.json,ok
2.6.2,2026-03-10,sd,式舆防卫,5-2,第5防线 2,2.6.3,式舆防卫 2.6.3,2026-03-06,2026-03-20,anton,Anton Ivanov,安东·伊万诺夫,直伤主C,A,0.0,0,5,9,6.0,60.0,60.0,7.0,hf_builds,2.6.2/builds.json,https://huggingface.co/datasets/LvlUrArti/ShiyuDataProcessed/resolve/main/2.6.2/builds.json,ok
2.7.1,2026-03-31,sd,式舆防卫,5-2,第5防线 2,2.6.4,式舆防卫 2.6.4,2026-03-20,2026-04-03,anton,Anton Ivanov,安东·伊万诺夫,直伤主C,A,0.0,0,1,3,0.0,0.0,0.0,0.0,hf_builds,2.7.1/builds.json,https://huggingface.co/datasets/LvlUrArti/ShiyuDataProcessed/resolve/main/2.7.1/builds.json,ok
2.7.2,2026-04-21,sd,式舆防卫,5-2,第5防线 2,2.7.2,式舆防卫 2.7.2,2026-04-17,2026-05-01,anton,Anton Ivanov,安东·伊万诺夫,直伤主C,A,0.03,0,5,4,6.0,60.0,60.0,7.0,hf_builds,2.7.2/builds.json,https://huggingface.co/datasets/LvlUrArti/ShiyuDataProcessed/resolve/main/2.7.2/builds.json,ok
2.8.1,2026-05-11,sd,式舆防卫,5-2,第5防线 2,2.7.3,式舆防卫 2.7.3,2026-05-01,2026-05-15,anton,Anton Ivanov,安东·伊万诺夫,直伤主C,A,0.05,0,8,7,6.0,60.0,60.0,6.94,hf_builds,2.8.1/builds.json,https://huggingface.co/datasets/LvlUrArti/ShiyuDataProcessed/resolve/main/2.8.1/builds.json,ok
2.8.2,2026-06-02,sd,式舆防卫,5-2,第5防线 2,2.8.2,式舆防卫 2.8.2,2026-05-29,2026-06-12,anton,Anton Ivanov,安东·伊万诺夫,直伤主C,A,0.0,0,6,1,6.0,60.0,60.0,7.0,hf_builds,2.8.2/builds.json,https://huggingface.co/datasets/LvlUrArti/ShiyuDataProcessed/resolve/main/2.8.2/builds.json,ok
3.0.1,2026-06-21,sd,式舆防卫,5-2,第5防线 2,2.8.3,式舆防卫 2.8.3,2026-06-12,2026-06-26,anton,Anton Ivanov,安东·伊万诺夫,直伤主C,A,0.0,0,4,3,6.0,60.0,60.0,7.0,hf_builds,3.0.1/builds.json,https://huggingface.co/datasets/LvlUrArti/ShiyuDataProcessed/resolve/main/3.0.1/builds.json,ok
2.6.2,2026-03-10,sd,式舆防卫,5-2,第5防线 2,2.6.3,式舆防卫 2.6.3,2026-03-06,2026-03-20,aria,Aria,爱芮,异常主C,S,0.09,0,4758,2090,0.14,59.98,59.82,6.96,hf_builds,2.6.2/builds.json,https://huggingface.co/datasets/LvlUrArti/ShiyuDataProcessed/resolve/main/2.6.2/builds.json,ok
2.7.1,2026-03-31,sd,式舆防卫,5-2,第5防线 2,2.6.4,式舆防卫 2.6.4,2026-03-20,2026-04-03,aria,Aria,爱芮,异常主C,S,31.96,31157,6360,2945,0.13,60.0,59.79,6.99,hf_builds,2.7.1/builds.json,https://huggingface.co/datasets/LvlUrArti/ShiyuDataProcessed/resolve/main/2.7.1/builds.json,ok
2.7.2,2026-04-21,sd,式舆防卫,5-2,第5防线 2,2.7.2,式舆防卫 2.7.2,2026-04-17,2026-05-01,aria,Aria,爱芮,异常主C,S,0.01,0,5024,2772,0.11,60.0,59.82,6.99,hf_builds,2.7.2/builds.json,https://huggingface.co/datasets/LvlUrArti/ShiyuDataProcessed/resolve/main/2.7.2/builds.json,ok
2.8.1,2026-05-11,sd,式舆防卫,5-2,第5防线 2,2.7.3,式舆防卫 2.7.3,2026-05-01,2026-05-15,aria,Aria,爱芮,异常主C,S,0.02,0,6174,2666,0.17,60.0,59.44,6.99,hf_builds,2.8.1/builds.json,https://huggingface.co/datasets/LvlUrArti/ShiyuDataProcessed/resolve/main/2.8.1/builds.json,ok
2.8.2,2026-06-02,sd,式舆防卫,5-2,第5防线 2,2.8.2,式舆防卫 2.8.2,2026-05-29,2026-06-12,aria,Aria,爱芮,异常主C,S,4.34,29576,660,271,0.16,59.99,59.56,6.99,hf_builds,2.8.2/builds.json,https://huggingface.co/datasets/LvlUrArti/ShiyuDataProcessed/resolve/main/2.8.2/builds.json,ok
3.0.1,2026-06-21,sd,式舆防卫,5-2,第5防线 2,2.8.3,式舆防卫 2.8.3,2026-06-12,2026-06-26,aria,Aria,爱芮,异常主C,S,1.43,27909,1062,618,0.27,60.0,59.71,7.0,hf_builds,3.0.1/builds.json,https://huggingface.co/datasets/LvlUrArti/ShiyuDataProcessed/resolve/main/3.0.1/builds.json,ok
2.6.1,2026-02-17,sd,式舆防卫,5-2,第5防线 2,2.6.1,式舆防卫 2.6.1,2026-02-06,2026-02-20,astra-yao,Astra Yao,耀嘉音,辅助,S,25.52,33529,12666,1703,0.33,60.0,59.3,6.99,hf_builds,2.6.1/builds.json,https://huggingface.co/datasets/LvlUrArti/ShiyuDataProcessed/resolve/main/2.6.1/builds.json,ok
2.6.2,2026-03-10,sd,式舆防卫,5-2,第5防线 2,2.6.3,式舆防卫 2.6.3,2026-03-06,2026-03-20,astra-yao,Astra Yao,耀嘉音,辅助,S,14.34,29909,7850,2394,0.38,60.0,59.56,6.99,hf_builds,2.6.2/builds.json,https://huggingface.co/datasets/LvlUrArti/ShiyuDataProcessed/resolve/main/2.6.2/builds.json,ok
2.7.1,2026-03-31,sd,式舆防卫,5-2,第5防线 2,2.6.4,式舆防卫 2.6.4,2026-03-20,2026-04-03,astra-yao,Astra Yao,耀嘉音,辅助,S,9.17,28710,7901,1888,0.39,60.0,59.39,6.99,hf_builds,2.7.1/builds.json,https://huggingface.co/datasets/LvlUrArti/ShiyuDataProcessed/resolve/main/2.7.1/builds.json,ok
2.7.2,2026-04-21,sd,式舆防卫,5-2,第5防线 2,2.7.2,式舆防卫 2.7.2,2026-04-17,2026-05-01,astra-yao,Astra Yao,耀嘉音,辅助,S,22.01,32847,5871,1602,0.4,60.0,59.63,7.0,hf_builds,2.7.2/builds.json,https://huggingface.co/datasets/LvlUrArti/ShiyuDataProcessed/resolve/main/2.7.2/builds.json,ok
2.8.1,2026-05-11,sd,式舆防卫,5-2,第5防线 2,2.7.3,式舆防卫 2.7.3,2026-05-01,2026-05-15,astra-yao,Astra Yao,耀嘉音,辅助,S,34.4,29497,8640,1753,0.4,60.0,59.65,6.99,hf_builds,2.8.1/builds.json,https://huggingface.co/datasets/LvlUrArti/ShiyuDataProcessed/resolve/main/2.8.1/builds.json,ok
2.8.2,2026-06-02,sd,式舆防卫,5-2,第5防线 2,2.8.2,式舆防卫 2.8.2,2026-05-29,2026-06-12,astra-yao,Astra Yao,耀嘉音,辅助,S,11.15,28070,6912,824,0.38,60.0,59.75,6.99,hf_builds,2.8.2/builds.json,https://huggingface.co/datasets/LvlUrArti/ShiyuDataProcessed/resolve/main/2.8.2/builds.json,ok
3.0.1,2026-06-21,sd,式舆防卫,5-2,第5防线 2,2.8.3,式舆防卫 2.8.3,2026-06-12,2026-06-26,astra-yao,Astra Yao,耀嘉音,辅助,S,5.97,28931,7651,1554,0.4,60.0,59.63,6.99,hf_builds,3.0.1/builds.json,https://huggingface.co/datasets/LvlUrArti/ShiyuDataProcessed/resolve/main/3.0.1/builds.json,ok
2.6.1,2026-02-17,sd,式舆防卫,5-2,第5防线 2,2.6.1,式舆防卫 2.6.1,2026-02-06,2026-02-20,banyue,Banyue,般岳,直伤主C,S,0.04,0,876,339,0.51,60.0,59.38,7.0,hf_builds,2.6.1/builds.json,https://huggingface.co/datasets/LvlUrArti/ShiyuDataProcessed/resolve/main/2.6.1/builds.json,ok
2.6.2,2026-03-10,sd,式舆防卫,5-2,第5防线 2,2.6.3,式舆防卫 2.6.3,2026-03-06,2026-03-20,banyue,Banyue,般岳,直伤主C,S,4.65,32713,755,679,0.39,60.0,59.9,7.0,hf_builds,2.6.2/builds.json,https://huggingface.co/datasets/LvlUrArti/ShiyuDataProcessed/resolve/main/2.6.2/builds.json,ok
2.7.1,2026-03-31,sd,式舆防卫,5-2,第5防线 2,2.6.4,式舆防卫 2.6.4,2026-03-20,2026-04-03,banyue,Banyue,般岳,直伤主C,S,0.05,0,693,537,0.59,60.0,59.75,7.0,hf_builds,2.7.1/builds.json,https://huggingface.co/datasets/LvlUrArti/ShiyuDataProcessed/resolve/main/2.7.1/builds.json,ok
2.7.2,2026-04-21,sd,式舆防卫,5-2,第5防线 2,2.7.2,式舆防卫 2.7.2,2026-04-17,2026-05-01,banyue,Banyue,般岳,直伤主C,S,0.01,0,417,370,0.66,60.0,59.98,7.0,hf_builds,2.7.2/builds.json,https://huggingface.co/datasets/LvlUrArti/ShiyuDataProcessed/resolve/main/2.7.2/builds.json,ok
2.8.1,2026-05-11,sd,式舆防卫,5-2,第5防线 2,2.7.3,式舆防卫 2.7.3,2026-05-01,2026-05-15,banyue,Banyue,般岳,直伤主C,S,0.61,27252,147,150,0.51,60.0,59.97,7.0,hf_builds,2.8.1/builds.json,https://huggingface.co/datasets/LvlUrArti/ShiyuDataProcessed/resolve/main/2.8.1/builds.json,ok
2.8.2,2026-06-02,sd,式舆防卫,5-2,第5防线 2,2.8.2,式舆防卫 2.8.2,2026-05-29,2026-06-12,banyue,Banyue,般岳,直伤主C,S,0.01,0,369,144,0.47,60.0,59.11,7.0,hf_builds,2.8.2/builds.json,https://huggingface.co/datasets/LvlUrArti/ShiyuDataProcessed/resolve/main/2.8.2/builds.json,ok
3.0.1,2026-06-21,sd,式舆防卫,5-2,第5防线 2,2.8.3,式舆防卫 2.8.3,2026-06-12,2026-06-26,banyue,Banyue,般岳,直伤主C,S,1.7,30343,435,294,0.67,60.0,59.21,7.0,hf_builds,3.0.1/builds.json,https://huggingface.co/datasets/LvlUrArti/ShiyuDataProcessed/resolve/main/3.0.1/builds.json,ok
2.6.1,2026-02-17,sd,式舆防卫,5-2,第5防线 2,2.6.1,式舆防卫 2.6.1,2026-02-06,2026-02-20,ben,Ben Bigger,本·比格,直伤主C,A,0.0,0,14,5,6.0,60.0,60.0,7.0,hf_builds,2.6.1/builds.json,https://huggingface.co/datasets/LvlUrArti/ShiyuDataProcessed/resolve/main/2.6.1/builds.json,ok
2.6.2,2026-03-10,sd,式舆防卫,5-2,第5防线 2,2.6.3,式舆防卫 2.6.3,2026-03-06,2026-03-20,ben,Ben Bigger,本·比格,直伤主C,A,0.04,0,6,7,6.0,60.0,60.0,7.0,hf_builds,2.6.2/builds.json,https://huggingface.co/datasets/LvlUrArti/ShiyuDataProcessed/resolve/main/2.6.2/builds.json,ok
2.7.1,2026-03-31,sd,式舆防卫,5-2,第5防线 2,2.6.4,式舆防卫 2.6.4,2026-03-20,2026-04-03,ben,Ben Bigger,本·比格,直伤主C,A,0.01,0,6,5,6.0,60.0,60.0,7.0,hf_builds,2.7.1/builds.json,https://huggingface.co/datasets/LvlUrArti/ShiyuDataProcessed/resolve/main/2.7.1/builds.json,ok
2.7.2,2026-04-21,sd,式舆防卫,5-2,第5防线 2,2.7.2,式舆防卫 2.7.2,2026-04-17,2026-05-01,ben,Ben Bigger,本·比格,直伤主C,A,0.01,0,4,4,6.0,60.0,60.0,7.0,hf_builds,2.7.2/builds.json,https://huggingface.co/datasets/LvlUrArti/ShiyuDataProcessed/resolve/main/2.7.2/builds.json,ok
2.8.1,2026-05-11,sd,式舆防卫,5-2,第5防线 2,2.7.3,式舆防卫 2.7.3,2026-05-01,2026-05-15,ben,Ben Bigger,本·比格,直伤主C,A,0.0,0,4,4,6.0,60.0,60.0,7.0,hf_builds,2.8.1/builds.json,https://huggingface.co/datasets/LvlUrArti/ShiyuDataProcessed/resolve/main/2.8.1/builds.json,ok
2.8.2,2026-06-02,sd,式舆防卫,5-2,第5防线 2,2.8.2,式舆防卫 2.8.2,2026-05-29,2026-06-12,ben,Ben Bigger,本·比格,直伤主C,A,0.01,0,5,2,6.0,60.0,60.0,7.0,hf_builds,2.8.2/builds.json,https://huggingface.co/datasets/LvlUrArti/ShiyuDataProcessed/resolve/main/2.8.2/builds.json,ok
3.0.1,2026-06-21,sd,式舆防卫,5-2,第5防线 2,2.8.3,式舆防卫 2.8.3,2026-06-12,2026-06-26,ben,Ben Bigger,本·比格,直伤主C,A,0.0,0,6,6,6.0,60.0,60.0,7.0,hf_builds,3.0.1/builds.json,https://huggingface.co/datasets/LvlUrArti/ShiyuDataProcessed/resolve/main/3.0.1/builds.json,ok
2.6.1,2026-02-17,sd,式舆防卫,5-2,第5防线 2,2.6.1,式舆防卫 2.6.1,2026-02-06,2026-02-20,billy-kid,Billy Kid,比利·奇德,直伤主C,A,0.03,0,45,16,6.0,60.0,60.0,7.0,hf_builds,2.6.1/builds.json,https://huggingface.co/datasets/LvlUrArti/ShiyuDataProcessed/resolve/main/2.6.1/builds.json,ok
2.6.2,2026-03-10,sd,式舆防卫,5-2,第5防线 2,2.6.3,式舆防卫 2.6.3,2026-03-06,2026-03-20,billy-kid,Billy Kid,比利·奇德,直伤主C,A,0.05,0,28,24,6.0,60.0,60.0,7.0,hf_builds,2.6.2/builds.json,https://huggingface.co/datasets/LvlUrArti/ShiyuDataProcessed/resolve/main/2.6.2/builds.json,ok
2.7.1,2026-03-31,sd,式舆防卫,5-2,第5防线 2,2.6.4,式舆防卫 2.6.4,2026-03-20,2026-04-03,billy-kid,Billy Kid,比利·奇德,直伤主C,A,0.01,0,36,25,6.0,60.0,60.0,7.0,hf_builds,2.7.1/builds.json,https://huggingface.co/datasets/LvlUrArti/ShiyuDataProcessed/resolve/main/2.7.1/builds.json,ok
2.7.2,2026-04-21,sd,式舆防卫,5-2,第5防线 2,2.7.2,式舆防卫 2.7.2,2026-04-17,2026-05-01,billy-kid,Billy Kid,比利·奇德,直伤主C,A,0.1,0,15,15,6.0,60.0,60.0,7.0,hf_builds,2.7.2/builds.json,https://huggingface.co/datasets/LvlUrArti/ShiyuDataProcessed/resolve/main/2.7.2/builds.json,ok
2.8.1,2026-05-11,sd,式舆防卫,5-2,第5防线 2,2.7.3,式舆防卫 2.7.3,2026-05-01,2026-05-15,billy-kid,Billy Kid,比利·奇德,直伤主C,A,0.02,0,33,24,6.0,60.0,60.0,7.0,hf_builds,2.8.1/builds.json,https://huggingface.co/datasets/LvlUrArti/ShiyuDataProcessed/resolve/main/2.8.1/builds.json,ok
2.8.2,2026-06-02,sd,式舆防卫,5-2,第5防线 2,2.8.2,式舆防卫 2.8.2,2026-05-29,2026-06-12,billy-kid,Billy Kid,比利·奇德,直伤主C,A,0.0,0,6,2,6.0,60.0,60.0,7.0,hf_builds,2.8.2/builds.json,https://huggingface.co/datasets/LvlUrArti/ShiyuDataProcessed/resolve/main/2.8.2/builds.json,ok
3.0.1,2026-06-21,sd,式舆防卫,5-2,第5防线 2,2.8.3,式舆防卫 2.8.3,2026-06-12,2026-06-26,billy-kid,Billy Kid,比利·奇德,直伤主C,A,0.02,0,11,8,6.0,60.0,60.0,7.0,hf_builds,3.0.1/builds.json,https://huggingface.co/datasets/LvlUrArti/ShiyuDataProcessed/resolve/main/3.0.1/builds.json,ok
2.8.2,2026-06-02,sd,式舆防卫,5-2,第5防线 2,2.8.2,式舆防卫 2.8.2,2026-05-29,2026-06-12,billy-starlight,Starlight - Billy,星徽·比利,直伤主C,S,0.02,0,2105,594,0.26,59.99,59.27,6.99,hf_builds,2.8.2/builds.json,https://huggingface.co/datasets/LvlUrArti/ShiyuDataProcessed/resolve/main/2.8.2/builds.json,ok
3.0.1,2026-06-21,sd,式舆防卫,5-2,第5防线 2,2.8.3,式舆防卫 2.8.3,2026-06-12,2026-06-26,billy-starlight,Starlight - Billy,星徽·比利,直伤主C,S,16.17,33117,3200,1457,0.27,60.0,59.64,6.99,hf_builds,3.0.1/builds.json,https://huggingface.co/datasets/LvlUrArti/ShiyuDataProcessed/resolve/main/3.0.1/builds.json,ok
2.6.1,2026-02-17,sd,式舆防卫,5-2,第5防线 2,2.6.1,式舆防卫 2.6.1,2026-02-06,2026-02-20,burnice,Burnice White,柏妮思·怀特,异常主C,S,3.16,32622,1770,342,0.37,60.0,59.65,6.99,hf_builds,2.6.1/builds.json,https://huggingface.co/datasets/LvlUrArti/ShiyuDataProcessed/resolve/main/2.6.1/builds.json,ok
2.6.2,2026-03-10,sd,式舆防卫,5-2,第5防线 2,2.6.3,式舆防卫 2.6.3,2026-03-06,2026-03-20,burnice,Burnice White,柏妮思·怀特,异常主C,S,4.2,28404,1320,471,0.41,60.0,59.79,7.0,hf_builds,2.6.2/builds.json,https://huggingface.co/datasets/LvlUrArti/ShiyuDataProcessed/resolve/main/2.6.2/builds.json,ok
2.7.1,2026-03-31,sd,式舆防卫,5-2,第5防线 2,2.6.4,式舆防卫 2.6.4,2026-03-20,2026-04-03,burnice,Burnice White,柏妮思·怀特,异常主C,S,2.4,30449,2575,621,0.34,60.0,59.65,6.99,hf_builds,2.7.1/builds.json,https://huggingface.co/datasets/LvlUrArti/ShiyuDataProcessed/resolve/main/2.7.1/builds.json,ok
2.7.2,2026-04-21,sd,式舆防卫,5-2,第5防线 2,2.7.2,式舆防卫 2.7.2,2026-04-17,2026-05-01,burnice,Burnice White,柏妮思·怀特,异常主C,S,0.49,28503,1107,352,0.47,60.0,59.97,6.99,hf_builds,2.7.2/builds.json,https://huggingface.co/datasets/LvlUrArti/ShiyuDataProcessed/resolve/main/2.7.2/builds.json,ok
2.8.1,2026-05-11,sd,式舆防卫,5-2,第5防线 2,2.7.3,式舆防卫 2.7.3,2026-05-01,2026-05-15,burnice,Burnice White,柏妮思·怀特,异常主C,S,2.74,26924,851,252,0.51,60.0,59.82,7.0,hf_builds,2.8.1/builds.json,https://huggingface.co/datasets/LvlUrArti/ShiyuDataProcessed/resolve/main/2.8.1/builds.json,ok
2.8.2,2026-06-02,sd,式舆防卫,5-2,第5防线 2,2.8.2,式舆防卫 2.8.2,2026-05-29,2026-06-12,burnice,Burnice White,柏妮思·怀特,异常主C,S,2.54,28446,960,148,0.4,60.0,59.93,7.0,hf_builds,2.8.2/builds.json,https://huggingface.co/datasets/LvlUrArti/ShiyuDataProcessed/resolve/main/2.8.2/builds.json,ok
3.0.1,2026-06-21,sd,式舆防卫,5-2,第5防线 2,2.8.3,式舆防卫 2.8.3,2026-06-12,2026-06-26,burnice,Burnice White,柏妮思·怀特,异常主C,S,1.28,26998,1318,345,0.43,60.0,58.93,6.99,hf_builds,3.0.1/builds.json,https://huggingface.co/datasets/LvlUrArti/ShiyuDataProcessed/resolve/main/3.0.1/builds.json,ok
2.6.1,2026-02-17,sd,式舆防卫,5-2,第5防线 2,2.6.1,式舆防卫 2.6.1,2026-02-06,2026-02-20,caesar,Caesar King,凯撒·金,辅助,S,0.54,28627,623,76,0.5,60.0,58.18,6.97,hf_builds,2.6.1/builds.json,https://huggingface.co/datasets/LvlUrArti/ShiyuDataProcessed/resolve/main/2.6.1/builds.json,ok
2.6.2,2026-03-10,sd,式舆防卫,5-2,第5防线 2,2.6.3,式舆防卫 2.6.3,2026-03-06,2026-03-20,caesar,Caesar King,凯撒·金,辅助,S,0.84,31618,312,100,0.54,60.0,59.55,7.0,hf_builds,2.6.2/builds.json,https://huggingface.co/datasets/LvlUrArti/ShiyuDataProcessed/resolve/main/2.6.2/builds.json,ok
2.7.1,2026-03-31,sd,式舆防卫,5-2,第5防线 2,2.6.4,式舆防卫 2.6.4,2026-03-20,2026-04-03,caesar,Caesar King,凯撒·金,辅助,S,0.24,28863,346,100,0.72,60.0,59.15,6.99,hf_builds,2.7.1/builds.json,https://huggingface.co/datasets/LvlUrArti/ShiyuDataProcessed/resolve/main/2.7.1/builds.json,ok
2.7.2,2026-04-21,sd,式舆防卫,5-2,第5防线 2,2.7.2,式舆防卫 2.7.2,2026-04-17,2026-05-01,caesar,Caesar King,凯撒·金,辅助,S,0.65,29244,190,67,0.65,60.0,59.67,6.99,hf_builds,2.7.2/builds.json,https://huggingface.co/datasets/LvlUrArti/ShiyuDataProcessed/resolve/main/2.7.2/builds.json,ok
2.8.1,2026-05-11,sd,式舆防卫,5-2,第5防线 2,2.7.3,式舆防卫 2.7.3,2026-05-01,2026-05-15,caesar,Caesar King,凯撒·金,辅助,S,0.32,27500,247,64,0.67,60.0,59.87,7.0,hf_builds,2.8.1/builds.json,https://huggingface.co/datasets/LvlUrArti/ShiyuDataProcessed/resolve/main/2.8.1/builds.json,ok
2.8.2,2026-06-02,sd,式舆防卫,5-2,第5防线 2,2.8.2,式舆防卫 2.8.2,2026-05-29,2026-06-12,caesar,Caesar King,凯撒·金,辅助,S,0.17,0,249,45,0.64,60.0,59.88,7.0,hf_builds,2.8.2/builds.json,https://huggingface.co/datasets/LvlUrArti/ShiyuDataProcessed/resolve/main/2.8.2/builds.json,ok
3.0.1,2026-06-21,sd,式舆防卫,5-2,第5防线 2,2.8.3,式舆防卫 2.8.3,2026-06-12,2026-06-26,caesar,Caesar King,凯撒·金,辅助,S,0.77,29972,275,84,0.64,60.0,59.45,6.99,hf_builds,3.0.1/builds.json,https://huggingface.co/datasets/LvlUrArti/ShiyuDataProcessed/resolve/main/3.0.1/builds.json,ok
2.7.2,2026-04-21,sd,式舆防卫,5-2,第5防线 2,2.7.2,式舆防卫 2.7.2,2026-04-17,2026-05-01,cissia,Cissia,希希芙,直伤主C,S,10.08,34844,1489,600,0.12,59.98,59.86,6.95,hf_builds,2.7.2/builds.json,https://huggingface.co/datasets/LvlUrArti/ShiyuDataProcessed/resolve/main/2.7.2/builds.json,ok
2.8.1,2026-05-11,sd,式舆防卫,5-2,第5防线 2,2.7.3,式舆防卫 2.7.3,2026-05-01,2026-05-15,cissia,Cissia,希希芙,直伤主C,S,16.85,32221,3011,1003,0.14,60.0,59.97,6.98,hf_builds,2.8.1/builds.json,https://huggingface.co/datasets/LvlUrArti/ShiyuDataProcessed/resolve/main/2.8.1/builds.json,ok
2.8.2,2026-06-02,sd,式舆防卫,5-2,第5防线 2,2.8.2,式舆防卫 2.8.2,2026-05-29,2026-06-12,cissia,Cissia,希希芙,直伤主C,S,0.07,0,2156,434,0.19,60.0,59.87,6.99,hf_builds,2.8.2/builds.json,https://huggingface.co/datasets/LvlUrArti/ShiyuDataProcessed/resolve/main/2.8.2/builds.json,ok
3.0.1,2026-06-21,sd,式舆防卫,5-2,第5防线 2,2.8.3,式舆防卫 2.8.3,2026-06-12,2026-06-26,cissia,Cissia,希希芙,直伤主C,S,0.38,27134,786,365,0.36,60.0,59.85,6.99,hf_builds,3.0.1/builds.json,https://huggingface.co/datasets/LvlUrArti/ShiyuDataProcessed/resolve/main/3.0.1/builds.json,ok
2.6.1,2026-02-17,sd,式舆防卫,5-2,第5防线 2,2.6.1,式舆防卫 2.6.1,2026-02-06,2026-02-20,corin,Corin Wickes,可琳·威克斯,直伤主C,A,0.01,0,59,24,6.0,60.0,58.98,7.0,hf_builds,2.6.1/builds.json,https://huggingface.co/datasets/LvlUrArti/ShiyuDataProcessed/resolve/main/2.6.1/builds.json,ok
2.6.2,2026-03-10,sd,式舆防卫,5-2,第5防线 2,2.6.3,式舆防卫 2.6.3,2026-03-06,2026-03-20,corin,Corin Wickes,可琳·威克斯,直伤主C,A,0.14,30244,42,35,6.0,60.0,59.28,7.0,hf_builds,2.6.2/builds.json,https://huggingface.co/datasets/LvlUrArti/ShiyuDataProcessed/resolve/main/2.6.2/builds.json,ok
2.7.1,2026-03-31,sd,式舆防卫,5-2,第5防线 2,2.6.4,式舆防卫 2.6.4,2026-03-20,2026-04-03,corin,Corin Wickes,可琳·威克斯,直伤主C,A,0.0,0,41,29,6.0,60.0,56.28,7.0,hf_builds,2.7.1/builds.json,https://huggingface.co/datasets/LvlUrArti/ShiyuDataProcessed/resolve/main/2.7.1/builds.json,ok
2.7.2,2026-04-21,sd,式舆防卫,5-2,第5防线 2,2.7.2,式舆防卫 2.7.2,2026-04-17,2026-05-01,corin,Corin Wickes,可琳·威克斯,直伤主C,A,0.08,0,14,14,6.0,60.0,56.33,7.0,hf_builds,2.7.2/builds.json,https://huggingface.co/datasets/LvlUrArti/ShiyuDataProcessed/resolve/main/2.7.2/builds.json,ok
2.8.1,2026-05-11,sd,式舆防卫,5-2,第5防线 2,2.7.3,式舆防卫 2.7.3,2026-05-01,2026-05-15,corin,Corin Wickes,可琳·威克斯,直伤主C,A,0.01,0,30,25,6.0,60.0,57.65,7.0,hf_builds,2.8.1/builds.json,https://huggingface.co/datasets/LvlUrArti/ShiyuDataProcessed/resolve/main/2.8.1/builds.json,ok
2.8.2,2026-06-02,sd,式舆防卫,5-2,第5防线 2,2.8.2,式舆防卫 2.8.2,2026-05-29,2026-06-12,corin,Corin Wickes,可琳·威克斯,直伤主C,A,0.0,0,28,12,6.0,60.0,60.0,7.0,hf_builds,2.8.2/builds.json,https://huggingface.co/datasets/LvlUrArti/ShiyuDataProcessed/resolve/main/2.8.2/builds.json,ok
3.0.1,2026-06-21,sd,式舆防卫,5-2,第5防线 2,2.8.3,式舆防卫 2.8.3,2026-06-12,2026-06-26,corin,Corin Wickes,可琳·威克斯,直伤主C,A,0.12,27419,42,28,6.0,60.0,56.51,7.0,hf_builds,3.0.1/builds.json,https://huggingface.co/datasets/LvlUrArti/ShiyuDataProcessed/resolve/main/3.0.1/builds.json,ok
2.6.1,2026-02-17,sd,式舆防卫,5-2,第5防线 2,2.6.1,式舆防卫 2.6.1,2026-02-06,2026-02-20,dialyn,Dialyn,琉音,辅助,S,2.57,32865,14059,1764,0.08,59.99,59.65,6.99,hf_builds,2.6.1/builds.json,https://huggingface.co/datasets/LvlUrArti/ShiyuDataProcessed/resolve/main/2.6.1/builds.json,ok
2.6.2,2026-03-10,sd,式舆防卫,5-2,第5防线 2,2.6.3,式舆防卫 2.6.3,2026-03-06,2026-03-20,dialyn,Dialyn,琉音,辅助,S,36.28,35874,10996,2915,0.09,60.0,59.63,6.99,hf_builds,2.6.2/builds.json,https://huggingface.co/datasets/LvlUrArti/ShiyuDataProcessed/resolve/main/2.6.2/builds.json,ok
2.7.1,2026-03-31,sd,式舆防卫,5-2,第5防线 2,2.6.4,式舆防卫 2.6.4,2026-03-20,2026-04-03,dialyn,Dialyn,琉音,辅助,S,11.59,31192,13398,2628,0.09,60.0,59.39,7.0,hf_builds,2.7.1/builds.json,https://huggingface.co/datasets/LvlUrArti/ShiyuDataProcessed/resolve/main/2.7.1/builds.json,ok
2.7.2,2026-04-21,sd,式舆防卫,5-2,第5防线 2,2.7.2,式舆防卫 2.7.2,2026-04-17,2026-05-01,dialyn,Dialyn,琉音,辅助,S,24.4,33519,9513,2169,0.09,60.0,59.57,6.99,hf_builds,2.7.2/builds.json,https://huggingface.co/datasets/LvlUrArti/ShiyuDataProcessed/resolve/main/2.7.2/builds.json,ok
2.8.1,2026-05-11,sd,式舆防卫,5-2,第5防线 2,2.7.3,式舆防卫 2.7.3,2026-05-01,2026-05-15,dialyn,Dialyn,琉音,辅助,S,12.99,30449,12200,2091,0.09,60.0,59.46,6.99,hf_builds,2.8.1/builds.json,https://huggingface.co/datasets/LvlUrArti/ShiyuDataProcessed/resolve/main/2.8.1/builds.json,ok
2.8.2,2026-06-02,sd,式舆防卫,5-2,第5防线 2,2.8.2,式舆防卫 2.8.2,2026-05-29,2026-06-12,dialyn,Dialyn,琉音,辅助,S,2.3,26545,8222,887,0.09,60.0,59.77,6.99,hf_builds,2.8.2/builds.json,https://huggingface.co/datasets/LvlUrArti/ShiyuDataProcessed/resolve/main/2.8.2/builds.json,ok
3.0.1,2026-06-21,sd,式舆防卫,5-2,第5防线 2,2.8.3,式舆防卫 2.8.3,2026-06-12,2026-06-26,dialyn,Dialyn,琉音,辅助,S,43.21,32847,12391,1908,0.09,60.0,59.58,7.0,hf_builds,3.0.1/builds.json,https://huggingface.co/datasets/LvlUrArti/ShiyuDataProcessed/resolve/main/3.0.1/builds.json,ok
2.6.1,2026-02-17,sd,式舆防卫,5-2,第5防线 2,2.6.1,式舆防卫 2.6.1,2026-02-06,2026-02-20,ellen,Ellen Joe,艾莲·乔,直伤主C,S,0.58,29822,133,88,2.45,60.0,60.0,7.0,hf_builds,2.6.1/builds.json,https://huggingface.co/datasets/LvlUrArti/ShiyuDataProcessed/resolve/main/2.6.1/builds.json,ok
2.6.2,2026-03-10,sd,式舆防卫,5-2,第5防线 2,2.6.3,式舆防卫 2.6.3,2026-03-06,2026-03-20,ellen,Ellen Joe,艾莲·乔,直伤主C,S,0.04,0,54,91,2.56,59.95,59.58,6.98,hf_builds,2.6.2/builds.json,https://huggingface.co/datasets/LvlUrArti/ShiyuDataProcessed/resolve/main/2.6.2/builds.json,ok
2.7.1,2026-03-31,sd,式舆防卫,5-2,第5防线 2,2.6.4,式舆防卫 2.6.4,2026-03-20,2026-04-03,ellen,Ellen Joe,艾莲·乔,直伤主C,S,0.05,0,194,216,1.48,60.0,59.33,7.0,hf_builds,2.7.1/builds.json,https://huggingface.co/datasets/LvlUrArti/ShiyuDataProcessed/resolve/main/2.7.1/builds.json,ok
2.7.2,2026-04-21,sd,式舆防卫,5-2,第5防线 2,2.7.2,式舆防卫 2.7.2,2026-04-17,2026-05-01,ellen,Ellen Joe,艾莲·乔,直伤主C,S,0.1,0,88,144,1.57,60.0,59.83,7.0,hf_builds,2.7.2/builds.json,https://huggingface.co/datasets/LvlUrArti/ShiyuDataProcessed/resolve/main/2.7.2/builds.json,ok
2.8.1,2026-05-11,sd,式舆防卫,5-2,第5防线 2,2.7.3,式舆防卫 2.7.3,2026-05-01,2026-05-15,ellen,Ellen Joe,艾莲·乔,直伤主C,S,0.03,0,60,83,2.65,60.0,59.68,7.0,hf_builds,2.8.1/builds.json,https://huggingface.co/datasets/LvlUrArti/ShiyuDataProcessed/resolve/main/2.8.1/builds.json,ok
2.8.2,2026-06-02,sd,式舆防卫,5-2,第5防线 2,2.8.2,式舆防卫 2.8.2,2026-05-29,2026-06-12,ellen,Ellen Joe,艾莲·乔,直伤主C,S,0.51,22923,80,60,1.75,60.0,59.56,7.0,hf_builds,2.8.2/builds.json,https://huggingface.co/datasets/LvlUrArti/ShiyuDataProcessed/resolve/main/2.8.2/builds.json,ok
3.0.1,2026-06-21,sd,式舆防卫,5-2,第5防线 2,2.8.3,式舆防卫 2.8.3,2026-06-12,2026-06-26,ellen,Ellen Joe,艾莲·乔,直伤主C,S,0.0,0,113,117,1.38,60.0,59.65,7.0,hf_builds,3.0.1/builds.json,https://huggingface.co/datasets/LvlUrArti/ShiyuDataProcessed/resolve/main/3.0.1/builds.json,ok
2.6.1,2026-02-17,sd,式舆防卫,5-2,第5防线 2,2.6.1,式舆防卫 2.6.1,2026-02-06,2026-02-20,evelyn,Evelyn Chevalier,伊芙琳·舒瓦利耶,直伤主C,S,1.13,32403,3921,1246,0.41,60.0,59.25,7.0,hf_builds,2.6.1/builds.json,https://huggingface.co/datasets/LvlUrArti/ShiyuDataProcessed/resolve/main/2.6.1/builds.json,ok
2.6.2,2026-03-10,sd,式舆防卫,5-2,第5防线 2,2.6.3,式舆防卫 2.6.3,2026-03-06,2026-03-20,evelyn,Evelyn Chevalier,伊芙琳·舒瓦利耶,直伤主C,S,7.33,27846,1348,1095,0.68,60.0,59.45,7.0,hf_builds,2.6.2/builds.json,https://huggingface.co/datasets/LvlUrArti/ShiyuDataProcessed/resolve/main/2.6.2/builds.json,ok
2.7.1,2026-03-31,sd,式舆防卫,5-2,第5防线 2,2.6.4,式舆防卫 2.6.4,2026-03-20,2026-04-03,evelyn,Evelyn Chevalier,伊芙琳·舒瓦利耶,直伤主C,S,0.47,27671,938,678,0.98,60.0,59.69,7.0,hf_builds,2.7.1/builds.json,https://huggingface.co/datasets/LvlUrArti/ShiyuDataProcessed/resolve/main/2.7.1/builds.json,ok
2.7.2,2026-04-21,sd,式舆防卫,5-2,第5防线 2,2.7.2,式舆防卫 2.7.2,2026-04-17,2026-05-01,evelyn,Evelyn Chevalier,伊芙琳·舒瓦利耶,直伤主C,S,0.37,27844,304,317,1.07,60.0,59.66,7.0,hf_builds,2.7.2/builds.json,https://huggingface.co/datasets/LvlUrArti/ShiyuDataProcessed/resolve/main/2.7.2/builds.json,ok
2.8.1,2026-05-11,sd,式舆防卫,5-2,第5防线 2,2.7.3,式舆防卫 2.7.3,2026-05-01,2026-05-15,evelyn,Evelyn Chevalier,伊芙琳·舒瓦利耶,直伤主C,S,4.45,26794,821,591,1.01,60.0,59.72,7.0,hf_builds,2.8.1/builds.json,https://huggingface.co/datasets/LvlUrArti/ShiyuDataProcessed/resolve/main/2.8.1/builds.json,ok
2.8.2,2026-06-02,sd,式舆防卫,5-2,第5防线 2,2.8.2,式舆防卫 2.8.2,2026-05-29,2026-06-12,evelyn,Evelyn Chevalier,伊芙琳·舒瓦利耶,直伤主C,S,0.07,0,800,258,0.83,60.0,60.0,7.0,hf_builds,2.8.2/builds.json,https://huggingface.co/datasets/LvlUrArti/ShiyuDataProcessed/resolve/main/2.8.2/builds.json,ok
3.0.1,2026-06-21,sd,式舆防卫,5-2,第5防线 2,2.8.3,式舆防卫 2.8.3,2026-06-12,2026-06-26,evelyn,Evelyn Chevalier,伊芙琳·舒瓦利耶,直伤主C,S,0.64,26982,1994,1076,0.64,60.0,59.46,7.0,hf_builds,3.0.1/builds.json,https://huggingface.co/datasets/LvlUrArti/ShiyuDataProcessed/resolve/main/3.0.1/builds.json,ok
2.6.1,2026-02-17,sd,式舆防卫,5-2,第5防线 2,2.6.1,式舆防卫 2.6.1,2026-02-06,2026-02-20,grace-howard,Grace Howard,格莉丝·霍华德,异常主C,S,1.12,31338,258,27,2.53,59.85,54.66,6.97,hf_builds,2.6.1/builds.json,https://huggingface.co/datasets/LvlUrArti/ShiyuDataProcessed/resolve/main/2.6.1/builds.json,ok
2.6.2,2026-03-10,sd,式舆防卫,5-2,第5防线 2,2.6.3,式舆防卫 2.6.3,2026-03-06,2026-03-20,grace-howard,Grace Howard,格莉丝·霍华德,异常主C,S,0.04,0,54,24,2.94,60.0,60.0,6.98,hf_builds,2.6.2/builds.json,https://huggingface.co/datasets/LvlUrArti/ShiyuDataProcessed/resolve/main/2.6.2/builds.json,ok
2.7.1,2026-03-31,sd,式舆防卫,5-2,第5防线 2,2.6.4,式舆防卫 2.6.4,2026-03-20,2026-04-03,grace-howard,Grace Howard,格莉丝·霍华德,异常主C,S,0.06,0,18,10,2.72,60.0,60.0,7.0,hf_builds,2.7.1/builds.json,https://huggingface.co/datasets/LvlUrArti/ShiyuDataProcessed/resolve/main/2.7.1/builds.json,ok
2.7.2,2026-04-21,sd,式舆防卫,5-2,第5防线 2,2.7.2,式舆防卫 2.7.2,2026-04-17,2026-05-01,grace-howard,Grace Howard,格莉丝·霍华德,异常主C,S,0.5,28737,82,28,2.72,60.0,60.0,7.0,hf_builds,2.7.2/builds.json,https://huggingface.co/datasets/LvlUrArti/ShiyuDataProcessed/resolve/main/2.7.2/builds.json,ok
2.8.1,2026-05-11,sd,式舆防卫,5-2,第5防线 2,2.7.3,式舆防卫 2.7.3,2026-05-01,2026-05-15,grace-howard,Grace Howard,格莉丝·霍华德,异常主C,S,0.22,26598,56,24,2.96,60.0,60.0,7.0,hf_builds,2.8.1/builds.json,https://huggingface.co/datasets/LvlUrArti/ShiyuDataProcessed/resolve/main/2.8.1/builds.json,ok
2.8.2,2026-06-02,sd,式舆防卫,5-2,第5防线 2,2.8.2,式舆防卫 2.8.2,2026-05-29,2026-06-12,grace-howard,Grace Howard,格莉丝·霍华德,异常主C,S,0.12,0,78,6,2.36,60.0,60.0,7.0,hf_builds,2.8.2/builds.json,https://huggingface.co/datasets/LvlUrArti/ShiyuDataProcessed/resolve/main/2.8.2/builds.json,ok
3.0.1,2026-06-21,sd,式舆防卫,5-2,第5防线 2,2.8.3,式舆防卫 2.8.3,2026-06-12,2026-06-26,grace-howard,Grace Howard,格莉丝·霍华德,异常主C,S,0.01,0,41,16,3.15,60.0,60.0,7.0,hf_builds,3.0.1/builds.json,https://huggingface.co/datasets/LvlUrArti/ShiyuDataProcessed/resolve/main/3.0.1/builds.json,ok
2.6.1,2026-02-17,sd,式舆防卫,5-2,第5防线 2,2.6.1,式舆防卫 2.6.1,2026-02-06,2026-02-20,harumasa,Asaba Harumasa,浅羽 悠真,直伤主C,S,5.06,29427,1092,275,0.68,60.0,59.68,7.0,hf_builds,2.6.1/builds.json,https://huggingface.co/datasets/LvlUrArti/ShiyuDataProcessed/resolve/main/2.6.1/builds.json,ok
2.6.2,2026-03-10,sd,式舆防卫,5-2,第5防线 2,2.6.3,式舆防卫 2.6.3,2026-03-06,2026-03-20,harumasa,Asaba Harumasa,浅羽 悠真,直伤主C,S,0.01,0,475,316,0.76,60.0,59.94,7.0,hf_builds,2.6.2/builds.json,https://huggingface.co/datasets/LvlUrArti/ShiyuDataProcessed/resolve/main/2.6.2/builds.json,ok
2.7.1,2026-03-31,sd,式舆防卫,5-2,第5防线 2,2.6.4,式舆防卫 2.6.4,2026-03-20,2026-04-03,harumasa,Asaba Harumasa,浅羽 悠真,直伤主C,S,0.01,0,43,55,1.87,60.0,60.0,7.0,hf_builds,2.7.1/builds.json,https://huggingface.co/datasets/LvlUrArti/ShiyuDataProcessed/resolve/main/2.7.1/builds.json,ok
2.7.2,2026-04-21,sd,式舆防卫,5-2,第5防线 2,2.7.2,式舆防卫 2.7.2,2026-04-17,2026-05-01,harumasa,Asaba Harumasa,浅羽 悠真,直伤主C,S,2.4,28295,353,244,0.83,60.0,59.44,7.0,hf_builds,2.7.2/builds.json,https://huggingface.co/datasets/LvlUrArti/ShiyuDataProcessed/resolve/main/2.7.2/builds.json,ok
2.8.1,2026-05-11,sd,式舆防卫,5-2,第5防线 2,2.7.3,式舆防卫 2.7.3,2026-05-01,2026-05-15,harumasa,Asaba Harumasa,浅羽 悠真,直伤主C,S,2.77,26864,504,287,0.82,60.0,59.79,7.0,hf_builds,2.8.1/builds.json,https://huggingface.co/datasets/LvlUrArti/ShiyuDataProcessed/resolve/main/2.8.1/builds.json,ok
2.8.2,2026-06-02,sd,式舆防卫,5-2,第5防线 2,2.8.2,式舆防卫 2.8.2,2026-05-29,2026-06-12,harumasa,Asaba Harumasa,浅羽 悠真,直伤主C,S,0.03,0,332,98,1.05,60.0,60.0,7.0,hf_builds,2.8.2/builds.json,https://huggingface.co/datasets/LvlUrArti/ShiyuDataProcessed/resolve/main/2.8.2/builds.json,ok
3.0.1,2026-06-21,sd,式舆防卫,5-2,第5防线 2,2.8.3,式舆防卫 2.8.3,2026-06-12,2026-06-26,harumasa,Asaba Harumasa,浅羽 悠真,直伤主C,S,0.03,0,33,51,2.8,60.0,60.0,7.0,hf_builds,3.0.1/builds.json,https://huggingface.co/datasets/LvlUrArti/ShiyuDataProcessed/resolve/main/3.0.1/builds.json,ok
2.6.1,2026-02-17,sd,式舆防卫,5-2,第5防线 2,2.6.1,式舆防卫 2.6.1,2026-02-06,2026-02-20,hugo,Hugo Vlad,雨果·维拉德,直伤主C,S,0.4,27248,114,92,3.19,60.0,59.56,7.0,hf_builds,2.6.1/builds.json,https://huggingface.co/datasets/LvlUrArti/ShiyuDataProcessed/resolve/main/2.6.1/builds.json,ok
2.6.2,2026-03-10,sd,式舆防卫,5-2,第5防线 2,2.6.3,式舆防卫 2.6.3,2026-03-06,2026-03-20,hugo,Hugo Vlad,雨果·维拉德,直伤主C,S,0.07,0,58,111,3.28,60.0,59.68,7.0,hf_builds,2.6.2/builds.json,https://huggingface.co/datasets/LvlUrArti/ShiyuDataProcessed/resolve/main/2.6.2/builds.json,ok
2.7.1,2026-03-31,sd,式舆防卫,5-2,第5防线 2,2.6.4,式舆防卫 2.6.4,2026-03-20,2026-04-03,hugo,Hugo Vlad,雨果·维拉德,直伤主C,S,0.14,28755,199,246,1.94,60.0,59.32,7.0,hf_builds,2.7.1/builds.json,https://huggingface.co/datasets/LvlUrArti/ShiyuDataProcessed/resolve/main/2.7.1/builds.json,ok
2.7.2,2026-04-21,sd,式舆防卫,5-2,第5防线 2,2.7.2,式舆防卫 2.7.2,2026-04-17,2026-05-01,hugo,Hugo Vlad,雨果·维拉德,直伤主C,S,0.07,0,131,199,2.63,60.0,59.86,7.0,hf_builds,2.7.2/builds.json,https://huggingface.co/datasets/LvlUrArti/ShiyuDataProcessed/resolve/main/2.7.2/builds.json,ok
2.8.1,2026-05-11,sd,式舆防卫,5-2,第5防线 2,2.7.3,式舆防卫 2.7.3,2026-05-01,2026-05-15,hugo,Hugo Vlad,雨果·维拉德,直伤主C,S,0.03,0,155,167,2.52,60.0,60.0,7.0,hf_builds,2.8.1/builds.json,https://huggingface.co/datasets/LvlUrArti/ShiyuDataProcessed/resolve/main/2.8.1/builds.json,ok
2.8.2,2026-06-02,sd,式舆防卫,5-2,第5防线 2,2.8.2,式舆防卫 2.8.2,2026-05-29,2026-06-12,hugo,Hugo Vlad,雨果·维拉德,直伤主C,S,0.76,23113,121,82,2.52,60.0,60.0,7.0,hf_builds,2.8.2/builds.json,https://huggingface.co/datasets/LvlUrArti/ShiyuDataProcessed/resolve/main/2.8.2/builds.json,ok
3.0.1,2026-06-21,sd,式舆防卫,5-2,第5防线 2,2.8.3,式舆防卫 2.8.3,2026-06-12,2026-06-26,hugo,Hugo Vlad,雨果·维拉德,直伤主C,S,0.0,0,145,176,1.8,60.0,59.89,7.0,hf_builds,3.0.1/builds.json,https://huggingface.co/datasets/LvlUrArti/ShiyuDataProcessed/resolve/main/3.0.1/builds.json,ok
2.6.1,2026-02-17,sd,式舆防卫,5-2,第5防线 2,2.6.1,式舆防卫 2.6.1,2026-02-06,2026-02-20,jane-doe,Jane Doe,简·杜,异常主C,S,0.07,0,861,304,1.17,60.0,59.91,7.0,hf_builds,2.6.1/builds.json,https://huggingface.co/datasets/LvlUrArti/ShiyuDataProcessed/resolve/main/2.6.1/builds.json,ok
2.6.2,2026-03-10,sd,式舆防卫,5-2,第5防线 2,2.6.3,式舆防卫 2.6.3,2026-03-06,2026-03-20,jane-doe,Jane Doe,简·杜,异常主C,S,3.39,27461,1202,913,1.25,60.0,59.96,6.99,hf_builds,2.6.2/builds.json,https://huggingface.co/datasets/LvlUrArti/ShiyuDataProcessed/resolve/main/2.6.2/builds.json,ok
2.7.1,2026-03-31,sd,式舆防卫,5-2,第5防线 2,2.6.4,式舆防卫 2.6.4,2026-03-20,2026-04-03,jane-doe,Jane Doe,简·杜,异常主C,S,3.48,28772,1153,755,1.36,60.0,59.97,7.0,hf_builds,2.7.1/builds.json,https://huggingface.co/datasets/LvlUrArti/ShiyuDataProcessed/resolve/main/2.7.1/builds.json,ok
2.7.2,2026-04-21,sd,式舆防卫,5-2,第5防线 2,2.7.2,式舆防卫 2.7.2,2026-04-17,2026-05-01,jane-doe,Jane Doe,简·杜,异常主C,S,0.82,26427,291,308,1.55,60.0,60.0,7.0,hf_builds,2.7.2/builds.json,https://huggingface.co/datasets/LvlUrArti/ShiyuDataProcessed/resolve/main/2.7.2/builds.json,ok
2.8.1,2026-05-11,sd,式舆防卫,5-2,第5防线 2,2.7.3,式舆防卫 2.7.3,2026-05-01,2026-05-15,jane-doe,Jane Doe,简·杜,异常主C,S,0.25,0,513,378,1.67,60.0,59.85,7.0,hf_builds,2.8.1/builds.json,https://huggingface.co/datasets/LvlUrArti/ShiyuDataProcessed/resolve/main/2.8.1/builds.json,ok
2.8.2,2026-06-02,sd,式舆防卫,5-2,第5防线 2,2.8.2,式舆防卫 2.8.2,2026-05-29,2026-06-12,jane-doe,Jane Doe,简·杜,异常主C,S,0.07,0,603,213,1.3,59.97,59.97,7.0,hf_builds,2.8.2/builds.json,https://huggingface.co/datasets/LvlUrArti/ShiyuDataProcessed/resolve/main/2.8.2/builds.json,ok
3.0.1,2026-06-21,sd,式舆防卫,5-2,第5防线 2,2.8.3,式舆防卫 2.8.3,2026-06-12,2026-06-26,jane-doe,Jane Doe,简·杜,异常主C,S,1.91,26770,903,541,0.9,60.0,59.83,7.0,hf_builds,3.0.1/builds.json,https://huggingface.co/datasets/LvlUrArti/ShiyuDataProcessed/resolve/main/3.0.1/builds.json,ok
2.6.1,2026-02-17,sd,式舆防卫,5-2,第5防线 2,2.6.1,式舆防卫 2.6.1,2026-02-06,2026-02-20,ju-fufu,Ju Fufu,橘福福,辅助,S,2.2,32132,7995,652,0.12,60.0,59.37,6.99,hf_builds,2.6.1/builds.json,https://huggingface.co/datasets/LvlUrArti/ShiyuDataProcessed/resolve/main/2.6.1/builds.json,ok
2.6.2,2026-03-10,sd,式舆防卫,5-2,第5防线 2,2.6.3,式舆防卫 2.6.3,2026-03-06,2026-03-20,ju-fufu,Ju Fufu,橘福福,辅助,S,14.44,32464,5330,993,0.14,59.98,59.58,6.99,hf_builds,2.6.2/builds.json,https://huggingface.co/datasets/LvlUrArti/ShiyuDataProcessed/resolve/main/2.6.2/builds.json,ok
2.7.1,2026-03-31,sd,式舆防卫,5-2,第5防线 2,2.6.4,式舆防卫 2.6.4,2026-03-20,2026-04-03,ju-fufu,Ju Fufu,橘福福,辅助,S,14.77,30221,7087,946,0.14,59.99,58.88,6.99,hf_builds,2.7.1/builds.json,https://huggingface.co/datasets/LvlUrArti/ShiyuDataProcessed/resolve/main/2.7.1/builds.json,ok
2.7.2,2026-04-21,sd,式舆防卫,5-2,第5防线 2,2.7.2,式舆防卫 2.7.2,2026-04-17,2026-05-01,ju-fufu,Ju Fufu,橘福福,辅助,S,0.99,29443,4420,728,0.15,60.0,59.57,7.0,hf_builds,2.7.2/builds.json,https://huggingface.co/datasets/LvlUrArti/ShiyuDataProcessed/resolve/main/2.7.2/builds.json,ok
2.8.1,2026-05-11,sd,式舆防卫,5-2,第5防线 2,2.7.3,式舆防卫 2.7.3,2026-05-01,2026-05-15,ju-fufu,Ju Fufu,橘福福,辅助,S,2.25,27183,3782,548,0.16,60.0,59.61,7.0,hf_builds,2.8.1/builds.json,https://huggingface.co/datasets/LvlUrArti/ShiyuDataProcessed/resolve/main/2.8.1/builds.json,ok
2.8.2,2026-06-02,sd,式舆防卫,5-2,第5防线 2,2.8.2,式舆防卫 2.8.2,2026-05-29,2026-06-12,ju-fufu,Ju Fufu,橘福福,辅助,S,2.6,25610,1984,190,0.19,60.0,59.73,7.0,hf_builds,2.8.2/builds.json,https://huggingface.co/datasets/LvlUrArti/ShiyuDataProcessed/resolve/main/2.8.2/builds.json,ok
3.0.1,2026-06-21,sd,式舆防卫,5-2,第5防线 2,2.8.3,式舆防卫 2.8.3,2026-06-12,2026-06-26,ju-fufu,Ju Fufu,橘福福,辅助,S,18.63,28985,4304,551,0.16,60.0,59.8,7.0,hf_builds,3.0.1/builds.json,https://huggingface.co/datasets/LvlUrArti/ShiyuDataProcessed/resolve/main/3.0.1/builds.json,ok
2.6.1,2026-02-17,sd,式舆防卫,5-2,第5防线 2,2.6.1,式舆防卫 2.6.1,2026-02-06,2026-02-20,koleda,Koleda Belobog,珂蕾妲·贝洛伯格,辅助,S,0.04,0,588,18,2.11,60.0,55.14,6.92,hf_builds,2.6.1/builds.json,https://huggingface.co/datasets/LvlUrArti/ShiyuDataProcessed/resolve/main/2.6.1/builds.json,ok
2.6.2,2026-03-10,sd,式舆防卫,5-2,第5防线 2,2.6.3,式舆防卫 2.6.3,2026-03-06,2026-03-20,koleda,Koleda Belobog,珂蕾妲·贝洛伯格,辅助,S,0.86,27147,230,13,1.98,60.0,55.63,6.96,hf_builds,2.6.2/builds.json,https://huggingface.co/datasets/LvlUrArti/ShiyuDataProcessed/resolve/main/2.6.2/builds.json,ok
2.7.1,2026-03-31,sd,式舆防卫,5-2,第5防线 2,2.6.4,式舆防卫 2.6.4,2026-03-20,2026-04-03,koleda,Koleda Belobog,珂蕾妲·贝洛伯格,辅助,S,0.38,27432,213,10,2.19,60.0,51.14,7.0,hf_builds,2.7.1/builds.json,https://huggingface.co/datasets/LvlUrArti/ShiyuDataProcessed/resolve/main/2.7.1/builds.json,ok
2.7.2,2026-04-21,sd,式舆防卫,5-2,第5防线 2,2.7.2,式舆防卫 2.7.2,2026-04-17,2026-05-01,koleda,Koleda Belobog,珂蕾妲·贝洛伯格,辅助,S,0.01,0,118,6,2.14,60.0,60.0,7.0,hf_builds,2.7.2/builds.json,https://huggingface.co/datasets/LvlUrArti/ShiyuDataProcessed/resolve/main/2.7.2/builds.json,ok
2.8.1,2026-05-11,sd,式舆防卫,5-2,第5防线 2,2.7.3,式舆防卫 2.7.3,2026-05-01,2026-05-15,koleda,Koleda Belobog,珂蕾妲·贝洛伯格,辅助,S,0.08,0,88,5,2.11,60.0,58.89,7.0,hf_builds,2.8.1/builds.json,https://huggingface.co/datasets/LvlUrArti/ShiyuDataProcessed/resolve/main/2.8.1/builds.json,ok
2.8.2,2026-06-02,sd,式舆防卫,5-2,第5防线 2,2.8.2,式舆防卫 2.8.2,2026-05-29,2026-06-12,koleda,Koleda Belobog,珂蕾妲·贝洛伯格,辅助,S,0.04,0,108,7,2.16,60.0,60.0,6.93,hf_builds,2.8.2/builds.json,https://huggingface.co/datasets/LvlUrArti/ShiyuDataProcessed/resolve/main/2.8.2/builds.json,ok
3.0.1,2026-06-21,sd,式舆防卫,5-2,第5防线 2,2.8.3,式舆防卫 2.8.3,2026-06-12,2026-06-26,koleda,Koleda Belobog,珂蕾妲·贝洛伯格,辅助,S,0.66,28472,176,12,2.51,60.0,59.49,7.0,hf_builds,3.0.1/builds.json,https://huggingface.co/datasets/LvlUrArti/ShiyuDataProcessed/resolve/main/3.0.1/builds.json,ok
2.6.1,2026-02-17,sd,式舆防卫,5-2,第5防线 2,2.6.1,式舆防卫 2.6.1,2026-02-06,2026-02-20,lighter,Lighter,莱特,辅助,S,0.67,27736,2487,409,0.37,60.0,59.62,6.99,hf_builds,2.6.1/builds.json,https://huggingface.co/datasets/LvlUrArti/ShiyuDataProcessed/resolve/main/2.6.1/builds.json,ok
2.6.2,2026-03-10,sd,式舆防卫,5-2,第5防线 2,2.6.3,式舆防卫 2.6.3,2026-03-06,2026-03-20,lighter,Lighter,莱特,辅助,S,4.68,27894,843,411,0.54,60.0,59.85,7.0,hf_builds,2.6.2/builds.json,https://huggingface.co/datasets/LvlUrArti/ShiyuDataProcessed/resolve/main/2.6.2/builds.json,ok
2.7.1,2026-03-31,sd,式舆防卫,5-2,第5防线 2,2.6.4,式舆防卫 2.6.4,2026-03-20,2026-04-03,lighter,Lighter,莱特,辅助,S,0.55,28511,935,440,0.59,60.0,59.54,7.0,hf_builds,2.7.1/builds.json,https://huggingface.co/datasets/LvlUrArti/ShiyuDataProcessed/resolve/main/2.7.1/builds.json,ok
2.7.2,2026-04-21,sd,式舆防卫,5-2,第5防线 2,2.7.2,式舆防卫 2.7.2,2026-04-17,2026-05-01,lighter,Lighter,莱特,辅助,S,0.14,0,389,272,0.72,60.0,59.87,7.0,hf_builds,2.7.2/builds.json,https://huggingface.co/datasets/LvlUrArti/ShiyuDataProcessed/resolve/main/2.7.2/builds.json,ok
2.8.1,2026-05-11,sd,式舆防卫,5-2,第5防线 2,2.7.3,式舆防卫 2.7.3,2026-05-01,2026-05-15,lighter,Lighter,莱特,辅助,S,1.56,26246,454,243,0.72,60.0,59.56,6.99,hf_builds,2.8.1/builds.json,https://huggingface.co/datasets/LvlUrArti/ShiyuDataProcessed/resolve/main/2.8.1/builds.json,ok
2.8.2,2026-06-02,sd,式舆防卫,5-2,第5防线 2,2.8.2,式舆防卫 2.8.2,2026-05-29,2026-06-12,lighter,Lighter,莱特,辅助,S,1.02,24476,499,124,0.62,60.0,59.95,6.98,hf_builds,2.8.2/builds.json,https://huggingface.co/datasets/LvlUrArti/ShiyuDataProcessed/resolve/main/2.8.2/builds.json,ok
3.0.1,2026-06-21,sd,式舆防卫,5-2,第5防线 2,2.8.3,式舆防卫 2.8.3,2026-06-12,2026-06-26,lighter,Lighter,莱特,辅助,S,0.36,26366,1113,354,0.51,60.0,59.88,7.0,hf_builds,3.0.1/builds.json,https://huggingface.co/datasets/LvlUrArti/ShiyuDataProcessed/resolve/main/3.0.1/builds.json,ok
2.6.1,2026-02-17,sd,式舆防卫,5-2,第5防线 2,2.6.1,式舆防卫 2.6.1,2026-02-06,2026-02-20,lucia,Lucia,卢西娅,辅助,S,3.57,32936,12533,1076,0.13,60.0,58.99,6.99,hf_builds,2.6.1/builds.json,https://huggingface.co/datasets/LvlUrArti/ShiyuDataProcessed/resolve/main/2.6.1/builds.json,ok
2.6.2,2026-03-10,sd,式舆防卫,5-2,第5防线 2,2.6.3,式舆防卫 2.6.3,2026-03-06,2026-03-20,lucia,Lucia,卢西娅,辅助,S,27.42,33503,10397,1945,0.14,59.99,59.19,6.99,hf_builds,2.6.2/builds.json,https://huggingface.co/datasets/LvlUrArti/ShiyuDataProcessed/resolve/main/2.6.2/builds.json,ok
2.7.1,2026-03-31,sd,式舆防卫,5-2,第5防线 2,2.6.4,式舆防卫 2.6.4,2026-03-20,2026-04-03,lucia,Lucia,卢西娅,辅助,S,26.67,30851,13487,1755,0.13,60.0,59.1,6.99,hf_builds,2.7.1/builds.json,https://huggingface.co/datasets/LvlUrArti/ShiyuDataProcessed/resolve/main/2.7.1/builds.json,ok
2.7.2,2026-04-21,sd,式舆防卫,5-2,第5防线 2,2.7.2,式舆防卫 2.7.2,2026-04-17,2026-05-01,lucia,Lucia,卢西娅,辅助,S,0.18,30003,9944,1501,0.15,60.0,59.28,6.99,hf_builds,2.7.2/builds.json,https://huggingface.co/datasets/LvlUrArti/ShiyuDataProcessed/resolve/main/2.7.2/builds.json,ok
2.8.1,2026-05-11,sd,式舆防卫,5-2,第5防线 2,2.7.3,式舆防卫 2.7.3,2026-05-01,2026-05-15,lucia,Lucia,卢西娅,辅助,S,1.58,26718,8475,1219,0.16,60.0,59.39,6.99,hf_builds,2.8.1/builds.json,https://huggingface.co/datasets/LvlUrArti/ShiyuDataProcessed/resolve/main/2.8.1/builds.json,ok
2.8.2,2026-06-02,sd,式舆防卫,5-2,第5防线 2,2.8.2,式舆防卫 2.8.2,2026-05-29,2026-06-12,lucia,Lucia,卢西娅,辅助,S,6.3,25841,5685,468,0.21,59.99,59.54,6.99,hf_builds,2.8.2/builds.json,https://huggingface.co/datasets/LvlUrArti/ShiyuDataProcessed/resolve/main/2.8.2/builds.json,ok
3.0.1,2026-06-21,sd,式舆防卫,5-2,第5防线 2,2.8.3,式舆防卫 2.8.3,2026-06-12,2026-06-26,lucia,Lucia,卢西娅,辅助,S,52.69,30444,10977,1266,0.17,60.0,59.33,6.99,hf_builds,3.0.1/builds.json,https://huggingface.co/datasets/LvlUrArti/ShiyuDataProcessed/resolve/main/3.0.1/builds.json,ok
2.6.1,2026-02-17,sd,式舆防卫,5-2,第5防线 2,2.6.1,式舆防卫 2.6.1,2026-02-06,2026-02-20,lucy,Luciana de Montefio,露西亚娜·德·蒙特夫,辅助,A,0.44,28280,437,17,5.98,60.0,59.6,7.0,hf_builds,2.6.1/builds.json,https://huggingface.co/datasets/LvlUrArti/ShiyuDataProcessed/resolve/main/2.6.1/builds.json,ok
2.6.2,2026-03-10,sd,式舆防卫,5-2,第5防线 2,2.6.3,式舆防卫 2.6.3,2026-03-06,2026-03-20,lucy,Luciana de Montefio,露西亚娜·德·蒙特夫,辅助,A,0.43,28780,144,12,5.96,60.0,60.0,7.0,hf_builds,2.6.2/builds.json,https://huggingface.co/datasets/LvlUrArti/ShiyuDataProcessed/resolve/main/2.6.2/builds.json,ok
2.7.1,2026-03-31,sd,式舆防卫,5-2,第5防线 2,2.6.4,式舆防卫 2.6.4,2026-03-20,2026-04-03,lucy,Luciana de Montefio,露西亚娜·德·蒙特夫,辅助,A,0.13,27046,198,10,5.99,60.0,60.0,7.0,hf_builds,2.7.1/builds.json,https://huggingface.co/datasets/LvlUrArti/ShiyuDataProcessed/resolve/main/2.7.1/builds.json,ok
2.7.2,2026-04-21,sd,式舆防卫,5-2,第5防线 2,2.7.2,式舆防卫 2.7.2,2026-04-17,2026-05-01,lucy,Luciana de Montefio,露西亚娜·德·蒙特夫,辅助,A,0.24,28872,90,9,6.0,60.0,57.25,7.0,hf_builds,2.7.2/builds.json,https://huggingface.co/datasets/LvlUrArti/ShiyuDataProcessed/resolve/main/2.7.2/builds.json,ok
2.8.1,2026-05-11,sd,式舆防卫,5-2,第5防线 2,2.7.3,式舆防卫 2.7.3,2026-05-01,2026-05-15,lucy,Luciana de Montefio,露西亚娜·德·蒙特夫,辅助,A,0.16,27545,104,8,6.0,60.0,60.0,7.0,hf_builds,2.8.1/builds.json,https://huggingface.co/datasets/LvlUrArti/ShiyuDataProcessed/resolve/main/2.8.1/builds.json,ok
2.8.2,2026-06-02,sd,式舆防卫,5-2,第5防线 2,2.8.2,式舆防卫 2.8.2,2026-05-29,2026-06-12,lucy,Luciana de Montefio,露西亚娜·德·蒙特夫,辅助,A,0.3,24211,144,3,5.98,60.0,60.0,7.0,hf_builds,2.8.2/builds.json,https://huggingface.co/datasets/LvlUrArti/ShiyuDataProcessed/resolve/main/2.8.2/builds.json,ok
3.0.1,2026-06-21,sd,式舆防卫,5-2,第5防线 2,2.8.3,式舆防卫 2.8.3,2026-06-12,2026-06-26,lucy,Luciana de Montefio,露西亚娜·德·蒙特夫,辅助,A,0.22,27214,146,6,5.99,60.0,60.0,7.0,hf_builds,3.0.1/builds.json,https://huggingface.co/datasets/LvlUrArti/ShiyuDataProcessed/resolve/main/3.0.1/builds.json,ok
2.6.1,2026-02-17,sd,式舆防卫,5-2,第5防线 2,2.6.1,式舆防卫 2.6.1,2026-02-06,2026-02-20,lycaon,Von Lycaon,冯·莱卡恩,辅助,S,1.71,27997,466,89,2.12,60.0,59.85,7.0,hf_builds,2.6.1/builds.json,https://huggingface.co/datasets/LvlUrArti/ShiyuDataProcessed/resolve/main/2.6.1/builds.json,ok
2.6.2,2026-03-10,sd,式舆防卫,5-2,第5防线 2,2.6.3,式舆防卫 2.6.3,2026-03-06,2026-03-20,lycaon,Von Lycaon,冯·莱卡恩,辅助,S,0.49,29970,500,107,2.18,60.0,58.55,6.97,hf_builds,2.6.2/builds.json,https://huggingface.co/datasets/LvlUrArti/ShiyuDataProcessed/resolve/main/2.6.2/builds.json,ok
2.7.1,2026-03-31,sd,式舆防卫,5-2,第5防线 2,2.6.4,式舆防卫 2.6.4,2026-03-20,2026-04-03,lycaon,Von Lycaon,冯·莱卡恩,辅助,S,2.56,29572,1745,230,2.28,59.99,58.84,6.97,hf_builds,2.7.1/builds.json,https://huggingface.co/datasets/LvlUrArti/ShiyuDataProcessed/resolve/main/2.7.1/builds.json,ok
2.7.2,2026-04-21,sd,式舆防卫,5-2,第5防线 2,2.7.2,式舆防卫 2.7.2,2026-04-17,2026-05-01,lycaon,Von Lycaon,冯·莱卡恩,辅助,S,0.15,0,878,150,2.28,59.98,58.95,6.98,hf_builds,2.7.2/builds.json,https://huggingface.co/datasets/LvlUrArti/ShiyuDataProcessed/resolve/main/2.7.2/builds.json,ok
2.8.1,2026-05-11,sd,式舆防卫,5-2,第5防线 2,2.7.3,式舆防卫 2.7.3,2026-05-01,2026-05-15,lycaon,Von Lycaon,冯·莱卡恩,辅助,S,0.05,0,509,114,2.21,59.99,59.37,6.98,hf_builds,2.8.1/builds.json,https://huggingface.co/datasets/LvlUrArti/ShiyuDataProcessed/resolve/main/2.8.1/builds.json,ok
2.8.2,2026-06-02,sd,式舆防卫,5-2,第5防线 2,2.8.2,式舆防卫 2.8.2,2026-05-29,2026-06-12,lycaon,Von Lycaon,冯·莱卡恩,辅助,S,3.38,24812,598,71,2.26,60.0,59.75,6.99,hf_builds,2.8.2/builds.json,https://huggingface.co/datasets/LvlUrArti/ShiyuDataProcessed/resolve/main/2.8.2/builds.json,ok
3.0.1,2026-06-21,sd,式舆防卫,5-2,第5防线 2,2.8.3,式舆防卫 2.8.3,2026-06-12,2026-06-26,lycaon,Von Lycaon,冯·莱卡恩,辅助,S,0.4,27865,581,142,2.48,60.0,59.87,6.98,hf_builds,3.0.1/builds.json,https://huggingface.co/datasets/LvlUrArti/ShiyuDataProcessed/resolve/main/3.0.1/builds.json,ok
2.6.1,2026-02-17,sd,式舆防卫,5-2,第5防线 2,2.6.1,式舆防卫 2.6.1,2026-02-06,2026-02-20,manato,Komano Manato,狛野真斗,直伤主C,A,0.0,0,247,44,5.76,60.0,60.0,7.0,hf_builds,2.6.1/builds.json,https://huggingface.co/datasets/LvlUrArti/ShiyuDataProcessed/resolve/main/2.6.1/builds.json,ok
2.6.2,2026-03-10,sd,式舆防卫,5-2,第5防线 2,2.6.3,式舆防卫 2.6.3,2026-03-06,2026-03-20,manato,Komano Manato,狛野真斗,直伤主C,A,1.53,28664,248,108,5.74,60.0,60.0,7.0,hf_builds,2.6.2/builds.json,https://huggingface.co/datasets/LvlUrArti/ShiyuDataProcessed/resolve/main/2.6.2/builds.json,ok
2.7.1,2026-03-31,sd,式舆防卫,5-2,第5防线 2,2.6.4,式舆防卫 2.6.4,2026-03-20,2026-04-03,manato,Komano Manato,狛野真斗,直伤主C,A,0.03,0,178,77,5.78,60.0,60.0,7.0,hf_builds,2.7.1/builds.json,https://huggingface.co/datasets/LvlUrArti/ShiyuDataProcessed/resolve/main/2.7.1/builds.json,ok
2.7.2,2026-04-21,sd,式舆防卫,5-2,第5防线 2,2.7.2,式舆防卫 2.7.2,2026-04-17,2026-05-01,manato,Komano Manato,狛野真斗,直伤主C,A,0.0,0,62,29,5.92,60.0,60.0,7.0,hf_builds,2.7.2/builds.json,https://huggingface.co/datasets/LvlUrArti/ShiyuDataProcessed/resolve/main/2.7.2/builds.json,ok
2.8.1,2026-05-11,sd,式舆防卫,5-2,第5防线 2,2.7.3,式舆防卫 2.7.3,2026-05-01,2026-05-15,manato,Komano Manato,狛野真斗,直伤主C,A,0.04,0,10,9,5.8,60.0,60.0,7.0,hf_builds,2.8.1/builds.json,https://huggingface.co/datasets/LvlUrArti/ShiyuDataProcessed/resolve/main/2.8.1/builds.json,ok
2.8.2,2026-06-02,sd,式舆防卫,5-2,第5防线 2,2.8.2,式舆防卫 2.8.2,2026-05-29,2026-06-12,manato,Komano Manato,狛野真斗,直伤主C,A,0.0,0,84,10,5.85,60.0,60.0,7.0,hf_builds,2.8.2/builds.json,https://huggingface.co/datasets/LvlUrArti/ShiyuDataProcessed/resolve/main/2.8.2/builds.json,ok
3.0.1,2026-06-21,sd,式舆防卫,5-2,第5防线 2,2.8.3,式舆防卫 2.8.3,2026-06-12,2026-06-26,manato,Komano Manato,狛野真斗,直伤主C,A,0.28,27201,60,25,5.99,60.0,60.0,7.0,hf_builds,3.0.1/builds.json,https://huggingface.co/datasets/LvlUrArti/ShiyuDataProcessed/resolve/main/3.0.1/builds.json,ok
2.6.1,2026-02-17,sd,式舆防卫,5-2,第5防线 2,2.6.1,式舆防卫 2.6.1,2026-02-06,2026-02-20,miyabi,Hoshimi Miyabi,星见 雅,异常主C,S,34.28,34422,7702,3381,1.08,60.0,59.99,7.0,hf_builds,2.6.1/builds.json,https://huggingface.co/datasets/LvlUrArti/ShiyuDataProcessed/resolve/main/2.6.1/builds.json,ok
2.6.2,2026-03-10,sd,式舆防卫,5-2,第5防线 2,2.6.3,式舆防卫 2.6.3,2026-03-06,2026-03-20,miyabi,Hoshimi Miyabi,星见 雅,异常主C,S,0.92,28004,4597,4740,1.84,60.0,59.98,7.0,hf_builds,2.6.2/builds.json,https://huggingface.co/datasets/LvlUrArti/ShiyuDataProcessed/resolve/main/2.6.2/builds.json,ok
2.7.1,2026-03-31,sd,式舆防卫,5-2,第5防线 2,2.6.4,式舆防卫 2.6.4,2026-03-20,2026-04-03,miyabi,Hoshimi Miyabi,星见 雅,异常主C,S,16.32,31619,10044,7603,1.17,60.0,59.98,7.0,hf_builds,2.7.1/builds.json,https://huggingface.co/datasets/LvlUrArti/ShiyuDataProcessed/resolve/main/2.7.1/builds.json,ok
2.7.2,2026-04-21,sd,式舆防卫,5-2,第5防线 2,2.7.2,式舆防卫 2.7.2,2026-04-17,2026-05-01,miyabi,Hoshimi Miyabi,星见 雅,异常主C,S,2.48,30412,7268,6855,1.5,60.0,59.99,7.0,hf_builds,2.7.2/builds.json,https://huggingface.co/datasets/LvlUrArti/ShiyuDataProcessed/resolve/main/2.7.2/builds.json,ok
2.8.1,2026-05-11,sd,式舆防卫,5-2,第5防线 2,2.7.3,式舆防卫 2.7.3,2026-05-01,2026-05-15,miyabi,Hoshimi Miyabi,星见 雅,异常主C,S,4.44,26800,8878,6687,1.24,60.0,59.95,7.0,hf_builds,2.8.1/builds.json,https://huggingface.co/datasets/LvlUrArti/ShiyuDataProcessed/resolve/main/2.8.1/builds.json,ok
2.8.2,2026-06-02,sd,式舆防卫,5-2,第5防线 2,2.8.2,式舆防卫 2.8.2,2026-05-29,2026-06-12,miyabi,Hoshimi Miyabi,星见 雅,异常主C,S,53.56,29958,8049,3650,1.12,60.0,59.98,7.0,hf_builds,2.8.2/builds.json,https://huggingface.co/datasets/LvlUrArti/ShiyuDataProcessed/resolve/main/2.8.2/builds.json,ok
3.0.1,2026-06-21,sd,式舆防卫,5-2,第5防线 2,2.8.3,式舆防卫 2.8.3,2026-06-12,2026-06-26,miyabi,Hoshimi Miyabi,星见 雅,异常主C,S,0.05,0,11101,7761,1.28,60.0,59.95,7.0,hf_builds,3.0.1/builds.json,https://huggingface.co/datasets/LvlUrArti/ShiyuDataProcessed/resolve/main/3.0.1/builds.json,ok
2.7.1,2026-03-31,sd,式舆防卫,5-2,第5防线 2,2.6.4,式舆防卫 2.6.4,2026-03-20,2026-04-03,nangong-yu,Nangong Yu,南宫羽,辅助,S,16.32,35897,3865,1527,0.08,59.97,59.52,6.83,hf_builds,2.7.1/builds.json,https://huggingface.co/datasets/LvlUrArti/ShiyuDataProcessed/resolve/main/2.7.1/builds.json,ok
2.7.2,2026-04-21,sd,式舆防卫,5-2,第5防线 2,2.7.2,式舆防卫 2.7.2,2026-04-17,2026-05-01,nangong-yu,Nangong Yu,南宫羽,辅助,S,1.58,29332,9028,3622,0.11,60.0,59.78,6.98,hf_builds,2.7.2/builds.json,https://huggingface.co/datasets/LvlUrArti/ShiyuDataProcessed/resolve/main/2.7.2/builds.json,ok
2.8.1,2026-05-11,sd,式舆防卫,5-2,第5防线 2,2.7.3,式舆防卫 2.7.3,2026-05-01,2026-05-15,nangong-yu,Nangong Yu,南宫羽,辅助,S,1.71,27056,11607,3743,0.12,60.0,59.77,6.99,hf_builds,2.8.1/builds.json,https://huggingface.co/datasets/LvlUrArti/ShiyuDataProcessed/resolve/main/2.8.1/builds.json,ok
2.8.2,2026-06-02,sd,式舆防卫,5-2,第5防线 2,2.8.2,式舆防卫 2.8.2,2026-05-29,2026-06-12,nangong-yu,Nangong Yu,南宫羽,辅助,S,48.74,31545,7185,1539,0.12,60.0,59.92,6.99,hf_builds,2.8.2/builds.json,https://huggingface.co/datasets/LvlUrArti/ShiyuDataProcessed/resolve/main/2.8.2/builds.json,ok
3.0.1,2026-06-21,sd,式舆防卫,5-2,第5防线 2,2.8.3,式舆防卫 2.8.3,2026-06-12,2026-06-26,nangong-yu,Nangong Yu,南宫羽,辅助,S,2.35,28598,9686,2982,0.13,60.0,59.86,6.99,hf_builds,3.0.1/builds.json,https://huggingface.co/datasets/LvlUrArti/ShiyuDataProcessed/resolve/main/3.0.1/builds.json,ok
2.6.1,2026-02-17,sd,式舆防卫,5-2,第5防线 2,2.6.1,式舆防卫 2.6.1,2026-02-06,2026-02-20,nekomata,Nekomiya Mana,猫宫 又奈,直伤主C,S,0.1,31169,80,24,3.42,60.0,58.98,7.0,hf_builds,2.6.1/builds.json,https://huggingface.co/datasets/LvlUrArti/ShiyuDataProcessed/resolve/main/2.6.1/builds.json,ok
2.6.2,2026-03-10,sd,式舆防卫,5-2,第5防线 2,2.6.3,式舆防卫 2.6.3,2026-03-06,2026-03-20,nekomata,Nekomiya Mana,猫宫 又奈,直伤主C,S,0.15,28726,66,49,3.48,60.0,60.0,6.99,hf_builds,2.6.2/builds.json,https://huggingface.co/datasets/LvlUrArti/ShiyuDataProcessed/resolve/main/2.6.2/builds.json,ok
2.7.1,2026-03-31,sd,式舆防卫,5-2,第5防线 2,2.6.4,式舆防卫 2.6.4,2026-03-20,2026-04-03,nekomata,Nekomiya Mana,猫宫 又奈,直伤主C,S,0.02,0,50,42,3.97,60.0,60.0,7.0,hf_builds,2.7.1/builds.json,https://huggingface.co/datasets/LvlUrArti/ShiyuDataProcessed/resolve/main/2.7.1/builds.json,ok
2.7.2,2026-04-21,sd,式舆防卫,5-2,第5防线 2,2.7.2,式舆防卫 2.7.2,2026-04-17,2026-05-01,nekomata,Nekomiya Mana,猫宫 又奈,直伤主C,S,0.16,28868,26,21,3.71,60.0,60.0,6.99,hf_builds,2.7.2/builds.json,https://huggingface.co/datasets/LvlUrArti/ShiyuDataProcessed/resolve/main/2.7.2/builds.json,ok
2.8.1,2026-05-11,sd,式舆防卫,5-2,第5防线 2,2.7.3,式舆防卫 2.7.3,2026-05-01,2026-05-15,nekomata,Nekomiya Mana,猫宫 又奈,直伤主C,S,0.04,0,41,30,4.3,60.0,60.0,7.0,hf_builds,2.8.1/builds.json,https://huggingface.co/datasets/LvlUrArti/ShiyuDataProcessed/resolve/main/2.8.1/builds.json,ok
2.8.2,2026-06-02,sd,式舆防卫,5-2,第5防线 2,2.8.2,式舆防卫 2.8.2,2026-05-29,2026-06-12,nekomata,Nekomiya Mana,猫宫 又奈,直伤主C,S,0.0,0,35,16,3.98,60.0,58.52,7.0,hf_builds,2.8.2/builds.json,https://huggingface.co/datasets/LvlUrArti/ShiyuDataProcessed/resolve/main/2.8.2/builds.json,ok
3.0.1,2026-06-21,sd,式舆防卫,5-2,第5防线 2,2.8.3,式舆防卫 2.8.3,2026-06-12,2026-06-26,nekomata,Nekomiya Mana,猫宫 又奈,直伤主C,S,0.1,0,38,39,4.36,60.0,60.0,7.0,hf_builds,3.0.1/builds.json,https://huggingface.co/datasets/LvlUrArti/ShiyuDataProcessed/resolve/main/3.0.1/builds.json,ok
2.6.1,2026-02-17,sd,式舆防卫,5-2,第5防线 2,2.6.1,式舆防卫 2.6.1,2026-02-06,2026-02-20,nicole-demara,Nicole Demara,妮可·德玛拉,辅助,A,3.31,29555,1382,40,5.99,60.0,59.7,6.95,hf_builds,2.6.1/builds.json,https://huggingface.co/datasets/LvlUrArti/ShiyuDataProcessed/resolve/main/2.6.1/builds.json,ok
2.6.2,2026-03-10,sd,式舆防卫,5-2,第5防线 2,2.6.3,式舆防卫 2.6.3,2026-03-06,2026-03-20,nicole-demara,Nicole Demara,妮可·德玛拉,辅助,A,0.89,30427,830,57,5.99,59.95,59.72,6.95,hf_builds,2.6.2/builds.json,https://huggingface.co/datasets/LvlUrArti/ShiyuDataProcessed/resolve/main/2.6.2/builds.json,ok
2.7.1,2026-03-31,sd,式舆防卫,5-2,第5防线 2,2.6.4,式舆防卫 2.6.4,2026-03-20,2026-04-03,nicole-demara,Nicole Demara,妮可·德玛拉,辅助,A,1.92,27758,885,58,6.0,59.91,58.99,6.98,hf_builds,2.7.1/builds.json,https://huggingface.co/datasets/LvlUrArti/ShiyuDataProcessed/resolve/main/2.7.1/builds.json,ok
2.7.2,2026-04-21,sd,式舆防卫,5-2,第5防线 2,2.7.2,式舆防卫 2.7.2,2026-04-17,2026-05-01,nicole-demara,Nicole Demara,妮可·德玛拉,辅助,A,1.18,28225,476,49,6.0,60.0,59.39,7.0,hf_builds,2.7.2/builds.json,https://huggingface.co/datasets/LvlUrArti/ShiyuDataProcessed/resolve/main/2.7.2/builds.json,ok
2.8.1,2026-05-11,sd,式舆防卫,5-2,第5防线 2,2.7.3,式舆防卫 2.7.3,2026-05-01,2026-05-15,nicole-demara,Nicole Demara,妮可·德玛拉,辅助,A,0.96,27666,687,38,5.99,60.0,59.22,7.0,hf_builds,2.8.1/builds.json,https://huggingface.co/datasets/LvlUrArti/ShiyuDataProcessed/resolve/main/2.8.1/builds.json,ok
2.8.2,2026-06-02,sd,式舆防卫,5-2,第5防线 2,2.8.2,式舆防卫 2.8.2,2026-05-29,2026-06-12,nicole-demara,Nicole Demara,妮可·德玛拉,辅助,A,1.55,25625,478,13,5.99,60.0,59.35,7.0,hf_builds,2.8.2/builds.json,https://huggingface.co/datasets/LvlUrArti/ShiyuDataProcessed/resolve/main/2.8.2/builds.json,ok
3.0.1,2026-06-21,sd,式舆防卫,5-2,第5防线 2,2.8.3,式舆防卫 2.8.3,2026-06-12,2026-06-26,nicole-demara,Nicole Demara,妮可·德玛拉,辅助,A,0.51,28677,496,32,6.0,60.0,58.84,7.0,hf_builds,3.0.1/builds.json,https://huggingface.co/datasets/LvlUrArti/ShiyuDataProcessed/resolve/main/3.0.1/builds.json,ok
2.6.1,2026-02-17,sd,式舆防卫,5-2,第5防线 2,2.6.1,式舆防卫 2.6.1,2026-02-06,2026-02-20,orphie-and-magus,"Orphie Magnusson & ""Magus""",奥菲丝·马格努森 & 「鬼火」,直伤主C,S,19.36,36285,4714,813,0.14,59.99,59.77,6.99,hf_builds,2.6.1/builds.json,https://huggingface.co/datasets/LvlUrArti/ShiyuDataProcessed/resolve/main/2.6.1/builds.json,ok
2.6.2,2026-03-10,sd,式舆防卫,5-2,第5防线 2,2.6.3,式舆防卫 2.6.3,2026-03-06,2026-03-20,orphie-and-magus,"Orphie Magnusson & ""Magus""",奥菲丝·马格努森 & 「鬼火」,直伤主C,S,0.79,28578,3110,1272,0.15,59.99,59.93,6.99,hf_builds,2.6.2/builds.json,https://huggingface.co/datasets/LvlUrArti/ShiyuDataProcessed/resolve/main/2.6.2/builds.json,ok
2.7.1,2026-03-31,sd,式舆防卫,5-2,第5防线 2,2.6.4,式舆防卫 2.6.4,2026-03-20,2026-04-03,orphie-and-magus,"Orphie Magnusson & ""Magus""",奥菲丝·马格努森 & 「鬼火」,直伤主C,S,0.41,29003,727,405,0.37,60.0,59.82,7.0,hf_builds,2.7.1/builds.json,https://huggingface.co/datasets/LvlUrArti/ShiyuDataProcessed/resolve/main/2.7.1/builds.json,ok
2.7.2,2026-04-21,sd,式舆防卫,5-2,第5防线 2,2.7.2,式舆防卫 2.7.2,2026-04-17,2026-05-01,orphie-and-magus,"Orphie Magnusson & ""Magus""",奥菲丝·马格努森 & 「鬼火」,直伤主C,S,11.18,32619,1717,741,0.14,60.0,59.78,7.0,hf_builds,2.7.2/builds.json,https://huggingface.co/datasets/LvlUrArti/ShiyuDataProcessed/resolve/main/2.7.2/builds.json,ok
2.8.1,2026-05-11,sd,式舆防卫,5-2,第5防线 2,2.7.3,式舆防卫 2.7.3,2026-05-01,2026-05-15,orphie-and-magus,"Orphie Magnusson & ""Magus""",奥菲丝·马格努森 & 「鬼火」,直伤主C,S,18.25,30339,3259,933,0.15,60.0,59.82,7.0,hf_builds,2.8.1/builds.json,https://huggingface.co/datasets/LvlUrArti/ShiyuDataProcessed/resolve/main/2.8.1/builds.json,ok
2.8.2,2026-06-02,sd,式舆防卫,5-2,第5防线 2,2.8.2,式舆防卫 2.8.2,2026-05-29,2026-06-12,orphie-and-magus,"Orphie Magnusson & ""Magus""",奥菲丝·马格努森 & 「鬼火」,直伤主C,S,0.11,0,2106,402,0.24,60.0,60.0,7.0,hf_builds,2.8.2/builds.json,https://huggingface.co/datasets/LvlUrArti/ShiyuDataProcessed/resolve/main/2.8.2/builds.json,ok
3.0.1,2026-06-21,sd,式舆防卫,5-2,第5防线 2,2.8.3,式舆防卫 2.8.3,2026-06-12,2026-06-26,orphie-and-magus,"Orphie Magnusson & ""Magus""",奥菲丝·马格努森 & 「鬼火」,直伤主C,S,0.44,26653,1546,594,0.38,60.0,58.9,6.99,hf_builds,3.0.1/builds.json,https://huggingface.co/datasets/LvlUrArti/ShiyuDataProcessed/resolve/main/3.0.1/builds.json,ok
2.6.1,2026-02-17,sd,式舆防卫,5-2,第5防线 2,2.6.1,式舆防卫 2.6.1,2026-02-06,2026-02-20,pan-yinhu,Pan Yinhu,潘引壶,辅助,A,1.01,30230,2396,36,5.53,60.0,59.75,6.91,hf_builds,2.6.1/builds.json,https://huggingface.co/datasets/LvlUrArti/ShiyuDataProcessed/resolve/main/2.6.1/builds.json,ok
2.6.2,2026-03-10,sd,式舆防卫,5-2,第5防线 2,2.6.3,式舆防卫 2.6.3,2026-03-06,2026-03-20,pan-yinhu,Pan Yinhu,潘引壶,辅助,A,3.25,29398,1771,48,5.58,59.9,59.09,6.87,hf_builds,2.6.2/builds.json,https://huggingface.co/datasets/LvlUrArti/ShiyuDataProcessed/resolve/main/2.6.2/builds.json,ok
2.7.1,2026-03-31,sd,式舆防卫,5-2,第5防线 2,2.6.4,式舆防卫 2.6.4,2026-03-20,2026-04-03,pan-yinhu,Pan Yinhu,潘引壶,辅助,A,6.34,27896,2107,46,5.64,60.0,58.7,6.91,hf_builds,2.7.1/builds.json,https://huggingface.co/datasets/LvlUrArti/ShiyuDataProcessed/resolve/main/2.7.1/builds.json,ok
2.7.2,2026-04-21,sd,式舆防卫,5-2,第5防线 2,2.7.2,式舆防卫 2.7.2,2026-04-17,2026-05-01,pan-yinhu,Pan Yinhu,潘引壶,辅助,A,0.04,0,1362,37,5.72,60.0,59.69,6.95,hf_builds,2.7.2/builds.json,https://huggingface.co/datasets/LvlUrArti/ShiyuDataProcessed/resolve/main/2.7.2/builds.json,ok
2.8.1,2026-05-11,sd,式舆防卫,5-2,第5防线 2,2.7.3,式舆防卫 2.7.3,2026-05-01,2026-05-15,pan-yinhu,Pan Yinhu,潘引壶,辅助,A,0.1,0,1046,38,5.73,60.0,60.0,6.97,hf_builds,2.8.1/builds.json,https://huggingface.co/datasets/LvlUrArti/ShiyuDataProcessed/resolve/main/2.8.1/builds.json,ok
2.8.2,2026-06-02,sd,式舆防卫,5-2,第5防线 2,2.8.2,式舆防卫 2.8.2,2026-05-29,2026-06-12,pan-yinhu,Pan Yinhu,潘引壶,辅助,A,0.74,21811,604,18,5.71,60.0,60.0,6.96,hf_builds,2.8.2/builds.json,https://huggingface.co/datasets/LvlUrArti/ShiyuDataProcessed/resolve/main/2.8.2/builds.json,ok
3.0.1,2026-06-21,sd,式舆防卫,5-2,第5防线 2,2.8.3,式舆防卫 2.8.3,2026-06-12,2026-06-26,pan-yinhu,Pan Yinhu,潘引壶,辅助,A,4.98,28017,1062,28,5.84,59.84,59.67,6.93,hf_builds,3.0.1/builds.json,https://huggingface.co/datasets/LvlUrArti/ShiyuDataProcessed/resolve/main/3.0.1/builds.json,ok
2.6.1,2026-02-17,sd,式舆防卫,5-2,第5防线 2,2.6.1,式舆防卫 2.6.1,2026-02-06,2026-02-20,piper,Piper Wheel,派派·韦尔,异常主C,A,0.04,0,106,22,5.99,60.0,60.0,7.0,hf_builds,2.6.1/builds.json,https://huggingface.co/datasets/LvlUrArti/ShiyuDataProcessed/resolve/main/2.6.1/builds.json,ok
2.6.2,2026-03-10,sd,式舆防卫,5-2,第5防线 2,2.6.3,式舆防卫 2.6.3,2026-03-06,2026-03-20,piper,Piper Wheel,派派·韦尔,异常主C,A,0.23,26598,134,39,5.97,60.0,60.0,7.0,hf_builds,2.6.2/builds.json,https://huggingface.co/datasets/LvlUrArti/ShiyuDataProcessed/resolve/main/2.6.2/builds.json,ok
2.7.1,2026-03-31,sd,式舆防卫,5-2,第5防线 2,2.6.4,式舆防卫 2.6.4,2026-03-20,2026-04-03,piper,Piper Wheel,派派·韦尔,异常主C,A,0.59,28649,153,38,5.98,60.0,60.0,6.98,hf_builds,2.7.1/builds.json,https://huggingface.co/datasets/LvlUrArti/ShiyuDataProcessed/resolve/main/2.7.1/builds.json,ok
2.7.2,2026-04-21,sd,式舆防卫,5-2,第5防线 2,2.7.2,式舆防卫 2.7.2,2026-04-17,2026-05-01,piper,Piper Wheel,派派·韦尔,异常主C,A,0.13,0,58,17,6.0,60.0,60.0,7.0,hf_builds,2.7.2/builds.json,https://huggingface.co/datasets/LvlUrArti/ShiyuDataProcessed/resolve/main/2.7.2/builds.json,ok
2.8.1,2026-05-11,sd,式舆防卫,5-2,第5防线 2,2.7.3,式舆防卫 2.7.3,2026-05-01,2026-05-15,piper,Piper Wheel,派派·韦尔,异常主C,A,0.04,0,110,31,6.0,60.0,60.0,7.0,hf_builds,2.8.1/builds.json,https://huggingface.co/datasets/LvlUrArti/ShiyuDataProcessed/resolve/main/2.8.1/builds.json,ok
2.8.2,2026-06-02,sd,式舆防卫,5-2,第5防线 2,2.8.2,式舆防卫 2.8.2,2026-05-29,2026-06-12,piper,Piper Wheel,派派·韦尔,异常主C,A,0.04,0,59,8,5.99,60.0,60.0,7.0,hf_builds,2.8.2/builds.json,https://huggingface.co/datasets/LvlUrArti/ShiyuDataProcessed/resolve/main/2.8.2/builds.json,ok
3.0.1,2026-06-21,sd,式舆防卫,5-2,第5防线 2,2.8.3,式舆防卫 2.8.3,2026-06-12,2026-06-26,piper,Piper Wheel,派派·韦尔,异常主C,A,0.1,0,65,21,5.99,60.0,60.0,7.0,hf_builds,3.0.1/builds.json,https://huggingface.co/datasets/LvlUrArti/ShiyuDataProcessed/resolve/main/3.0.1/builds.json,ok
2.8.1,2026-05-11,sd,式舆防卫,5-2,第5防线 2,2.7.3,式舆防卫 2.7.3,2026-05-01,2026-05-15,promeia,Promeia,普罗米娅,异常主C,S,0.03,0,942,426,0.1,59.98,59.85,6.97,hf_builds,2.8.1/builds.json,https://huggingface.co/datasets/LvlUrArti/ShiyuDataProcessed/resolve/main/2.8.1/builds.json,ok
2.8.2,2026-06-02,sd,式舆防卫,5-2,第5防线 2,2.8.2,式舆防卫 2.8.2,2026-05-29,2026-06-12,promeia,Promeia,普罗米娅,异常主C,S,23.46,31479,3273,773,0.13,60.0,59.9,6.99,hf_builds,2.8.2/builds.json,https://huggingface.co/datasets/LvlUrArti/ShiyuDataProcessed/resolve/main/2.8.2/builds.json,ok
3.0.1,2026-06-21,sd,式舆防卫,5-2,第5防线 2,2.8.3,式舆防卫 2.8.3,2026-06-12,2026-06-26,promeia,Promeia,普罗米娅,异常主C,S,0.01,0,4466,1605,0.14,60.0,59.76,6.99,hf_builds,3.0.1/builds.json,https://huggingface.co/datasets/LvlUrArti/ShiyuDataProcessed/resolve/main/3.0.1/builds.json,ok
2.6.1,2026-02-17,sd,式舆防卫,5-2,第5防线 2,2.6.1,式舆防卫 2.6.1,2026-02-06,2026-02-20,pulchra,Pulchra Fellini,波可娜·费雷尼,辅助,A,0.87,27909,636,16,5.98,60.0,60.0,6.93,hf_builds,2.6.1/builds.json,https://huggingface.co/datasets/LvlUrArti/ShiyuDataProcessed/resolve/main/2.6.1/builds.json,ok
2.6.2,2026-03-10,sd,式舆防卫,5-2,第5防线 2,2.6.3,式舆防卫 2.6.3,2026-03-06,2026-03-20,pulchra,Pulchra Fellini,波可娜·费雷尼,辅助,A,0.81,29477,416,21,5.98,59.46,58.9,6.75,hf_builds,2.6.2/builds.json,https://huggingface.co/datasets/LvlUrArti/ShiyuDataProcessed/resolve/main/2.6.2/builds.json,ok
2.7.1,2026-03-31,sd,式舆防卫,5-2,第5防线 2,2.6.4,式舆防卫 2.6.4,2026-03-20,2026-04-03,pulchra,Pulchra Fellini,波可娜·费雷尼,辅助,A,0.66,27195,321,14,5.97,60.0,60.0,6.88,hf_builds,2.7.1/builds.json,https://huggingface.co/datasets/LvlUrArti/ShiyuDataProcessed/resolve/main/2.7.1/builds.json,ok
2.7.2,2026-04-21,sd,式舆防卫,5-2,第5防线 2,2.7.2,式舆防卫 2.7.2,2026-04-17,2026-05-01,pulchra,Pulchra Fellini,波可娜·费雷尼,辅助,A,0.44,26694,212,11,5.98,60.0,60.0,6.79,hf_builds,2.7.2/builds.json,https://huggingface.co/datasets/LvlUrArti/ShiyuDataProcessed/resolve/main/2.7.2/builds.json,ok
2.8.1,2026-05-11,sd,式舆防卫,5-2,第5防线 2,2.7.3,式舆防卫 2.7.3,2026-05-01,2026-05-15,pulchra,Pulchra Fellini,波可娜·费雷尼,辅助,A,0.29,26500,271,12,5.98,60.0,60.0,6.95,hf_builds,2.8.1/builds.json,https://huggingface.co/datasets/LvlUrArti/ShiyuDataProcessed/resolve/main/2.8.1/builds.json,ok
2.8.2,2026-06-02,sd,式舆防卫,5-2,第5防线 2,2.8.2,式舆防卫 2.8.2,2026-05-29,2026-06-12,pulchra,Pulchra Fellini,波可娜·费雷尼,辅助,A,0.09,0,233,7,5.94,59.26,57.78,6.63,hf_builds,2.8.2/builds.json,https://huggingface.co/datasets/LvlUrArti/ShiyuDataProcessed/resolve/main/2.8.2/builds.json,ok
3.0.1,2026-06-21,sd,式舆防卫,5-2,第5防线 2,2.8.3,式舆防卫 2.8.3,2026-06-12,2026-06-26,pulchra,Pulchra Fellini,波可娜·费雷尼,辅助,A,1.18,27985,273,14,5.97,60.0,60.0,7.0,hf_builds,3.0.1/builds.json,https://huggingface.co/datasets/LvlUrArti/ShiyuDataProcessed/resolve/main/3.0.1/builds.json,ok
3.0.1,2026-06-21,sd,式舆防卫,5-2,第5防线 2,2.8.3,式舆防卫 2.8.3,2026-06-12,2026-06-26,pyrois,Pyrois,,直伤主C,S,0.04,0,19,12,1.85,59.98,59.83,6.79,hf_builds,3.0.1/builds.json,https://huggingface.co/datasets/LvlUrArti/ShiyuDataProcessed/resolve/main/3.0.1/builds.json,ok
2.6.1,2026-02-17,sd,式舆防卫,5-2,第5防线 2,2.6.1,式舆防卫 2.6.1,2026-02-06,2026-02-20,qingyi,Qingyi,青衣,辅助,S,2.22,27997,714,72,0.47,60.0,59.5,7.0,hf_builds,2.6.1/builds.json,https://huggingface.co/datasets/LvlUrArti/ShiyuDataProcessed/resolve/main/2.6.1/builds.json,ok
2.6.2,2026-03-10,sd,式舆防卫,5-2,第5防线 2,2.6.3,式舆防卫 2.6.3,2026-03-06,2026-03-20,qingyi,Qingyi,青衣,辅助,S,0.48,29551,308,81,0.51,59.98,59.63,6.99,hf_builds,2.6.2/builds.json,https://huggingface.co/datasets/LvlUrArti/ShiyuDataProcessed/resolve/main/2.6.2/builds.json,ok
2.7.1,2026-03-31,sd,式舆防卫,5-2,第5防线 2,2.6.4,式舆防卫 2.6.4,2026-03-20,2026-04-03,qingyi,Qingyi,青衣,辅助,S,0.37,27379,170,39,0.51,60.0,59.96,7.0,hf_builds,2.7.1/builds.json,https://huggingface.co/datasets/LvlUrArti/ShiyuDataProcessed/resolve/main/2.7.1/builds.json,ok
2.7.2,2026-04-21,sd,式舆防卫,5-2,第5防线 2,2.7.2,式舆防卫 2.7.2,2026-04-17,2026-05-01,qingyi,Qingyi,青衣,辅助,S,1.05,29312,234,71,0.59,60.0,59.93,7.0,hf_builds,2.7.2/builds.json,https://huggingface.co/datasets/LvlUrArti/ShiyuDataProcessed/resolve/main/2.7.2/builds.json,ok
2.8.1,2026-05-11,sd,式舆防卫,5-2,第5防线 2,2.7.3,式舆防卫 2.7.3,2026-05-01,2026-05-15,qingyi,Qingyi,青衣,辅助,S,1.27,26692,358,76,0.58,60.0,59.8,7.0,hf_builds,2.8.1/builds.json,https://huggingface.co/datasets/LvlUrArti/ShiyuDataProcessed/resolve/main/2.8.1/builds.json,ok
2.8.2,2026-06-02,sd,式舆防卫,5-2,第5防线 2,2.8.2,式舆防卫 2.8.2,2026-05-29,2026-06-12,qingyi,Qingyi,青衣,辅助,S,0.09,0,192,18,0.55,60.0,60.0,7.0,hf_builds,2.8.2/builds.json,https://huggingface.co/datasets/LvlUrArti/ShiyuDataProcessed/resolve/main/2.8.2/builds.json,ok
3.0.1,2026-06-21,sd,式舆防卫,5-2,第5防线 2,2.8.3,式舆防卫 2.8.3,2026-06-12,2026-06-26,qingyi,Qingyi,青衣,辅助,S,0.33,27638,103,28,0.78,60.0,60.0,6.98,hf_builds,3.0.1/builds.json,https://huggingface.co/datasets/LvlUrArti/ShiyuDataProcessed/resolve/main/3.0.1/builds.json,ok
2.6.1,2026-02-17,sd,式舆防卫,5-2,第5防线 2,2.6.1,式舆防卫 2.6.1,2026-02-06,2026-02-20,rina,Alexandrina Sebastiane,亚历山德丽娜·莎芭丝缇安,辅助,S,2.09,29743,507,21,2.31,60.0,58.9,6.96,hf_builds,2.6.1/builds.json,https://huggingface.co/datasets/LvlUrArti/ShiyuDataProcessed/resolve/main/2.6.1/builds.json,ok
2.6.2,2026-03-10,sd,式舆防卫,5-2,第5防线 2,2.6.3,式舆防卫 2.6.3,2026-03-06,2026-03-20,rina,Alexandrina Sebastiane,亚历山德丽娜·莎芭丝缇安,辅助,S,0.11,0,125,20,2.5,60.0,57.26,6.94,hf_builds,2.6.2/builds.json,https://huggingface.co/datasets/LvlUrArti/ShiyuDataProcessed/resolve/main/2.6.2/builds.json,ok
2.7.1,2026-03-31,sd,式舆防卫,5-2,第5防线 2,2.6.4,式舆防卫 2.6.4,2026-03-20,2026-04-03,rina,Alexandrina Sebastiane,亚历山德丽娜·莎芭丝缇安,辅助,S,0.02,0,49,6,2.4,60.0,60.0,7.0,hf_builds,2.7.1/builds.json,https://huggingface.co/datasets/LvlUrArti/ShiyuDataProcessed/resolve/main/2.7.1/builds.json,ok
2.7.2,2026-04-21,sd,式舆防卫,5-2,第5防线 2,2.7.2,式舆防卫 2.7.2,2026-04-17,2026-05-01,rina,Alexandrina Sebastiane,亚历山德丽娜·莎芭丝缇安,辅助,S,0.48,27808,83,13,2.48,60.0,60.0,6.91,hf_builds,2.7.2/builds.json,https://huggingface.co/datasets/LvlUrArti/ShiyuDataProcessed/resolve/main/2.7.2/builds.json,ok
2.8.1,2026-05-11,sd,式舆防卫,5-2,第5防线 2,2.7.3,式舆防卫 2.7.3,2026-05-01,2026-05-15,rina,Alexandrina Sebastiane,亚历山德丽娜·莎芭丝缇安,辅助,S,0.36,29027,89,11,2.63,60.0,59.42,6.94,hf_builds,2.8.1/builds.json,https://huggingface.co/datasets/LvlUrArti/ShiyuDataProcessed/resolve/main/2.8.1/builds.json,ok
2.8.2,2026-06-02,sd,式舆防卫,5-2,第5防线 2,2.8.2,式舆防卫 2.8.2,2026-05-29,2026-06-12,rina,Alexandrina Sebastiane,亚历山德丽娜·莎芭丝缇安,辅助,S,0.11,0,116,6,2.33,60.0,60.0,7.0,hf_builds,2.8.2/builds.json,https://huggingface.co/datasets/LvlUrArti/ShiyuDataProcessed/resolve/main/2.8.2/builds.json,ok
3.0.1,2026-06-21,sd,式舆防卫,5-2,第5防线 2,2.8.3,式舆防卫 2.8.3,2026-06-12,2026-06-26,rina,Alexandrina Sebastiane,亚历山德丽娜·莎芭丝缇安,辅助,S,0.06,0,40,9,2.87,60.0,60.0,6.93,hf_builds,3.0.1/builds.json,https://huggingface.co/datasets/LvlUrArti/ShiyuDataProcessed/resolve/main/3.0.1/builds.json,ok
2.6.1,2026-02-17,sd,式舆防卫,5-2,第5防线 2,2.6.1,式舆防卫 2.6.1,2026-02-06,2026-02-20,seed,Seed,「席德」,直伤主C,S,15.85,33971,3682,645,0.15,60.0,59.65,7.0,hf_builds,2.6.1/builds.json,https://huggingface.co/datasets/LvlUrArti/ShiyuDataProcessed/resolve/main/2.6.1/builds.json,ok
2.6.2,2026-03-10,sd,式舆防卫,5-2,第5防线 2,2.6.3,式舆防卫 2.6.3,2026-03-06,2026-03-20,seed,Seed,「席德」,直伤主C,S,0.36,31248,2145,962,0.2,59.99,59.78,7.0,hf_builds,2.6.2/builds.json,https://huggingface.co/datasets/LvlUrArti/ShiyuDataProcessed/resolve/main/2.6.2/builds.json,ok
2.7.1,2026-03-31,sd,式舆防卫,5-2,第5防线 2,2.6.4,式舆防卫 2.6.4,2026-03-20,2026-04-03,seed,Seed,「席德」,直伤主C,S,0.13,28425,409,199,0.43,60.0,59.44,7.0,hf_builds,2.7.1/builds.json,https://huggingface.co/datasets/LvlUrArti/ShiyuDataProcessed/resolve/main/2.7.1/builds.json,ok
2.7.2,2026-04-21,sd,式舆防卫,5-2,第5防线 2,2.7.2,式舆防卫 2.7.2,2026-04-17,2026-05-01,seed,Seed,「席德」,直伤主C,S,14.52,33311,2155,881,0.15,60.0,59.86,7.0,hf_builds,2.7.2/builds.json,https://huggingface.co/datasets/LvlUrArti/ShiyuDataProcessed/resolve/main/2.7.2/builds.json,ok
2.8.1,2026-05-11,sd,式舆防卫,5-2,第5防线 2,2.7.3,式舆防卫 2.7.3,2026-05-01,2026-05-15,seed,Seed,「席德」,直伤主C,S,23.45,31063,4206,1235,0.18,60.0,59.87,7.0,hf_builds,2.8.1/builds.json,https://huggingface.co/datasets/LvlUrArti/ShiyuDataProcessed/resolve/main/2.8.1/builds.json,ok
2.8.2,2026-06-02,sd,式舆防卫,5-2,第5防线 2,2.8.2,式舆防卫 2.8.2,2026-05-29,2026-06-12,seed,Seed,「席德」,直伤主C,S,0.09,0,2779,472,0.24,60.0,59.88,7.0,hf_builds,2.8.2/builds.json,https://huggingface.co/datasets/LvlUrArti/ShiyuDataProcessed/resolve/main/2.8.2/builds.json,ok
3.0.1,2026-06-21,sd,式舆防卫,5-2,第5防线 2,2.8.3,式舆防卫 2.8.3,2026-06-12,2026-06-26,seed,Seed,「席德」,直伤主C,S,0.52,28815,1104,477,0.45,60.0,59.69,7.0,hf_builds,3.0.1/builds.json,https://huggingface.co/datasets/LvlUrArti/ShiyuDataProcessed/resolve/main/3.0.1/builds.json,ok
2.6.1,2026-02-17,sd,式舆防卫,5-2,第5防线 2,2.6.1,式舆防卫 2.6.1,2026-02-06,2026-02-20,seth,Seth Lowell,赛斯·洛威尔,辅助,A,0.04,0,20,2,6.0,60.0,60.0,7.0,hf_builds,2.6.1/builds.json,https://huggingface.co/datasets/LvlUrArti/ShiyuDataProcessed/resolve/main/2.6.1/builds.json,ok
2.6.2,2026-03-10,sd,式舆防卫,5-2,第5防线 2,2.6.3,式舆防卫 2.6.3,2026-03-06,2026-03-20,seth,Seth Lowell,赛斯·洛威尔,辅助,A,0.01,0,8,1,5.85,60.0,60.0,7.0,hf_builds,2.6.2/builds.json,https://huggingface.co/datasets/LvlUrArti/ShiyuDataProcessed/resolve/main/2.6.2/builds.json,ok
2.7.1,2026-03-31,sd,式舆防卫,5-2,第5防线 2,2.6.4,式舆防卫 2.6.4,2026-03-20,2026-04-03,seth,Seth Lowell,赛斯·洛威尔,辅助,A,0.01,0,7,3,6.0,60.0,60.0,7.0,hf_builds,2.7.1/builds.json,https://huggingface.co/datasets/LvlUrArti/ShiyuDataProcessed/resolve/main/2.7.1/builds.json,ok
2.7.2,2026-04-21,sd,式舆防卫,5-2,第5防线 2,2.7.2,式舆防卫 2.7.2,2026-04-17,2026-05-01,seth,Seth Lowell,赛斯·洛威尔,辅助,A,0.04,0,6,2,5.88,60.0,60.0,7.0,hf_builds,2.7.2/builds.json,https://huggingface.co/datasets/LvlUrArti/ShiyuDataProcessed/resolve/main/2.7.2/builds.json,ok
2.8.1,2026-05-11,sd,式舆防卫,5-2,第5防线 2,2.7.3,式舆防卫 2.7.3,2026-05-01,2026-05-15,seth,Seth Lowell,赛斯·洛威尔,辅助,A,0.01,0,5,4,6.0,60.0,60.0,7.0,hf_builds,2.8.1/builds.json,https://huggingface.co/datasets/LvlUrArti/ShiyuDataProcessed/resolve/main/2.8.1/builds.json,ok
2.8.2,2026-06-02,sd,式舆防卫,5-2,第5防线 2,2.8.2,式舆防卫 2.8.2,2026-05-29,2026-06-12,seth,Seth Lowell,赛斯·洛威尔,辅助,A,0.0,0,14,1,6.0,60.0,60.0,7.0,hf_builds,2.8.2/builds.json,https://huggingface.co/datasets/LvlUrArti/ShiyuDataProcessed/resolve/main/2.8.2/builds.json,ok
3.0.1,2026-06-21,sd,式舆防卫,5-2,第5防线 2,2.8.3,式舆防卫 2.8.3,2026-06-12,2026-06-26,seth,Seth Lowell,赛斯·洛威尔,辅助,A,0.01,0,2,1,6.0,60.0,60.0,7.0,hf_builds,3.0.1/builds.json,https://huggingface.co/datasets/LvlUrArti/ShiyuDataProcessed/resolve/main/3.0.1/builds.json,ok
2.6.1,2026-02-17,sd,式舆防卫,5-2,第5防线 2,2.6.1,式舆防卫 2.6.1,2026-02-06,2026-02-20,soldier-11,Soldier 11,「11号」,直伤主C,S,0.28,30580,842,188,2.83,60.0,59.23,6.99,hf_builds,2.6.1/builds.json,https://huggingface.co/datasets/LvlUrArti/ShiyuDataProcessed/resolve/main/2.6.1/builds.json,ok
2.6.2,2026-03-10,sd,式舆防卫,5-2,第5防线 2,2.6.3,式舆防卫 2.6.3,2026-03-06,2026-03-20,soldier-11,Soldier 11,「11号」,直伤主C,S,1.24,28836,247,171,3.3,60.0,59.38,7.0,hf_builds,2.6.2/builds.json,https://huggingface.co/datasets/LvlUrArti/ShiyuDataProcessed/resolve/main/2.6.2/builds.json,ok
2.7.1,2026-03-31,sd,式舆防卫,5-2,第5防线 2,2.6.4,式舆防卫 2.6.4,2026-03-20,2026-04-03,soldier-11,Soldier 11,「11号」,直伤主C,S,0.14,29917,199,139,3.5,60.0,60.0,7.0,hf_builds,2.7.1/builds.json,https://huggingface.co/datasets/LvlUrArti/ShiyuDataProcessed/resolve/main/2.7.1/builds.json,ok
2.7.2,2026-04-21,sd,式舆防卫,5-2,第5防线 2,2.7.2,式舆防卫 2.7.2,2026-04-17,2026-05-01,soldier-11,Soldier 11,「11号」,直伤主C,S,0.1,0,88,76,3.44,60.0,58.52,7.0,hf_builds,2.7.2/builds.json,https://huggingface.co/datasets/LvlUrArti/ShiyuDataProcessed/resolve/main/2.7.2/builds.json,ok
2.8.1,2026-05-11,sd,式舆防卫,5-2,第5防线 2,2.7.3,式舆防卫 2.7.3,2026-05-01,2026-05-15,soldier-11,Soldier 11,「11号」,直伤主C,S,0.41,26572,87,50,3.74,60.0,58.43,7.0,hf_builds,2.8.1/builds.json,https://huggingface.co/datasets/LvlUrArti/ShiyuDataProcessed/resolve/main/2.8.1/builds.json,ok
2.8.2,2026-06-02,sd,式舆防卫,5-2,第5防线 2,2.8.2,式舆防卫 2.8.2,2026-05-29,2026-06-12,soldier-11,Soldier 11,「11号」,直伤主C,S,0.06,0,129,28,3.35,60.0,60.0,7.0,hf_builds,2.8.2/builds.json,https://huggingface.co/datasets/LvlUrArti/ShiyuDataProcessed/resolve/main/2.8.2/builds.json,ok
3.0.1,2026-06-21,sd,式舆防卫,5-2,第5防线 2,2.8.3,式舆防卫 2.8.3,2026-06-12,2026-06-26,soldier-11,Soldier 11,「11号」,直伤主C,S,0.12,26546,322,161,3.72,60.0,58.57,7.0,hf_builds,3.0.1/builds.json,https://huggingface.co/datasets/LvlUrArti/ShiyuDataProcessed/resolve/main/3.0.1/builds.json,ok
2.6.1,2026-02-17,sd,式舆防卫,5-2,第5防线 2,2.6.1,式舆防卫 2.6.1,2026-02-06,2026-02-20,soukaku,Soukaku,苍角,辅助,A,4.0,33546,885,21,5.99,60.0,59.19,6.91,hf_builds,2.6.1/builds.json,https://huggingface.co/datasets/LvlUrArti/ShiyuDataProcessed/resolve/main/2.6.1/builds.json,ok
2.6.2,2026-03-10,sd,式舆防卫,5-2,第5防线 2,2.6.3,式舆防卫 2.6.3,2026-03-06,2026-03-20,soukaku,Soukaku,苍角,辅助,A,0.02,0,328,30,5.99,59.53,57.47,6.86,hf_builds,2.6.2/builds.json,https://huggingface.co/datasets/LvlUrArti/ShiyuDataProcessed/resolve/main/2.6.2/builds.json,ok
2.7.1,2026-03-31,sd,式舆防卫,5-2,第5防线 2,2.6.4,式舆防卫 2.6.4,2026-03-20,2026-04-03,soukaku,Soukaku,苍角,辅助,A,0.65,29681,827,36,5.99,59.94,59.4,6.85,hf_builds,2.7.1/builds.json,https://huggingface.co/datasets/LvlUrArti/ShiyuDataProcessed/resolve/main/2.7.1/builds.json,ok
2.7.2,2026-04-21,sd,式舆防卫,5-2,第5防线 2,2.7.2,式舆防卫 2.7.2,2026-04-17,2026-05-01,soukaku,Soukaku,苍角,辅助,A,0.08,0,348,17,6.0,60.0,60.0,6.96,hf_builds,2.7.2/builds.json,https://huggingface.co/datasets/LvlUrArti/ShiyuDataProcessed/resolve/main/2.7.2/builds.json,ok
2.8.1,2026-05-11,sd,式舆防卫,5-2,第5防线 2,2.7.3,式舆防卫 2.7.3,2026-05-01,2026-05-15,soukaku,Soukaku,苍角,辅助,A,0.1,0,362,21,5.99,60.0,60.0,6.97,hf_builds,2.8.1/builds.json,https://huggingface.co/datasets/LvlUrArti/ShiyuDataProcessed/resolve/main/2.8.1/builds.json,ok
2.8.2,2026-06-02,sd,式舆防卫,5-2,第5防线 2,2.8.2,式舆防卫 2.8.2,2026-05-29,2026-06-12,soukaku,Soukaku,苍角,辅助,A,2.79,25739,405,9,5.99,60.0,55.53,7.0,hf_builds,2.8.2/builds.json,https://huggingface.co/datasets/LvlUrArti/ShiyuDataProcessed/resolve/main/2.8.2/builds.json,ok
3.0.1,2026-06-21,sd,式舆防卫,5-2,第5防线 2,2.8.3,式舆防卫 2.8.3,2026-06-12,2026-06-26,soukaku,Soukaku,苍角,辅助,A,0.01,0,455,19,5.99,59.85,51.66,6.97,hf_builds,3.0.1/builds.json,https://huggingface.co/datasets/LvlUrArti/ShiyuDataProcessed/resolve/main/3.0.1/builds.json,ok
2.6.1,2026-02-17,sd,式舆防卫,5-2,第5防线 2,2.6.1,式舆防卫 2.6.1,2026-02-06,2026-02-20,sunna,Sunna,千夏,辅助,S,1.09,32863,6513,916,0.06,59.98,59.5,6.96,hf_builds,2.6.1/builds.json,https://huggingface.co/datasets/LvlUrArti/ShiyuDataProcessed/resolve/main/2.6.1/builds.json,ok
2.6.2,2026-03-10,sd,式舆防卫,5-2,第5防线 2,2.6.3,式舆防卫 2.6.3,2026-03-06,2026-03-20,sunna,Sunna,千夏,辅助,S,21.31,38409,10438,2948,0.09,59.99,59.81,6.99,hf_builds,2.6.2/builds.json,https://huggingface.co/datasets/LvlUrArti/ShiyuDataProcessed/resolve/main/2.6.2/builds.json,ok
2.7.1,2026-03-31,sd,式舆防卫,5-2,第5防线 2,2.6.4,式舆防卫 2.6.4,2026-03-20,2026-04-03,sunna,Sunna,千夏,辅助,S,28.01,31254,12487,3350,0.09,59.99,59.7,6.99,hf_builds,2.7.1/builds.json,https://huggingface.co/datasets/LvlUrArti/ShiyuDataProcessed/resolve/main/2.7.1/builds.json,ok
2.7.2,2026-04-21,sd,式舆防卫,5-2,第5防线 2,2.7.2,式舆防卫 2.7.2,2026-04-17,2026-05-01,sunna,Sunna,千夏,辅助,S,23.91,37508,9130,3047,0.08,59.98,59.79,6.99,hf_builds,2.7.2/builds.json,https://huggingface.co/datasets/LvlUrArti/ShiyuDataProcessed/resolve/main/2.7.2/builds.json,ok
2.8.1,2026-05-11,sd,式舆防卫,5-2,第5防线 2,2.7.3,式舆防卫 2.7.3,2026-05-01,2026-05-15,sunna,Sunna,千夏,辅助,S,15.51,34591,11628,2853,0.08,59.98,59.74,6.99,hf_builds,2.8.1/builds.json,https://huggingface.co/datasets/LvlUrArti/ShiyuDataProcessed/resolve/main/2.8.1/builds.json,ok
2.8.2,2026-06-02,sd,式舆防卫,5-2,第5防线 2,2.8.2,式舆防卫 2.8.2,2026-05-29,2026-06-12,sunna,Sunna,千夏,辅助,S,5.37,29964,7437,1174,0.09,60.0,59.73,6.99,hf_builds,2.8.2/builds.json,https://huggingface.co/datasets/LvlUrArti/ShiyuDataProcessed/resolve/main/2.8.2/builds.json,ok
3.0.1,2026-06-21,sd,式舆防卫,5-2,第5防线 2,2.8.3,式舆防卫 2.8.3,2026-06-12,2026-06-26,sunna,Sunna,千夏,辅助,S,17.31,34944,10841,2319,0.08,60.0,59.42,6.99,hf_builds,3.0.1/builds.json,https://huggingface.co/datasets/LvlUrArti/ShiyuDataProcessed/resolve/main/3.0.1/builds.json,ok
2.6.1,2026-02-17,sd,式舆防卫,5-2,第5防线 2,2.6.1,式舆防卫 2.6.1,2026-02-06,2026-02-20,trigger,Trigger,「扳机」,辅助,S,35.16,34516,8539,1133,0.23,60.0,59.86,7.0,hf_builds,2.6.1/builds.json,https://huggingface.co/datasets/LvlUrArti/ShiyuDataProcessed/resolve/main/2.6.1/builds.json,ok
2.6.2,2026-03-10,sd,式舆防卫,5-2,第5防线 2,2.6.3,式舆防卫 2.6.3,2026-03-06,2026-03-20,trigger,Trigger,「扳机」,辅助,S,2.1,30740,5333,1678,0.25,60.0,59.86,7.0,hf_builds,2.6.2/builds.json,https://huggingface.co/datasets/LvlUrArti/ShiyuDataProcessed/resolve/main/2.6.2/builds.json,ok
2.7.1,2026-03-31,sd,式舆防卫,5-2,第5防线 2,2.6.4,式舆防卫 2.6.4,2026-03-20,2026-04-03,trigger,Trigger,「扳机」,辅助,S,2.34,28687,1990,699,0.38,60.0,59.8,7.0,hf_builds,2.7.1/builds.json,https://huggingface.co/datasets/LvlUrArti/ShiyuDataProcessed/resolve/main/2.7.1/builds.json,ok
2.7.2,2026-04-21,sd,式舆防卫,5-2,第5防线 2,2.7.2,式舆防卫 2.7.2,2026-04-17,2026-05-01,trigger,Trigger,「扳机」,辅助,S,23.18,32257,3693,1225,0.24,60.0,59.87,7.0,hf_builds,2.7.2/builds.json,https://huggingface.co/datasets/LvlUrArti/ShiyuDataProcessed/resolve/main/2.7.2/builds.json,ok
2.8.1,2026-05-11,sd,式舆防卫,5-2,第5防线 2,2.7.3,式舆防卫 2.7.3,2026-05-01,2026-05-15,trigger,Trigger,「扳机」,辅助,S,30.28,29250,5764,1391,0.27,60.0,59.85,7.0,hf_builds,2.8.1/builds.json,https://huggingface.co/datasets/LvlUrArti/ShiyuDataProcessed/resolve/main/2.8.1/builds.json,ok
2.8.2,2026-06-02,sd,式舆防卫,5-2,第5防线 2,2.8.2,式舆防卫 2.8.2,2026-05-29,2026-06-12,trigger,Trigger,「扳机」,辅助,S,0.5,26517,4050,582,0.28,60.0,59.88,7.0,hf_builds,2.8.2/builds.json,https://huggingface.co/datasets/LvlUrArti/ShiyuDataProcessed/resolve/main/2.8.2/builds.json,ok
3.0.1,2026-06-21,sd,式舆防卫,5-2,第5防线 2,2.8.3,式舆防卫 2.8.3,2026-06-12,2026-06-26,trigger,Trigger,「扳机」,辅助,S,2.6,28026,2328,690,0.37,60.0,59.89,7.0,hf_builds,3.0.1/builds.json,https://huggingface.co/datasets/LvlUrArti/ShiyuDataProcessed/resolve/main/3.0.1/builds.json,ok
2.6.1,2026-02-17,sd,式舆防卫,5-2,第5防线 2,2.6.1,式舆防卫 2.6.1,2026-02-06,2026-02-20,ukinami-yuzuha,Ukinami Yuzuha,浮波柚叶,辅助,S,29.42,34842,9153,1598,0.16,59.99,59.58,6.99,hf_builds,2.6.1/builds.json,https://huggingface.co/datasets/LvlUrArti/ShiyuDataProcessed/resolve/main/2.6.1/builds.json,ok
2.6.2,2026-03-10,sd,式舆防卫,5-2,第5防线 2,2.6.3,式舆防卫 2.6.3,2026-03-06,2026-03-20,ukinami-yuzuha,Ukinami Yuzuha,浮波柚叶,辅助,S,9.21,28653,10272,3722,0.26,60.0,59.8,6.99,hf_builds,2.6.2/builds.json,https://huggingface.co/datasets/LvlUrArti/ShiyuDataProcessed/resolve/main/2.6.2/builds.json,ok
2.7.1,2026-03-31,sd,式舆防卫,5-2,第5防线 2,2.6.4,式舆防卫 2.6.4,2026-03-20,2026-04-03,ukinami-yuzuha,Ukinami Yuzuha,浮波柚叶,辅助,S,40.69,30684,13641,3750,0.24,60.0,59.78,7.0,hf_builds,2.7.1/builds.json,https://huggingface.co/datasets/LvlUrArti/ShiyuDataProcessed/resolve/main/2.7.1/builds.json,ok
2.7.2,2026-04-21,sd,式舆防卫,5-2,第5防线 2,2.7.2,式舆防卫 2.7.2,2026-04-17,2026-05-01,ukinami-yuzuha,Ukinami Yuzuha,浮波柚叶,辅助,S,8.13,30388,8180,2794,0.28,60.0,59.85,7.0,hf_builds,2.7.2/builds.json,https://huggingface.co/datasets/LvlUrArti/ShiyuDataProcessed/resolve/main/2.7.2/builds.json,ok
2.8.1,2026-05-11,sd,式舆防卫,5-2,第5防线 2,2.7.3,式舆防卫 2.7.3,2026-05-01,2026-05-15,ukinami-yuzuha,Ukinami Yuzuha,浮波柚叶,辅助,S,6.95,27122,11329,2934,0.23,60.0,59.85,7.0,hf_builds,2.8.1/builds.json,https://huggingface.co/datasets/LvlUrArti/ShiyuDataProcessed/resolve/main/2.8.1/builds.json,ok
2.8.2,2026-06-02,sd,式舆防卫,5-2,第5防线 2,2.8.2,式舆防卫 2.8.2,2026-05-29,2026-06-12,ukinami-yuzuha,Ukinami Yuzuha,浮波柚叶,辅助,S,61.27,31168,10641,1586,0.22,60.0,59.86,7.0,hf_builds,2.8.2/builds.json,https://huggingface.co/datasets/LvlUrArti/ShiyuDataProcessed/resolve/main/2.8.2/builds.json,ok
3.0.1,2026-06-21,sd,式舆防卫,5-2,第5防线 2,2.8.3,式舆防卫 2.8.3,2026-06-12,2026-06-26,ukinami-yuzuha,Ukinami Yuzuha,浮波柚叶,辅助,S,5.0,27450,14829,3253,0.21,60.0,59.88,7.0,hf_builds,3.0.1/builds.json,https://huggingface.co/datasets/LvlUrArti/ShiyuDataProcessed/resolve/main/3.0.1/builds.json,ok
3.0.1,2026-06-21,sd,式舆防卫,5-2,第5防线 2,2.8.3,式舆防卫 2.8.3,2026-06-12,2026-06-26,velina,Velina,维琳娜·艾嘉德,异常主C,S,0.39,28913,2086,677,0.08,59.96,59.65,6.78,hf_builds,3.0.1/builds.json,https://huggingface.co/datasets/LvlUrArti/ShiyuDataProcessed/resolve/main/3.0.1/builds.json,ok
2.6.1,2026-02-17,sd,式舆防卫,5-2,第5防线 2,2.6.1,式舆防卫 2.6.1,2026-02-06,2026-02-20,vivian,Vivian Banshee,薇薇安·班希,异常主C,S,13.99,33107,4273,1303,0.26,60.0,59.78,6.99,hf_builds,2.6.1/builds.json,https://huggingface.co/datasets/LvlUrArti/ShiyuDataProcessed/resolve/main/2.6.1/builds.json,ok
2.6.2,2026-03-10,sd,式舆防卫,5-2,第5防线 2,2.6.3,式舆防卫 2.6.3,2026-03-06,2026-03-20,vivian,Vivian Banshee,薇薇安·班希,异常主C,S,3.58,28927,4041,2435,0.38,60.0,59.53,7.0,hf_builds,2.6.2/builds.json,https://huggingface.co/datasets/LvlUrArti/ShiyuDataProcessed/resolve/main/2.6.2/builds.json,ok
2.7.1,2026-03-31,sd,式舆防卫,5-2,第5防线 2,2.6.4,式舆防卫 2.6.4,2026-03-20,2026-04-03,vivian,Vivian Banshee,薇薇安·班希,异常主C,S,18.92,30287,5809,2574,0.29,60.0,59.65,7.0,hf_builds,2.7.1/builds.json,https://huggingface.co/datasets/LvlUrArti/ShiyuDataProcessed/resolve/main/2.7.1/builds.json,ok
2.7.2,2026-04-21,sd,式舆防卫,5-2,第5防线 2,2.7.2,式舆防卫 2.7.2,2026-04-17,2026-05-01,vivian,Vivian Banshee,薇薇安·班希,异常主C,S,1.15,29300,1783,1205,0.5,60.0,59.88,7.0,hf_builds,2.7.2/builds.json,https://huggingface.co/datasets/LvlUrArti/ShiyuDataProcessed/resolve/main/2.7.2/builds.json,ok
2.8.1,2026-05-11,sd,式舆防卫,5-2,第5防线 2,2.7.3,式舆防卫 2.7.3,2026-05-01,2026-05-15,vivian,Vivian Banshee,薇薇安·班希,异常主C,S,0.75,26390,3777,1709,0.33,60.0,59.81,7.0,hf_builds,2.8.1/builds.json,https://huggingface.co/datasets/LvlUrArti/ShiyuDataProcessed/resolve/main/2.8.1/builds.json,ok
2.8.2,2026-06-02,sd,式舆防卫,5-2,第5防线 2,2.8.2,式舆防卫 2.8.2,2026-05-29,2026-06-12,vivian,Vivian Banshee,薇薇安·班希,异常主C,S,20.9,29187,3397,861,0.28,59.99,59.8,7.0,hf_builds,2.8.2/builds.json,https://huggingface.co/datasets/LvlUrArti/ShiyuDataProcessed/resolve/main/2.8.2/builds.json,ok
3.0.1,2026-06-21,sd,式舆防卫,5-2,第5防线 2,2.8.3,式舆防卫 2.8.3,2026-06-12,2026-06-26,vivian,Vivian Banshee,薇薇安·班希,异常主C,S,1.89,26817,3992,1563,0.41,60.0,59.58,7.0,hf_builds,3.0.1/builds.json,https://huggingface.co/datasets/LvlUrArti/ShiyuDataProcessed/resolve/main/3.0.1/builds.json,ok
2.6.1,2026-02-17,sd,式舆防卫,5-2,第5防线 2,2.6.1,式舆防卫 2.6.1,2026-02-06,2026-02-20,yanagi,Tsukishiro Yanagi,月城 柳,异常主C,S,23.97,34922,5385,972,0.18,60.0,59.97,7.0,hf_builds,2.6.1/builds.json,https://huggingface.co/datasets/LvlUrArti/ShiyuDataProcessed/resolve/main/2.6.1/builds.json,ok
2.6.2,2026-03-10,sd,式舆防卫,5-2,第5防线 2,2.6.3,式舆防卫 2.6.3,2026-03-06,2026-03-20,yanagi,Tsukishiro Yanagi,月城 柳,异常主C,S,0.38,28256,1860,877,0.33,60.0,59.73,7.0,hf_builds,2.6.2/builds.json,https://huggingface.co/datasets/LvlUrArti/ShiyuDataProcessed/resolve/main/2.6.2/builds.json,ok
2.7.1,2026-03-31,sd,式舆防卫,5-2,第5防线 2,2.6.4,式舆防卫 2.6.4,2026-03-20,2026-04-03,yanagi,Tsukishiro Yanagi,月城 柳,异常主C,S,1.09,28206,1071,381,0.27,60.0,59.8,7.0,hf_builds,2.7.1/builds.json,https://huggingface.co/datasets/LvlUrArti/ShiyuDataProcessed/resolve/main/2.7.1/builds.json,ok
2.7.2,2026-04-21,sd,式舆防卫,5-2,第5防线 2,2.7.2,式舆防卫 2.7.2,2026-04-17,2026-05-01,yanagi,Tsukishiro Yanagi,月城 柳,异常主C,S,5.56,30561,1167,513,0.33,60.0,59.88,7.0,hf_builds,2.7.2/builds.json,https://huggingface.co/datasets/LvlUrArti/ShiyuDataProcessed/resolve/main/2.7.2/builds.json,ok
2.8.1,2026-05-11,sd,式舆防卫,5-2,第5防线 2,2.7.3,式舆防卫 2.7.3,2026-05-01,2026-05-15,yanagi,Tsukishiro Yanagi,月城 柳,异常主C,S,5.19,27167,1335,502,0.36,60.0,59.94,7.0,hf_builds,2.8.1/builds.json,https://huggingface.co/datasets/LvlUrArti/ShiyuDataProcessed/resolve/main/2.8.1/builds.json,ok
2.8.2,2026-06-02,sd,式舆防卫,5-2,第5防线 2,2.8.2,式舆防卫 2.8.2,2026-05-29,2026-06-12,yanagi,Tsukishiro Yanagi,月城 柳,异常主C,S,4.06,26578,1586,268,0.26,60.0,59.74,7.0,hf_builds,2.8.2/builds.json,https://huggingface.co/datasets/LvlUrArti/ShiyuDataProcessed/resolve/main/2.8.2/builds.json,ok
3.0.1,2026-06-21,sd,式舆防卫,5-2,第5防线 2,2.8.3,式舆防卫 2.8.3,2026-06-12,2026-06-26,yanagi,Tsukishiro Yanagi,月城 柳,异常主C,S,0.13,0,1191,352,0.33,60.0,59.42,6.99,hf_builds,3.0.1/builds.json,https://huggingface.co/datasets/LvlUrArti/ShiyuDataProcessed/resolve/main/3.0.1/builds.json,ok
2.6.1,2026-02-17,sd,式舆防卫,5-2,第5防线 2,2.6.1,式舆防卫 2.6.1,2026-02-06,2026-02-20,ye-shunguang,Ye Shunguang,叶瞬光,直伤主C,S,0.82,36313,17624,6228,0.64,60.0,59.92,7.0,hf_builds,2.6.1/builds.json,https://huggingface.co/datasets/LvlUrArti/ShiyuDataProcessed/resolve/main/2.6.1/builds.json,ok
2.6.2,2026-03-10,sd,式舆防卫,5-2,第5防线 2,2.6.3,式舆防卫 2.6.3,2026-03-06,2026-03-20,ye-shunguang,Ye Shunguang,叶瞬光,直伤主C,S,45.06,37404,13553,11069,0.6,60.0,59.96,7.0,hf_builds,2.6.2/builds.json,https://huggingface.co/datasets/LvlUrArti/ShiyuDataProcessed/resolve/main/2.6.2/builds.json,ok
2.7.1,2026-03-31,sd,式舆防卫,5-2,第5防线 2,2.6.4,式舆防卫 2.6.4,2026-03-20,2026-04-03,ye-shunguang,Ye Shunguang,叶瞬光,直伤主C,S,0.97,33256,17246,10627,0.72,60.0,59.92,7.0,hf_builds,2.7.1/builds.json,https://huggingface.co/datasets/LvlUrArti/ShiyuDataProcessed/resolve/main/2.7.1/builds.json,ok
2.7.2,2026-04-21,sd,式舆防卫,5-2,第5防线 2,2.7.2,式舆防卫 2.7.2,2026-04-17,2026-05-01,ye-shunguang,Ye Shunguang,叶瞬光,直伤主C,S,52.98,35112,10223,8425,0.68,60.0,59.96,7.0,hf_builds,2.7.2/builds.json,https://huggingface.co/datasets/LvlUrArti/ShiyuDataProcessed/resolve/main/2.7.2/builds.json,ok
2.8.1,2026-05-11,sd,式舆防卫,5-2,第5防线 2,2.7.3,式舆防卫 2.7.3,2026-05-01,2026-05-15,ye-shunguang,Ye Shunguang,叶瞬光,直伤主C,S,28.02,32935,14651,9023,0.74,60.0,59.94,7.0,hf_builds,2.8.1/builds.json,https://huggingface.co/datasets/LvlUrArti/ShiyuDataProcessed/resolve/main/2.8.1/builds.json,ok
2.8.2,2026-06-02,sd,式舆防卫,5-2,第5防线 2,2.8.2,式舆防卫 2.8.2,2026-05-29,2026-06-12,ye-shunguang,Ye Shunguang,叶瞬光,直伤主C,S,0.34,31041,10793,4473,0.71,60.0,59.97,7.0,hf_builds,2.8.2/builds.json,https://huggingface.co/datasets/LvlUrArti/ShiyuDataProcessed/resolve/main/2.8.2/builds.json,ok
3.0.1,2026-06-21,sd,式舆防卫,5-2,第5防线 2,2.8.3,式舆防卫 2.8.3,2026-06-12,2026-06-26,ye-shunguang,Ye Shunguang,叶瞬光,直伤主C,S,29.02,34191,15800,9263,0.71,60.0,59.93,7.0,hf_builds,3.0.1/builds.json,https://huggingface.co/datasets/LvlUrArti/ShiyuDataProcessed/resolve/main/3.0.1/builds.json,ok
2.6.1,2026-02-17,sd,式舆防卫,5-2,第5防线 2,2.6.1,式舆防卫 2.6.1,2026-02-06,2026-02-20,yidhari,Yidhari,伊德海莉·墨菲,直伤主C,S,0.73,31814,179,63,0.75,60.0,59.86,7.0,hf_builds,2.6.1/builds.json,https://huggingface.co/datasets/LvlUrArti/ShiyuDataProcessed/resolve/main/2.6.1/builds.json,ok
2.6.2,2026-03-10,sd,式舆防卫,5-2,第5防线 2,2.6.3,式舆防卫 2.6.3,2026-03-06,2026-03-20,yidhari,Yidhari,伊德海莉·墨菲,直伤主C,S,0.5,29356,148,124,0.22,60.0,59.4,7.0,hf_builds,2.6.2/builds.json,https://huggingface.co/datasets/LvlUrArti/ShiyuDataProcessed/resolve/main/2.6.2/builds.json,ok
2.7.1,2026-03-31,sd,式舆防卫,5-2,第5防线 2,2.6.4,式舆防卫 2.6.4,2026-03-20,2026-04-03,yidhari,Yidhari,伊德海莉·墨菲,直伤主C,S,0.04,0,1852,837,0.31,60.0,59.32,7.0,hf_builds,2.7.1/builds.json,https://huggingface.co/datasets/LvlUrArti/ShiyuDataProcessed/resolve/main/2.7.1/builds.json,ok
2.7.2,2026-04-21,sd,式舆防卫,5-2,第5防线 2,2.7.2,式舆防卫 2.7.2,2026-04-17,2026-05-01,yidhari,Yidhari,伊德海莉·墨菲,直伤主C,S,0.01,0,1290,714,0.41,60.0,59.86,7.0,hf_builds,2.7.2/builds.json,https://huggingface.co/datasets/LvlUrArti/ShiyuDataProcessed/resolve/main/2.7.2/builds.json,ok
2.8.1,2026-05-11,sd,式舆防卫,5-2,第5防线 2,2.7.3,式舆防卫 2.7.3,2026-05-01,2026-05-15,yidhari,Yidhari,伊德海莉·墨菲,直伤主C,S,0.06,0,156,118,0.36,60.0,59.82,7.0,hf_builds,2.8.1/builds.json,https://huggingface.co/datasets/LvlUrArti/ShiyuDataProcessed/resolve/main/2.8.1/builds.json,ok
2.8.2,2026-06-02,sd,式舆防卫,5-2,第5防线 2,2.8.2,式舆防卫 2.8.2,2026-05-29,2026-06-12,yidhari,Yidhari,伊德海莉·墨菲,直伤主C,S,1.78,26159,432,141,0.45,60.0,59.39,7.0,hf_builds,2.8.2/builds.json,https://huggingface.co/datasets/LvlUrArti/ShiyuDataProcessed/resolve/main/2.8.2/builds.json,ok
3.0.1,2026-06-21,sd,式舆防卫,5-2,第5防线 2,2.8.3,式舆防卫 2.8.3,2026-06-12,2026-06-26,yidhari,Yidhari,伊德海莉·墨菲,直伤主C,S,0.22,27517,359,212,0.56,60.0,59.88,7.0,hf_builds,3.0.1/builds.json,https://huggingface.co/datasets/LvlUrArti/ShiyuDataProcessed/resolve/main/3.0.1/builds.json,ok
2.6.1,2026-02-17,sd,式舆防卫,5-2,第5防线 2,2.6.1,式舆防卫 2.6.1,2026-02-06,2026-02-20,yixuan,Yixuan,仪玄,直伤主C,S,3.45,32428,13007,4738,0.49,60.0,59.91,7.0,hf_builds,2.6.1/builds.json,https://huggingface.co/datasets/LvlUrArti/ShiyuDataProcessed/resolve/main/2.6.1/builds.json,ok
2.6.2,2026-03-10,sd,式舆防卫,5-2,第5防线 2,2.6.3,式舆防卫 2.6.3,2026-03-06,2026-03-20,yixuan,Yixuan,仪玄,直伤主C,S,23.51,33403,10623,8872,0.65,60.0,59.87,7.0,hf_builds,2.6.2/builds.json,https://huggingface.co/datasets/LvlUrArti/ShiyuDataProcessed/resolve/main/2.6.2/builds.json,ok
2.7.1,2026-03-31,sd,式舆防卫,5-2,第5防线 2,2.6.4,式舆防卫 2.6.4,2026-03-20,2026-04-03,yixuan,Yixuan,仪玄,直伤主C,S,32.82,30315,12679,8352,0.57,60.0,59.9,7.0,hf_builds,2.7.1/builds.json,https://huggingface.co/datasets/LvlUrArti/ShiyuDataProcessed/resolve/main/2.7.1/builds.json,ok
2.7.2,2026-04-21,sd,式舆防卫,5-2,第5防线 2,2.7.2,式舆防卫 2.7.2,2026-04-17,2026-05-01,yixuan,Yixuan,仪玄,直伤主C,S,0.07,0,9450,7636,0.73,60.0,59.94,7.0,hf_builds,2.7.2/builds.json,https://huggingface.co/datasets/LvlUrArti/ShiyuDataProcessed/resolve/main/2.7.2/builds.json,ok
2.8.1,2026-05-11,sd,式舆防卫,5-2,第5防线 2,2.7.3,式舆防卫 2.7.3,2026-05-01,2026-05-15,yixuan,Yixuan,仪玄,直伤主C,S,0.88,26493,8934,5914,0.7,60.0,59.94,7.0,hf_builds,2.8.1/builds.json,https://huggingface.co/datasets/LvlUrArti/ShiyuDataProcessed/resolve/main/2.8.1/builds.json,ok
2.8.2,2026-06-02,sd,式舆防卫,5-2,第5防线 2,2.8.2,式舆防卫 2.8.2,2026-05-29,2026-06-12,yixuan,Yixuan,仪玄,直伤主C,S,4.87,25189,3084,1422,0.92,60.0,59.72,7.0,hf_builds,2.8.2/builds.json,https://huggingface.co/datasets/LvlUrArti/ShiyuDataProcessed/resolve/main/2.8.2/builds.json,ok
3.0.1,2026-06-21,sd,式舆防卫,5-2,第5防线 2,2.8.3,式舆防卫 2.8.3,2026-06-12,2026-06-26,yixuan,Yixuan,仪玄,直伤主C,S,37.91,29190,7676,5297,0.74,60.0,59.89,7.0,hf_builds,3.0.1/builds.json,https://huggingface.co/datasets/LvlUrArti/ShiyuDataProcessed/resolve/main/3.0.1/builds.json,ok
2.6.1,2026-02-17,sd,式舆防卫,5-2,第5防线 2,2.6.1,式舆防卫 2.6.1,2026-02-06,2026-02-20,zhao,Zhao,照,辅助,S,1.58,34367,16521,710,0.04,59.99,59.26,6.91,hf_builds,2.6.1/builds.json,https://huggingface.co/datasets/LvlUrArti/ShiyuDataProcessed/resolve/main/2.6.1/builds.json,ok
2.6.2,2026-03-10,sd,式舆防卫,5-2,第5防线 2,2.6.3,式舆防卫 2.6.3,2026-03-06,2026-03-20,zhao,Zhao,照,辅助,S,40.78,37195,12823,1112,0.04,59.99,59.57,6.94,hf_builds,2.6.2/builds.json,https://huggingface.co/datasets/LvlUrArti/ShiyuDataProcessed/resolve/main/2.6.2/builds.json,ok
2.7.1,2026-03-31,sd,式舆防卫,5-2,第5防线 2,2.6.4,式舆防卫 2.6.4,2026-03-20,2026-04-03,zhao,Zhao,照,辅助,S,1.63,31272,16126,965,0.05,60.0,59.48,6.95,hf_builds,2.7.1/builds.json,https://huggingface.co/datasets/LvlUrArti/ShiyuDataProcessed/resolve/main/2.7.1/builds.json,ok
2.7.2,2026-04-21,sd,式舆防卫,5-2,第5防线 2,2.7.2,式舆防卫 2.7.2,2026-04-17,2026-05-01,zhao,Zhao,照,辅助,S,48.72,35103,9644,723,0.04,60.0,59.57,6.97,hf_builds,2.7.2/builds.json,https://huggingface.co/datasets/LvlUrArti/ShiyuDataProcessed/resolve/main/2.7.2/builds.json,ok
2.8.1,2026-05-11,sd,式舆防卫,5-2,第5防线 2,2.7.3,式舆防卫 2.7.3,2026-05-01,2026-05-15,zhao,Zhao,照,辅助,S,26.52,32894,13346,730,0.04,59.99,59.41,6.98,hf_builds,2.8.1/builds.json,https://huggingface.co/datasets/LvlUrArti/ShiyuDataProcessed/resolve/main/2.8.1/builds.json,ok
2.8.2,2026-06-02,sd,式舆防卫,5-2,第5防线 2,2.8.2,式舆防卫 2.8.2,2026-05-29,2026-06-12,zhao,Zhao,照,辅助,S,1.16,27158,9413,321,0.04,59.99,59.68,6.98,hf_builds,2.8.2/builds.json,https://huggingface.co/datasets/LvlUrArti/ShiyuDataProcessed/resolve/main/2.8.2/builds.json,ok
3.0.1,2026-06-21,sd,式舆防卫,5-2,第5防线 2,2.8.3,式舆防卫 2.8.3,2026-06-12,2026-06-26,zhao,Zhao,照,辅助,S,24.87,33979,14138,617,0.04,60.0,59.62,6.97,hf_builds,3.0.1/builds.json,https://huggingface.co/datasets/LvlUrArti/ShiyuDataProcessed/resolve/main/3.0.1/builds.json,ok
2.6.1,2026-02-17,sd,式舆防卫,5-2,第5防线 2,2.6.1,式舆防卫 2.6.1,2026-02-06,2026-02-20,zhu-yuan,Zhu Yuan,朱鸢,直伤主C,S,0.16,29758,71,24,0.82,60.0,57.08,7.0,hf_builds,2.6.1/builds.json,https://huggingface.co/datasets/LvlUrArti/ShiyuDataProcessed/resolve/main/2.6.1/builds.json,ok
2.6.2,2026-03-10,sd,式舆防卫,5-2,第5防线 2,2.6.3,式舆防卫 2.6.3,2026-03-06,2026-03-20,zhu-yuan,Zhu Yuan,朱鸢,直伤主C,S,0.0,0,91,70,0.62,60.0,60.0,7.0,hf_builds,2.6.2/builds.json,https://huggingface.co/datasets/LvlUrArti/ShiyuDataProcessed/resolve/main/2.6.2/builds.json,ok
2.7.1,2026-03-31,sd,式舆防卫,5-2,第5防线 2,2.6.4,式舆防卫 2.6.4,2026-03-20,2026-04-03,zhu-yuan,Zhu Yuan,朱鸢,直伤主C,S,0.45,27384,90,59,0.83,60.0,58.8,7.0,hf_builds,2.7.1/builds.json,https://huggingface.co/datasets/LvlUrArti/ShiyuDataProcessed/resolve/main/2.7.1/builds.json,ok
2.7.2,2026-04-21,sd,式舆防卫,5-2,第5防线 2,2.7.2,式舆防卫 2.7.2,2026-04-17,2026-05-01,zhu-yuan,Zhu Yuan,朱鸢,直伤主C,S,0.01,0,60,49,0.92,60.0,59.23,7.0,hf_builds,2.7.2/builds.json,https://huggingface.co/datasets/LvlUrArti/ShiyuDataProcessed/resolve/main/2.7.2/builds.json,ok
2.8.1,2026-05-11,sd,式舆防卫,5-2,第5防线 2,2.7.3,式舆防卫 2.7.3,2026-05-01,2026-05-15,zhu-yuan,Zhu Yuan,朱鸢,直伤主C,S,0.01,0,52,31,1.1,60.0,55.76,7.0,hf_builds,2.8.1/builds.json,https://huggingface.co/datasets/LvlUrArti/ShiyuDataProcessed/resolve/main/2.8.1/builds.json,ok
2.8.2,2026-06-02,sd,式舆防卫,5-2,第5防线 2,2.8.2,式舆防卫 2.8.2,2026-05-29,2026-06-12,zhu-yuan,Zhu Yuan,朱鸢,直伤主C,S,0.03,0,9,2,0.76,60.0,60.0,6.74,hf_builds,2.8.2/builds.json,https://huggingface.co/datasets/LvlUrArti/ShiyuDataProcessed/resolve/main/2.8.2/builds.json,ok
3.0.1,2026-06-21,sd,式舆防卫,5-2,第5防线 2,2.8.3,式舆防卫 2.8.3,2026-06-12,2026-06-26,zhu-yuan,Zhu Yuan,朱鸢,直伤主C,S,0.01,0,2,4,0.98,60.0,60.0,7.0,hf_builds,3.0.1/builds.json,https://huggingface.co/datasets/LvlUrArti/ShiyuDataProcessed/resolve/main/3.0.1/builds.json,ok
2.6.1,2026-02-17,sd,式舆防卫,5-3,第5防线 3,2.6.1,式舆防卫 2.6.1,2026-02-06,2026-02-20,alice,Alice Thymefield,爱丽丝·泰姆菲尔德,异常主C,S,2.5,29824,1950,611,0.46,59.99,59.88,6.99,hf_builds,2.6.1/builds.json,https://huggingface.co/datasets/LvlUrArti/ShiyuDataProcessed/resolve/main/2.6.1/builds.json,ok
2.6.2,2026-03-10,sd,式舆防卫,5-3,第5防线 3,2.6.3,式舆防卫 2.6.3,2026-03-06,2026-03-20,alice,Alice Thymefield,爱丽丝·泰姆菲尔德,异常主C,S,4.35,32846,2610,1611,0.45,60.0,59.84,7.0,hf_builds,2.6.2/builds.json,https://huggingface.co/datasets/LvlUrArti/ShiyuDataProcessed/resolve/main/2.6.2/builds.json,ok
2.7.1,2026-03-31,sd,式舆防卫,5-3,第5防线 3,2.6.4,式舆防卫 2.6.4,2026-03-20,2026-04-03,alice,Alice Thymefield,爱丽丝·泰姆菲尔德,异常主C,S,1.22,27802,2241,1224,0.55,60.0,59.82,7.0,hf_builds,2.7.1/builds.json,https://huggingface.co/datasets/LvlUrArti/ShiyuDataProcessed/resolve/main/2.7.1/builds.json,ok
2.7.2,2026-04-21,sd,式舆防卫,5-3,第5防线 3,2.7.2,式舆防卫 2.7.2,2026-04-17,2026-05-01,alice,Alice Thymefield,爱丽丝·泰姆菲尔德,异常主C,S,0.82,27565,1008,706,0.56,60.0,59.96,7.0,hf_builds,2.7.2/builds.json,https://huggingface.co/datasets/LvlUrArti/ShiyuDataProcessed/resolve/main/2.7.2/builds.json,ok
2.8.1,2026-05-11,sd,式舆防卫,5-3,第5防线 3,2.7.3,式舆防卫 2.7.3,2026-05-01,2026-05-15,alice,Alice Thymefield,爱丽丝·泰姆菲尔德,异常主C,S,2.65,32702,1180,699,0.69,59.99,59.84,7.0,hf_builds,2.8.1/builds.json,https://huggingface.co/datasets/LvlUrArti/ShiyuDataProcessed/resolve/main/2.8.1/builds.json,ok
2.8.2,2026-06-02,sd,式舆防卫,5-3,第5防线 3,2.8.2,式舆防卫 2.8.2,2026-05-29,2026-06-12,alice,Alice Thymefield,爱丽丝·泰姆菲尔德,异常主C,S,5.84,26170,1451,409,0.49,60.0,59.86,7.0,hf_builds,2.8.2/builds.json,https://huggingface.co/datasets/LvlUrArti/ShiyuDataProcessed/resolve/main/2.8.2/builds.json,ok
3.0.1,2026-06-21,sd,式舆防卫,5-3,第5防线 3,2.8.3,式舆防卫 2.8.3,2026-06-12,2026-06-26,alice,Alice Thymefield,爱丽丝·泰姆菲尔德,异常主C,S,3.46,28549,1441,712,0.57,60.0,59.72,7.0,hf_builds,3.0.1/builds.json,https://huggingface.co/datasets/LvlUrArti/ShiyuDataProcessed/resolve/main/3.0.1/builds.json,ok
2.6.1,2026-02-17,sd,式舆防卫,5-3,第5防线 3,2.6.1,式舆防卫 2.6.1,2026-02-06,2026-02-20,anby-demara,Anby Demara,安比·德玛拉,辅助,A,0.01,0,15,1,5.85,60.0,60.0,7.0,hf_builds,2.6.1/builds.json,https://huggingface.co/datasets/LvlUrArti/ShiyuDataProcessed/resolve/main/2.6.1/builds.json,ok
2.6.2,2026-03-10,sd,式舆防卫,5-3,第5防线 3,2.6.3,式舆防卫 2.6.3,2026-03-06,2026-03-20,anby-demara,Anby Demara,安比·德玛拉,辅助,A,0.01,0,8,4,5.88,60.0,60.0,7.0,hf_builds,2.6.2/builds.json,https://huggingface.co/datasets/LvlUrArti/ShiyuDataProcessed/resolve/main/2.6.2/builds.json,ok
2.7.1,2026-03-31,sd,式舆防卫,5-3,第5防线 3,2.6.4,式舆防卫 2.6.4,2026-03-20,2026-04-03,anby-demara,Anby Demara,安比·德玛拉,辅助,A,0.0,0,5,2,5.54,60.0,60.0,7.0,hf_builds,2.7.1/builds.json,https://huggingface.co/datasets/LvlUrArti/ShiyuDataProcessed/resolve/main/2.7.1/builds.json,ok
2.7.2,2026-04-21,sd,式舆防卫,5-3,第5防线 3,2.7.2,式舆防卫 2.7.2,2026-04-17,2026-05-01,anby-demara,Anby Demara,安比·德玛拉,辅助,A,0.0,0,8,3,5.69,60.0,60.0,7.0,hf_builds,2.7.2/builds.json,https://huggingface.co/datasets/LvlUrArti/ShiyuDataProcessed/resolve/main/2.7.2/builds.json,ok
2.8.1,2026-05-11,sd,式舆防卫,5-3,第5防线 3,2.7.3,式舆防卫 2.7.3,2026-05-01,2026-05-15,anby-demara,Anby Demara,安比·德玛拉,辅助,A,0.0,0,8,1,6.0,60.0,60.0,7.0,hf_builds,2.8.1/builds.json,https://huggingface.co/datasets/LvlUrArti/ShiyuDataProcessed/resolve/main/2.8.1/builds.json,ok
2.8.2,2026-06-02,sd,式舆防卫,5-3,第5防线 3,2.8.2,式舆防卫 2.8.2,2026-05-29,2026-06-12,anby-demara,Anby Demara,安比·德玛拉,辅助,A,0.07,0,14,0,5.6,0.0,0.0,0.0,hf_builds,2.8.2/builds.json,https://huggingface.co/datasets/LvlUrArti/ShiyuDataProcessed/resolve/main/2.8.2/builds.json,ok
3.0.1,2026-06-21,sd,式舆防卫,5-3,第5防线 3,2.8.3,式舆防卫 2.8.3,2026-06-12,2026-06-26,anby-demara,Anby Demara,安比·德玛拉,辅助,A,0.01,0,5,2,6.0,60.0,60.0,7.0,hf_builds,3.0.1/builds.json,https://huggingface.co/datasets/LvlUrArti/ShiyuDataProcessed/resolve/main/3.0.1/builds.json,ok
2.6.1,2026-02-17,sd,式舆防卫,5-3,第5防线 3,2.6.1,式舆防卫 2.6.1,2026-02-06,2026-02-20,anby-demara-soldier-0,Soldier 0 - Anby,零号·安比,直伤主C,S,0.52,32710,6990,1668,0.31,59.99,59.73,7.0,hf_builds,2.6.1/builds.json,https://huggingface.co/datasets/LvlUrArti/ShiyuDataProcessed/resolve/main/2.6.1/builds.json,ok
2.6.2,2026-03-10,sd,式舆防卫,5-3,第5防线 3,2.6.3,式舆防卫 2.6.3,2026-03-06,2026-03-20,anby-demara-soldier-0,Soldier 0 - Anby,零号·安比,直伤主C,S,0.03,0,4384,2542,0.35,59.99,59.86,7.0,hf_builds,2.6.2/builds.json,https://huggingface.co/datasets/LvlUrArti/ShiyuDataProcessed/resolve/main/2.6.2/builds.json,ok
2.7.1,2026-03-31,sd,式舆防卫,5-3,第5防线 3,2.6.4,式舆防卫 2.6.4,2026-03-20,2026-04-03,anby-demara-soldier-0,Soldier 0 - Anby,零号·安比,直伤主C,S,0.36,28391,571,462,1.03,60.0,59.93,7.0,hf_builds,2.7.1/builds.json,https://huggingface.co/datasets/LvlUrArti/ShiyuDataProcessed/resolve/main/2.7.1/builds.json,ok
2.7.2,2026-04-21,sd,式舆防卫,5-3,第5防线 3,2.7.2,式舆防卫 2.7.2,2026-04-17,2026-05-01,anby-demara-soldier-0,Soldier 0 - Anby,零号·安比,直伤主C,S,0.07,0,2641,1626,0.35,60.0,59.72,7.0,hf_builds,2.7.2/builds.json,https://huggingface.co/datasets/LvlUrArti/ShiyuDataProcessed/resolve/main/2.7.2/builds.json,ok
2.8.1,2026-05-11,sd,式舆防卫,5-3,第5防线 3,2.7.3,式舆防卫 2.7.3,2026-05-01,2026-05-15,anby-demara-soldier-0,Soldier 0 - Anby,零号·安比,直伤主C,S,0.01,0,4655,2088,0.38,59.99,59.74,7.0,hf_builds,2.8.1/builds.json,https://huggingface.co/datasets/LvlUrArti/ShiyuDataProcessed/resolve/main/2.8.1/builds.json,ok
2.8.2,2026-06-02,sd,式舆防卫,5-3,第5防线 3,2.8.2,式舆防卫 2.8.2,2026-05-29,2026-06-12,anby-demara-soldier-0,Soldier 0 - Anby,零号·安比,直伤主C,S,23.48,26444,3289,893,0.4,60.0,59.88,7.0,hf_builds,2.8.2/builds.json,https://huggingface.co/datasets/LvlUrArti/ShiyuDataProcessed/resolve/main/2.8.2/builds.json,ok
3.0.1,2026-06-21,sd,式舆防卫,5-3,第5防线 3,2.8.3,式舆防卫 2.8.3,2026-06-12,2026-06-26,anby-demara-soldier-0,Soldier 0 - Anby,零号·安比,直伤主C,S,6.5,29647,1289,743,0.74,60.0,59.8,7.0,hf_builds,3.0.1/builds.json,https://huggingface.co/datasets/LvlUrArti/ShiyuDataProcessed/resolve/main/3.0.1/builds.json,ok
2.6.1,2026-02-17,sd,式舆防卫,5-3,第5防线 3,2.6.1,式舆防卫 2.6.1,2026-02-06,2026-02-20,anton,Anton Ivanov,安东·伊万诺夫,直伤主C,A,0.0,0,20,10,6.0,60.0,60.0,7.0,hf_builds,2.6.1/builds.json,https://huggingface.co/datasets/LvlUrArti/ShiyuDataProcessed/resolve/main/2.6.1/builds.json,ok
2.6.2,2026-03-10,sd,式舆防卫,5-3,第5防线 3,2.6.3,式舆防卫 2.6.3,2026-03-06,2026-03-20,anton,Anton Ivanov,安东·伊万诺夫,直伤主C,A,0.0,0,5,9,6.0,60.0,60.0,7.0,hf_builds,2.6.2/builds.json,https://huggingface.co/datasets/LvlUrArti/ShiyuDataProcessed/resolve/main/2.6.2/builds.json,ok
2.7.1,2026-03-31,sd,式舆防卫,5-3,第5防线 3,2.6.4,式舆防卫 2.6.4,2026-03-20,2026-04-03,anton,Anton Ivanov,安东·伊万诺夫,直伤主C,A,0.0,0,1,3,0.0,0.0,0.0,0.0,hf_builds,2.7.1/builds.json,https://huggingface.co/datasets/LvlUrArti/ShiyuDataProcessed/resolve/main/2.7.1/builds.json,ok
2.7.2,2026-04-21,sd,式舆防卫,5-3,第5防线 3,2.7.2,式舆防卫 2.7.2,2026-04-17,2026-05-01,anton,Anton Ivanov,安东·伊万诺夫,直伤主C,A,0.0,0,5,4,6.0,60.0,60.0,7.0,hf_builds,2.7.2/builds.json,https://huggingface.co/datasets/LvlUrArti/ShiyuDataProcessed/resolve/main/2.7.2/builds.json,ok
2.8.1,2026-05-11,sd,式舆防卫,5-3,第5防线 3,2.7.3,式舆防卫 2.7.3,2026-05-01,2026-05-15,anton,Anton Ivanov,安东·伊万诺夫,直伤主C,A,0.0,0,8,7,6.0,60.0,60.0,6.94,hf_builds,2.8.1/builds.json,https://huggingface.co/datasets/LvlUrArti/ShiyuDataProcessed/resolve/main/2.8.1/builds.json,ok
2.8.2,2026-06-02,sd,式舆防卫,5-3,第5防线 3,2.8.2,式舆防卫 2.8.2,2026-05-29,2026-06-12,anton,Anton Ivanov,安东·伊万诺夫,直伤主C,A,0.04,0,6,1,6.0,60.0,60.0,7.0,hf_builds,2.8.2/builds.json,https://huggingface.co/datasets/LvlUrArti/ShiyuDataProcessed/resolve/main/2.8.2/builds.json,ok
3.0.1,2026-06-21,sd,式舆防卫,5-3,第5防线 3,2.8.3,式舆防卫 2.8.3,2026-06-12,2026-06-26,anton,Anton Ivanov,安东·伊万诺夫,直伤主C,A,0.02,0,4,3,6.0,60.0,60.0,7.0,hf_builds,3.0.1/builds.json,https://huggingface.co/datasets/LvlUrArti/ShiyuDataProcessed/resolve/main/3.0.1/builds.json,ok
2.6.2,2026-03-10,sd,式舆防卫,5-3,第5防线 3,2.6.3,式舆防卫 2.6.3,2026-03-06,2026-03-20,aria,Aria,爱芮,异常主C,S,28.1,33061,4758,2090,0.14,59.98,59.82,6.96,hf_builds,2.6.2/builds.json,https://huggingface.co/datasets/LvlUrArti/ShiyuDataProcessed/resolve/main/2.6.2/builds.json,ok
2.7.1,2026-03-31,sd,式舆防卫,5-3,第5防线 3,2.6.4,式舆防卫 2.6.4,2026-03-20,2026-04-03,aria,Aria,爱芮,异常主C,S,0.23,26760,6360,2945,0.13,60.0,59.79,6.99,hf_builds,2.7.1/builds.json,https://huggingface.co/datasets/LvlUrArti/ShiyuDataProcessed/resolve/main/2.7.1/builds.json,ok
2.7.2,2026-04-21,sd,式舆防卫,5-3,第5防线 3,2.7.2,式舆防卫 2.7.2,2026-04-17,2026-05-01,aria,Aria,爱芮,异常主C,S,0.23,27452,5024,2772,0.11,60.0,59.82,6.99,hf_builds,2.7.2/builds.json,https://huggingface.co/datasets/LvlUrArti/ShiyuDataProcessed/resolve/main/2.7.2/builds.json,ok
2.8.1,2026-05-11,sd,式舆防卫,5-3,第5防线 3,2.7.3,式舆防卫 2.7.3,2026-05-01,2026-05-15,aria,Aria,爱芮,异常主C,S,29.22,34324,6174,2666,0.17,60.0,59.44,6.99,hf_builds,2.8.1/builds.json,https://huggingface.co/datasets/LvlUrArti/ShiyuDataProcessed/resolve/main/2.8.1/builds.json,ok
2.8.2,2026-06-02,sd,式舆防卫,5-3,第5防线 3,2.8.2,式舆防卫 2.8.2,2026-05-29,2026-06-12,aria,Aria,爱芮,异常主C,S,0.25,20858,660,271,0.16,59.99,59.56,6.99,hf_builds,2.8.2/builds.json,https://huggingface.co/datasets/LvlUrArti/ShiyuDataProcessed/resolve/main/2.8.2/builds.json,ok
3.0.1,2026-06-21,sd,式舆防卫,5-3,第5防线 3,2.8.3,式舆防卫 2.8.3,2026-06-12,2026-06-26,aria,Aria,爱芮,异常主C,S,0.16,28195,1062,618,0.27,60.0,59.71,7.0,hf_builds,3.0.1/builds.json,https://huggingface.co/datasets/LvlUrArti/ShiyuDataProcessed/resolve/main/3.0.1/builds.json,ok
2.6.1,2026-02-17,sd,式舆防卫,5-3,第5防线 3,2.6.1,式舆防卫 2.6.1,2026-02-06,2026-02-20,astra-yao,Astra Yao,耀嘉音,辅助,S,23.87,30852,12666,1703,0.33,60.0,59.3,6.99,hf_builds,2.6.1/builds.json,https://huggingface.co/datasets/LvlUrArti/ShiyuDataProcessed/resolve/main/2.6.1/builds.json,ok
2.6.2,2026-03-10,sd,式舆防卫,5-3,第5防线 3,2.6.3,式舆防卫 2.6.3,2026-03-06,2026-03-20,astra-yao,Astra Yao,耀嘉音,辅助,S,9.35,30089,7850,2394,0.38,60.0,59.56,6.99,hf_builds,2.6.2/builds.json,https://huggingface.co/datasets/LvlUrArti/ShiyuDataProcessed/resolve/main/2.6.2/builds.json,ok
2.7.1,2026-03-31,sd,式舆防卫,5-3,第5防线 3,2.6.4,式舆防卫 2.6.4,2026-03-20,2026-04-03,astra-yao,Astra Yao,耀嘉音,辅助,S,16.48,27268,7901,1888,0.39,60.0,59.39,6.99,hf_builds,2.7.1/builds.json,https://huggingface.co/datasets/LvlUrArti/ShiyuDataProcessed/resolve/main/2.7.1/builds.json,ok
2.7.2,2026-04-21,sd,式舆防卫,5-3,第5防线 3,2.7.2,式舆防卫 2.7.2,2026-04-17,2026-05-01,astra-yao,Astra Yao,耀嘉音,辅助,S,12.13,27550,5871,1602,0.4,60.0,59.63,7.0,hf_builds,2.7.2/builds.json,https://huggingface.co/datasets/LvlUrArti/ShiyuDataProcessed/resolve/main/2.7.2/builds.json,ok
2.8.1,2026-05-11,sd,式舆防卫,5-3,第5防线 3,2.7.3,式舆防卫 2.7.3,2026-05-01,2026-05-15,astra-yao,Astra Yao,耀嘉音,辅助,S,6.35,31533,8640,1753,0.4,60.0,59.65,6.99,hf_builds,2.8.1/builds.json,https://huggingface.co/datasets/LvlUrArti/ShiyuDataProcessed/resolve/main/2.8.1/builds.json,ok
2.8.2,2026-06-02,sd,式舆防卫,5-3,第5防线 3,2.8.2,式舆防卫 2.8.2,2026-05-29,2026-06-12,astra-yao,Astra Yao,耀嘉音,辅助,S,28.47,27923,6912,824,0.38,60.0,59.75,6.99,hf_builds,2.8.2/builds.json,https://huggingface.co/datasets/LvlUrArti/ShiyuDataProcessed/resolve/main/2.8.2/builds.json,ok
3.0.1,2026-06-21,sd,式舆防卫,5-3,第5防线 3,2.8.3,式舆防卫 2.8.3,2026-06-12,2026-06-26,astra-yao,Astra Yao,耀嘉音,辅助,S,24.06,28909,7651,1554,0.4,60.0,59.63,6.99,hf_builds,3.0.1/builds.json,https://huggingface.co/datasets/LvlUrArti/ShiyuDataProcessed/resolve/main/3.0.1/builds.json,ok
2.6.1,2026-02-17,sd,式舆防卫,5-3,第5防线 3,2.6.1,式舆防卫 2.6.1,2026-02-06,2026-02-20,banyue,Banyue,般岳,直伤主C,S,3.99,31493,876,339,0.51,60.0,59.38,7.0,hf_builds,2.6.1/builds.json,https://huggingface.co/datasets/LvlUrArti/ShiyuDataProcessed/resolve/main/2.6.1/builds.json,ok
2.6.2,2026-03-10,sd,式舆防卫,5-3,第5防线 3,2.6.3,式舆防卫 2.6.3,2026-03-06,2026-03-20,banyue,Banyue,般岳,直伤主C,S,0.02,0,755,679,0.39,60.0,59.9,7.0,hf_builds,2.6.2/builds.json,https://huggingface.co/datasets/LvlUrArti/ShiyuDataProcessed/resolve/main/2.6.2/builds.json,ok
2.7.1,2026-03-31,sd,式舆防卫,5-3,第5防线 3,2.6.4,式舆防卫 2.6.4,2026-03-20,2026-04-03,banyue,Banyue,般岳,直伤主C,S,3.45,32521,693,537,0.59,60.0,59.75,7.0,hf_builds,2.7.1/builds.json,https://huggingface.co/datasets/LvlUrArti/ShiyuDataProcessed/resolve/main/2.7.1/builds.json,ok
2.7.2,2026-04-21,sd,式舆防卫,5-3,第5防线 3,2.7.2,式舆防卫 2.7.2,2026-04-17,2026-05-01,banyue,Banyue,般岳,直伤主C,S,2.77,29708,417,370,0.66,60.0,59.98,7.0,hf_builds,2.7.2/builds.json,https://huggingface.co/datasets/LvlUrArti/ShiyuDataProcessed/resolve/main/2.7.2/builds.json,ok
2.8.1,2026-05-11,sd,式舆防卫,5-3,第5防线 3,2.7.3,式舆防卫 2.7.3,2026-05-01,2026-05-15,banyue,Banyue,般岳,直伤主C,S,0.07,0,147,150,0.51,60.0,59.97,7.0,hf_builds,2.8.1/builds.json,https://huggingface.co/datasets/LvlUrArti/ShiyuDataProcessed/resolve/main/2.8.1/builds.json,ok
2.8.2,2026-06-02,sd,式舆防卫,5-3,第5防线 3,2.8.2,式舆防卫 2.8.2,2026-05-29,2026-06-12,banyue,Banyue,般岳,直伤主C,S,0.02,0,369,144,0.47,60.0,59.11,7.0,hf_builds,2.8.2/builds.json,https://huggingface.co/datasets/LvlUrArti/ShiyuDataProcessed/resolve/main/2.8.2/builds.json,ok
3.0.1,2026-06-21,sd,式舆防卫,5-3,第5防线 3,2.8.3,式舆防卫 2.8.3,2026-06-12,2026-06-26,banyue,Banyue,般岳,直伤主C,S,0.64,28022,435,294,0.67,60.0,59.21,7.0,hf_builds,3.0.1/builds.json,https://huggingface.co/datasets/LvlUrArti/ShiyuDataProcessed/resolve/main/3.0.1/builds.json,ok
2.6.1,2026-02-17,sd,式舆防卫,5-3,第5防线 3,2.6.1,式舆防卫 2.6.1,2026-02-06,2026-02-20,ben,Ben Bigger,本·比格,直伤主C,A,0.06,0,14,5,6.0,60.0,60.0,7.0,hf_builds,2.6.1/builds.json,https://huggingface.co/datasets/LvlUrArti/ShiyuDataProcessed/resolve/main/2.6.1/builds.json,ok
2.6.2,2026-03-10,sd,式舆防卫,5-3,第5防线 3,2.6.3,式舆防卫 2.6.3,2026-03-06,2026-03-20,ben,Ben Bigger,本·比格,直伤主C,A,0.0,0,6,7,6.0,60.0,60.0,7.0,hf_builds,2.6.2/builds.json,https://huggingface.co/datasets/LvlUrArti/ShiyuDataProcessed/resolve/main/2.6.2/builds.json,ok
2.7.1,2026-03-31,sd,式舆防卫,5-3,第5防线 3,2.6.4,式舆防卫 2.6.4,2026-03-20,2026-04-03,ben,Ben Bigger,本·比格,直伤主C,A,0.01,0,6,5,6.0,60.0,60.0,7.0,hf_builds,2.7.1/builds.json,https://huggingface.co/datasets/LvlUrArti/ShiyuDataProcessed/resolve/main/2.7.1/builds.json,ok
2.7.2,2026-04-21,sd,式舆防卫,5-3,第5防线 3,2.7.2,式舆防卫 2.7.2,2026-04-17,2026-05-01,ben,Ben Bigger,本·比格,直伤主C,A,0.01,0,4,4,6.0,60.0,60.0,7.0,hf_builds,2.7.2/builds.json,https://huggingface.co/datasets/LvlUrArti/ShiyuDataProcessed/resolve/main/2.7.2/builds.json,ok
2.8.1,2026-05-11,sd,式舆防卫,5-3,第5防线 3,2.7.3,式舆防卫 2.7.3,2026-05-01,2026-05-15,ben,Ben Bigger,本·比格,直伤主C,A,0.01,0,4,4,6.0,60.0,60.0,7.0,hf_builds,2.8.1/builds.json,https://huggingface.co/datasets/LvlUrArti/ShiyuDataProcessed/resolve/main/2.8.1/builds.json,ok
2.8.2,2026-06-02,sd,式舆防卫,5-3,第5防线 3,2.8.2,式舆防卫 2.8.2,2026-05-29,2026-06-12,ben,Ben Bigger,本·比格,直伤主C,A,0.0,0,5,2,6.0,60.0,60.0,7.0,hf_builds,2.8.2/builds.json,https://huggingface.co/datasets/LvlUrArti/ShiyuDataProcessed/resolve/main/2.8.2/builds.json,ok
3.0.1,2026-06-21,sd,式舆防卫,5-3,第5防线 3,2.8.3,式舆防卫 2.8.3,2026-06-12,2026-06-26,ben,Ben Bigger,本·比格,直伤主C,A,0.03,0,6,6,6.0,60.0,60.0,7.0,hf_builds,3.0.1/builds.json,https://huggingface.co/datasets/LvlUrArti/ShiyuDataProcessed/resolve/main/3.0.1/builds.json,ok
2.6.1,2026-02-17,sd,式舆防卫,5-3,第5防线 3,2.6.1,式舆防卫 2.6.1,2026-02-06,2026-02-20,billy-kid,Billy Kid,比利·奇德,直伤主C,A,0.01,0,45,16,6.0,60.0,60.0,7.0,hf_builds,2.6.1/builds.json,https://huggingface.co/datasets/LvlUrArti/ShiyuDataProcessed/resolve/main/2.6.1/builds.json,ok
2.6.2,2026-03-10,sd,式舆防卫,5-3,第5防线 3,2.6.3,式舆防卫 2.6.3,2026-03-06,2026-03-20,billy-kid,Billy Kid,比利·奇德,直伤主C,A,0.01,0,28,24,6.0,60.0,60.0,7.0,hf_builds,2.6.2/builds.json,https://huggingface.co/datasets/LvlUrArti/ShiyuDataProcessed/resolve/main/2.6.2/builds.json,ok
2.7.1,2026-03-31,sd,式舆防卫,5-3,第5防线 3,2.6.4,式舆防卫 2.6.4,2026-03-20,2026-04-03,billy-kid,Billy Kid,比利·奇德,直伤主C,A,0.0,0,36,25,6.0,60.0,60.0,7.0,hf_builds,2.7.1/builds.json,https://huggingface.co/datasets/LvlUrArti/ShiyuDataProcessed/resolve/main/2.7.1/builds.json,ok
2.7.2,2026-04-21,sd,式舆防卫,5-3,第5防线 3,2.7.2,式舆防卫 2.7.2,2026-04-17,2026-05-01,billy-kid,Billy Kid,比利·奇德,直伤主C,A,0.0,0,15,15,6.0,60.0,60.0,7.0,hf_builds,2.7.2/builds.json,https://huggingface.co/datasets/LvlUrArti/ShiyuDataProcessed/resolve/main/2.7.2/builds.json,ok
2.8.1,2026-05-11,sd,式舆防卫,5-3,第5防线 3,2.7.3,式舆防卫 2.7.3,2026-05-01,2026-05-15,billy-kid,Billy Kid,比利·奇德,直伤主C,A,0.0,0,33,24,6.0,60.0,60.0,7.0,hf_builds,2.8.1/builds.json,https://huggingface.co/datasets/LvlUrArti/ShiyuDataProcessed/resolve/main/2.8.1/builds.json,ok
2.8.2,2026-06-02,sd,式舆防卫,5-3,第5防线 3,2.8.2,式舆防卫 2.8.2,2026-05-29,2026-06-12,billy-kid,Billy Kid,比利·奇德,直伤主C,A,0.04,0,6,2,6.0,60.0,60.0,7.0,hf_builds,2.8.2/builds.json,https://huggingface.co/datasets/LvlUrArti/ShiyuDataProcessed/resolve/main/2.8.2/builds.json,ok
3.0.1,2026-06-21,sd,式舆防卫,5-3,第5防线 3,2.8.3,式舆防卫 2.8.3,2026-06-12,2026-06-26,billy-kid,Billy Kid,比利·奇德,直伤主C,A,0.04,0,11,8,6.0,60.0,60.0,7.0,hf_builds,3.0.1/builds.json,https://huggingface.co/datasets/LvlUrArti/ShiyuDataProcessed/resolve/main/3.0.1/builds.json,ok
2.8.2,2026-06-02,sd,式舆防卫,5-3,第5防线 3,2.8.2,式舆防卫 2.8.2,2026-05-29,2026-06-12,billy-starlight,Starlight - Billy,星徽·比利,直伤主C,S,0.57,25457,2105,594,0.26,59.99,59.27,6.99,hf_builds,2.8.2/builds.json,https://huggingface.co/datasets/LvlUrArti/ShiyuDataProcessed/resolve/main/2.8.2/builds.json,ok
3.0.1,2026-06-21,sd,式舆防卫,5-3,第5防线 3,2.8.3,式舆防卫 2.8.3,2026-06-12,2026-06-26,billy-starlight,Starlight - Billy,星徽·比利,直伤主C,S,0.98,28156,3200,1457,0.27,60.0,59.64,6.99,hf_builds,3.0.1/builds.json,https://huggingface.co/datasets/LvlUrArti/ShiyuDataProcessed/resolve/main/3.0.1/builds.json,ok
2.6.1,2026-02-17,sd,式舆防卫,5-3,第5防线 3,2.6.1,式舆防卫 2.6.1,2026-02-06,2026-02-20,burnice,Burnice White,柏妮思·怀特,异常主C,S,3.74,30224,1770,342,0.37,60.0,59.65,6.99,hf_builds,2.6.1/builds.json,https://huggingface.co/datasets/LvlUrArti/ShiyuDataProcessed/resolve/main/2.6.1/builds.json,ok
2.6.2,2026-03-10,sd,式舆防卫,5-3,第5防线 3,2.6.3,式舆防卫 2.6.3,2026-03-06,2026-03-20,burnice,Burnice White,柏妮思·怀特,异常主C,S,2.15,31437,1320,471,0.41,60.0,59.79,7.0,hf_builds,2.6.2/builds.json,https://huggingface.co/datasets/LvlUrArti/ShiyuDataProcessed/resolve/main/2.6.2/builds.json,ok
2.7.1,2026-03-31,sd,式舆防卫,5-3,第5防线 3,2.6.4,式舆防卫 2.6.4,2026-03-20,2026-04-03,burnice,Burnice White,柏妮思·怀特,异常主C,S,9.47,29013,2575,621,0.34,60.0,59.65,6.99,hf_builds,2.7.1/builds.json,https://huggingface.co/datasets/LvlUrArti/ShiyuDataProcessed/resolve/main/2.7.1/builds.json,ok
2.7.2,2026-04-21,sd,式舆防卫,5-3,第5防线 3,2.7.2,式舆防卫 2.7.2,2026-04-17,2026-05-01,burnice,Burnice White,柏妮思·怀特,异常主C,S,6.53,28734,1107,352,0.47,60.0,59.97,6.99,hf_builds,2.7.2/builds.json,https://huggingface.co/datasets/LvlUrArti/ShiyuDataProcessed/resolve/main/2.7.2/builds.json,ok
2.8.1,2026-05-11,sd,式舆防卫,5-3,第5防线 3,2.7.3,式舆防卫 2.7.3,2026-05-01,2026-05-15,burnice,Burnice White,柏妮思·怀特,异常主C,S,1.82,31938,851,252,0.51,60.0,59.82,7.0,hf_builds,2.8.1/builds.json,https://huggingface.co/datasets/LvlUrArti/ShiyuDataProcessed/resolve/main/2.8.1/builds.json,ok
2.8.2,2026-06-02,sd,式舆防卫,5-3,第5防线 3,2.8.2,式舆防卫 2.8.2,2026-05-29,2026-06-12,burnice,Burnice White,柏妮思·怀特,异常主C,S,0.97,24265,960,148,0.4,60.0,59.93,7.0,hf_builds,2.8.2/builds.json,https://huggingface.co/datasets/LvlUrArti/ShiyuDataProcessed/resolve/main/2.8.2/builds.json,ok
3.0.1,2026-06-21,sd,式舆防卫,5-3,第5防线 3,2.8.3,式舆防卫 2.8.3,2026-06-12,2026-06-26,burnice,Burnice White,柏妮思·怀特,异常主C,S,3.2,29628,1318,345,0.43,60.0,58.93,6.99,hf_builds,3.0.1/builds.json,https://huggingface.co/datasets/LvlUrArti/ShiyuDataProcessed/resolve/main/3.0.1/builds.json,ok
2.6.1,2026-02-17,sd,式舆防卫,5-3,第5防线 3,2.6.1,式舆防卫 2.6.1,2026-02-06,2026-02-20,caesar,Caesar King,凯撒·金,辅助,S,0.59,27734,623,76,0.5,60.0,58.18,6.97,hf_builds,2.6.1/builds.json,https://huggingface.co/datasets/LvlUrArti/ShiyuDataProcessed/resolve/main/2.6.1/builds.json,ok
2.6.2,2026-03-10,sd,式舆防卫,5-3,第5防线 3,2.6.3,式舆防卫 2.6.3,2026-03-06,2026-03-20,caesar,Caesar King,凯撒·金,辅助,S,0.34,29283,312,100,0.54,60.0,59.55,7.0,hf_builds,2.6.2/builds.json,https://huggingface.co/datasets/LvlUrArti/ShiyuDataProcessed/resolve/main/2.6.2/builds.json,ok
2.7.1,2026-03-31,sd,式舆防卫,5-3,第5防线 3,2.6.4,式舆防卫 2.6.4,2026-03-20,2026-04-03,caesar,Caesar King,凯撒·金,辅助,S,0.36,28140,346,100,0.72,60.0,59.15,6.99,hf_builds,2.7.1/builds.json,https://huggingface.co/datasets/LvlUrArti/ShiyuDataProcessed/resolve/main/2.7.1/builds.json,ok
2.7.2,2026-04-21,sd,式舆防卫,5-3,第5防线 3,2.7.2,式舆防卫 2.7.2,2026-04-17,2026-05-01,caesar,Caesar King,凯撒·金,辅助,S,0.31,27624,190,67,0.65,60.0,59.67,6.99,hf_builds,2.7.2/builds.json,https://huggingface.co/datasets/LvlUrArti/ShiyuDataProcessed/resolve/main/2.7.2/builds.json,ok
2.8.1,2026-05-11,sd,式舆防卫,5-3,第5防线 3,2.7.3,式舆防卫 2.7.3,2026-05-01,2026-05-15,caesar,Caesar King,凯撒·金,辅助,S,0.13,0,247,64,0.67,60.0,59.87,7.0,hf_builds,2.8.1/builds.json,https://huggingface.co/datasets/LvlUrArti/ShiyuDataProcessed/resolve/main/2.8.1/builds.json,ok
2.8.2,2026-06-02,sd,式舆防卫,5-3,第5防线 3,2.8.2,式舆防卫 2.8.2,2026-05-29,2026-06-12,caesar,Caesar King,凯撒·金,辅助,S,0.61,21476,249,45,0.64,60.0,59.88,7.0,hf_builds,2.8.2/builds.json,https://huggingface.co/datasets/LvlUrArti/ShiyuDataProcessed/resolve/main/2.8.2/builds.json,ok
3.0.1,2026-06-21,sd,式舆防卫,5-3,第5防线 3,2.8.3,式舆防卫 2.8.3,2026-06-12,2026-06-26,caesar,Caesar King,凯撒·金,辅助,S,0.58,29018,275,84,0.64,60.0,59.45,6.99,hf_builds,3.0.1/builds.json,https://huggingface.co/datasets/LvlUrArti/ShiyuDataProcessed/resolve/main/3.0.1/builds.json,ok
2.7.2,2026-04-21,sd,式舆防卫,5-3,第5防线 3,2.7.2,式舆防卫 2.7.2,2026-04-17,2026-05-01,cissia,Cissia,希希芙,直伤主C,S,0.01,0,1489,600,0.12,59.98,59.86,6.95,hf_builds,2.7.2/builds.json,https://huggingface.co/datasets/LvlUrArti/ShiyuDataProcessed/resolve/main/2.7.2/builds.json,ok
2.8.1,2026-05-11,sd,式舆防卫,5-3,第5防线 3,2.7.3,式舆防卫 2.7.3,2026-05-01,2026-05-15,cissia,Cissia,希希芙,直伤主C,S,0.01,0,3011,1003,0.14,60.0,59.97,6.98,hf_builds,2.8.1/builds.json,https://huggingface.co/datasets/LvlUrArti/ShiyuDataProcessed/resolve/main/2.8.1/builds.json,ok
2.8.2,2026-06-02,sd,式舆防卫,5-3,第5防线 3,2.8.2,式舆防卫 2.8.2,2026-05-29,2026-06-12,cissia,Cissia,希希芙,直伤主C,S,15.38,29502,2156,434,0.19,60.0,59.87,6.99,hf_builds,2.8.2/builds.json,https://huggingface.co/datasets/LvlUrArti/ShiyuDataProcessed/resolve/main/2.8.2/builds.json,ok
3.0.1,2026-06-21,sd,式舆防卫,5-3,第5防线 3,2.8.3,式舆防卫 2.8.3,2026-06-12,2026-06-26,cissia,Cissia,希希芙,直伤主C,S,3.6,30767,786,365,0.36,60.0,59.85,6.99,hf_builds,3.0.1/builds.json,https://huggingface.co/datasets/LvlUrArti/ShiyuDataProcessed/resolve/main/3.0.1/builds.json,ok
2.6.1,2026-02-17,sd,式舆防卫,5-3,第5防线 3,2.6.1,式舆防卫 2.6.1,2026-02-06,2026-02-20,corin,Corin Wickes,可琳·威克斯,直伤主C,A,0.02,0,59,24,6.0,60.0,58.98,7.0,hf_builds,2.6.1/builds.json,https://huggingface.co/datasets/LvlUrArti/ShiyuDataProcessed/resolve/main/2.6.1/builds.json,ok
2.6.2,2026-03-10,sd,式舆防卫,5-3,第5防线 3,2.6.3,式舆防卫 2.6.3,2026-03-06,2026-03-20,corin,Corin Wickes,可琳·威克斯,直伤主C,A,0.01,0,42,35,6.0,60.0,59.28,7.0,hf_builds,2.6.2/builds.json,https://huggingface.co/datasets/LvlUrArti/ShiyuDataProcessed/resolve/main/2.6.2/builds.json,ok
2.7.1,2026-03-31,sd,式舆防卫,5-3,第5防线 3,2.6.4,式舆防卫 2.6.4,2026-03-20,2026-04-03,corin,Corin Wickes,可琳·威克斯,直伤主C,A,0.0,0,41,29,6.0,60.0,56.28,7.0,hf_builds,2.7.1/builds.json,https://huggingface.co/datasets/LvlUrArti/ShiyuDataProcessed/resolve/main/2.7.1/builds.json,ok
2.7.2,2026-04-21,sd,式舆防卫,5-3,第5防线 3,2.7.2,式舆防卫 2.7.2,2026-04-17,2026-05-01,corin,Corin Wickes,可琳·威克斯,直伤主C,A,0.01,0,14,14,6.0,60.0,56.33,7.0,hf_builds,2.7.2/builds.json,https://huggingface.co/datasets/LvlUrArti/ShiyuDataProcessed/resolve/main/2.7.2/builds.json,ok
2.8.1,2026-05-11,sd,式舆防卫,5-3,第5防线 3,2.7.3,式舆防卫 2.7.3,2026-05-01,2026-05-15,corin,Corin Wickes,可琳·威克斯,直伤主C,A,0.0,0,30,25,6.0,60.0,57.65,7.0,hf_builds,2.8.1/builds.json,https://huggingface.co/datasets/LvlUrArti/ShiyuDataProcessed/resolve/main/2.8.1/builds.json,ok
2.8.2,2026-06-02,sd,式舆防卫,5-3,第5防线 3,2.8.2,式舆防卫 2.8.2,2026-05-29,2026-06-12,corin,Corin Wickes,可琳·威克斯,直伤主C,A,0.04,0,28,12,6.0,60.0,60.0,7.0,hf_builds,2.8.2/builds.json,https://huggingface.co/datasets/LvlUrArti/ShiyuDataProcessed/resolve/main/2.8.2/builds.json,ok
3.0.1,2026-06-21,sd,式舆防卫,5-3,第5防线 3,2.8.3,式舆防卫 2.8.3,2026-06-12,2026-06-26,corin,Corin Wickes,可琳·威克斯,直伤主C,A,0.11,0,42,28,6.0,60.0,56.51,7.0,hf_builds,3.0.1/builds.json,https://huggingface.co/datasets/LvlUrArti/ShiyuDataProcessed/resolve/main/3.0.1/builds.json,ok
2.6.1,2026-02-17,sd,式舆防卫,5-3,第5防线 3,2.6.1,式舆防卫 2.6.1,2026-02-06,2026-02-20,dialyn,Dialyn,琉音,辅助,S,24.24,33141,14059,1764,0.08,59.99,59.65,6.99,hf_builds,2.6.1/builds.json,https://huggingface.co/datasets/LvlUrArti/ShiyuDataProcessed/resolve/main/2.6.1/builds.json,ok
2.6.2,2026-03-10,sd,式舆防卫,5-3,第5防线 3,2.6.3,式舆防卫 2.6.3,2026-03-06,2026-03-20,dialyn,Dialyn,琉音,辅助,S,14.78,32549,10996,2915,0.09,60.0,59.63,6.99,hf_builds,2.6.2/builds.json,https://huggingface.co/datasets/LvlUrArti/ShiyuDataProcessed/resolve/main/2.6.2/builds.json,ok
2.7.1,2026-03-31,sd,式舆防卫,5-3,第5防线 3,2.6.4,式舆防卫 2.6.4,2026-03-20,2026-04-03,dialyn,Dialyn,琉音,辅助,S,16.41,32527,13398,2628,0.09,60.0,59.39,7.0,hf_builds,2.7.1/builds.json,https://huggingface.co/datasets/LvlUrArti/ShiyuDataProcessed/resolve/main/2.7.1/builds.json,ok
2.7.2,2026-04-21,sd,式舆防卫,5-3,第5防线 3,2.7.2,式舆防卫 2.7.2,2026-04-17,2026-05-01,dialyn,Dialyn,琉音,辅助,S,21.0,31974,9513,2169,0.09,60.0,59.57,6.99,hf_builds,2.7.2/builds.json,https://huggingface.co/datasets/LvlUrArti/ShiyuDataProcessed/resolve/main/2.7.2/builds.json,ok
2.8.1,2026-05-11,sd,式舆防卫,5-3,第5防线 3,2.7.3,式舆防卫 2.7.3,2026-05-01,2026-05-15,dialyn,Dialyn,琉音,辅助,S,4.25,28943,12200,2091,0.09,60.0,59.46,6.99,hf_builds,2.8.1/builds.json,https://huggingface.co/datasets/LvlUrArti/ShiyuDataProcessed/resolve/main/2.8.1/builds.json,ok
2.8.2,2026-06-02,sd,式舆防卫,5-3,第5防线 3,2.8.2,式舆防卫 2.8.2,2026-05-29,2026-06-12,dialyn,Dialyn,琉音,辅助,S,12.64,29654,8222,887,0.09,60.0,59.77,6.99,hf_builds,2.8.2/builds.json,https://huggingface.co/datasets/LvlUrArti/ShiyuDataProcessed/resolve/main/2.8.2/builds.json,ok
3.0.1,2026-06-21,sd,式舆防卫,5-3,第5防线 3,2.8.3,式舆防卫 2.8.3,2026-06-12,2026-06-26,dialyn,Dialyn,琉音,辅助,S,22.26,32699,12391,1908,0.09,60.0,59.58,7.0,hf_builds,3.0.1/builds.json,https://huggingface.co/datasets/LvlUrArti/ShiyuDataProcessed/resolve/main/3.0.1/builds.json,ok
2.6.1,2026-02-17,sd,式舆防卫,5-3,第5防线 3,2.6.1,式舆防卫 2.6.1,2026-02-06,2026-02-20,ellen,Ellen Joe,艾莲·乔,直伤主C,S,0.02,0,133,88,2.45,60.0,60.0,7.0,hf_builds,2.6.1/builds.json,https://huggingface.co/datasets/LvlUrArti/ShiyuDataProcessed/resolve/main/2.6.1/builds.json,ok
2.6.2,2026-03-10,sd,式舆防卫,5-3,第5防线 3,2.6.3,式舆防卫 2.6.3,2026-03-06,2026-03-20,ellen,Ellen Joe,艾莲·乔,直伤主C,S,0.07,0,54,91,2.56,59.95,59.58,6.98,hf_builds,2.6.2/builds.json,https://huggingface.co/datasets/LvlUrArti/ShiyuDataProcessed/resolve/main/2.6.2/builds.json,ok
2.7.1,2026-03-31,sd,式舆防卫,5-3,第5防线 3,2.6.4,式舆防卫 2.6.4,2026-03-20,2026-04-03,ellen,Ellen Joe,艾莲·乔,直伤主C,S,0.85,26181,194,216,1.48,60.0,59.33,7.0,hf_builds,2.7.1/builds.json,https://huggingface.co/datasets/LvlUrArti/ShiyuDataProcessed/resolve/main/2.7.1/builds.json,ok
2.7.2,2026-04-21,sd,式舆防卫,5-3,第5防线 3,2.7.2,式舆防卫 2.7.2,2026-04-17,2026-05-01,ellen,Ellen Joe,艾莲·乔,直伤主C,S,0.47,26905,88,144,1.57,60.0,59.83,7.0,hf_builds,2.7.2/builds.json,https://huggingface.co/datasets/LvlUrArti/ShiyuDataProcessed/resolve/main/2.7.2/builds.json,ok
2.8.1,2026-05-11,sd,式舆防卫,5-3,第5防线 3,2.7.3,式舆防卫 2.7.3,2026-05-01,2026-05-15,ellen,Ellen Joe,艾莲·乔,直伤主C,S,0.05,0,60,83,2.65,60.0,59.68,7.0,hf_builds,2.8.1/builds.json,https://huggingface.co/datasets/LvlUrArti/ShiyuDataProcessed/resolve/main/2.8.1/builds.json,ok
2.8.2,2026-06-02,sd,式舆防卫,5-3,第5防线 3,2.8.2,式舆防卫 2.8.2,2026-05-29,2026-06-12,ellen,Ellen Joe,艾莲·乔,直伤主C,S,0.04,0,80,60,1.75,60.0,59.56,7.0,hf_builds,2.8.2/builds.json,https://huggingface.co/datasets/LvlUrArti/ShiyuDataProcessed/resolve/main/2.8.2/builds.json,ok
3.0.1,2026-06-21,sd,式舆防卫,5-3,第5防线 3,2.8.3,式舆防卫 2.8.3,2026-06-12,2026-06-26,ellen,Ellen Joe,艾莲·乔,直伤主C,S,0.21,28230,113,117,1.38,60.0,59.65,7.0,hf_builds,3.0.1/builds.json,https://huggingface.co/datasets/LvlUrArti/ShiyuDataProcessed/resolve/main/3.0.1/builds.json,ok
2.6.1,2026-02-17,sd,式舆防卫,5-3,第5防线 3,2.6.1,式舆防卫 2.6.1,2026-02-06,2026-02-20,evelyn,Evelyn Chevalier,伊芙琳·舒瓦利耶,直伤主C,S,17.26,31004,3921,1246,0.41,60.0,59.25,7.0,hf_builds,2.6.1/builds.json,https://huggingface.co/datasets/LvlUrArti/ShiyuDataProcessed/resolve/main/2.6.1/builds.json,ok
2.6.2,2026-03-10,sd,式舆防卫,5-3,第5防线 3,2.6.3,式舆防卫 2.6.3,2026-03-06,2026-03-20,evelyn,Evelyn Chevalier,伊芙琳·舒瓦利耶,直伤主C,S,0.07,0,1348,1095,0.68,60.0,59.45,7.0,hf_builds,2.6.2/builds.json,https://huggingface.co/datasets/LvlUrArti/ShiyuDataProcessed/resolve/main/2.6.2/builds.json,ok
2.7.1,2026-03-31,sd,式舆防卫,5-3,第5防线 3,2.6.4,式舆防卫 2.6.4,2026-03-20,2026-04-03,evelyn,Evelyn Chevalier,伊芙琳·舒瓦利耶,直伤主C,S,3.39,26799,938,678,0.98,60.0,59.69,7.0,hf_builds,2.7.1/builds.json,https://huggingface.co/datasets/LvlUrArti/ShiyuDataProcessed/resolve/main/2.7.1/builds.json,ok
2.7.2,2026-04-21,sd,式舆防卫,5-3,第5防线 3,2.7.2,式舆防卫 2.7.2,2026-04-17,2026-05-01,evelyn,Evelyn Chevalier,伊芙琳·舒瓦利耶,直伤主C,S,1.46,26265,304,317,1.07,60.0,59.66,7.0,hf_builds,2.7.2/builds.json,https://huggingface.co/datasets/LvlUrArti/ShiyuDataProcessed/resolve/main/2.7.2/builds.json,ok
2.8.1,2026-05-11,sd,式舆防卫,5-3,第5防线 3,2.7.3,式舆防卫 2.7.3,2026-05-01,2026-05-15,evelyn,Evelyn Chevalier,伊芙琳·舒瓦利耶,直伤主C,S,0.09,0,821,591,1.01,60.0,59.72,7.0,hf_builds,2.8.1/builds.json,https://huggingface.co/datasets/LvlUrArti/ShiyuDataProcessed/resolve/main/2.8.1/builds.json,ok
2.8.2,2026-06-02,sd,式舆防卫,5-3,第5防线 3,2.8.2,式舆防卫 2.8.2,2026-05-29,2026-06-12,evelyn,Evelyn Chevalier,伊芙琳·舒瓦利耶,直伤主C,S,0.67,23518,800,258,0.83,60.0,60.0,7.0,hf_builds,2.8.2/builds.json,https://huggingface.co/datasets/LvlUrArti/ShiyuDataProcessed/resolve/main/2.8.2/builds.json,ok
3.0.1,2026-06-21,sd,式舆防卫,5-3,第5防线 3,2.8.3,式舆防卫 2.8.3,2026-06-12,2026-06-26,evelyn,Evelyn Chevalier,伊芙琳·舒瓦利耶,直伤主C,S,10.13,27367,1994,1076,0.64,60.0,59.46,7.0,hf_builds,3.0.1/builds.json,https://huggingface.co/datasets/LvlUrArti/ShiyuDataProcessed/resolve/main/3.0.1/builds.json,ok
2.6.1,2026-02-17,sd,式舆防卫,5-3,第5防线 3,2.6.1,式舆防卫 2.6.1,2026-02-06,2026-02-20,grace-howard,Grace Howard,格莉丝·霍华德,异常主C,S,0.02,0,258,27,2.53,59.85,54.66,6.97,hf_builds,2.6.1/builds.json,https://huggingface.co/datasets/LvlUrArti/ShiyuDataProcessed/resolve/main/2.6.1/builds.json,ok
2.6.2,2026-03-10,sd,式舆防卫,5-3,第5防线 3,2.6.3,式舆防卫 2.6.3,2026-03-06,2026-03-20,grace-howard,Grace Howard,格莉丝·霍华德,异常主C,S,0.07,0,54,24,2.94,60.0,60.0,6.98,hf_builds,2.6.2/builds.json,https://huggingface.co/datasets/LvlUrArti/ShiyuDataProcessed/resolve/main/2.6.2/builds.json,ok
2.7.1,2026-03-31,sd,式舆防卫,5-3,第5防线 3,2.6.4,式舆防卫 2.6.4,2026-03-20,2026-04-03,grace-howard,Grace Howard,格莉丝·霍华德,异常主C,S,0.01,0,18,10,2.72,60.0,60.0,7.0,hf_builds,2.7.1/builds.json,https://huggingface.co/datasets/LvlUrArti/ShiyuDataProcessed/resolve/main/2.7.1/builds.json,ok
2.7.2,2026-04-21,sd,式舆防卫,5-3,第5防线 3,2.7.2,式舆防卫 2.7.2,2026-04-17,2026-05-01,grace-howard,Grace Howard,格莉丝·霍华德,异常主C,S,0.0,0,82,28,2.72,60.0,60.0,7.0,hf_builds,2.7.2/builds.json,https://huggingface.co/datasets/LvlUrArti/ShiyuDataProcessed/resolve/main/2.7.2/builds.json,ok
2.8.1,2026-05-11,sd,式舆防卫,5-3,第5防线 3,2.7.3,式舆防卫 2.7.3,2026-05-01,2026-05-15,grace-howard,Grace Howard,格莉丝·霍华德,异常主C,S,0.08,0,56,24,2.96,60.0,60.0,7.0,hf_builds,2.8.1/builds.json,https://huggingface.co/datasets/LvlUrArti/ShiyuDataProcessed/resolve/main/2.8.1/builds.json,ok
2.8.2,2026-06-02,sd,式舆防卫,5-3,第5防线 3,2.8.2,式舆防卫 2.8.2,2026-05-29,2026-06-12,grace-howard,Grace Howard,格莉丝·霍华德,异常主C,S,0.43,24324,78,6,2.36,60.0,60.0,7.0,hf_builds,2.8.2/builds.json,https://huggingface.co/datasets/LvlUrArti/ShiyuDataProcessed/resolve/main/2.8.2/builds.json,ok
3.0.1,2026-06-21,sd,式舆防卫,5-3,第5防线 3,2.8.3,式舆防卫 2.8.3,2026-06-12,2026-06-26,grace-howard,Grace Howard,格莉丝·霍华德,异常主C,S,0.02,0,41,16,3.15,60.0,60.0,7.0,hf_builds,3.0.1/builds.json,https://huggingface.co/datasets/LvlUrArti/ShiyuDataProcessed/resolve/main/3.0.1/builds.json,ok
2.6.1,2026-02-17,sd,式舆防卫,5-3,第5防线 3,2.6.1,式舆防卫 2.6.1,2026-02-06,2026-02-20,harumasa,Asaba Harumasa,浅羽 悠真,直伤主C,S,0.01,0,1092,275,0.68,60.0,59.68,7.0,hf_builds,2.6.1/builds.json,https://huggingface.co/datasets/LvlUrArti/ShiyuDataProcessed/resolve/main/2.6.1/builds.json,ok
2.6.2,2026-03-10,sd,式舆防卫,5-3,第5防线 3,2.6.3,式舆防卫 2.6.3,2026-03-06,2026-03-20,harumasa,Asaba Harumasa,浅羽 悠真,直伤主C,S,0.0,0,475,316,0.76,60.0,59.94,7.0,hf_builds,2.6.2/builds.json,https://huggingface.co/datasets/LvlUrArti/ShiyuDataProcessed/resolve/main/2.6.2/builds.json,ok
2.7.1,2026-03-31,sd,式舆防卫,5-3,第5防线 3,2.6.4,式舆防卫 2.6.4,2026-03-20,2026-04-03,harumasa,Asaba Harumasa,浅羽 悠真,直伤主C,S,0.0,0,43,55,1.87,60.0,60.0,7.0,hf_builds,2.7.1/builds.json,https://huggingface.co/datasets/LvlUrArti/ShiyuDataProcessed/resolve/main/2.7.1/builds.json,ok
2.7.2,2026-04-21,sd,式舆防卫,5-3,第5防线 3,2.7.2,式舆防卫 2.7.2,2026-04-17,2026-05-01,harumasa,Asaba Harumasa,浅羽 悠真,直伤主C,S,0.0,0,353,244,0.83,60.0,59.44,7.0,hf_builds,2.7.2/builds.json,https://huggingface.co/datasets/LvlUrArti/ShiyuDataProcessed/resolve/main/2.7.2/builds.json,ok
2.8.1,2026-05-11,sd,式舆防卫,5-3,第5防线 3,2.7.3,式舆防卫 2.7.3,2026-05-01,2026-05-15,harumasa,Asaba Harumasa,浅羽 悠真,直伤主C,S,0.01,0,504,287,0.82,60.0,59.79,7.0,hf_builds,2.8.1/builds.json,https://huggingface.co/datasets/LvlUrArti/ShiyuDataProcessed/resolve/main/2.8.1/builds.json,ok
2.8.2,2026-06-02,sd,式舆防卫,5-3,第5防线 3,2.8.2,式舆防卫 2.8.2,2026-05-29,2026-06-12,harumasa,Asaba Harumasa,浅羽 悠真,直伤主C,S,2.35,21488,332,98,1.05,60.0,60.0,7.0,hf_builds,2.8.2/builds.json,https://huggingface.co/datasets/LvlUrArti/ShiyuDataProcessed/resolve/main/2.8.2/builds.json,ok
3.0.1,2026-06-21,sd,式舆防卫,5-3,第5防线 3,2.8.3,式舆防卫 2.8.3,2026-06-12,2026-06-26,harumasa,Asaba Harumasa,浅羽 悠真,直伤主C,S,0.13,0,33,51,2.8,60.0,60.0,7.0,hf_builds,3.0.1/builds.json,https://huggingface.co/datasets/LvlUrArti/ShiyuDataProcessed/resolve/main/3.0.1/builds.json,ok
2.6.1,2026-02-17,sd,式舆防卫,5-3,第5防线 3,2.6.1,式舆防卫 2.6.1,2026-02-06,2026-02-20,hugo,Hugo Vlad,雨果·维拉德,直伤主C,S,0.07,0,114,92,3.19,60.0,59.56,7.0,hf_builds,2.6.1/builds.json,https://huggingface.co/datasets/LvlUrArti/ShiyuDataProcessed/resolve/main/2.6.1/builds.json,ok
2.6.2,2026-03-10,sd,式舆防卫,5-3,第5防线 3,2.6.3,式舆防卫 2.6.3,2026-03-06,2026-03-20,hugo,Hugo Vlad,雨果·维拉德,直伤主C,S,0.09,0,58,111,3.28,60.0,59.68,7.0,hf_builds,2.6.2/builds.json,https://huggingface.co/datasets/LvlUrArti/ShiyuDataProcessed/resolve/main/2.6.2/builds.json,ok
2.7.1,2026-03-31,sd,式舆防卫,5-3,第5防线 3,2.6.4,式舆防卫 2.6.4,2026-03-20,2026-04-03,hugo,Hugo Vlad,雨果·维拉德,直伤主C,S,0.64,27463,199,246,1.94,60.0,59.32,7.0,hf_builds,2.7.1/builds.json,https://huggingface.co/datasets/LvlUrArti/ShiyuDataProcessed/resolve/main/2.7.1/builds.json,ok
2.7.2,2026-04-21,sd,式舆防卫,5-3,第5防线 3,2.7.2,式舆防卫 2.7.2,2026-04-17,2026-05-01,hugo,Hugo Vlad,雨果·维拉德,直伤主C,S,0.75,27090,131,199,2.63,60.0,59.86,7.0,hf_builds,2.7.2/builds.json,https://huggingface.co/datasets/LvlUrArti/ShiyuDataProcessed/resolve/main/2.7.2/builds.json,ok
2.8.1,2026-05-11,sd,式舆防卫,5-3,第5防线 3,2.7.3,式舆防卫 2.7.3,2026-05-01,2026-05-15,hugo,Hugo Vlad,雨果·维拉德,直伤主C,S,0.1,0,155,167,2.52,60.0,60.0,7.0,hf_builds,2.8.1/builds.json,https://huggingface.co/datasets/LvlUrArti/ShiyuDataProcessed/resolve/main/2.8.1/builds.json,ok
2.8.2,2026-06-02,sd,式舆防卫,5-3,第5防线 3,2.8.2,式舆防卫 2.8.2,2026-05-29,2026-06-12,hugo,Hugo Vlad,雨果·维拉德,直伤主C,S,0.08,0,121,82,2.52,60.0,60.0,7.0,hf_builds,2.8.2/builds.json,https://huggingface.co/datasets/LvlUrArti/ShiyuDataProcessed/resolve/main/2.8.2/builds.json,ok
3.0.1,2026-06-21,sd,式舆防卫,5-3,第5防线 3,2.8.3,式舆防卫 2.8.3,2026-06-12,2026-06-26,hugo,Hugo Vlad,雨果·维拉德,直伤主C,S,0.18,27802,145,176,1.8,60.0,59.89,7.0,hf_builds,3.0.1/builds.json,https://huggingface.co/datasets/LvlUrArti/ShiyuDataProcessed/resolve/main/3.0.1/builds.json,ok
2.6.1,2026-02-17,sd,式舆防卫,5-3,第5防线 3,2.6.1,式舆防卫 2.6.1,2026-02-06,2026-02-20,jane-doe,Jane Doe,简·杜,异常主C,S,1.21,27301,861,304,1.17,60.0,59.91,7.0,hf_builds,2.6.1/builds.json,https://huggingface.co/datasets/LvlUrArti/ShiyuDataProcessed/resolve/main/2.6.1/builds.json,ok
2.6.2,2026-03-10,sd,式舆防卫,5-3,第5防线 3,2.6.3,式舆防卫 2.6.3,2026-03-06,2026-03-20,jane-doe,Jane Doe,简·杜,异常主C,S,2.51,30888,1202,913,1.25,60.0,59.96,6.99,hf_builds,2.6.2/builds.json,https://huggingface.co/datasets/LvlUrArti/ShiyuDataProcessed/resolve/main/2.6.2/builds.json,ok
2.7.1,2026-03-31,sd,式舆防卫,5-3,第5防线 3,2.6.4,式舆防卫 2.6.4,2026-03-20,2026-04-03,jane-doe,Jane Doe,简·杜,异常主C,S,0.08,0,1153,755,1.36,60.0,59.97,7.0,hf_builds,2.7.1/builds.json,https://huggingface.co/datasets/LvlUrArti/ShiyuDataProcessed/resolve/main/2.7.1/builds.json,ok
2.7.2,2026-04-21,sd,式舆防卫,5-3,第5防线 3,2.7.2,式舆防卫 2.7.2,2026-04-17,2026-05-01,jane-doe,Jane Doe,简·杜,异常主C,S,0.11,0,291,308,1.55,60.0,60.0,7.0,hf_builds,2.7.2/builds.json,https://huggingface.co/datasets/LvlUrArti/ShiyuDataProcessed/resolve/main/2.7.2/builds.json,ok
2.8.1,2026-05-11,sd,式舆防卫,5-3,第5防线 3,2.7.3,式舆防卫 2.7.3,2026-05-01,2026-05-15,jane-doe,Jane Doe,简·杜,异常主C,S,1.39,30261,513,378,1.67,60.0,59.85,7.0,hf_builds,2.8.1/builds.json,https://huggingface.co/datasets/LvlUrArti/ShiyuDataProcessed/resolve/main/2.8.1/builds.json,ok
2.8.2,2026-06-02,sd,式舆防卫,5-3,第5防线 3,2.8.2,式舆防卫 2.8.2,2026-05-29,2026-06-12,jane-doe,Jane Doe,简·杜,异常主C,S,1.86,22736,603,213,1.3,59.97,59.97,7.0,hf_builds,2.8.2/builds.json,https://huggingface.co/datasets/LvlUrArti/ShiyuDataProcessed/resolve/main/2.8.2/builds.json,ok
3.0.1,2026-06-21,sd,式舆防卫,5-3,第5防线 3,2.8.3,式舆防卫 2.8.3,2026-06-12,2026-06-26,jane-doe,Jane Doe,简·杜,异常主C,S,2.78,28905,903,541,0.9,60.0,59.83,7.0,hf_builds,3.0.1/builds.json,https://huggingface.co/datasets/LvlUrArti/ShiyuDataProcessed/resolve/main/3.0.1/builds.json,ok
2.6.1,2026-02-17,sd,式舆防卫,5-3,第5防线 3,2.6.1,式舆防卫 2.6.1,2026-02-06,2026-02-20,ju-fufu,Ju Fufu,橘福福,辅助,S,34.01,31307,7995,652,0.12,60.0,59.37,6.99,hf_builds,2.6.1/builds.json,https://huggingface.co/datasets/LvlUrArti/ShiyuDataProcessed/resolve/main/2.6.1/builds.json,ok
2.6.2,2026-03-10,sd,式舆防卫,5-3,第5防线 3,2.6.3,式舆防卫 2.6.3,2026-03-06,2026-03-20,ju-fufu,Ju Fufu,橘福福,辅助,S,16.86,31600,5330,993,0.14,59.98,59.58,6.99,hf_builds,2.6.2/builds.json,https://huggingface.co/datasets/LvlUrArti/ShiyuDataProcessed/resolve/main/2.6.2/builds.json,ok
2.7.1,2026-03-31,sd,式舆防卫,5-3,第5防线 3,2.6.4,式舆防卫 2.6.4,2026-03-20,2026-04-03,ju-fufu,Ju Fufu,橘福福,辅助,S,19.62,31915,7087,946,0.14,59.99,58.88,6.99,hf_builds,2.7.1/builds.json,https://huggingface.co/datasets/LvlUrArti/ShiyuDataProcessed/resolve/main/2.7.1/builds.json,ok
2.7.2,2026-04-21,sd,式舆防卫,5-3,第5防线 3,2.7.2,式舆防卫 2.7.2,2026-04-17,2026-05-01,ju-fufu,Ju Fufu,橘福福,辅助,S,14.92,31426,4420,728,0.15,60.0,59.57,7.0,hf_builds,2.7.2/builds.json,https://huggingface.co/datasets/LvlUrArti/ShiyuDataProcessed/resolve/main/2.7.2/builds.json,ok
2.8.1,2026-05-11,sd,式舆防卫,5-3,第5防线 3,2.7.3,式舆防卫 2.7.3,2026-05-01,2026-05-15,ju-fufu,Ju Fufu,橘福福,辅助,S,6.0,28085,3782,548,0.16,60.0,59.61,7.0,hf_builds,2.8.1/builds.json,https://huggingface.co/datasets/LvlUrArti/ShiyuDataProcessed/resolve/main/2.8.1/builds.json,ok
2.8.2,2026-06-02,sd,式舆防卫,5-3,第5防线 3,2.8.2,式舆防卫 2.8.2,2026-05-29,2026-06-12,ju-fufu,Ju Fufu,橘福福,辅助,S,2.2,23905,1984,190,0.19,60.0,59.73,7.0,hf_builds,2.8.2/builds.json,https://huggingface.co/datasets/LvlUrArti/ShiyuDataProcessed/resolve/main/2.8.2/builds.json,ok
3.0.1,2026-06-21,sd,式舆防卫,5-3,第5防线 3,2.8.3,式舆防卫 2.8.3,2026-06-12,2026-06-26,ju-fufu,Ju Fufu,橘福福,辅助,S,3.39,27276,4304,551,0.16,60.0,59.8,7.0,hf_builds,3.0.1/builds.json,https://huggingface.co/datasets/LvlUrArti/ShiyuDataProcessed/resolve/main/3.0.1/builds.json,ok
2.6.1,2026-02-17,sd,式舆防卫,5-3,第5防线 3,2.6.1,式舆防卫 2.6.1,2026-02-06,2026-02-20,koleda,Koleda Belobog,珂蕾妲·贝洛伯格,辅助,S,2.63,28216,588,18,2.11,60.0,55.14,6.92,hf_builds,2.6.1/builds.json,https://huggingface.co/datasets/LvlUrArti/ShiyuDataProcessed/resolve/main/2.6.1/builds.json,ok
2.6.2,2026-03-10,sd,式舆防卫,5-3,第5防线 3,2.6.3,式舆防卫 2.6.3,2026-03-06,2026-03-20,koleda,Koleda Belobog,珂蕾妲·贝洛伯格,辅助,S,0.52,28657,230,13,1.98,60.0,55.63,6.96,hf_builds,2.6.2/builds.json,https://huggingface.co/datasets/LvlUrArti/ShiyuDataProcessed/resolve/main/2.6.2/builds.json,ok
2.7.1,2026-03-31,sd,式舆防卫,5-3,第5防线 3,2.6.4,式舆防卫 2.6.4,2026-03-20,2026-04-03,koleda,Koleda Belobog,珂蕾妲·贝洛伯格,辅助,S,0.64,28767,213,10,2.19,60.0,51.14,7.0,hf_builds,2.7.1/builds.json,https://huggingface.co/datasets/LvlUrArti/ShiyuDataProcessed/resolve/main/2.7.1/builds.json,ok
2.7.2,2026-04-21,sd,式舆防卫,5-3,第5防线 3,2.7.2,式舆防卫 2.7.2,2026-04-17,2026-05-01,koleda,Koleda Belobog,珂蕾妲·贝洛伯格,辅助,S,0.52,28534,118,6,2.14,60.0,60.0,7.0,hf_builds,2.7.2/builds.json,https://huggingface.co/datasets/LvlUrArti/ShiyuDataProcessed/resolve/main/2.7.2/builds.json,ok
2.8.1,2026-05-11,sd,式舆防卫,5-3,第5防线 3,2.7.3,式舆防卫 2.7.3,2026-05-01,2026-05-15,koleda,Koleda Belobog,珂蕾妲·贝洛伯格,辅助,S,0.11,0,88,5,2.11,60.0,58.89,7.0,hf_builds,2.8.1/builds.json,https://huggingface.co/datasets/LvlUrArti/ShiyuDataProcessed/resolve/main/2.8.1/builds.json,ok
2.8.2,2026-06-02,sd,式舆防卫,5-3,第5防线 3,2.8.2,式舆防卫 2.8.2,2026-05-29,2026-06-12,koleda,Koleda Belobog,珂蕾妲·贝洛伯格,辅助,S,0.05,0,108,7,2.16,60.0,60.0,6.93,hf_builds,2.8.2/builds.json,https://huggingface.co/datasets/LvlUrArti/ShiyuDataProcessed/resolve/main/2.8.2/builds.json,ok
3.0.1,2026-06-21,sd,式舆防卫,5-3,第5防线 3,2.8.3,式舆防卫 2.8.3,2026-06-12,2026-06-26,koleda,Koleda Belobog,珂蕾妲·贝洛伯格,辅助,S,0.27,25980,176,12,2.51,60.0,59.49,7.0,hf_builds,3.0.1/builds.json,https://huggingface.co/datasets/LvlUrArti/ShiyuDataProcessed/resolve/main/3.0.1/builds.json,ok
2.6.1,2026-02-17,sd,式舆防卫,5-3,第5防线 3,2.6.1,式舆防卫 2.6.1,2026-02-06,2026-02-20,lighter,Lighter,莱特,辅助,S,10.92,31709,2487,409,0.37,60.0,59.62,6.99,hf_builds,2.6.1/builds.json,https://huggingface.co/datasets/LvlUrArti/ShiyuDataProcessed/resolve/main/2.6.1/builds.json,ok
2.6.2,2026-03-10,sd,式舆防卫,5-3,第5防线 3,2.6.3,式舆防卫 2.6.3,2026-03-06,2026-03-20,lighter,Lighter,莱特,辅助,S,0.23,26911,843,411,0.54,60.0,59.85,7.0,hf_builds,2.6.2/builds.json,https://huggingface.co/datasets/LvlUrArti/ShiyuDataProcessed/resolve/main/2.6.2/builds.json,ok
2.7.1,2026-03-31,sd,式舆防卫,5-3,第5防线 3,2.6.4,式舆防卫 2.6.4,2026-03-20,2026-04-03,lighter,Lighter,莱特,辅助,S,3.54,27020,935,440,0.59,60.0,59.54,7.0,hf_builds,2.7.1/builds.json,https://huggingface.co/datasets/LvlUrArti/ShiyuDataProcessed/resolve/main/2.7.1/builds.json,ok
2.7.2,2026-04-21,sd,式舆防卫,5-3,第5防线 3,2.7.2,式舆防卫 2.7.2,2026-04-17,2026-05-01,lighter,Lighter,莱特,辅助,S,2.23,26609,389,272,0.72,60.0,59.87,7.0,hf_builds,2.7.2/builds.json,https://huggingface.co/datasets/LvlUrArti/ShiyuDataProcessed/resolve/main/2.7.2/builds.json,ok
2.8.1,2026-05-11,sd,式舆防卫,5-3,第5防线 3,2.7.3,式舆防卫 2.7.3,2026-05-01,2026-05-15,lighter,Lighter,莱特,辅助,S,0.26,27006,454,243,0.72,60.0,59.56,6.99,hf_builds,2.8.1/builds.json,https://huggingface.co/datasets/LvlUrArti/ShiyuDataProcessed/resolve/main/2.8.1/builds.json,ok
2.8.2,2026-06-02,sd,式舆防卫,5-3,第5防线 3,2.8.2,式舆防卫 2.8.2,2026-05-29,2026-06-12,lighter,Lighter,莱特,辅助,S,0.19,19257,499,124,0.62,60.0,59.95,6.98,hf_builds,2.8.2/builds.json,https://huggingface.co/datasets/LvlUrArti/ShiyuDataProcessed/resolve/main/2.8.2/builds.json,ok
3.0.1,2026-06-21,sd,式舆防卫,5-3,第5防线 3,2.8.3,式舆防卫 2.8.3,2026-06-12,2026-06-26,lighter,Lighter,莱特,辅助,S,4.92,27450,1113,354,0.51,60.0,59.88,7.0,hf_builds,3.0.1/builds.json,https://huggingface.co/datasets/LvlUrArti/ShiyuDataProcessed/resolve/main/3.0.1/builds.json,ok
2.6.1,2026-02-17,sd,式舆防卫,5-3,第5防线 3,2.6.1,式舆防卫 2.6.1,2026-02-06,2026-02-20,lucia,Lucia,卢西娅,辅助,S,55.02,31962,12533,1076,0.13,60.0,58.99,6.99,hf_builds,2.6.1/builds.json,https://huggingface.co/datasets/LvlUrArti/ShiyuDataProcessed/resolve/main/2.6.1/builds.json,ok
2.6.2,2026-03-10,sd,式舆防卫,5-3,第5防线 3,2.6.3,式舆防卫 2.6.3,2026-03-06,2026-03-20,lucia,Lucia,卢西娅,辅助,S,35.04,32292,10397,1945,0.14,59.99,59.19,6.99,hf_builds,2.6.2/builds.json,https://huggingface.co/datasets/LvlUrArti/ShiyuDataProcessed/resolve/main/2.6.2/builds.json,ok
2.7.1,2026-03-31,sd,式舆防卫,5-3,第5防线 3,2.6.4,式舆防卫 2.6.4,2026-03-20,2026-04-03,lucia,Lucia,卢西娅,辅助,S,41.79,32261,13487,1755,0.13,60.0,59.1,6.99,hf_builds,2.7.1/builds.json,https://huggingface.co/datasets/LvlUrArti/ShiyuDataProcessed/resolve/main/2.7.1/builds.json,ok
2.7.2,2026-04-21,sd,式舆防卫,5-3,第5防线 3,2.7.2,式舆防卫 2.7.2,2026-04-17,2026-05-01,lucia,Lucia,卢西娅,辅助,S,35.83,31898,9944,1501,0.15,60.0,59.28,6.99,hf_builds,2.7.2/builds.json,https://huggingface.co/datasets/LvlUrArti/ShiyuDataProcessed/resolve/main/2.7.2/builds.json,ok
2.8.1,2026-05-11,sd,式舆防卫,5-3,第5防线 3,2.7.3,式舆防卫 2.7.3,2026-05-01,2026-05-15,lucia,Lucia,卢西娅,辅助,S,11.62,28227,8475,1219,0.16,60.0,59.39,6.99,hf_builds,2.8.1/builds.json,https://huggingface.co/datasets/LvlUrArti/ShiyuDataProcessed/resolve/main/2.8.1/builds.json,ok
2.8.2,2026-06-02,sd,式舆防卫,5-3,第5防线 3,2.8.2,式舆防卫 2.8.2,2026-05-29,2026-06-12,lucia,Lucia,卢西娅,辅助,S,3.65,23811,5685,468,0.21,59.99,59.54,6.99,hf_builds,2.8.2/builds.json,https://huggingface.co/datasets/LvlUrArti/ShiyuDataProcessed/resolve/main/2.8.2/builds.json,ok
3.0.1,2026-06-21,sd,式舆防卫,5-3,第5防线 3,2.8.3,式舆防卫 2.8.3,2026-06-12,2026-06-26,lucia,Lucia,卢西娅,辅助,S,3.18,27603,10977,1266,0.17,60.0,59.33,6.99,hf_builds,3.0.1/builds.json,https://huggingface.co/datasets/LvlUrArti/ShiyuDataProcessed/resolve/main/3.0.1/builds.json,ok
2.6.1,2026-02-17,sd,式舆防卫,5-3,第5防线 3,2.6.1,式舆防卫 2.6.1,2026-02-06,2026-02-20,lucy,Luciana de Montefio,露西亚娜·德·蒙特夫,辅助,A,1.01,27333,437,17,5.98,60.0,59.6,7.0,hf_builds,2.6.1/builds.json,https://huggingface.co/datasets/LvlUrArti/ShiyuDataProcessed/resolve/main/2.6.1/builds.json,ok
2.6.2,2026-03-10,sd,式舆防卫,5-3,第5防线 3,2.6.3,式舆防卫 2.6.3,2026-03-06,2026-03-20,lucy,Luciana de Montefio,露西亚娜·德·蒙特夫,辅助,A,0.18,0,144,12,5.96,60.0,60.0,7.0,hf_builds,2.6.2/builds.json,https://huggingface.co/datasets/LvlUrArti/ShiyuDataProcessed/resolve/main/2.6.2/builds.json,ok
2.7.1,2026-03-31,sd,式舆防卫,5-3,第5防线 3,2.6.4,式舆防卫 2.6.4,2026-03-20,2026-04-03,lucy,Luciana de Montefio,露西亚娜·德·蒙特夫,辅助,A,0.51,25853,198,10,5.99,60.0,60.0,7.0,hf_builds,2.7.1/builds.json,https://huggingface.co/datasets/LvlUrArti/ShiyuDataProcessed/resolve/main/2.7.1/builds.json,ok
2.7.2,2026-04-21,sd,式舆防卫,5-3,第5防线 3,2.7.2,式舆防卫 2.7.2,2026-04-17,2026-05-01,lucy,Luciana de Montefio,露西亚娜·德·蒙特夫,辅助,A,0.29,26073,90,9,6.0,60.0,57.25,7.0,hf_builds,2.7.2/builds.json,https://huggingface.co/datasets/LvlUrArti/ShiyuDataProcessed/resolve/main/2.7.2/builds.json,ok
2.8.1,2026-05-11,sd,式舆防卫,5-3,第5防线 3,2.7.3,式舆防卫 2.7.3,2026-05-01,2026-05-15,lucy,Luciana de Montefio,露西亚娜·德·蒙特夫,辅助,A,0.2,29172,104,8,6.0,60.0,60.0,7.0,hf_builds,2.8.1/builds.json,https://huggingface.co/datasets/LvlUrArti/ShiyuDataProcessed/resolve/main/2.8.1/builds.json,ok
2.8.2,2026-06-02,sd,式舆防卫,5-3,第5防线 3,2.8.2,式舆防卫 2.8.2,2026-05-29,2026-06-12,lucy,Luciana de Montefio,露西亚娜·德·蒙特夫,辅助,A,0.26,21503,144,3,5.98,60.0,60.0,7.0,hf_builds,2.8.2/builds.json,https://huggingface.co/datasets/LvlUrArti/ShiyuDataProcessed/resolve/main/2.8.2/builds.json,ok
3.0.1,2026-06-21,sd,式舆防卫,5-3,第5防线 3,2.8.3,式舆防卫 2.8.3,2026-06-12,2026-06-26,lucy,Luciana de Montefio,露西亚娜·德·蒙特夫,辅助,A,0.31,28052,146,6,5.99,60.0,60.0,7.0,hf_builds,3.0.1/builds.json,https://huggingface.co/datasets/LvlUrArti/ShiyuDataProcessed/resolve/main/3.0.1/builds.json,ok
2.6.1,2026-02-17,sd,式舆防卫,5-3,第5防线 3,2.6.1,式舆防卫 2.6.1,2026-02-06,2026-02-20,lycaon,Von Lycaon,冯·莱卡恩,辅助,S,0.18,27102,466,89,2.12,60.0,59.85,7.0,hf_builds,2.6.1/builds.json,https://huggingface.co/datasets/LvlUrArti/ShiyuDataProcessed/resolve/main/2.6.1/builds.json,ok
2.6.2,2026-03-10,sd,式舆防卫,5-3,第5防线 3,2.6.3,式舆防卫 2.6.3,2026-03-06,2026-03-20,lycaon,Von Lycaon,冯·莱卡恩,辅助,S,2.19,28139,500,107,2.18,60.0,58.55,6.97,hf_builds,2.6.2/builds.json,https://huggingface.co/datasets/LvlUrArti/ShiyuDataProcessed/resolve/main/2.6.2/builds.json,ok
2.7.1,2026-03-31,sd,式舆防卫,5-3,第5防线 3,2.6.4,式舆防卫 2.6.4,2026-03-20,2026-04-03,lycaon,Von Lycaon,冯·莱卡恩,辅助,S,6.04,30625,1745,230,2.28,59.99,58.84,6.97,hf_builds,2.7.1/builds.json,https://huggingface.co/datasets/LvlUrArti/ShiyuDataProcessed/resolve/main/2.7.1/builds.json,ok
2.7.2,2026-04-21,sd,式舆防卫,5-3,第5防线 3,2.7.2,式舆防卫 2.7.2,2026-04-17,2026-05-01,lycaon,Von Lycaon,冯·莱卡恩,辅助,S,5.33,29223,878,150,2.28,59.98,58.95,6.98,hf_builds,2.7.2/builds.json,https://huggingface.co/datasets/LvlUrArti/ShiyuDataProcessed/resolve/main/2.7.2/builds.json,ok
2.8.1,2026-05-11,sd,式舆防卫,5-3,第5防线 3,2.7.3,式舆防卫 2.7.3,2026-05-01,2026-05-15,lycaon,Von Lycaon,冯·莱卡恩,辅助,S,1.34,27941,509,114,2.21,59.99,59.37,6.98,hf_builds,2.8.1/builds.json,https://huggingface.co/datasets/LvlUrArti/ShiyuDataProcessed/resolve/main/2.8.1/builds.json,ok
2.8.2,2026-06-02,sd,式舆防卫,5-3,第5防线 3,2.8.2,式舆防卫 2.8.2,2026-05-29,2026-06-12,lycaon,Von Lycaon,冯·莱卡恩,辅助,S,0.11,0,598,71,2.26,60.0,59.75,6.99,hf_builds,2.8.2/builds.json,https://huggingface.co/datasets/LvlUrArti/ShiyuDataProcessed/resolve/main/2.8.2/builds.json,ok
3.0.1,2026-06-21,sd,式舆防卫,5-3,第5防线 3,2.8.3,式舆防卫 2.8.3,2026-06-12,2026-06-26,lycaon,Von Lycaon,冯·莱卡恩,辅助,S,0.36,27360,581,142,2.48,60.0,59.87,6.98,hf_builds,3.0.1/builds.json,https://huggingface.co/datasets/LvlUrArti/ShiyuDataProcessed/resolve/main/3.0.1/builds.json,ok
2.6.1,2026-02-17,sd,式舆防卫,5-3,第5防线 3,2.6.1,式舆防卫 2.6.1,2026-02-06,2026-02-20,manato,Komano Manato,狛野真斗,直伤主C,A,1.16,27712,247,44,5.76,60.0,60.0,7.0,hf_builds,2.6.1/builds.json,https://huggingface.co/datasets/LvlUrArti/ShiyuDataProcessed/resolve/main/2.6.1/builds.json,ok
2.6.2,2026-03-10,sd,式舆防卫,5-3,第5防线 3,2.6.3,式舆防卫 2.6.3,2026-03-06,2026-03-20,manato,Komano Manato,狛野真斗,直伤主C,A,0.01,0,248,108,5.74,60.0,60.0,7.0,hf_builds,2.6.2/builds.json,https://huggingface.co/datasets/LvlUrArti/ShiyuDataProcessed/resolve/main/2.6.2/builds.json,ok
2.7.1,2026-03-31,sd,式舆防卫,5-3,第5防线 3,2.6.4,式舆防卫 2.6.4,2026-03-20,2026-04-03,manato,Komano Manato,狛野真斗,直伤主C,A,0.89,28369,178,77,5.78,60.0,60.0,7.0,hf_builds,2.7.1/builds.json,https://huggingface.co/datasets/LvlUrArti/ShiyuDataProcessed/resolve/main/2.7.1/builds.json,ok
2.7.2,2026-04-21,sd,式舆防卫,5-3,第5防线 3,2.7.2,式舆防卫 2.7.2,2026-04-17,2026-05-01,manato,Komano Manato,狛野真斗,直伤主C,A,0.41,26658,62,29,5.92,60.0,60.0,7.0,hf_builds,2.7.2/builds.json,https://huggingface.co/datasets/LvlUrArti/ShiyuDataProcessed/resolve/main/2.7.2/builds.json,ok
2.8.1,2026-05-11,sd,式舆防卫,5-3,第5防线 3,2.7.3,式舆防卫 2.7.3,2026-05-01,2026-05-15,manato,Komano Manato,狛野真斗,直伤主C,A,0.01,0,10,9,5.8,60.0,60.0,7.0,hf_builds,2.8.1/builds.json,https://huggingface.co/datasets/LvlUrArti/ShiyuDataProcessed/resolve/main/2.8.1/builds.json,ok
2.8.2,2026-06-02,sd,式舆防卫,5-3,第5防线 3,2.8.2,式舆防卫 2.8.2,2026-05-29,2026-06-12,manato,Komano Manato,狛野真斗,直伤主C,A,0.02,0,84,10,5.85,60.0,60.0,7.0,hf_builds,2.8.2/builds.json,https://huggingface.co/datasets/LvlUrArti/ShiyuDataProcessed/resolve/main/2.8.2/builds.json,ok
3.0.1,2026-06-21,sd,式舆防卫,5-3,第5防线 3,2.8.3,式舆防卫 2.8.3,2026-06-12,2026-06-26,manato,Komano Manato,狛野真斗,直伤主C,A,0.04,0,60,25,5.99,60.0,60.0,7.0,hf_builds,3.0.1/builds.json,https://huggingface.co/datasets/LvlUrArti/ShiyuDataProcessed/resolve/main/3.0.1/builds.json,ok
2.6.1,2026-02-17,sd,式舆防卫,5-3,第5防线 3,2.6.1,式舆防卫 2.6.1,2026-02-06,2026-02-20,miyabi,Hoshimi Miyabi,星见 雅,异常主C,S,1.18,28804,7702,3381,1.08,60.0,59.99,7.0,hf_builds,2.6.1/builds.json,https://huggingface.co/datasets/LvlUrArti/ShiyuDataProcessed/resolve/main/2.6.1/builds.json,ok
2.6.2,2026-03-10,sd,式舆防卫,5-3,第5防线 3,2.6.3,式舆防卫 2.6.3,2026-03-06,2026-03-20,miyabi,Hoshimi Miyabi,星见 雅,异常主C,S,15.2,30426,4597,4740,1.84,60.0,59.98,7.0,hf_builds,2.6.2/builds.json,https://huggingface.co/datasets/LvlUrArti/ShiyuDataProcessed/resolve/main/2.6.2/builds.json,ok
2.7.1,2026-03-31,sd,式舆防卫,5-3,第5防线 3,2.6.4,式舆防卫 2.6.4,2026-03-20,2026-04-03,miyabi,Hoshimi Miyabi,星见 雅,异常主C,S,34.24,27742,10044,7603,1.17,60.0,59.98,7.0,hf_builds,2.7.1/builds.json,https://huggingface.co/datasets/LvlUrArti/ShiyuDataProcessed/resolve/main/2.7.1/builds.json,ok
2.7.2,2026-04-21,sd,式舆防卫,5-3,第5防线 3,2.7.2,式舆防卫 2.7.2,2026-04-17,2026-05-01,miyabi,Hoshimi Miyabi,星见 雅,异常主C,S,38.45,28747,7268,6855,1.5,60.0,59.99,7.0,hf_builds,2.7.2/builds.json,https://huggingface.co/datasets/LvlUrArti/ShiyuDataProcessed/resolve/main/2.7.2/builds.json,ok
2.8.1,2026-05-11,sd,式舆防卫,5-3,第5防线 3,2.7.3,式舆防卫 2.7.3,2026-05-01,2026-05-15,miyabi,Hoshimi Miyabi,星见 雅,异常主C,S,39.92,34532,8878,6687,1.24,60.0,59.95,7.0,hf_builds,2.8.1/builds.json,https://huggingface.co/datasets/LvlUrArti/ShiyuDataProcessed/resolve/main/2.8.1/builds.json,ok
2.8.2,2026-06-02,sd,式舆防卫,5-3,第5防线 3,2.8.2,式舆防卫 2.8.2,2026-05-29,2026-06-12,miyabi,Hoshimi Miyabi,星见 雅,异常主C,S,3.12,24411,8049,3650,1.12,60.0,59.98,7.0,hf_builds,2.8.2/builds.json,https://huggingface.co/datasets/LvlUrArti/ShiyuDataProcessed/resolve/main/2.8.2/builds.json,ok
3.0.1,2026-06-21,sd,式舆防卫,5-3,第5防线 3,2.8.3,式舆防卫 2.8.3,2026-06-12,2026-06-26,miyabi,Hoshimi Miyabi,星见 雅,异常主C,S,2.15,28506,11101,7761,1.28,60.0,59.95,7.0,hf_builds,3.0.1/builds.json,https://huggingface.co/datasets/LvlUrArti/ShiyuDataProcessed/resolve/main/3.0.1/builds.json,ok
2.7.1,2026-03-31,sd,式舆防卫,5-3,第5防线 3,2.6.4,式舆防卫 2.6.4,2026-03-20,2026-04-03,nangong-yu,Nangong Yu,南宫羽,辅助,S,3.09,30220,3865,1527,0.08,59.97,59.52,6.83,hf_builds,2.7.1/builds.json,https://huggingface.co/datasets/LvlUrArti/ShiyuDataProcessed/resolve/main/2.7.1/builds.json,ok
2.7.2,2026-04-21,sd,式舆防卫,5-3,第5防线 3,2.7.2,式舆防卫 2.7.2,2026-04-17,2026-05-01,nangong-yu,Nangong Yu,南宫羽,辅助,S,17.99,30720,9028,3622,0.11,60.0,59.78,6.98,hf_builds,2.7.2/builds.json,https://huggingface.co/datasets/LvlUrArti/ShiyuDataProcessed/resolve/main/2.7.2/builds.json,ok
2.8.1,2026-05-11,sd,式舆防卫,5-3,第5防线 3,2.7.3,式舆防卫 2.7.3,2026-05-01,2026-05-15,nangong-yu,Nangong Yu,南宫羽,辅助,S,54.21,35219,11607,3743,0.12,60.0,59.77,6.99,hf_builds,2.8.1/builds.json,https://huggingface.co/datasets/LvlUrArti/ShiyuDataProcessed/resolve/main/2.8.1/builds.json,ok
2.8.2,2026-06-02,sd,式舆防卫,5-3,第5防线 3,2.8.2,式舆防卫 2.8.2,2026-05-29,2026-06-12,nangong-yu,Nangong Yu,南宫羽,辅助,S,1.87,24856,7185,1539,0.12,60.0,59.92,6.99,hf_builds,2.8.2/builds.json,https://huggingface.co/datasets/LvlUrArti/ShiyuDataProcessed/resolve/main/2.8.2/builds.json,ok
3.0.1,2026-06-21,sd,式舆防卫,5-3,第5防线 3,2.8.3,式舆防卫 2.8.3,2026-06-12,2026-06-26,nangong-yu,Nangong Yu,南宫羽,辅助,S,1.02,28272,9686,2982,0.13,60.0,59.86,6.99,hf_builds,3.0.1/builds.json,https://huggingface.co/datasets/LvlUrArti/ShiyuDataProcessed/resolve/main/3.0.1/builds.json,ok
2.6.1,2026-02-17,sd,式舆防卫,5-3,第5防线 3,2.6.1,式舆防卫 2.6.1,2026-02-06,2026-02-20,nekomata,Nekomiya Mana,猫宫 又奈,直伤主C,S,0.04,0,80,24,3.42,60.0,58.98,7.0,hf_builds,2.6.1/builds.json,https://huggingface.co/datasets/LvlUrArti/ShiyuDataProcessed/resolve/main/2.6.1/builds.json,ok
2.6.2,2026-03-10,sd,式舆防卫,5-3,第5防线 3,2.6.3,式舆防卫 2.6.3,2026-03-06,2026-03-20,nekomata,Nekomiya Mana,猫宫 又奈,直伤主C,S,0.01,0,66,49,3.48,60.0,60.0,6.99,hf_builds,2.6.2/builds.json,https://huggingface.co/datasets/LvlUrArti/ShiyuDataProcessed/resolve/main/2.6.2/builds.json,ok
2.7.1,2026-03-31,sd,式舆防卫,5-3,第5防线 3,2.6.4,式舆防卫 2.6.4,2026-03-20,2026-04-03,nekomata,Nekomiya Mana,猫宫 又奈,直伤主C,S,0.0,0,50,42,3.97,60.0,60.0,7.0,hf_builds,2.7.1/builds.json,https://huggingface.co/datasets/LvlUrArti/ShiyuDataProcessed/resolve/main/2.7.1/builds.json,ok
2.7.2,2026-04-21,sd,式舆防卫,5-3,第5防线 3,2.7.2,式舆防卫 2.7.2,2026-04-17,2026-05-01,nekomata,Nekomiya Mana,猫宫 又奈,直伤主C,S,0.0,0,26,21,3.71,60.0,60.0,6.99,hf_builds,2.7.2/builds.json,https://huggingface.co/datasets/LvlUrArti/ShiyuDataProcessed/resolve/main/2.7.2/builds.json,ok
2.8.1,2026-05-11,sd,式舆防卫,5-3,第5防线 3,2.7.3,式舆防卫 2.7.3,2026-05-01,2026-05-15,nekomata,Nekomiya Mana,猫宫 又奈,直伤主C,S,0.01,0,41,30,4.3,60.0,60.0,7.0,hf_builds,2.8.1/builds.json,https://huggingface.co/datasets/LvlUrArti/ShiyuDataProcessed/resolve/main/2.8.1/builds.json,ok
2.8.2,2026-06-02,sd,式舆防卫,5-3,第5防线 3,2.8.2,式舆防卫 2.8.2,2026-05-29,2026-06-12,nekomata,Nekomiya Mana,猫宫 又奈,直伤主C,S,0.12,0,35,16,3.98,60.0,58.52,7.0,hf_builds,2.8.2/builds.json,https://huggingface.co/datasets/LvlUrArti/ShiyuDataProcessed/resolve/main/2.8.2/builds.json,ok
3.0.1,2026-06-21,sd,式舆防卫,5-3,第5防线 3,2.8.3,式舆防卫 2.8.3,2026-06-12,2026-06-26,nekomata,Nekomiya Mana,猫宫 又奈,直伤主C,S,0.11,30686,38,39,4.36,60.0,60.0,7.0,hf_builds,3.0.1/builds.json,https://huggingface.co/datasets/LvlUrArti/ShiyuDataProcessed/resolve/main/3.0.1/builds.json,ok
2.6.1,2026-02-17,sd,式舆防卫,5-3,第5防线 3,2.6.1,式舆防卫 2.6.1,2026-02-06,2026-02-20,nicole-demara,Nicole Demara,妮可·德玛拉,辅助,A,1.58,27822,1382,40,5.99,60.0,59.7,6.95,hf_builds,2.6.1/builds.json,https://huggingface.co/datasets/LvlUrArti/ShiyuDataProcessed/resolve/main/2.6.1/builds.json,ok
2.6.2,2026-03-10,sd,式舆防卫,5-3,第5防线 3,2.6.3,式舆防卫 2.6.3,2026-03-06,2026-03-20,nicole-demara,Nicole Demara,妮可·德玛拉,辅助,A,2.29,28063,830,57,5.99,59.95,59.72,6.95,hf_builds,2.6.2/builds.json,https://huggingface.co/datasets/LvlUrArti/ShiyuDataProcessed/resolve/main/2.6.2/builds.json,ok
2.7.1,2026-03-31,sd,式舆防卫,5-3,第5防线 3,2.6.4,式舆防卫 2.6.4,2026-03-20,2026-04-03,nicole-demara,Nicole Demara,妮可·德玛拉,辅助,A,1.49,26749,885,58,6.0,59.91,58.99,6.98,hf_builds,2.7.1/builds.json,https://huggingface.co/datasets/LvlUrArti/ShiyuDataProcessed/resolve/main/2.7.1/builds.json,ok
2.7.2,2026-04-21,sd,式舆防卫,5-3,第5防线 3,2.7.2,式舆防卫 2.7.2,2026-04-17,2026-05-01,nicole-demara,Nicole Demara,妮可·德玛拉,辅助,A,1.22,26989,476,49,6.0,60.0,59.39,7.0,hf_builds,2.7.2/builds.json,https://huggingface.co/datasets/LvlUrArti/ShiyuDataProcessed/resolve/main/2.7.2/builds.json,ok
2.8.1,2026-05-11,sd,式舆防卫,5-3,第5防线 3,2.7.3,式舆防卫 2.7.3,2026-05-01,2026-05-15,nicole-demara,Nicole Demara,妮可·德玛拉,辅助,A,1.57,29980,687,38,5.99,60.0,59.22,7.0,hf_builds,2.8.1/builds.json,https://huggingface.co/datasets/LvlUrArti/ShiyuDataProcessed/resolve/main/2.8.1/builds.json,ok
2.8.2,2026-06-02,sd,式舆防卫,5-3,第5防线 3,2.8.2,式舆防卫 2.8.2,2026-05-29,2026-06-12,nicole-demara,Nicole Demara,妮可·德玛拉,辅助,A,1.27,23073,478,13,5.99,60.0,59.35,7.0,hf_builds,2.8.2/builds.json,https://huggingface.co/datasets/LvlUrArti/ShiyuDataProcessed/resolve/main/2.8.2/builds.json,ok
3.0.1,2026-06-21,sd,式舆防卫,5-3,第5防线 3,2.8.3,式舆防卫 2.8.3,2026-06-12,2026-06-26,nicole-demara,Nicole Demara,妮可·德玛拉,辅助,A,0.74,27648,496,32,6.0,60.0,58.84,7.0,hf_builds,3.0.1/builds.json,https://huggingface.co/datasets/LvlUrArti/ShiyuDataProcessed/resolve/main/3.0.1/builds.json,ok
2.6.1,2026-02-17,sd,式舆防卫,5-3,第5防线 3,2.6.1,式舆防卫 2.6.1,2026-02-06,2026-02-20,orphie-and-magus,"Orphie Magnusson & ""Magus""",奥菲丝·马格努森 & 「鬼火」,直伤主C,S,2.37,30651,4714,813,0.14,59.99,59.77,6.99,hf_builds,2.6.1/builds.json,https://huggingface.co/datasets/LvlUrArti/ShiyuDataProcessed/resolve/main/2.6.1/builds.json,ok
2.6.2,2026-03-10,sd,式舆防卫,5-3,第5防线 3,2.6.3,式舆防卫 2.6.3,2026-03-06,2026-03-20,orphie-and-magus,"Orphie Magnusson & ""Magus""",奥菲丝·马格努森 & 「鬼火」,直伤主C,S,0.08,0,3110,1272,0.15,59.99,59.93,6.99,hf_builds,2.6.2/builds.json,https://huggingface.co/datasets/LvlUrArti/ShiyuDataProcessed/resolve/main/2.6.2/builds.json,ok
2.7.1,2026-03-31,sd,式舆防卫,5-3,第5防线 3,2.6.4,式舆防卫 2.6.4,2026-03-20,2026-04-03,orphie-and-magus,"Orphie Magnusson & ""Magus""",奥菲丝·马格努森 & 「鬼火」,直伤主C,S,1.17,27486,727,405,0.37,60.0,59.82,7.0,hf_builds,2.7.1/builds.json,https://huggingface.co/datasets/LvlUrArti/ShiyuDataProcessed/resolve/main/2.7.1/builds.json,ok
2.7.2,2026-04-21,sd,式舆防卫,5-3,第5防线 3,2.7.2,式舆防卫 2.7.2,2026-04-17,2026-05-01,orphie-and-magus,"Orphie Magnusson & ""Magus""",奥菲丝·马格努森 & 「鬼火」,直伤主C,S,0.41,27589,1717,741,0.14,60.0,59.78,7.0,hf_builds,2.7.2/builds.json,https://huggingface.co/datasets/LvlUrArti/ShiyuDataProcessed/resolve/main/2.7.2/builds.json,ok
2.8.1,2026-05-11,sd,式舆防卫,5-3,第5防线 3,2.7.3,式舆防卫 2.7.3,2026-05-01,2026-05-15,orphie-and-magus,"Orphie Magnusson & ""Magus""",奥菲丝·马格努森 & 「鬼火」,直伤主C,S,0.03,0,3259,933,0.15,60.0,59.82,7.0,hf_builds,2.8.1/builds.json,https://huggingface.co/datasets/LvlUrArti/ShiyuDataProcessed/resolve/main/2.8.1/builds.json,ok
2.8.2,2026-06-02,sd,式舆防卫,5-3,第5防线 3,2.8.2,式舆防卫 2.8.2,2026-05-29,2026-06-12,orphie-and-magus,"Orphie Magnusson & ""Magus""",奥菲丝·马格努森 & 「鬼火」,直伤主C,S,14.42,27460,2106,402,0.24,60.0,60.0,7.0,hf_builds,2.8.2/builds.json,https://huggingface.co/datasets/LvlUrArti/ShiyuDataProcessed/resolve/main/2.8.2/builds.json,ok
3.0.1,2026-06-21,sd,式舆防卫,5-3,第5防线 3,2.8.3,式舆防卫 2.8.3,2026-06-12,2026-06-26,orphie-and-magus,"Orphie Magnusson & ""Magus""",奥菲丝·马格努森 & 「鬼火」,直伤主C,S,7.77,29475,1546,594,0.38,60.0,58.9,6.99,hf_builds,3.0.1/builds.json,https://huggingface.co/datasets/LvlUrArti/ShiyuDataProcessed/resolve/main/3.0.1/builds.json,ok
2.6.1,2026-02-17,sd,式舆防卫,5-3,第5防线 3,2.6.1,式舆防卫 2.6.1,2026-02-06,2026-02-20,pan-yinhu,Pan Yinhu,潘引壶,辅助,A,10.19,28732,2396,36,5.53,60.0,59.75,6.91,hf_builds,2.6.1/builds.json,https://huggingface.co/datasets/LvlUrArti/ShiyuDataProcessed/resolve/main/2.6.1/builds.json,ok
2.6.2,2026-03-10,sd,式舆防卫,5-3,第5防线 3,2.6.3,式舆防卫 2.6.3,2026-03-06,2026-03-20,pan-yinhu,Pan Yinhu,潘引壶,辅助,A,7.32,29555,1771,48,5.58,59.9,59.09,6.87,hf_builds,2.6.2/builds.json,https://huggingface.co/datasets/LvlUrArti/ShiyuDataProcessed/resolve/main/2.6.2/builds.json,ok
2.7.1,2026-03-31,sd,式舆防卫,5-3,第5防线 3,2.6.4,式舆防卫 2.6.4,2026-03-20,2026-04-03,pan-yinhu,Pan Yinhu,潘引壶,辅助,A,4.28,29795,2107,46,5.64,60.0,58.7,6.91,hf_builds,2.7.1/builds.json,https://huggingface.co/datasets/LvlUrArti/ShiyuDataProcessed/resolve/main/2.7.1/builds.json,ok
2.7.2,2026-04-21,sd,式舆防卫,5-3,第5防线 3,2.7.2,式舆防卫 2.7.2,2026-04-17,2026-05-01,pan-yinhu,Pan Yinhu,潘引壶,辅助,A,4.47,28171,1362,37,5.72,60.0,59.69,6.95,hf_builds,2.7.2/builds.json,https://huggingface.co/datasets/LvlUrArti/ShiyuDataProcessed/resolve/main/2.7.2/builds.json,ok
2.8.1,2026-05-11,sd,式舆防卫,5-3,第5防线 3,2.7.3,式舆防卫 2.7.3,2026-05-01,2026-05-15,pan-yinhu,Pan Yinhu,潘引壶,辅助,A,1.99,26813,1046,38,5.73,60.0,60.0,6.97,hf_builds,2.8.1/builds.json,https://huggingface.co/datasets/LvlUrArti/ShiyuDataProcessed/resolve/main/2.8.1/builds.json,ok
2.8.2,2026-06-02,sd,式舆防卫,5-3,第5防线 3,2.8.2,式舆防卫 2.8.2,2026-05-29,2026-06-12,pan-yinhu,Pan Yinhu,潘引壶,辅助,A,0.5,21194,604,18,5.71,60.0,60.0,6.96,hf_builds,2.8.2/builds.json,https://huggingface.co/datasets/LvlUrArti/ShiyuDataProcessed/resolve/main/2.8.2/builds.json,ok
3.0.1,2026-06-21,sd,式舆防卫,5-3,第5防线 3,2.8.3,式舆防卫 2.8.3,2026-06-12,2026-06-26,pan-yinhu,Pan Yinhu,潘引壶,辅助,A,0.38,26546,1062,28,5.84,59.84,59.67,6.93,hf_builds,3.0.1/builds.json,https://huggingface.co/datasets/LvlUrArti/ShiyuDataProcessed/resolve/main/3.0.1/builds.json,ok
2.6.1,2026-02-17,sd,式舆防卫,5-3,第5防线 3,2.6.1,式舆防卫 2.6.1,2026-02-06,2026-02-20,piper,Piper Wheel,派派·韦尔,异常主C,A,0.25,27647,106,22,5.99,60.0,60.0,7.0,hf_builds,2.6.1/builds.json,https://huggingface.co/datasets/LvlUrArti/ShiyuDataProcessed/resolve/main/2.6.1/builds.json,ok
2.6.2,2026-03-10,sd,式舆防卫,5-3,第5防线 3,2.6.3,式舆防卫 2.6.3,2026-03-06,2026-03-20,piper,Piper Wheel,派派·韦尔,异常主C,A,0.46,31183,134,39,5.97,60.0,60.0,7.0,hf_builds,2.6.2/builds.json,https://huggingface.co/datasets/LvlUrArti/ShiyuDataProcessed/resolve/main/2.6.2/builds.json,ok
2.7.1,2026-03-31,sd,式舆防卫,5-3,第5防线 3,2.6.4,式舆防卫 2.6.4,2026-03-20,2026-04-03,piper,Piper Wheel,派派·韦尔,异常主C,A,0.04,0,153,38,5.98,60.0,60.0,6.98,hf_builds,2.7.1/builds.json,https://huggingface.co/datasets/LvlUrArti/ShiyuDataProcessed/resolve/main/2.7.1/builds.json,ok
2.7.2,2026-04-21,sd,式舆防卫,5-3,第5防线 3,2.7.2,式舆防卫 2.7.2,2026-04-17,2026-05-01,piper,Piper Wheel,派派·韦尔,异常主C,A,0.01,0,58,17,6.0,60.0,60.0,7.0,hf_builds,2.7.2/builds.json,https://huggingface.co/datasets/LvlUrArti/ShiyuDataProcessed/resolve/main/2.7.2/builds.json,ok
2.8.1,2026-05-11,sd,式舆防卫,5-3,第5防线 3,2.7.3,式舆防卫 2.7.3,2026-05-01,2026-05-15,piper,Piper Wheel,派派·韦尔,异常主C,A,0.37,31132,110,31,6.0,60.0,60.0,7.0,hf_builds,2.8.1/builds.json,https://huggingface.co/datasets/LvlUrArti/ShiyuDataProcessed/resolve/main/2.8.1/builds.json,ok
2.8.2,2026-06-02,sd,式舆防卫,5-3,第5防线 3,2.8.2,式舆防卫 2.8.2,2026-05-29,2026-06-12,piper,Piper Wheel,派派·韦尔,异常主C,A,0.19,21041,59,8,5.99,60.0,60.0,7.0,hf_builds,2.8.2/builds.json,https://huggingface.co/datasets/LvlUrArti/ShiyuDataProcessed/resolve/main/2.8.2/builds.json,ok
3.0.1,2026-06-21,sd,式舆防卫,5-3,第5防线 3,2.8.3,式舆防卫 2.8.3,2026-06-12,2026-06-26,piper,Piper Wheel,派派·韦尔,异常主C,A,0.22,28225,65,21,5.99,60.0,60.0,7.0,hf_builds,3.0.1/builds.json,https://huggingface.co/datasets/LvlUrArti/ShiyuDataProcessed/resolve/main/3.0.1/builds.json,ok
2.8.1,2026-05-11,sd,式舆防卫,5-3,第5防线 3,2.7.3,式舆防卫 2.7.3,2026-05-01,2026-05-15,promeia,Promeia,普罗米娅,异常主C,S,4.77,36056,942,426,0.1,59.98,59.85,6.97,hf_builds,2.8.1/builds.json,https://huggingface.co/datasets/LvlUrArti/ShiyuDataProcessed/resolve/main/2.8.1/builds.json,ok
2.8.2,2026-06-02,sd,式舆防卫,5-3,第5防线 3,2.8.2,式舆防卫 2.8.2,2026-05-29,2026-06-12,promeia,Promeia,普罗米娅,异常主C,S,0.09,0,3273,773,0.13,60.0,59.9,6.99,hf_builds,2.8.2/builds.json,https://huggingface.co/datasets/LvlUrArti/ShiyuDataProcessed/resolve/main/2.8.2/builds.json,ok
3.0.1,2026-06-21,sd,式舆防卫,5-3,第5防线 3,2.8.3,式舆防卫 2.8.3,2026-06-12,2026-06-26,promeia,Promeia,普罗米娅,异常主C,S,0.21,29781,4466,1605,0.14,60.0,59.76,6.99,hf_builds,3.0.1/builds.json,https://huggingface.co/datasets/LvlUrArti/ShiyuDataProcessed/resolve/main/3.0.1/builds.json,ok
2.6.1,2026-02-17,sd,式舆防卫,5-3,第5防线 3,2.6.1,式舆防卫 2.6.1,2026-02-06,2026-02-20,pulchra,Pulchra Fellini,波可娜·费雷尼,辅助,A,1.41,27630,636,16,5.98,60.0,60.0,6.93,hf_builds,2.6.1/builds.json,https://huggingface.co/datasets/LvlUrArti/ShiyuDataProcessed/resolve/main/2.6.1/builds.json,ok
2.6.2,2026-03-10,sd,式舆防卫,5-3,第5防线 3,2.6.3,式舆防卫 2.6.3,2026-03-06,2026-03-20,pulchra,Pulchra Fellini,波可娜·费雷尼,辅助,A,1.09,29459,416,21,5.98,59.46,58.9,6.75,hf_builds,2.6.2/builds.json,https://huggingface.co/datasets/LvlUrArti/ShiyuDataProcessed/resolve/main/2.6.2/builds.json,ok
2.7.1,2026-03-31,sd,式舆防卫,5-3,第5防线 3,2.6.4,式舆防卫 2.6.4,2026-03-20,2026-04-03,pulchra,Pulchra Fellini,波可娜·费雷尼,辅助,A,0.46,29080,321,14,5.97,60.0,60.0,6.88,hf_builds,2.7.1/builds.json,https://huggingface.co/datasets/LvlUrArti/ShiyuDataProcessed/resolve/main/2.7.1/builds.json,ok
2.7.2,2026-04-21,sd,式舆防卫,5-3,第5防线 3,2.7.2,式舆防卫 2.7.2,2026-04-17,2026-05-01,pulchra,Pulchra Fellini,波可娜·费雷尼,辅助,A,0.39,26647,212,11,5.98,60.0,60.0,6.79,hf_builds,2.7.2/builds.json,https://huggingface.co/datasets/LvlUrArti/ShiyuDataProcessed/resolve/main/2.7.2/builds.json,ok
2.8.1,2026-05-11,sd,式舆防卫,5-3,第5防线 3,2.7.3,式舆防卫 2.7.3,2026-05-01,2026-05-15,pulchra,Pulchra Fellini,波可娜·费雷尼,辅助,A,0.21,27020,271,12,5.98,60.0,60.0,6.95,hf_builds,2.8.1/builds.json,https://huggingface.co/datasets/LvlUrArti/ShiyuDataProcessed/resolve/main/2.8.1/builds.json,ok
2.8.2,2026-06-02,sd,式舆防卫,5-3,第5防线 3,2.8.2,式舆防卫 2.8.2,2026-05-29,2026-06-12,pulchra,Pulchra Fellini,波可娜·费雷尼,辅助,A,0.56,19867,233,7,5.94,59.26,57.78,6.63,hf_builds,2.8.2/builds.json,https://huggingface.co/datasets/LvlUrArti/ShiyuDataProcessed/resolve/main/2.8.2/builds.json,ok
3.0.1,2026-06-21,sd,式舆防卫,5-3,第5防线 3,2.8.3,式舆防卫 2.8.3,2026-06-12,2026-06-26,pulchra,Pulchra Fellini,波可娜·费雷尼,辅助,A,0.27,27424,273,14,5.97,60.0,60.0,7.0,hf_builds,3.0.1/builds.json,https://huggingface.co/datasets/LvlUrArti/ShiyuDataProcessed/resolve/main/3.0.1/builds.json,ok
3.0.1,2026-06-21,sd,式舆防卫,5-3,第5防线 3,2.8.3,式舆防卫 2.8.3,2026-06-12,2026-06-26,pyrois,Pyrois,,直伤主C,S,0.04,0,19,12,1.85,59.98,59.83,6.79,hf_builds,3.0.1/builds.json,https://huggingface.co/datasets/LvlUrArti/ShiyuDataProcessed/resolve/main/3.0.1/builds.json,ok
2.6.1,2026-02-17,sd,式舆防卫,5-3,第5防线 3,2.6.1,式舆防卫 2.6.1,2026-02-06,2026-02-20,qingyi,Qingyi,青衣,辅助,S,0.91,27539,714,72,0.47,60.0,59.5,7.0,hf_builds,2.6.1/builds.json,https://huggingface.co/datasets/LvlUrArti/ShiyuDataProcessed/resolve/main/2.6.1/builds.json,ok
2.6.2,2026-03-10,sd,式舆防卫,5-3,第5防线 3,2.6.3,式舆防卫 2.6.3,2026-03-06,2026-03-20,qingyi,Qingyi,青衣,辅助,S,0.6,28052,308,81,0.51,59.98,59.63,6.99,hf_builds,2.6.2/builds.json,https://huggingface.co/datasets/LvlUrArti/ShiyuDataProcessed/resolve/main/2.6.2/builds.json,ok
2.7.1,2026-03-31,sd,式舆防卫,5-3,第5防线 3,2.6.4,式舆防卫 2.6.4,2026-03-20,2026-04-03,qingyi,Qingyi,青衣,辅助,S,0.37,29059,170,39,0.51,60.0,59.96,7.0,hf_builds,2.7.1/builds.json,https://huggingface.co/datasets/LvlUrArti/ShiyuDataProcessed/resolve/main/2.7.1/builds.json,ok
2.7.2,2026-04-21,sd,式舆防卫,5-3,第5防线 3,2.7.2,式舆防卫 2.7.2,2026-04-17,2026-05-01,qingyi,Qingyi,青衣,辅助,S,0.3,29360,234,71,0.59,60.0,59.93,7.0,hf_builds,2.7.2/builds.json,https://huggingface.co/datasets/LvlUrArti/ShiyuDataProcessed/resolve/main/2.7.2/builds.json,ok
2.8.1,2026-05-11,sd,式舆防卫,5-3,第5防线 3,2.7.3,式舆防卫 2.7.3,2026-05-01,2026-05-15,qingyi,Qingyi,青衣,辅助,S,0.09,0,358,76,0.58,60.0,59.8,7.0,hf_builds,2.8.1/builds.json,https://huggingface.co/datasets/LvlUrArti/ShiyuDataProcessed/resolve/main/2.8.1/builds.json,ok
2.8.2,2026-06-02,sd,式舆防卫,5-3,第5防线 3,2.8.2,式舆防卫 2.8.2,2026-05-29,2026-06-12,qingyi,Qingyi,青衣,辅助,S,1.14,20650,192,18,0.55,60.0,60.0,7.0,hf_builds,2.8.2/builds.json,https://huggingface.co/datasets/LvlUrArti/ShiyuDataProcessed/resolve/main/2.8.2/builds.json,ok
3.0.1,2026-06-21,sd,式舆防卫,5-3,第5防线 3,2.8.3,式舆防卫 2.8.3,2026-06-12,2026-06-26,qingyi,Qingyi,青衣,辅助,S,0.18,27245,103,28,0.78,60.0,60.0,6.98,hf_builds,3.0.1/builds.json,https://huggingface.co/datasets/LvlUrArti/ShiyuDataProcessed/resolve/main/3.0.1/builds.json,ok
2.6.1,2026-02-17,sd,式舆防卫,5-3,第5防线 3,2.6.1,式舆防卫 2.6.1,2026-02-06,2026-02-20,rina,Alexandrina Sebastiane,亚历山德丽娜·莎芭丝缇安,辅助,S,0.02,0,507,21,2.31,60.0,58.9,6.96,hf_builds,2.6.1/builds.json,https://huggingface.co/datasets/LvlUrArti/ShiyuDataProcessed/resolve/main/2.6.1/builds.json,ok
2.6.2,2026-03-10,sd,式舆防卫,5-3,第5防线 3,2.6.3,式舆防卫 2.6.3,2026-03-06,2026-03-20,rina,Alexandrina Sebastiane,亚历山德丽娜·莎芭丝缇安,辅助,S,0.04,0,125,20,2.5,60.0,57.26,6.94,hf_builds,2.6.2/builds.json,https://huggingface.co/datasets/LvlUrArti/ShiyuDataProcessed/resolve/main/2.6.2/builds.json,ok
2.7.1,2026-03-31,sd,式舆防卫,5-3,第5防线 3,2.6.4,式舆防卫 2.6.4,2026-03-20,2026-04-03,rina,Alexandrina Sebastiane,亚历山德丽娜·莎芭丝缇安,辅助,S,0.04,0,49,6,2.4,60.0,60.0,7.0,hf_builds,2.7.1/builds.json,https://huggingface.co/datasets/LvlUrArti/ShiyuDataProcessed/resolve/main/2.7.1/builds.json,ok
2.7.2,2026-04-21,sd,式舆防卫,5-3,第5防线 3,2.7.2,式舆防卫 2.7.2,2026-04-17,2026-05-01,rina,Alexandrina Sebastiane,亚历山德丽娜·莎芭丝缇安,辅助,S,0.03,0,83,13,2.48,60.0,60.0,6.91,hf_builds,2.7.2/builds.json,https://huggingface.co/datasets/LvlUrArti/ShiyuDataProcessed/resolve/main/2.7.2/builds.json,ok
2.8.1,2026-05-11,sd,式舆防卫,5-3,第5防线 3,2.7.3,式舆防卫 2.7.3,2026-05-01,2026-05-15,rina,Alexandrina Sebastiane,亚历山德丽娜·莎芭丝缇安,辅助,S,0.05,0,89,11,2.63,60.0,59.42,6.94,hf_builds,2.8.1/builds.json,https://huggingface.co/datasets/LvlUrArti/ShiyuDataProcessed/resolve/main/2.8.1/builds.json,ok
2.8.2,2026-06-02,sd,式舆防卫,5-3,第5防线 3,2.8.2,式舆防卫 2.8.2,2026-05-29,2026-06-12,rina,Alexandrina Sebastiane,亚历山德丽娜·莎芭丝缇安,辅助,S,0.65,23177,116,6,2.33,60.0,60.0,7.0,hf_builds,2.8.2/builds.json,https://huggingface.co/datasets/LvlUrArti/ShiyuDataProcessed/resolve/main/2.8.2/builds.json,ok
3.0.1,2026-06-21,sd,式舆防卫,5-3,第5防线 3,2.8.3,式舆防卫 2.8.3,2026-06-12,2026-06-26,rina,Alexandrina Sebastiane,亚历山德丽娜·莎芭丝缇安,辅助,S,0.06,0,40,9,2.87,60.0,60.0,6.93,hf_builds,3.0.1/builds.json,https://huggingface.co/datasets/LvlUrArti/ShiyuDataProcessed/resolve/main/3.0.1/builds.json,ok
2.6.1,2026-02-17,sd,式舆防卫,5-3,第5防线 3,2.6.1,式舆防卫 2.6.1,2026-02-06,2026-02-20,seed,Seed,「席德」,直伤主C,S,0.53,29692,3682,645,0.15,60.0,59.65,7.0,hf_builds,2.6.1/builds.json,https://huggingface.co/datasets/LvlUrArti/ShiyuDataProcessed/resolve/main/2.6.1/builds.json,ok
2.6.2,2026-03-10,sd,式舆防卫,5-3,第5防线 3,2.6.3,式舆防卫 2.6.3,2026-03-06,2026-03-20,seed,Seed,「席德」,直伤主C,S,0.02,0,2145,962,0.2,59.99,59.78,7.0,hf_builds,2.6.2/builds.json,https://huggingface.co/datasets/LvlUrArti/ShiyuDataProcessed/resolve/main/2.6.2/builds.json,ok
2.7.1,2026-03-31,sd,式舆防卫,5-3,第5防线 3,2.6.4,式舆防卫 2.6.4,2026-03-20,2026-04-03,seed,Seed,「席德」,直伤主C,S,0.21,26859,409,199,0.43,60.0,59.44,7.0,hf_builds,2.7.1/builds.json,https://huggingface.co/datasets/LvlUrArti/ShiyuDataProcessed/resolve/main/2.7.1/builds.json,ok
2.7.2,2026-04-21,sd,式舆防卫,5-3,第5防线 3,2.7.2,式舆防卫 2.7.2,2026-04-17,2026-05-01,seed,Seed,「席德」,直伤主C,S,0.03,0,2155,881,0.15,60.0,59.86,7.0,hf_builds,2.7.2/builds.json,https://huggingface.co/datasets/LvlUrArti/ShiyuDataProcessed/resolve/main/2.7.2/builds.json,ok
2.8.1,2026-05-11,sd,式舆防卫,5-3,第5防线 3,2.7.3,式舆防卫 2.7.3,2026-05-01,2026-05-15,seed,Seed,「席德」,直伤主C,S,0.01,0,4206,1235,0.18,60.0,59.87,7.0,hf_builds,2.8.1/builds.json,https://huggingface.co/datasets/LvlUrArti/ShiyuDataProcessed/resolve/main/2.8.1/builds.json,ok
2.8.2,2026-06-02,sd,式舆防卫,5-3,第5防线 3,2.8.2,式舆防卫 2.8.2,2026-05-29,2026-06-12,seed,Seed,「席德」,直伤主C,S,19.64,28325,2779,472,0.24,60.0,59.88,7.0,hf_builds,2.8.2/builds.json,https://huggingface.co/datasets/LvlUrArti/ShiyuDataProcessed/resolve/main/2.8.2/builds.json,ok
3.0.1,2026-06-21,sd,式舆防卫,5-3,第5防线 3,2.8.3,式舆防卫 2.8.3,2026-06-12,2026-06-26,seed,Seed,「席德」,直伤主C,S,5.18,30041,1104,477,0.45,60.0,59.69,7.0,hf_builds,3.0.1/builds.json,https://huggingface.co/datasets/LvlUrArti/ShiyuDataProcessed/resolve/main/3.0.1/builds.json,ok
2.6.1,2026-02-17,sd,式舆防卫,5-3,第5防线 3,2.6.1,式舆防卫 2.6.1,2026-02-06,2026-02-20,seth,Seth Lowell,赛斯·洛威尔,辅助,A,0.0,0,20,2,6.0,60.0,60.0,7.0,hf_builds,2.6.1/builds.json,https://huggingface.co/datasets/LvlUrArti/ShiyuDataProcessed/resolve/main/2.6.1/builds.json,ok
2.6.2,2026-03-10,sd,式舆防卫,5-3,第5防线 3,2.6.3,式舆防卫 2.6.3,2026-03-06,2026-03-20,seth,Seth Lowell,赛斯·洛威尔,辅助,A,0.02,0,8,1,5.85,60.0,60.0,7.0,hf_builds,2.6.2/builds.json,https://huggingface.co/datasets/LvlUrArti/ShiyuDataProcessed/resolve/main/2.6.2/builds.json,ok
2.7.1,2026-03-31,sd,式舆防卫,5-3,第5防线 3,2.6.4,式舆防卫 2.6.4,2026-03-20,2026-04-03,seth,Seth Lowell,赛斯·洛威尔,辅助,A,0.0,0,7,3,6.0,60.0,60.0,7.0,hf_builds,2.7.1/builds.json,https://huggingface.co/datasets/LvlUrArti/ShiyuDataProcessed/resolve/main/2.7.1/builds.json,ok
2.7.2,2026-04-21,sd,式舆防卫,5-3,第5防线 3,2.7.2,式舆防卫 2.7.2,2026-04-17,2026-05-01,seth,Seth Lowell,赛斯·洛威尔,辅助,A,0.0,0,6,2,5.88,60.0,60.0,7.0,hf_builds,2.7.2/builds.json,https://huggingface.co/datasets/LvlUrArti/ShiyuDataProcessed/resolve/main/2.7.2/builds.json,ok
2.8.1,2026-05-11,sd,式舆防卫,5-3,第5防线 3,2.7.3,式舆防卫 2.7.3,2026-05-01,2026-05-15,seth,Seth Lowell,赛斯·洛威尔,辅助,A,0.02,0,5,4,6.0,60.0,60.0,7.0,hf_builds,2.8.1/builds.json,https://huggingface.co/datasets/LvlUrArti/ShiyuDataProcessed/resolve/main/2.8.1/builds.json,ok
2.8.2,2026-06-02,sd,式舆防卫,5-3,第5防线 3,2.8.2,式舆防卫 2.8.2,2026-05-29,2026-06-12,seth,Seth Lowell,赛斯·洛威尔,辅助,A,0.09,0,14,1,6.0,60.0,60.0,7.0,hf_builds,2.8.2/builds.json,https://huggingface.co/datasets/LvlUrArti/ShiyuDataProcessed/resolve/main/2.8.2/builds.json,ok
3.0.1,2026-06-21,sd,式舆防卫,5-3,第5防线 3,2.8.3,式舆防卫 2.8.3,2026-06-12,2026-06-26,seth,Seth Lowell,赛斯·洛威尔,辅助,A,0.0,0,2,1,6.0,60.0,60.0,7.0,hf_builds,3.0.1/builds.json,https://huggingface.co/datasets/LvlUrArti/ShiyuDataProcessed/resolve/main/3.0.1/builds.json,ok
2.6.1,2026-02-17,sd,式舆防卫,5-3,第5防线 3,2.6.1,式舆防卫 2.6.1,2026-02-06,2026-02-20,soldier-11,Soldier 11,「11号」,直伤主C,S,3.66,30210,842,188,2.83,60.0,59.23,6.99,hf_builds,2.6.1/builds.json,https://huggingface.co/datasets/LvlUrArti/ShiyuDataProcessed/resolve/main/2.6.1/builds.json,ok
2.6.2,2026-03-10,sd,式舆防卫,5-3,第5防线 3,2.6.3,式舆防卫 2.6.3,2026-03-06,2026-03-20,soldier-11,Soldier 11,「11号」,直伤主C,S,0.07,0,247,171,3.3,60.0,59.38,7.0,hf_builds,2.6.2/builds.json,https://huggingface.co/datasets/LvlUrArti/ShiyuDataProcessed/resolve/main/2.6.2/builds.json,ok
2.7.1,2026-03-31,sd,式舆防卫,5-3,第5防线 3,2.6.4,式舆防卫 2.6.4,2026-03-20,2026-04-03,soldier-11,Soldier 11,「11号」,直伤主C,S,0.73,27194,199,139,3.5,60.0,60.0,7.0,hf_builds,2.7.1/builds.json,https://huggingface.co/datasets/LvlUrArti/ShiyuDataProcessed/resolve/main/2.7.1/builds.json,ok
2.7.2,2026-04-21,sd,式舆防卫,5-3,第5防线 3,2.7.2,式舆防卫 2.7.2,2026-04-17,2026-05-01,soldier-11,Soldier 11,「11号」,直伤主C,S,0.41,26983,88,76,3.44,60.0,58.52,7.0,hf_builds,2.7.2/builds.json,https://huggingface.co/datasets/LvlUrArti/ShiyuDataProcessed/resolve/main/2.7.2/builds.json,ok
2.8.1,2026-05-11,sd,式舆防卫,5-3,第5防线 3,2.7.3,式舆防卫 2.7.3,2026-05-01,2026-05-15,soldier-11,Soldier 11,「11号」,直伤主C,S,0.06,0,87,50,3.74,60.0,58.43,7.0,hf_builds,2.8.1/builds.json,https://huggingface.co/datasets/LvlUrArti/ShiyuDataProcessed/resolve/main/2.8.1/builds.json,ok
2.8.2,2026-06-02,sd,式舆防卫,5-3,第5防线 3,2.8.2,式舆防卫 2.8.2,2026-05-29,2026-06-12,soldier-11,Soldier 11,「11号」,直伤主C,S,0.12,0,129,28,3.35,60.0,60.0,7.0,hf_builds,2.8.2/builds.json,https://huggingface.co/datasets/LvlUrArti/ShiyuDataProcessed/resolve/main/2.8.2/builds.json,ok
3.0.1,2026-06-21,sd,式舆防卫,5-3,第5防线 3,2.8.3,式舆防卫 2.8.3,2026-06-12,2026-06-26,soldier-11,Soldier 11,「11号」,直伤主C,S,1.63,27646,322,161,3.72,60.0,58.57,7.0,hf_builds,3.0.1/builds.json,https://huggingface.co/datasets/LvlUrArti/ShiyuDataProcessed/resolve/main/3.0.1/builds.json,ok
2.6.1,2026-02-17,sd,式舆防卫,5-3,第5防线 3,2.6.1,式舆防卫 2.6.1,2026-02-06,2026-02-20,soukaku,Soukaku,苍角,辅助,A,0.1,0,885,21,5.99,60.0,59.19,6.91,hf_builds,2.6.1/builds.json,https://huggingface.co/datasets/LvlUrArti/ShiyuDataProcessed/resolve/main/2.6.1/builds.json,ok
2.6.2,2026-03-10,sd,式舆防卫,5-3,第5防线 3,2.6.3,式舆防卫 2.6.3,2026-03-06,2026-03-20,soukaku,Soukaku,苍角,辅助,A,1.03,28412,328,30,5.99,59.53,57.47,6.86,hf_builds,2.6.2/builds.json,https://huggingface.co/datasets/LvlUrArti/ShiyuDataProcessed/resolve/main/2.6.2/builds.json,ok
2.7.1,2026-03-31,sd,式舆防卫,5-3,第5防线 3,2.6.4,式舆防卫 2.6.4,2026-03-20,2026-04-03,soukaku,Soukaku,苍角,辅助,A,3.56,27699,827,36,5.99,59.94,59.4,6.85,hf_builds,2.7.1/builds.json,https://huggingface.co/datasets/LvlUrArti/ShiyuDataProcessed/resolve/main/2.7.1/builds.json,ok
2.7.2,2026-04-21,sd,式舆防卫,5-3,第5防线 3,2.7.2,式舆防卫 2.7.2,2026-04-17,2026-05-01,soukaku,Soukaku,苍角,辅助,A,2.18,27293,348,17,6.0,60.0,60.0,6.96,hf_builds,2.7.2/builds.json,https://huggingface.co/datasets/LvlUrArti/ShiyuDataProcessed/resolve/main/2.7.2/builds.json,ok
2.8.1,2026-05-11,sd,式舆防卫,5-3,第5防线 3,2.7.3,式舆防卫 2.7.3,2026-05-01,2026-05-15,soukaku,Soukaku,苍角,辅助,A,1.66,29807,362,21,5.99,60.0,60.0,6.97,hf_builds,2.8.1/builds.json,https://huggingface.co/datasets/LvlUrArti/ShiyuDataProcessed/resolve/main/2.8.1/builds.json,ok
2.8.2,2026-06-02,sd,式舆防卫,5-3,第5防线 3,2.8.2,式舆防卫 2.8.2,2026-05-29,2026-06-12,soukaku,Soukaku,苍角,辅助,A,0.06,0,405,9,5.99,60.0,55.53,7.0,hf_builds,2.8.2/builds.json,https://huggingface.co/datasets/LvlUrArti/ShiyuDataProcessed/resolve/main/2.8.2/builds.json,ok
3.0.1,2026-06-21,sd,式舆防卫,5-3,第5防线 3,2.8.3,式舆防卫 2.8.3,2026-06-12,2026-06-26,soukaku,Soukaku,苍角,辅助,A,0.07,0,455,19,5.99,59.85,51.66,6.97,hf_builds,3.0.1/builds.json,https://huggingface.co/datasets/LvlUrArti/ShiyuDataProcessed/resolve/main/3.0.1/builds.json,ok
2.6.1,2026-02-17,sd,式舆防卫,5-3,第5防线 3,2.6.1,式舆防卫 2.6.1,2026-02-06,2026-02-20,sunna,Sunna,千夏,辅助,S,1.1,33517,6513,916,0.06,59.98,59.5,6.96,hf_builds,2.6.1/builds.json,https://huggingface.co/datasets/LvlUrArti/ShiyuDataProcessed/resolve/main/2.6.1/builds.json,ok
2.6.2,2026-03-10,sd,式舆防卫,5-3,第5防线 3,2.6.3,式舆防卫 2.6.3,2026-03-06,2026-03-20,sunna,Sunna,千夏,辅助,S,27.04,33218,10438,2948,0.09,59.99,59.81,6.99,hf_builds,2.6.2/builds.json,https://huggingface.co/datasets/LvlUrArti/ShiyuDataProcessed/resolve/main/2.6.2/builds.json,ok
2.7.1,2026-03-31,sd,式舆防卫,5-3,第5防线 3,2.6.4,式舆防卫 2.6.4,2026-03-20,2026-04-03,sunna,Sunna,千夏,辅助,S,1.84,30557,12487,3350,0.09,59.99,59.7,6.99,hf_builds,2.7.1/builds.json,https://huggingface.co/datasets/LvlUrArti/ShiyuDataProcessed/resolve/main/2.7.1/builds.json,ok
2.7.2,2026-04-21,sd,式舆防卫,5-3,第5防线 3,2.7.2,式舆防卫 2.7.2,2026-04-17,2026-05-01,sunna,Sunna,千夏,辅助,S,2.14,30892,9130,3047,0.08,59.98,59.79,6.99,hf_builds,2.7.2/builds.json,https://huggingface.co/datasets/LvlUrArti/ShiyuDataProcessed/resolve/main/2.7.2/builds.json,ok
2.8.1,2026-05-11,sd,式舆防卫,5-3,第5防线 3,2.7.3,式舆防卫 2.7.3,2026-05-01,2026-05-15,sunna,Sunna,千夏,辅助,S,24.06,34171,11628,2853,0.08,59.98,59.74,6.99,hf_builds,2.8.1/builds.json,https://huggingface.co/datasets/LvlUrArti/ShiyuDataProcessed/resolve/main/2.8.1/builds.json,ok
2.8.2,2026-06-02,sd,式舆防卫,5-3,第5防线 3,2.8.2,式舆防卫 2.8.2,2026-05-29,2026-06-12,sunna,Sunna,千夏,辅助,S,21.99,34284,7437,1174,0.09,60.0,59.73,6.99,hf_builds,2.8.2/builds.json,https://huggingface.co/datasets/LvlUrArti/ShiyuDataProcessed/resolve/main/2.8.2/builds.json,ok
3.0.1,2026-06-21,sd,式舆防卫,5-3,第5防线 3,2.8.3,式舆防卫 2.8.3,2026-06-12,2026-06-26,sunna,Sunna,千夏,辅助,S,36.89,37307,10841,2319,0.08,60.0,59.42,6.99,hf_builds,3.0.1/builds.json,https://huggingface.co/datasets/LvlUrArti/ShiyuDataProcessed/resolve/main/3.0.1/builds.json,ok
2.6.1,2026-02-17,sd,式舆防卫,5-3,第5防线 3,2.6.1,式舆防卫 2.6.1,2026-02-06,2026-02-20,trigger,Trigger,「扳机」,辅助,S,3.01,29251,8539,1133,0.23,60.0,59.86,7.0,hf_builds,2.6.1/builds.json,https://huggingface.co/datasets/LvlUrArti/ShiyuDataProcessed/resolve/main/2.6.1/builds.json,ok
2.6.2,2026-03-10,sd,式舆防卫,5-3,第5防线 3,2.6.3,式舆防卫 2.6.3,2026-03-06,2026-03-20,trigger,Trigger,「扳机」,辅助,S,1.49,29688,5333,1678,0.25,60.0,59.86,7.0,hf_builds,2.6.2/builds.json,https://huggingface.co/datasets/LvlUrArti/ShiyuDataProcessed/resolve/main/2.6.2/builds.json,ok
2.7.1,2026-03-31,sd,式舆防卫,5-3,第5防线 3,2.6.4,式舆防卫 2.6.4,2026-03-20,2026-04-03,trigger,Trigger,「扳机」,辅助,S,2.37,29264,1990,699,0.38,60.0,59.8,7.0,hf_builds,2.7.1/builds.json,https://huggingface.co/datasets/LvlUrArti/ShiyuDataProcessed/resolve/main/2.7.1/builds.json,ok
2.7.2,2026-04-21,sd,式舆防卫,5-3,第5防线 3,2.7.2,式舆防卫 2.7.2,2026-04-17,2026-05-01,trigger,Trigger,「扳机」,辅助,S,0.94,28534,3693,1225,0.24,60.0,59.87,7.0,hf_builds,2.7.2/builds.json,https://huggingface.co/datasets/LvlUrArti/ShiyuDataProcessed/resolve/main/2.7.2/builds.json,ok
2.8.1,2026-05-11,sd,式舆防卫,5-3,第5防线 3,2.7.3,式舆防卫 2.7.3,2026-05-01,2026-05-15,trigger,Trigger,「扳机」,辅助,S,0.31,27221,5764,1391,0.27,60.0,59.85,7.0,hf_builds,2.8.1/builds.json,https://huggingface.co/datasets/LvlUrArti/ShiyuDataProcessed/resolve/main/2.8.1/builds.json,ok
2.8.2,2026-06-02,sd,式舆防卫,5-3,第5防线 3,2.8.2,式舆防卫 2.8.2,2026-05-29,2026-06-12,trigger,Trigger,「扳机」,辅助,S,27.39,27000,4050,582,0.28,60.0,59.88,7.0,hf_builds,2.8.2/builds.json,https://huggingface.co/datasets/LvlUrArti/ShiyuDataProcessed/resolve/main/2.8.2/builds.json,ok
3.0.1,2026-06-21,sd,式舆防卫,5-3,第5防线 3,2.8.3,式舆防卫 2.8.3,2026-06-12,2026-06-26,trigger,Trigger,「扳机」,辅助,S,9.34,29526,2328,690,0.37,60.0,59.89,7.0,hf_builds,3.0.1/builds.json,https://huggingface.co/datasets/LvlUrArti/ShiyuDataProcessed/resolve/main/3.0.1/builds.json,ok
2.6.1,2026-02-17,sd,式舆防卫,5-3,第5防线 3,2.6.1,式舆防卫 2.6.1,2026-02-06,2026-02-20,ukinami-yuzuha,Ukinami Yuzuha,浮波柚叶,辅助,S,6.1,30097,9153,1598,0.16,59.99,59.58,6.99,hf_builds,2.6.1/builds.json,https://huggingface.co/datasets/LvlUrArti/ShiyuDataProcessed/resolve/main/2.6.1/builds.json,ok
2.6.2,2026-03-10,sd,式舆防卫,5-3,第5防线 3,2.6.3,式舆防卫 2.6.3,2026-03-06,2026-03-20,ukinami-yuzuha,Ukinami Yuzuha,浮波柚叶,辅助,S,38.93,32992,10272,3722,0.26,60.0,59.8,6.99,hf_builds,2.6.2/builds.json,https://huggingface.co/datasets/LvlUrArti/ShiyuDataProcessed/resolve/main/2.6.2/builds.json,ok
2.7.1,2026-03-31,sd,式舆防卫,5-3,第5防线 3,2.6.4,式舆防卫 2.6.4,2026-03-20,2026-04-03,ukinami-yuzuha,Ukinami Yuzuha,浮波柚叶,辅助,S,23.97,28006,13641,3750,0.24,60.0,59.78,7.0,hf_builds,2.7.1/builds.json,https://huggingface.co/datasets/LvlUrArti/ShiyuDataProcessed/resolve/main/2.7.1/builds.json,ok
2.7.2,2026-04-21,sd,式舆防卫,5-3,第5防线 3,2.7.2,式舆防卫 2.7.2,2026-04-17,2026-05-01,ukinami-yuzuha,Ukinami Yuzuha,浮波柚叶,辅助,S,31.1,29057,8180,2794,0.28,60.0,59.85,7.0,hf_builds,2.7.2/builds.json,https://huggingface.co/datasets/LvlUrArti/ShiyuDataProcessed/resolve/main/2.7.2/builds.json,ok
2.8.1,2026-05-11,sd,式舆防卫,5-3,第5防线 3,2.7.3,式舆防卫 2.7.3,2026-05-01,2026-05-15,ukinami-yuzuha,Ukinami Yuzuha,浮波柚叶,辅助,S,47.47,34913,11329,2934,0.23,60.0,59.85,7.0,hf_builds,2.8.1/builds.json,https://huggingface.co/datasets/LvlUrArti/ShiyuDataProcessed/resolve/main/2.8.1/builds.json,ok
2.8.2,2026-06-02,sd,式舆防卫,5-3,第5防线 3,2.8.2,式舆防卫 2.8.2,2026-05-29,2026-06-12,ukinami-yuzuha,Ukinami Yuzuha,浮波柚叶,辅助,S,9.38,25833,10641,1586,0.22,60.0,59.86,7.0,hf_builds,2.8.2/builds.json,https://huggingface.co/datasets/LvlUrArti/ShiyuDataProcessed/resolve/main/2.8.2/builds.json,ok
3.0.1,2026-06-21,sd,式舆防卫,5-3,第5防线 3,2.8.3,式舆防卫 2.8.3,2026-06-12,2026-06-26,ukinami-yuzuha,Ukinami Yuzuha,浮波柚叶,辅助,S,6.88,29418,14829,3253,0.21,60.0,59.88,7.0,hf_builds,3.0.1/builds.json,https://huggingface.co/datasets/LvlUrArti/ShiyuDataProcessed/resolve/main/3.0.1/builds.json,ok
3.0.1,2026-06-21,sd,式舆防卫,5-3,第5防线 3,2.8.3,式舆防卫 2.8.3,2026-06-12,2026-06-26,velina,Velina,维琳娜·艾嘉德,异常主C,S,3.23,30941,2086,677,0.08,59.96,59.65,6.78,hf_builds,3.0.1/builds.json,https://huggingface.co/datasets/LvlUrArti/ShiyuDataProcessed/resolve/main/3.0.1/builds.json,ok
2.6.1,2026-02-17,sd,式舆防卫,5-3,第5防线 3,2.6.1,式舆防卫 2.6.1,2026-02-06,2026-02-20,vivian,Vivian Banshee,薇薇安·班希,异常主C,S,4.46,30064,4273,1303,0.26,60.0,59.78,6.99,hf_builds,2.6.1/builds.json,https://huggingface.co/datasets/LvlUrArti/ShiyuDataProcessed/resolve/main/2.6.1/builds.json,ok
2.6.2,2026-03-10,sd,式舆防卫,5-3,第5防线 3,2.6.3,式舆防卫 2.6.3,2026-03-06,2026-03-20,vivian,Vivian Banshee,薇薇安·班希,异常主C,S,18.3,31177,4041,2435,0.38,60.0,59.53,7.0,hf_builds,2.6.2/builds.json,https://huggingface.co/datasets/LvlUrArti/ShiyuDataProcessed/resolve/main/2.6.2/builds.json,ok
2.7.1,2026-03-31,sd,式舆防卫,5-3,第5防线 3,2.6.4,式舆防卫 2.6.4,2026-03-20,2026-04-03,vivian,Vivian Banshee,薇薇安·班希,异常主C,S,9.46,26988,5809,2574,0.29,60.0,59.65,7.0,hf_builds,2.7.1/builds.json,https://huggingface.co/datasets/LvlUrArti/ShiyuDataProcessed/resolve/main/2.7.1/builds.json,ok
2.7.2,2026-04-21,sd,式舆防卫,5-3,第5防线 3,2.7.2,式舆防卫 2.7.2,2026-04-17,2026-05-01,vivian,Vivian Banshee,薇薇安·班希,异常主C,S,7.31,27029,1783,1205,0.5,60.0,59.88,7.0,hf_builds,2.7.2/builds.json,https://huggingface.co/datasets/LvlUrArti/ShiyuDataProcessed/resolve/main/2.7.2/builds.json,ok
2.8.1,2026-05-11,sd,式舆防卫,5-3,第5防线 3,2.7.3,式舆防卫 2.7.3,2026-05-01,2026-05-15,vivian,Vivian Banshee,薇薇安·班希,异常主C,S,16.39,32841,3777,1709,0.33,60.0,59.81,7.0,hf_builds,2.8.1/builds.json,https://huggingface.co/datasets/LvlUrArti/ShiyuDataProcessed/resolve/main/2.8.1/builds.json,ok
2.8.2,2026-06-02,sd,式舆防卫,5-3,第5防线 3,2.8.2,式舆防卫 2.8.2,2026-05-29,2026-06-12,vivian,Vivian Banshee,薇薇安·班希,异常主C,S,2.13,24013,3397,861,0.28,59.99,59.8,7.0,hf_builds,2.8.2/builds.json,https://huggingface.co/datasets/LvlUrArti/ShiyuDataProcessed/resolve/main/2.8.2/builds.json,ok
3.0.1,2026-06-21,sd,式舆防卫,5-3,第5防线 3,2.8.3,式舆防卫 2.8.3,2026-06-12,2026-06-26,vivian,Vivian Banshee,薇薇安·班希,异常主C,S,0.99,28479,3992,1563,0.41,60.0,59.58,7.0,hf_builds,3.0.1/builds.json,https://huggingface.co/datasets/LvlUrArti/ShiyuDataProcessed/resolve/main/3.0.1/builds.json,ok
2.6.1,2026-02-17,sd,式舆防卫,5-3,第5防线 3,2.6.1,式舆防卫 2.6.1,2026-02-06,2026-02-20,yanagi,Tsukishiro Yanagi,月城 柳,异常主C,S,0.4,28842,5385,972,0.18,60.0,59.97,7.0,hf_builds,2.6.1/builds.json,https://huggingface.co/datasets/LvlUrArti/ShiyuDataProcessed/resolve/main/2.6.1/builds.json,ok
2.6.2,2026-03-10,sd,式舆防卫,5-3,第5防线 3,2.6.3,式舆防卫 2.6.3,2026-03-06,2026-03-20,yanagi,Tsukishiro Yanagi,月城 柳,异常主C,S,1.21,27900,1860,877,0.33,60.0,59.73,7.0,hf_builds,2.6.2/builds.json,https://huggingface.co/datasets/LvlUrArti/ShiyuDataProcessed/resolve/main/2.6.2/builds.json,ok
2.7.1,2026-03-31,sd,式舆防卫,5-3,第5防线 3,2.6.4,式舆防卫 2.6.4,2026-03-20,2026-04-03,yanagi,Tsukishiro Yanagi,月城 柳,异常主C,S,4.08,26524,1071,381,0.27,60.0,59.8,7.0,hf_builds,2.7.1/builds.json,https://huggingface.co/datasets/LvlUrArti/ShiyuDataProcessed/resolve/main/2.7.1/builds.json,ok
2.7.2,2026-04-21,sd,式舆防卫,5-3,第5防线 3,2.7.2,式舆防卫 2.7.2,2026-04-17,2026-05-01,yanagi,Tsukishiro Yanagi,月城 柳,异常主C,S,2.19,26322,1167,513,0.33,60.0,59.88,7.0,hf_builds,2.7.2/builds.json,https://huggingface.co/datasets/LvlUrArti/ShiyuDataProcessed/resolve/main/2.7.2/builds.json,ok
2.8.1,2026-05-11,sd,式舆防卫,5-3,第5防线 3,2.7.3,式舆防卫 2.7.3,2026-05-01,2026-05-15,yanagi,Tsukishiro Yanagi,月城 柳,异常主C,S,1.84,29648,1335,502,0.36,60.0,59.94,7.0,hf_builds,2.8.1/builds.json,https://huggingface.co/datasets/LvlUrArti/ShiyuDataProcessed/resolve/main/2.8.1/builds.json,ok
2.8.2,2026-06-02,sd,式舆防卫,5-3,第5防线 3,2.8.2,式舆防卫 2.8.2,2026-05-29,2026-06-12,yanagi,Tsukishiro Yanagi,月城 柳,异常主C,S,7.18,25509,1586,268,0.26,60.0,59.74,7.0,hf_builds,2.8.2/builds.json,https://huggingface.co/datasets/LvlUrArti/ShiyuDataProcessed/resolve/main/2.8.2/builds.json,ok
3.0.1,2026-06-21,sd,式舆防卫,5-3,第5防线 3,2.8.3,式舆防卫 2.8.3,2026-06-12,2026-06-26,yanagi,Tsukishiro Yanagi,月城 柳,异常主C,S,0.65,27514,1191,352,0.33,60.0,59.42,6.99,hf_builds,3.0.1/builds.json,https://huggingface.co/datasets/LvlUrArti/ShiyuDataProcessed/resolve/main/3.0.1/builds.json,ok
2.6.1,2026-02-17,sd,式舆防卫,5-3,第5防线 3,2.6.1,式舆防卫 2.6.1,2026-02-06,2026-02-20,ye-shunguang,Ye Shunguang,叶瞬光,直伤主C,S,2.3,34649,17624,6228,0.64,60.0,59.92,7.0,hf_builds,2.6.1/builds.json,https://huggingface.co/datasets/LvlUrArti/ShiyuDataProcessed/resolve/main/2.6.1/builds.json,ok
2.6.2,2026-03-10,sd,式舆防卫,5-3,第5防线 3,2.6.3,式舆防卫 2.6.3,2026-03-06,2026-03-20,ye-shunguang,Ye Shunguang,叶瞬光,直伤主C,S,1.47,33224,13553,11069,0.6,60.0,59.96,7.0,hf_builds,2.6.2/builds.json,https://huggingface.co/datasets/LvlUrArti/ShiyuDataProcessed/resolve/main/2.6.2/builds.json,ok
2.7.1,2026-03-31,sd,式舆防卫,5-3,第5防线 3,2.6.4,式舆防卫 2.6.4,2026-03-20,2026-04-03,ye-shunguang,Ye Shunguang,叶瞬光,直伤主C,S,1.9,31372,17246,10627,0.72,60.0,59.92,7.0,hf_builds,2.7.1/builds.json,https://huggingface.co/datasets/LvlUrArti/ShiyuDataProcessed/resolve/main/2.7.1/builds.json,ok
2.7.2,2026-04-21,sd,式舆防卫,5-3,第5防线 3,2.7.2,式舆防卫 2.7.2,2026-04-17,2026-05-01,ye-shunguang,Ye Shunguang,叶瞬光,直伤主C,S,4.35,29316,10223,8425,0.68,60.0,59.96,7.0,hf_builds,2.7.2/builds.json,https://huggingface.co/datasets/LvlUrArti/ShiyuDataProcessed/resolve/main/2.7.2/builds.json,ok
2.8.1,2026-05-11,sd,式舆防卫,5-3,第5防线 3,2.7.3,式舆防卫 2.7.3,2026-05-01,2026-05-15,ye-shunguang,Ye Shunguang,叶瞬光,直伤主C,S,0.56,29543,14651,9023,0.74,60.0,59.94,7.0,hf_builds,2.8.1/builds.json,https://huggingface.co/datasets/LvlUrArti/ShiyuDataProcessed/resolve/main/2.8.1/builds.json,ok
2.8.2,2026-06-02,sd,式舆防卫,5-3,第5防线 3,2.8.2,式舆防卫 2.8.2,2026-05-29,2026-06-12,ye-shunguang,Ye Shunguang,叶瞬光,直伤主C,S,32.36,32972,10793,4473,0.71,60.0,59.97,7.0,hf_builds,2.8.2/builds.json,https://huggingface.co/datasets/LvlUrArti/ShiyuDataProcessed/resolve/main/2.8.2/builds.json,ok
3.0.1,2026-06-21,sd,式舆防卫,5-3,第5防线 3,2.8.3,式舆防卫 2.8.3,2026-06-12,2026-06-26,ye-shunguang,Ye Shunguang,叶瞬光,直伤主C,S,56.12,35789,15800,9263,0.71,60.0,59.93,7.0,hf_builds,3.0.1/builds.json,https://huggingface.co/datasets/LvlUrArti/ShiyuDataProcessed/resolve/main/3.0.1/builds.json,ok
2.6.1,2026-02-17,sd,式舆防卫,5-3,第5防线 3,2.6.1,式舆防卫 2.6.1,2026-02-06,2026-02-20,yidhari,Yidhari,伊德海莉·墨菲,直伤主C,S,0.08,0,179,63,0.75,60.0,59.86,7.0,hf_builds,2.6.1/builds.json,https://huggingface.co/datasets/LvlUrArti/ShiyuDataProcessed/resolve/main/2.6.1/builds.json,ok
2.6.2,2026-03-10,sd,式舆防卫,5-3,第5防线 3,2.6.3,式舆防卫 2.6.3,2026-03-06,2026-03-20,yidhari,Yidhari,伊德海莉·墨菲,直伤主C,S,0.27,26273,148,124,0.22,60.0,59.4,7.0,hf_builds,2.6.2/builds.json,https://huggingface.co/datasets/LvlUrArti/ShiyuDataProcessed/resolve/main/2.6.2/builds.json,ok
2.7.1,2026-03-31,sd,式舆防卫,5-3,第5防线 3,2.6.4,式舆防卫 2.6.4,2026-03-20,2026-04-03,yidhari,Yidhari,伊德海莉·墨菲,直伤主C,S,9.47,30964,1852,837,0.31,60.0,59.32,7.0,hf_builds,2.7.1/builds.json,https://huggingface.co/datasets/LvlUrArti/ShiyuDataProcessed/resolve/main/2.7.1/builds.json,ok
2.7.2,2026-04-21,sd,式舆防卫,5-3,第5防线 3,2.7.2,式舆防卫 2.7.2,2026-04-17,2026-05-01,yidhari,Yidhari,伊德海莉·墨菲,直伤主C,S,8.75,30641,1290,714,0.41,60.0,59.86,7.0,hf_builds,2.7.2/builds.json,https://huggingface.co/datasets/LvlUrArti/ShiyuDataProcessed/resolve/main/2.7.2/builds.json,ok
2.8.1,2026-05-11,sd,式舆防卫,5-3,第5防线 3,2.7.3,式舆防卫 2.7.3,2026-05-01,2026-05-15,yidhari,Yidhari,伊德海莉·墨菲,直伤主C,S,0.15,27054,156,118,0.36,60.0,59.82,7.0,hf_builds,2.8.1/builds.json,https://huggingface.co/datasets/LvlUrArti/ShiyuDataProcessed/resolve/main/2.8.1/builds.json,ok
2.8.2,2026-06-02,sd,式舆防卫,5-3,第5防线 3,2.8.2,式舆防卫 2.8.2,2026-05-29,2026-06-12,yidhari,Yidhari,伊德海莉·墨菲,直伤主C,S,0.07,0,432,141,0.45,60.0,59.39,7.0,hf_builds,2.8.2/builds.json,https://huggingface.co/datasets/LvlUrArti/ShiyuDataProcessed/resolve/main/2.8.2/builds.json,ok
3.0.1,2026-06-21,sd,式舆防卫,5-3,第5防线 3,2.8.3,式舆防卫 2.8.3,2026-06-12,2026-06-26,yidhari,Yidhari,伊德海莉·墨菲,直伤主C,S,0.34,27069,359,212,0.56,60.0,59.88,7.0,hf_builds,3.0.1/builds.json,https://huggingface.co/datasets/LvlUrArti/ShiyuDataProcessed/resolve/main/3.0.1/builds.json,ok
2.6.1,2026-02-17,sd,式舆防卫,5-3,第5防线 3,2.6.1,式舆防卫 2.6.1,2026-02-06,2026-02-20,yixuan,Yixuan,仪玄,直伤主C,S,58.01,31593,13007,4738,0.49,60.0,59.91,7.0,hf_builds,2.6.1/builds.json,https://huggingface.co/datasets/LvlUrArti/ShiyuDataProcessed/resolve/main/2.6.1/builds.json,ok
2.6.2,2026-03-10,sd,式舆防卫,5-3,第5防线 3,2.6.3,式舆防卫 2.6.3,2026-03-06,2026-03-20,yixuan,Yixuan,仪玄,直伤主C,S,40.34,31722,10623,8872,0.65,60.0,59.87,7.0,hf_builds,2.6.2/builds.json,https://huggingface.co/datasets/LvlUrArti/ShiyuDataProcessed/resolve/main/2.6.2/builds.json,ok
2.7.1,2026-03-31,sd,式舆防卫,5-3,第5防线 3,2.6.4,式舆防卫 2.6.4,2026-03-20,2026-04-03,yixuan,Yixuan,仪玄,直伤主C,S,31.81,32279,12679,8352,0.57,60.0,59.9,7.0,hf_builds,2.7.1/builds.json,https://huggingface.co/datasets/LvlUrArti/ShiyuDataProcessed/resolve/main/2.7.1/builds.json,ok
2.7.2,2026-04-21,sd,式舆防卫,5-3,第5防线 3,2.7.2,式舆防卫 2.7.2,2026-04-17,2026-05-01,yixuan,Yixuan,仪玄,直伤主C,S,29.25,31902,9450,7636,0.73,60.0,59.94,7.0,hf_builds,2.7.2/builds.json,https://huggingface.co/datasets/LvlUrArti/ShiyuDataProcessed/resolve/main/2.7.2/builds.json,ok
2.8.1,2026-05-11,sd,式舆防卫,5-3,第5防线 3,2.7.3,式舆防卫 2.7.3,2026-05-01,2026-05-15,yixuan,Yixuan,仪玄,直伤主C,S,12.76,28045,8934,5914,0.7,60.0,59.94,7.0,hf_builds,2.8.1/builds.json,https://huggingface.co/datasets/LvlUrArti/ShiyuDataProcessed/resolve/main/2.8.1/builds.json,ok
2.8.2,2026-06-02,sd,式舆防卫,5-3,第5防线 3,2.8.2,式舆防卫 2.8.2,2026-05-29,2026-06-12,yixuan,Yixuan,仪玄,直伤主C,S,3.31,22672,3084,1422,0.92,60.0,59.72,7.0,hf_builds,2.8.2/builds.json,https://huggingface.co/datasets/LvlUrArti/ShiyuDataProcessed/resolve/main/2.8.2/builds.json,ok
3.0.1,2026-06-21,sd,式舆防卫,5-3,第5防线 3,2.8.3,式舆防卫 2.8.3,2026-06-12,2026-06-26,yixuan,Yixuan,仪玄,直伤主C,S,1.41,26733,7676,5297,0.74,60.0,59.89,7.0,hf_builds,3.0.1/builds.json,https://huggingface.co/datasets/LvlUrArti/ShiyuDataProcessed/resolve/main/3.0.1/builds.json,ok
2.6.1,2026-02-17,sd,式舆防卫,5-3,第5防线 3,2.6.1,式舆防卫 2.6.1,2026-02-06,2026-02-20,zhao,Zhao,照,辅助,S,2.51,33733,16521,710,0.04,59.99,59.26,6.91,hf_builds,2.6.1/builds.json,https://huggingface.co/datasets/LvlUrArti/ShiyuDataProcessed/resolve/main/2.6.1/builds.json,ok
2.6.2,2026-03-10,sd,式舆防卫,5-3,第5防线 3,2.6.3,式舆防卫 2.6.3,2026-03-06,2026-03-20,zhao,Zhao,照,辅助,S,4.08,31836,12823,1112,0.04,59.99,59.57,6.94,hf_builds,2.6.2/builds.json,https://huggingface.co/datasets/LvlUrArti/ShiyuDataProcessed/resolve/main/2.6.2/builds.json,ok
2.7.1,2026-03-31,sd,式舆防卫,5-3,第5防线 3,2.6.4,式舆防卫 2.6.4,2026-03-20,2026-04-03,zhao,Zhao,照,辅助,S,4.19,29662,16126,965,0.05,60.0,59.48,6.95,hf_builds,2.7.1/builds.json,https://huggingface.co/datasets/LvlUrArti/ShiyuDataProcessed/resolve/main/2.7.1/builds.json,ok
2.7.2,2026-04-21,sd,式舆防卫,5-3,第5防线 3,2.7.2,式舆防卫 2.7.2,2026-04-17,2026-05-01,zhao,Zhao,照,辅助,S,4.64,29556,9644,723,0.04,60.0,59.57,6.97,hf_builds,2.7.2/builds.json,https://huggingface.co/datasets/LvlUrArti/ShiyuDataProcessed/resolve/main/2.7.2/builds.json,ok
2.8.1,2026-05-11,sd,式舆防卫,5-3,第5防线 3,2.7.3,式舆防卫 2.7.3,2026-05-01,2026-05-15,zhao,Zhao,照,辅助,S,1.0,30485,13346,730,0.04,59.99,59.41,6.98,hf_builds,2.8.1/builds.json,https://huggingface.co/datasets/LvlUrArti/ShiyuDataProcessed/resolve/main/2.8.1/builds.json,ok
2.8.2,2026-06-02,sd,式舆防卫,5-3,第5防线 3,2.8.2,式舆防卫 2.8.2,2026-05-29,2026-06-12,zhao,Zhao,照,辅助,S,30.06,32827,9413,321,0.04,59.99,59.68,6.98,hf_builds,2.8.2/builds.json,https://huggingface.co/datasets/LvlUrArti/ShiyuDataProcessed/resolve/main/2.8.2/builds.json,ok
3.0.1,2026-06-21,sd,式舆防卫,5-3,第5防线 3,2.8.3,式舆防卫 2.8.3,2026-06-12,2026-06-26,zhao,Zhao,照,辅助,S,50.58,35725,14138,617,0.04,60.0,59.62,6.97,hf_builds,3.0.1/builds.json,https://huggingface.co/datasets/LvlUrArti/ShiyuDataProcessed/resolve/main/3.0.1/builds.json,ok
2.6.1,2026-02-17,sd,式舆防卫,5-3,第5防线 3,2.6.1,式舆防卫 2.6.1,2026-02-06,2026-02-20,zhu-yuan,Zhu Yuan,朱鸢,直伤主C,S,0.18,28083,71,24,0.82,60.0,57.08,7.0,hf_builds,2.6.1/builds.json,https://huggingface.co/datasets/LvlUrArti/ShiyuDataProcessed/resolve/main/2.6.1/builds.json,ok
2.6.2,2026-03-10,sd,式舆防卫,5-3,第5防线 3,2.6.3,式舆防卫 2.6.3,2026-03-06,2026-03-20,zhu-yuan,Zhu Yuan,朱鸢,直伤主C,S,0.52,26369,91,70,0.62,60.0,60.0,7.0,hf_builds,2.6.2/builds.json,https://huggingface.co/datasets/LvlUrArti/ShiyuDataProcessed/resolve/main/2.6.2/builds.json,ok
2.7.1,2026-03-31,sd,式舆防卫,5-3,第5防线 3,2.6.4,式舆防卫 2.6.4,2026-03-20,2026-04-03,zhu-yuan,Zhu Yuan,朱鸢,直伤主C,S,0.01,0,90,59,0.83,60.0,58.8,7.0,hf_builds,2.7.1/builds.json,https://huggingface.co/datasets/LvlUrArti/ShiyuDataProcessed/resolve/main/2.7.1/builds.json,ok
2.7.2,2026-04-21,sd,式舆防卫,5-3,第5防线 3,2.7.2,式舆防卫 2.7.2,2026-04-17,2026-05-01,zhu-yuan,Zhu Yuan,朱鸢,直伤主C,S,0.0,0,60,49,0.92,60.0,59.23,7.0,hf_builds,2.7.2/builds.json,https://huggingface.co/datasets/LvlUrArti/ShiyuDataProcessed/resolve/main/2.7.2/builds.json,ok
2.8.1,2026-05-11,sd,式舆防卫,5-3,第5防线 3,2.7.3,式舆防卫 2.7.3,2026-05-01,2026-05-15,zhu-yuan,Zhu Yuan,朱鸢,直伤主C,S,0.04,0,52,31,1.1,60.0,55.76,7.0,hf_builds,2.8.1/builds.json,https://huggingface.co/datasets/LvlUrArti/ShiyuDataProcessed/resolve/main/2.8.1/builds.json,ok
2.8.2,2026-06-02,sd,式舆防卫,5-3,第5防线 3,2.8.2,式舆防卫 2.8.2,2026-05-29,2026-06-12,zhu-yuan,Zhu Yuan,朱鸢,直伤主C,S,0.03,0,9,2,0.76,60.0,60.0,6.74,hf_builds,2.8.2/builds.json,https://huggingface.co/datasets/LvlUrArti/ShiyuDataProcessed/resolve/main/2.8.2/builds.json,ok
3.0.1,2026-06-21,sd,式舆防卫,5-3,第5防线 3,2.8.3,式舆防卫 2.8.3,2026-06-12,2026-06-26,zhu-yuan,Zhu Yuan,朱鸢,直伤主C,S,0.0,0,2,4,0.98,60.0,60.0,7.0,hf_builds,3.0.1/builds.json,https://huggingface.co/datasets/LvlUrArti/ShiyuDataProcessed/resolve/main/3.0.1/builds.json,ok
2.6.1,2026-02-17,sd,式舆防卫,all,全部,2.6.1,式舆防卫 2.6.1,2026-02-06,2026-02-20,alice,Alice Thymefield,爱丽丝·泰姆菲尔德,异常主C,S,8.74,30026,1950,611,0.46,59.99,59.88,6.99,hf_builds,2.6.1/builds.json,https://huggingface.co/datasets/LvlUrArti/ShiyuDataProcessed/resolve/main/2.6.1/builds.json,ok
2.6.2,2026-03-10,sd,式舆防卫,all,全部,2.6.3,式舆防卫 2.6.3,2026-03-06,2026-03-20,alice,Alice Thymefield,爱丽丝·泰姆菲尔德,异常主C,S,14.71,30430,2610,1611,0.45,60.0,59.84,7.0,hf_builds,2.6.2/builds.json,https://huggingface.co/datasets/LvlUrArti/ShiyuDataProcessed/resolve/main/2.6.2/builds.json,ok
2.7.1,2026-03-31,sd,式舆防卫,all,全部,2.6.4,式舆防卫 2.6.4,2026-03-20,2026-04-03,alice,Alice Thymefield,爱丽丝·泰姆菲尔德,异常主C,S,10.5,29637,2241,1224,0.55,60.0,59.82,7.0,hf_builds,2.7.1/builds.json,https://huggingface.co/datasets/LvlUrArti/ShiyuDataProcessed/resolve/main/2.7.1/builds.json,ok
2.7.2,2026-04-21,sd,式舆防卫,all,全部,2.7.2,式舆防卫 2.7.2,2026-04-17,2026-05-01,alice,Alice Thymefield,爱丽丝·泰姆菲尔德,异常主C,S,6.36,29221,1008,706,0.56,60.0,59.96,7.0,hf_builds,2.7.2/builds.json,https://huggingface.co/datasets/LvlUrArti/ShiyuDataProcessed/resolve/main/2.7.2/builds.json,ok
2.8.1,2026-05-11,sd,式舆防卫,all,全部,2.7.3,式舆防卫 2.7.3,2026-05-01,2026-05-15,alice,Alice Thymefield,爱丽丝·泰姆菲尔德,异常主C,S,5.82,30681,1180,699,0.69,59.99,59.84,7.0,hf_builds,2.8.1/builds.json,https://huggingface.co/datasets/LvlUrArti/ShiyuDataProcessed/resolve/main/2.8.1/builds.json,ok
2.8.2,2026-06-02,sd,式舆防卫,all,全部,2.8.2,式舆防卫 2.8.2,2026-05-29,2026-06-12,alice,Alice Thymefield,爱丽丝·泰姆菲尔德,异常主C,S,10.28,26565,1451,409,0.49,60.0,59.86,7.0,hf_builds,2.8.2/builds.json,https://huggingface.co/datasets/LvlUrArti/ShiyuDataProcessed/resolve/main/2.8.2/builds.json,ok
3.0.1,2026-06-21,sd,式舆防卫,all,全部,2.8.3,式舆防卫 2.8.3,2026-06-12,2026-06-26,alice,Alice Thymefield,爱丽丝·泰姆菲尔德,异常主C,S,7.14,28035,1441,712,0.57,60.0,59.72,7.0,hf_builds,3.0.1/builds.json,https://huggingface.co/datasets/LvlUrArti/ShiyuDataProcessed/resolve/main/3.0.1/builds.json,ok
2.6.1,2026-02-17,sd,式舆防卫,all,全部,2.6.1,式舆防卫 2.6.1,2026-02-06,2026-02-20,anby-demara,Anby Demara,安比·德玛拉,辅助,A,0.07,0,15,1,5.85,60.0,60.0,7.0,hf_builds,2.6.1/builds.json,https://huggingface.co/datasets/LvlUrArti/ShiyuDataProcessed/resolve/main/2.6.1/builds.json,ok
2.6.2,2026-03-10,sd,式舆防卫,all,全部,2.6.3,式舆防卫 2.6.3,2026-03-06,2026-03-20,anby-demara,Anby Demara,安比·德玛拉,辅助,A,0.05,0,8,4,5.88,60.0,60.0,7.0,hf_builds,2.6.2/builds.json,https://huggingface.co/datasets/LvlUrArti/ShiyuDataProcessed/resolve/main/2.6.2/builds.json,ok
2.7.1,2026-03-31,sd,式舆防卫,all,全部,2.6.4,式舆防卫 2.6.4,2026-03-20,2026-04-03,anby-demara,Anby Demara,安比·德玛拉,辅助,A,0.02,0,5,2,5.54,60.0,60.0,7.0,hf_builds,2.7.1/builds.json,https://huggingface.co/datasets/LvlUrArti/ShiyuDataProcessed/resolve/main/2.7.1/builds.json,ok
2.7.2,2026-04-21,sd,式舆防卫,all,全部,2.7.2,式舆防卫 2.7.2,2026-04-17,2026-05-01,anby-demara,Anby Demara,安比·德玛拉,辅助,A,0.05,0,8,3,5.69,60.0,60.0,7.0,hf_builds,2.7.2/builds.json,https://huggingface.co/datasets/LvlUrArti/ShiyuDataProcessed/resolve/main/2.7.2/builds.json,ok
2.8.1,2026-05-11,sd,式舆防卫,all,全部,2.7.3,式舆防卫 2.7.3,2026-05-01,2026-05-15,anby-demara,Anby Demara,安比·德玛拉,辅助,A,0.04,0,8,1,6.0,60.0,60.0,7.0,hf_builds,2.8.1/builds.json,https://huggingface.co/datasets/LvlUrArti/ShiyuDataProcessed/resolve/main/2.8.1/builds.json,ok
2.8.2,2026-06-02,sd,式舆防卫,all,全部,2.8.2,式舆防卫 2.8.2,2026-05-29,2026-06-12,anby-demara,Anby Demara,安比·德玛拉,辅助,A,0.1,0,14,0,5.6,0.0,0.0,0.0,hf_builds,2.8.2/builds.json,https://huggingface.co/datasets/LvlUrArti/ShiyuDataProcessed/resolve/main/2.8.2/builds.json,ok
3.0.1,2026-06-21,sd,式舆防卫,all,全部,2.8.3,式舆防卫 2.8.3,2026-06-12,2026-06-26,anby-demara,Anby Demara,安比·德玛拉,辅助,A,0.02,0,5,2,6.0,60.0,60.0,7.0,hf_builds,3.0.1/builds.json,https://huggingface.co/datasets/LvlUrArti/ShiyuDataProcessed/resolve/main/3.0.1/builds.json,ok
2.6.1,2026-02-17,sd,式舆防卫,all,全部,2.6.1,式舆防卫 2.6.1,2026-02-06,2026-02-20,anby-demara-soldier-0,Soldier 0 - Anby,零号·安比,直伤主C,S,31.32,34395,6990,1668,0.31,59.99,59.73,7.0,hf_builds,2.6.1/builds.json,https://huggingface.co/datasets/LvlUrArti/ShiyuDataProcessed/resolve/main/2.6.1/builds.json,ok
2.6.2,2026-03-10,sd,式舆防卫,all,全部,2.6.3,式舆防卫 2.6.3,2026-03-06,2026-03-20,anby-demara-soldier-0,Soldier 0 - Anby,零号·安比,直伤主C,S,24.71,30692,4384,2542,0.35,59.99,59.86,7.0,hf_builds,2.6.2/builds.json,https://huggingface.co/datasets/LvlUrArti/ShiyuDataProcessed/resolve/main/2.6.2/builds.json,ok
2.7.1,2026-03-31,sd,式舆防卫,all,全部,2.6.4,式舆防卫 2.6.4,2026-03-20,2026-04-03,anby-demara-soldier-0,Soldier 0 - Anby,零号·安比,直伤主C,S,2.67,28147,571,462,1.03,60.0,59.93,7.0,hf_builds,2.7.1/builds.json,https://huggingface.co/datasets/LvlUrArti/ShiyuDataProcessed/resolve/main/2.7.1/builds.json,ok
2.7.2,2026-04-21,sd,式舆防卫,all,全部,2.7.2,式舆防卫 2.7.2,2026-04-17,2026-05-01,anby-demara-soldier-0,Soldier 0 - Anby,零号·安比,直伤主C,S,16.67,31584,2641,1626,0.35,60.0,59.72,7.0,hf_builds,2.7.2/builds.json,https://huggingface.co/datasets/LvlUrArti/ShiyuDataProcessed/resolve/main/2.7.2/builds.json,ok
2.8.1,2026-05-11,sd,式舆防卫,all,全部,2.7.3,式舆防卫 2.7.3,2026-05-01,2026-05-15,anby-demara-soldier-0,Soldier 0 - Anby,零号·安比,直伤主C,S,22.96,29561,4655,2088,0.38,59.99,59.74,7.0,hf_builds,2.8.1/builds.json,https://huggingface.co/datasets/LvlUrArti/ShiyuDataProcessed/resolve/main/2.8.1/builds.json,ok
2.8.2,2026-06-02,sd,式舆防卫,all,全部,2.8.2,式舆防卫 2.8.2,2026-05-29,2026-06-12,anby-demara-soldier-0,Soldier 0 - Anby,零号·安比,直伤主C,S,23.31,26440,3289,893,0.4,60.0,59.88,7.0,hf_builds,2.8.2/builds.json,https://huggingface.co/datasets/LvlUrArti/ShiyuDataProcessed/resolve/main/2.8.2/builds.json,ok
3.0.1,2026-06-21,sd,式舆防卫,all,全部,2.8.3,式舆防卫 2.8.3,2026-06-12,2026-06-26,anby-demara-soldier-0,Soldier 0 - Anby,零号·安比,直伤主C,S,6.39,29549,1289,743,0.74,60.0,59.8,7.0,hf_builds,3.0.1/builds.json,https://huggingface.co/datasets/LvlUrArti/ShiyuDataProcessed/resolve/main/3.0.1/builds.json,ok
2.6.1,2026-02-17,sd,式舆防卫,all,全部,2.6.1,式舆防卫 2.6.1,2026-02-06,2026-02-20,anton,Anton Ivanov,安东·伊万诺夫,直伤主C,A,0.09,0,20,10,6.0,60.0,60.0,7.0,hf_builds,2.6.1/builds.json,https://huggingface.co/datasets/LvlUrArti/ShiyuDataProcessed/resolve/main/2.6.1/builds.json,ok
2.6.2,2026-03-10,sd,式舆防卫,all,全部,2.6.3,式舆防卫 2.6.3,2026-03-06,2026-03-20,anton,Anton Ivanov,安东·伊万诺夫,直伤主C,A,0.03,0,5,9,6.0,60.0,60.0,7.0,hf_builds,2.6.2/builds.json,https://huggingface.co/datasets/LvlUrArti/ShiyuDataProcessed/resolve/main/2.6.2/builds.json,ok
2.7.1,2026-03-31,sd,式舆防卫,all,全部,2.6.4,式舆防卫 2.6.4,2026-03-20,2026-04-03,anton,Anton Ivanov,安东·伊万诺夫,直伤主C,A,0.0,0,1,3,0.0,0.0,0.0,0.0,hf_builds,2.7.1/builds.json,https://huggingface.co/datasets/LvlUrArti/ShiyuDataProcessed/resolve/main/2.7.1/builds.json,ok
2.7.2,2026-04-21,sd,式舆防卫,all,全部,2.7.2,式舆防卫 2.7.2,2026-04-17,2026-05-01,anton,Anton Ivanov,安东·伊万诺夫,直伤主C,A,0.03,0,5,4,6.0,60.0,60.0,7.0,hf_builds,2.7.2/builds.json,https://huggingface.co/datasets/LvlUrArti/ShiyuDataProcessed/resolve/main/2.7.2/builds.json,ok
2.8.1,2026-05-11,sd,式舆防卫,all,全部,2.7.3,式舆防卫 2.7.3,2026-05-01,2026-05-15,anton,Anton Ivanov,安东·伊万诺夫,直伤主C,A,0.04,0,8,7,6.0,60.0,60.0,6.94,hf_builds,2.8.1/builds.json,https://huggingface.co/datasets/LvlUrArti/ShiyuDataProcessed/resolve/main/2.8.1/builds.json,ok
2.8.2,2026-06-02,sd,式舆防卫,all,全部,2.8.2,式舆防卫 2.8.2,2026-05-29,2026-06-12,anton,Anton Ivanov,安东·伊万诺夫,直伤主C,A,0.04,0,6,1,6.0,60.0,60.0,7.0,hf_builds,2.8.2/builds.json,https://huggingface.co/datasets/LvlUrArti/ShiyuDataProcessed/resolve/main/2.8.2/builds.json,ok
3.0.1,2026-06-21,sd,式舆防卫,all,全部,2.8.3,式舆防卫 2.8.3,2026-06-12,2026-06-26,anton,Anton Ivanov,安东·伊万诺夫,直伤主C,A,0.02,0,4,3,6.0,60.0,60.0,7.0,hf_builds,3.0.1/builds.json,https://huggingface.co/datasets/LvlUrArti/ShiyuDataProcessed/resolve/main/3.0.1/builds.json,ok
2.6.2,2026-03-10,sd,式舆防卫,all,全部,2.6.3,式舆防卫 2.6.3,2026-03-06,2026-03-20,aria,Aria,爱芮,异常主C,S,26.82,33048,4758,2090,0.14,59.98,59.82,6.96,hf_builds,2.6.2/builds.json,https://huggingface.co/datasets/LvlUrArti/ShiyuDataProcessed/resolve/main/2.6.2/builds.json,ok
2.7.1,2026-03-31,sd,式舆防卫,all,全部,2.6.4,式舆防卫 2.6.4,2026-03-20,2026-04-03,aria,Aria,爱芮,异常主C,S,29.79,31125,6360,2945,0.13,60.0,59.79,6.99,hf_builds,2.7.1/builds.json,https://huggingface.co/datasets/LvlUrArti/ShiyuDataProcessed/resolve/main/2.7.1/builds.json,ok
2.7.2,2026-04-21,sd,式舆防卫,all,全部,2.7.2,式舆防卫 2.7.2,2026-04-17,2026-05-01,aria,Aria,爱芮,异常主C,S,31.71,32276,5024,2772,0.11,60.0,59.82,6.99,hf_builds,2.7.2/builds.json,https://huggingface.co/datasets/LvlUrArti/ShiyuDataProcessed/resolve/main/2.7.2/builds.json,ok
2.8.1,2026-05-11,sd,式舆防卫,all,全部,2.7.3,式舆防卫 2.7.3,2026-05-01,2026-05-15,aria,Aria,爱芮,异常主C,S,30.46,34071,6174,2666,0.17,60.0,59.44,6.99,hf_builds,2.8.1/builds.json,https://huggingface.co/datasets/LvlUrArti/ShiyuDataProcessed/resolve/main/2.8.1/builds.json,ok
2.8.2,2026-06-02,sd,式舆防卫,all,全部,2.8.2,式舆防卫 2.8.2,2026-05-29,2026-06-12,aria,Aria,爱芮,异常主C,S,4.68,29076,660,271,0.16,59.99,59.56,6.99,hf_builds,2.8.2/builds.json,https://huggingface.co/datasets/LvlUrArti/ShiyuDataProcessed/resolve/main/2.8.2/builds.json,ok
3.0.1,2026-06-21,sd,式舆防卫,all,全部,2.8.3,式舆防卫 2.8.3,2026-06-12,2026-06-26,aria,Aria,爱芮,异常主C,S,5.26,30827,1062,618,0.27,60.0,59.71,7.0,hf_builds,3.0.1/builds.json,https://huggingface.co/datasets/LvlUrArti/ShiyuDataProcessed/resolve/main/3.0.1/builds.json,ok
2.6.1,2026-02-17,sd,式舆防卫,all,全部,2.6.1,式舆防卫 2.6.1,2026-02-06,2026-02-20,astra-yao,Astra Yao,耀嘉音,辅助,S,56.76,32242,12666,1703,0.33,60.0,59.3,6.99,hf_builds,2.6.1/builds.json,https://huggingface.co/datasets/LvlUrArti/ShiyuDataProcessed/resolve/main/2.6.1/builds.json,ok
2.6.2,2026-03-10,sd,式舆防卫,all,全部,2.6.3,式舆防卫 2.6.3,2026-03-06,2026-03-20,astra-yao,Astra Yao,耀嘉音,辅助,S,44.25,29956,7850,2394,0.38,60.0,59.56,6.99,hf_builds,2.6.2/builds.json,https://huggingface.co/datasets/LvlUrArti/ShiyuDataProcessed/resolve/main/2.6.2/builds.json,ok
2.7.1,2026-03-31,sd,式舆防卫,all,全部,2.6.4,式舆防卫 2.6.4,2026-03-20,2026-04-03,astra-yao,Astra Yao,耀嘉音,辅助,S,37.01,29560,7901,1888,0.39,60.0,59.39,6.99,hf_builds,2.7.1/builds.json,https://huggingface.co/datasets/LvlUrArti/ShiyuDataProcessed/resolve/main/2.7.1/builds.json,ok
2.7.2,2026-04-21,sd,式舆防卫,all,全部,2.7.2,式舆防卫 2.7.2,2026-04-17,2026-05-01,astra-yao,Astra Yao,耀嘉音,辅助,S,37.05,31356,5871,1602,0.4,60.0,59.63,7.0,hf_builds,2.7.2/builds.json,https://huggingface.co/datasets/LvlUrArti/ShiyuDataProcessed/resolve/main/2.7.2/builds.json,ok
2.8.1,2026-05-11,sd,式舆防卫,all,全部,2.7.3,式舆防卫 2.7.3,2026-05-01,2026-05-15,astra-yao,Astra Yao,耀嘉音,辅助,S,42.62,29760,8640,1753,0.4,60.0,59.65,6.99,hf_builds,2.8.1/builds.json,https://huggingface.co/datasets/LvlUrArti/ShiyuDataProcessed/resolve/main/2.8.1/builds.json,ok
2.8.2,2026-06-02,sd,式舆防卫,all,全部,2.8.2,式舆防卫 2.8.2,2026-05-29,2026-06-12,astra-yao,Astra Yao,耀嘉音,辅助,S,48.98,27672,6912,824,0.38,60.0,59.75,6.99,hf_builds,2.8.2/builds.json,https://huggingface.co/datasets/LvlUrArti/ShiyuDataProcessed/resolve/main/2.8.2/builds.json,ok
3.0.1,2026-06-21,sd,式舆防卫,all,全部,2.8.3,式舆防卫 2.8.3,2026-06-12,2026-06-26,astra-yao,Astra Yao,耀嘉音,辅助,S,37.91,29006,7651,1554,0.4,60.0,59.63,6.99,hf_builds,3.0.1/builds.json,https://huggingface.co/datasets/LvlUrArti/ShiyuDataProcessed/resolve/main/3.0.1/builds.json,ok
2.6.1,2026-02-17,sd,式舆防卫,all,全部,2.6.1,式舆防卫 2.6.1,2026-02-06,2026-02-20,banyue,Banyue,般岳,直伤主C,S,3.93,31423,876,339,0.51,60.0,59.38,7.0,hf_builds,2.6.1/builds.json,https://huggingface.co/datasets/LvlUrArti/ShiyuDataProcessed/resolve/main/2.6.1/builds.json,ok
2.6.2,2026-03-10,sd,式舆防卫,all,全部,2.6.3,式舆防卫 2.6.3,2026-03-06,2026-03-20,banyue,Banyue,般岳,直伤主C,S,4.26,32701,755,679,0.39,60.0,59.9,7.0,hf_builds,2.6.2/builds.json,https://huggingface.co/datasets/LvlUrArti/ShiyuDataProcessed/resolve/main/2.6.2/builds.json,ok
2.7.1,2026-03-31,sd,式舆防卫,all,全部,2.6.4,式舆防卫 2.6.4,2026-03-20,2026-04-03,banyue,Banyue,般岳,直伤主C,S,3.25,32415,693,537,0.59,60.0,59.75,7.0,hf_builds,2.7.1/builds.json,https://huggingface.co/datasets/LvlUrArti/ShiyuDataProcessed/resolve/main/2.7.1/builds.json,ok
2.7.2,2026-04-21,sd,式舆防卫,all,全部,2.7.2,式舆防卫 2.7.2,2026-04-17,2026-05-01,banyue,Banyue,般岳,直伤主C,S,2.63,29613,417,370,0.66,60.0,59.98,7.0,hf_builds,2.7.2/builds.json,https://huggingface.co/datasets/LvlUrArti/ShiyuDataProcessed/resolve/main/2.7.2/builds.json,ok
2.8.1,2026-05-11,sd,式舆防卫,all,全部,2.7.3,式舆防卫 2.7.3,2026-05-01,2026-05-15,banyue,Banyue,般岳,直伤主C,S,0.73,27112,147,150,0.51,60.0,59.97,7.0,hf_builds,2.8.1/builds.json,https://huggingface.co/datasets/LvlUrArti/ShiyuDataProcessed/resolve/main/2.8.1/builds.json,ok
2.8.2,2026-06-02,sd,式舆防卫,all,全部,2.8.2,式舆防卫 2.8.2,2026-05-29,2026-06-12,banyue,Banyue,般岳,直伤主C,S,2.61,28573,369,144,0.47,60.0,59.11,7.0,hf_builds,2.8.2/builds.json,https://huggingface.co/datasets/LvlUrArti/ShiyuDataProcessed/resolve/main/2.8.2/builds.json,ok
3.0.1,2026-06-21,sd,式舆防卫,all,全部,2.8.3,式舆防卫 2.8.3,2026-06-12,2026-06-26,banyue,Banyue,般岳,直伤主C,S,2.16,29629,435,294,0.67,60.0,59.21,7.0,hf_builds,3.0.1/builds.json,https://huggingface.co/datasets/LvlUrArti/ShiyuDataProcessed/resolve/main/3.0.1/builds.json,ok
2.6.1,2026-02-17,sd,式舆防卫,all,全部,2.6.1,式舆防卫 2.6.1,2026-02-06,2026-02-20,ben,Ben Bigger,本·比格,直伤主C,A,0.06,0,14,5,6.0,60.0,60.0,7.0,hf_builds,2.6.1/builds.json,https://huggingface.co/datasets/LvlUrArti/ShiyuDataProcessed/resolve/main/2.6.1/builds.json,ok
2.6.2,2026-03-10,sd,式舆防卫,all,全部,2.6.3,式舆防卫 2.6.3,2026-03-06,2026-03-20,ben,Ben Bigger,本·比格,直伤主C,A,0.03,0,6,7,6.0,60.0,60.0,7.0,hf_builds,2.6.2/builds.json,https://huggingface.co/datasets/LvlUrArti/ShiyuDataProcessed/resolve/main/2.6.2/builds.json,ok
2.7.1,2026-03-31,sd,式舆防卫,all,全部,2.6.4,式舆防卫 2.6.4,2026-03-20,2026-04-03,ben,Ben Bigger,本·比格,直伤主C,A,0.03,0,6,5,6.0,60.0,60.0,7.0,hf_builds,2.7.1/builds.json,https://huggingface.co/datasets/LvlUrArti/ShiyuDataProcessed/resolve/main/2.7.1/builds.json,ok
2.7.2,2026-04-21,sd,式舆防卫,all,全部,2.7.2,式舆防卫 2.7.2,2026-04-17,2026-05-01,ben,Ben Bigger,本·比格,直伤主C,A,0.03,0,4,4,6.0,60.0,60.0,7.0,hf_builds,2.7.2/builds.json,https://huggingface.co/datasets/LvlUrArti/ShiyuDataProcessed/resolve/main/2.7.2/builds.json,ok
2.8.1,2026-05-11,sd,式舆防卫,all,全部,2.7.3,式舆防卫 2.7.3,2026-05-01,2026-05-15,ben,Ben Bigger,本·比格,直伤主C,A,0.02,0,4,4,6.0,60.0,60.0,7.0,hf_builds,2.8.1/builds.json,https://huggingface.co/datasets/LvlUrArti/ShiyuDataProcessed/resolve/main/2.8.1/builds.json,ok
2.8.2,2026-06-02,sd,式舆防卫,all,全部,2.8.2,式舆防卫 2.8.2,2026-05-29,2026-06-12,ben,Ben Bigger,本·比格,直伤主C,A,0.04,0,5,2,6.0,60.0,60.0,7.0,hf_builds,2.8.2/builds.json,https://huggingface.co/datasets/LvlUrArti/ShiyuDataProcessed/resolve/main/2.8.2/builds.json,ok
3.0.1,2026-06-21,sd,式舆防卫,all,全部,2.8.3,式舆防卫 2.8.3,2026-06-12,2026-06-26,ben,Ben Bigger,本·比格,直伤主C,A,0.03,0,6,6,6.0,60.0,60.0,7.0,hf_builds,3.0.1/builds.json,https://huggingface.co/datasets/LvlUrArti/ShiyuDataProcessed/resolve/main/3.0.1/builds.json,ok
2.6.1,2026-02-17,sd,式舆防卫,all,全部,2.6.1,式舆防卫 2.6.1,2026-02-06,2026-02-20,billy-kid,Billy Kid,比利·奇德,直伤主C,A,0.2,27428,45,16,6.0,60.0,60.0,7.0,hf_builds,2.6.1/builds.json,https://huggingface.co/datasets/LvlUrArti/ShiyuDataProcessed/resolve/main/2.6.1/builds.json,ok
2.6.2,2026-03-10,sd,式舆防卫,all,全部,2.6.3,式舆防卫 2.6.3,2026-03-06,2026-03-20,billy-kid,Billy Kid,比利·奇德,直伤主C,A,0.16,27823,28,24,6.0,60.0,60.0,7.0,hf_builds,2.6.2/builds.json,https://huggingface.co/datasets/LvlUrArti/ShiyuDataProcessed/resolve/main/2.6.2/builds.json,ok
2.7.1,2026-03-31,sd,式舆防卫,all,全部,2.6.4,式舆防卫 2.6.4,2026-03-20,2026-04-03,billy-kid,Billy Kid,比利·奇德,直伤主C,A,0.17,26744,36,25,6.0,60.0,60.0,7.0,hf_builds,2.7.1/builds.json,https://huggingface.co/datasets/LvlUrArti/ShiyuDataProcessed/resolve/main/2.7.1/builds.json,ok
2.7.2,2026-04-21,sd,式舆防卫,all,全部,2.7.2,式舆防卫 2.7.2,2026-04-17,2026-05-01,billy-kid,Billy Kid,比利·奇德,直伤主C,A,0.09,0,15,15,6.0,60.0,60.0,7.0,hf_builds,2.7.2/builds.json,https://huggingface.co/datasets/LvlUrArti/ShiyuDataProcessed/resolve/main/2.7.2/builds.json,ok
2.8.1,2026-05-11,sd,式舆防卫,all,全部,2.7.3,式舆防卫 2.7.3,2026-05-01,2026-05-15,billy-kid,Billy Kid,比利·奇德,直伤主C,A,0.16,28296,33,24,6.0,60.0,60.0,7.0,hf_builds,2.8.1/builds.json,https://huggingface.co/datasets/LvlUrArti/ShiyuDataProcessed/resolve/main/2.8.1/builds.json,ok
2.8.2,2026-06-02,sd,式舆防卫,all,全部,2.8.2,式舆防卫 2.8.2,2026-05-29,2026-06-12,billy-kid,Billy Kid,比利·奇德,直伤主C,A,0.04,0,6,2,6.0,60.0,60.0,7.0,hf_builds,2.8.2/builds.json,https://huggingface.co/datasets/LvlUrArti/ShiyuDataProcessed/resolve/main/2.8.2/builds.json,ok
3.0.1,2026-06-21,sd,式舆防卫,all,全部,2.8.3,式舆防卫 2.8.3,2026-06-12,2026-06-26,billy-kid,Billy Kid,比利·奇德,直伤主C,A,0.05,0,11,8,6.0,60.0,60.0,7.0,hf_builds,3.0.1/builds.json,https://huggingface.co/datasets/LvlUrArti/ShiyuDataProcessed/resolve/main/3.0.1/builds.json,ok
2.8.2,2026-06-02,sd,式舆防卫,all,全部,2.8.2,式舆防卫 2.8.2,2026-05-29,2026-06-12,billy-starlight,Starlight - Billy,星徽·比利,直伤主C,S,14.92,32189,2105,594,0.26,59.99,59.27,6.99,hf_builds,2.8.2/builds.json,https://huggingface.co/datasets/LvlUrArti/ShiyuDataProcessed/resolve/main/2.8.2/builds.json,ok
3.0.1,2026-06-21,sd,式舆防卫,all,全部,2.8.3,式舆防卫 2.8.3,2026-06-12,2026-06-26,billy-starlight,Starlight - Billy,星徽·比利,直伤主C,S,15.86,32895,3200,1457,0.27,60.0,59.64,6.99,hf_builds,3.0.1/builds.json,https://huggingface.co/datasets/LvlUrArti/ShiyuDataProcessed/resolve/main/3.0.1/builds.json,ok
2.6.1,2026-02-17,sd,式舆防卫,all,全部,2.6.1,式舆防卫 2.6.1,2026-02-06,2026-02-20,burnice,Burnice White,柏妮思·怀特,异常主C,S,7.93,30681,1770,342,0.37,60.0,59.65,6.99,hf_builds,2.6.1/builds.json,https://huggingface.co/datasets/LvlUrArti/ShiyuDataProcessed/resolve/main/2.6.1/builds.json,ok
2.6.2,2026-03-10,sd,式舆防卫,all,全部,2.6.3,式舆防卫 2.6.3,2026-03-06,2026-03-20,burnice,Burnice White,柏妮思·怀特,异常主C,S,7.44,28915,1320,471,0.41,60.0,59.79,7.0,hf_builds,2.6.2/builds.json,https://huggingface.co/datasets/LvlUrArti/ShiyuDataProcessed/resolve/main/2.6.2/builds.json,ok
2.7.1,2026-03-31,sd,式舆防卫,all,全部,2.6.4,式舆防卫 2.6.4,2026-03-20,2026-04-03,burnice,Burnice White,柏妮思·怀特,异常主C,S,12.06,28722,2575,621,0.34,60.0,59.65,6.99,hf_builds,2.7.1/builds.json,https://huggingface.co/datasets/LvlUrArti/ShiyuDataProcessed/resolve/main/2.7.1/builds.json,ok
2.7.2,2026-04-21,sd,式舆防卫,all,全部,2.7.2,式舆防卫 2.7.2,2026-04-17,2026-05-01,burnice,Burnice White,柏妮思·怀特,异常主C,S,6.99,28744,1107,352,0.47,60.0,59.97,6.99,hf_builds,2.7.2/builds.json,https://huggingface.co/datasets/LvlUrArti/ShiyuDataProcessed/resolve/main/2.7.2/builds.json,ok
2.8.1,2026-05-11,sd,式舆防卫,all,全部,2.7.3,式舆防卫 2.7.3,2026-05-01,2026-05-15,burnice,Burnice White,柏妮思·怀特,异常主C,S,4.2,29580,851,252,0.51,60.0,59.82,7.0,hf_builds,2.8.1/builds.json,https://huggingface.co/datasets/LvlUrArti/ShiyuDataProcessed/resolve/main/2.8.1/builds.json,ok
2.8.2,2026-06-02,sd,式舆防卫,all,全部,2.8.2,式舆防卫 2.8.2,2026-05-29,2026-06-12,burnice,Burnice White,柏妮思·怀特,异常主C,S,6.8,26617,960,148,0.4,60.0,59.93,7.0,hf_builds,2.8.2/builds.json,https://huggingface.co/datasets/LvlUrArti/ShiyuDataProcessed/resolve/main/2.8.2/builds.json,ok
3.0.1,2026-06-21,sd,式舆防卫,all,全部,2.8.3,式舆防卫 2.8.3,2026-06-12,2026-06-26,burnice,Burnice White,柏妮思·怀特,异常主C,S,6.53,29115,1318,345,0.43,60.0,58.93,6.99,hf_builds,3.0.1/builds.json,https://huggingface.co/datasets/LvlUrArti/ShiyuDataProcessed/resolve/main/3.0.1/builds.json,ok
2.6.1,2026-02-17,sd,式舆防卫,all,全部,2.6.1,式舆防卫 2.6.1,2026-02-06,2026-02-20,caesar,Caesar King,凯撒·金,辅助,S,2.79,29186,623,76,0.5,60.0,58.18,6.97,hf_builds,2.6.1/builds.json,https://huggingface.co/datasets/LvlUrArti/ShiyuDataProcessed/resolve/main/2.6.1/builds.json,ok
2.6.2,2026-03-10,sd,式舆防卫,all,全部,2.6.3,式舆防卫 2.6.3,2026-03-06,2026-03-20,caesar,Caesar King,凯撒·金,辅助,S,1.76,30936,312,100,0.54,60.0,59.55,7.0,hf_builds,2.6.2/builds.json,https://huggingface.co/datasets/LvlUrArti/ShiyuDataProcessed/resolve/main/2.6.2/builds.json,ok
2.7.1,2026-03-31,sd,式舆防卫,all,全部,2.6.4,式舆防卫 2.6.4,2026-03-20,2026-04-03,caesar,Caesar King,凯撒·金,辅助,S,1.62,30247,346,100,0.72,60.0,59.15,6.99,hf_builds,2.7.1/builds.json,https://huggingface.co/datasets/LvlUrArti/ShiyuDataProcessed/resolve/main/2.7.1/builds.json,ok
2.7.2,2026-04-21,sd,式舆防卫,all,全部,2.7.2,式舆防卫 2.7.2,2026-04-17,2026-05-01,caesar,Caesar King,凯撒·金,辅助,S,1.2,28749,190,67,0.65,60.0,59.67,6.99,hf_builds,2.7.2/builds.json,https://huggingface.co/datasets/LvlUrArti/ShiyuDataProcessed/resolve/main/2.7.2/builds.json,ok
2.8.1,2026-05-11,sd,式舆防卫,all,全部,2.7.3,式舆防卫 2.7.3,2026-05-01,2026-05-15,caesar,Caesar King,凯撒·金,辅助,S,1.22,28154,247,64,0.67,60.0,59.87,7.0,hf_builds,2.8.1/builds.json,https://huggingface.co/datasets/LvlUrArti/ShiyuDataProcessed/resolve/main/2.8.1/builds.json,ok
2.8.2,2026-06-02,sd,式舆防卫,all,全部,2.8.2,式舆防卫 2.8.2,2026-05-29,2026-06-12,caesar,Caesar King,凯撒·金,辅助,S,1.76,25132,249,45,0.64,60.0,59.88,7.0,hf_builds,2.8.2/builds.json,https://huggingface.co/datasets/LvlUrArti/ShiyuDataProcessed/resolve/main/2.8.2/builds.json,ok
3.0.1,2026-06-21,sd,式舆防卫,all,全部,2.8.3,式舆防卫 2.8.3,2026-06-12,2026-06-26,caesar,Caesar King,凯撒·金,辅助,S,1.36,29264,275,84,0.64,60.0,59.45,6.99,hf_builds,3.0.1/builds.json,https://huggingface.co/datasets/LvlUrArti/ShiyuDataProcessed/resolve/main/3.0.1/builds.json,ok
2.7.2,2026-04-21,sd,式舆防卫,all,全部,2.7.2,式舆防卫 2.7.2,2026-04-17,2026-05-01,cissia,Cissia,希希芙,直伤主C,S,9.4,34829,1489,600,0.12,59.98,59.86,6.95,hf_builds,2.7.2/builds.json,https://huggingface.co/datasets/LvlUrArti/ShiyuDataProcessed/resolve/main/2.7.2/builds.json,ok
2.8.1,2026-05-11,sd,式舆防卫,all,全部,2.7.3,式舆防卫 2.7.3,2026-05-01,2026-05-15,cissia,Cissia,希希芙,直伤主C,S,14.85,32219,3011,1003,0.14,60.0,59.97,6.98,hf_builds,2.8.1/builds.json,https://huggingface.co/datasets/LvlUrArti/ShiyuDataProcessed/resolve/main/2.8.1/builds.json,ok
2.8.2,2026-06-02,sd,式舆防卫,all,全部,2.8.2,式舆防卫 2.8.2,2026-05-29,2026-06-12,cissia,Cissia,希希芙,直伤主C,S,15.28,29487,2156,434,0.19,60.0,59.87,6.99,hf_builds,2.8.2/builds.json,https://huggingface.co/datasets/LvlUrArti/ShiyuDataProcessed/resolve/main/2.8.2/builds.json,ok
3.0.1,2026-06-21,sd,式舆防卫,all,全部,2.8.3,式舆防卫 2.8.3,2026-06-12,2026-06-26,cissia,Cissia,希希芙,直伤主C,S,3.89,30559,786,365,0.36,60.0,59.85,6.99,hf_builds,3.0.1/builds.json,https://huggingface.co/datasets/LvlUrArti/ShiyuDataProcessed/resolve/main/3.0.1/builds.json,ok
2.6.1,2026-02-17,sd,式舆防卫,all,全部,2.6.1,式舆防卫 2.6.1,2026-02-06,2026-02-20,corin,Corin Wickes,可琳·威克斯,直伤主C,A,0.26,27548,59,24,6.0,60.0,58.98,7.0,hf_builds,2.6.1/builds.json,https://huggingface.co/datasets/LvlUrArti/ShiyuDataProcessed/resolve/main/2.6.1/builds.json,ok
2.6.2,2026-03-10,sd,式舆防卫,all,全部,2.6.3,式舆防卫 2.6.3,2026-03-06,2026-03-20,corin,Corin Wickes,可琳·威克斯,直伤主C,A,0.24,29419,42,35,6.0,60.0,59.28,7.0,hf_builds,2.6.2/builds.json,https://huggingface.co/datasets/LvlUrArti/ShiyuDataProcessed/resolve/main/2.6.2/builds.json,ok
2.7.1,2026-03-31,sd,式舆防卫,all,全部,2.6.4,式舆防卫 2.6.4,2026-03-20,2026-04-03,corin,Corin Wickes,可琳·威克斯,直伤主C,A,0.19,26872,41,29,6.0,60.0,56.28,7.0,hf_builds,2.7.1/builds.json,https://huggingface.co/datasets/LvlUrArti/ShiyuDataProcessed/resolve/main/2.7.1/builds.json,ok
2.7.2,2026-04-21,sd,式舆防卫,all,全部,2.7.2,式舆防卫 2.7.2,2026-04-17,2026-05-01,corin,Corin Wickes,可琳·威克斯,直伤主C,A,0.09,0,14,14,6.0,60.0,56.33,7.0,hf_builds,2.7.2/builds.json,https://huggingface.co/datasets/LvlUrArti/ShiyuDataProcessed/resolve/main/2.7.2/builds.json,ok
2.8.1,2026-05-11,sd,式舆防卫,all,全部,2.7.3,式舆防卫 2.7.3,2026-05-01,2026-05-15,corin,Corin Wickes,可琳·威克斯,直伤主C,A,0.15,27592,30,25,6.0,60.0,57.65,7.0,hf_builds,2.8.1/builds.json,https://huggingface.co/datasets/LvlUrArti/ShiyuDataProcessed/resolve/main/2.8.1/builds.json,ok
2.8.2,2026-06-02,sd,式舆防卫,all,全部,2.8.2,式舆防卫 2.8.2,2026-05-29,2026-06-12,corin,Corin Wickes,可琳·威克斯,直伤主C,A,0.2,25522,28,12,6.0,60.0,60.0,7.0,hf_builds,2.8.2/builds.json,https://huggingface.co/datasets/LvlUrArti/ShiyuDataProcessed/resolve/main/2.8.2/builds.json,ok
3.0.1,2026-06-21,sd,式舆防卫,all,全部,2.8.3,式舆防卫 2.8.3,2026-06-12,2026-06-26,corin,Corin Wickes,可琳·威克斯,直伤主C,A,0.21,26768,42,28,6.0,60.0,56.51,7.0,hf_builds,3.0.1/builds.json,https://huggingface.co/datasets/LvlUrArti/ShiyuDataProcessed/resolve/main/3.0.1/builds.json,ok
2.6.1,2026-02-17,sd,式舆防卫,all,全部,2.6.1,式舆防卫 2.6.1,2026-02-06,2026-02-20,dialyn,Dialyn,琉音,辅助,S,63.0,34076,14059,1764,0.08,59.99,59.65,6.99,hf_builds,2.6.1/builds.json,https://huggingface.co/datasets/LvlUrArti/ShiyuDataProcessed/resolve/main/2.6.1/builds.json,ok
2.6.2,2026-03-10,sd,式舆防卫,all,全部,2.6.3,式舆防卫 2.6.3,2026-03-06,2026-03-20,dialyn,Dialyn,琉音,辅助,S,61.98,35139,10996,2915,0.09,60.0,59.63,6.99,hf_builds,2.6.2/builds.json,https://huggingface.co/datasets/LvlUrArti/ShiyuDataProcessed/resolve/main/2.6.2/builds.json,ok
2.7.1,2026-03-31,sd,式舆防卫,all,全部,2.6.4,式舆防卫 2.6.4,2026-03-20,2026-04-03,dialyn,Dialyn,琉音,辅助,S,62.76,34266,13398,2628,0.09,60.0,59.39,7.0,hf_builds,2.7.1/builds.json,https://huggingface.co/datasets/LvlUrArti/ShiyuDataProcessed/resolve/main/2.7.1/builds.json,ok
2.7.2,2026-04-21,sd,式舆防卫,all,全部,2.7.2,式舆防卫 2.7.2,2026-04-17,2026-05-01,dialyn,Dialyn,琉音,辅助,S,60.03,32668,9513,2169,0.09,60.0,59.57,6.99,hf_builds,2.7.2/builds.json,https://huggingface.co/datasets/LvlUrArti/ShiyuDataProcessed/resolve/main/2.7.2/builds.json,ok
2.8.1,2026-05-11,sd,式舆防卫,all,全部,2.7.3,式舆防卫 2.7.3,2026-05-01,2026-05-15,dialyn,Dialyn,琉音,辅助,S,60.18,32872,12200,2091,0.09,60.0,59.46,6.99,hf_builds,2.8.1/builds.json,https://huggingface.co/datasets/LvlUrArti/ShiyuDataProcessed/resolve/main/2.8.1/builds.json,ok
2.8.2,2026-06-02,sd,式舆防卫,all,全部,2.8.2,式舆防卫 2.8.2,2026-05-29,2026-06-12,dialyn,Dialyn,琉音,辅助,S,58.26,31386,8222,887,0.09,60.0,59.77,6.99,hf_builds,2.8.2/builds.json,https://huggingface.co/datasets/LvlUrArti/ShiyuDataProcessed/resolve/main/2.8.2/builds.json,ok
3.0.1,2026-06-21,sd,式舆防卫,all,全部,2.8.3,式舆防卫 2.8.3,2026-06-12,2026-06-26,dialyn,Dialyn,琉音,辅助,S,61.4,32744,12391,1908,0.09,60.0,59.58,7.0,hf_builds,3.0.1/builds.json,https://huggingface.co/datasets/LvlUrArti/ShiyuDataProcessed/resolve/main/3.0.1/builds.json,ok
2.6.1,2026-02-17,sd,式舆防卫,all,全部,2.6.1,式舆防卫 2.6.1,2026-02-06,2026-02-20,ellen,Ellen Joe,艾莲·乔,直伤主C,S,0.6,28940,133,88,2.45,60.0,60.0,7.0,hf_builds,2.6.1/builds.json,https://huggingface.co/datasets/LvlUrArti/ShiyuDataProcessed/resolve/main/2.6.1/builds.json,ok
2.6.2,2026-03-10,sd,式舆防卫,all,全部,2.6.3,式舆防卫 2.6.3,2026-03-06,2026-03-20,ellen,Ellen Joe,艾莲·乔,直伤主C,S,0.3,26969,54,91,2.56,59.95,59.58,6.98,hf_builds,2.6.2/builds.json,https://huggingface.co/datasets/LvlUrArti/ShiyuDataProcessed/resolve/main/2.6.2/builds.json,ok
2.7.1,2026-03-31,sd,式舆防卫,all,全部,2.6.4,式舆防卫 2.6.4,2026-03-20,2026-04-03,ellen,Ellen Joe,艾莲·乔,直伤主C,S,0.91,26438,194,216,1.48,60.0,59.33,7.0,hf_builds,2.7.1/builds.json,https://huggingface.co/datasets/LvlUrArti/ShiyuDataProcessed/resolve/main/2.7.1/builds.json,ok
2.7.2,2026-04-21,sd,式舆防卫,all,全部,2.7.2,式舆防卫 2.7.2,2026-04-17,2026-05-01,ellen,Ellen Joe,艾莲·乔,直伤主C,S,0.56,26933,88,144,1.57,60.0,59.83,7.0,hf_builds,2.7.2/builds.json,https://huggingface.co/datasets/LvlUrArti/ShiyuDataProcessed/resolve/main/2.7.2/builds.json,ok
2.8.1,2026-05-11,sd,式舆防卫,all,全部,2.7.3,式舆防卫 2.7.3,2026-05-01,2026-05-15,ellen,Ellen Joe,艾莲·乔,直伤主C,S,0.3,26391,60,83,2.65,60.0,59.68,7.0,hf_builds,2.8.1/builds.json,https://huggingface.co/datasets/LvlUrArti/ShiyuDataProcessed/resolve/main/2.8.1/builds.json,ok
2.8.2,2026-06-02,sd,式舆防卫,all,全部,2.8.2,式舆防卫 2.8.2,2026-05-29,2026-06-12,ellen,Ellen Joe,艾莲·乔,直伤主C,S,0.57,23041,80,60,1.75,60.0,59.56,7.0,hf_builds,2.8.2/builds.json,https://huggingface.co/datasets/LvlUrArti/ShiyuDataProcessed/resolve/main/2.8.2/builds.json,ok
3.0.1,2026-06-21,sd,式舆防卫,all,全部,2.8.3,式舆防卫 2.8.3,2026-06-12,2026-06-26,ellen,Ellen Joe,艾莲·乔,直伤主C,S,0.56,26647,113,117,1.38,60.0,59.65,7.0,hf_builds,3.0.1/builds.json,https://huggingface.co/datasets/LvlUrArti/ShiyuDataProcessed/resolve/main/3.0.1/builds.json,ok
2.6.1,2026-02-17,sd,式舆防卫,all,全部,2.6.1,式舆防卫 2.6.1,2026-02-06,2026-02-20,evelyn,Evelyn Chevalier,伊芙琳·舒瓦利耶,直伤主C,S,17.57,31056,3921,1246,0.41,60.0,59.25,7.0,hf_builds,2.6.1/builds.json,https://huggingface.co/datasets/LvlUrArti/ShiyuDataProcessed/resolve/main/2.6.1/builds.json,ok
2.6.2,2026-03-10,sd,式舆防卫,all,全部,2.6.3,式舆防卫 2.6.3,2026-03-06,2026-03-20,evelyn,Evelyn Chevalier,伊芙琳·舒瓦利耶,直伤主C,S,7.6,27731,1348,1095,0.68,60.0,59.45,7.0,hf_builds,2.6.2/builds.json,https://huggingface.co/datasets/LvlUrArti/ShiyuDataProcessed/resolve/main/2.6.2/builds.json,ok
2.7.1,2026-03-31,sd,式舆防卫,all,全部,2.6.4,式舆防卫 2.6.4,2026-03-20,2026-04-03,evelyn,Evelyn Chevalier,伊芙琳·舒瓦利耶,直伤主C,S,4.39,26866,938,678,0.98,60.0,59.69,7.0,hf_builds,2.7.1/builds.json,https://huggingface.co/datasets/LvlUrArti/ShiyuDataProcessed/resolve/main/2.7.1/builds.json,ok
2.7.2,2026-04-21,sd,式舆防卫,all,全部,2.7.2,式舆防卫 2.7.2,2026-04-17,2026-05-01,evelyn,Evelyn Chevalier,伊芙琳·舒瓦利耶,直伤主C,S,1.92,26479,304,317,1.07,60.0,59.66,7.0,hf_builds,2.7.2/builds.json,https://huggingface.co/datasets/LvlUrArti/ShiyuDataProcessed/resolve/main/2.7.2/builds.json,ok
2.8.1,2026-05-11,sd,式舆防卫,all,全部,2.7.3,式舆防卫 2.7.3,2026-05-01,2026-05-15,evelyn,Evelyn Chevalier,伊芙琳·舒瓦利耶,直伤主C,S,4.05,26787,821,591,1.01,60.0,59.72,7.0,hf_builds,2.8.1/builds.json,https://huggingface.co/datasets/LvlUrArti/ShiyuDataProcessed/resolve/main/2.8.1/builds.json,ok
2.8.2,2026-06-02,sd,式舆防卫,all,全部,2.8.2,式舆防卫 2.8.2,2026-05-29,2026-06-12,evelyn,Evelyn Chevalier,伊芙琳·舒瓦利耶,直伤主C,S,5.67,24128,800,258,0.83,60.0,60.0,7.0,hf_builds,2.8.2/builds.json,https://huggingface.co/datasets/LvlUrArti/ShiyuDataProcessed/resolve/main/2.8.2/builds.json,ok
3.0.1,2026-06-21,sd,式舆防卫,all,全部,2.8.3,式舆防卫 2.8.3,2026-06-12,2026-06-26,evelyn,Evelyn Chevalier,伊芙琳·舒瓦利耶,直伤主C,S,9.88,27350,1994,1076,0.64,60.0,59.46,7.0,hf_builds,3.0.1/builds.json,https://huggingface.co/datasets/LvlUrArti/ShiyuDataProcessed/resolve/main/3.0.1/builds.json,ok
2.6.1,2026-02-17,sd,式舆防卫,all,全部,2.6.1,式舆防卫 2.6.1,2026-02-06,2026-02-20,grace-howard,Grace Howard,格莉丝·霍华德,异常主C,S,1.16,30949,258,27,2.53,59.85,54.66,6.97,hf_builds,2.6.1/builds.json,https://huggingface.co/datasets/LvlUrArti/ShiyuDataProcessed/resolve/main/2.6.1/builds.json,ok
2.6.2,2026-03-10,sd,式舆防卫,all,全部,2.6.3,式舆防卫 2.6.3,2026-03-06,2026-03-20,grace-howard,Grace Howard,格莉丝·霍华德,异常主C,S,0.3,27013,54,24,2.94,60.0,60.0,6.98,hf_builds,2.6.2/builds.json,https://huggingface.co/datasets/LvlUrArti/ShiyuDataProcessed/resolve/main/2.6.2/builds.json,ok
2.7.1,2026-03-31,sd,式舆防卫,all,全部,2.6.4,式舆防卫 2.6.4,2026-03-20,2026-04-03,grace-howard,Grace Howard,格莉丝·霍华德,异常主C,S,0.08,0,18,10,2.72,60.0,60.0,7.0,hf_builds,2.7.1/builds.json,https://huggingface.co/datasets/LvlUrArti/ShiyuDataProcessed/resolve/main/2.7.1/builds.json,ok
2.7.2,2026-04-21,sd,式舆防卫,all,全部,2.7.2,式舆防卫 2.7.2,2026-04-17,2026-05-01,grace-howard,Grace Howard,格莉丝·霍华德,异常主C,S,0.52,28814,82,28,2.72,60.0,60.0,7.0,hf_builds,2.7.2/builds.json,https://huggingface.co/datasets/LvlUrArti/ShiyuDataProcessed/resolve/main/2.7.2/builds.json,ok
2.8.1,2026-05-11,sd,式舆防卫,all,全部,2.7.3,式舆防卫 2.7.3,2026-05-01,2026-05-15,grace-howard,Grace Howard,格莉丝·霍华德,异常主C,S,0.28,27093,56,24,2.96,60.0,60.0,7.0,hf_builds,2.8.1/builds.json,https://huggingface.co/datasets/LvlUrArti/ShiyuDataProcessed/resolve/main/2.8.1/builds.json,ok
2.8.2,2026-06-02,sd,式舆防卫,all,全部,2.8.2,式舆防卫 2.8.2,2026-05-29,2026-06-12,grace-howard,Grace Howard,格莉丝·霍华德,异常主C,S,0.55,23291,78,6,2.36,60.0,60.0,7.0,hf_builds,2.8.2/builds.json,https://huggingface.co/datasets/LvlUrArti/ShiyuDataProcessed/resolve/main/2.8.2/builds.json,ok
3.0.1,2026-06-21,sd,式舆防卫,all,全部,2.8.3,式舆防卫 2.8.3,2026-06-12,2026-06-26,grace-howard,Grace Howard,格莉丝·霍华德,异常主C,S,0.2,28428,41,16,3.15,60.0,60.0,7.0,hf_builds,3.0.1/builds.json,https://huggingface.co/datasets/LvlUrArti/ShiyuDataProcessed/resolve/main/3.0.1/builds.json,ok
2.6.1,2026-02-17,sd,式舆防卫,all,全部,2.6.1,式舆防卫 2.6.1,2026-02-06,2026-02-20,harumasa,Asaba Harumasa,浅羽 悠真,直伤主C,S,4.89,29371,1092,275,0.68,60.0,59.68,7.0,hf_builds,2.6.1/builds.json,https://huggingface.co/datasets/LvlUrArti/ShiyuDataProcessed/resolve/main/2.6.1/builds.json,ok
2.6.2,2026-03-10,sd,式舆防卫,all,全部,2.6.3,式舆防卫 2.6.3,2026-03-06,2026-03-20,harumasa,Asaba Harumasa,浅羽 悠真,直伤主C,S,2.68,27227,475,316,0.76,60.0,59.94,7.0,hf_builds,2.6.2/builds.json,https://huggingface.co/datasets/LvlUrArti/ShiyuDataProcessed/resolve/main/2.6.2/builds.json,ok
2.7.1,2026-03-31,sd,式舆防卫,all,全部,2.6.4,式舆防卫 2.6.4,2026-03-20,2026-04-03,harumasa,Asaba Harumasa,浅羽 悠真,直伤主C,S,0.2,26561,43,55,1.87,60.0,60.0,7.0,hf_builds,2.7.1/builds.json,https://huggingface.co/datasets/LvlUrArti/ShiyuDataProcessed/resolve/main/2.7.1/builds.json,ok
2.7.2,2026-04-21,sd,式舆防卫,all,全部,2.7.2,式舆防卫 2.7.2,2026-04-17,2026-05-01,harumasa,Asaba Harumasa,浅羽 悠真,直伤主C,S,2.23,28295,353,244,0.83,60.0,59.44,7.0,hf_builds,2.7.2/builds.json,https://huggingface.co/datasets/LvlUrArti/ShiyuDataProcessed/resolve/main/2.7.2/builds.json,ok
2.8.1,2026-05-11,sd,式舆防卫,all,全部,2.7.3,式舆防卫 2.7.3,2026-05-01,2026-05-15,harumasa,Asaba Harumasa,浅羽 悠真,直伤主C,S,2.49,26888,504,287,0.82,60.0,59.79,7.0,hf_builds,2.8.1/builds.json,https://huggingface.co/datasets/LvlUrArti/ShiyuDataProcessed/resolve/main/2.8.1/builds.json,ok
2.8.2,2026-06-02,sd,式舆防卫,all,全部,2.8.2,式舆防卫 2.8.2,2026-05-29,2026-06-12,harumasa,Asaba Harumasa,浅羽 悠真,直伤主C,S,2.35,21452,332,98,1.05,60.0,60.0,7.0,hf_builds,2.8.2/builds.json,https://huggingface.co/datasets/LvlUrArti/ShiyuDataProcessed/resolve/main/2.8.2/builds.json,ok
3.0.1,2026-06-21,sd,式舆防卫,all,全部,2.8.3,式舆防卫 2.8.3,2026-06-12,2026-06-26,harumasa,Asaba Harumasa,浅羽 悠真,直伤主C,S,0.16,30734,33,51,2.8,60.0,60.0,7.0,hf_builds,3.0.1/builds.json,https://huggingface.co/datasets/LvlUrArti/ShiyuDataProcessed/resolve/main/3.0.1/builds.json,ok
2.6.1,2026-02-17,sd,式舆防卫,all,全部,2.6.1,式舆防卫 2.6.1,2026-02-06,2026-02-20,hugo,Hugo Vlad,雨果·维拉德,直伤主C,S,0.51,27111,114,92,3.19,60.0,59.56,7.0,hf_builds,2.6.1/builds.json,https://huggingface.co/datasets/LvlUrArti/ShiyuDataProcessed/resolve/main/2.6.1/builds.json,ok
2.6.2,2026-03-10,sd,式舆防卫,all,全部,2.6.3,式舆防卫 2.6.3,2026-03-06,2026-03-20,hugo,Hugo Vlad,雨果·维拉德,直伤主C,S,0.33,0,58,111,3.28,60.0,59.68,7.0,hf_builds,2.6.2/builds.json,https://huggingface.co/datasets/LvlUrArti/ShiyuDataProcessed/resolve/main/2.6.2/builds.json,ok
2.7.1,2026-03-31,sd,式舆防卫,all,全部,2.6.4,式舆防卫 2.6.4,2026-03-20,2026-04-03,hugo,Hugo Vlad,雨果·维拉德,直伤主C,S,0.93,27556,199,246,1.94,60.0,59.32,7.0,hf_builds,2.7.1/builds.json,https://huggingface.co/datasets/LvlUrArti/ShiyuDataProcessed/resolve/main/2.7.1/builds.json,ok
2.7.2,2026-04-21,sd,式舆防卫,all,全部,2.7.2,式舆防卫 2.7.2,2026-04-17,2026-05-01,hugo,Hugo Vlad,雨果·维拉德,直伤主C,S,0.83,26983,131,199,2.63,60.0,59.86,7.0,hf_builds,2.7.2/builds.json,https://huggingface.co/datasets/LvlUrArti/ShiyuDataProcessed/resolve/main/2.7.2/builds.json,ok
2.8.1,2026-05-11,sd,式舆防卫,all,全部,2.7.3,式舆防卫 2.7.3,2026-05-01,2026-05-15,hugo,Hugo Vlad,雨果·维拉德,直伤主C,S,0.76,28061,155,167,2.52,60.0,60.0,7.0,hf_builds,2.8.1/builds.json,https://huggingface.co/datasets/LvlUrArti/ShiyuDataProcessed/resolve/main/2.8.1/builds.json,ok
2.8.2,2026-06-02,sd,式舆防卫,all,全部,2.8.2,式舆防卫 2.8.2,2026-05-29,2026-06-12,hugo,Hugo Vlad,雨果·维拉德,直伤主C,S,0.86,22589,121,82,2.52,60.0,60.0,7.0,hf_builds,2.8.2/builds.json,https://huggingface.co/datasets/LvlUrArti/ShiyuDataProcessed/resolve/main/2.8.2/builds.json,ok
3.0.1,2026-06-21,sd,式舆防卫,all,全部,2.8.3,式舆防卫 2.8.3,2026-06-12,2026-06-26,hugo,Hugo Vlad,雨果·维拉德,直伤主C,S,0.72,28474,145,176,1.8,60.0,59.89,7.0,hf_builds,3.0.1/builds.json,https://huggingface.co/datasets/LvlUrArti/ShiyuDataProcessed/resolve/main/3.0.1/builds.json,ok
2.6.1,2026-02-17,sd,式舆防卫,all,全部,2.6.1,式舆防卫 2.6.1,2026-02-06,2026-02-20,jane-doe,Jane Doe,简·杜,异常主C,S,3.86,27732,861,304,1.17,60.0,59.91,7.0,hf_builds,2.6.1/builds.json,https://huggingface.co/datasets/LvlUrArti/ShiyuDataProcessed/resolve/main/2.6.1/builds.json,ok
2.6.2,2026-03-10,sd,式舆防卫,all,全部,2.6.3,式舆防卫 2.6.3,2026-03-06,2026-03-20,jane-doe,Jane Doe,简·杜,异常主C,S,6.77,28445,1202,913,1.25,60.0,59.96,6.99,hf_builds,2.6.2/builds.json,https://huggingface.co/datasets/LvlUrArti/ShiyuDataProcessed/resolve/main/2.6.2/builds.json,ok
2.7.1,2026-03-31,sd,式舆防卫,all,全部,2.6.4,式舆防卫 2.6.4,2026-03-20,2026-04-03,jane-doe,Jane Doe,简·杜,异常主C,S,5.4,28046,1153,755,1.36,60.0,59.97,7.0,hf_builds,2.7.1/builds.json,https://huggingface.co/datasets/LvlUrArti/ShiyuDataProcessed/resolve/main/2.7.1/builds.json,ok
2.7.2,2026-04-21,sd,式舆防卫,all,全部,2.7.2,式舆防卫 2.7.2,2026-04-17,2026-05-01,jane-doe,Jane Doe,简·杜,异常主C,S,1.84,27086,291,308,1.55,60.0,60.0,7.0,hf_builds,2.7.2/builds.json,https://huggingface.co/datasets/LvlUrArti/ShiyuDataProcessed/resolve/main/2.7.2/builds.json,ok
2.8.1,2026-05-11,sd,式舆防卫,all,全部,2.7.3,式舆防卫 2.7.3,2026-05-01,2026-05-15,jane-doe,Jane Doe,简·杜,异常主C,S,2.53,29370,513,378,1.67,60.0,59.85,7.0,hf_builds,2.8.1/builds.json,https://huggingface.co/datasets/LvlUrArti/ShiyuDataProcessed/resolve/main/2.8.1/builds.json,ok
2.8.2,2026-06-02,sd,式舆防卫,all,全部,2.8.2,式舆防卫 2.8.2,2026-05-29,2026-06-12,jane-doe,Jane Doe,简·杜,异常主C,S,4.27,24192,603,213,1.3,59.97,59.97,7.0,hf_builds,2.8.2/builds.json,https://huggingface.co/datasets/LvlUrArti/ShiyuDataProcessed/resolve/main/2.8.2/builds.json,ok
3.0.1,2026-06-21,sd,式舆防卫,all,全部,2.8.3,式舆防卫 2.8.3,2026-06-12,2026-06-26,jane-doe,Jane Doe,简·杜,异常主C,S,4.47,28081,903,541,0.9,60.0,59.83,7.0,hf_builds,3.0.1/builds.json,https://huggingface.co/datasets/LvlUrArti/ShiyuDataProcessed/resolve/main/3.0.1/builds.json,ok
2.6.1,2026-02-17,sd,式舆防卫,all,全部,2.6.1,式舆防卫 2.6.1,2026-02-06,2026-02-20,ju-fufu,Ju Fufu,橘福福,辅助,S,35.83,31288,7995,652,0.12,60.0,59.37,6.99,hf_builds,2.6.1/builds.json,https://huggingface.co/datasets/LvlUrArti/ShiyuDataProcessed/resolve/main/2.6.1/builds.json,ok
2.6.2,2026-03-10,sd,式舆防卫,all,全部,2.6.3,式舆防卫 2.6.3,2026-03-06,2026-03-20,ju-fufu,Ju Fufu,橘福福,辅助,S,30.04,31947,5330,993,0.14,59.98,59.58,6.99,hf_builds,2.6.2/builds.json,https://huggingface.co/datasets/LvlUrArti/ShiyuDataProcessed/resolve/main/2.6.2/builds.json,ok
2.7.1,2026-03-31,sd,式舆防卫,all,全部,2.6.4,式舆防卫 2.6.4,2026-03-20,2026-04-03,ju-fufu,Ju Fufu,橘福福,辅助,S,33.2,31264,7087,946,0.14,59.99,58.88,6.99,hf_builds,2.7.1/builds.json,https://huggingface.co/datasets/LvlUrArti/ShiyuDataProcessed/resolve/main/2.7.1/builds.json,ok
2.7.2,2026-04-21,sd,式舆防卫,all,全部,2.7.2,式舆防卫 2.7.2,2026-04-17,2026-05-01,ju-fufu,Ju Fufu,橘福福,辅助,S,27.89,31132,4420,728,0.15,60.0,59.57,7.0,hf_builds,2.7.2/builds.json,https://huggingface.co/datasets/LvlUrArti/ShiyuDataProcessed/resolve/main/2.7.2/builds.json,ok
2.8.1,2026-05-11,sd,式舆防卫,all,全部,2.7.3,式舆防卫 2.7.3,2026-05-01,2026-05-15,ju-fufu,Ju Fufu,橘福福,辅助,S,18.66,28723,3782,548,0.16,60.0,59.61,7.0,hf_builds,2.8.1/builds.json,https://huggingface.co/datasets/LvlUrArti/ShiyuDataProcessed/resolve/main/2.8.1/builds.json,ok
2.8.2,2026-06-02,sd,式舆防卫,all,全部,2.8.2,式舆防卫 2.8.2,2026-05-29,2026-06-12,ju-fufu,Ju Fufu,橘福福,辅助,S,14.06,26809,1984,190,0.19,60.0,59.73,7.0,hf_builds,2.8.2/builds.json,https://huggingface.co/datasets/LvlUrArti/ShiyuDataProcessed/resolve/main/2.8.2/builds.json,ok
3.0.1,2026-06-21,sd,式舆防卫,all,全部,2.8.3,式舆防卫 2.8.3,2026-06-12,2026-06-26,ju-fufu,Ju Fufu,橘福福,辅助,S,21.33,28679,4304,551,0.16,60.0,59.8,7.0,hf_builds,3.0.1/builds.json,https://huggingface.co/datasets/LvlUrArti/ShiyuDataProcessed/resolve/main/3.0.1/builds.json,ok
2.6.1,2026-02-17,sd,式舆防卫,all,全部,2.6.1,式舆防卫 2.6.1,2026-02-06,2026-02-20,koleda,Koleda Belobog,珂蕾妲·贝洛伯格,辅助,S,2.63,28110,588,18,2.11,60.0,55.14,6.92,hf_builds,2.6.1/builds.json,https://huggingface.co/datasets/LvlUrArti/ShiyuDataProcessed/resolve/main/2.6.1/builds.json,ok
2.6.2,2026-03-10,sd,式舆防卫,all,全部,2.6.3,式舆防卫 2.6.3,2026-03-06,2026-03-20,koleda,Koleda Belobog,珂蕾妲·贝洛伯格,辅助,S,1.3,27612,230,13,1.98,60.0,55.63,6.96,hf_builds,2.6.2/builds.json,https://huggingface.co/datasets/LvlUrArti/ShiyuDataProcessed/resolve/main/2.6.2/builds.json,ok
2.7.1,2026-03-31,sd,式舆防卫,all,全部,2.6.4,式舆防卫 2.6.4,2026-03-20,2026-04-03,koleda,Koleda Belobog,珂蕾妲·贝洛伯格,辅助,S,1.0,28160,213,10,2.19,60.0,51.14,7.0,hf_builds,2.7.1/builds.json,https://huggingface.co/datasets/LvlUrArti/ShiyuDataProcessed/resolve/main/2.7.1/builds.json,ok
2.7.2,2026-04-21,sd,式舆防卫,all,全部,2.7.2,式舆防卫 2.7.2,2026-04-17,2026-05-01,koleda,Koleda Belobog,珂蕾妲·贝洛伯格,辅助,S,0.74,28283,118,6,2.14,60.0,60.0,7.0,hf_builds,2.7.2/builds.json,https://huggingface.co/datasets/LvlUrArti/ShiyuDataProcessed/resolve/main/2.7.2/builds.json,ok
2.8.1,2026-05-11,sd,式舆防卫,all,全部,2.7.3,式舆防卫 2.7.3,2026-05-01,2026-05-15,koleda,Koleda Belobog,珂蕾妲·贝洛伯格,辅助,S,0.43,26934,88,5,2.11,60.0,58.89,7.0,hf_builds,2.8.1/builds.json,https://huggingface.co/datasets/LvlUrArti/ShiyuDataProcessed/resolve/main/2.8.1/builds.json,ok
2.8.2,2026-06-02,sd,式舆防卫,all,全部,2.8.2,式舆防卫 2.8.2,2026-05-29,2026-06-12,koleda,Koleda Belobog,珂蕾妲·贝洛伯格,辅助,S,0.77,24621,108,7,2.16,60.0,60.0,6.93,hf_builds,2.8.2/builds.json,https://huggingface.co/datasets/LvlUrArti/ShiyuDataProcessed/resolve/main/2.8.2/builds.json,ok
3.0.1,2026-06-21,sd,式舆防卫,all,全部,2.8.3,式舆防卫 2.8.3,2026-06-12,2026-06-26,koleda,Koleda Belobog,珂蕾妲·贝洛伯格,辅助,S,0.87,27816,176,12,2.51,60.0,59.49,7.0,hf_builds,3.0.1/builds.json,https://huggingface.co/datasets/LvlUrArti/ShiyuDataProcessed/resolve/main/3.0.1/builds.json,ok
2.6.1,2026-02-17,sd,式舆防卫,all,全部,2.6.1,式舆防卫 2.6.1,2026-02-06,2026-02-20,lighter,Lighter,莱特,辅助,S,11.14,31590,2487,409,0.37,60.0,59.62,6.99,hf_builds,2.6.1/builds.json,https://huggingface.co/datasets/LvlUrArti/ShiyuDataProcessed/resolve/main/2.6.1/builds.json,ok
2.6.2,2026-03-10,sd,式舆防卫,all,全部,2.6.3,式舆防卫 2.6.3,2026-03-06,2026-03-20,lighter,Lighter,莱特,辅助,S,4.75,27810,843,411,0.54,60.0,59.85,7.0,hf_builds,2.6.2/builds.json,https://huggingface.co/datasets/LvlUrArti/ShiyuDataProcessed/resolve/main/2.6.2/builds.json,ok
2.7.1,2026-03-31,sd,式舆防卫,all,全部,2.6.4,式舆防卫 2.6.4,2026-03-20,2026-04-03,lighter,Lighter,莱特,辅助,S,4.38,27163,935,440,0.59,60.0,59.54,7.0,hf_builds,2.7.1/builds.json,https://huggingface.co/datasets/LvlUrArti/ShiyuDataProcessed/resolve/main/2.7.1/builds.json,ok
2.7.2,2026-04-21,sd,式舆防卫,all,全部,2.7.2,式舆防卫 2.7.2,2026-04-17,2026-05-01,lighter,Lighter,莱特,辅助,S,2.45,26669,389,272,0.72,60.0,59.87,7.0,hf_builds,2.7.2/builds.json,https://huggingface.co/datasets/LvlUrArti/ShiyuDataProcessed/resolve/main/2.7.2/builds.json,ok
2.8.1,2026-05-11,sd,式舆防卫,all,全部,2.7.3,式舆防卫 2.7.3,2026-05-01,2026-05-15,lighter,Lighter,莱特,辅助,S,2.24,26619,454,243,0.72,60.0,59.56,6.99,hf_builds,2.8.1/builds.json,https://huggingface.co/datasets/LvlUrArti/ShiyuDataProcessed/resolve/main/2.8.1/builds.json,ok
2.8.2,2026-06-02,sd,式舆防卫,all,全部,2.8.2,式舆防卫 2.8.2,2026-05-29,2026-06-12,lighter,Lighter,莱特,辅助,S,3.54,23661,499,124,0.62,60.0,59.95,6.98,hf_builds,2.8.2/builds.json,https://huggingface.co/datasets/LvlUrArti/ShiyuDataProcessed/resolve/main/2.8.2/builds.json,ok
3.0.1,2026-06-21,sd,式舆防卫,all,全部,2.8.3,式舆防卫 2.8.3,2026-06-12,2026-06-26,lighter,Lighter,莱特,辅助,S,5.51,27401,1113,354,0.51,60.0,59.88,7.0,hf_builds,3.0.1/builds.json,https://huggingface.co/datasets/LvlUrArti/ShiyuDataProcessed/resolve/main/3.0.1/builds.json,ok
2.6.1,2026-02-17,sd,式舆防卫,all,全部,2.6.1,式舆防卫 2.6.1,2026-02-06,2026-02-20,lucia,Lucia,卢西娅,辅助,S,56.16,31993,12533,1076,0.13,60.0,58.99,6.99,hf_builds,2.6.1/builds.json,https://huggingface.co/datasets/LvlUrArti/ShiyuDataProcessed/resolve/main/2.6.1/builds.json,ok
2.6.2,2026-03-10,sd,式舆防卫,all,全部,2.6.3,式舆防卫 2.6.3,2026-03-06,2026-03-20,lucia,Lucia,卢西娅,辅助,S,58.6,32831,10397,1945,0.14,59.99,59.19,6.99,hf_builds,2.6.2/builds.json,https://huggingface.co/datasets/LvlUrArti/ShiyuDataProcessed/resolve/main/2.6.2/builds.json,ok
2.7.1,2026-03-31,sd,式舆防卫,all,全部,2.6.4,式舆防卫 2.6.4,2026-03-20,2026-04-03,lucia,Lucia,卢西娅,辅助,S,63.17,31774,13487,1755,0.13,60.0,59.1,6.99,hf_builds,2.7.1/builds.json,https://huggingface.co/datasets/LvlUrArti/ShiyuDataProcessed/resolve/main/2.7.1/builds.json,ok
2.7.2,2026-04-21,sd,式舆防卫,all,全部,2.7.2,式舆防卫 2.7.2,2026-04-17,2026-05-01,lucia,Lucia,卢西娅,辅助,S,62.75,31691,9944,1501,0.15,60.0,59.28,6.99,hf_builds,2.7.2/builds.json,https://huggingface.co/datasets/LvlUrArti/ShiyuDataProcessed/resolve/main/2.7.2/builds.json,ok
2.8.1,2026-05-11,sd,式舆防卫,all,全部,2.7.3,式舆防卫 2.7.3,2026-05-01,2026-05-15,lucia,Lucia,卢西娅,辅助,S,41.81,30027,8475,1219,0.16,60.0,59.39,6.99,hf_builds,2.8.1/builds.json,https://huggingface.co/datasets/LvlUrArti/ShiyuDataProcessed/resolve/main/2.8.1/builds.json,ok
2.8.2,2026-06-02,sd,式舆防卫,all,全部,2.8.2,式舆防卫 2.8.2,2026-05-29,2026-06-12,lucia,Lucia,卢西娅,辅助,S,40.28,29262,5685,468,0.21,59.99,59.54,6.99,hf_builds,2.8.2/builds.json,https://huggingface.co/datasets/LvlUrArti/ShiyuDataProcessed/resolve/main/2.8.2/builds.json,ok
3.0.1,2026-06-21,sd,式舆防卫,all,全部,2.8.3,式舆防卫 2.8.3,2026-06-12,2026-06-26,lucia,Lucia,卢西娅,辅助,S,54.39,30151,10977,1266,0.17,60.0,59.33,6.99,hf_builds,3.0.1/builds.json,https://huggingface.co/datasets/LvlUrArti/ShiyuDataProcessed/resolve/main/3.0.1/builds.json,ok
2.6.1,2026-02-17,sd,式舆防卫,all,全部,2.6.1,式舆防卫 2.6.1,2026-02-06,2026-02-20,lucy,Luciana de Montefio,露西亚娜·德·蒙特夫,辅助,A,1.96,27694,437,17,5.98,60.0,59.6,7.0,hf_builds,2.6.1/builds.json,https://huggingface.co/datasets/LvlUrArti/ShiyuDataProcessed/resolve/main/2.6.1/builds.json,ok
2.6.2,2026-03-10,sd,式舆防卫,all,全部,2.6.3,式舆防卫 2.6.3,2026-03-06,2026-03-20,lucy,Luciana de Montefio,露西亚娜·德·蒙特夫,辅助,A,0.81,27774,144,12,5.96,60.0,60.0,7.0,hf_builds,2.6.2/builds.json,https://huggingface.co/datasets/LvlUrArti/ShiyuDataProcessed/resolve/main/2.6.2/builds.json,ok
2.7.1,2026-03-31,sd,式舆防卫,all,全部,2.6.4,式舆防卫 2.6.4,2026-03-20,2026-04-03,lucy,Luciana de Montefio,露西亚娜·德·蒙特夫,辅助,A,0.93,26989,198,10,5.99,60.0,60.0,7.0,hf_builds,2.7.1/builds.json,https://huggingface.co/datasets/LvlUrArti/ShiyuDataProcessed/resolve/main/2.7.1/builds.json,ok
2.7.2,2026-04-21,sd,式舆防卫,all,全部,2.7.2,式舆防卫 2.7.2,2026-04-17,2026-05-01,lucy,Luciana de Montefio,露西亚娜·德·蒙特夫,辅助,A,0.57,27049,90,9,6.0,60.0,57.25,7.0,hf_builds,2.7.2/builds.json,https://huggingface.co/datasets/LvlUrArti/ShiyuDataProcessed/resolve/main/2.7.2/builds.json,ok
2.8.1,2026-05-11,sd,式舆防卫,all,全部,2.7.3,式舆防卫 2.7.3,2026-05-01,2026-05-15,lucy,Luciana de Montefio,露西亚娜·德·蒙特夫,辅助,A,0.51,28031,104,8,6.0,60.0,60.0,7.0,hf_builds,2.8.1/builds.json,https://huggingface.co/datasets/LvlUrArti/ShiyuDataProcessed/resolve/main/2.8.1/builds.json,ok
2.8.2,2026-06-02,sd,式舆防卫,all,全部,2.8.2,式舆防卫 2.8.2,2026-05-29,2026-06-12,lucy,Luciana de Montefio,露西亚娜·德·蒙特夫,辅助,A,1.02,21988,144,3,5.98,60.0,60.0,7.0,hf_builds,2.8.2/builds.json,https://huggingface.co/datasets/LvlUrArti/ShiyuDataProcessed/resolve/main/2.8.2/builds.json,ok
3.0.1,2026-06-21,sd,式舆防卫,all,全部,2.8.3,式舆防卫 2.8.3,2026-06-12,2026-06-26,lucy,Luciana de Montefio,露西亚娜·德·蒙特夫,辅助,A,0.72,27507,146,6,5.99,60.0,60.0,7.0,hf_builds,3.0.1/builds.json,https://huggingface.co/datasets/LvlUrArti/ShiyuDataProcessed/resolve/main/3.0.1/builds.json,ok
2.6.1,2026-02-17,sd,式舆防卫,all,全部,2.6.1,式舆防卫 2.6.1,2026-02-06,2026-02-20,lycaon,Von Lycaon,冯·莱卡恩,辅助,S,2.09,27909,466,89,2.12,60.0,59.85,7.0,hf_builds,2.6.1/builds.json,https://huggingface.co/datasets/LvlUrArti/ShiyuDataProcessed/resolve/main/2.6.1/builds.json,ok
2.6.2,2026-03-10,sd,式舆防卫,all,全部,2.6.3,式舆防卫 2.6.3,2026-03-06,2026-03-20,lycaon,Von Lycaon,冯·莱卡恩,辅助,S,2.82,28212,500,107,2.18,60.0,58.55,6.97,hf_builds,2.6.2/builds.json,https://huggingface.co/datasets/LvlUrArti/ShiyuDataProcessed/resolve/main/2.6.2/builds.json,ok
2.7.1,2026-03-31,sd,式舆防卫,all,全部,2.6.4,式舆防卫 2.6.4,2026-03-20,2026-04-03,lycaon,Von Lycaon,冯·莱卡恩,辅助,S,8.17,29795,1745,230,2.28,59.99,58.84,6.97,hf_builds,2.7.1/builds.json,https://huggingface.co/datasets/LvlUrArti/ShiyuDataProcessed/resolve/main/2.7.1/builds.json,ok
2.7.2,2026-04-21,sd,式舆防卫,all,全部,2.7.2,式舆防卫 2.7.2,2026-04-17,2026-05-01,lycaon,Von Lycaon,冯·莱卡恩,辅助,S,5.54,29025,878,150,2.28,59.98,58.95,6.98,hf_builds,2.7.2/builds.json,https://huggingface.co/datasets/LvlUrArti/ShiyuDataProcessed/resolve/main/2.7.2/builds.json,ok
2.8.1,2026-05-11,sd,式舆防卫,all,全部,2.7.3,式舆防卫 2.7.3,2026-05-01,2026-05-15,lycaon,Von Lycaon,冯·莱卡恩,辅助,S,2.51,27943,509,114,2.21,59.99,59.37,6.98,hf_builds,2.8.1/builds.json,https://huggingface.co/datasets/LvlUrArti/ShiyuDataProcessed/resolve/main/2.8.1/builds.json,ok
2.8.2,2026-06-02,sd,式舆防卫,all,全部,2.8.2,式舆防卫 2.8.2,2026-05-29,2026-06-12,lycaon,Von Lycaon,冯·莱卡恩,辅助,S,4.24,25128,598,71,2.26,60.0,59.75,6.99,hf_builds,2.8.2/builds.json,https://huggingface.co/datasets/LvlUrArti/ShiyuDataProcessed/resolve/main/2.8.2/builds.json,ok
3.0.1,2026-06-21,sd,式舆防卫,all,全部,2.8.3,式舆防卫 2.8.3,2026-06-12,2026-06-26,lycaon,Von Lycaon,冯·莱卡恩,辅助,S,2.88,27459,581,142,2.48,60.0,59.87,6.98,hf_builds,3.0.1/builds.json,https://huggingface.co/datasets/LvlUrArti/ShiyuDataProcessed/resolve/main/3.0.1/builds.json,ok
2.6.1,2026-02-17,sd,式舆防卫,all,全部,2.6.1,式舆防卫 2.6.1,2026-02-06,2026-02-20,manato,Komano Manato,狛野真斗,直伤主C,A,1.11,27712,247,44,5.76,60.0,60.0,7.0,hf_builds,2.6.1/builds.json,https://huggingface.co/datasets/LvlUrArti/ShiyuDataProcessed/resolve/main/2.6.1/builds.json,ok
2.6.2,2026-03-10,sd,式舆防卫,all,全部,2.6.3,式舆防卫 2.6.3,2026-03-06,2026-03-20,manato,Komano Manato,狛野真斗,直伤主C,A,1.4,28664,248,108,5.74,60.0,60.0,7.0,hf_builds,2.6.2/builds.json,https://huggingface.co/datasets/LvlUrArti/ShiyuDataProcessed/resolve/main/2.6.2/builds.json,ok
2.7.1,2026-03-31,sd,式舆防卫,all,全部,2.6.4,式舆防卫 2.6.4,2026-03-20,2026-04-03,manato,Komano Manato,狛野真斗,直伤主C,A,0.83,28350,178,77,5.78,60.0,60.0,7.0,hf_builds,2.7.1/builds.json,https://huggingface.co/datasets/LvlUrArti/ShiyuDataProcessed/resolve/main/2.7.1/builds.json,ok
2.7.2,2026-04-21,sd,式舆防卫,all,全部,2.7.2,式舆防卫 2.7.2,2026-04-17,2026-05-01,manato,Komano Manato,狛野真斗,直伤主C,A,0.39,26586,62,29,5.92,60.0,60.0,7.0,hf_builds,2.7.2/builds.json,https://huggingface.co/datasets/LvlUrArti/ShiyuDataProcessed/resolve/main/2.7.2/builds.json,ok
2.8.1,2026-05-11,sd,式舆防卫,all,全部,2.7.3,式舆防卫 2.7.3,2026-05-01,2026-05-15,manato,Komano Manato,狛野真斗,直伤主C,A,0.05,0,10,9,5.8,60.0,60.0,7.0,hf_builds,2.8.1/builds.json,https://huggingface.co/datasets/LvlUrArti/ShiyuDataProcessed/resolve/main/2.8.1/builds.json,ok
2.8.2,2026-06-02,sd,式舆防卫,all,全部,2.8.2,式舆防卫 2.8.2,2026-05-29,2026-06-12,manato,Komano Manato,狛野真斗,直伤主C,A,0.6,23744,84,10,5.85,60.0,60.0,7.0,hf_builds,2.8.2/builds.json,https://huggingface.co/datasets/LvlUrArti/ShiyuDataProcessed/resolve/main/2.8.2/builds.json,ok
3.0.1,2026-06-21,sd,式舆防卫,all,全部,2.8.3,式舆防卫 2.8.3,2026-06-12,2026-06-26,manato,Komano Manato,狛野真斗,直伤主C,A,0.3,27206,60,25,5.99,60.0,60.0,7.0,hf_builds,3.0.1/builds.json,https://huggingface.co/datasets/LvlUrArti/ShiyuDataProcessed/resolve/main/3.0.1/builds.json,ok
2.6.1,2026-02-17,sd,式舆防卫,all,全部,2.6.1,式舆防卫 2.6.1,2026-02-06,2026-02-20,miyabi,Hoshimi Miyabi,星见 雅,异常主C,S,34.51,34079,7702,3381,1.08,60.0,59.99,7.0,hf_builds,2.6.1/builds.json,https://huggingface.co/datasets/LvlUrArti/ShiyuDataProcessed/resolve/main/2.6.1/builds.json,ok
2.6.2,2026-03-10,sd,式舆防卫,all,全部,2.6.3,式舆防卫 2.6.3,2026-03-06,2026-03-20,miyabi,Hoshimi Miyabi,星见 雅,异常主C,S,25.91,29555,4597,4740,1.84,60.0,59.98,7.0,hf_builds,2.6.2/builds.json,https://huggingface.co/datasets/LvlUrArti/ShiyuDataProcessed/resolve/main/2.6.2/builds.json,ok
2.7.1,2026-03-31,sd,式舆防卫,all,全部,2.6.4,式舆防卫 2.6.4,2026-03-20,2026-04-03,miyabi,Hoshimi Miyabi,星见 雅,异常主C,S,47.05,28921,10044,7603,1.17,60.0,59.98,7.0,hf_builds,2.7.1/builds.json,https://huggingface.co/datasets/LvlUrArti/ShiyuDataProcessed/resolve/main/2.7.1/builds.json,ok
2.7.2,2026-04-21,sd,式舆防卫,all,全部,2.7.2,式舆防卫 2.7.2,2026-04-17,2026-05-01,miyabi,Hoshimi Miyabi,星见 雅,异常主C,S,45.87,29218,7268,6855,1.5,60.0,59.99,7.0,hf_builds,2.7.2/builds.json,https://huggingface.co/datasets/LvlUrArti/ShiyuDataProcessed/resolve/main/2.7.2/builds.json,ok
2.8.1,2026-05-11,sd,式舆防卫,all,全部,2.7.3,式舆防卫 2.7.3,2026-05-01,2026-05-15,miyabi,Hoshimi Miyabi,星见 雅,异常主C,S,43.8,34028,8878,6687,1.24,60.0,59.95,7.0,hf_builds,2.8.1/builds.json,https://huggingface.co/datasets/LvlUrArti/ShiyuDataProcessed/resolve/main/2.8.1/builds.json,ok
2.8.2,2026-06-02,sd,式舆防卫,all,全部,2.8.2,式舆防卫 2.8.2,2026-05-29,2026-06-12,miyabi,Hoshimi Miyabi,星见 雅,异常主C,S,57.04,29647,8049,3650,1.12,60.0,59.98,7.0,hf_builds,2.8.2/builds.json,https://huggingface.co/datasets/LvlUrArti/ShiyuDataProcessed/resolve/main/2.8.2/builds.json,ok
3.0.1,2026-06-21,sd,式舆防卫,all,全部,2.8.3,式舆防卫 2.8.3,2026-06-12,2026-06-26,miyabi,Hoshimi Miyabi,星见 雅,异常主C,S,55.0,32227,11101,7761,1.28,60.0,59.95,7.0,hf_builds,3.0.1/builds.json,https://huggingface.co/datasets/LvlUrArti/ShiyuDataProcessed/resolve/main/3.0.1/builds.json,ok
2.7.1,2026-03-31,sd,式舆防卫,all,全部,2.6.4,式舆防卫 2.6.4,2026-03-20,2026-04-03,nangong-yu,Nangong Yu,南宫羽,辅助,S,18.1,35182,3865,1527,0.08,59.97,59.52,6.83,hf_builds,2.7.1/builds.json,https://huggingface.co/datasets/LvlUrArti/ShiyuDataProcessed/resolve/main/2.7.1/builds.json,ok
2.7.2,2026-04-21,sd,式舆防卫,all,全部,2.7.2,式舆防卫 2.7.2,2026-04-17,2026-05-01,nangong-yu,Nangong Yu,南宫羽,辅助,S,56.97,31926,9028,3622,0.11,60.0,59.78,6.98,hf_builds,2.7.2/builds.json,https://huggingface.co/datasets/LvlUrArti/ShiyuDataProcessed/resolve/main/2.7.2/builds.json,ok
2.8.1,2026-05-11,sd,式舆防卫,all,全部,2.7.3,式舆防卫 2.7.3,2026-05-01,2026-05-15,nangong-yu,Nangong Yu,南宫羽,辅助,S,57.26,34816,11607,3743,0.12,60.0,59.77,6.99,hf_builds,2.8.1/builds.json,https://huggingface.co/datasets/LvlUrArti/ShiyuDataProcessed/resolve/main/2.8.1/builds.json,ok
2.8.2,2026-06-02,sd,式舆防卫,all,全部,2.8.2,式舆防卫 2.8.2,2026-05-29,2026-06-12,nangong-yu,Nangong Yu,南宫羽,辅助,S,50.91,31218,7185,1539,0.12,60.0,59.92,6.99,hf_builds,2.8.2/builds.json,https://huggingface.co/datasets/LvlUrArti/ShiyuDataProcessed/resolve/main/2.8.2/builds.json,ok
3.0.1,2026-06-21,sd,式舆防卫,all,全部,2.8.3,式舆防卫 2.8.3,2026-06-12,2026-06-26,nangong-yu,Nangong Yu,南宫羽,辅助,S,47.99,33342,9686,2982,0.13,60.0,59.86,6.99,hf_builds,3.0.1/builds.json,https://huggingface.co/datasets/LvlUrArti/ShiyuDataProcessed/resolve/main/3.0.1/builds.json,ok
2.6.1,2026-02-17,sd,式舆防卫,all,全部,2.6.1,式舆防卫 2.6.1,2026-02-06,2026-02-20,nekomata,Nekomiya Mana,猫宫 又奈,直伤主C,S,0.36,28044,80,24,3.42,60.0,58.98,7.0,hf_builds,2.6.1/builds.json,https://huggingface.co/datasets/LvlUrArti/ShiyuDataProcessed/resolve/main/2.6.1/builds.json,ok
2.6.2,2026-03-10,sd,式舆防卫,all,全部,2.6.3,式舆防卫 2.6.3,2026-03-06,2026-03-20,nekomata,Nekomiya Mana,猫宫 又奈,直伤主C,S,0.37,27843,66,49,3.48,60.0,60.0,6.99,hf_builds,2.6.2/builds.json,https://huggingface.co/datasets/LvlUrArti/ShiyuDataProcessed/resolve/main/2.6.2/builds.json,ok
2.7.1,2026-03-31,sd,式舆防卫,all,全部,2.6.4,式舆防卫 2.6.4,2026-03-20,2026-04-03,nekomata,Nekomiya Mana,猫宫 又奈,直伤主C,S,0.23,27317,50,42,3.97,60.0,60.0,7.0,hf_builds,2.7.1/builds.json,https://huggingface.co/datasets/LvlUrArti/ShiyuDataProcessed/resolve/main/2.7.1/builds.json,ok
2.7.2,2026-04-21,sd,式舆防卫,all,全部,2.7.2,式舆防卫 2.7.2,2026-04-17,2026-05-01,nekomata,Nekomiya Mana,猫宫 又奈,直伤主C,S,0.16,28955,26,21,3.71,60.0,60.0,6.99,hf_builds,2.7.2/builds.json,https://huggingface.co/datasets/LvlUrArti/ShiyuDataProcessed/resolve/main/2.7.2/builds.json,ok
2.8.1,2026-05-11,sd,式舆防卫,all,全部,2.7.3,式舆防卫 2.7.3,2026-05-01,2026-05-15,nekomata,Nekomiya Mana,猫宫 又奈,直伤主C,S,0.2,27812,41,30,4.3,60.0,60.0,7.0,hf_builds,2.8.1/builds.json,https://huggingface.co/datasets/LvlUrArti/ShiyuDataProcessed/resolve/main/2.8.1/builds.json,ok
2.8.2,2026-06-02,sd,式舆防卫,all,全部,2.8.2,式舆防卫 2.8.2,2026-05-29,2026-06-12,nekomata,Nekomiya Mana,猫宫 又奈,直伤主C,S,0.25,25285,35,16,3.98,60.0,58.52,7.0,hf_builds,2.8.2/builds.json,https://huggingface.co/datasets/LvlUrArti/ShiyuDataProcessed/resolve/main/2.8.2/builds.json,ok
3.0.1,2026-06-21,sd,式舆防卫,all,全部,2.8.3,式舆防卫 2.8.3,2026-06-12,2026-06-26,nekomata,Nekomiya Mana,猫宫 又奈,直伤主C,S,0.19,29875,38,39,4.36,60.0,60.0,7.0,hf_builds,3.0.1/builds.json,https://huggingface.co/datasets/LvlUrArti/ShiyuDataProcessed/resolve/main/3.0.1/builds.json,ok
2.6.1,2026-02-17,sd,式舆防卫,all,全部,2.6.1,式舆防卫 2.6.1,2026-02-06,2026-02-20,nicole-demara,Nicole Demara,妮可·德玛拉,辅助,A,6.19,28838,1382,40,5.99,60.0,59.7,6.95,hf_builds,2.6.1/builds.json,https://huggingface.co/datasets/LvlUrArti/ShiyuDataProcessed/resolve/main/2.6.1/builds.json,ok
2.6.2,2026-03-10,sd,式舆防卫,all,全部,2.6.3,式舆防卫 2.6.3,2026-03-06,2026-03-20,nicole-demara,Nicole Demara,妮可·德玛拉,辅助,A,4.68,28176,830,57,5.99,59.95,59.72,6.95,hf_builds,2.6.2/builds.json,https://huggingface.co/datasets/LvlUrArti/ShiyuDataProcessed/resolve/main/2.6.2/builds.json,ok
2.7.1,2026-03-31,sd,式舆防卫,all,全部,2.6.4,式舆防卫 2.6.4,2026-03-20,2026-04-03,nicole-demara,Nicole Demara,妮可·德玛拉,辅助,A,4.15,27820,885,58,6.0,59.91,58.99,6.98,hf_builds,2.7.1/builds.json,https://huggingface.co/datasets/LvlUrArti/ShiyuDataProcessed/resolve/main/2.7.1/builds.json,ok
2.7.2,2026-04-21,sd,式舆防卫,all,全部,2.7.2,式舆防卫 2.7.2,2026-04-17,2026-05-01,nicole-demara,Nicole Demara,妮可·德玛拉,辅助,A,3.0,27354,476,49,6.0,60.0,59.39,7.0,hf_builds,2.7.2/builds.json,https://huggingface.co/datasets/LvlUrArti/ShiyuDataProcessed/resolve/main/2.7.2/builds.json,ok
2.8.1,2026-05-11,sd,式舆防卫,all,全部,2.7.3,式舆防卫 2.7.3,2026-05-01,2026-05-15,nicole-demara,Nicole Demara,妮可·德玛拉,辅助,A,3.39,28558,687,38,5.99,60.0,59.22,7.0,hf_builds,2.8.1/builds.json,https://huggingface.co/datasets/LvlUrArti/ShiyuDataProcessed/resolve/main/2.8.1/builds.json,ok
2.8.2,2026-06-02,sd,式舆防卫,all,全部,2.8.2,式舆防卫 2.8.2,2026-05-29,2026-06-12,nicole-demara,Nicole Demara,妮可·德玛拉,辅助,A,3.39,24275,478,13,5.99,60.0,59.35,7.0,hf_builds,2.8.2/builds.json,https://huggingface.co/datasets/LvlUrArti/ShiyuDataProcessed/resolve/main/2.8.2/builds.json,ok
3.0.1,2026-06-21,sd,式舆防卫,all,全部,2.8.3,式舆防卫 2.8.3,2026-06-12,2026-06-26,nicole-demara,Nicole Demara,妮可·德玛拉,辅助,A,2.46,28183,496,32,6.0,60.0,58.84,7.0,hf_builds,3.0.1/builds.json,https://huggingface.co/datasets/LvlUrArti/ShiyuDataProcessed/resolve/main/3.0.1/builds.json,ok
2.6.1,2026-02-17,sd,式舆防卫,all,全部,2.6.1,式舆防卫 2.6.1,2026-02-06,2026-02-20,orphie-and-magus,"Orphie Magnusson & ""Magus""",奥菲丝·马格努森 & 「鬼火」,直伤主C,S,21.12,35478,4714,813,0.14,59.99,59.77,6.99,hf_builds,2.6.1/builds.json,https://huggingface.co/datasets/LvlUrArti/ShiyuDataProcessed/resolve/main/2.6.1/builds.json,ok
2.6.2,2026-03-10,sd,式舆防卫,all,全部,2.6.3,式舆防卫 2.6.3,2026-03-06,2026-03-20,orphie-and-magus,"Orphie Magnusson & ""Magus""",奥菲丝·马格努森 & 「鬼火」,直伤主C,S,17.53,31773,3110,1272,0.15,59.99,59.93,6.99,hf_builds,2.6.2/builds.json,https://huggingface.co/datasets/LvlUrArti/ShiyuDataProcessed/resolve/main/2.6.2/builds.json,ok
2.7.1,2026-03-31,sd,式舆防卫,all,全部,2.6.4,式舆防卫 2.6.4,2026-03-20,2026-04-03,orphie-and-magus,"Orphie Magnusson & ""Magus""",奥菲丝·马格努森 & 「鬼火」,直伤主C,S,3.41,28161,727,405,0.37,60.0,59.82,7.0,hf_builds,2.7.1/builds.json,https://huggingface.co/datasets/LvlUrArti/ShiyuDataProcessed/resolve/main/2.7.1/builds.json,ok
2.7.2,2026-04-21,sd,式舆防卫,all,全部,2.7.2,式舆防卫 2.7.2,2026-04-17,2026-05-01,orphie-and-magus,"Orphie Magnusson & ""Magus""",奥菲丝·马格努森 & 「鬼火」,直伤主C,S,10.84,32515,1717,741,0.14,60.0,59.78,7.0,hf_builds,2.7.2/builds.json,https://huggingface.co/datasets/LvlUrArti/ShiyuDataProcessed/resolve/main/2.7.2/builds.json,ok
2.8.1,2026-05-11,sd,式舆防卫,all,全部,2.7.3,式舆防卫 2.7.3,2026-05-01,2026-05-15,orphie-and-magus,"Orphie Magnusson & ""Magus""",奥菲丝·马格努森 & 「鬼火」,直伤主C,S,16.08,30327,3259,933,0.15,60.0,59.82,7.0,hf_builds,2.8.1/builds.json,https://huggingface.co/datasets/LvlUrArti/ShiyuDataProcessed/resolve/main/2.8.1/builds.json,ok
2.8.2,2026-06-02,sd,式舆防卫,all,全部,2.8.2,式舆防卫 2.8.2,2026-05-29,2026-06-12,orphie-and-magus,"Orphie Magnusson & ""Magus""",奥菲丝·马格努森 & 「鬼火」,直伤主C,S,14.92,27351,2106,402,0.24,60.0,60.0,7.0,hf_builds,2.8.2/builds.json,https://huggingface.co/datasets/LvlUrArti/ShiyuDataProcessed/resolve/main/2.8.2/builds.json,ok
3.0.1,2026-06-21,sd,式舆防卫,all,全部,2.8.3,式舆防卫 2.8.3,2026-06-12,2026-06-26,orphie-and-magus,"Orphie Magnusson & ""Magus""",奥菲丝·马格努森 & 「鬼火」,直伤主C,S,7.66,29388,1546,594,0.38,60.0,58.9,6.99,hf_builds,3.0.1/builds.json,https://huggingface.co/datasets/LvlUrArti/ShiyuDataProcessed/resolve/main/3.0.1/builds.json,ok
2.6.1,2026-02-17,sd,式舆防卫,all,全部,2.6.1,式舆防卫 2.6.1,2026-02-06,2026-02-20,pan-yinhu,Pan Yinhu,潘引壶,辅助,A,10.74,28748,2396,36,5.53,60.0,59.75,6.91,hf_builds,2.6.1/builds.json,https://huggingface.co/datasets/LvlUrArti/ShiyuDataProcessed/resolve/main/2.6.1/builds.json,ok
2.6.2,2026-03-10,sd,式舆防卫,all,全部,2.6.3,式舆防卫 2.6.3,2026-03-06,2026-03-20,pan-yinhu,Pan Yinhu,潘引壶,辅助,A,9.98,29501,1771,48,5.58,59.9,59.09,6.87,hf_builds,2.6.2/builds.json,https://huggingface.co/datasets/LvlUrArti/ShiyuDataProcessed/resolve/main/2.6.2/builds.json,ok
2.7.1,2026-03-31,sd,式舆防卫,all,全部,2.6.4,式舆防卫 2.6.4,2026-03-20,2026-04-03,pan-yinhu,Pan Yinhu,潘引壶,辅助,A,9.87,28409,2107,46,5.64,60.0,58.7,6.91,hf_builds,2.7.1/builds.json,https://huggingface.co/datasets/LvlUrArti/ShiyuDataProcessed/resolve/main/2.7.1/builds.json,ok
2.7.2,2026-04-21,sd,式舆防卫,all,全部,2.7.2,式舆防卫 2.7.2,2026-04-17,2026-05-01,pan-yinhu,Pan Yinhu,潘引壶,辅助,A,8.6,28350,1362,37,5.72,60.0,59.69,6.95,hf_builds,2.7.2/builds.json,https://huggingface.co/datasets/LvlUrArti/ShiyuDataProcessed/resolve/main/2.7.2/builds.json,ok
2.8.1,2026-05-11,sd,式舆防卫,all,全部,2.7.3,式舆防卫 2.7.3,2026-05-01,2026-05-15,pan-yinhu,Pan Yinhu,潘引壶,辅助,A,5.16,27171,1046,38,5.73,60.0,60.0,6.97,hf_builds,2.8.1/builds.json,https://huggingface.co/datasets/LvlUrArti/ShiyuDataProcessed/resolve/main/2.8.1/builds.json,ok
2.8.2,2026-06-02,sd,式舆防卫,all,全部,2.8.2,式舆防卫 2.8.2,2026-05-29,2026-06-12,pan-yinhu,Pan Yinhu,潘引壶,辅助,A,4.28,27315,604,18,5.71,60.0,60.0,6.96,hf_builds,2.8.2/builds.json,https://huggingface.co/datasets/LvlUrArti/ShiyuDataProcessed/resolve/main/2.8.2/builds.json,ok
3.0.1,2026-06-21,sd,式舆防卫,all,全部,2.8.3,式舆防卫 2.8.3,2026-06-12,2026-06-26,pan-yinhu,Pan Yinhu,潘引壶,辅助,A,5.26,27820,1062,28,5.84,59.84,59.67,6.93,hf_builds,3.0.1/builds.json,https://huggingface.co/datasets/LvlUrArti/ShiyuDataProcessed/resolve/main/3.0.1/builds.json,ok
2.6.1,2026-02-17,sd,式舆防卫,all,全部,2.6.1,式舆防卫 2.6.1,2026-02-06,2026-02-20,piper,Piper Wheel,派派·韦尔,异常主C,A,0.48,27390,106,22,5.99,60.0,60.0,7.0,hf_builds,2.6.1/builds.json,https://huggingface.co/datasets/LvlUrArti/ShiyuDataProcessed/resolve/main/2.6.1/builds.json,ok
2.6.2,2026-03-10,sd,式舆防卫,all,全部,2.6.3,式舆防卫 2.6.3,2026-03-06,2026-03-20,piper,Piper Wheel,派派·韦尔,异常主C,A,0.76,29573,134,39,5.97,60.0,60.0,7.0,hf_builds,2.6.2/builds.json,https://huggingface.co/datasets/LvlUrArti/ShiyuDataProcessed/resolve/main/2.6.2/builds.json,ok
2.7.1,2026-03-31,sd,式舆防卫,all,全部,2.6.4,式舆防卫 2.6.4,2026-03-20,2026-04-03,piper,Piper Wheel,派派·韦尔,异常主C,A,0.72,28071,153,38,5.98,60.0,60.0,6.98,hf_builds,2.7.1/builds.json,https://huggingface.co/datasets/LvlUrArti/ShiyuDataProcessed/resolve/main/2.7.1/builds.json,ok
2.7.2,2026-04-21,sd,式舆防卫,all,全部,2.7.2,式舆防卫 2.7.2,2026-04-17,2026-05-01,piper,Piper Wheel,派派·韦尔,异常主C,A,0.37,27618,58,17,6.0,60.0,60.0,7.0,hf_builds,2.7.2/builds.json,https://huggingface.co/datasets/LvlUrArti/ShiyuDataProcessed/resolve/main/2.7.2/builds.json,ok
2.8.1,2026-05-11,sd,式舆防卫,all,全部,2.7.3,式舆防卫 2.7.3,2026-05-01,2026-05-15,piper,Piper Wheel,派派·韦尔,异常主C,A,0.54,30440,110,31,6.0,60.0,60.0,7.0,hf_builds,2.8.1/builds.json,https://huggingface.co/datasets/LvlUrArti/ShiyuDataProcessed/resolve/main/2.8.1/builds.json,ok
2.8.2,2026-06-02,sd,式舆防卫,all,全部,2.8.2,式舆防卫 2.8.2,2026-05-29,2026-06-12,piper,Piper Wheel,派派·韦尔,异常主C,A,0.42,22290,59,8,5.99,60.0,60.0,7.0,hf_builds,2.8.2/builds.json,https://huggingface.co/datasets/LvlUrArti/ShiyuDataProcessed/resolve/main/2.8.2/builds.json,ok
3.0.1,2026-06-21,sd,式舆防卫,all,全部,2.8.3,式舆防卫 2.8.3,2026-06-12,2026-06-26,piper,Piper Wheel,派派·韦尔,异常主C,A,0.32,27324,65,21,5.99,60.0,60.0,7.0,hf_builds,3.0.1/builds.json,https://huggingface.co/datasets/LvlUrArti/ShiyuDataProcessed/resolve/main/3.0.1/builds.json,ok
2.8.1,2026-05-11,sd,式舆防卫,all,全部,2.7.3,式舆防卫 2.7.3,2026-05-01,2026-05-15,promeia,Promeia,普罗米娅,异常主C,S,4.65,35987,942,426,0.1,59.98,59.85,6.97,hf_builds,2.8.1/builds.json,https://huggingface.co/datasets/LvlUrArti/ShiyuDataProcessed/resolve/main/2.8.1/builds.json,ok
2.8.2,2026-06-02,sd,式舆防卫,all,全部,2.8.2,式舆防卫 2.8.2,2026-05-29,2026-06-12,promeia,Promeia,普罗米娅,异常主C,S,23.19,31439,3273,773,0.13,60.0,59.9,6.99,hf_builds,2.8.2/builds.json,https://huggingface.co/datasets/LvlUrArti/ShiyuDataProcessed/resolve/main/2.8.2/builds.json,ok
3.0.1,2026-06-21,sd,式舆防卫,all,全部,2.8.3,式舆防卫 2.8.3,2026-06-12,2026-06-26,promeia,Promeia,普罗米娅,异常主C,S,22.13,32925,4466,1605,0.14,60.0,59.76,6.99,hf_builds,3.0.1/builds.json,https://huggingface.co/datasets/LvlUrArti/ShiyuDataProcessed/resolve/main/3.0.1/builds.json,ok
2.6.1,2026-02-17,sd,式舆防卫,all,全部,2.6.1,式舆防卫 2.6.1,2026-02-06,2026-02-20,pulchra,Pulchra Fellini,波可娜·费雷尼,辅助,A,2.85,27793,636,16,5.98,60.0,60.0,6.93,hf_builds,2.6.1/builds.json,https://huggingface.co/datasets/LvlUrArti/ShiyuDataProcessed/resolve/main/2.6.1/builds.json,ok
2.6.2,2026-03-10,sd,式舆防卫,all,全部,2.6.3,式舆防卫 2.6.3,2026-03-06,2026-03-20,pulchra,Pulchra Fellini,波可娜·费雷尼,辅助,A,2.34,29001,416,21,5.98,59.46,58.9,6.75,hf_builds,2.6.2/builds.json,https://huggingface.co/datasets/LvlUrArti/ShiyuDataProcessed/resolve/main/2.6.2/builds.json,ok
2.7.1,2026-03-31,sd,式舆防卫,all,全部,2.6.4,式舆防卫 2.6.4,2026-03-20,2026-04-03,pulchra,Pulchra Fellini,波可娜·费雷尼,辅助,A,1.5,28141,321,14,5.97,60.0,60.0,6.88,hf_builds,2.7.1/builds.json,https://huggingface.co/datasets/LvlUrArti/ShiyuDataProcessed/resolve/main/2.7.1/builds.json,ok
2.7.2,2026-04-21,sd,式舆防卫,all,全部,2.7.2,式舆防卫 2.7.2,2026-04-17,2026-05-01,pulchra,Pulchra Fellini,波可娜·费雷尼,辅助,A,1.34,27272,212,11,5.98,60.0,60.0,6.79,hf_builds,2.7.2/builds.json,https://huggingface.co/datasets/LvlUrArti/ShiyuDataProcessed/resolve/main/2.7.2/builds.json,ok
2.8.1,2026-05-11,sd,式舆防卫,all,全部,2.7.3,式舆防卫 2.7.3,2026-05-01,2026-05-15,pulchra,Pulchra Fellini,波可娜·费雷尼,辅助,A,1.34,27079,271,12,5.98,60.0,60.0,6.95,hf_builds,2.8.1/builds.json,https://huggingface.co/datasets/LvlUrArti/ShiyuDataProcessed/resolve/main/2.8.1/builds.json,ok
2.8.2,2026-06-02,sd,式舆防卫,all,全部,2.8.2,式舆防卫 2.8.2,2026-05-29,2026-06-12,pulchra,Pulchra Fellini,波可娜·费雷尼,辅助,A,1.65,24544,233,7,5.94,59.26,57.78,6.63,hf_builds,2.8.2/builds.json,https://huggingface.co/datasets/LvlUrArti/ShiyuDataProcessed/resolve/main/2.8.2/builds.json,ok
3.0.1,2026-06-21,sd,式舆防卫,all,全部,2.8.3,式舆防卫 2.8.3,2026-06-12,2026-06-26,pulchra,Pulchra Fellini,波可娜·费雷尼,辅助,A,1.35,27827,273,14,5.97,60.0,60.0,7.0,hf_builds,3.0.1/builds.json,https://huggingface.co/datasets/LvlUrArti/ShiyuDataProcessed/resolve/main/3.0.1/builds.json,ok
3.0.1,2026-06-21,sd,式舆防卫,all,全部,2.8.3,式舆防卫 2.8.3,2026-06-12,2026-06-26,pyrois,Pyrois,,直伤主C,S,0.09,0,19,12,1.85,59.98,59.83,6.79,hf_builds,3.0.1/builds.json,https://huggingface.co/datasets/LvlUrArti/ShiyuDataProcessed/resolve/main/3.0.1/builds.json,ok
2.6.1,2026-02-17,sd,式舆防卫,all,全部,2.6.1,式舆防卫 2.6.1,2026-02-06,2026-02-20,qingyi,Qingyi,青衣,辅助,S,3.2,27729,714,72,0.47,60.0,59.5,7.0,hf_builds,2.6.1/builds.json,https://huggingface.co/datasets/LvlUrArti/ShiyuDataProcessed/resolve/main/2.6.1/builds.json,ok
2.6.2,2026-03-10,sd,式舆防卫,all,全部,2.6.3,式舆防卫 2.6.3,2026-03-06,2026-03-20,qingyi,Qingyi,青衣,辅助,S,1.74,28085,308,81,0.51,59.98,59.63,6.99,hf_builds,2.6.2/builds.json,https://huggingface.co/datasets/LvlUrArti/ShiyuDataProcessed/resolve/main/2.6.2/builds.json,ok
2.7.1,2026-03-31,sd,式舆防卫,all,全部,2.6.4,式舆防卫 2.6.4,2026-03-20,2026-04-03,qingyi,Qingyi,青衣,辅助,S,0.8,28588,170,39,0.51,60.0,59.96,7.0,hf_builds,2.7.1/builds.json,https://huggingface.co/datasets/LvlUrArti/ShiyuDataProcessed/resolve/main/2.7.1/builds.json,ok
2.7.2,2026-04-21,sd,式舆防卫,all,全部,2.7.2,式舆防卫 2.7.2,2026-04-17,2026-05-01,qingyi,Qingyi,青衣,辅助,S,1.48,28782,234,71,0.59,60.0,59.93,7.0,hf_builds,2.7.2/builds.json,https://huggingface.co/datasets/LvlUrArti/ShiyuDataProcessed/resolve/main/2.7.2/builds.json,ok
2.8.1,2026-05-11,sd,式舆防卫,all,全部,2.7.3,式舆防卫 2.7.3,2026-05-01,2026-05-15,qingyi,Qingyi,青衣,辅助,S,1.77,27186,358,76,0.58,60.0,59.8,7.0,hf_builds,2.8.1/builds.json,https://huggingface.co/datasets/LvlUrArti/ShiyuDataProcessed/resolve/main/2.8.1/builds.json,ok
2.8.2,2026-06-02,sd,式舆防卫,all,全部,2.8.2,式舆防卫 2.8.2,2026-05-29,2026-06-12,qingyi,Qingyi,青衣,辅助,S,1.36,20575,192,18,0.55,60.0,60.0,7.0,hf_builds,2.8.2/builds.json,https://huggingface.co/datasets/LvlUrArti/ShiyuDataProcessed/resolve/main/2.8.2/builds.json,ok
3.0.1,2026-06-21,sd,式舆防卫,all,全部,2.8.3,式舆防卫 2.8.3,2026-06-12,2026-06-26,qingyi,Qingyi,青衣,辅助,S,0.51,27178,103,28,0.78,60.0,60.0,6.98,hf_builds,3.0.1/builds.json,https://huggingface.co/datasets/LvlUrArti/ShiyuDataProcessed/resolve/main/3.0.1/builds.json,ok
2.6.1,2026-02-17,sd,式舆防卫,all,全部,2.6.1,式舆防卫 2.6.1,2026-02-06,2026-02-20,rina,Alexandrina Sebastiane,亚历山德丽娜·莎芭丝缇安,辅助,S,2.27,29870,507,21,2.31,60.0,58.9,6.96,hf_builds,2.6.1/builds.json,https://huggingface.co/datasets/LvlUrArti/ShiyuDataProcessed/resolve/main/2.6.1/builds.json,ok
2.6.2,2026-03-10,sd,式舆防卫,all,全部,2.6.3,式舆防卫 2.6.3,2026-03-06,2026-03-20,rina,Alexandrina Sebastiane,亚历山德丽娜·莎芭丝缇安,辅助,S,0.7,29140,125,20,2.5,60.0,57.26,6.94,hf_builds,2.6.2/builds.json,https://huggingface.co/datasets/LvlUrArti/ShiyuDataProcessed/resolve/main/2.6.2/builds.json,ok
2.7.1,2026-03-31,sd,式舆防卫,all,全部,2.6.4,式舆防卫 2.6.4,2026-03-20,2026-04-03,rina,Alexandrina Sebastiane,亚历山德丽娜·莎芭丝缇安,辅助,S,0.23,33042,49,6,2.4,60.0,60.0,7.0,hf_builds,2.7.1/builds.json,https://huggingface.co/datasets/LvlUrArti/ShiyuDataProcessed/resolve/main/2.7.1/builds.json,ok
2.7.2,2026-04-21,sd,式舆防卫,all,全部,2.7.2,式舆防卫 2.7.2,2026-04-17,2026-05-01,rina,Alexandrina Sebastiane,亚历山德丽娜·莎芭丝缇安,辅助,S,0.52,27761,83,13,2.48,60.0,60.0,6.91,hf_builds,2.7.2/builds.json,https://huggingface.co/datasets/LvlUrArti/ShiyuDataProcessed/resolve/main/2.7.2/builds.json,ok
2.8.1,2026-05-11,sd,式舆防卫,all,全部,2.7.3,式舆防卫 2.7.3,2026-05-01,2026-05-15,rina,Alexandrina Sebastiane,亚历山德丽娜·莎芭丝缇安,辅助,S,0.44,28852,89,11,2.63,60.0,59.42,6.94,hf_builds,2.8.1/builds.json,https://huggingface.co/datasets/LvlUrArti/ShiyuDataProcessed/resolve/main/2.8.1/builds.json,ok
2.8.2,2026-06-02,sd,式舆防卫,all,全部,2.8.2,式舆防卫 2.8.2,2026-05-29,2026-06-12,rina,Alexandrina Sebastiane,亚历山德丽娜·莎芭丝缇安,辅助,S,0.82,23640,116,6,2.33,60.0,60.0,7.0,hf_builds,2.8.2/builds.json,https://huggingface.co/datasets/LvlUrArti/ShiyuDataProcessed/resolve/main/2.8.2/builds.json,ok
3.0.1,2026-06-21,sd,式舆防卫,all,全部,2.8.3,式舆防卫 2.8.3,2026-06-12,2026-06-26,rina,Alexandrina Sebastiane,亚历山德丽娜·莎芭丝缇安,辅助,S,0.2,29583,40,9,2.87,60.0,60.0,6.93,hf_builds,3.0.1/builds.json,https://huggingface.co/datasets/LvlUrArti/ShiyuDataProcessed/resolve/main/3.0.1/builds.json,ok
2.6.1,2026-02-17,sd,式舆防卫,all,全部,2.6.1,式舆防卫 2.6.1,2026-02-06,2026-02-20,seed,Seed,「席德」,直伤主C,S,16.5,33619,3682,645,0.15,60.0,59.65,7.0,hf_builds,2.6.1/builds.json,https://huggingface.co/datasets/LvlUrArti/ShiyuDataProcessed/resolve/main/2.6.1/builds.json,ok
2.6.2,2026-03-10,sd,式舆防卫,all,全部,2.6.3,式舆防卫 2.6.3,2026-03-06,2026-03-20,seed,Seed,「席德」,直伤主C,S,12.09,30140,2145,962,0.2,59.99,59.78,7.0,hf_builds,2.6.2/builds.json,https://huggingface.co/datasets/LvlUrArti/ShiyuDataProcessed/resolve/main/2.6.2/builds.json,ok
2.7.1,2026-03-31,sd,式舆防卫,all,全部,2.6.4,式舆防卫 2.6.4,2026-03-20,2026-04-03,seed,Seed,「席德」,直伤主C,S,1.92,30505,409,199,0.43,60.0,59.44,7.0,hf_builds,2.7.1/builds.json,https://huggingface.co/datasets/LvlUrArti/ShiyuDataProcessed/resolve/main/2.7.1/builds.json,ok
2.7.2,2026-04-21,sd,式舆防卫,all,全部,2.7.2,式舆防卫 2.7.2,2026-04-17,2026-05-01,seed,Seed,「席德」,直伤主C,S,13.6,33286,2155,881,0.15,60.0,59.86,7.0,hf_builds,2.7.2/builds.json,https://huggingface.co/datasets/LvlUrArti/ShiyuDataProcessed/resolve/main/2.7.2/builds.json,ok
2.8.1,2026-05-11,sd,式舆防卫,all,全部,2.7.3,式舆防卫 2.7.3,2026-05-01,2026-05-15,seed,Seed,「席德」,直伤主C,S,20.75,31063,4206,1235,0.18,60.0,59.87,7.0,hf_builds,2.8.1/builds.json,https://huggingface.co/datasets/LvlUrArti/ShiyuDataProcessed/resolve/main/2.8.1/builds.json,ok
2.8.2,2026-06-02,sd,式舆防卫,all,全部,2.8.2,式舆防卫 2.8.2,2026-05-29,2026-06-12,seed,Seed,「席德」,直伤主C,S,19.69,28309,2779,472,0.24,60.0,59.88,7.0,hf_builds,2.8.2/builds.json,https://huggingface.co/datasets/LvlUrArti/ShiyuDataProcessed/resolve/main/2.8.2/builds.json,ok
3.0.1,2026-06-21,sd,式舆防卫,all,全部,2.8.3,式舆防卫 2.8.3,2026-06-12,2026-06-26,seed,Seed,「席德」,直伤主C,S,5.47,30041,1104,477,0.45,60.0,59.69,7.0,hf_builds,3.0.1/builds.json,https://huggingface.co/datasets/LvlUrArti/ShiyuDataProcessed/resolve/main/3.0.1/builds.json,ok
2.6.1,2026-02-17,sd,式舆防卫,all,全部,2.6.1,式舆防卫 2.6.1,2026-02-06,2026-02-20,seth,Seth Lowell,赛斯·洛威尔,辅助,A,0.09,0,20,2,6.0,60.0,60.0,7.0,hf_builds,2.6.1/builds.json,https://huggingface.co/datasets/LvlUrArti/ShiyuDataProcessed/resolve/main/2.6.1/builds.json,ok
2.6.2,2026-03-10,sd,式舆防卫,all,全部,2.6.3,式舆防卫 2.6.3,2026-03-06,2026-03-20,seth,Seth Lowell,赛斯·洛威尔,辅助,A,0.05,0,8,1,5.85,60.0,60.0,7.0,hf_builds,2.6.2/builds.json,https://huggingface.co/datasets/LvlUrArti/ShiyuDataProcessed/resolve/main/2.6.2/builds.json,ok
2.7.1,2026-03-31,sd,式舆防卫,all,全部,2.6.4,式舆防卫 2.6.4,2026-03-20,2026-04-03,seth,Seth Lowell,赛斯·洛威尔,辅助,A,0.03,0,7,3,6.0,60.0,60.0,7.0,hf_builds,2.7.1/builds.json,https://huggingface.co/datasets/LvlUrArti/ShiyuDataProcessed/resolve/main/2.7.1/builds.json,ok
2.7.2,2026-04-21,sd,式舆防卫,all,全部,2.7.2,式舆防卫 2.7.2,2026-04-17,2026-05-01,seth,Seth Lowell,赛斯·洛威尔,辅助,A,0.04,0,6,2,5.88,60.0,60.0,7.0,hf_builds,2.7.2/builds.json,https://huggingface.co/datasets/LvlUrArti/ShiyuDataProcessed/resolve/main/2.7.2/builds.json,ok
2.8.1,2026-05-11,sd,式舆防卫,all,全部,2.7.3,式舆防卫 2.7.3,2026-05-01,2026-05-15,seth,Seth Lowell,赛斯·洛威尔,辅助,A,0.02,0,5,4,6.0,60.0,60.0,7.0,hf_builds,2.8.1/builds.json,https://huggingface.co/datasets/LvlUrArti/ShiyuDataProcessed/resolve/main/2.8.1/builds.json,ok
2.8.2,2026-06-02,sd,式舆防卫,all,全部,2.8.2,式舆防卫 2.8.2,2026-05-29,2026-06-12,seth,Seth Lowell,赛斯·洛威尔,辅助,A,0.1,0,14,1,6.0,60.0,60.0,7.0,hf_builds,2.8.2/builds.json,https://huggingface.co/datasets/LvlUrArti/ShiyuDataProcessed/resolve/main/2.8.2/builds.json,ok
3.0.1,2026-06-21,sd,式舆防卫,all,全部,2.8.3,式舆防卫 2.8.3,2026-06-12,2026-06-26,seth,Seth Lowell,赛斯·洛威尔,辅助,A,0.01,0,2,1,6.0,60.0,60.0,7.0,hf_builds,3.0.1/builds.json,https://huggingface.co/datasets/LvlUrArti/ShiyuDataProcessed/resolve/main/3.0.1/builds.json,ok
2.6.1,2026-02-17,sd,式舆防卫,all,全部,2.6.1,式舆防卫 2.6.1,2026-02-06,2026-02-20,soldier-11,Soldier 11,「11号」,直伤主C,S,3.77,30188,842,188,2.83,60.0,59.23,6.99,hf_builds,2.6.1/builds.json,https://huggingface.co/datasets/LvlUrArti/ShiyuDataProcessed/resolve/main/2.6.1/builds.json,ok
2.6.2,2026-03-10,sd,式舆防卫,all,全部,2.6.3,式舆防卫 2.6.3,2026-03-06,2026-03-20,soldier-11,Soldier 11,「11号」,直伤主C,S,1.39,28424,247,171,3.3,60.0,59.38,7.0,hf_builds,2.6.2/builds.json,https://huggingface.co/datasets/LvlUrArti/ShiyuDataProcessed/resolve/main/2.6.2/builds.json,ok
2.7.1,2026-03-31,sd,式舆防卫,all,全部,2.6.4,式舆防卫 2.6.4,2026-03-20,2026-04-03,soldier-11,Soldier 11,「11号」,直伤主C,S,0.93,27703,199,139,3.5,60.0,60.0,7.0,hf_builds,2.7.1/builds.json,https://huggingface.co/datasets/LvlUrArti/ShiyuDataProcessed/resolve/main/2.7.1/builds.json,ok
2.7.2,2026-04-21,sd,式舆防卫,all,全部,2.7.2,式舆防卫 2.7.2,2026-04-17,2026-05-01,soldier-11,Soldier 11,「11号」,直伤主C,S,0.56,27778,88,76,3.44,60.0,58.52,7.0,hf_builds,2.7.2/builds.json,https://huggingface.co/datasets/LvlUrArti/ShiyuDataProcessed/resolve/main/2.7.2/builds.json,ok
2.8.1,2026-05-11,sd,式舆防卫,all,全部,2.7.3,式舆防卫 2.7.3,2026-05-01,2026-05-15,soldier-11,Soldier 11,「11号」,直伤主C,S,0.43,26768,87,50,3.74,60.0,58.43,7.0,hf_builds,2.8.1/builds.json,https://huggingface.co/datasets/LvlUrArti/ShiyuDataProcessed/resolve/main/2.8.1/builds.json,ok
2.8.2,2026-06-02,sd,式舆防卫,all,全部,2.8.2,式舆防卫 2.8.2,2026-05-29,2026-06-12,soldier-11,Soldier 11,「11号」,直伤主C,S,0.91,24073,129,28,3.35,60.0,60.0,7.0,hf_builds,2.8.2/builds.json,https://huggingface.co/datasets/LvlUrArti/ShiyuDataProcessed/resolve/main/2.8.2/builds.json,ok
3.0.1,2026-06-21,sd,式舆防卫,all,全部,2.8.3,式舆防卫 2.8.3,2026-06-12,2026-06-26,soldier-11,Soldier 11,「11号」,直伤主C,S,1.6,27550,322,161,3.72,60.0,58.57,7.0,hf_builds,3.0.1/builds.json,https://huggingface.co/datasets/LvlUrArti/ShiyuDataProcessed/resolve/main/3.0.1/builds.json,ok
2.6.1,2026-02-17,sd,式舆防卫,all,全部,2.6.1,式舆防卫 2.6.1,2026-02-06,2026-02-20,soukaku,Soukaku,苍角,辅助,A,3.97,33287,885,21,5.99,60.0,59.19,6.91,hf_builds,2.6.1/builds.json,https://huggingface.co/datasets/LvlUrArti/ShiyuDataProcessed/resolve/main/2.6.1/builds.json,ok
2.6.2,2026-03-10,sd,式舆防卫,all,全部,2.6.3,式舆防卫 2.6.3,2026-03-06,2026-03-20,soukaku,Soukaku,苍角,辅助,A,1.85,27864,328,30,5.99,59.53,57.47,6.86,hf_builds,2.6.2/builds.json,https://huggingface.co/datasets/LvlUrArti/ShiyuDataProcessed/resolve/main/2.6.2/builds.json,ok
2.7.1,2026-03-31,sd,式舆防卫,all,全部,2.6.4,式舆防卫 2.6.4,2026-03-20,2026-04-03,soukaku,Soukaku,苍角,辅助,A,3.87,27952,827,36,5.99,59.94,59.4,6.85,hf_builds,2.7.1/builds.json,https://huggingface.co/datasets/LvlUrArti/ShiyuDataProcessed/resolve/main/2.7.1/builds.json,ok
2.7.2,2026-04-21,sd,式舆防卫,all,全部,2.7.2,式舆防卫 2.7.2,2026-04-17,2026-05-01,soukaku,Soukaku,苍角,辅助,A,2.2,27379,348,17,6.0,60.0,60.0,6.96,hf_builds,2.7.2/builds.json,https://huggingface.co/datasets/LvlUrArti/ShiyuDataProcessed/resolve/main/2.7.2/builds.json,ok
2.8.1,2026-05-11,sd,式舆防卫,all,全部,2.7.3,式舆防卫 2.7.3,2026-05-01,2026-05-15,soukaku,Soukaku,苍角,辅助,A,1.79,29741,362,21,5.99,60.0,60.0,6.97,hf_builds,2.8.1/builds.json,https://huggingface.co/datasets/LvlUrArti/ShiyuDataProcessed/resolve/main/2.8.1/builds.json,ok
2.8.2,2026-06-02,sd,式舆防卫,all,全部,2.8.2,式舆防卫 2.8.2,2026-05-29,2026-06-12,soukaku,Soukaku,苍角,辅助,A,2.87,25575,405,9,5.99,60.0,55.53,7.0,hf_builds,2.8.2/builds.json,https://huggingface.co/datasets/LvlUrArti/ShiyuDataProcessed/resolve/main/2.8.2/builds.json,ok
3.0.1,2026-06-21,sd,式舆防卫,all,全部,2.8.3,式舆防卫 2.8.3,2026-06-12,2026-06-26,soukaku,Soukaku,苍角,辅助,A,2.25,28021,455,19,5.99,59.85,51.66,6.97,hf_builds,3.0.1/builds.json,https://huggingface.co/datasets/LvlUrArti/ShiyuDataProcessed/resolve/main/3.0.1/builds.json,ok
2.6.1,2026-02-17,sd,式舆防卫,all,全部,2.6.1,式舆防卫 2.6.1,2026-02-06,2026-02-20,sunna,Sunna,千夏,辅助,S,29.19,37401,6513,916,0.06,59.98,59.5,6.96,hf_builds,2.6.1/builds.json,https://huggingface.co/datasets/LvlUrArti/ShiyuDataProcessed/resolve/main/2.6.1/builds.json,ok
2.6.2,2026-03-10,sd,式舆防卫,all,全部,2.6.3,式舆防卫 2.6.3,2026-03-06,2026-03-20,sunna,Sunna,千夏,辅助,S,58.83,36091,10438,2948,0.09,59.99,59.81,6.99,hf_builds,2.6.2/builds.json,https://huggingface.co/datasets/LvlUrArti/ShiyuDataProcessed/resolve/main/2.6.2/builds.json,ok
2.7.1,2026-03-31,sd,式舆防卫,all,全部,2.6.4,式舆防卫 2.6.4,2026-03-20,2026-04-03,sunna,Sunna,千夏,辅助,S,58.49,34288,12487,3350,0.09,59.99,59.7,6.99,hf_builds,2.7.1/builds.json,https://huggingface.co/datasets/LvlUrArti/ShiyuDataProcessed/resolve/main/2.7.1/builds.json,ok
2.7.2,2026-04-21,sd,式舆防卫,all,全部,2.7.2,式舆防卫 2.7.2,2026-04-17,2026-05-01,sunna,Sunna,千夏,辅助,S,57.62,34365,9130,3047,0.08,59.98,59.79,6.99,hf_builds,2.7.2/builds.json,https://huggingface.co/datasets/LvlUrArti/ShiyuDataProcessed/resolve/main/2.7.2/builds.json,ok
2.8.1,2026-05-11,sd,式舆防卫,all,全部,2.7.3,式舆防卫 2.7.3,2026-05-01,2026-05-15,sunna,Sunna,千夏,辅助,S,57.36,34536,11628,2853,0.08,59.98,59.74,6.99,hf_builds,2.8.1/builds.json,https://huggingface.co/datasets/LvlUrArti/ShiyuDataProcessed/resolve/main/2.8.1/builds.json,ok
2.8.2,2026-06-02,sd,式舆防卫,all,全部,2.8.2,式舆防卫 2.8.2,2026-05-29,2026-06-12,sunna,Sunna,千夏,辅助,S,52.7,34500,7437,1174,0.09,60.0,59.73,6.99,hf_builds,2.8.2/builds.json,https://huggingface.co/datasets/LvlUrArti/ShiyuDataProcessed/resolve/main/2.8.2/builds.json,ok
3.0.1,2026-06-21,sd,式舆防卫,all,全部,2.8.3,式舆防卫 2.8.3,2026-06-12,2026-06-26,sunna,Sunna,千夏,辅助,S,53.72,36130,10841,2319,0.08,60.0,59.42,6.99,hf_builds,3.0.1/builds.json,https://huggingface.co/datasets/LvlUrArti/ShiyuDataProcessed/resolve/main/3.0.1/builds.json,ok
2.6.1,2026-02-17,sd,式舆防卫,all,全部,2.6.1,式舆防卫 2.6.1,2026-02-06,2026-02-20,trigger,Trigger,「扳机」,辅助,S,38.27,33978,8539,1133,0.23,60.0,59.86,7.0,hf_builds,2.6.1/builds.json,https://huggingface.co/datasets/LvlUrArti/ShiyuDataProcessed/resolve/main/2.6.1/builds.json,ok
2.6.2,2026-03-10,sd,式舆防卫,all,全部,2.6.3,式舆防卫 2.6.3,2026-03-06,2026-03-20,trigger,Trigger,「扳机」,辅助,S,30.06,30855,5333,1678,0.25,60.0,59.86,7.0,hf_builds,2.6.2/builds.json,https://huggingface.co/datasets/LvlUrArti/ShiyuDataProcessed/resolve/main/2.6.2/builds.json,ok
2.7.1,2026-03-31,sd,式舆防卫,all,全部,2.6.4,式舆防卫 2.6.4,2026-03-20,2026-04-03,trigger,Trigger,「扳机」,辅助,S,9.32,28988,1990,699,0.38,60.0,59.8,7.0,hf_builds,2.7.1/builds.json,https://huggingface.co/datasets/LvlUrArti/ShiyuDataProcessed/resolve/main/2.7.1/builds.json,ok
2.7.2,2026-04-21,sd,式舆防卫,all,全部,2.7.2,式舆防卫 2.7.2,2026-04-17,2026-05-01,trigger,Trigger,「扳机」,辅助,S,23.31,32097,3693,1225,0.24,60.0,59.87,7.0,hf_builds,2.7.2/builds.json,https://huggingface.co/datasets/LvlUrArti/ShiyuDataProcessed/resolve/main/2.7.2/builds.json,ok
2.8.1,2026-05-11,sd,式舆防卫,all,全部,2.7.3,式舆防卫 2.7.3,2026-05-01,2026-05-15,trigger,Trigger,「扳机」,辅助,S,28.43,29168,5764,1391,0.27,60.0,59.85,7.0,hf_builds,2.8.1/builds.json,https://huggingface.co/datasets/LvlUrArti/ShiyuDataProcessed/resolve/main/2.8.1/builds.json,ok
2.8.2,2026-06-02,sd,式舆防卫,all,全部,2.8.2,式舆防卫 2.8.2,2026-05-29,2026-06-12,trigger,Trigger,「扳机」,辅助,S,28.7,26980,4050,582,0.28,60.0,59.88,7.0,hf_builds,2.8.2/builds.json,https://huggingface.co/datasets/LvlUrArti/ShiyuDataProcessed/resolve/main/2.8.2/builds.json,ok
3.0.1,2026-06-21,sd,式舆防卫,all,全部,2.8.3,式舆防卫 2.8.3,2026-06-12,2026-06-26,trigger,Trigger,「扳机」,辅助,S,11.54,29324,2328,690,0.37,60.0,59.89,7.0,hf_builds,3.0.1/builds.json,https://huggingface.co/datasets/LvlUrArti/ShiyuDataProcessed/resolve/main/3.0.1/builds.json,ok
2.6.1,2026-02-17,sd,式舆防卫,all,全部,2.6.1,式舆防卫 2.6.1,2026-02-06,2026-02-20,ukinami-yuzuha,Ukinami Yuzuha,浮波柚叶,辅助,S,41.02,33189,9153,1598,0.16,59.99,59.58,6.99,hf_builds,2.6.1/builds.json,https://huggingface.co/datasets/LvlUrArti/ShiyuDataProcessed/resolve/main/2.6.1/builds.json,ok
2.6.2,2026-03-10,sd,式舆防卫,all,全部,2.6.3,式舆防卫 2.6.3,2026-03-06,2026-03-20,ukinami-yuzuha,Ukinami Yuzuha,浮波柚叶,辅助,S,57.9,31786,10272,3722,0.26,60.0,59.8,6.99,hf_builds,2.6.2/builds.json,https://huggingface.co/datasets/LvlUrArti/ShiyuDataProcessed/resolve/main/2.6.2/builds.json,ok
2.7.1,2026-03-31,sd,式舆防卫,all,全部,2.6.4,式舆防卫 2.6.4,2026-03-20,2026-04-03,ukinami-yuzuha,Ukinami Yuzuha,浮波柚叶,辅助,S,63.9,29652,13641,3750,0.24,60.0,59.78,7.0,hf_builds,2.7.1/builds.json,https://huggingface.co/datasets/LvlUrArti/ShiyuDataProcessed/resolve/main/2.7.1/builds.json,ok
2.7.2,2026-04-21,sd,式舆防卫,all,全部,2.7.2,式舆防卫 2.7.2,2026-04-17,2026-05-01,ukinami-yuzuha,Ukinami Yuzuha,浮波柚叶,辅助,S,51.62,29667,8180,2794,0.28,60.0,59.85,7.0,hf_builds,2.7.2/builds.json,https://huggingface.co/datasets/LvlUrArti/ShiyuDataProcessed/resolve/main/2.7.2/builds.json,ok
2.8.1,2026-05-11,sd,式舆防卫,all,全部,2.7.3,式舆防卫 2.7.3,2026-05-01,2026-05-15,ukinami-yuzuha,Ukinami Yuzuha,浮波柚叶,辅助,S,55.89,33950,11329,2934,0.23,60.0,59.85,7.0,hf_builds,2.8.1/builds.json,https://huggingface.co/datasets/LvlUrArti/ShiyuDataProcessed/resolve/main/2.8.1/builds.json,ok
2.8.2,2026-06-02,sd,式舆防卫,all,全部,2.8.2,式舆防卫 2.8.2,2026-05-29,2026-06-12,ukinami-yuzuha,Ukinami Yuzuha,浮波柚叶,辅助,S,75.4,30263,10641,1586,0.22,60.0,59.86,7.0,hf_builds,2.8.2/builds.json,https://huggingface.co/datasets/LvlUrArti/ShiyuDataProcessed/resolve/main/2.8.2/builds.json,ok
3.0.1,2026-06-21,sd,式舆防卫,all,全部,2.8.3,式舆防卫 2.8.3,2026-06-12,2026-06-26,ukinami-yuzuha,Ukinami Yuzuha,浮波柚叶,辅助,S,73.48,32517,14829,3253,0.21,60.0,59.88,7.0,hf_builds,3.0.1/builds.json,https://huggingface.co/datasets/LvlUrArti/ShiyuDataProcessed/resolve/main/3.0.1/builds.json,ok
3.0.1,2026-06-21,sd,式舆防卫,all,全部,2.8.3,式舆防卫 2.8.3,2026-06-12,2026-06-26,velina,Velina,维琳娜·艾嘉德,异常主C,S,10.34,33676,2086,677,0.08,59.96,59.65,6.78,hf_builds,3.0.1/builds.json,https://huggingface.co/datasets/LvlUrArti/ShiyuDataProcessed/resolve/main/3.0.1/builds.json,ok
2.6.1,2026-02-17,sd,式舆防卫,all,全部,2.6.1,式舆防卫 2.6.1,2026-02-06,2026-02-20,vivian,Vivian Banshee,薇薇安·班希,异常主C,S,19.15,32043,4273,1303,0.26,60.0,59.78,6.99,hf_builds,2.6.1/builds.json,https://huggingface.co/datasets/LvlUrArti/ShiyuDataProcessed/resolve/main/2.6.1/builds.json,ok
2.6.2,2026-03-10,sd,式舆防卫,all,全部,2.6.3,式舆防卫 2.6.3,2026-03-06,2026-03-20,vivian,Vivian Banshee,薇薇安·班希,异常主C,S,22.78,30606,4041,2435,0.38,60.0,59.53,7.0,hf_builds,2.6.2/builds.json,https://huggingface.co/datasets/LvlUrArti/ShiyuDataProcessed/resolve/main/2.6.2/builds.json,ok
2.7.1,2026-03-31,sd,式舆防卫,all,全部,2.6.4,式舆防卫 2.6.4,2026-03-20,2026-04-03,vivian,Vivian Banshee,薇薇安·班希,异常主C,S,27.21,28901,5809,2574,0.29,60.0,59.65,7.0,hf_builds,2.7.1/builds.json,https://huggingface.co/datasets/LvlUrArti/ShiyuDataProcessed/resolve/main/2.7.1/builds.json,ok
2.7.2,2026-04-21,sd,式舆防卫,all,全部,2.7.2,式舆防卫 2.7.2,2026-04-17,2026-05-01,vivian,Vivian Banshee,薇薇安·班希,异常主C,S,11.25,27136,1783,1205,0.5,60.0,59.88,7.0,hf_builds,2.7.2/builds.json,https://huggingface.co/datasets/LvlUrArti/ShiyuDataProcessed/resolve/main/2.7.2/builds.json,ok
2.8.1,2026-05-11,sd,式舆防卫,all,全部,2.7.3,式舆防卫 2.7.3,2026-05-01,2026-05-15,vivian,Vivian Banshee,薇薇安·班希,异常主C,S,18.63,32280,3777,1709,0.33,60.0,59.81,7.0,hf_builds,2.8.1/builds.json,https://huggingface.co/datasets/LvlUrArti/ShiyuDataProcessed/resolve/main/2.8.1/builds.json,ok
2.8.2,2026-06-02,sd,式舆防卫,all,全部,2.8.2,式舆防卫 2.8.2,2026-05-29,2026-06-12,vivian,Vivian Banshee,薇薇安·班希,异常主C,S,24.07,28646,3397,861,0.28,59.99,59.8,7.0,hf_builds,2.8.2/builds.json,https://huggingface.co/datasets/LvlUrArti/ShiyuDataProcessed/resolve/main/2.8.2/builds.json,ok
3.0.1,2026-06-21,sd,式舆防卫,all,全部,2.8.3,式舆防卫 2.8.3,2026-06-12,2026-06-26,vivian,Vivian Banshee,薇薇安·班希,异常主C,S,19.78,29337,3992,1563,0.41,60.0,59.58,7.0,hf_builds,3.0.1/builds.json,https://huggingface.co/datasets/LvlUrArti/ShiyuDataProcessed/resolve/main/3.0.1/builds.json,ok
2.6.1,2026-02-17,sd,式舆防卫,all,全部,2.6.1,式舆防卫 2.6.1,2026-02-06,2026-02-20,yanagi,Tsukishiro Yanagi,月城 柳,异常主C,S,24.13,34529,5385,972,0.18,60.0,59.97,7.0,hf_builds,2.6.1/builds.json,https://huggingface.co/datasets/LvlUrArti/ShiyuDataProcessed/resolve/main/2.6.1/builds.json,ok
2.6.2,2026-03-10,sd,式舆防卫,all,全部,2.6.3,式舆防卫 2.6.3,2026-03-06,2026-03-20,yanagi,Tsukishiro Yanagi,月城 柳,异常主C,S,10.48,28241,1860,877,0.33,60.0,59.73,7.0,hf_builds,2.6.2/builds.json,https://huggingface.co/datasets/LvlUrArti/ShiyuDataProcessed/resolve/main/2.6.2/builds.json,ok
2.7.1,2026-03-31,sd,式舆防卫,all,全部,2.6.4,式舆防卫 2.6.4,2026-03-20,2026-04-03,yanagi,Tsukishiro Yanagi,月城 柳,异常主C,S,5.02,26871,1071,381,0.27,60.0,59.8,7.0,hf_builds,2.7.1/builds.json,https://huggingface.co/datasets/LvlUrArti/ShiyuDataProcessed/resolve/main/2.7.1/builds.json,ok
2.7.2,2026-04-21,sd,式舆防卫,all,全部,2.7.2,式舆防卫 2.7.2,2026-04-17,2026-05-01,yanagi,Tsukishiro Yanagi,月城 柳,异常主C,S,7.36,29994,1167,513,0.33,60.0,59.88,7.0,hf_builds,2.7.2/builds.json,https://huggingface.co/datasets/LvlUrArti/ShiyuDataProcessed/resolve/main/2.7.2/builds.json,ok
2.8.1,2026-05-11,sd,式舆防卫,all,全部,2.7.3,式舆防卫 2.7.3,2026-05-01,2026-05-15,yanagi,Tsukishiro Yanagi,月城 柳,异常主C,S,6.59,27798,1335,502,0.36,60.0,59.94,7.0,hf_builds,2.8.1/builds.json,https://huggingface.co/datasets/LvlUrArti/ShiyuDataProcessed/resolve/main/2.8.1/builds.json,ok
2.8.2,2026-06-02,sd,式舆防卫,all,全部,2.8.2,式舆防卫 2.8.2,2026-05-29,2026-06-12,yanagi,Tsukishiro Yanagi,月城 柳,异常主C,S,11.24,25802,1586,268,0.26,60.0,59.74,7.0,hf_builds,2.8.2/builds.json,https://huggingface.co/datasets/LvlUrArti/ShiyuDataProcessed/resolve/main/2.8.2/builds.json,ok
3.0.1,2026-06-21,sd,式舆防卫,all,全部,2.8.3,式舆防卫 2.8.3,2026-06-12,2026-06-26,yanagi,Tsukishiro Yanagi,月城 柳,异常主C,S,5.9,28460,1191,352,0.33,60.0,59.42,6.99,hf_builds,3.0.1/builds.json,https://huggingface.co/datasets/LvlUrArti/ShiyuDataProcessed/resolve/main/3.0.1/builds.json,ok
2.6.1,2026-02-17,sd,式舆防卫,all,全部,2.6.1,式舆防卫 2.6.1,2026-02-06,2026-02-20,ye-shunguang,Ye Shunguang,叶瞬光,直伤主C,S,78.98,35037,17624,6228,0.64,60.0,59.92,7.0,hf_builds,2.6.1/builds.json,https://huggingface.co/datasets/LvlUrArti/ShiyuDataProcessed/resolve/main/2.6.1/builds.json,ok
2.6.2,2026-03-10,sd,式舆防卫,all,全部,2.6.3,式舆防卫 2.6.3,2026-03-06,2026-03-20,ye-shunguang,Ye Shunguang,叶瞬光,直伤主C,S,76.39,37152,13553,11069,0.6,60.0,59.96,7.0,hf_builds,2.6.2/builds.json,https://huggingface.co/datasets/LvlUrArti/ShiyuDataProcessed/resolve/main/2.6.2/builds.json,ok
2.7.1,2026-03-31,sd,式舆防卫,all,全部,2.6.4,式舆防卫 2.6.4,2026-03-20,2026-04-03,ye-shunguang,Ye Shunguang,叶瞬光,直伤主C,S,80.78,35481,17246,10627,0.72,60.0,59.92,7.0,hf_builds,2.7.1/builds.json,https://huggingface.co/datasets/LvlUrArti/ShiyuDataProcessed/resolve/main/2.7.1/builds.json,ok
2.7.2,2026-04-21,sd,式舆防卫,all,全部,2.7.2,式舆防卫 2.7.2,2026-04-17,2026-05-01,ye-shunguang,Ye Shunguang,叶瞬光,直伤主C,S,64.51,34707,10223,8425,0.68,60.0,59.96,7.0,hf_builds,2.7.2/builds.json,https://huggingface.co/datasets/LvlUrArti/ShiyuDataProcessed/resolve/main/2.7.2/builds.json,ok
2.8.1,2026-05-11,sd,式舆防卫,all,全部,2.7.3,式舆防卫 2.7.3,2026-05-01,2026-05-15,ye-shunguang,Ye Shunguang,叶瞬光,直伤主C,S,72.28,33671,14651,9023,0.74,60.0,59.94,7.0,hf_builds,2.8.1/builds.json,https://huggingface.co/datasets/LvlUrArti/ShiyuDataProcessed/resolve/main/2.8.1/builds.json,ok
2.8.2,2026-06-02,sd,式舆防卫,all,全部,2.8.2,式舆防卫 2.8.2,2026-05-29,2026-06-12,ye-shunguang,Ye Shunguang,叶瞬光,直伤主C,S,76.48,33488,10793,4473,0.71,60.0,59.97,7.0,hf_builds,2.8.2/builds.json,https://huggingface.co/datasets/LvlUrArti/ShiyuDataProcessed/resolve/main/2.8.2/builds.json,ok
3.0.1,2026-06-21,sd,式舆防卫,all,全部,2.8.3,式舆防卫 2.8.3,2026-06-12,2026-06-26,ye-shunguang,Ye Shunguang,叶瞬光,直伤主C,S,78.29,35199,15800,9263,0.71,60.0,59.93,7.0,hf_builds,3.0.1/builds.json,https://huggingface.co/datasets/LvlUrArti/ShiyuDataProcessed/resolve/main/3.0.1/builds.json,ok
2.6.1,2026-02-17,sd,式舆防卫,all,全部,2.6.1,式舆防卫 2.6.1,2026-02-06,2026-02-20,yidhari,Yidhari,伊德海莉·墨菲,直伤主C,S,0.8,31260,179,63,0.75,60.0,59.86,7.0,hf_builds,2.6.1/builds.json,https://huggingface.co/datasets/LvlUrArti/ShiyuDataProcessed/resolve/main/2.6.1/builds.json,ok
2.6.2,2026-03-10,sd,式舆防卫,all,全部,2.6.3,式舆防卫 2.6.3,2026-03-06,2026-03-20,yidhari,Yidhari,伊德海莉·墨菲,直伤主C,S,0.83,27989,148,124,0.22,60.0,59.4,7.0,hf_builds,2.6.2/builds.json,https://huggingface.co/datasets/LvlUrArti/ShiyuDataProcessed/resolve/main/2.6.2/builds.json,ok
2.7.1,2026-03-31,sd,式舆防卫,all,全部,2.6.4,式舆防卫 2.6.4,2026-03-20,2026-04-03,yidhari,Yidhari,伊德海莉·墨菲,直伤主C,S,8.67,30949,1852,837,0.31,60.0,59.32,7.0,hf_builds,2.7.1/builds.json,https://huggingface.co/datasets/LvlUrArti/ShiyuDataProcessed/resolve/main/2.7.1/builds.json,ok
2.7.2,2026-04-21,sd,式舆防卫,all,全部,2.7.2,式舆防卫 2.7.2,2026-04-17,2026-05-01,yidhari,Yidhari,伊德海莉·墨菲,直伤主C,S,8.14,30636,1290,714,0.41,60.0,59.86,7.0,hf_builds,2.7.2/builds.json,https://huggingface.co/datasets/LvlUrArti/ShiyuDataProcessed/resolve/main/2.7.2/builds.json,ok
2.8.1,2026-05-11,sd,式舆防卫,all,全部,2.7.3,式舆防卫 2.7.3,2026-05-01,2026-05-15,yidhari,Yidhari,伊德海莉·墨菲,直伤主C,S,0.77,27848,156,118,0.36,60.0,59.82,7.0,hf_builds,2.8.1/builds.json,https://huggingface.co/datasets/LvlUrArti/ShiyuDataProcessed/resolve/main/2.8.1/builds.json,ok
2.8.2,2026-06-02,sd,式舆防卫,all,全部,2.8.2,式舆防卫 2.8.2,2026-05-29,2026-06-12,yidhari,Yidhari,伊德海莉·墨菲,直伤主C,S,3.06,26145,432,141,0.45,60.0,59.39,7.0,hf_builds,2.8.2/builds.json,https://huggingface.co/datasets/LvlUrArti/ShiyuDataProcessed/resolve/main/2.8.2/builds.json,ok
3.0.1,2026-06-21,sd,式舆防卫,all,全部,2.8.3,式舆防卫 2.8.3,2026-06-12,2026-06-26,yidhari,Yidhari,伊德海莉·墨菲,直伤主C,S,1.78,27750,359,212,0.56,60.0,59.88,7.0,hf_builds,3.0.1/builds.json,https://huggingface.co/datasets/LvlUrArti/ShiyuDataProcessed/resolve/main/3.0.1/builds.json,ok
2.6.1,2026-02-17,sd,式舆防卫,all,全部,2.6.1,式舆防卫 2.6.1,2026-02-06,2026-02-20,yixuan,Yixuan,仪玄,直伤主C,S,58.29,31632,13007,4738,0.49,60.0,59.91,7.0,hf_builds,2.6.1/builds.json,https://huggingface.co/datasets/LvlUrArti/ShiyuDataProcessed/resolve/main/2.6.1/builds.json,ok
2.6.2,2026-03-10,sd,式舆防卫,all,全部,2.6.3,式舆防卫 2.6.3,2026-03-06,2026-03-20,yixuan,Yixuan,仪玄,直伤主C,S,59.87,32357,10623,8872,0.65,60.0,59.87,7.0,hf_builds,2.6.2/builds.json,https://huggingface.co/datasets/LvlUrArti/ShiyuDataProcessed/resolve/main/2.6.2/builds.json,ok
2.7.1,2026-03-31,sd,式舆防卫,all,全部,2.6.4,式舆防卫 2.6.4,2026-03-20,2026-04-03,yixuan,Yixuan,仪玄,直伤主C,S,59.39,31364,12679,8352,0.57,60.0,59.9,7.0,hf_builds,2.7.1/builds.json,https://huggingface.co/datasets/LvlUrArti/ShiyuDataProcessed/resolve/main/2.7.1/builds.json,ok
2.7.2,2026-04-21,sd,式舆防卫,all,全部,2.7.2,式舆防卫 2.7.2,2026-04-17,2026-05-01,yixuan,Yixuan,仪玄,直伤主C,S,59.64,31506,9450,7636,0.73,60.0,59.94,7.0,hf_builds,2.7.2/builds.json,https://huggingface.co/datasets/LvlUrArti/ShiyuDataProcessed/resolve/main/2.7.2/builds.json,ok
2.8.1,2026-05-11,sd,式舆防卫,all,全部,2.7.3,式舆防卫 2.7.3,2026-05-01,2026-05-15,yixuan,Yixuan,仪玄,直伤主C,S,44.07,29824,8934,5914,0.7,60.0,59.94,7.0,hf_builds,2.8.1/builds.json,https://huggingface.co/datasets/LvlUrArti/ShiyuDataProcessed/resolve/main/2.8.1/builds.json,ok
2.8.2,2026-06-02,sd,式舆防卫,all,全部,2.8.2,式舆防卫 2.8.2,2026-05-29,2026-06-12,yixuan,Yixuan,仪玄,直伤主C,S,21.85,26227,3084,1422,0.92,60.0,59.72,7.0,hf_builds,2.8.2/builds.json,https://huggingface.co/datasets/LvlUrArti/ShiyuDataProcessed/resolve/main/2.8.2/builds.json,ok
3.0.1,2026-06-21,sd,式舆防卫,all,全部,2.8.3,式舆防卫 2.8.3,2026-06-12,2026-06-26,yixuan,Yixuan,仪玄,直伤主C,S,38.03,29044,7676,5297,0.74,60.0,59.89,7.0,hf_builds,3.0.1/builds.json,https://huggingface.co/datasets/LvlUrArti/ShiyuDataProcessed/resolve/main/3.0.1/builds.json,ok
2.6.1,2026-02-17,sd,式舆防卫,all,全部,2.6.1,式舆防卫 2.6.1,2026-02-06,2026-02-20,zhao,Zhao,照,辅助,S,74.04,34769,16521,710,0.04,59.99,59.26,6.91,hf_builds,2.6.1/builds.json,https://huggingface.co/datasets/LvlUrArti/ShiyuDataProcessed/resolve/main/2.6.1/builds.json,ok
2.6.2,2026-03-10,sd,式舆防卫,all,全部,2.6.3,式舆防卫 2.6.3,2026-03-06,2026-03-20,zhao,Zhao,照,辅助,S,72.27,36800,12823,1112,0.04,59.99,59.57,6.94,hf_builds,2.6.2/builds.json,https://huggingface.co/datasets/LvlUrArti/ShiyuDataProcessed/resolve/main/2.6.2/builds.json,ok
2.7.1,2026-03-31,sd,式舆防卫,all,全部,2.6.4,式舆防卫 2.6.4,2026-03-20,2026-04-03,zhao,Zhao,照,辅助,S,75.54,35255,16126,965,0.05,60.0,59.48,6.95,hf_builds,2.7.1/builds.json,https://huggingface.co/datasets/LvlUrArti/ShiyuDataProcessed/resolve/main/2.7.1/builds.json,ok
2.7.2,2026-04-21,sd,式舆防卫,all,全部,2.7.2,式舆防卫 2.7.2,2026-04-17,2026-05-01,zhao,Zhao,照,辅助,S,60.86,34505,9644,723,0.04,60.0,59.57,6.97,hf_builds,2.7.2/builds.json,https://huggingface.co/datasets/LvlUrArti/ShiyuDataProcessed/resolve/main/2.7.2/builds.json,ok
2.8.1,2026-05-11,sd,式舆防卫,all,全部,2.7.3,式舆防卫 2.7.3,2026-05-01,2026-05-15,zhao,Zhao,照,辅助,S,65.84,33425,13346,730,0.04,59.99,59.41,6.98,hf_builds,2.8.1/builds.json,https://huggingface.co/datasets/LvlUrArti/ShiyuDataProcessed/resolve/main/2.8.1/builds.json,ok
2.8.2,2026-06-02,sd,式舆防卫,all,全部,2.8.2,式舆防卫 2.8.2,2026-05-29,2026-06-12,zhao,Zhao,照,辅助,S,66.7,33046,9413,321,0.04,59.99,59.68,6.98,hf_builds,2.8.2/builds.json,https://huggingface.co/datasets/LvlUrArti/ShiyuDataProcessed/resolve/main/2.8.2/builds.json,ok
3.0.1,2026-06-21,sd,式舆防卫,all,全部,2.8.3,式舆防卫 2.8.3,2026-06-12,2026-06-26,zhao,Zhao,照,辅助,S,70.05,35058,14138,617,0.04,60.0,59.62,6.97,hf_builds,3.0.1/builds.json,https://huggingface.co/datasets/LvlUrArti/ShiyuDataProcessed/resolve/main/3.0.1/builds.json,ok
2.6.1,2026-02-17,sd,式舆防卫,all,全部,2.6.1,式舆防卫 2.6.1,2026-02-06,2026-02-20,zhu-yuan,Zhu Yuan,朱鸢,直伤主C,S,0.32,28772,71,24,0.82,60.0,57.08,7.0,hf_builds,2.6.1/builds.json,https://huggingface.co/datasets/LvlUrArti/ShiyuDataProcessed/resolve/main/2.6.1/builds.json,ok
2.6.2,2026-03-10,sd,式舆防卫,all,全部,2.6.3,式舆防卫 2.6.3,2026-03-06,2026-03-20,zhu-yuan,Zhu Yuan,朱鸢,直伤主C,S,0.51,26325,91,70,0.62,60.0,60.0,7.0,hf_builds,2.6.2/builds.json,https://huggingface.co/datasets/LvlUrArti/ShiyuDataProcessed/resolve/main/2.6.2/builds.json,ok
2.7.1,2026-03-31,sd,式舆防卫,all,全部,2.6.4,式舆防卫 2.6.4,2026-03-20,2026-04-03,zhu-yuan,Zhu Yuan,朱鸢,直伤主C,S,0.42,27384,90,59,0.83,60.0,58.8,7.0,hf_builds,2.7.1/builds.json,https://huggingface.co/datasets/LvlUrArti/ShiyuDataProcessed/resolve/main/2.7.1/builds.json,ok
2.7.2,2026-04-21,sd,式舆防卫,all,全部,2.7.2,式舆防卫 2.7.2,2026-04-17,2026-05-01,zhu-yuan,Zhu Yuan,朱鸢,直伤主C,S,0.38,26474,60,49,0.92,60.0,59.23,7.0,hf_builds,2.7.2/builds.json,https://huggingface.co/datasets/LvlUrArti/ShiyuDataProcessed/resolve/main/2.7.2/builds.json,ok
2.8.1,2026-05-11,sd,式舆防卫,all,全部,2.7.3,式舆防卫 2.7.3,2026-05-01,2026-05-15,zhu-yuan,Zhu Yuan,朱鸢,直伤主C,S,0.26,26923,52,31,1.1,60.0,55.76,7.0,hf_builds,2.8.1/builds.json,https://huggingface.co/datasets/LvlUrArti/ShiyuDataProcessed/resolve/main/2.8.1/builds.json,ok
2.8.2,2026-06-02,sd,式舆防卫,all,全部,2.8.2,式舆防卫 2.8.2,2026-05-29,2026-06-12,zhu-yuan,Zhu Yuan,朱鸢,直伤主C,S,0.06,0,9,2,0.76,60.0,60.0,6.74,hf_builds,2.8.2/builds.json,https://huggingface.co/datasets/LvlUrArti/ShiyuDataProcessed/resolve/main/2.8.2/builds.json,ok
3.0.1,2026-06-21,sd,式舆防卫,all,全部,2.8.3,式舆防卫 2.8.3,2026-06-12,2026-06-26,zhu-yuan,Zhu Yuan,朱鸢,直伤主C,S,0.01,0,2,4,0.98,60.0,60.0,7.0,hf_builds,3.0.1/builds.json,https://huggingface.co/datasets/LvlUrArti/ShiyuDataProcessed/resolve/main/3.0.1/builds.json,ok
2.6.1,2026-02-17,sd,式舆防卫,bangboo,邦布,2.6.1,式舆防卫 2.6.1,2026-02-06,2026-02-20,agent-gulliver,Agent Gulliver,格列佛探员,bangboo,S,18.71,35082,,,,,,,hf_bangboo,2.6.1/sd/chars/bangboo_all.json,https://huggingface.co/datasets/LvlUrArti/ShiyuDataProcessed/resolve/main/2.6.1/sd/chars/bangboo_all.json,ok
2.6.2,2026-03-10,sd,式舆防卫,bangboo,邦布,2.6.3,式舆防卫 2.6.3,2026-03-06,2026-03-20,agent-gulliver,Agent Gulliver,格列佛探员,bangboo,S,9.62,28173,,,,,,,hf_bangboo,2.6.2/sd/chars/bangboo_all.json,https://huggingface.co/datasets/LvlUrArti/ShiyuDataProcessed/resolve/main/2.6.2/sd/chars/bangboo_all.json,ok
2.7.1,2026-03-31,sd,式舆防卫,bangboo,邦布,2.6.4,式舆防卫 2.6.4,2026-03-20,2026-04-03,agent-gulliver,Agent Gulliver,格列佛探员,bangboo,S,7.78,27285,,,,,,,hf_bangboo,2.7.1/sd/chars/bangboo_all.json,https://huggingface.co/datasets/LvlUrArti/ShiyuDataProcessed/resolve/main/2.7.1/sd/chars/bangboo_all.json,ok
2.7.2,2026-04-21,sd,式舆防卫,bangboo,邦布,2.7.2,式舆防卫 2.7.2,2026-04-17,2026-05-01,agent-gulliver,Agent Gulliver,格列佛探员,bangboo,S,7.79,29128,,,,,,,hf_bangboo,2.7.2/sd/chars/bangboo_all.json,https://huggingface.co/datasets/LvlUrArti/ShiyuDataProcessed/resolve/main/2.7.2/sd/chars/bangboo_all.json,ok
2.8.1,2026-05-11,sd,式舆防卫,bangboo,邦布,2.7.3,式舆防卫 2.7.3,2026-05-01,2026-05-15,agent-gulliver,Agent Gulliver,格列佛探员,bangboo,S,8.0,29519,,,,,,,hf_bangboo,2.8.1/sd/chars/bangboo_all.json,https://huggingface.co/datasets/LvlUrArti/ShiyuDataProcessed/resolve/main/2.8.1/sd/chars/bangboo_all.json,ok
2.8.2,2026-06-02,sd,式舆防卫,bangboo,邦布,2.8.2,式舆防卫 2.8.2,2026-05-29,2026-06-12,agent-gulliver,Agent Gulliver,格列佛探员,bangboo,S,10.85,26603,,,,,,,hf_bangboo,2.8.2/sd/chars/bangboo_all.json,https://huggingface.co/datasets/LvlUrArti/ShiyuDataProcessed/resolve/main/2.8.2/sd/chars/bangboo_all.json,ok
3.0.1,2026-06-21,sd,式舆防卫,bangboo,邦布,2.8.3,式舆防卫 2.8.3,2026-06-12,2026-06-26,agent-gulliver,Agent Gulliver,格列佛探员,bangboo,S,8.53,29424,,,,,,,hf_bangboo,3.0.1/sd/chars/bangboo_all.json,https://huggingface.co/datasets/LvlUrArti/ShiyuDataProcessed/resolve/main/3.0.1/sd/chars/bangboo_all.json,ok
2.6.1,2026-02-17,sd,式舆防卫,bangboo,邦布,2.6.1,式舆防卫 2.6.1,2026-02-06,2026-02-20,amillion,Amillion,艾米莉安,bangboo,S,0.17,31272,,,,,,,hf_bangboo,2.6.1/sd/chars/bangboo_all.json,https://huggingface.co/datasets/LvlUrArti/ShiyuDataProcessed/resolve/main/2.6.1/sd/chars/bangboo_all.json,ok
2.6.2,2026-03-10,sd,式舆防卫,bangboo,邦布,2.6.3,式舆防卫 2.6.3,2026-03-06,2026-03-20,amillion,Amillion,艾米莉安,bangboo,S,0.26,29845,,,,,,,hf_bangboo,2.6.2/sd/chars/bangboo_all.json,https://huggingface.co/datasets/LvlUrArti/ShiyuDataProcessed/resolve/main/2.6.2/sd/chars/bangboo_all.json,ok
2.7.1,2026-03-31,sd,式舆防卫,bangboo,邦布,2.6.4,式舆防卫 2.6.4,2026-03-20,2026-04-03,amillion,Amillion,艾米莉安,bangboo,S,0.18,31688,,,,,,,hf_bangboo,2.7.1/sd/chars/bangboo_all.json,https://huggingface.co/datasets/LvlUrArti/ShiyuDataProcessed/resolve/main/2.7.1/sd/chars/bangboo_all.json,ok
2.7.2,2026-04-21,sd,式舆防卫,bangboo,邦布,2.7.2,式舆防卫 2.7.2,2026-04-17,2026-05-01,amillion,Amillion,艾米莉安,bangboo,S,0.13,0,,,,,,,hf_bangboo,2.7.2/sd/chars/bangboo_all.json,https://huggingface.co/datasets/LvlUrArti/ShiyuDataProcessed/resolve/main/2.7.2/sd/chars/bangboo_all.json,ok
2.8.1,2026-05-11,sd,式舆防卫,bangboo,邦布,2.7.3,式舆防卫 2.7.3,2026-05-01,2026-05-15,amillion,Amillion,艾米莉安,bangboo,S,0.16,27717,,,,,,,hf_bangboo,2.8.1/sd/chars/bangboo_all.json,https://huggingface.co/datasets/LvlUrArti/ShiyuDataProcessed/resolve/main/2.8.1/sd/chars/bangboo_all.json,ok
2.8.2,2026-06-02,sd,式舆防卫,bangboo,邦布,2.8.2,式舆防卫 2.8.2,2026-05-29,2026-06-12,amillion,Amillion,艾米莉安,bangboo,S,0.87,29217,,,,,,,hf_bangboo,2.8.2/sd/chars/bangboo_all.json,https://huggingface.co/datasets/LvlUrArti/ShiyuDataProcessed/resolve/main/2.8.2/sd/chars/bangboo_all.json,ok
3.0.1,2026-06-21,sd,式舆防卫,bangboo,邦布,2.8.3,式舆防卫 2.8.3,2026-06-12,2026-06-26,amillion,Amillion,艾米莉安,bangboo,S,0.76,31294,,,,,,,hf_bangboo,3.0.1/sd/chars/bangboo_all.json,https://huggingface.co/datasets/LvlUrArti/ShiyuDataProcessed/resolve/main/3.0.1/sd/chars/bangboo_all.json,ok
2.6.1,2026-02-17,sd,式舆防卫,bangboo,邦布,2.6.1,式舆防卫 2.6.1,2026-02-06,2026-02-20,avocaboo,Avocaboo,果核布,bangboo,A,0.06,0,,,,,,,hf_bangboo,2.6.1/sd/chars/bangboo_all.json,https://huggingface.co/datasets/LvlUrArti/ShiyuDataProcessed/resolve/main/2.6.1/sd/chars/bangboo_all.json,ok
2.6.2,2026-03-10,sd,式舆防卫,bangboo,邦布,2.6.3,式舆防卫 2.6.3,2026-03-06,2026-03-20,avocaboo,Avocaboo,果核布,bangboo,A,0.03,0,,,,,,,hf_bangboo,2.6.2/sd/chars/bangboo_all.json,https://huggingface.co/datasets/LvlUrArti/ShiyuDataProcessed/resolve/main/2.6.2/sd/chars/bangboo_all.json,ok
2.7.1,2026-03-31,sd,式舆防卫,bangboo,邦布,2.6.4,式舆防卫 2.6.4,2026-03-20,2026-04-03,avocaboo,Avocaboo,果核布,bangboo,A,0.06,0,,,,,,,hf_bangboo,2.7.1/sd/chars/bangboo_all.json,https://huggingface.co/datasets/LvlUrArti/ShiyuDataProcessed/resolve/main/2.7.1/sd/chars/bangboo_all.json,ok
2.7.2,2026-04-21,sd,式舆防卫,bangboo,邦布,2.7.2,式舆防卫 2.7.2,2026-04-17,2026-05-01,avocaboo,Avocaboo,果核布,bangboo,A,0.06,0,,,,,,,hf_bangboo,2.7.2/sd/chars/bangboo_all.json,https://huggingface.co/datasets/LvlUrArti/ShiyuDataProcessed/resolve/main/2.7.2/sd/chars/bangboo_all.json,ok
2.8.1,2026-05-11,sd,式舆防卫,bangboo,邦布,2.7.3,式舆防卫 2.7.3,2026-05-01,2026-05-15,avocaboo,Avocaboo,果核布,bangboo,A,0.02,0,,,,,,,hf_bangboo,2.8.1/sd/chars/bangboo_all.json,https://huggingface.co/datasets/LvlUrArti/ShiyuDataProcessed/resolve/main/2.8.1/sd/chars/bangboo_all.json,ok
2.8.2,2026-06-02,sd,式舆防卫,bangboo,邦布,2.8.2,式舆防卫 2.8.2,2026-05-29,2026-06-12,avocaboo,Avocaboo,果核布,bangboo,A,0.09,0,,,,,,,hf_bangboo,2.8.2/sd/chars/bangboo_all.json,https://huggingface.co/datasets/LvlUrArti/ShiyuDataProcessed/resolve/main/2.8.2/sd/chars/bangboo_all.json,ok
3.0.1,2026-06-21,sd,式舆防卫,bangboo,邦布,2.8.3,式舆防卫 2.8.3,2026-06-12,2026-06-26,avocaboo,Avocaboo,果核布,bangboo,A,0.09,0,,,,,,,hf_bangboo,3.0.1/sd/chars/bangboo_all.json,https://huggingface.co/datasets/LvlUrArti/ShiyuDataProcessed/resolve/main/3.0.1/sd/chars/bangboo_all.json,ok
2.6.1,2026-02-17,sd,式舆防卫,bangboo,邦布,2.6.1,式舆防卫 2.6.1,2026-02-06,2026-02-20,baddieboo,Baddieboo,不良布,bangboo,A,0.21,28998,,,,,,,hf_bangboo,2.6.1/sd/chars/bangboo_all.json,https://huggingface.co/datasets/LvlUrArti/ShiyuDataProcessed/resolve/main/2.6.1/sd/chars/bangboo_all.json,ok
2.6.2,2026-03-10,sd,式舆防卫,bangboo,邦布,2.6.3,式舆防卫 2.6.3,2026-03-06,2026-03-20,baddieboo,Baddieboo,不良布,bangboo,A,0.21,29108,,,,,,,hf_bangboo,2.6.2/sd/chars/bangboo_all.json,https://huggingface.co/datasets/LvlUrArti/ShiyuDataProcessed/resolve/main/2.6.2/sd/chars/bangboo_all.json,ok
2.7.1,2026-03-31,sd,式舆防卫,bangboo,邦布,2.6.4,式舆防卫 2.6.4,2026-03-20,2026-04-03,baddieboo,Baddieboo,不良布,bangboo,A,0.47,28536,,,,,,,hf_bangboo,2.7.1/sd/chars/bangboo_all.json,https://huggingface.co/datasets/LvlUrArti/ShiyuDataProcessed/resolve/main/2.7.1/sd/chars/bangboo_all.json,ok
2.7.2,2026-04-21,sd,式舆防卫,bangboo,邦布,2.7.2,式舆防卫 2.7.2,2026-04-17,2026-05-01,baddieboo,Baddieboo,不良布,bangboo,A,0.52,27323,,,,,,,hf_bangboo,2.7.2/sd/chars/bangboo_all.json,https://huggingface.co/datasets/LvlUrArti/ShiyuDataProcessed/resolve/main/2.7.2/sd/chars/bangboo_all.json,ok
2.8.1,2026-05-11,sd,式舆防卫,bangboo,邦布,2.7.3,式舆防卫 2.7.3,2026-05-01,2026-05-15,baddieboo,Baddieboo,不良布,bangboo,A,0.36,31548,,,,,,,hf_bangboo,2.8.1/sd/chars/bangboo_all.json,https://huggingface.co/datasets/LvlUrArti/ShiyuDataProcessed/resolve/main/2.8.1/sd/chars/bangboo_all.json,ok
2.8.2,2026-06-02,sd,式舆防卫,bangboo,邦布,2.8.2,式舆防卫 2.8.2,2026-05-29,2026-06-12,baddieboo,Baddieboo,不良布,bangboo,A,0.47,27810,,,,,,,hf_bangboo,2.8.2/sd/chars/bangboo_all.json,https://huggingface.co/datasets/LvlUrArti/ShiyuDataProcessed/resolve/main/2.8.2/sd/chars/bangboo_all.json,ok
3.0.1,2026-06-21,sd,式舆防卫,bangboo,邦布,2.8.3,式舆防卫 2.8.3,2026-06-12,2026-06-26,baddieboo,Baddieboo,不良布,bangboo,A,0.39,29228,,,,,,,hf_bangboo,3.0.1/sd/chars/bangboo_all.json,https://huggingface.co/datasets/LvlUrArti/ShiyuDataProcessed/resolve/main/3.0.1/sd/chars/bangboo_all.json,ok
2.6.1,2026-02-17,sd,式舆防卫,bangboo,邦布,2.6.1,式舆防卫 2.6.1,2026-02-06,2026-02-20,bagboo,Bagboo,纸袋布,bangboo,A,0.08,0,,,,,,,hf_bangboo,2.6.1/sd/chars/bangboo_all.json,https://huggingface.co/datasets/LvlUrArti/ShiyuDataProcessed/resolve/main/2.6.1/sd/chars/bangboo_all.json,ok
2.6.2,2026-03-10,sd,式舆防卫,bangboo,邦布,2.6.3,式舆防卫 2.6.3,2026-03-06,2026-03-20,bagboo,Bagboo,纸袋布,bangboo,A,0.07,0,,,,,,,hf_bangboo,2.6.2/sd/chars/bangboo_all.json,https://huggingface.co/datasets/LvlUrArti/ShiyuDataProcessed/resolve/main/2.6.2/sd/chars/bangboo_all.json,ok
2.7.1,2026-03-31,sd,式舆防卫,bangboo,邦布,2.6.4,式舆防卫 2.6.4,2026-03-20,2026-04-03,bagboo,Bagboo,纸袋布,bangboo,A,0.07,0,,,,,,,hf_bangboo,2.7.1/sd/chars/bangboo_all.json,https://huggingface.co/datasets/LvlUrArti/ShiyuDataProcessed/resolve/main/2.7.1/sd/chars/bangboo_all.json,ok
2.7.2,2026-04-21,sd,式舆防卫,bangboo,邦布,2.7.2,式舆防卫 2.7.2,2026-04-17,2026-05-01,bagboo,Bagboo,纸袋布,bangboo,A,0.03,0,,,,,,,hf_bangboo,2.7.2/sd/chars/bangboo_all.json,https://huggingface.co/datasets/LvlUrArti/ShiyuDataProcessed/resolve/main/2.7.2/sd/chars/bangboo_all.json,ok
2.8.1,2026-05-11,sd,式舆防卫,bangboo,邦布,2.7.3,式舆防卫 2.7.3,2026-05-01,2026-05-15,bagboo,Bagboo,纸袋布,bangboo,A,0.05,0,,,,,,,hf_bangboo,2.8.1/sd/chars/bangboo_all.json,https://huggingface.co/datasets/LvlUrArti/ShiyuDataProcessed/resolve/main/2.8.1/sd/chars/bangboo_all.json,ok
2.8.2,2026-06-02,sd,式舆防卫,bangboo,邦布,2.8.2,式舆防卫 2.8.2,2026-05-29,2026-06-12,bagboo,Bagboo,纸袋布,bangboo,A,0.08,0,,,,,,,hf_bangboo,2.8.2/sd/chars/bangboo_all.json,https://huggingface.co/datasets/LvlUrArti/ShiyuDataProcessed/resolve/main/2.8.2/sd/chars/bangboo_all.json,ok
3.0.1,2026-06-21,sd,式舆防卫,bangboo,邦布,2.8.3,式舆防卫 2.8.3,2026-06-12,2026-06-26,bagboo,Bagboo,纸袋布,bangboo,A,0.06,0,,,,,,,hf_bangboo,3.0.1/sd/chars/bangboo_all.json,https://huggingface.co/datasets/LvlUrArti/ShiyuDataProcessed/resolve/main/3.0.1/sd/chars/bangboo_all.json,ok
2.6.1,2026-02-17,sd,式舆防卫,bangboo,邦布,2.6.1,式舆防卫 2.6.1,2026-02-06,2026-02-20,bangvolver,Bangvolver,左轮布,bangboo,S,3.05,29980,,,,,,,hf_bangboo,2.6.1/sd/chars/bangboo_all.json,https://huggingface.co/datasets/LvlUrArti/ShiyuDataProcessed/resolve/main/2.6.1/sd/chars/bangboo_all.json,ok
2.6.2,2026-03-10,sd,式舆防卫,bangboo,邦布,2.6.3,式舆防卫 2.6.3,2026-03-06,2026-03-20,bangvolver,Bangvolver,左轮布,bangboo,S,3.83,31385,,,,,,,hf_bangboo,2.6.2/sd/chars/bangboo_all.json,https://huggingface.co/datasets/LvlUrArti/ShiyuDataProcessed/resolve/main/2.6.2/sd/chars/bangboo_all.json,ok
2.7.1,2026-03-31,sd,式舆防卫,bangboo,邦布,2.6.4,式舆防卫 2.6.4,2026-03-20,2026-04-03,bangvolver,Bangvolver,左轮布,bangboo,S,3.08,30433,,,,,,,hf_bangboo,2.7.1/sd/chars/bangboo_all.json,https://huggingface.co/datasets/LvlUrArti/ShiyuDataProcessed/resolve/main/2.7.1/sd/chars/bangboo_all.json,ok
2.7.2,2026-04-21,sd,式舆防卫,bangboo,邦布,2.7.2,式舆防卫 2.7.2,2026-04-17,2026-05-01,bangvolver,Bangvolver,左轮布,bangboo,S,1.76,30766,,,,,,,hf_bangboo,2.7.2/sd/chars/bangboo_all.json,https://huggingface.co/datasets/LvlUrArti/ShiyuDataProcessed/resolve/main/2.7.2/sd/chars/bangboo_all.json,ok
2.8.1,2026-05-11,sd,式舆防卫,bangboo,邦布,2.7.3,式舆防卫 2.7.3,2026-05-01,2026-05-15,bangvolver,Bangvolver,左轮布,bangboo,S,1.94,32314,,,,,,,hf_bangboo,2.8.1/sd/chars/bangboo_all.json,https://huggingface.co/datasets/LvlUrArti/ShiyuDataProcessed/resolve/main/2.8.1/sd/chars/bangboo_all.json,ok
2.8.2,2026-06-02,sd,式舆防卫,bangboo,邦布,2.8.2,式舆防卫 2.8.2,2026-05-29,2026-06-12,bangvolver,Bangvolver,左轮布,bangboo,S,5.05,29459,,,,,,,hf_bangboo,2.8.2/sd/chars/bangboo_all.json,https://huggingface.co/datasets/LvlUrArti/ShiyuDataProcessed/resolve/main/2.8.2/sd/chars/bangboo_all.json,ok
3.0.1,2026-06-21,sd,式舆防卫,bangboo,邦布,2.8.3,式舆防卫 2.8.3,2026-06-12,2026-06-26,bangvolver,Bangvolver,左轮布,bangboo,S,4.91,31402,,,,,,,hf_bangboo,3.0.1/sd/chars/bangboo_all.json,https://huggingface.co/datasets/LvlUrArti/ShiyuDataProcessed/resolve/main/3.0.1/sd/chars/bangboo_all.json,ok
2.6.1,2026-02-17,sd,式舆防卫,bangboo,邦布,2.6.1,式舆防卫 2.6.1,2026-02-06,2026-02-20,belion,Belion,狮耶,bangboo,S,45.22,31826,,,,,,,hf_bangboo,2.6.1/sd/chars/bangboo_all.json,https://huggingface.co/datasets/LvlUrArti/ShiyuDataProcessed/resolve/main/2.6.1/sd/chars/bangboo_all.json,ok
2.6.2,2026-03-10,sd,式舆防卫,bangboo,邦布,2.6.3,式舆防卫 2.6.3,2026-03-06,2026-03-20,belion,Belion,狮耶,bangboo,S,45.29,32564,,,,,,,hf_bangboo,2.6.2/sd/chars/bangboo_all.json,https://huggingface.co/datasets/LvlUrArti/ShiyuDataProcessed/resolve/main/2.6.2/sd/chars/bangboo_all.json,ok
2.7.1,2026-03-31,sd,式舆防卫,bangboo,邦布,2.6.4,式舆防卫 2.6.4,2026-03-20,2026-04-03,belion,Belion,狮耶,bangboo,S,45.7,31614,,,,,,,hf_bangboo,2.7.1/sd/chars/bangboo_all.json,https://huggingface.co/datasets/LvlUrArti/ShiyuDataProcessed/resolve/main/2.7.1/sd/chars/bangboo_all.json,ok
2.7.2,2026-04-21,sd,式舆防卫,bangboo,邦布,2.7.2,式舆防卫 2.7.2,2026-04-17,2026-05-01,belion,Belion,狮耶,bangboo,S,44.11,31580,,,,,,,hf_bangboo,2.7.2/sd/chars/bangboo_all.json,https://huggingface.co/datasets/LvlUrArti/ShiyuDataProcessed/resolve/main/2.7.2/sd/chars/bangboo_all.json,ok
2.8.1,2026-05-11,sd,式舆防卫,bangboo,邦布,2.7.3,式舆防卫 2.7.3,2026-05-01,2026-05-15,belion,Belion,狮耶,bangboo,S,33.72,29778,,,,,,,hf_bangboo,2.8.1/sd/chars/bangboo_all.json,https://huggingface.co/datasets/LvlUrArti/ShiyuDataProcessed/resolve/main/2.8.1/sd/chars/bangboo_all.json,ok
2.8.2,2026-06-02,sd,式舆防卫,bangboo,邦布,2.8.2,式舆防卫 2.8.2,2026-05-29,2026-06-12,belion,Belion,狮耶,bangboo,S,21.65,28442,,,,,,,hf_bangboo,2.8.2/sd/chars/bangboo_all.json,https://huggingface.co/datasets/LvlUrArti/ShiyuDataProcessed/resolve/main/2.8.2/sd/chars/bangboo_all.json,ok
3.0.1,2026-06-21,sd,式舆防卫,bangboo,邦布,2.8.3,式舆防卫 2.8.3,2026-06-12,2026-06-26,belion,Belion,狮耶,bangboo,S,32.95,29482,,,,,,,hf_bangboo,3.0.1/sd/chars/bangboo_all.json,https://huggingface.co/datasets/LvlUrArti/ShiyuDataProcessed/resolve/main/3.0.1/sd/chars/bangboo_all.json,ok
2.6.1,2026-02-17,sd,式舆防卫,bangboo,邦布,2.6.1,式舆防卫 2.6.1,2026-02-06,2026-02-20,biggest-fan,Biggest Fan,阿饭,bangboo,S,1.8,36624,,,,,,,hf_bangboo,2.6.1/sd/chars/bangboo_all.json,https://huggingface.co/datasets/LvlUrArti/ShiyuDataProcessed/resolve/main/2.6.1/sd/chars/bangboo_all.json,ok
2.6.2,2026-03-10,sd,式舆防卫,bangboo,邦布,2.6.3,式舆防卫 2.6.3,2026-03-06,2026-03-20,biggest-fan,Biggest Fan,阿饭,bangboo,S,22.64,33345,,,,,,,hf_bangboo,2.6.2/sd/chars/bangboo_all.json,https://huggingface.co/datasets/LvlUrArti/ShiyuDataProcessed/resolve/main/2.6.2/sd/chars/bangboo_all.json,ok
2.7.1,2026-03-31,sd,式舆防卫,bangboo,邦布,2.6.4,式舆防卫 2.6.4,2026-03-20,2026-04-03,biggest-fan,Biggest Fan,阿饭,bangboo,S,27.41,31456,,,,,,,hf_bangboo,2.7.1/sd/chars/bangboo_all.json,https://huggingface.co/datasets/LvlUrArti/ShiyuDataProcessed/resolve/main/2.7.1/sd/chars/bangboo_all.json,ok
2.7.2,2026-04-21,sd,式舆防卫,bangboo,邦布,2.7.2,式舆防卫 2.7.2,2026-04-17,2026-05-01,biggest-fan,Biggest Fan,阿饭,bangboo,S,36.03,32152,,,,,,,hf_bangboo,2.7.2/sd/chars/bangboo_all.json,https://huggingface.co/datasets/LvlUrArti/ShiyuDataProcessed/resolve/main/2.7.2/sd/chars/bangboo_all.json,ok
2.8.1,2026-05-11,sd,式舆防卫,bangboo,邦布,2.7.3,式舆防卫 2.7.3,2026-05-01,2026-05-15,biggest-fan,Biggest Fan,阿饭,bangboo,S,36.2,34252,,,,,,,hf_bangboo,2.8.1/sd/chars/bangboo_all.json,https://huggingface.co/datasets/LvlUrArti/ShiyuDataProcessed/resolve/main/2.8.1/sd/chars/bangboo_all.json,ok
2.8.2,2026-06-02,sd,式舆防卫,bangboo,邦布,2.8.2,式舆防卫 2.8.2,2026-05-29,2026-06-12,biggest-fan,Biggest Fan,阿饭,bangboo,S,21.72,31406,,,,,,,hf_bangboo,2.8.2/sd/chars/bangboo_all.json,https://huggingface.co/datasets/LvlUrArti/ShiyuDataProcessed/resolve/main/2.8.2/sd/chars/bangboo_all.json,ok
3.0.1,2026-06-21,sd,式舆防卫,bangboo,邦布,2.8.3,式舆防卫 2.8.3,2026-06-12,2026-06-26,biggest-fan,Biggest Fan,阿饭,bangboo,S,21.32,33439,,,,,,,hf_bangboo,3.0.1/sd/chars/bangboo_all.json,https://huggingface.co/datasets/LvlUrArti/ShiyuDataProcessed/resolve/main/3.0.1/sd/chars/bangboo_all.json,ok
2.6.1,2026-02-17,sd,式舆防卫,bangboo,邦布,2.6.1,式舆防卫 2.6.1,2026-02-06,2026-02-20,bild-n-boolok,Bild N. Boolok,乐玩布,bangboo,A,0.22,30130,,,,,,,hf_bangboo,2.6.1/sd/chars/bangboo_all.json,https://huggingface.co/datasets/LvlUrArti/ShiyuDataProcessed/resolve/main/2.6.1/sd/chars/bangboo_all.json,ok
2.6.2,2026-03-10,sd,式舆防卫,bangboo,邦布,2.6.3,式舆防卫 2.6.3,2026-03-06,2026-03-20,bild-n-boolok,Bild N. Boolok,乐玩布,bangboo,A,0.15,31474,,,,,,,hf_bangboo,2.6.2/sd/chars/bangboo_all.json,https://huggingface.co/datasets/LvlUrArti/ShiyuDataProcessed/resolve/main/2.6.2/sd/chars/bangboo_all.json,ok
2.7.1,2026-03-31,sd,式舆防卫,bangboo,邦布,2.6.4,式舆防卫 2.6.4,2026-03-20,2026-04-03,bild-n-boolok,Bild N. Boolok,乐玩布,bangboo,A,0.22,28119,,,,,,,hf_bangboo,2.7.1/sd/chars/bangboo_all.json,https://huggingface.co/datasets/LvlUrArti/ShiyuDataProcessed/resolve/main/2.7.1/sd/chars/bangboo_all.json,ok
2.7.2,2026-04-21,sd,式舆防卫,bangboo,邦布,2.7.2,式舆防卫 2.7.2,2026-04-17,2026-05-01,bild-n-boolok,Bild N. Boolok,乐玩布,bangboo,A,0.28,30334,,,,,,,hf_bangboo,2.7.2/sd/chars/bangboo_all.json,https://huggingface.co/datasets/LvlUrArti/ShiyuDataProcessed/resolve/main/2.7.2/sd/chars/bangboo_all.json,ok
2.8.1,2026-05-11,sd,式舆防卫,bangboo,邦布,2.7.3,式舆防卫 2.7.3,2026-05-01,2026-05-15,bild-n-boolok,Bild N. Boolok,乐玩布,bangboo,A,0.22,31131,,,,,,,hf_bangboo,2.8.1/sd/chars/bangboo_all.json,https://huggingface.co/datasets/LvlUrArti/ShiyuDataProcessed/resolve/main/2.8.1/sd/chars/bangboo_all.json,ok
2.8.2,2026-06-02,sd,式舆防卫,bangboo,邦布,2.8.2,式舆防卫 2.8.2,2026-05-29,2026-06-12,bild-n-boolok,Bild N. Boolok,乐玩布,bangboo,A,0.31,30478,,,,,,,hf_bangboo,2.8.2/sd/chars/bangboo_all.json,https://huggingface.co/datasets/LvlUrArti/ShiyuDataProcessed/resolve/main/2.8.2/sd/chars/bangboo_all.json,ok
3.0.1,2026-06-21,sd,式舆防卫,bangboo,邦布,2.8.3,式舆防卫 2.8.3,2026-06-12,2026-06-26,bild-n-boolok,Bild N. Boolok,乐玩布,bangboo,A,0.28,28972,,,,,,,hf_bangboo,3.0.1/sd/chars/bangboo_all.json,https://huggingface.co/datasets/LvlUrArti/ShiyuDataProcessed/resolve/main/3.0.1/sd/chars/bangboo_all.json,ok
2.6.1,2026-02-17,sd,式舆防卫,bangboo,邦布,2.6.1,式舆防卫 2.6.1,2026-02-06,2026-02-20,birkblick,Birkblick,比克布利克,bangboo,S,12.24,33724,,,,,,,hf_bangboo,2.6.1/sd/chars/bangboo_all.json,https://huggingface.co/datasets/LvlUrArti/ShiyuDataProcessed/resolve/main/2.6.1/sd/chars/bangboo_all.json,ok
2.6.2,2026-03-10,sd,式舆防卫,bangboo,邦布,2.6.3,式舆防卫 2.6.3,2026-03-06,2026-03-20,birkblick,Birkblick,比克布利克,bangboo,S,12.86,34805,,,,,,,hf_bangboo,2.6.2/sd/chars/bangboo_all.json,https://huggingface.co/datasets/LvlUrArti/ShiyuDataProcessed/resolve/main/2.6.2/sd/chars/bangboo_all.json,ok
2.7.1,2026-03-31,sd,式舆防卫,bangboo,邦布,2.6.4,式舆防卫 2.6.4,2026-03-20,2026-04-03,birkblick,Birkblick,比克布利克,bangboo,S,12.23,33917,,,,,,,hf_bangboo,2.7.1/sd/chars/bangboo_all.json,https://huggingface.co/datasets/LvlUrArti/ShiyuDataProcessed/resolve/main/2.7.1/sd/chars/bangboo_all.json,ok
2.7.2,2026-04-21,sd,式舆防卫,bangboo,邦布,2.7.2,式舆防卫 2.7.2,2026-04-17,2026-05-01,birkblick,Birkblick,比克布利克,bangboo,S,12.71,32803,,,,,,,hf_bangboo,2.7.2/sd/chars/bangboo_all.json,https://huggingface.co/datasets/LvlUrArti/ShiyuDataProcessed/resolve/main/2.7.2/sd/chars/bangboo_all.json,ok
2.8.1,2026-05-11,sd,式舆防卫,bangboo,邦布,2.7.3,式舆防卫 2.7.3,2026-05-01,2026-05-15,birkblick,Birkblick,比克布利克,bangboo,S,10.96,33278,,,,,,,hf_bangboo,2.8.1/sd/chars/bangboo_all.json,https://huggingface.co/datasets/LvlUrArti/ShiyuDataProcessed/resolve/main/2.8.1/sd/chars/bangboo_all.json,ok
2.8.2,2026-06-02,sd,式舆防卫,bangboo,邦布,2.8.2,式舆防卫 2.8.2,2026-05-29,2026-06-12,birkblick,Birkblick,比克布利克,bangboo,S,16.81,31650,,,,,,,hf_bangboo,2.8.2/sd/chars/bangboo_all.json,https://huggingface.co/datasets/LvlUrArti/ShiyuDataProcessed/resolve/main/2.8.2/sd/chars/bangboo_all.json,ok
3.0.1,2026-06-21,sd,式舆防卫,bangboo,邦布,2.8.3,式舆防卫 2.8.3,2026-06-12,2026-06-26,birkblick,Birkblick,比克布利克,bangboo,S,16.87,33500,,,,,,,hf_bangboo,3.0.1/sd/chars/bangboo_all.json,https://huggingface.co/datasets/LvlUrArti/ShiyuDataProcessed/resolve/main/3.0.1/sd/chars/bangboo_all.json,ok
2.6.1,2026-02-17,sd,式舆防卫,bangboo,邦布,2.6.1,式舆防卫 2.6.1,2026-02-06,2026-02-20,boollseye,Boollseye,飞靶布,bangboo,A,0.01,0,,,,,,,hf_bangboo,2.6.1/sd/chars/bangboo_all.json,https://huggingface.co/datasets/LvlUrArti/ShiyuDataProcessed/resolve/main/2.6.1/sd/chars/bangboo_all.json,ok
2.6.2,2026-03-10,sd,式舆防卫,bangboo,邦布,2.6.3,式舆防卫 2.6.3,2026-03-06,2026-03-20,boollseye,Boollseye,飞靶布,bangboo,A,0.01,0,,,,,,,hf_bangboo,2.6.2/sd/chars/bangboo_all.json,https://huggingface.co/datasets/LvlUrArti/ShiyuDataProcessed/resolve/main/2.6.2/sd/chars/bangboo_all.json,ok
2.7.1,2026-03-31,sd,式舆防卫,bangboo,邦布,2.6.4,式舆防卫 2.6.4,2026-03-20,2026-04-03,boollseye,Boollseye,飞靶布,bangboo,A,0.0,0,,,,,,,hf_bangboo,2.7.1/sd/chars/bangboo_all.json,https://huggingface.co/datasets/LvlUrArti/ShiyuDataProcessed/resolve/main/2.7.1/sd/chars/bangboo_all.json,ok
2.7.2,2026-04-21,sd,式舆防卫,bangboo,邦布,2.7.2,式舆防卫 2.7.2,2026-04-17,2026-05-01,boollseye,Boollseye,飞靶布,bangboo,A,0.01,0,,,,,,,hf_bangboo,2.7.2/sd/chars/bangboo_all.json,https://huggingface.co/datasets/LvlUrArti/ShiyuDataProcessed/resolve/main/2.7.2/sd/chars/bangboo_all.json,ok
2.8.1,2026-05-11,sd,式舆防卫,bangboo,邦布,2.7.3,式舆防卫 2.7.3,2026-05-01,2026-05-15,boollseye,Boollseye,飞靶布,bangboo,A,0.0,0,,,,,,,hf_bangboo,2.8.1/sd/chars/bangboo_all.json,https://huggingface.co/datasets/LvlUrArti/ShiyuDataProcessed/resolve/main/2.8.1/sd/chars/bangboo_all.json,ok
2.8.2,2026-06-02,sd,式舆防卫,bangboo,邦布,2.8.2,式舆防卫 2.8.2,2026-05-29,2026-06-12,boollseye,Boollseye,飞靶布,bangboo,A,0.01,0,,,,,,,hf_bangboo,2.8.2/sd/chars/bangboo_all.json,https://huggingface.co/datasets/LvlUrArti/ShiyuDataProcessed/resolve/main/2.8.2/sd/chars/bangboo_all.json,ok
3.0.1,2026-06-21,sd,式舆防卫,bangboo,邦布,2.8.3,式舆防卫 2.8.3,2026-06-12,2026-06-26,boollseye,Boollseye,飞靶布,bangboo,A,0.0,0,,,,,,,hf_bangboo,3.0.1/sd/chars/bangboo_all.json,https://huggingface.co/datasets/LvlUrArti/ShiyuDataProcessed/resolve/main/3.0.1/sd/chars/bangboo_all.json,ok
2.8.1,2026-05-11,sd,式舆防卫,bangboo,邦布,2.7.3,式舆防卫 2.7.3,2026-05-01,2026-05-15,booltergeist,Booltergeist,幽浮布,bangboo,A,0.04,0,,,,,,,hf_bangboo,2.8.1/sd/chars/bangboo_all.json,https://huggingface.co/datasets/LvlUrArti/ShiyuDataProcessed/resolve/main/2.8.1/sd/chars/bangboo_all.json,ok
2.8.2,2026-06-02,sd,式舆防卫,bangboo,邦布,2.8.2,式舆防卫 2.8.2,2026-05-29,2026-06-12,booltergeist,Booltergeist,幽浮布,bangboo,A,1.84,31339,,,,,,,hf_bangboo,2.8.2/sd/chars/bangboo_all.json,https://huggingface.co/datasets/LvlUrArti/ShiyuDataProcessed/resolve/main/2.8.2/sd/chars/bangboo_all.json,ok
3.0.1,2026-06-21,sd,式舆防卫,bangboo,邦布,2.8.3,式舆防卫 2.8.3,2026-06-12,2026-06-26,booltergeist,Booltergeist,幽浮布,bangboo,A,2.37,33745,,,,,,,hf_bangboo,3.0.1/sd/chars/bangboo_all.json,https://huggingface.co/datasets/LvlUrArti/ShiyuDataProcessed/resolve/main/3.0.1/sd/chars/bangboo_all.json,ok
2.6.1,2026-02-17,sd,式舆防卫,bangboo,邦布,2.6.1,式舆防卫 2.6.1,2026-02-06,2026-02-20,booressure,Booressure,气压布,bangboo,A,0.44,34787,,,,,,,hf_bangboo,2.6.1/sd/chars/bangboo_all.json,https://huggingface.co/datasets/LvlUrArti/ShiyuDataProcessed/resolve/main/2.6.1/sd/chars/bangboo_all.json,ok
2.6.2,2026-03-10,sd,式舆防卫,bangboo,邦布,2.6.3,式舆防卫 2.6.3,2026-03-06,2026-03-20,booressure,Booressure,气压布,bangboo,A,0.42,32517,,,,,,,hf_bangboo,2.6.2/sd/chars/bangboo_all.json,https://huggingface.co/datasets/LvlUrArti/ShiyuDataProcessed/resolve/main/2.6.2/sd/chars/bangboo_all.json,ok
2.7.1,2026-03-31,sd,式舆防卫,bangboo,邦布,2.6.4,式舆防卫 2.6.4,2026-03-20,2026-04-03,booressure,Booressure,气压布,bangboo,A,0.49,29711,,,,,,,hf_bangboo,2.7.1/sd/chars/bangboo_all.json,https://huggingface.co/datasets/LvlUrArti/ShiyuDataProcessed/resolve/main/2.7.1/sd/chars/bangboo_all.json,ok
2.7.2,2026-04-21,sd,式舆防卫,bangboo,邦布,2.7.2,式舆防卫 2.7.2,2026-04-17,2026-05-01,booressure,Booressure,气压布,bangboo,A,0.61,33152,,,,,,,hf_bangboo,2.7.2/sd/chars/bangboo_all.json,https://huggingface.co/datasets/LvlUrArti/ShiyuDataProcessed/resolve/main/2.7.2/sd/chars/bangboo_all.json,ok
2.8.1,2026-05-11,sd,式舆防卫,bangboo,邦布,2.7.3,式舆防卫 2.7.3,2026-05-01,2026-05-15,booressure,Booressure,气压布,bangboo,A,0.67,33444,,,,,,,hf_bangboo,2.8.1/sd/chars/bangboo_all.json,https://huggingface.co/datasets/LvlUrArti/ShiyuDataProcessed/resolve/main/2.8.1/sd/chars/bangboo_all.json,ok
2.8.2,2026-06-02,sd,式舆防卫,bangboo,邦布,2.8.2,式舆防卫 2.8.2,2026-05-29,2026-06-12,booressure,Booressure,气压布,bangboo,A,1.16,31036,,,,,,,hf_bangboo,2.8.2/sd/chars/bangboo_all.json,https://huggingface.co/datasets/LvlUrArti/ShiyuDataProcessed/resolve/main/2.8.2/sd/chars/bangboo_all.json,ok
3.0.1,2026-06-21,sd,式舆防卫,bangboo,邦布,2.8.3,式舆防卫 2.8.3,2026-06-12,2026-06-26,booressure,Booressure,气压布,bangboo,A,0.97,34397,,,,,,,hf_bangboo,3.0.1/sd/chars/bangboo_all.json,https://huggingface.co/datasets/LvlUrArti/ShiyuDataProcessed/resolve/main/3.0.1/sd/chars/bangboo_all.json,ok
2.6.1,2026-02-17,sd,式舆防卫,bangboo,邦布,2.6.1,式舆防卫 2.6.1,2026-02-06,2026-02-20,brawlerboo,Brawlerboo,格斗布,bangboo,A,0.31,29558,,,,,,,hf_bangboo,2.6.1/sd/chars/bangboo_all.json,https://huggingface.co/datasets/LvlUrArti/ShiyuDataProcessed/resolve/main/2.6.1/sd/chars/bangboo_all.json,ok
2.6.2,2026-03-10,sd,式舆防卫,bangboo,邦布,2.6.3,式舆防卫 2.6.3,2026-03-06,2026-03-20,brawlerboo,Brawlerboo,格斗布,bangboo,A,0.31,28647,,,,,,,hf_bangboo,2.6.2/sd/chars/bangboo_all.json,https://huggingface.co/datasets/LvlUrArti/ShiyuDataProcessed/resolve/main/2.6.2/sd/chars/bangboo_all.json,ok
2.7.1,2026-03-31,sd,式舆防卫,bangboo,邦布,2.6.4,式舆防卫 2.6.4,2026-03-20,2026-04-03,brawlerboo,Brawlerboo,格斗布,bangboo,A,0.37,29284,,,,,,,hf_bangboo,2.7.1/sd/chars/bangboo_all.json,https://huggingface.co/datasets/LvlUrArti/ShiyuDataProcessed/resolve/main/2.7.1/sd/chars/bangboo_all.json,ok
2.7.2,2026-04-21,sd,式舆防卫,bangboo,邦布,2.7.2,式舆防卫 2.7.2,2026-04-17,2026-05-01,brawlerboo,Brawlerboo,格斗布,bangboo,A,0.32,28608,,,,,,,hf_bangboo,2.7.2/sd/chars/bangboo_all.json,https://huggingface.co/datasets/LvlUrArti/ShiyuDataProcessed/resolve/main/2.7.2/sd/chars/bangboo_all.json,ok
2.8.1,2026-05-11,sd,式舆防卫,bangboo,邦布,2.7.3,式舆防卫 2.7.3,2026-05-01,2026-05-15,brawlerboo,Brawlerboo,格斗布,bangboo,A,0.27,29146,,,,,,,hf_bangboo,2.8.1/sd/chars/bangboo_all.json,https://huggingface.co/datasets/LvlUrArti/ShiyuDataProcessed/resolve/main/2.8.1/sd/chars/bangboo_all.json,ok
2.8.2,2026-06-02,sd,式舆防卫,bangboo,邦布,2.8.2,式舆防卫 2.8.2,2026-05-29,2026-06-12,brawlerboo,Brawlerboo,格斗布,bangboo,A,0.3,28454,,,,,,,hf_bangboo,2.8.2/sd/chars/bangboo_all.json,https://huggingface.co/datasets/LvlUrArti/ShiyuDataProcessed/resolve/main/2.8.2/sd/chars/bangboo_all.json,ok
3.0.1,2026-06-21,sd,式舆防卫,bangboo,邦布,2.8.3,式舆防卫 2.8.3,2026-06-12,2026-06-26,brawlerboo,Brawlerboo,格斗布,bangboo,A,0.32,29582,,,,,,,hf_bangboo,3.0.1/sd/chars/bangboo_all.json,https://huggingface.co/datasets/LvlUrArti/ShiyuDataProcessed/resolve/main/3.0.1/sd/chars/bangboo_all.json,ok
2.6.1,2026-02-17,sd,式舆防卫,bangboo,邦布,2.6.1,式舆防卫 2.6.1,2026-02-06,2026-02-20,butler,Butler,巴特勒,bangboo,S,3.19,32350,,,,,,,hf_bangboo,2.6.1/sd/chars/bangboo_all.json,https://huggingface.co/datasets/LvlUrArti/ShiyuDataProcessed/resolve/main/2.6.1/sd/chars/bangboo_all.json,ok
2.6.2,2026-03-10,sd,式舆防卫,bangboo,邦布,2.6.3,式舆防卫 2.6.3,2026-03-06,2026-03-20,butler,Butler,巴特勒,bangboo,S,2.78,32840,,,,,,,hf_bangboo,2.6.2/sd/chars/bangboo_all.json,https://huggingface.co/datasets/LvlUrArti/ShiyuDataProcessed/resolve/main/2.6.2/sd/chars/bangboo_all.json,ok
2.7.1,2026-03-31,sd,式舆防卫,bangboo,邦布,2.6.4,式舆防卫 2.6.4,2026-03-20,2026-04-03,butler,Butler,巴特勒,bangboo,S,3.08,30888,,,,,,,hf_bangboo,2.7.1/sd/chars/bangboo_all.json,https://huggingface.co/datasets/LvlUrArti/ShiyuDataProcessed/resolve/main/2.7.1/sd/chars/bangboo_all.json,ok
2.7.2,2026-04-21,sd,式舆防卫,bangboo,邦布,2.7.2,式舆防卫 2.7.2,2026-04-17,2026-05-01,butler,Butler,巴特勒,bangboo,S,3.14,30491,,,,,,,hf_bangboo,2.7.2/sd/chars/bangboo_all.json,https://huggingface.co/datasets/LvlUrArti/ShiyuDataProcessed/resolve/main/2.7.2/sd/chars/bangboo_all.json,ok
2.8.1,2026-05-11,sd,式舆防卫,bangboo,邦布,2.7.3,式舆防卫 2.7.3,2026-05-01,2026-05-15,butler,Butler,巴特勒,bangboo,S,2.98,32060,,,,,,,hf_bangboo,2.8.1/sd/chars/bangboo_all.json,https://huggingface.co/datasets/LvlUrArti/ShiyuDataProcessed/resolve/main/2.8.1/sd/chars/bangboo_all.json,ok
2.8.2,2026-06-02,sd,式舆防卫,bangboo,邦布,2.8.2,式舆防卫 2.8.2,2026-05-29,2026-06-12,butler,Butler,巴特勒,bangboo,S,3.78,29259,,,,,,,hf_bangboo,2.8.2/sd/chars/bangboo_all.json,https://huggingface.co/datasets/LvlUrArti/ShiyuDataProcessed/resolve/main/2.8.2/sd/chars/bangboo_all.json,ok
3.0.1,2026-06-21,sd,式舆防卫,bangboo,邦布,2.8.3,式舆防卫 2.8.3,2026-06-12,2026-06-26,butler,Butler,巴特勒,bangboo,S,3.15,31844,,,,,,,hf_bangboo,3.0.1/sd/chars/bangboo_all.json,https://huggingface.co/datasets/LvlUrArti/ShiyuDataProcessed/resolve/main/3.0.1/sd/chars/bangboo_all.json,ok
2.6.1,2026-02-17,sd,式舆防卫,bangboo,邦布,2.6.1,式舆防卫 2.6.1,2026-02-06,2026-02-20,cryboo,Cryboo,泪眼布,bangboo,A,0.2,29093,,,,,,,hf_bangboo,2.6.1/sd/chars/bangboo_all.json,https://huggingface.co/datasets/LvlUrArti/ShiyuDataProcessed/resolve/main/2.6.1/sd/chars/bangboo_all.json,ok
2.6.2,2026-03-10,sd,式舆防卫,bangboo,邦布,2.6.3,式舆防卫 2.6.3,2026-03-06,2026-03-20,cryboo,Cryboo,泪眼布,bangboo,A,0.1,0,,,,,,,hf_bangboo,2.6.2/sd/chars/bangboo_all.json,https://huggingface.co/datasets/LvlUrArti/ShiyuDataProcessed/resolve/main/2.6.2/sd/chars/bangboo_all.json,ok
2.7.1,2026-03-31,sd,式舆防卫,bangboo,邦布,2.6.4,式舆防卫 2.6.4,2026-03-20,2026-04-03,cryboo,Cryboo,泪眼布,bangboo,A,0.1,27986,,,,,,,hf_bangboo,2.7.1/sd/chars/bangboo_all.json,https://huggingface.co/datasets/LvlUrArti/ShiyuDataProcessed/resolve/main/2.7.1/sd/chars/bangboo_all.json,ok
2.7.2,2026-04-21,sd,式舆防卫,bangboo,邦布,2.7.2,式舆防卫 2.7.2,2026-04-17,2026-05-01,cryboo,Cryboo,泪眼布,bangboo,A,0.1,0,,,,,,,hf_bangboo,2.7.2/sd/chars/bangboo_all.json,https://huggingface.co/datasets/LvlUrArti/ShiyuDataProcessed/resolve/main/2.7.2/sd/chars/bangboo_all.json,ok
2.8.1,2026-05-11,sd,式舆防卫,bangboo,邦布,2.7.3,式舆防卫 2.7.3,2026-05-01,2026-05-15,cryboo,Cryboo,泪眼布,bangboo,A,0.07,0,,,,,,,hf_bangboo,2.8.1/sd/chars/bangboo_all.json,https://huggingface.co/datasets/LvlUrArti/ShiyuDataProcessed/resolve/main/2.8.1/sd/chars/bangboo_all.json,ok
2.8.2,2026-06-02,sd,式舆防卫,bangboo,邦布,2.8.2,式舆防卫 2.8.2,2026-05-29,2026-06-12,cryboo,Cryboo,泪眼布,bangboo,A,0.12,0,,,,,,,hf_bangboo,2.8.2/sd/chars/bangboo_all.json,https://huggingface.co/datasets/LvlUrArti/ShiyuDataProcessed/resolve/main/2.8.2/sd/chars/bangboo_all.json,ok
3.0.1,2026-06-21,sd,式舆防卫,bangboo,邦布,2.8.3,式舆防卫 2.8.3,2026-06-12,2026-06-26,cryboo,Cryboo,泪眼布,bangboo,A,0.13,28998,,,,,,,hf_bangboo,3.0.1/sd/chars/bangboo_all.json,https://huggingface.co/datasets/LvlUrArti/ShiyuDataProcessed/resolve/main/3.0.1/sd/chars/bangboo_all.json,ok
2.6.1,2026-02-17,sd,式舆防卫,bangboo,邦布,2.6.1,式舆防卫 2.6.1,2026-02-06,2026-02-20,devilboo,Devilboo,恶魔布,bangboo,A,0.94,32699,,,,,,,hf_bangboo,2.6.1/sd/chars/bangboo_all.json,https://huggingface.co/datasets/LvlUrArti/ShiyuDataProcessed/resolve/main/2.6.1/sd/chars/bangboo_all.json,ok
2.6.2,2026-03-10,sd,式舆防卫,bangboo,邦布,2.6.3,式舆防卫 2.6.3,2026-03-06,2026-03-20,devilboo,Devilboo,恶魔布,bangboo,A,1.7,32705,,,,,,,hf_bangboo,2.6.2/sd/chars/bangboo_all.json,https://huggingface.co/datasets/LvlUrArti/ShiyuDataProcessed/resolve/main/2.6.2/sd/chars/bangboo_all.json,ok
2.7.1,2026-03-31,sd,式舆防卫,bangboo,邦布,2.6.4,式舆防卫 2.6.4,2026-03-20,2026-04-03,devilboo,Devilboo,恶魔布,bangboo,A,2.19,33982,,,,,,,hf_bangboo,2.7.1/sd/chars/bangboo_all.json,https://huggingface.co/datasets/LvlUrArti/ShiyuDataProcessed/resolve/main/2.7.1/sd/chars/bangboo_all.json,ok
2.7.2,2026-04-21,sd,式舆防卫,bangboo,邦布,2.7.2,式舆防卫 2.7.2,2026-04-17,2026-05-01,devilboo,Devilboo,恶魔布,bangboo,A,3.89,33421,,,,,,,hf_bangboo,2.7.2/sd/chars/bangboo_all.json,https://huggingface.co/datasets/LvlUrArti/ShiyuDataProcessed/resolve/main/2.7.2/sd/chars/bangboo_all.json,ok
2.8.1,2026-05-11,sd,式舆防卫,bangboo,邦布,2.7.3,式舆防卫 2.7.3,2026-05-01,2026-05-15,devilboo,Devilboo,恶魔布,bangboo,A,3.49,36660,,,,,,,hf_bangboo,2.8.1/sd/chars/bangboo_all.json,https://huggingface.co/datasets/LvlUrArti/ShiyuDataProcessed/resolve/main/2.8.1/sd/chars/bangboo_all.json,ok
2.8.2,2026-06-02,sd,式舆防卫,bangboo,邦布,2.8.2,式舆防卫 2.8.2,2026-05-29,2026-06-12,devilboo,Devilboo,恶魔布,bangboo,A,3.56,34367,,,,,,,hf_bangboo,2.8.2/sd/chars/bangboo_all.json,https://huggingface.co/datasets/LvlUrArti/ShiyuDataProcessed/resolve/main/2.8.2/sd/chars/bangboo_all.json,ok
3.0.1,2026-06-21,sd,式舆防卫,bangboo,邦布,2.8.3,式舆防卫 2.8.3,2026-06-12,2026-06-26,devilboo,Devilboo,恶魔布,bangboo,A,3.11,35883,,,,,,,hf_bangboo,3.0.1/sd/chars/bangboo_all.json,https://huggingface.co/datasets/LvlUrArti/ShiyuDataProcessed/resolve/main/3.0.1/sd/chars/bangboo_all.json,ok
2.6.1,2026-02-17,sd,式舆防卫,bangboo,邦布,2.6.1,式舆防卫 2.6.1,2026-02-06,2026-02-20,electroboo,Electroboo,电击布,bangboo,A,0.41,31691,,,,,,,hf_bangboo,2.6.1/sd/chars/bangboo_all.json,https://huggingface.co/datasets/LvlUrArti/ShiyuDataProcessed/resolve/main/2.6.1/sd/chars/bangboo_all.json,ok
2.6.2,2026-03-10,sd,式舆防卫,bangboo,邦布,2.6.3,式舆防卫 2.6.3,2026-03-06,2026-03-20,electroboo,Electroboo,电击布,bangboo,A,0.18,28335,,,,,,,hf_bangboo,2.6.2/sd/chars/bangboo_all.json,https://huggingface.co/datasets/LvlUrArti/ShiyuDataProcessed/resolve/main/2.6.2/sd/chars/bangboo_all.json,ok
2.7.1,2026-03-31,sd,式舆防卫,bangboo,邦布,2.6.4,式舆防卫 2.6.4,2026-03-20,2026-04-03,electroboo,Electroboo,电击布,bangboo,A,0.01,0,,,,,,,hf_bangboo,2.7.1/sd/chars/bangboo_all.json,https://huggingface.co/datasets/LvlUrArti/ShiyuDataProcessed/resolve/main/2.7.1/sd/chars/bangboo_all.json,ok
2.7.2,2026-04-21,sd,式舆防卫,bangboo,邦布,2.7.2,式舆防卫 2.7.2,2026-04-17,2026-05-01,electroboo,Electroboo,电击布,bangboo,A,0.28,30759,,,,,,,hf_bangboo,2.7.2/sd/chars/bangboo_all.json,https://huggingface.co/datasets/LvlUrArti/ShiyuDataProcessed/resolve/main/2.7.2/sd/chars/bangboo_all.json,ok
2.8.1,2026-05-11,sd,式舆防卫,bangboo,邦布,2.7.3,式舆防卫 2.7.3,2026-05-01,2026-05-15,electroboo,Electroboo,电击布,bangboo,A,0.34,30143,,,,,,,hf_bangboo,2.8.1/sd/chars/bangboo_all.json,https://huggingface.co/datasets/LvlUrArti/ShiyuDataProcessed/resolve/main/2.8.1/sd/chars/bangboo_all.json,ok
2.8.2,2026-06-02,sd,式舆防卫,bangboo,邦布,2.8.2,式舆防卫 2.8.2,2026-05-29,2026-06-12,electroboo,Electroboo,电击布,bangboo,A,0.34,25487,,,,,,,hf_bangboo,2.8.2/sd/chars/bangboo_all.json,https://huggingface.co/datasets/LvlUrArti/ShiyuDataProcessed/resolve/main/2.8.2/sd/chars/bangboo_all.json,ok
3.0.1,2026-06-21,sd,式舆防卫,bangboo,邦布,2.8.3,式舆防卫 2.8.3,2026-06-12,2026-06-26,electroboo,Electroboo,电击布,bangboo,A,0.06,0,,,,,,,hf_bangboo,3.0.1/sd/chars/bangboo_all.json,https://huggingface.co/datasets/LvlUrArti/ShiyuDataProcessed/resolve/main/3.0.1/sd/chars/bangboo_all.json,ok
2.6.1,2026-02-17,sd,式舆防卫,bangboo,邦布,2.6.1,式舆防卫 2.6.1,2026-02-06,2026-02-20,excaliboo,Excaliboo,圣剑布,bangboo,A,1.92,30855,,,,,,,hf_bangboo,2.6.1/sd/chars/bangboo_all.json,https://huggingface.co/datasets/LvlUrArti/ShiyuDataProcessed/resolve/main/2.6.1/sd/chars/bangboo_all.json,ok
2.6.2,2026-03-10,sd,式舆防卫,bangboo,邦布,2.6.3,式舆防卫 2.6.3,2026-03-06,2026-03-20,excaliboo,Excaliboo,圣剑布,bangboo,A,2.2,32431,,,,,,,hf_bangboo,2.6.2/sd/chars/bangboo_all.json,https://huggingface.co/datasets/LvlUrArti/ShiyuDataProcessed/resolve/main/2.6.2/sd/chars/bangboo_all.json,ok
2.7.1,2026-03-31,sd,式舆防卫,bangboo,邦布,2.6.4,式舆防卫 2.6.4,2026-03-20,2026-04-03,excaliboo,Excaliboo,圣剑布,bangboo,A,2.32,31404,,,,,,,hf_bangboo,2.7.1/sd/chars/bangboo_all.json,https://huggingface.co/datasets/LvlUrArti/ShiyuDataProcessed/resolve/main/2.7.1/sd/chars/bangboo_all.json,ok
2.7.2,2026-04-21,sd,式舆防卫,bangboo,邦布,2.7.2,式舆防卫 2.7.2,2026-04-17,2026-05-01,excaliboo,Excaliboo,圣剑布,bangboo,A,2.25,30681,,,,,,,hf_bangboo,2.7.2/sd/chars/bangboo_all.json,https://huggingface.co/datasets/LvlUrArti/ShiyuDataProcessed/resolve/main/2.7.2/sd/chars/bangboo_all.json,ok
2.8.1,2026-05-11,sd,式舆防卫,bangboo,邦布,2.7.3,式舆防卫 2.7.3,2026-05-01,2026-05-15,excaliboo,Excaliboo,圣剑布,bangboo,A,1.39,30535,,,,,,,hf_bangboo,2.8.1/sd/chars/bangboo_all.json,https://huggingface.co/datasets/LvlUrArti/ShiyuDataProcessed/resolve/main/2.8.1/sd/chars/bangboo_all.json,ok
2.8.2,2026-06-02,sd,式舆防卫,bangboo,邦布,2.8.2,式舆防卫 2.8.2,2026-05-29,2026-06-12,excaliboo,Excaliboo,圣剑布,bangboo,A,2.46,30456,,,,,,,hf_bangboo,2.8.2/sd/chars/bangboo_all.json,https://huggingface.co/datasets/LvlUrArti/ShiyuDataProcessed/resolve/main/2.8.2/sd/chars/bangboo_all.json,ok
3.0.1,2026-06-21,sd,式舆防卫,bangboo,邦布,2.8.3,式舆防卫 2.8.3,2026-06-12,2026-06-26,excaliboo,Excaliboo,圣剑布,bangboo,A,2.7,31203,,,,,,,hf_bangboo,3.0.1/sd/chars/bangboo_all.json,https://huggingface.co/datasets/LvlUrArti/ShiyuDataProcessed/resolve/main/3.0.1/sd/chars/bangboo_all.json,ok
2.6.1,2026-02-17,sd,式舆防卫,bangboo,邦布,2.6.1,式舆防卫 2.6.1,2026-02-06,2026-02-20,exploreboo,Exploreboo,寻宝布,bangboo,A,0.05,0,,,,,,,hf_bangboo,2.6.1/sd/chars/bangboo_all.json,https://huggingface.co/datasets/LvlUrArti/ShiyuDataProcessed/resolve/main/2.6.1/sd/chars/bangboo_all.json,ok
2.6.2,2026-03-10,sd,式舆防卫,bangboo,邦布,2.6.3,式舆防卫 2.6.3,2026-03-06,2026-03-20,exploreboo,Exploreboo,寻宝布,bangboo,A,0.06,0,,,,,,,hf_bangboo,2.6.2/sd/chars/bangboo_all.json,https://huggingface.co/datasets/LvlUrArti/ShiyuDataProcessed/resolve/main/2.6.2/sd/chars/bangboo_all.json,ok
2.7.1,2026-03-31,sd,式舆防卫,bangboo,邦布,2.6.4,式舆防卫 2.6.4,2026-03-20,2026-04-03,exploreboo,Exploreboo,寻宝布,bangboo,A,0.07,0,,,,,,,hf_bangboo,2.7.1/sd/chars/bangboo_all.json,https://huggingface.co/datasets/LvlUrArti/ShiyuDataProcessed/resolve/main/2.7.1/sd/chars/bangboo_all.json,ok
2.7.2,2026-04-21,sd,式舆防卫,bangboo,邦布,2.7.2,式舆防卫 2.7.2,2026-04-17,2026-05-01,exploreboo,Exploreboo,寻宝布,bangboo,A,0.11,0,,,,,,,hf_bangboo,2.7.2/sd/chars/bangboo_all.json,https://huggingface.co/datasets/LvlUrArti/ShiyuDataProcessed/resolve/main/2.7.2/sd/chars/bangboo_all.json,ok
2.8.1,2026-05-11,sd,式舆防卫,bangboo,邦布,2.7.3,式舆防卫 2.7.3,2026-05-01,2026-05-15,exploreboo,Exploreboo,寻宝布,bangboo,A,0.07,0,,,,,,,hf_bangboo,2.8.1/sd/chars/bangboo_all.json,https://huggingface.co/datasets/LvlUrArti/ShiyuDataProcessed/resolve/main/2.8.1/sd/chars/bangboo_all.json,ok
2.8.2,2026-06-02,sd,式舆防卫,bangboo,邦布,2.8.2,式舆防卫 2.8.2,2026-05-29,2026-06-12,exploreboo,Exploreboo,寻宝布,bangboo,A,0.07,0,,,,,,,hf_bangboo,2.8.2/sd/chars/bangboo_all.json,https://huggingface.co/datasets/LvlUrArti/ShiyuDataProcessed/resolve/main/2.8.2/sd/chars/bangboo_all.json,ok
3.0.1,2026-06-21,sd,式舆防卫,bangboo,邦布,2.8.3,式舆防卫 2.8.3,2026-06-12,2026-06-26,exploreboo,Exploreboo,寻宝布,bangboo,A,0.06,0,,,,,,,hf_bangboo,3.0.1/sd/chars/bangboo_all.json,https://huggingface.co/datasets/LvlUrArti/ShiyuDataProcessed/resolve/main/3.0.1/sd/chars/bangboo_all.json,ok
2.6.1,2026-02-17,sd,式舆防卫,bangboo,邦布,2.6.1,式舆防卫 2.6.1,2026-02-06,2026-02-20,knightboo,Knightboo,骑士布,bangboo,A,1.01,31904,,,,,,,hf_bangboo,2.6.1/sd/chars/bangboo_all.json,https://huggingface.co/datasets/LvlUrArti/ShiyuDataProcessed/resolve/main/2.6.1/sd/chars/bangboo_all.json,ok
2.6.2,2026-03-10,sd,式舆防卫,bangboo,邦布,2.6.3,式舆防卫 2.6.3,2026-03-06,2026-03-20,knightboo,Knightboo,骑士布,bangboo,A,0.9,29980,,,,,,,hf_bangboo,2.6.2/sd/chars/bangboo_all.json,https://huggingface.co/datasets/LvlUrArti/ShiyuDataProcessed/resolve/main/2.6.2/sd/chars/bangboo_all.json,ok
2.7.1,2026-03-31,sd,式舆防卫,bangboo,邦布,2.6.4,式舆防卫 2.6.4,2026-03-20,2026-04-03,knightboo,Knightboo,骑士布,bangboo,A,1.19,29786,,,,,,,hf_bangboo,2.7.1/sd/chars/bangboo_all.json,https://huggingface.co/datasets/LvlUrArti/ShiyuDataProcessed/resolve/main/2.7.1/sd/chars/bangboo_all.json,ok
2.7.2,2026-04-21,sd,式舆防卫,bangboo,邦布,2.7.2,式舆防卫 2.7.2,2026-04-17,2026-05-01,knightboo,Knightboo,骑士布,bangboo,A,1.34,29793,,,,,,,hf_bangboo,2.7.2/sd/chars/bangboo_all.json,https://huggingface.co/datasets/LvlUrArti/ShiyuDataProcessed/resolve/main/2.7.2/sd/chars/bangboo_all.json,ok
2.8.1,2026-05-11,sd,式舆防卫,bangboo,邦布,2.7.3,式舆防卫 2.7.3,2026-05-01,2026-05-15,knightboo,Knightboo,骑士布,bangboo,A,1.23,31507,,,,,,,hf_bangboo,2.8.1/sd/chars/bangboo_all.json,https://huggingface.co/datasets/LvlUrArti/ShiyuDataProcessed/resolve/main/2.8.1/sd/chars/bangboo_all.json,ok
2.8.2,2026-06-02,sd,式舆防卫,bangboo,邦布,2.8.2,式舆防卫 2.8.2,2026-05-29,2026-06-12,knightboo,Knightboo,骑士布,bangboo,A,1.73,29230,,,,,,,hf_bangboo,2.8.2/sd/chars/bangboo_all.json,https://huggingface.co/datasets/LvlUrArti/ShiyuDataProcessed/resolve/main/2.8.2/sd/chars/bangboo_all.json,ok
3.0.1,2026-06-21,sd,式舆防卫,bangboo,邦布,2.8.3,式舆防卫 2.8.3,2026-06-12,2026-06-26,knightboo,Knightboo,骑士布,bangboo,A,1.57,30541,,,,,,,hf_bangboo,3.0.1/sd/chars/bangboo_all.json,https://huggingface.co/datasets/LvlUrArti/ShiyuDataProcessed/resolve/main/3.0.1/sd/chars/bangboo_all.json,ok
2.6.1,2026-02-17,sd,式舆防卫,bangboo,邦布,2.6.1,式舆防卫 2.6.1,2026-02-06,2026-02-20,luckyboo,Luckyboo,招财布,bangboo,A,1.0,33055,,,,,,,hf_bangboo,2.6.1/sd/chars/bangboo_all.json,https://huggingface.co/datasets/LvlUrArti/ShiyuDataProcessed/resolve/main/2.6.1/sd/chars/bangboo_all.json,ok
2.6.2,2026-03-10,sd,式舆防卫,bangboo,邦布,2.6.3,式舆防卫 2.6.3,2026-03-06,2026-03-20,luckyboo,Luckyboo,招财布,bangboo,A,1.65,34006,,,,,,,hf_bangboo,2.6.2/sd/chars/bangboo_all.json,https://huggingface.co/datasets/LvlUrArti/ShiyuDataProcessed/resolve/main/2.6.2/sd/chars/bangboo_all.json,ok
2.7.1,2026-03-31,sd,式舆防卫,bangboo,邦布,2.6.4,式舆防卫 2.6.4,2026-03-20,2026-04-03,luckyboo,Luckyboo,招财布,bangboo,A,1.4,32869,,,,,,,hf_bangboo,2.7.1/sd/chars/bangboo_all.json,https://huggingface.co/datasets/LvlUrArti/ShiyuDataProcessed/resolve/main/2.7.1/sd/chars/bangboo_all.json,ok
2.7.2,2026-04-21,sd,式舆防卫,bangboo,邦布,2.7.2,式舆防卫 2.7.2,2026-04-17,2026-05-01,luckyboo,Luckyboo,招财布,bangboo,A,0.93,33706,,,,,,,hf_bangboo,2.7.2/sd/chars/bangboo_all.json,https://huggingface.co/datasets/LvlUrArti/ShiyuDataProcessed/resolve/main/2.7.2/sd/chars/bangboo_all.json,ok
2.8.1,2026-05-11,sd,式舆防卫,bangboo,邦布,2.7.3,式舆防卫 2.7.3,2026-05-01,2026-05-15,luckyboo,Luckyboo,招财布,bangboo,A,0.93,33561,,,,,,,hf_bangboo,2.8.1/sd/chars/bangboo_all.json,https://huggingface.co/datasets/LvlUrArti/ShiyuDataProcessed/resolve/main/2.8.1/sd/chars/bangboo_all.json,ok
2.8.2,2026-06-02,sd,式舆防卫,bangboo,邦布,2.8.2,式舆防卫 2.8.2,2026-05-29,2026-06-12,luckyboo,Luckyboo,招财布,bangboo,A,1.4,30301,,,,,,,hf_bangboo,2.8.2/sd/chars/bangboo_all.json,https://huggingface.co/datasets/LvlUrArti/ShiyuDataProcessed/resolve/main/2.8.2/sd/chars/bangboo_all.json,ok
3.0.1,2026-06-21,sd,式舆防卫,bangboo,邦布,2.8.3,式舆防卫 2.8.3,2026-06-12,2026-06-26,luckyboo,Luckyboo,招财布,bangboo,A,1.13,31075,,,,,,,hf_bangboo,3.0.1/sd/chars/bangboo_all.json,https://huggingface.co/datasets/LvlUrArti/ShiyuDataProcessed/resolve/main/3.0.1/sd/chars/bangboo_all.json,ok
2.6.1,2026-02-17,sd,式舆防卫,bangboo,邦布,2.6.1,式舆防卫 2.6.1,2026-02-06,2026-02-20,magnetiboo,Magnetiboo,磁力布,bangboo,A,0.1,0,,,,,,,hf_bangboo,2.6.1/sd/chars/bangboo_all.json,https://huggingface.co/datasets/LvlUrArti/ShiyuDataProcessed/resolve/main/2.6.1/sd/chars/bangboo_all.json,ok
2.6.2,2026-03-10,sd,式舆防卫,bangboo,邦布,2.6.3,式舆防卫 2.6.3,2026-03-06,2026-03-20,magnetiboo,Magnetiboo,磁力布,bangboo,A,0.15,29545,,,,,,,hf_bangboo,2.6.2/sd/chars/bangboo_all.json,https://huggingface.co/datasets/LvlUrArti/ShiyuDataProcessed/resolve/main/2.6.2/sd/chars/bangboo_all.json,ok
2.7.1,2026-03-31,sd,式舆防卫,bangboo,邦布,2.6.4,式舆防卫 2.6.4,2026-03-20,2026-04-03,magnetiboo,Magnetiboo,磁力布,bangboo,A,0.16,28607,,,,,,,hf_bangboo,2.7.1/sd/chars/bangboo_all.json,https://huggingface.co/datasets/LvlUrArti/ShiyuDataProcessed/resolve/main/2.7.1/sd/chars/bangboo_all.json,ok
2.7.2,2026-04-21,sd,式舆防卫,bangboo,邦布,2.7.2,式舆防卫 2.7.2,2026-04-17,2026-05-01,magnetiboo,Magnetiboo,磁力布,bangboo,A,0.22,29087,,,,,,,hf_bangboo,2.7.2/sd/chars/bangboo_all.json,https://huggingface.co/datasets/LvlUrArti/ShiyuDataProcessed/resolve/main/2.7.2/sd/chars/bangboo_all.json,ok
2.8.1,2026-05-11,sd,式舆防卫,bangboo,邦布,2.7.3,式舆防卫 2.7.3,2026-05-01,2026-05-15,magnetiboo,Magnetiboo,磁力布,bangboo,A,0.18,33615,,,,,,,hf_bangboo,2.8.1/sd/chars/bangboo_all.json,https://huggingface.co/datasets/LvlUrArti/ShiyuDataProcessed/resolve/main/2.8.1/sd/chars/bangboo_all.json,ok
2.8.2,2026-06-02,sd,式舆防卫,bangboo,邦布,2.8.2,式舆防卫 2.8.2,2026-05-29,2026-06-12,magnetiboo,Magnetiboo,磁力布,bangboo,A,0.18,27636,,,,,,,hf_bangboo,2.8.2/sd/chars/bangboo_all.json,https://huggingface.co/datasets/LvlUrArti/ShiyuDataProcessed/resolve/main/2.8.2/sd/chars/bangboo_all.json,ok
3.0.1,2026-06-21,sd,式舆防卫,bangboo,邦布,2.8.3,式舆防卫 2.8.3,2026-06-12,2026-06-26,magnetiboo,Magnetiboo,磁力布,bangboo,A,0.2,30588,,,,,,,hf_bangboo,3.0.1/sd/chars/bangboo_all.json,https://huggingface.co/datasets/LvlUrArti/ShiyuDataProcessed/resolve/main/3.0.1/sd/chars/bangboo_all.json,ok
2.6.1,2026-02-17,sd,式舆防卫,bangboo,邦布,2.6.1,式舆防卫 2.6.1,2026-02-06,2026-02-20,mercury,Mercury,「墨丘利」,bangboo,S,24.06,34919,,,,,,,hf_bangboo,2.6.1/sd/chars/bangboo_all.json,https://huggingface.co/datasets/LvlUrArti/ShiyuDataProcessed/resolve/main/2.6.1/sd/chars/bangboo_all.json,ok
2.6.2,2026-03-10,sd,式舆防卫,bangboo,邦布,2.6.3,式舆防卫 2.6.3,2026-03-06,2026-03-20,mercury,Mercury,「墨丘利」,bangboo,S,19.87,31177,,,,,,,hf_bangboo,2.6.2/sd/chars/bangboo_all.json,https://huggingface.co/datasets/LvlUrArti/ShiyuDataProcessed/resolve/main/2.6.2/sd/chars/bangboo_all.json,ok
2.7.1,2026-03-31,sd,式舆防卫,bangboo,邦布,2.6.4,式舆防卫 2.6.4,2026-03-20,2026-04-03,mercury,Mercury,「墨丘利」,bangboo,S,3.48,28333,,,,,,,hf_bangboo,2.7.1/sd/chars/bangboo_all.json,https://huggingface.co/datasets/LvlUrArti/ShiyuDataProcessed/resolve/main/2.7.1/sd/chars/bangboo_all.json,ok
2.7.2,2026-04-21,sd,式舆防卫,bangboo,邦布,2.7.2,式舆防卫 2.7.2,2026-04-17,2026-05-01,mercury,Mercury,「墨丘利」,bangboo,S,14.09,32427,,,,,,,hf_bangboo,2.7.2/sd/chars/bangboo_all.json,https://huggingface.co/datasets/LvlUrArti/ShiyuDataProcessed/resolve/main/2.7.2/sd/chars/bangboo_all.json,ok
2.8.1,2026-05-11,sd,式舆防卫,bangboo,邦布,2.7.3,式舆防卫 2.7.3,2026-05-01,2026-05-15,mercury,Mercury,「墨丘利」,bangboo,S,20.68,30271,,,,,,,hf_bangboo,2.8.1/sd/chars/bangboo_all.json,https://huggingface.co/datasets/LvlUrArti/ShiyuDataProcessed/resolve/main/2.8.1/sd/chars/bangboo_all.json,ok
2.8.2,2026-06-02,sd,式舆防卫,bangboo,邦布,2.8.2,式舆防卫 2.8.2,2026-05-29,2026-06-12,mercury,Mercury,「墨丘利」,bangboo,S,19.01,27263,,,,,,,hf_bangboo,2.8.2/sd/chars/bangboo_all.json,https://huggingface.co/datasets/LvlUrArti/ShiyuDataProcessed/resolve/main/2.8.2/sd/chars/bangboo_all.json,ok
3.0.1,2026-06-21,sd,式舆防卫,bangboo,邦布,2.8.3,式舆防卫 2.8.3,2026-06-12,2026-06-26,mercury,Mercury,「墨丘利」,bangboo,S,7.92,29651,,,,,,,hf_bangboo,3.0.1/sd/chars/bangboo_all.json,https://huggingface.co/datasets/LvlUrArti/ShiyuDataProcessed/resolve/main/3.0.1/sd/chars/bangboo_all.json,ok
2.6.1,2026-02-17,sd,式舆防卫,bangboo,邦布,2.6.1,式舆防卫 2.6.1,2026-02-06,2026-02-20,miss-esme,Miss Esme,艾丝弥小姐,bangboo,S,13.04,31098,,,,,,,hf_bangboo,2.6.1/sd/chars/bangboo_all.json,https://huggingface.co/datasets/LvlUrArti/ShiyuDataProcessed/resolve/main/2.6.1/sd/chars/bangboo_all.json,ok
2.6.2,2026-03-10,sd,式舆防卫,bangboo,邦布,2.6.3,式舆防卫 2.6.3,2026-03-06,2026-03-20,miss-esme,Miss Esme,艾丝弥小姐,bangboo,S,16.15,29938,,,,,,,hf_bangboo,2.6.2/sd/chars/bangboo_all.json,https://huggingface.co/datasets/LvlUrArti/ShiyuDataProcessed/resolve/main/2.6.2/sd/chars/bangboo_all.json,ok
2.7.1,2026-03-31,sd,式舆防卫,bangboo,邦布,2.6.4,式舆防卫 2.6.4,2026-03-20,2026-04-03,miss-esme,Miss Esme,艾丝弥小姐,bangboo,S,19.77,29837,,,,,,,hf_bangboo,2.7.1/sd/chars/bangboo_all.json,https://huggingface.co/datasets/LvlUrArti/ShiyuDataProcessed/resolve/main/2.7.1/sd/chars/bangboo_all.json,ok
2.7.2,2026-04-21,sd,式舆防卫,bangboo,邦布,2.7.2,式舆防卫 2.7.2,2026-04-17,2026-05-01,miss-esme,Miss Esme,艾丝弥小姐,bangboo,S,18.04,30464,,,,,,,hf_bangboo,2.7.2/sd/chars/bangboo_all.json,https://huggingface.co/datasets/LvlUrArti/ShiyuDataProcessed/resolve/main/2.7.2/sd/chars/bangboo_all.json,ok
2.8.1,2026-05-11,sd,式舆防卫,bangboo,邦布,2.7.3,式舆防卫 2.7.3,2026-05-01,2026-05-15,miss-esme,Miss Esme,艾丝弥小姐,bangboo,S,13.47,32209,,,,,,,hf_bangboo,2.8.1/sd/chars/bangboo_all.json,https://huggingface.co/datasets/LvlUrArti/ShiyuDataProcessed/resolve/main/2.8.1/sd/chars/bangboo_all.json,ok
2.8.2,2026-06-02,sd,式舆防卫,bangboo,邦布,2.8.2,式舆防卫 2.8.2,2026-05-29,2026-06-12,miss-esme,Miss Esme,艾丝弥小姐,bangboo,S,20.06,28573,,,,,,,hf_bangboo,2.8.2/sd/chars/bangboo_all.json,https://huggingface.co/datasets/LvlUrArti/ShiyuDataProcessed/resolve/main/2.8.2/sd/chars/bangboo_all.json,ok
3.0.1,2026-06-21,sd,式舆防卫,bangboo,邦布,2.8.3,式舆防卫 2.8.3,2026-06-12,2026-06-26,miss-esme,Miss Esme,艾丝弥小姐,bangboo,S,18.13,31103,,,,,,,hf_bangboo,3.0.1/sd/chars/bangboo_all.json,https://huggingface.co/datasets/LvlUrArti/ShiyuDataProcessed/resolve/main/3.0.1/sd/chars/bangboo_all.json,ok
2.6.1,2026-02-17,sd,式舆防卫,bangboo,邦布,2.6.1,式舆防卫 2.6.1,2026-02-06,2026-02-20,officer-cui,Officer Cui,阿崔巡查,bangboo,S,0.27,28719,,,,,,,hf_bangboo,2.6.1/sd/chars/bangboo_all.json,https://huggingface.co/datasets/LvlUrArti/ShiyuDataProcessed/resolve/main/2.6.1/sd/chars/bangboo_all.json,ok
2.6.2,2026-03-10,sd,式舆防卫,bangboo,邦布,2.6.3,式舆防卫 2.6.3,2026-03-06,2026-03-20,officer-cui,Officer Cui,阿崔巡查,bangboo,S,0.24,31175,,,,,,,hf_bangboo,2.6.2/sd/chars/bangboo_all.json,https://huggingface.co/datasets/LvlUrArti/ShiyuDataProcessed/resolve/main/2.6.2/sd/chars/bangboo_all.json,ok
2.7.1,2026-03-31,sd,式舆防卫,bangboo,邦布,2.6.4,式舆防卫 2.6.4,2026-03-20,2026-04-03,officer-cui,Officer Cui,阿崔巡查,bangboo,S,0.25,27110,,,,,,,hf_bangboo,2.7.1/sd/chars/bangboo_all.json,https://huggingface.co/datasets/LvlUrArti/ShiyuDataProcessed/resolve/main/2.7.1/sd/chars/bangboo_all.json,ok
2.7.2,2026-04-21,sd,式舆防卫,bangboo,邦布,2.7.2,式舆防卫 2.7.2,2026-04-17,2026-05-01,officer-cui,Officer Cui,阿崔巡查,bangboo,S,0.27,28378,,,,,,,hf_bangboo,2.7.2/sd/chars/bangboo_all.json,https://huggingface.co/datasets/LvlUrArti/ShiyuDataProcessed/resolve/main/2.7.2/sd/chars/bangboo_all.json,ok
2.8.1,2026-05-11,sd,式舆防卫,bangboo,邦布,2.7.3,式舆防卫 2.7.3,2026-05-01,2026-05-15,officer-cui,Officer Cui,阿崔巡查,bangboo,S,0.3,27326,,,,,,,hf_bangboo,2.8.1/sd/chars/bangboo_all.json,https://huggingface.co/datasets/LvlUrArti/ShiyuDataProcessed/resolve/main/2.8.1/sd/chars/bangboo_all.json,ok
2.8.2,2026-06-02,sd,式舆防卫,bangboo,邦布,2.8.2,式舆防卫 2.8.2,2026-05-29,2026-06-12,officer-cui,Officer Cui,阿崔巡查,bangboo,S,0.4,24708,,,,,,,hf_bangboo,2.8.2/sd/chars/bangboo_all.json,https://huggingface.co/datasets/LvlUrArti/ShiyuDataProcessed/resolve/main/2.8.2/sd/chars/bangboo_all.json,ok
3.0.1,2026-06-21,sd,式舆防卫,bangboo,邦布,2.8.3,式舆防卫 2.8.3,2026-06-12,2026-06-26,officer-cui,Officer Cui,阿崔巡查,bangboo,S,0.26,28838,,,,,,,hf_bangboo,3.0.1/sd/chars/bangboo_all.json,https://huggingface.co/datasets/LvlUrArti/ShiyuDataProcessed/resolve/main/3.0.1/sd/chars/bangboo_all.json,ok
2.6.1,2026-02-17,sd,式舆防卫,bangboo,邦布,2.6.1,式舆防卫 2.6.1,2026-02-06,2026-02-20,overtimeboo,Overtimeboo,加班布,bangboo,A,0.68,32033,,,,,,,hf_bangboo,2.6.1/sd/chars/bangboo_all.json,https://huggingface.co/datasets/LvlUrArti/ShiyuDataProcessed/resolve/main/2.6.1/sd/chars/bangboo_all.json,ok
2.6.2,2026-03-10,sd,式舆防卫,bangboo,邦布,2.6.3,式舆防卫 2.6.3,2026-03-06,2026-03-20,overtimeboo,Overtimeboo,加班布,bangboo,A,0.59,29456,,,,,,,hf_bangboo,2.6.2/sd/chars/bangboo_all.json,https://huggingface.co/datasets/LvlUrArti/ShiyuDataProcessed/resolve/main/2.6.2/sd/chars/bangboo_all.json,ok
2.7.1,2026-03-31,sd,式舆防卫,bangboo,邦布,2.6.4,式舆防卫 2.6.4,2026-03-20,2026-04-03,overtimeboo,Overtimeboo,加班布,bangboo,A,0.68,30032,,,,,,,hf_bangboo,2.7.1/sd/chars/bangboo_all.json,https://huggingface.co/datasets/LvlUrArti/ShiyuDataProcessed/resolve/main/2.7.1/sd/chars/bangboo_all.json,ok
2.7.2,2026-04-21,sd,式舆防卫,bangboo,邦布,2.7.2,式舆防卫 2.7.2,2026-04-17,2026-05-01,overtimeboo,Overtimeboo,加班布,bangboo,A,0.73,29356,,,,,,,hf_bangboo,2.7.2/sd/chars/bangboo_all.json,https://huggingface.co/datasets/LvlUrArti/ShiyuDataProcessed/resolve/main/2.7.2/sd/chars/bangboo_all.json,ok
2.8.1,2026-05-11,sd,式舆防卫,bangboo,邦布,2.7.3,式舆防卫 2.7.3,2026-05-01,2026-05-15,overtimeboo,Overtimeboo,加班布,bangboo,A,0.75,32350,,,,,,,hf_bangboo,2.8.1/sd/chars/bangboo_all.json,https://huggingface.co/datasets/LvlUrArti/ShiyuDataProcessed/resolve/main/2.8.1/sd/chars/bangboo_all.json,ok
2.8.2,2026-06-02,sd,式舆防卫,bangboo,邦布,2.8.2,式舆防卫 2.8.2,2026-05-29,2026-06-12,overtimeboo,Overtimeboo,加班布,bangboo,A,0.81,28142,,,,,,,hf_bangboo,2.8.2/sd/chars/bangboo_all.json,https://huggingface.co/datasets/LvlUrArti/ShiyuDataProcessed/resolve/main/2.8.2/sd/chars/bangboo_all.json,ok
3.0.1,2026-06-21,sd,式舆防卫,bangboo,邦布,2.8.3,式舆防卫 2.8.3,2026-06-12,2026-06-26,overtimeboo,Overtimeboo,加班布,bangboo,A,0.65,31642,,,,,,,hf_bangboo,3.0.1/sd/chars/bangboo_all.json,https://huggingface.co/datasets/LvlUrArti/ShiyuDataProcessed/resolve/main/3.0.1/sd/chars/bangboo_all.json,ok
2.6.1,2026-02-17,sd,式舆防卫,bangboo,邦布,2.6.1,式舆防卫 2.6.1,2026-02-06,2026-02-20,paperboo,Paperboo,纸壳布,bangboo,A,0.01,0,,,,,,,hf_bangboo,2.6.1/sd/chars/bangboo_all.json,https://huggingface.co/datasets/LvlUrArti/ShiyuDataProcessed/resolve/main/2.6.1/sd/chars/bangboo_all.json,ok
2.6.2,2026-03-10,sd,式舆防卫,bangboo,邦布,2.6.3,式舆防卫 2.6.3,2026-03-06,2026-03-20,paperboo,Paperboo,纸壳布,bangboo,A,0.01,0,,,,,,,hf_bangboo,2.6.2/sd/chars/bangboo_all.json,https://huggingface.co/datasets/LvlUrArti/ShiyuDataProcessed/resolve/main/2.6.2/sd/chars/bangboo_all.json,ok
2.7.1,2026-03-31,sd,式舆防卫,bangboo,邦布,2.6.4,式舆防卫 2.6.4,2026-03-20,2026-04-03,paperboo,Paperboo,纸壳布,bangboo,A,0.01,0,,,,,,,hf_bangboo,2.7.1/sd/chars/bangboo_all.json,https://huggingface.co/datasets/LvlUrArti/ShiyuDataProcessed/resolve/main/2.7.1/sd/chars/bangboo_all.json,ok
2.7.2,2026-04-21,sd,式舆防卫,bangboo,邦布,2.7.2,式舆防卫 2.7.2,2026-04-17,2026-05-01,paperboo,Paperboo,纸壳布,bangboo,A,0.0,0,,,,,,,hf_bangboo,2.7.2/sd/chars/bangboo_all.json,https://huggingface.co/datasets/LvlUrArti/ShiyuDataProcessed/resolve/main/2.7.2/sd/chars/bangboo_all.json,ok
2.8.1,2026-05-11,sd,式舆防卫,bangboo,邦布,2.7.3,式舆防卫 2.7.3,2026-05-01,2026-05-15,paperboo,Paperboo,纸壳布,bangboo,A,0.0,0,,,,,,,hf_bangboo,2.8.1/sd/chars/bangboo_all.json,https://huggingface.co/datasets/LvlUrArti/ShiyuDataProcessed/resolve/main/2.8.1/sd/chars/bangboo_all.json,ok
2.8.2,2026-06-02,sd,式舆防卫,bangboo,邦布,2.8.2,式舆防卫 2.8.2,2026-05-29,2026-06-12,paperboo,Paperboo,纸壳布,bangboo,A,0.02,0,,,,,,,hf_bangboo,2.8.2/sd/chars/bangboo_all.json,https://huggingface.co/datasets/LvlUrArti/ShiyuDataProcessed/resolve/main/2.8.2/sd/chars/bangboo_all.json,ok
3.0.1,2026-06-21,sd,式舆防卫,bangboo,邦布,2.8.3,式舆防卫 2.8.3,2026-06-12,2026-06-26,paperboo,Paperboo,纸壳布,bangboo,A,0.0,0,,,,,,,hf_bangboo,3.0.1/sd/chars/bangboo_all.json,https://huggingface.co/datasets/LvlUrArti/ShiyuDataProcessed/resolve/main/3.0.1/sd/chars/bangboo_all.json,ok
2.6.1,2026-02-17,sd,式舆防卫,bangboo,邦布,2.6.1,式舆防卫 2.6.1,2026-02-06,2026-02-20,penguinboo,Penguinboo,企鹅布,bangboo,A,1.81,34602,,,,,,,hf_bangboo,2.6.1/sd/chars/bangboo_all.json,https://huggingface.co/datasets/LvlUrArti/ShiyuDataProcessed/resolve/main/2.6.1/sd/chars/bangboo_all.json,ok
2.6.2,2026-03-10,sd,式舆防卫,bangboo,邦布,2.6.3,式舆防卫 2.6.3,2026-03-06,2026-03-20,penguinboo,Penguinboo,企鹅布,bangboo,A,1.27,28722,,,,,,,hf_bangboo,2.6.2/sd/chars/bangboo_all.json,https://huggingface.co/datasets/LvlUrArti/ShiyuDataProcessed/resolve/main/2.6.2/sd/chars/bangboo_all.json,ok
2.7.1,2026-03-31,sd,式舆防卫,bangboo,邦布,2.6.4,式舆防卫 2.6.4,2026-03-20,2026-04-03,penguinboo,Penguinboo,企鹅布,bangboo,A,2.87,29740,,,,,,,hf_bangboo,2.7.1/sd/chars/bangboo_all.json,https://huggingface.co/datasets/LvlUrArti/ShiyuDataProcessed/resolve/main/2.7.1/sd/chars/bangboo_all.json,ok
2.7.2,2026-04-21,sd,式舆防卫,bangboo,邦布,2.7.2,式舆防卫 2.7.2,2026-04-17,2026-05-01,penguinboo,Penguinboo,企鹅布,bangboo,A,2.69,30512,,,,,,,hf_bangboo,2.7.2/sd/chars/bangboo_all.json,https://huggingface.co/datasets/LvlUrArti/ShiyuDataProcessed/resolve/main/2.7.2/sd/chars/bangboo_all.json,ok
2.8.1,2026-05-11,sd,式舆防卫,bangboo,邦布,2.7.3,式舆防卫 2.7.3,2026-05-01,2026-05-15,penguinboo,Penguinboo,企鹅布,bangboo,A,2.2,34220,,,,,,,hf_bangboo,2.8.1/sd/chars/bangboo_all.json,https://huggingface.co/datasets/LvlUrArti/ShiyuDataProcessed/resolve/main/2.8.1/sd/chars/bangboo_all.json,ok
2.8.2,2026-06-02,sd,式舆防卫,bangboo,邦布,2.8.2,式舆防卫 2.8.2,2026-05-29,2026-06-12,penguinboo,Penguinboo,企鹅布,bangboo,A,3.47,30969,,,,,,,hf_bangboo,2.8.2/sd/chars/bangboo_all.json,https://huggingface.co/datasets/LvlUrArti/ShiyuDataProcessed/resolve/main/2.8.2/sd/chars/bangboo_all.json,ok
3.0.1,2026-06-21,sd,式舆防卫,bangboo,邦布,2.8.3,式舆防卫 2.8.3,2026-06-12,2026-06-26,penguinboo,Penguinboo,企鹅布,bangboo,A,3.13,33324,,,,,,,hf_bangboo,3.0.1/sd/chars/bangboo_all.json,https://huggingface.co/datasets/LvlUrArti/ShiyuDataProcessed/resolve/main/3.0.1/sd/chars/bangboo_all.json,ok
2.6.1,2026-02-17,sd,式舆防卫,bangboo,邦布,2.6.1,式舆防卫 2.6.1,2026-02-06,2026-02-20,plugboo,Plugboo,插头布,bangboo,S,15.94,32651,,,,,,,hf_bangboo,2.6.1/sd/chars/bangboo_all.json,https://huggingface.co/datasets/LvlUrArti/ShiyuDataProcessed/resolve/main/2.6.1/sd/chars/bangboo_all.json,ok
2.6.2,2026-03-10,sd,式舆防卫,bangboo,邦布,2.6.3,式舆防卫 2.6.3,2026-03-06,2026-03-20,plugboo,Plugboo,插头布,bangboo,S,9.66,28727,,,,,,,hf_bangboo,2.6.2/sd/chars/bangboo_all.json,https://huggingface.co/datasets/LvlUrArti/ShiyuDataProcessed/resolve/main/2.6.2/sd/chars/bangboo_all.json,ok
2.7.1,2026-03-31,sd,式舆防卫,bangboo,邦布,2.6.4,式舆防卫 2.6.4,2026-03-20,2026-04-03,plugboo,Plugboo,插头布,bangboo,S,0.94,27476,,,,,,,hf_bangboo,2.7.1/sd/chars/bangboo_all.json,https://huggingface.co/datasets/LvlUrArti/ShiyuDataProcessed/resolve/main/2.7.1/sd/chars/bangboo_all.json,ok
2.7.2,2026-04-21,sd,式舆防卫,bangboo,邦布,2.7.2,式舆防卫 2.7.2,2026-04-17,2026-05-01,plugboo,Plugboo,插头布,bangboo,S,11.61,32470,,,,,,,hf_bangboo,2.7.2/sd/chars/bangboo_all.json,https://huggingface.co/datasets/LvlUrArti/ShiyuDataProcessed/resolve/main/2.7.2/sd/chars/bangboo_all.json,ok
2.8.1,2026-05-11,sd,式舆防卫,bangboo,邦布,2.7.3,式舆防卫 2.7.3,2026-05-01,2026-05-15,plugboo,Plugboo,插头布,bangboo,S,15.02,29334,,,,,,,hf_bangboo,2.8.1/sd/chars/bangboo_all.json,https://huggingface.co/datasets/LvlUrArti/ShiyuDataProcessed/resolve/main/2.8.1/sd/chars/bangboo_all.json,ok
2.8.2,2026-06-02,sd,式舆防卫,bangboo,邦布,2.8.2,式舆防卫 2.8.2,2026-05-29,2026-06-12,plugboo,Plugboo,插头布,bangboo,S,16.36,27071,,,,,,,hf_bangboo,2.8.2/sd/chars/bangboo_all.json,https://huggingface.co/datasets/LvlUrArti/ShiyuDataProcessed/resolve/main/2.8.2/sd/chars/bangboo_all.json,ok
3.0.1,2026-06-21,sd,式舆防卫,bangboo,邦布,2.8.3,式舆防卫 2.8.3,2026-06-12,2026-06-26,plugboo,Plugboo,插头布,bangboo,S,3.2,29768,,,,,,,hf_bangboo,3.0.1/sd/chars/bangboo_all.json,https://huggingface.co/datasets/LvlUrArti/ShiyuDataProcessed/resolve/main/3.0.1/sd/chars/bangboo_all.json,ok
2.6.1,2026-02-17,sd,式舆防卫,bangboo,邦布,2.6.1,式舆防卫 2.6.1,2026-02-06,2026-02-20,red-moccus,Red Moccus,赤红莫库斯,bangboo,S,1.34,28696,,,,,,,hf_bangboo,2.6.1/sd/chars/bangboo_all.json,https://huggingface.co/datasets/LvlUrArti/ShiyuDataProcessed/resolve/main/2.6.1/sd/chars/bangboo_all.json,ok
2.6.2,2026-03-10,sd,式舆防卫,bangboo,邦布,2.6.3,式舆防卫 2.6.3,2026-03-06,2026-03-20,red-moccus,Red Moccus,赤红莫库斯,bangboo,S,0.98,28254,,,,,,,hf_bangboo,2.6.2/sd/chars/bangboo_all.json,https://huggingface.co/datasets/LvlUrArti/ShiyuDataProcessed/resolve/main/2.6.2/sd/chars/bangboo_all.json,ok
2.7.1,2026-03-31,sd,式舆防卫,bangboo,邦布,2.6.4,式舆防卫 2.6.4,2026-03-20,2026-04-03,red-moccus,Red Moccus,赤红莫库斯,bangboo,S,1.11,28194,,,,,,,hf_bangboo,2.7.1/sd/chars/bangboo_all.json,https://huggingface.co/datasets/LvlUrArti/ShiyuDataProcessed/resolve/main/2.7.1/sd/chars/bangboo_all.json,ok
2.7.2,2026-04-21,sd,式舆防卫,bangboo,邦布,2.7.2,式舆防卫 2.7.2,2026-04-17,2026-05-01,red-moccus,Red Moccus,赤红莫库斯,bangboo,S,0.62,28747,,,,,,,hf_bangboo,2.7.2/sd/chars/bangboo_all.json,https://huggingface.co/datasets/LvlUrArti/ShiyuDataProcessed/resolve/main/2.7.2/sd/chars/bangboo_all.json,ok
2.8.1,2026-05-11,sd,式舆防卫,bangboo,邦布,2.7.3,式舆防卫 2.7.3,2026-05-01,2026-05-15,red-moccus,Red Moccus,赤红莫库斯,bangboo,S,0.45,30636,,,,,,,hf_bangboo,2.8.1/sd/chars/bangboo_all.json,https://huggingface.co/datasets/LvlUrArti/ShiyuDataProcessed/resolve/main/2.8.1/sd/chars/bangboo_all.json,ok
2.8.2,2026-06-02,sd,式舆防卫,bangboo,邦布,2.8.2,式舆防卫 2.8.2,2026-05-29,2026-06-12,red-moccus,Red Moccus,赤红莫库斯,bangboo,S,1.25,24955,,,,,,,hf_bangboo,2.8.2/sd/chars/bangboo_all.json,https://huggingface.co/datasets/LvlUrArti/ShiyuDataProcessed/resolve/main/2.8.2/sd/chars/bangboo_all.json,ok
3.0.1,2026-06-21,sd,式舆防卫,bangboo,邦布,2.8.3,式舆防卫 2.8.3,2026-06-12,2026-06-26,red-moccus,Red Moccus,赤红莫库斯,bangboo,S,1.04,29911,,,,,,,hf_bangboo,3.0.1/sd/chars/bangboo_all.json,https://huggingface.co/datasets/LvlUrArti/ShiyuDataProcessed/resolve/main/3.0.1/sd/chars/bangboo_all.json,ok
2.6.1,2026-02-17,sd,式舆防卫,bangboo,邦布,2.6.1,式舆防卫 2.6.1,2026-02-06,2026-02-20,resonaboo,Resonaboo,共鸣布,bangboo,S,5.63,31342,,,,,,,hf_bangboo,2.6.1/sd/chars/bangboo_all.json,https://huggingface.co/datasets/LvlUrArti/ShiyuDataProcessed/resolve/main/2.6.1/sd/chars/bangboo_all.json,ok
2.6.2,2026-03-10,sd,式舆防卫,bangboo,邦布,2.6.3,式舆防卫 2.6.3,2026-03-06,2026-03-20,resonaboo,Resonaboo,共鸣布,bangboo,S,7.78,31556,,,,,,,hf_bangboo,2.6.2/sd/chars/bangboo_all.json,https://huggingface.co/datasets/LvlUrArti/ShiyuDataProcessed/resolve/main/2.6.2/sd/chars/bangboo_all.json,ok
2.7.1,2026-03-31,sd,式舆防卫,bangboo,邦布,2.6.4,式舆防卫 2.6.4,2026-03-20,2026-04-03,resonaboo,Resonaboo,共鸣布,bangboo,S,8.79,30553,,,,,,,hf_bangboo,2.7.1/sd/chars/bangboo_all.json,https://huggingface.co/datasets/LvlUrArti/ShiyuDataProcessed/resolve/main/2.7.1/sd/chars/bangboo_all.json,ok
2.7.2,2026-04-21,sd,式舆防卫,bangboo,邦布,2.7.2,式舆防卫 2.7.2,2026-04-17,2026-05-01,resonaboo,Resonaboo,共鸣布,bangboo,S,9.68,30661,,,,,,,hf_bangboo,2.7.2/sd/chars/bangboo_all.json,https://huggingface.co/datasets/LvlUrArti/ShiyuDataProcessed/resolve/main/2.7.2/sd/chars/bangboo_all.json,ok
2.8.1,2026-05-11,sd,式舆防卫,bangboo,邦布,2.7.3,式舆防卫 2.7.3,2026-05-01,2026-05-15,resonaboo,Resonaboo,共鸣布,bangboo,S,8.68,33343,,,,,,,hf_bangboo,2.8.1/sd/chars/bangboo_all.json,https://huggingface.co/datasets/LvlUrArti/ShiyuDataProcessed/resolve/main/2.8.1/sd/chars/bangboo_all.json,ok
2.8.2,2026-06-02,sd,式舆防卫,bangboo,邦布,2.8.2,式舆防卫 2.8.2,2026-05-29,2026-06-12,resonaboo,Resonaboo,共鸣布,bangboo,S,6.05,30115,,,,,,,hf_bangboo,2.8.2/sd/chars/bangboo_all.json,https://huggingface.co/datasets/LvlUrArti/ShiyuDataProcessed/resolve/main/2.8.2/sd/chars/bangboo_all.json,ok
3.0.1,2026-06-21,sd,式舆防卫,bangboo,邦布,2.8.3,式舆防卫 2.8.3,2026-06-12,2026-06-26,resonaboo,Resonaboo,共鸣布,bangboo,S,6.28,32096,,,,,,,hf_bangboo,3.0.1/sd/chars/bangboo_all.json,https://huggingface.co/datasets/LvlUrArti/ShiyuDataProcessed/resolve/main/3.0.1/sd/chars/bangboo_all.json,ok
2.6.1,2026-02-17,sd,式舆防卫,bangboo,邦布,2.6.1,式舆防卫 2.6.1,2026-02-06,2026-02-20,robin,Robin,罗宾,bangboo,S,16.74,32476,,,,,,,hf_bangboo,2.6.1/sd/chars/bangboo_all.json,https://huggingface.co/datasets/LvlUrArti/ShiyuDataProcessed/resolve/main/2.6.1/sd/chars/bangboo_all.json,ok
2.6.2,2026-03-10,sd,式舆防卫,bangboo,邦布,2.6.3,式舆防卫 2.6.3,2026-03-06,2026-03-20,robin,Robin,罗宾,bangboo,S,19.56,30970,,,,,,,hf_bangboo,2.6.2/sd/chars/bangboo_all.json,https://huggingface.co/datasets/LvlUrArti/ShiyuDataProcessed/resolve/main/2.6.2/sd/chars/bangboo_all.json,ok
2.7.1,2026-03-31,sd,式舆防卫,bangboo,邦布,2.6.4,式舆防卫 2.6.4,2026-03-20,2026-04-03,robin,Robin,罗宾,bangboo,S,24.54,29121,,,,,,,hf_bangboo,2.7.1/sd/chars/bangboo_all.json,https://huggingface.co/datasets/LvlUrArti/ShiyuDataProcessed/resolve/main/2.7.1/sd/chars/bangboo_all.json,ok
2.7.2,2026-04-21,sd,式舆防卫,bangboo,邦布,2.7.2,式舆防卫 2.7.2,2026-04-17,2026-05-01,robin,Robin,罗宾,bangboo,S,13.9,27945,,,,,,,hf_bangboo,2.7.2/sd/chars/bangboo_all.json,https://huggingface.co/datasets/LvlUrArti/ShiyuDataProcessed/resolve/main/2.7.2/sd/chars/bangboo_all.json,ok
2.8.1,2026-05-11,sd,式舆防卫,bangboo,邦布,2.7.3,式舆防卫 2.7.3,2026-05-01,2026-05-15,robin,Robin,罗宾,bangboo,S,18.24,33012,,,,,,,hf_bangboo,2.8.1/sd/chars/bangboo_all.json,https://huggingface.co/datasets/LvlUrArti/ShiyuDataProcessed/resolve/main/2.8.1/sd/chars/bangboo_all.json,ok
2.8.2,2026-06-02,sd,式舆防卫,bangboo,邦布,2.8.2,式舆防卫 2.8.2,2026-05-29,2026-06-12,robin,Robin,罗宾,bangboo,S,22.85,29139,,,,,,,hf_bangboo,2.8.2/sd/chars/bangboo_all.json,https://huggingface.co/datasets/LvlUrArti/ShiyuDataProcessed/resolve/main/2.8.2/sd/chars/bangboo_all.json,ok
3.0.1,2026-06-21,sd,式舆防卫,bangboo,邦布,2.8.3,式舆防卫 2.8.3,2026-06-12,2026-06-26,robin,Robin,罗宾,bangboo,S,19.77,30031,,,,,,,hf_bangboo,3.0.1/sd/chars/bangboo_all.json,https://huggingface.co/datasets/LvlUrArti/ShiyuDataProcessed/resolve/main/3.0.1/sd/chars/bangboo_all.json,ok
2.6.1,2026-02-17,sd,式舆防卫,bangboo,邦布,2.6.1,式舆防卫 2.6.1,2026-02-06,2026-02-20,rocketboo,Rocketboo,飚速布,bangboo,S,6.96,30672,,,,,,,hf_bangboo,2.6.1/sd/chars/bangboo_all.json,https://huggingface.co/datasets/LvlUrArti/ShiyuDataProcessed/resolve/main/2.6.1/sd/chars/bangboo_all.json,ok
2.6.2,2026-03-10,sd,式舆防卫,bangboo,邦布,2.6.3,式舆防卫 2.6.3,2026-03-06,2026-03-20,rocketboo,Rocketboo,飚速布,bangboo,S,3.93,29141,,,,,,,hf_bangboo,2.6.2/sd/chars/bangboo_all.json,https://huggingface.co/datasets/LvlUrArti/ShiyuDataProcessed/resolve/main/2.6.2/sd/chars/bangboo_all.json,ok
2.7.1,2026-03-31,sd,式舆防卫,bangboo,邦布,2.6.4,式舆防卫 2.6.4,2026-03-20,2026-04-03,rocketboo,Rocketboo,飚速布,bangboo,S,4.08,29024,,,,,,,hf_bangboo,2.7.1/sd/chars/bangboo_all.json,https://huggingface.co/datasets/LvlUrArti/ShiyuDataProcessed/resolve/main/2.7.1/sd/chars/bangboo_all.json,ok
2.7.2,2026-04-21,sd,式舆防卫,bangboo,邦布,2.7.2,式舆防卫 2.7.2,2026-04-17,2026-05-01,rocketboo,Rocketboo,飚速布,bangboo,S,2.64,29099,,,,,,,hf_bangboo,2.7.2/sd/chars/bangboo_all.json,https://huggingface.co/datasets/LvlUrArti/ShiyuDataProcessed/resolve/main/2.7.2/sd/chars/bangboo_all.json,ok
2.8.1,2026-05-11,sd,式舆防卫,bangboo,邦布,2.7.3,式舆防卫 2.7.3,2026-05-01,2026-05-15,rocketboo,Rocketboo,飚速布,bangboo,S,1.76,28446,,,,,,,hf_bangboo,2.8.1/sd/chars/bangboo_all.json,https://huggingface.co/datasets/LvlUrArti/ShiyuDataProcessed/resolve/main/2.8.1/sd/chars/bangboo_all.json,ok
2.8.2,2026-06-02,sd,式舆防卫,bangboo,邦布,2.8.2,式舆防卫 2.8.2,2026-05-29,2026-06-12,rocketboo,Rocketboo,飚速布,bangboo,S,2.84,26377,,,,,,,hf_bangboo,2.8.2/sd/chars/bangboo_all.json,https://huggingface.co/datasets/LvlUrArti/ShiyuDataProcessed/resolve/main/2.8.2/sd/chars/bangboo_all.json,ok
3.0.1,2026-06-21,sd,式舆防卫,bangboo,邦布,2.8.3,式舆防卫 2.8.3,2026-06-12,2026-06-26,rocketboo,Rocketboo,飚速布,bangboo,S,3.84,28332,,,,,,,hf_bangboo,3.0.1/sd/chars/bangboo_all.json,https://huggingface.co/datasets/LvlUrArti/ShiyuDataProcessed/resolve/main/3.0.1/sd/chars/bangboo_all.json,ok
2.6.1,2026-02-17,sd,式舆防卫,bangboo,邦布,2.6.1,式舆防卫 2.6.1,2026-02-06,2026-02-20,safety,Safety,阿全,bangboo,S,0.04,0,,,,,,,hf_bangboo,2.6.1/sd/chars/bangboo_all.json,https://huggingface.co/datasets/LvlUrArti/ShiyuDataProcessed/resolve/main/2.6.1/sd/chars/bangboo_all.json,ok
2.6.2,2026-03-10,sd,式舆防卫,bangboo,邦布,2.6.3,式舆防卫 2.6.3,2026-03-06,2026-03-20,safety,Safety,阿全,bangboo,S,0.03,0,,,,,,,hf_bangboo,2.6.2/sd/chars/bangboo_all.json,https://huggingface.co/datasets/LvlUrArti/ShiyuDataProcessed/resolve/main/2.6.2/sd/chars/bangboo_all.json,ok
2.7.1,2026-03-31,sd,式舆防卫,bangboo,邦布,2.6.4,式舆防卫 2.6.4,2026-03-20,2026-04-03,safety,Safety,阿全,bangboo,S,0.04,0,,,,,,,hf_bangboo,2.7.1/sd/chars/bangboo_all.json,https://huggingface.co/datasets/LvlUrArti/ShiyuDataProcessed/resolve/main/2.7.1/sd/chars/bangboo_all.json,ok
2.7.2,2026-04-21,sd,式舆防卫,bangboo,邦布,2.7.2,式舆防卫 2.7.2,2026-04-17,2026-05-01,safety,Safety,阿全,bangboo,S,0.02,0,,,,,,,hf_bangboo,2.7.2/sd/chars/bangboo_all.json,https://huggingface.co/datasets/LvlUrArti/ShiyuDataProcessed/resolve/main/2.7.2/sd/chars/bangboo_all.json,ok
2.8.1,2026-05-11,sd,式舆防卫,bangboo,邦布,2.7.3,式舆防卫 2.7.3,2026-05-01,2026-05-15,safety,Safety,阿全,bangboo,S,0.04,0,,,,,,,hf_bangboo,2.8.1/sd/chars/bangboo_all.json,https://huggingface.co/datasets/LvlUrArti/ShiyuDataProcessed/resolve/main/2.8.1/sd/chars/bangboo_all.json,ok
2.8.2,2026-06-02,sd,式舆防卫,bangboo,邦布,2.8.2,式舆防卫 2.8.2,2026-05-29,2026-06-12,safety,Safety,阿全,bangboo,S,0.04,0,,,,,,,hf_bangboo,2.8.2/sd/chars/bangboo_all.json,https://huggingface.co/datasets/LvlUrArti/ShiyuDataProcessed/resolve/main/2.8.2/sd/chars/bangboo_all.json,ok
3.0.1,2026-06-21,sd,式舆防卫,bangboo,邦布,2.8.3,式舆防卫 2.8.3,2026-06-12,2026-06-26,safety,Safety,阿全,bangboo,S,0.03,0,,,,,,,hf_bangboo,3.0.1/sd/chars/bangboo_all.json,https://huggingface.co/datasets/LvlUrArti/ShiyuDataProcessed/resolve/main/3.0.1/sd/chars/bangboo_all.json,ok
2.6.1,2026-02-17,sd,式舆防卫,bangboo,邦布,2.6.1,式舆防卫 2.6.1,2026-02-06,2026-02-20,sharkboo,Sharkboo,鲨牙布,bangboo,S,4.81,30810,,,,,,,hf_bangboo,2.6.1/sd/chars/bangboo_all.json,https://huggingface.co/datasets/LvlUrArti/ShiyuDataProcessed/resolve/main/2.6.1/sd/chars/bangboo_all.json,ok
2.6.2,2026-03-10,sd,式舆防卫,bangboo,邦布,2.6.3,式舆防卫 2.6.3,2026-03-06,2026-03-20,sharkboo,Sharkboo,鲨牙布,bangboo,S,3.3,27398,,,,,,,hf_bangboo,2.6.2/sd/chars/bangboo_all.json,https://huggingface.co/datasets/LvlUrArti/ShiyuDataProcessed/resolve/main/2.6.2/sd/chars/bangboo_all.json,ok
2.7.1,2026-03-31,sd,式舆防卫,bangboo,邦布,2.6.4,式舆防卫 2.6.4,2026-03-20,2026-04-03,sharkboo,Sharkboo,鲨牙布,bangboo,S,9.89,28631,,,,,,,hf_bangboo,2.7.1/sd/chars/bangboo_all.json,https://huggingface.co/datasets/LvlUrArti/ShiyuDataProcessed/resolve/main/2.7.1/sd/chars/bangboo_all.json,ok
2.7.2,2026-04-21,sd,式舆防卫,bangboo,邦布,2.7.2,式舆防卫 2.7.2,2026-04-17,2026-05-01,sharkboo,Sharkboo,鲨牙布,bangboo,S,9.33,28962,,,,,,,hf_bangboo,2.7.2/sd/chars/bangboo_all.json,https://huggingface.co/datasets/LvlUrArti/ShiyuDataProcessed/resolve/main/2.7.2/sd/chars/bangboo_all.json,ok
2.8.1,2026-05-11,sd,式舆防卫,bangboo,邦布,2.7.3,式舆防卫 2.7.3,2026-05-01,2026-05-15,sharkboo,Sharkboo,鲨牙布,bangboo,S,6.66,32929,,,,,,,hf_bangboo,2.8.1/sd/chars/bangboo_all.json,https://huggingface.co/datasets/LvlUrArti/ShiyuDataProcessed/resolve/main/2.8.1/sd/chars/bangboo_all.json,ok
2.8.2,2026-06-02,sd,式舆防卫,bangboo,邦布,2.8.2,式舆防卫 2.8.2,2026-05-29,2026-06-12,sharkboo,Sharkboo,鲨牙布,bangboo,S,12.05,28593,,,,,,,hf_bangboo,2.8.2/sd/chars/bangboo_all.json,https://huggingface.co/datasets/LvlUrArti/ShiyuDataProcessed/resolve/main/2.8.2/sd/chars/bangboo_all.json,ok
3.0.1,2026-06-21,sd,式舆防卫,bangboo,邦布,2.8.3,式舆防卫 2.8.3,2026-06-12,2026-06-26,sharkboo,Sharkboo,鲨牙布,bangboo,S,11.23,31374,,,,,,,hf_bangboo,3.0.1/sd/chars/bangboo_all.json,https://huggingface.co/datasets/LvlUrArti/ShiyuDataProcessed/resolve/main/3.0.1/sd/chars/bangboo_all.json,ok
2.6.1,2026-02-17,sd,式舆防卫,bangboo,邦布,2.6.1,式舆防卫 2.6.1,2026-02-06,2026-02-20,snap,Snap,咔嚓仔,bangboo,S,27.83,31825,,,,,,,hf_bangboo,2.6.1/sd/chars/bangboo_all.json,https://huggingface.co/datasets/LvlUrArti/ShiyuDataProcessed/resolve/main/2.6.1/sd/chars/bangboo_all.json,ok
2.6.2,2026-03-10,sd,式舆防卫,bangboo,邦布,2.6.3,式舆防卫 2.6.3,2026-03-06,2026-03-20,snap,Snap,咔嚓仔,bangboo,S,20.48,30056,,,,,,,hf_bangboo,2.6.2/sd/chars/bangboo_all.json,https://huggingface.co/datasets/LvlUrArti/ShiyuDataProcessed/resolve/main/2.6.2/sd/chars/bangboo_all.json,ok
2.7.1,2026-03-31,sd,式舆防卫,bangboo,邦布,2.6.4,式舆防卫 2.6.4,2026-03-20,2026-04-03,snap,Snap,咔嚓仔,bangboo,S,19.19,30001,,,,,,,hf_bangboo,2.7.1/sd/chars/bangboo_all.json,https://huggingface.co/datasets/LvlUrArti/ShiyuDataProcessed/resolve/main/2.7.1/sd/chars/bangboo_all.json,ok
2.7.2,2026-04-21,sd,式舆防卫,bangboo,邦布,2.7.2,式舆防卫 2.7.2,2026-04-17,2026-05-01,snap,Snap,咔嚓仔,bangboo,S,19.21,32024,,,,,,,hf_bangboo,2.7.2/sd/chars/bangboo_all.json,https://huggingface.co/datasets/LvlUrArti/ShiyuDataProcessed/resolve/main/2.7.2/sd/chars/bangboo_all.json,ok
2.8.1,2026-05-11,sd,式舆防卫,bangboo,邦布,2.7.3,式舆防卫 2.7.3,2026-05-01,2026-05-15,snap,Snap,咔嚓仔,bangboo,S,20.11,31870,,,,,,,hf_bangboo,2.8.1/sd/chars/bangboo_all.json,https://huggingface.co/datasets/LvlUrArti/ShiyuDataProcessed/resolve/main/2.8.1/sd/chars/bangboo_all.json,ok
2.8.2,2026-06-02,sd,式舆防卫,bangboo,邦布,2.8.2,式舆防卫 2.8.2,2026-05-29,2026-06-12,snap,Snap,咔嚓仔,bangboo,S,24.79,29212,,,,,,,hf_bangboo,2.8.2/sd/chars/bangboo_all.json,https://huggingface.co/datasets/LvlUrArti/ShiyuDataProcessed/resolve/main/2.8.2/sd/chars/bangboo_all.json,ok
3.0.1,2026-06-21,sd,式舆防卫,bangboo,邦布,2.8.3,式舆防卫 2.8.3,2026-06-12,2026-06-26,snap,Snap,咔嚓仔,bangboo,S,24.92,29714,,,,,,,hf_bangboo,3.0.1/sd/chars/bangboo_all.json,https://huggingface.co/datasets/LvlUrArti/ShiyuDataProcessed/resolve/main/3.0.1/sd/chars/bangboo_all.json,ok
2.6.1,2026-02-17,sd,式舆防卫,bangboo,邦布,2.6.1,式舆防卫 2.6.1,2026-02-06,2026-02-20,sprout,Sprout,芽芽,bangboo,S,68.08,34968,,,,,,,hf_bangboo,2.6.1/sd/chars/bangboo_all.json,https://huggingface.co/datasets/LvlUrArti/ShiyuDataProcessed/resolve/main/2.6.1/sd/chars/bangboo_all.json,ok
2.6.2,2026-03-10,sd,式舆防卫,bangboo,邦布,2.6.3,式舆防卫 2.6.3,2026-03-06,2026-03-20,sprout,Sprout,芽芽,bangboo,S,66.26,37026,,,,,,,hf_bangboo,2.6.2/sd/chars/bangboo_all.json,https://huggingface.co/datasets/LvlUrArti/ShiyuDataProcessed/resolve/main/2.6.2/sd/chars/bangboo_all.json,ok
2.7.1,2026-03-31,sd,式舆防卫,bangboo,邦布,2.6.4,式舆防卫 2.6.4,2026-03-20,2026-04-03,sprout,Sprout,芽芽,bangboo,S,70.36,35352,,,,,,,hf_bangboo,2.7.1/sd/chars/bangboo_all.json,https://huggingface.co/datasets/LvlUrArti/ShiyuDataProcessed/resolve/main/2.7.1/sd/chars/bangboo_all.json,ok
2.7.2,2026-04-21,sd,式舆防卫,bangboo,邦布,2.7.2,式舆防卫 2.7.2,2026-04-17,2026-05-01,sprout,Sprout,芽芽,bangboo,S,57.72,34580,,,,,,,hf_bangboo,2.7.2/sd/chars/bangboo_all.json,https://huggingface.co/datasets/LvlUrArti/ShiyuDataProcessed/resolve/main/2.7.2/sd/chars/bangboo_all.json,ok
2.8.1,2026-05-11,sd,式舆防卫,bangboo,邦布,2.7.3,式舆防卫 2.7.3,2026-05-01,2026-05-15,sprout,Sprout,芽芽,bangboo,S,63.96,33492,,,,,,,hf_bangboo,2.8.1/sd/chars/bangboo_all.json,https://huggingface.co/datasets/LvlUrArti/ShiyuDataProcessed/resolve/main/2.8.1/sd/chars/bangboo_all.json,ok
2.8.2,2026-06-02,sd,式舆防卫,bangboo,邦布,2.8.2,式舆防卫 2.8.2,2026-05-29,2026-06-12,sprout,Sprout,芽芽,bangboo,S,67.1,33262,,,,,,,hf_bangboo,2.8.2/sd/chars/bangboo_all.json,https://huggingface.co/datasets/LvlUrArti/ShiyuDataProcessed/resolve/main/2.8.2/sd/chars/bangboo_all.json,ok
3.0.1,2026-06-21,sd,式舆防卫,bangboo,邦布,2.8.3,式舆防卫 2.8.3,2026-06-12,2026-06-26,sprout,Sprout,芽芽,bangboo,S,69.34,34989,,,,,,,hf_bangboo,3.0.1/sd/chars/bangboo_all.json,https://huggingface.co/datasets/LvlUrArti/ShiyuDataProcessed/resolve/main/3.0.1/sd/chars/bangboo_all.json,ok
2.6.1,2026-02-17,sd,式舆防卫,bangboo,邦布,2.6.1,式舆防卫 2.6.1,2026-02-06,2026-02-20,sumoboo,Sumoboo,扑击布,bangboo,A,0.1,32228,,,,,,,hf_bangboo,2.6.1/sd/chars/bangboo_all.json,https://huggingface.co/datasets/LvlUrArti/ShiyuDataProcessed/resolve/main/2.6.1/sd/chars/bangboo_all.json,ok
2.6.2,2026-03-10,sd,式舆防卫,bangboo,邦布,2.6.3,式舆防卫 2.6.3,2026-03-06,2026-03-20,sumoboo,Sumoboo,扑击布,bangboo,A,0.12,33469,,,,,,,hf_bangboo,2.6.2/sd/chars/bangboo_all.json,https://huggingface.co/datasets/LvlUrArti/ShiyuDataProcessed/resolve/main/2.6.2/sd/chars/bangboo_all.json,ok
2.7.1,2026-03-31,sd,式舆防卫,bangboo,邦布,2.6.4,式舆防卫 2.6.4,2026-03-20,2026-04-03,sumoboo,Sumoboo,扑击布,bangboo,A,0.14,29509,,,,,,,hf_bangboo,2.7.1/sd/chars/bangboo_all.json,https://huggingface.co/datasets/LvlUrArti/ShiyuDataProcessed/resolve/main/2.7.1/sd/chars/bangboo_all.json,ok
2.7.2,2026-04-21,sd,式舆防卫,bangboo,邦布,2.7.2,式舆防卫 2.7.2,2026-04-17,2026-05-01,sumoboo,Sumoboo,扑击布,bangboo,A,0.16,32866,,,,,,,hf_bangboo,2.7.2/sd/chars/bangboo_all.json,https://huggingface.co/datasets/LvlUrArti/ShiyuDataProcessed/resolve/main/2.7.2/sd/chars/bangboo_all.json,ok
2.8.1,2026-05-11,sd,式舆防卫,bangboo,邦布,2.7.3,式舆防卫 2.7.3,2026-05-01,2026-05-15,sumoboo,Sumoboo,扑击布,bangboo,A,0.15,33546,,,,,,,hf_bangboo,2.8.1/sd/chars/bangboo_all.json,https://huggingface.co/datasets/LvlUrArti/ShiyuDataProcessed/resolve/main/2.8.1/sd/chars/bangboo_all.json,ok
2.8.2,2026-06-02,sd,式舆防卫,bangboo,邦布,2.8.2,式舆防卫 2.8.2,2026-05-29,2026-06-12,sumoboo,Sumoboo,扑击布,bangboo,A,0.19,26953,,,,,,,hf_bangboo,2.8.2/sd/chars/bangboo_all.json,https://huggingface.co/datasets/LvlUrArti/ShiyuDataProcessed/resolve/main/2.8.2/sd/chars/bangboo_all.json,ok
3.0.1,2026-06-21,sd,式舆防卫,bangboo,邦布,2.8.3,式舆防卫 2.8.3,2026-06-12,2026-06-26,sumoboo,Sumoboo,扑击布,bangboo,A,0.18,32237,,,,,,,hf_bangboo,3.0.1/sd/chars/bangboo_all.json,https://huggingface.co/datasets/LvlUrArti/ShiyuDataProcessed/resolve/main/3.0.1/sd/chars/bangboo_all.json,ok
3.0.1,2026-06-21,sd,式舆防卫,bangboo,邦布,2.8.3,式舆防卫 2.8.3,2026-06-12,2026-06-26,ultra-jake,Ultra Jake,超极杰克,bangboo,S,4.69,34152,,,,,,,hf_bangboo,3.0.1/sd/chars/bangboo_all.json,https://huggingface.co/datasets/LvlUrArti/ShiyuDataProcessed/resolve/main/3.0.1/sd/chars/bangboo_all.json,ok
