tier_snapshot_id,fetched_at,tier_updated_at,tier_updated_date,tier_mode,tier_mode_cn,character_slug,character_name_en,character_name_cn,prydwen_category,prydwen_role,role_group,role_group_cn,tier,rating,tags,marks,is_new,element,element_cn,style,style_cn,faction,rarity,icon_url,source_url,collect_date,phase_ver,phase_name,app_rate,avg_score,quality_flag
20260617,2026-07-05T12:48:56,17/June/2026,2026-06-17,sd,式舆防卫,alice,Alice Thymefield,爱丽丝·泰姆菲尔德,AnoDPS,异常主C,anomaly_dps,异常主C,T0.5,10,Watchlist [DOWN],watch,,Physical,物理,Anomaly,异常,Spook Shack,S,https://cdn.prydwen.gg/images/zenless-zone-zero/characters/alice.webp,https://www.prydwen.gg/zenless/tier-list,2026-02-17,2.6.1,式舆防卫 2.6.1,8.74,30026,ok
20260617,2026-07-05T12:48:56,17/June/2026,2026-06-17,sd,式舆防卫,alice,Alice Thymefield,爱丽丝·泰姆菲尔德,AnoDPS,异常主C,anomaly_dps,异常主C,T0.5,10,Watchlist [DOWN],watch,,Physical,物理,Anomaly,异常,Spook Shack,S,https://cdn.prydwen.gg/images/zenless-zone-zero/characters/alice.webp,https://www.prydwen.gg/zenless/tier-list,2026-03-10,2.6.3,式舆防卫 2.6.3,14.71,30430,ok
20260617,2026-07-05T12:48:56,17/June/2026,2026-06-17,sd,式舆防卫,alice,Alice Thymefield,爱丽丝·泰姆菲尔德,AnoDPS,异常主C,anomaly_dps,异常主C,T0.5,10,Watchlist [DOWN],watch,,Physical,物理,Anomaly,异常,Spook Shack,S,https://cdn.prydwen.gg/images/zenless-zone-zero/characters/alice.webp,https://www.prydwen.gg/zenless/tier-list,2026-03-31,2.6.4,式舆防卫 2.6.4,10.5,29637,ok
20260617,2026-07-05T12:48:56,17/June/2026,2026-06-17,sd,式舆防卫,alice,Alice Thymefield,爱丽丝·泰姆菲尔德,AnoDPS,异常主C,anomaly_dps,异常主C,T0.5,10,Watchlist [DOWN],watch,,Physical,物理,Anomaly,异常,Spook Shack,S,https://cdn.prydwen.gg/images/zenless-zone-zero/characters/alice.webp,https://www.prydwen.gg/zenless/tier-list,2026-04-21,2.7.2,式舆防卫 2.7.2,6.36,29221,ok
20260617,2026-07-05T12:48:56,17/June/2026,2026-06-17,sd,式舆防卫,alice,Alice Thymefield,爱丽丝·泰姆菲尔德,AnoDPS,异常主C,anomaly_dps,异常主C,T0.5,10,Watchlist [DOWN],watch,,Physical,物理,Anomaly,异常,Spook Shack,S,https://cdn.prydwen.gg/images/zenless-zone-zero/characters/alice.webp,https://www.prydwen.gg/zenless/tier-list,2026-05-11,2.7.3,式舆防卫 2.7.3,5.82,30681,ok
20260617,2026-07-05T12:48:56,17/June/2026,2026-06-17,sd,式舆防卫,alice,Alice Thymefield,爱丽丝·泰姆菲尔德,AnoDPS,异常主C,anomaly_dps,异常主C,T0.5,10,Watchlist [DOWN],watch,,Physical,物理,Anomaly,异常,Spook Shack,S,https://cdn.prydwen.gg/images/zenless-zone-zero/characters/alice.webp,https://www.prydwen.gg/zenless/tier-list,2026-06-02,2.8.2,式舆防卫 2.8.2,10.28,26565,ok
20260617,2026-07-05T12:48:56,17/June/2026,2026-06-17,sd,式舆防卫,alice,Alice Thymefield,爱丽丝·泰姆菲尔德,AnoDPS,异常主C,anomaly_dps,异常主C,T0.5,10,Watchlist [DOWN],watch,,Physical,物理,Anomaly,异常,Spook Shack,S,https://cdn.prydwen.gg/images/zenless-zone-zero/characters/alice.webp,https://www.prydwen.gg/zenless/tier-list,2026-06-15,2.8.3,式舆防卫 2.8.3,7.07,28292,ok
20260617,2026-07-05T12:48:56,17/June/2026,2026-06-17,sd,式舆防卫,alice,Alice Thymefield,爱丽丝·泰姆菲尔德,AnoDPS,异常主C,anomaly_dps,异常主C,T0.5,10,Watchlist [DOWN],watch,,Physical,物理,Anomaly,异常,Spook Shack,S,https://cdn.prydwen.gg/images/zenless-zone-zero/characters/alice.webp,https://www.prydwen.gg/zenless/tier-list,2026-06-21,2.8.3,式舆防卫 2.8.3,7.14,28035,ok
20260617,2026-07-05T12:48:56,17/June/2026,2026-06-17,da,危局强袭,alice,Alice Thymefield,爱丽丝·泰姆菲尔德,AnoDPS,异常主C,anomaly_dps,异常主C,T0.5,10,Watchlist [DOWN],watch,,Physical,物理,Anomaly,异常,Spook Shack,S,https://cdn.prydwen.gg/images/zenless-zone-zero/characters/alice.webp,https://www.prydwen.gg/zenless/tier-list,2026-02-17,2.6.1,危局强袭 2.6.1,9.76,28472,ok
20260617,2026-07-05T12:48:56,17/June/2026,2026-06-17,da,危局强袭,alice,Alice Thymefield,爱丽丝·泰姆菲尔德,AnoDPS,异常主C,anomaly_dps,异常主C,T0.5,10,Watchlist [DOWN],watch,,Physical,物理,Anomaly,异常,Spook Shack,S,https://cdn.prydwen.gg/images/zenless-zone-zero/characters/alice.webp,https://www.prydwen.gg/zenless/tier-list,2026-03-10,2.6.2,危局强袭 2.6.2,8.48,22168,ok
20260617,2026-07-05T12:48:56,17/June/2026,2026-06-17,da,危局强袭,alice,Alice Thymefield,爱丽丝·泰姆菲尔德,AnoDPS,异常主C,anomaly_dps,异常主C,T0.5,10,Watchlist [DOWN],watch,,Physical,物理,Anomaly,异常,Spook Shack,S,https://cdn.prydwen.gg/images/zenless-zone-zero/characters/alice.webp,https://www.prydwen.gg/zenless/tier-list,2026-03-31,2.7.1,危局强袭 2.7.1,5.44,22417,ok
20260617,2026-07-05T12:48:56,17/June/2026,2026-06-17,da,危局强袭,alice,Alice Thymefield,爱丽丝·泰姆菲尔德,AnoDPS,异常主C,anomaly_dps,异常主C,T0.5,10,Watchlist [DOWN],watch,,Physical,物理,Anomaly,异常,Spook Shack,S,https://cdn.prydwen.gg/images/zenless-zone-zero/characters/alice.webp,https://www.prydwen.gg/zenless/tier-list,2026-04-21,2.7.2,危局强袭 2.7.2,7.95,24319,ok
20260617,2026-07-05T12:48:56,17/June/2026,2026-06-17,da,危局强袭,alice,Alice Thymefield,爱丽丝·泰姆菲尔德,AnoDPS,异常主C,anomaly_dps,异常主C,T0.5,10,Watchlist [DOWN],watch,,Physical,物理,Anomaly,异常,Spook Shack,S,https://cdn.prydwen.gg/images/zenless-zone-zero/characters/alice.webp,https://www.prydwen.gg/zenless/tier-list,2026-05-11,2.8.1,危局强袭 2.8.1,0.49,21511,ok
20260617,2026-07-05T12:48:56,17/June/2026,2026-06-17,da,危局强袭,alice,Alice Thymefield,爱丽丝·泰姆菲尔德,AnoDPS,异常主C,anomaly_dps,异常主C,T0.5,10,Watchlist [DOWN],watch,,Physical,物理,Anomaly,异常,Spook Shack,S,https://cdn.prydwen.gg/images/zenless-zone-zero/characters/alice.webp,https://www.prydwen.gg/zenless/tier-list,2026-06-02,2.8.2,危局强袭 2.8.2,6.14,19786,ok
20260617,2026-07-05T12:48:56,17/June/2026,2026-06-17,da,危局强袭,alice,Alice Thymefield,爱丽丝·泰姆菲尔德,AnoDPS,异常主C,anomaly_dps,异常主C,T0.5,10,Watchlist [DOWN],watch,,Physical,物理,Anomaly,异常,Spook Shack,S,https://cdn.prydwen.gg/images/zenless-zone-zero/characters/alice.webp,https://www.prydwen.gg/zenless/tier-list,2026-06-15,2.8.3,危局强袭 2.8.3,14.69,27174,ok
20260617,2026-07-05T12:48:56,17/June/2026,2026-06-17,da,危局强袭,alice,Alice Thymefield,爱丽丝·泰姆菲尔德,AnoDPS,异常主C,anomaly_dps,异常主C,T0.5,10,Watchlist [DOWN],watch,,Physical,物理,Anomaly,异常,Spook Shack,S,https://cdn.prydwen.gg/images/zenless-zone-zero/characters/alice.webp,https://www.prydwen.gg/zenless/tier-list,2026-06-21,3.0.1,危局强袭 3.0.1,6.53,25807,ok
20260617,2026-07-05T12:48:56,17/June/2026,2026-06-17,sd,式舆防卫,anby-demara,Anby Demara,安比·德玛拉,Support,辅助,support,辅助,T3,6,,,,Electric,电,Stun,击破,Cunning Hares,A,https://cdn.prydwen.gg/images/zenless-zone-zero/characters/anby-demara.webp,https://www.prydwen.gg/zenless/tier-list,2026-02-17,2.6.1,式舆防卫 2.6.1,0.07,0,ok
20260617,2026-07-05T12:48:56,17/June/2026,2026-06-17,sd,式舆防卫,anby-demara,Anby Demara,安比·德玛拉,Support,辅助,support,辅助,T3,6,,,,Electric,电,Stun,击破,Cunning Hares,A,https://cdn.prydwen.gg/images/zenless-zone-zero/characters/anby-demara.webp,https://www.prydwen.gg/zenless/tier-list,2026-03-10,2.6.3,式舆防卫 2.6.3,0.05,0,ok
20260617,2026-07-05T12:48:56,17/June/2026,2026-06-17,sd,式舆防卫,anby-demara,Anby Demara,安比·德玛拉,Support,辅助,support,辅助,T3,6,,,,Electric,电,Stun,击破,Cunning Hares,A,https://cdn.prydwen.gg/images/zenless-zone-zero/characters/anby-demara.webp,https://www.prydwen.gg/zenless/tier-list,2026-03-31,2.6.4,式舆防卫 2.6.4,0.02,0,ok
20260617,2026-07-05T12:48:56,17/June/2026,2026-06-17,sd,式舆防卫,anby-demara,Anby Demara,安比·德玛拉,Support,辅助,support,辅助,T3,6,,,,Electric,电,Stun,击破,Cunning Hares,A,https://cdn.prydwen.gg/images/zenless-zone-zero/characters/anby-demara.webp,https://www.prydwen.gg/zenless/tier-list,2026-04-21,2.7.2,式舆防卫 2.7.2,0.05,0,ok
20260617,2026-07-05T12:48:56,17/June/2026,2026-06-17,sd,式舆防卫,anby-demara,Anby Demara,安比·德玛拉,Support,辅助,support,辅助,T3,6,,,,Electric,电,Stun,击破,Cunning Hares,A,https://cdn.prydwen.gg/images/zenless-zone-zero/characters/anby-demara.webp,https://www.prydwen.gg/zenless/tier-list,2026-05-11,2.7.3,式舆防卫 2.7.3,0.04,0,ok
20260617,2026-07-05T12:48:56,17/June/2026,2026-06-17,sd,式舆防卫,anby-demara,Anby Demara,安比·德玛拉,Support,辅助,support,辅助,T3,6,,,,Electric,电,Stun,击破,Cunning Hares,A,https://cdn.prydwen.gg/images/zenless-zone-zero/characters/anby-demara.webp,https://www.prydwen.gg/zenless/tier-list,2026-06-02,2.8.2,式舆防卫 2.8.2,0.1,0,ok
20260617,2026-07-05T12:48:56,17/June/2026,2026-06-17,sd,式舆防卫,anby-demara,Anby Demara,安比·德玛拉,Support,辅助,support,辅助,T3,6,,,,Electric,电,Stun,击破,Cunning Hares,A,https://cdn.prydwen.gg/images/zenless-zone-zero/characters/anby-demara.webp,https://www.prydwen.gg/zenless/tier-list,2026-06-15,2.8.3,式舆防卫 2.8.3,0.02,0,ok
20260617,2026-07-05T12:48:56,17/June/2026,2026-06-17,sd,式舆防卫,anby-demara,Anby Demara,安比·德玛拉,Support,辅助,support,辅助,T3,6,,,,Electric,电,Stun,击破,Cunning Hares,A,https://cdn.prydwen.gg/images/zenless-zone-zero/characters/anby-demara.webp,https://www.prydwen.gg/zenless/tier-list,2026-06-21,2.8.3,式舆防卫 2.8.3,0.02,0,ok
20260617,2026-07-05T12:48:56,17/June/2026,2026-06-17,da,危局强袭,anby-demara,Anby Demara,安比·德玛拉,Support,辅助,support,辅助,T3,6,,,,Electric,电,Stun,击破,Cunning Hares,A,https://cdn.prydwen.gg/images/zenless-zone-zero/characters/anby-demara.webp,https://www.prydwen.gg/zenless/tier-list,2026-02-17,2.6.1,危局强袭 2.6.1,0.03,0,ok
20260617,2026-07-05T12:48:56,17/June/2026,2026-06-17,da,危局强袭,anby-demara,Anby Demara,安比·德玛拉,Support,辅助,support,辅助,T3,6,,,,Electric,电,Stun,击破,Cunning Hares,A,https://cdn.prydwen.gg/images/zenless-zone-zero/characters/anby-demara.webp,https://www.prydwen.gg/zenless/tier-list,2026-03-10,2.6.2,危局强袭 2.6.2,0.05,0,ok
20260617,2026-07-05T12:48:56,17/June/2026,2026-06-17,da,危局强袭,anby-demara,Anby Demara,安比·德玛拉,Support,辅助,support,辅助,T3,6,,,,Electric,电,Stun,击破,Cunning Hares,A,https://cdn.prydwen.gg/images/zenless-zone-zero/characters/anby-demara.webp,https://www.prydwen.gg/zenless/tier-list,2026-03-31,2.7.1,危局强袭 2.7.1,0.03,0,ok
20260617,2026-07-05T12:48:56,17/June/2026,2026-06-17,da,危局强袭,anby-demara,Anby Demara,安比·德玛拉,Support,辅助,support,辅助,T3,6,,,,Electric,电,Stun,击破,Cunning Hares,A,https://cdn.prydwen.gg/images/zenless-zone-zero/characters/anby-demara.webp,https://www.prydwen.gg/zenless/tier-list,2026-04-21,2.7.2,危局强袭 2.7.2,0.05,0,ok
20260617,2026-07-05T12:48:56,17/June/2026,2026-06-17,da,危局强袭,anby-demara,Anby Demara,安比·德玛拉,Support,辅助,support,辅助,T3,6,,,,Electric,电,Stun,击破,Cunning Hares,A,https://cdn.prydwen.gg/images/zenless-zone-zero/characters/anby-demara.webp,https://www.prydwen.gg/zenless/tier-list,2026-05-11,2.8.1,危局强袭 2.8.1,0.06,0,ok
20260617,2026-07-05T12:48:56,17/June/2026,2026-06-17,da,危局强袭,anby-demara,Anby Demara,安比·德玛拉,Support,辅助,support,辅助,T3,6,,,,Electric,电,Stun,击破,Cunning Hares,A,https://cdn.prydwen.gg/images/zenless-zone-zero/characters/anby-demara.webp,https://www.prydwen.gg/zenless/tier-list,2026-06-02,2.8.2,危局强袭 2.8.2,0.1,0,ok
20260617,2026-07-05T12:48:56,17/June/2026,2026-06-17,da,危局强袭,anby-demara,Anby Demara,安比·德玛拉,Support,辅助,support,辅助,T3,6,,,,Electric,电,Stun,击破,Cunning Hares,A,https://cdn.prydwen.gg/images/zenless-zone-zero/characters/anby-demara.webp,https://www.prydwen.gg/zenless/tier-list,2026-06-15,2.8.3,危局强袭 2.8.3,0.08,0,ok
20260617,2026-07-05T12:48:56,17/June/2026,2026-06-17,da,危局强袭,anby-demara,Anby Demara,安比·德玛拉,Support,辅助,support,辅助,T3,6,,,,Electric,电,Stun,击破,Cunning Hares,A,https://cdn.prydwen.gg/images/zenless-zone-zero/characters/anby-demara.webp,https://www.prydwen.gg/zenless/tier-list,2026-06-21,3.0.1,危局强袭 3.0.1,0.04,0,ok
20260617,2026-07-05T12:48:56,17/June/2026,2026-06-17,sd,式舆防卫,anby-demara-soldier-0,Soldier 0 - Anby,零号·安比,CritDPS,直伤主C,crit_dps,直伤主C,T1,9,,down,,Electric,电,Attack,强攻,Unknown Faction,S,https://cdn.prydwen.gg/images/zenless-zone-zero/characters/anby-demara-soldier-0.webp,https://www.prydwen.gg/zenless/tier-list,2026-02-17,2.6.1,式舆防卫 2.6.1,31.32,34395,ok
20260617,2026-07-05T12:48:56,17/June/2026,2026-06-17,sd,式舆防卫,anby-demara-soldier-0,Soldier 0 - Anby,零号·安比,CritDPS,直伤主C,crit_dps,直伤主C,T1,9,,down,,Electric,电,Attack,强攻,Unknown Faction,S,https://cdn.prydwen.gg/images/zenless-zone-zero/characters/anby-demara-soldier-0.webp,https://www.prydwen.gg/zenless/tier-list,2026-03-10,2.6.3,式舆防卫 2.6.3,24.71,30692,ok
20260617,2026-07-05T12:48:56,17/June/2026,2026-06-17,sd,式舆防卫,anby-demara-soldier-0,Soldier 0 - Anby,零号·安比,CritDPS,直伤主C,crit_dps,直伤主C,T1,9,,down,,Electric,电,Attack,强攻,Unknown Faction,S,https://cdn.prydwen.gg/images/zenless-zone-zero/characters/anby-demara-soldier-0.webp,https://www.prydwen.gg/zenless/tier-list,2026-03-31,2.6.4,式舆防卫 2.6.4,2.67,28147,ok
20260617,2026-07-05T12:48:56,17/June/2026,2026-06-17,sd,式舆防卫,anby-demara-soldier-0,Soldier 0 - Anby,零号·安比,CritDPS,直伤主C,crit_dps,直伤主C,T1,9,,down,,Electric,电,Attack,强攻,Unknown Faction,S,https://cdn.prydwen.gg/images/zenless-zone-zero/characters/anby-demara-soldier-0.webp,https://www.prydwen.gg/zenless/tier-list,2026-04-21,2.7.2,式舆防卫 2.7.2,16.67,31584,ok
20260617,2026-07-05T12:48:56,17/June/2026,2026-06-17,sd,式舆防卫,anby-demara-soldier-0,Soldier 0 - Anby,零号·安比,CritDPS,直伤主C,crit_dps,直伤主C,T1,9,,down,,Electric,电,Attack,强攻,Unknown Faction,S,https://cdn.prydwen.gg/images/zenless-zone-zero/characters/anby-demara-soldier-0.webp,https://www.prydwen.gg/zenless/tier-list,2026-05-11,2.7.3,式舆防卫 2.7.3,22.96,29561,ok
20260617,2026-07-05T12:48:56,17/June/2026,2026-06-17,sd,式舆防卫,anby-demara-soldier-0,Soldier 0 - Anby,零号·安比,CritDPS,直伤主C,crit_dps,直伤主C,T1,9,,down,,Electric,电,Attack,强攻,Unknown Faction,S,https://cdn.prydwen.gg/images/zenless-zone-zero/characters/anby-demara-soldier-0.webp,https://www.prydwen.gg/zenless/tier-list,2026-06-02,2.8.2,式舆防卫 2.8.2,23.31,26440,ok
20260617,2026-07-05T12:48:56,17/June/2026,2026-06-17,sd,式舆防卫,anby-demara-soldier-0,Soldier 0 - Anby,零号·安比,CritDPS,直伤主C,crit_dps,直伤主C,T1,9,,down,,Electric,电,Attack,强攻,Unknown Faction,S,https://cdn.prydwen.gg/images/zenless-zone-zero/characters/anby-demara-soldier-0.webp,https://www.prydwen.gg/zenless/tier-list,2026-06-15,2.8.3,式舆防卫 2.8.3,6.91,29676,ok
20260617,2026-07-05T12:48:56,17/June/2026,2026-06-17,sd,式舆防卫,anby-demara-soldier-0,Soldier 0 - Anby,零号·安比,CritDPS,直伤主C,crit_dps,直伤主C,T1,9,,down,,Electric,电,Attack,强攻,Unknown Faction,S,https://cdn.prydwen.gg/images/zenless-zone-zero/characters/anby-demara-soldier-0.webp,https://www.prydwen.gg/zenless/tier-list,2026-06-21,2.8.3,式舆防卫 2.8.3,6.39,29549,ok
20260617,2026-07-05T12:48:56,17/June/2026,2026-06-17,da,危局强袭,anby-demara-soldier-0,Soldier 0 - Anby,零号·安比,CritDPS,直伤主C,crit_dps,直伤主C,T1,9,,down,,Electric,电,Attack,强攻,Unknown Faction,S,https://cdn.prydwen.gg/images/zenless-zone-zero/characters/anby-demara-soldier-0.webp,https://www.prydwen.gg/zenless/tier-list,2026-02-17,2.6.1,危局强袭 2.6.1,3.31,23678,ok
20260617,2026-07-05T12:48:56,17/June/2026,2026-06-17,da,危局强袭,anby-demara-soldier-0,Soldier 0 - Anby,零号·安比,CritDPS,直伤主C,crit_dps,直伤主C,T1,9,,down,,Electric,电,Attack,强攻,Unknown Faction,S,https://cdn.prydwen.gg/images/zenless-zone-zero/characters/anby-demara-soldier-0.webp,https://www.prydwen.gg/zenless/tier-list,2026-03-10,2.6.2,危局强袭 2.6.2,22.18,24328,ok
20260617,2026-07-05T12:48:56,17/June/2026,2026-06-17,da,危局强袭,anby-demara-soldier-0,Soldier 0 - Anby,零号·安比,CritDPS,直伤主C,crit_dps,直伤主C,T1,9,,down,,Electric,电,Attack,强攻,Unknown Faction,S,https://cdn.prydwen.gg/images/zenless-zone-zero/characters/anby-demara-soldier-0.webp,https://www.prydwen.gg/zenless/tier-list,2026-03-31,2.7.1,危局强袭 2.7.1,2.51,22921,ok
20260617,2026-07-05T12:48:56,17/June/2026,2026-06-17,da,危局强袭,anby-demara-soldier-0,Soldier 0 - Anby,零号·安比,CritDPS,直伤主C,crit_dps,直伤主C,T1,9,,down,,Electric,电,Attack,强攻,Unknown Faction,S,https://cdn.prydwen.gg/images/zenless-zone-zero/characters/anby-demara-soldier-0.webp,https://www.prydwen.gg/zenless/tier-list,2026-04-21,2.7.2,危局强袭 2.7.2,24.57,26997,ok
20260617,2026-07-05T12:48:56,17/June/2026,2026-06-17,da,危局强袭,anby-demara-soldier-0,Soldier 0 - Anby,零号·安比,CritDPS,直伤主C,crit_dps,直伤主C,T1,9,,down,,Electric,电,Attack,强攻,Unknown Faction,S,https://cdn.prydwen.gg/images/zenless-zone-zero/characters/anby-demara-soldier-0.webp,https://www.prydwen.gg/zenless/tier-list,2026-05-11,2.8.1,危局强袭 2.8.1,14.05,26686,ok
20260617,2026-07-05T12:48:56,17/June/2026,2026-06-17,da,危局强袭,anby-demara-soldier-0,Soldier 0 - Anby,零号·安比,CritDPS,直伤主C,crit_dps,直伤主C,T1,9,,down,,Electric,电,Attack,强攻,Unknown Faction,S,https://cdn.prydwen.gg/images/zenless-zone-zero/characters/anby-demara-soldier-0.webp,https://www.prydwen.gg/zenless/tier-list,2026-06-02,2.8.2,危局强袭 2.8.2,1.37,15661,ok
20260617,2026-07-05T12:48:56,17/June/2026,2026-06-17,da,危局强袭,anby-demara-soldier-0,Soldier 0 - Anby,零号·安比,CritDPS,直伤主C,crit_dps,直伤主C,T1,9,,down,,Electric,电,Attack,强攻,Unknown Faction,S,https://cdn.prydwen.gg/images/zenless-zone-zero/characters/anby-demara-soldier-0.webp,https://www.prydwen.gg/zenless/tier-list,2026-06-15,2.8.3,危局强袭 2.8.3,18.44,24667,ok
20260617,2026-07-05T12:48:56,17/June/2026,2026-06-17,da,危局强袭,anby-demara-soldier-0,Soldier 0 - Anby,零号·安比,CritDPS,直伤主C,crit_dps,直伤主C,T1,9,,down,,Electric,电,Attack,强攻,Unknown Faction,S,https://cdn.prydwen.gg/images/zenless-zone-zero/characters/anby-demara-soldier-0.webp,https://www.prydwen.gg/zenless/tier-list,2026-06-21,3.0.1,危局强袭 3.0.1,1.12,22325,ok
20260617,2026-07-05T12:48:56,17/June/2026,2026-06-17,sd,式舆防卫,anton,Anton Ivanov,安东·伊万诺夫,CritDPS,直伤主C,crit_dps,直伤主C,T3,6,,down,,Electric,电,Attack,强攻,Belobog Heavy Industries,A,https://cdn.prydwen.gg/images/zenless-zone-zero/characters/anton.webp,https://www.prydwen.gg/zenless/tier-list,2026-02-17,2.6.1,式舆防卫 2.6.1,0.09,0,ok
20260617,2026-07-05T12:48:56,17/June/2026,2026-06-17,sd,式舆防卫,anton,Anton Ivanov,安东·伊万诺夫,CritDPS,直伤主C,crit_dps,直伤主C,T3,6,,down,,Electric,电,Attack,强攻,Belobog Heavy Industries,A,https://cdn.prydwen.gg/images/zenless-zone-zero/characters/anton.webp,https://www.prydwen.gg/zenless/tier-list,2026-03-10,2.6.3,式舆防卫 2.6.3,0.03,0,ok
20260617,2026-07-05T12:48:56,17/June/2026,2026-06-17,sd,式舆防卫,anton,Anton Ivanov,安东·伊万诺夫,CritDPS,直伤主C,crit_dps,直伤主C,T3,6,,down,,Electric,电,Attack,强攻,Belobog Heavy Industries,A,https://cdn.prydwen.gg/images/zenless-zone-zero/characters/anton.webp,https://www.prydwen.gg/zenless/tier-list,2026-03-31,2.6.4,式舆防卫 2.6.4,0.0,0,ok
20260617,2026-07-05T12:48:56,17/June/2026,2026-06-17,sd,式舆防卫,anton,Anton Ivanov,安东·伊万诺夫,CritDPS,直伤主C,crit_dps,直伤主C,T3,6,,down,,Electric,电,Attack,强攻,Belobog Heavy Industries,A,https://cdn.prydwen.gg/images/zenless-zone-zero/characters/anton.webp,https://www.prydwen.gg/zenless/tier-list,2026-04-21,2.7.2,式舆防卫 2.7.2,0.03,0,ok
20260617,2026-07-05T12:48:56,17/June/2026,2026-06-17,sd,式舆防卫,anton,Anton Ivanov,安东·伊万诺夫,CritDPS,直伤主C,crit_dps,直伤主C,T3,6,,down,,Electric,电,Attack,强攻,Belobog Heavy Industries,A,https://cdn.prydwen.gg/images/zenless-zone-zero/characters/anton.webp,https://www.prydwen.gg/zenless/tier-list,2026-05-11,2.7.3,式舆防卫 2.7.3,0.04,0,ok
20260617,2026-07-05T12:48:56,17/June/2026,2026-06-17,sd,式舆防卫,anton,Anton Ivanov,安东·伊万诺夫,CritDPS,直伤主C,crit_dps,直伤主C,T3,6,,down,,Electric,电,Attack,强攻,Belobog Heavy Industries,A,https://cdn.prydwen.gg/images/zenless-zone-zero/characters/anton.webp,https://www.prydwen.gg/zenless/tier-list,2026-06-02,2.8.2,式舆防卫 2.8.2,0.04,0,ok
20260617,2026-07-05T12:48:56,17/June/2026,2026-06-17,sd,式舆防卫,anton,Anton Ivanov,安东·伊万诺夫,CritDPS,直伤主C,crit_dps,直伤主C,T3,6,,down,,Electric,电,Attack,强攻,Belobog Heavy Industries,A,https://cdn.prydwen.gg/images/zenless-zone-zero/characters/anton.webp,https://www.prydwen.gg/zenless/tier-list,2026-06-15,2.8.3,式舆防卫 2.8.3,0.03,0,ok
20260617,2026-07-05T12:48:56,17/June/2026,2026-06-17,sd,式舆防卫,anton,Anton Ivanov,安东·伊万诺夫,CritDPS,直伤主C,crit_dps,直伤主C,T3,6,,down,,Electric,电,Attack,强攻,Belobog Heavy Industries,A,https://cdn.prydwen.gg/images/zenless-zone-zero/characters/anton.webp,https://www.prydwen.gg/zenless/tier-list,2026-06-21,2.8.3,式舆防卫 2.8.3,0.02,0,ok
20260617,2026-07-05T12:48:56,17/June/2026,2026-06-17,da,危局强袭,anton,Anton Ivanov,安东·伊万诺夫,CritDPS,直伤主C,crit_dps,直伤主C,T3,6,,down,,Electric,电,Attack,强攻,Belobog Heavy Industries,A,https://cdn.prydwen.gg/images/zenless-zone-zero/characters/anton.webp,https://www.prydwen.gg/zenless/tier-list,2026-02-17,2.6.1,危局强袭 2.6.1,0.0,0,ok
20260617,2026-07-05T12:48:56,17/June/2026,2026-06-17,da,危局强袭,anton,Anton Ivanov,安东·伊万诺夫,CritDPS,直伤主C,crit_dps,直伤主C,T3,6,,down,,Electric,电,Attack,强攻,Belobog Heavy Industries,A,https://cdn.prydwen.gg/images/zenless-zone-zero/characters/anton.webp,https://www.prydwen.gg/zenless/tier-list,2026-03-10,2.6.2,危局强袭 2.6.2,0.07,0,ok
20260617,2026-07-05T12:48:56,17/June/2026,2026-06-17,da,危局强袭,anton,Anton Ivanov,安东·伊万诺夫,CritDPS,直伤主C,crit_dps,直伤主C,T3,6,,down,,Electric,电,Attack,强攻,Belobog Heavy Industries,A,https://cdn.prydwen.gg/images/zenless-zone-zero/characters/anton.webp,https://www.prydwen.gg/zenless/tier-list,2026-03-31,2.7.1,危局强袭 2.7.1,0.01,0,ok
20260617,2026-07-05T12:48:56,17/June/2026,2026-06-17,da,危局强袭,anton,Anton Ivanov,安东·伊万诺夫,CritDPS,直伤主C,crit_dps,直伤主C,T3,6,,down,,Electric,电,Attack,强攻,Belobog Heavy Industries,A,https://cdn.prydwen.gg/images/zenless-zone-zero/characters/anton.webp,https://www.prydwen.gg/zenless/tier-list,2026-04-21,2.7.2,危局强袭 2.7.2,0.03,0,ok
20260617,2026-07-05T12:48:56,17/June/2026,2026-06-17,da,危局强袭,anton,Anton Ivanov,安东·伊万诺夫,CritDPS,直伤主C,crit_dps,直伤主C,T3,6,,down,,Electric,电,Attack,强攻,Belobog Heavy Industries,A,https://cdn.prydwen.gg/images/zenless-zone-zero/characters/anton.webp,https://www.prydwen.gg/zenless/tier-list,2026-05-11,2.8.1,危局强袭 2.8.1,0.1,0,ok
20260617,2026-07-05T12:48:56,17/June/2026,2026-06-17,da,危局强袭,anton,Anton Ivanov,安东·伊万诺夫,CritDPS,直伤主C,crit_dps,直伤主C,T3,6,,down,,Electric,电,Attack,强攻,Belobog Heavy Industries,A,https://cdn.prydwen.gg/images/zenless-zone-zero/characters/anton.webp,https://www.prydwen.gg/zenless/tier-list,2026-06-02,2.8.2,危局强袭 2.8.2,0.03,0,ok
20260617,2026-07-05T12:48:56,17/June/2026,2026-06-17,da,危局强袭,anton,Anton Ivanov,安东·伊万诺夫,CritDPS,直伤主C,crit_dps,直伤主C,T3,6,,down,,Electric,电,Attack,强攻,Belobog Heavy Industries,A,https://cdn.prydwen.gg/images/zenless-zone-zero/characters/anton.webp,https://www.prydwen.gg/zenless/tier-list,2026-06-15,2.8.3,危局强袭 2.8.3,0.05,0,ok
20260617,2026-07-05T12:48:56,17/June/2026,2026-06-17,da,危局强袭,anton,Anton Ivanov,安东·伊万诺夫,CritDPS,直伤主C,crit_dps,直伤主C,T3,6,,down,,Electric,电,Attack,强攻,Belobog Heavy Industries,A,https://cdn.prydwen.gg/images/zenless-zone-zero/characters/anton.webp,https://www.prydwen.gg/zenless/tier-list,2026-06-21,3.0.1,危局强袭 3.0.1,0.0,0,ok
20260617,2026-07-05T12:48:56,17/June/2026,2026-06-17,sd,式舆防卫,aria,Aria,爱芮,AnoDPS,异常主C,anomaly_dps,异常主C,T0,11,,,,Ether,以太,Anomaly,异常,Angels of Delusion,S,https://cdn.prydwen.gg/images/zenless-zone-zero/characters/aria.webp,https://www.prydwen.gg/zenless/tier-list,2026-03-10,2.6.3,式舆防卫 2.6.3,26.82,33048,ok
20260617,2026-07-05T12:48:56,17/June/2026,2026-06-17,sd,式舆防卫,aria,Aria,爱芮,AnoDPS,异常主C,anomaly_dps,异常主C,T0,11,,,,Ether,以太,Anomaly,异常,Angels of Delusion,S,https://cdn.prydwen.gg/images/zenless-zone-zero/characters/aria.webp,https://www.prydwen.gg/zenless/tier-list,2026-03-31,2.6.4,式舆防卫 2.6.4,29.79,31125,ok
20260617,2026-07-05T12:48:56,17/June/2026,2026-06-17,sd,式舆防卫,aria,Aria,爱芮,AnoDPS,异常主C,anomaly_dps,异常主C,T0,11,,,,Ether,以太,Anomaly,异常,Angels of Delusion,S,https://cdn.prydwen.gg/images/zenless-zone-zero/characters/aria.webp,https://www.prydwen.gg/zenless/tier-list,2026-04-21,2.7.2,式舆防卫 2.7.2,31.71,32276,ok
20260617,2026-07-05T12:48:56,17/June/2026,2026-06-17,sd,式舆防卫,aria,Aria,爱芮,AnoDPS,异常主C,anomaly_dps,异常主C,T0,11,,,,Ether,以太,Anomaly,异常,Angels of Delusion,S,https://cdn.prydwen.gg/images/zenless-zone-zero/characters/aria.webp,https://www.prydwen.gg/zenless/tier-list,2026-05-11,2.7.3,式舆防卫 2.7.3,30.46,34071,ok
20260617,2026-07-05T12:48:56,17/June/2026,2026-06-17,sd,式舆防卫,aria,Aria,爱芮,AnoDPS,异常主C,anomaly_dps,异常主C,T0,11,,,,Ether,以太,Anomaly,异常,Angels of Delusion,S,https://cdn.prydwen.gg/images/zenless-zone-zero/characters/aria.webp,https://www.prydwen.gg/zenless/tier-list,2026-06-02,2.8.2,式舆防卫 2.8.2,4.68,29076,ok
20260617,2026-07-05T12:48:56,17/June/2026,2026-06-17,sd,式舆防卫,aria,Aria,爱芮,AnoDPS,异常主C,anomaly_dps,异常主C,T0,11,,,,Ether,以太,Anomaly,异常,Angels of Delusion,S,https://cdn.prydwen.gg/images/zenless-zone-zero/characters/aria.webp,https://www.prydwen.gg/zenless/tier-list,2026-06-15,2.8.3,式舆防卫 2.8.3,5.01,30714,ok
20260617,2026-07-05T12:48:56,17/June/2026,2026-06-17,sd,式舆防卫,aria,Aria,爱芮,AnoDPS,异常主C,anomaly_dps,异常主C,T0,11,,,,Ether,以太,Anomaly,异常,Angels of Delusion,S,https://cdn.prydwen.gg/images/zenless-zone-zero/characters/aria.webp,https://www.prydwen.gg/zenless/tier-list,2026-06-21,2.8.3,式舆防卫 2.8.3,5.26,30827,ok
20260617,2026-07-05T12:48:56,17/June/2026,2026-06-17,da,危局强袭,aria,Aria,爱芮,AnoDPS,异常主C,anomaly_dps,异常主C,T0,11,,,,Ether,以太,Anomaly,异常,Angels of Delusion,S,https://cdn.prydwen.gg/images/zenless-zone-zero/characters/aria.webp,https://www.prydwen.gg/zenless/tier-list,2026-03-10,2.6.2,危局强袭 2.6.2,20.21,32957,ok
20260617,2026-07-05T12:48:56,17/June/2026,2026-06-17,da,危局强袭,aria,Aria,爱芮,AnoDPS,异常主C,anomaly_dps,异常主C,T0,11,,,,Ether,以太,Anomaly,异常,Angels of Delusion,S,https://cdn.prydwen.gg/images/zenless-zone-zero/characters/aria.webp,https://www.prydwen.gg/zenless/tier-list,2026-03-31,2.7.1,危局强袭 2.7.1,34.8,28937,ok
20260617,2026-07-05T12:48:56,17/June/2026,2026-06-17,da,危局强袭,aria,Aria,爱芮,AnoDPS,异常主C,anomaly_dps,异常主C,T0,11,,,,Ether,以太,Anomaly,异常,Angels of Delusion,S,https://cdn.prydwen.gg/images/zenless-zone-zero/characters/aria.webp,https://www.prydwen.gg/zenless/tier-list,2026-04-21,2.7.2,危局强袭 2.7.2,40.2,33634,ok
20260617,2026-07-05T12:48:56,17/June/2026,2026-06-17,da,危局强袭,aria,Aria,爱芮,AnoDPS,异常主C,anomaly_dps,异常主C,T0,11,,,,Ether,以太,Anomaly,异常,Angels of Delusion,S,https://cdn.prydwen.gg/images/zenless-zone-zero/characters/aria.webp,https://www.prydwen.gg/zenless/tier-list,2026-05-11,2.8.1,危局强袭 2.8.1,7.08,26051,ok
20260617,2026-07-05T12:48:56,17/June/2026,2026-06-17,da,危局强袭,aria,Aria,爱芮,AnoDPS,异常主C,anomaly_dps,异常主C,T0,11,,,,Ether,以太,Anomaly,异常,Angels of Delusion,S,https://cdn.prydwen.gg/images/zenless-zone-zero/characters/aria.webp,https://www.prydwen.gg/zenless/tier-list,2026-06-02,2.8.2,危局强袭 2.8.2,37.1,27084,ok
20260617,2026-07-05T12:48:56,17/June/2026,2026-06-17,da,危局强袭,aria,Aria,爱芮,AnoDPS,异常主C,anomaly_dps,异常主C,T0,11,,,,Ether,以太,Anomaly,异常,Angels of Delusion,S,https://cdn.prydwen.gg/images/zenless-zone-zero/characters/aria.webp,https://www.prydwen.gg/zenless/tier-list,2026-06-15,2.8.3,危局强袭 2.8.3,12.99,30665,ok
20260617,2026-07-05T12:48:56,17/June/2026,2026-06-17,da,危局强袭,aria,Aria,爱芮,AnoDPS,异常主C,anomaly_dps,异常主C,T0,11,,,,Ether,以太,Anomaly,异常,Angels of Delusion,S,https://cdn.prydwen.gg/images/zenless-zone-zero/characters/aria.webp,https://www.prydwen.gg/zenless/tier-list,2026-06-21,3.0.1,危局强袭 3.0.1,15.48,29554,ok
20260617,2026-07-05T12:48:56,17/June/2026,2026-06-17,sd,式舆防卫,astra-yao,Astra Yao,耀嘉音,Support,辅助,support,辅助,T0.5,10,,down,,Ether,以太,Support,支援,Stars of Lyra,S,https://cdn.prydwen.gg/images/zenless-zone-zero/characters/astra-yao.webp,https://www.prydwen.gg/zenless/tier-list,2026-02-17,2.6.1,式舆防卫 2.6.1,56.76,32242,ok
20260617,2026-07-05T12:48:56,17/June/2026,2026-06-17,sd,式舆防卫,astra-yao,Astra Yao,耀嘉音,Support,辅助,support,辅助,T0.5,10,,down,,Ether,以太,Support,支援,Stars of Lyra,S,https://cdn.prydwen.gg/images/zenless-zone-zero/characters/astra-yao.webp,https://www.prydwen.gg/zenless/tier-list,2026-03-10,2.6.3,式舆防卫 2.6.3,44.25,29956,ok
20260617,2026-07-05T12:48:56,17/June/2026,2026-06-17,sd,式舆防卫,astra-yao,Astra Yao,耀嘉音,Support,辅助,support,辅助,T0.5,10,,down,,Ether,以太,Support,支援,Stars of Lyra,S,https://cdn.prydwen.gg/images/zenless-zone-zero/characters/astra-yao.webp,https://www.prydwen.gg/zenless/tier-list,2026-03-31,2.6.4,式舆防卫 2.6.4,37.01,29560,ok
20260617,2026-07-05T12:48:56,17/June/2026,2026-06-17,sd,式舆防卫,astra-yao,Astra Yao,耀嘉音,Support,辅助,support,辅助,T0.5,10,,down,,Ether,以太,Support,支援,Stars of Lyra,S,https://cdn.prydwen.gg/images/zenless-zone-zero/characters/astra-yao.webp,https://www.prydwen.gg/zenless/tier-list,2026-04-21,2.7.2,式舆防卫 2.7.2,37.05,31356,ok
20260617,2026-07-05T12:48:56,17/June/2026,2026-06-17,sd,式舆防卫,astra-yao,Astra Yao,耀嘉音,Support,辅助,support,辅助,T0.5,10,,down,,Ether,以太,Support,支援,Stars of Lyra,S,https://cdn.prydwen.gg/images/zenless-zone-zero/characters/astra-yao.webp,https://www.prydwen.gg/zenless/tier-list,2026-05-11,2.7.3,式舆防卫 2.7.3,42.62,29760,ok
20260617,2026-07-05T12:48:56,17/June/2026,2026-06-17,sd,式舆防卫,astra-yao,Astra Yao,耀嘉音,Support,辅助,support,辅助,T0.5,10,,down,,Ether,以太,Support,支援,Stars of Lyra,S,https://cdn.prydwen.gg/images/zenless-zone-zero/characters/astra-yao.webp,https://www.prydwen.gg/zenless/tier-list,2026-06-02,2.8.2,式舆防卫 2.8.2,48.98,27672,ok
20260617,2026-07-05T12:48:56,17/June/2026,2026-06-17,sd,式舆防卫,astra-yao,Astra Yao,耀嘉音,Support,辅助,support,辅助,T0.5,10,,down,,Ether,以太,Support,支援,Stars of Lyra,S,https://cdn.prydwen.gg/images/zenless-zone-zero/characters/astra-yao.webp,https://www.prydwen.gg/zenless/tier-list,2026-06-15,2.8.3,式舆防卫 2.8.3,36.91,29289,ok
20260617,2026-07-05T12:48:56,17/June/2026,2026-06-17,sd,式舆防卫,astra-yao,Astra Yao,耀嘉音,Support,辅助,support,辅助,T0.5,10,,down,,Ether,以太,Support,支援,Stars of Lyra,S,https://cdn.prydwen.gg/images/zenless-zone-zero/characters/astra-yao.webp,https://www.prydwen.gg/zenless/tier-list,2026-06-21,2.8.3,式舆防卫 2.8.3,37.91,29006,ok
20260617,2026-07-05T12:48:56,17/June/2026,2026-06-17,da,危局强袭,astra-yao,Astra Yao,耀嘉音,Support,辅助,support,辅助,T0.5,10,,down,,Ether,以太,Support,支援,Stars of Lyra,S,https://cdn.prydwen.gg/images/zenless-zone-zero/characters/astra-yao.webp,https://www.prydwen.gg/zenless/tier-list,2026-02-17,2.6.1,危局强袭 2.6.1,33.93,25525,ok
20260617,2026-07-05T12:48:56,17/June/2026,2026-06-17,da,危局强袭,astra-yao,Astra Yao,耀嘉音,Support,辅助,support,辅助,T0.5,10,,down,,Ether,以太,Support,支援,Stars of Lyra,S,https://cdn.prydwen.gg/images/zenless-zone-zero/characters/astra-yao.webp,https://www.prydwen.gg/zenless/tier-list,2026-03-10,2.6.2,危局强袭 2.6.2,33.91,24372,ok
20260617,2026-07-05T12:48:56,17/June/2026,2026-06-17,da,危局强袭,astra-yao,Astra Yao,耀嘉音,Support,辅助,support,辅助,T0.5,10,,down,,Ether,以太,Support,支援,Stars of Lyra,S,https://cdn.prydwen.gg/images/zenless-zone-zero/characters/astra-yao.webp,https://www.prydwen.gg/zenless/tier-list,2026-03-31,2.7.1,危局强袭 2.7.1,31.51,24346,ok
20260617,2026-07-05T12:48:56,17/June/2026,2026-06-17,da,危局强袭,astra-yao,Astra Yao,耀嘉音,Support,辅助,support,辅助,T0.5,10,,down,,Ether,以太,Support,支援,Stars of Lyra,S,https://cdn.prydwen.gg/images/zenless-zone-zero/characters/astra-yao.webp,https://www.prydwen.gg/zenless/tier-list,2026-04-21,2.7.2,危局强袭 2.7.2,36.32,25063,ok
20260617,2026-07-05T12:48:56,17/June/2026,2026-06-17,da,危局强袭,astra-yao,Astra Yao,耀嘉音,Support,辅助,support,辅助,T0.5,10,,down,,Ether,以太,Support,支援,Stars of Lyra,S,https://cdn.prydwen.gg/images/zenless-zone-zero/characters/astra-yao.webp,https://www.prydwen.gg/zenless/tier-list,2026-05-11,2.8.1,危局强袭 2.8.1,29.34,25345,ok
20260617,2026-07-05T12:48:56,17/June/2026,2026-06-17,da,危局强袭,astra-yao,Astra Yao,耀嘉音,Support,辅助,support,辅助,T0.5,10,,down,,Ether,以太,Support,支援,Stars of Lyra,S,https://cdn.prydwen.gg/images/zenless-zone-zero/characters/astra-yao.webp,https://www.prydwen.gg/zenless/tier-list,2026-06-02,2.8.2,危局强袭 2.8.2,30.7,20343,ok
20260617,2026-07-05T12:48:56,17/June/2026,2026-06-17,da,危局强袭,astra-yao,Astra Yao,耀嘉音,Support,辅助,support,辅助,T0.5,10,,down,,Ether,以太,Support,支援,Stars of Lyra,S,https://cdn.prydwen.gg/images/zenless-zone-zero/characters/astra-yao.webp,https://www.prydwen.gg/zenless/tier-list,2026-06-15,2.8.3,危局强袭 2.8.3,35.89,25527,ok
20260617,2026-07-05T12:48:56,17/June/2026,2026-06-17,da,危局强袭,astra-yao,Astra Yao,耀嘉音,Support,辅助,support,辅助,T0.5,10,,down,,Ether,以太,Support,支援,Stars of Lyra,S,https://cdn.prydwen.gg/images/zenless-zone-zero/characters/astra-yao.webp,https://www.prydwen.gg/zenless/tier-list,2026-06-21,3.0.1,危局强袭 3.0.1,31.88,25204,ok
20260617,2026-07-05T12:48:56,17/June/2026,2026-06-17,sd,式舆防卫,banyue,Banyue,般岳,CritDPS,直伤主C,crit_dps,直伤主C,T0.5,10,Expert,,,Fire,火,Rupture,命破,Krampus Compliance Authority,S,https://cdn.prydwen.gg/images/zenless-zone-zero/characters/banyue.webp,https://www.prydwen.gg/zenless/tier-list,2026-02-17,2.6.1,式舆防卫 2.6.1,3.93,31423,ok
20260617,2026-07-05T12:48:56,17/June/2026,2026-06-17,sd,式舆防卫,banyue,Banyue,般岳,CritDPS,直伤主C,crit_dps,直伤主C,T0.5,10,Expert,,,Fire,火,Rupture,命破,Krampus Compliance Authority,S,https://cdn.prydwen.gg/images/zenless-zone-zero/characters/banyue.webp,https://www.prydwen.gg/zenless/tier-list,2026-03-10,2.6.3,式舆防卫 2.6.3,4.26,32701,ok
20260617,2026-07-05T12:48:56,17/June/2026,2026-06-17,sd,式舆防卫,banyue,Banyue,般岳,CritDPS,直伤主C,crit_dps,直伤主C,T0.5,10,Expert,,,Fire,火,Rupture,命破,Krampus Compliance Authority,S,https://cdn.prydwen.gg/images/zenless-zone-zero/characters/banyue.webp,https://www.prydwen.gg/zenless/tier-list,2026-03-31,2.6.4,式舆防卫 2.6.4,3.25,32415,ok
20260617,2026-07-05T12:48:56,17/June/2026,2026-06-17,sd,式舆防卫,banyue,Banyue,般岳,CritDPS,直伤主C,crit_dps,直伤主C,T0.5,10,Expert,,,Fire,火,Rupture,命破,Krampus Compliance Authority,S,https://cdn.prydwen.gg/images/zenless-zone-zero/characters/banyue.webp,https://www.prydwen.gg/zenless/tier-list,2026-04-21,2.7.2,式舆防卫 2.7.2,2.63,29613,ok
20260617,2026-07-05T12:48:56,17/June/2026,2026-06-17,sd,式舆防卫,banyue,Banyue,般岳,CritDPS,直伤主C,crit_dps,直伤主C,T0.5,10,Expert,,,Fire,火,Rupture,命破,Krampus Compliance Authority,S,https://cdn.prydwen.gg/images/zenless-zone-zero/characters/banyue.webp,https://www.prydwen.gg/zenless/tier-list,2026-05-11,2.7.3,式舆防卫 2.7.3,0.73,27112,ok
20260617,2026-07-05T12:48:56,17/June/2026,2026-06-17,sd,式舆防卫,banyue,Banyue,般岳,CritDPS,直伤主C,crit_dps,直伤主C,T0.5,10,Expert,,,Fire,火,Rupture,命破,Krampus Compliance Authority,S,https://cdn.prydwen.gg/images/zenless-zone-zero/characters/banyue.webp,https://www.prydwen.gg/zenless/tier-list,2026-06-02,2.8.2,式舆防卫 2.8.2,2.61,28573,ok
20260617,2026-07-05T12:48:56,17/June/2026,2026-06-17,sd,式舆防卫,banyue,Banyue,般岳,CritDPS,直伤主C,crit_dps,直伤主C,T0.5,10,Expert,,,Fire,火,Rupture,命破,Krampus Compliance Authority,S,https://cdn.prydwen.gg/images/zenless-zone-zero/characters/banyue.webp,https://www.prydwen.gg/zenless/tier-list,2026-06-15,2.8.3,式舆防卫 2.8.3,2.34,30051,ok
20260617,2026-07-05T12:48:56,17/June/2026,2026-06-17,sd,式舆防卫,banyue,Banyue,般岳,CritDPS,直伤主C,crit_dps,直伤主C,T0.5,10,Expert,,,Fire,火,Rupture,命破,Krampus Compliance Authority,S,https://cdn.prydwen.gg/images/zenless-zone-zero/characters/banyue.webp,https://www.prydwen.gg/zenless/tier-list,2026-06-21,2.8.3,式舆防卫 2.8.3,2.16,29629,ok
20260617,2026-07-05T12:48:56,17/June/2026,2026-06-17,da,危局强袭,banyue,Banyue,般岳,CritDPS,直伤主C,crit_dps,直伤主C,T0.5,10,Expert,,,Fire,火,Rupture,命破,Krampus Compliance Authority,S,https://cdn.prydwen.gg/images/zenless-zone-zero/characters/banyue.webp,https://www.prydwen.gg/zenless/tier-list,2026-02-17,2.6.1,危局强袭 2.6.1,2.01,25399,ok
20260617,2026-07-05T12:48:56,17/June/2026,2026-06-17,da,危局强袭,banyue,Banyue,般岳,CritDPS,直伤主C,crit_dps,直伤主C,T0.5,10,Expert,,,Fire,火,Rupture,命破,Krampus Compliance Authority,S,https://cdn.prydwen.gg/images/zenless-zone-zero/characters/banyue.webp,https://www.prydwen.gg/zenless/tier-list,2026-03-10,2.6.2,危局强袭 2.6.2,5.32,29483,ok
20260617,2026-07-05T12:48:56,17/June/2026,2026-06-17,da,危局强袭,banyue,Banyue,般岳,CritDPS,直伤主C,crit_dps,直伤主C,T0.5,10,Expert,,,Fire,火,Rupture,命破,Krampus Compliance Authority,S,https://cdn.prydwen.gg/images/zenless-zone-zero/characters/banyue.webp,https://www.prydwen.gg/zenless/tier-list,2026-03-31,2.7.1,危局强袭 2.7.1,1.78,26365,ok
20260617,2026-07-05T12:48:56,17/June/2026,2026-06-17,da,危局强袭,banyue,Banyue,般岳,CritDPS,直伤主C,crit_dps,直伤主C,T0.5,10,Expert,,,Fire,火,Rupture,命破,Krampus Compliance Authority,S,https://cdn.prydwen.gg/images/zenless-zone-zero/characters/banyue.webp,https://www.prydwen.gg/zenless/tier-list,2026-04-21,2.7.2,危局强袭 2.7.2,0.99,24362,ok
20260617,2026-07-05T12:48:56,17/June/2026,2026-06-17,da,危局强袭,banyue,Banyue,般岳,CritDPS,直伤主C,crit_dps,直伤主C,T0.5,10,Expert,,,Fire,火,Rupture,命破,Krampus Compliance Authority,S,https://cdn.prydwen.gg/images/zenless-zone-zero/characters/banyue.webp,https://www.prydwen.gg/zenless/tier-list,2026-05-11,2.8.1,危局强袭 2.8.1,4.83,26837,ok
20260617,2026-07-05T12:48:56,17/June/2026,2026-06-17,da,危局强袭,banyue,Banyue,般岳,CritDPS,直伤主C,crit_dps,直伤主C,T0.5,10,Expert,,,Fire,火,Rupture,命破,Krampus Compliance Authority,S,https://cdn.prydwen.gg/images/zenless-zone-zero/characters/banyue.webp,https://www.prydwen.gg/zenless/tier-list,2026-06-02,2.8.2,危局强袭 2.8.2,1.18,23297,ok
20260617,2026-07-05T12:48:56,17/June/2026,2026-06-17,da,危局强袭,banyue,Banyue,般岳,CritDPS,直伤主C,crit_dps,直伤主C,T0.5,10,Expert,,,Fire,火,Rupture,命破,Krampus Compliance Authority,S,https://cdn.prydwen.gg/images/zenless-zone-zero/characters/banyue.webp,https://www.prydwen.gg/zenless/tier-list,2026-06-15,2.8.3,危局强袭 2.8.3,0.74,26785,ok
20260617,2026-07-05T12:48:56,17/June/2026,2026-06-17,da,危局强袭,banyue,Banyue,般岳,CritDPS,直伤主C,crit_dps,直伤主C,T0.5,10,Expert,,,Fire,火,Rupture,命破,Krampus Compliance Authority,S,https://cdn.prydwen.gg/images/zenless-zone-zero/characters/banyue.webp,https://www.prydwen.gg/zenless/tier-list,2026-06-21,3.0.1,危局强袭 3.0.1,0.56,28623,ok
20260617,2026-07-05T12:48:56,17/June/2026,2026-06-17,sd,式舆防卫,ben,Ben Bigger,本·比格,CritDPS,直伤主C,crit_dps,直伤主C,T3,6,,,,Fire,火,Defence,防护,Belobog Heavy Industries,A,https://cdn.prydwen.gg/images/zenless-zone-zero/characters/ben.webp,https://www.prydwen.gg/zenless/tier-list,2026-02-17,2.6.1,式舆防卫 2.6.1,0.06,0,ok
20260617,2026-07-05T12:48:56,17/June/2026,2026-06-17,sd,式舆防卫,ben,Ben Bigger,本·比格,CritDPS,直伤主C,crit_dps,直伤主C,T3,6,,,,Fire,火,Defence,防护,Belobog Heavy Industries,A,https://cdn.prydwen.gg/images/zenless-zone-zero/characters/ben.webp,https://www.prydwen.gg/zenless/tier-list,2026-03-10,2.6.3,式舆防卫 2.6.3,0.03,0,ok
20260617,2026-07-05T12:48:56,17/June/2026,2026-06-17,sd,式舆防卫,ben,Ben Bigger,本·比格,CritDPS,直伤主C,crit_dps,直伤主C,T3,6,,,,Fire,火,Defence,防护,Belobog Heavy Industries,A,https://cdn.prydwen.gg/images/zenless-zone-zero/characters/ben.webp,https://www.prydwen.gg/zenless/tier-list,2026-03-31,2.6.4,式舆防卫 2.6.4,0.03,0,ok
20260617,2026-07-05T12:48:56,17/June/2026,2026-06-17,sd,式舆防卫,ben,Ben Bigger,本·比格,CritDPS,直伤主C,crit_dps,直伤主C,T3,6,,,,Fire,火,Defence,防护,Belobog Heavy Industries,A,https://cdn.prydwen.gg/images/zenless-zone-zero/characters/ben.webp,https://www.prydwen.gg/zenless/tier-list,2026-04-21,2.7.2,式舆防卫 2.7.2,0.03,0,ok
20260617,2026-07-05T12:48:56,17/June/2026,2026-06-17,sd,式舆防卫,ben,Ben Bigger,本·比格,CritDPS,直伤主C,crit_dps,直伤主C,T3,6,,,,Fire,火,Defence,防护,Belobog Heavy Industries,A,https://cdn.prydwen.gg/images/zenless-zone-zero/characters/ben.webp,https://www.prydwen.gg/zenless/tier-list,2026-05-11,2.7.3,式舆防卫 2.7.3,0.02,0,ok
20260617,2026-07-05T12:48:56,17/June/2026,2026-06-17,sd,式舆防卫,ben,Ben Bigger,本·比格,CritDPS,直伤主C,crit_dps,直伤主C,T3,6,,,,Fire,火,Defence,防护,Belobog Heavy Industries,A,https://cdn.prydwen.gg/images/zenless-zone-zero/characters/ben.webp,https://www.prydwen.gg/zenless/tier-list,2026-06-02,2.8.2,式舆防卫 2.8.2,0.04,0,ok
20260617,2026-07-05T12:48:56,17/June/2026,2026-06-17,sd,式舆防卫,ben,Ben Bigger,本·比格,CritDPS,直伤主C,crit_dps,直伤主C,T3,6,,,,Fire,火,Defence,防护,Belobog Heavy Industries,A,https://cdn.prydwen.gg/images/zenless-zone-zero/characters/ben.webp,https://www.prydwen.gg/zenless/tier-list,2026-06-15,2.8.3,式舆防卫 2.8.3,0.04,0,ok
20260617,2026-07-05T12:48:56,17/June/2026,2026-06-17,sd,式舆防卫,ben,Ben Bigger,本·比格,CritDPS,直伤主C,crit_dps,直伤主C,T3,6,,,,Fire,火,Defence,防护,Belobog Heavy Industries,A,https://cdn.prydwen.gg/images/zenless-zone-zero/characters/ben.webp,https://www.prydwen.gg/zenless/tier-list,2026-06-21,2.8.3,式舆防卫 2.8.3,0.03,0,ok
20260617,2026-07-05T12:48:56,17/June/2026,2026-06-17,da,危局强袭,ben,Ben Bigger,本·比格,CritDPS,直伤主C,crit_dps,直伤主C,T3,6,,,,Fire,火,Defence,防护,Belobog Heavy Industries,A,https://cdn.prydwen.gg/images/zenless-zone-zero/characters/ben.webp,https://www.prydwen.gg/zenless/tier-list,2026-02-17,2.6.1,危局强袭 2.6.1,0.04,0,ok
20260617,2026-07-05T12:48:56,17/June/2026,2026-06-17,da,危局强袭,ben,Ben Bigger,本·比格,CritDPS,直伤主C,crit_dps,直伤主C,T3,6,,,,Fire,火,Defence,防护,Belobog Heavy Industries,A,https://cdn.prydwen.gg/images/zenless-zone-zero/characters/ben.webp,https://www.prydwen.gg/zenless/tier-list,2026-03-10,2.6.2,危局强袭 2.6.2,0.02,0,ok
20260617,2026-07-05T12:48:56,17/June/2026,2026-06-17,da,危局强袭,ben,Ben Bigger,本·比格,CritDPS,直伤主C,crit_dps,直伤主C,T3,6,,,,Fire,火,Defence,防护,Belobog Heavy Industries,A,https://cdn.prydwen.gg/images/zenless-zone-zero/characters/ben.webp,https://www.prydwen.gg/zenless/tier-list,2026-03-31,2.7.1,危局强袭 2.7.1,0.04,0,ok
20260617,2026-07-05T12:48:56,17/June/2026,2026-06-17,da,危局强袭,ben,Ben Bigger,本·比格,CritDPS,直伤主C,crit_dps,直伤主C,T3,6,,,,Fire,火,Defence,防护,Belobog Heavy Industries,A,https://cdn.prydwen.gg/images/zenless-zone-zero/characters/ben.webp,https://www.prydwen.gg/zenless/tier-list,2026-04-21,2.7.2,危局强袭 2.7.2,0.02,0,ok
20260617,2026-07-05T12:48:56,17/June/2026,2026-06-17,da,危局强袭,ben,Ben Bigger,本·比格,CritDPS,直伤主C,crit_dps,直伤主C,T3,6,,,,Fire,火,Defence,防护,Belobog Heavy Industries,A,https://cdn.prydwen.gg/images/zenless-zone-zero/characters/ben.webp,https://www.prydwen.gg/zenless/tier-list,2026-05-11,2.8.1,危局强袭 2.8.1,0.02,0,ok
20260617,2026-07-05T12:48:56,17/June/2026,2026-06-17,da,危局强袭,ben,Ben Bigger,本·比格,CritDPS,直伤主C,crit_dps,直伤主C,T3,6,,,,Fire,火,Defence,防护,Belobog Heavy Industries,A,https://cdn.prydwen.gg/images/zenless-zone-zero/characters/ben.webp,https://www.prydwen.gg/zenless/tier-list,2026-06-02,2.8.2,危局强袭 2.8.2,0.01,0,ok
20260617,2026-07-05T12:48:56,17/June/2026,2026-06-17,da,危局强袭,ben,Ben Bigger,本·比格,CritDPS,直伤主C,crit_dps,直伤主C,T3,6,,,,Fire,火,Defence,防护,Belobog Heavy Industries,A,https://cdn.prydwen.gg/images/zenless-zone-zero/characters/ben.webp,https://www.prydwen.gg/zenless/tier-list,2026-06-15,2.8.3,危局强袭 2.8.3,0.02,0,ok
20260617,2026-07-05T12:48:56,17/June/2026,2026-06-17,da,危局强袭,ben,Ben Bigger,本·比格,CritDPS,直伤主C,crit_dps,直伤主C,T3,6,,,,Fire,火,Defence,防护,Belobog Heavy Industries,A,https://cdn.prydwen.gg/images/zenless-zone-zero/characters/ben.webp,https://www.prydwen.gg/zenless/tier-list,2026-06-21,3.0.1,危局强袭 3.0.1,0.02,0,ok
20260617,2026-07-05T12:48:56,17/June/2026,2026-06-17,sd,式舆防卫,billy-kid,Billy Kid,比利·奇德,CritDPS,直伤主C,crit_dps,直伤主C,T2,7,,,,Physical,物理,Attack,强攻,Cunning Hares,A,https://cdn.prydwen.gg/images/zenless-zone-zero/characters/billy-kid.webp,https://www.prydwen.gg/zenless/tier-list,2026-02-17,2.6.1,式舆防卫 2.6.1,0.2,27428,ok
20260617,2026-07-05T12:48:56,17/June/2026,2026-06-17,sd,式舆防卫,billy-kid,Billy Kid,比利·奇德,CritDPS,直伤主C,crit_dps,直伤主C,T2,7,,,,Physical,物理,Attack,强攻,Cunning Hares,A,https://cdn.prydwen.gg/images/zenless-zone-zero/characters/billy-kid.webp,https://www.prydwen.gg/zenless/tier-list,2026-03-10,2.6.3,式舆防卫 2.6.3,0.16,27823,ok
20260617,2026-07-05T12:48:56,17/June/2026,2026-06-17,sd,式舆防卫,billy-kid,Billy Kid,比利·奇德,CritDPS,直伤主C,crit_dps,直伤主C,T2,7,,,,Physical,物理,Attack,强攻,Cunning Hares,A,https://cdn.prydwen.gg/images/zenless-zone-zero/characters/billy-kid.webp,https://www.prydwen.gg/zenless/tier-list,2026-03-31,2.6.4,式舆防卫 2.6.4,0.17,26744,ok
20260617,2026-07-05T12:48:56,17/June/2026,2026-06-17,sd,式舆防卫,billy-kid,Billy Kid,比利·奇德,CritDPS,直伤主C,crit_dps,直伤主C,T2,7,,,,Physical,物理,Attack,强攻,Cunning Hares,A,https://cdn.prydwen.gg/images/zenless-zone-zero/characters/billy-kid.webp,https://www.prydwen.gg/zenless/tier-list,2026-04-21,2.7.2,式舆防卫 2.7.2,0.09,0,ok
20260617,2026-07-05T12:48:56,17/June/2026,2026-06-17,sd,式舆防卫,billy-kid,Billy Kid,比利·奇德,CritDPS,直伤主C,crit_dps,直伤主C,T2,7,,,,Physical,物理,Attack,强攻,Cunning Hares,A,https://cdn.prydwen.gg/images/zenless-zone-zero/characters/billy-kid.webp,https://www.prydwen.gg/zenless/tier-list,2026-05-11,2.7.3,式舆防卫 2.7.3,0.16,28296,ok
20260617,2026-07-05T12:48:56,17/June/2026,2026-06-17,sd,式舆防卫,billy-kid,Billy Kid,比利·奇德,CritDPS,直伤主C,crit_dps,直伤主C,T2,7,,,,Physical,物理,Attack,强攻,Cunning Hares,A,https://cdn.prydwen.gg/images/zenless-zone-zero/characters/billy-kid.webp,https://www.prydwen.gg/zenless/tier-list,2026-06-02,2.8.2,式舆防卫 2.8.2,0.04,0,ok
20260617,2026-07-05T12:48:56,17/June/2026,2026-06-17,sd,式舆防卫,billy-kid,Billy Kid,比利·奇德,CritDPS,直伤主C,crit_dps,直伤主C,T2,7,,,,Physical,物理,Attack,强攻,Cunning Hares,A,https://cdn.prydwen.gg/images/zenless-zone-zero/characters/billy-kid.webp,https://www.prydwen.gg/zenless/tier-list,2026-06-15,2.8.3,式舆防卫 2.8.3,0.09,0,ok
20260617,2026-07-05T12:48:56,17/June/2026,2026-06-17,sd,式舆防卫,billy-kid,Billy Kid,比利·奇德,CritDPS,直伤主C,crit_dps,直伤主C,T2,7,,,,Physical,物理,Attack,强攻,Cunning Hares,A,https://cdn.prydwen.gg/images/zenless-zone-zero/characters/billy-kid.webp,https://www.prydwen.gg/zenless/tier-list,2026-06-21,2.8.3,式舆防卫 2.8.3,0.05,0,ok
20260617,2026-07-05T12:48:56,17/June/2026,2026-06-17,da,危局强袭,billy-kid,Billy Kid,比利·奇德,CritDPS,直伤主C,crit_dps,直伤主C,T2,7,,,,Physical,物理,Attack,强攻,Cunning Hares,A,https://cdn.prydwen.gg/images/zenless-zone-zero/characters/billy-kid.webp,https://www.prydwen.gg/zenless/tier-list,2026-02-17,2.6.1,危局强袭 2.6.1,0.24,20616,ok
20260617,2026-07-05T12:48:56,17/June/2026,2026-06-17,da,危局强袭,billy-kid,Billy Kid,比利·奇德,CritDPS,直伤主C,crit_dps,直伤主C,T2,7,,,,Physical,物理,Attack,强攻,Cunning Hares,A,https://cdn.prydwen.gg/images/zenless-zone-zero/characters/billy-kid.webp,https://www.prydwen.gg/zenless/tier-list,2026-03-10,2.6.2,危局强袭 2.6.2,0.21,22312,ok
20260617,2026-07-05T12:48:56,17/June/2026,2026-06-17,da,危局强袭,billy-kid,Billy Kid,比利·奇德,CritDPS,直伤主C,crit_dps,直伤主C,T2,7,,,,Physical,物理,Attack,强攻,Cunning Hares,A,https://cdn.prydwen.gg/images/zenless-zone-zero/characters/billy-kid.webp,https://www.prydwen.gg/zenless/tier-list,2026-03-31,2.7.1,危局强袭 2.7.1,0.03,0,ok
20260617,2026-07-05T12:48:56,17/June/2026,2026-06-17,da,危局强袭,billy-kid,Billy Kid,比利·奇德,CritDPS,直伤主C,crit_dps,直伤主C,T2,7,,,,Physical,物理,Attack,强攻,Cunning Hares,A,https://cdn.prydwen.gg/images/zenless-zone-zero/characters/billy-kid.webp,https://www.prydwen.gg/zenless/tier-list,2026-04-21,2.7.2,危局强袭 2.7.2,0.23,22862,ok
20260617,2026-07-05T12:48:56,17/June/2026,2026-06-17,da,危局强袭,billy-kid,Billy Kid,比利·奇德,CritDPS,直伤主C,crit_dps,直伤主C,T2,7,,,,Physical,物理,Attack,强攻,Cunning Hares,A,https://cdn.prydwen.gg/images/zenless-zone-zero/characters/billy-kid.webp,https://www.prydwen.gg/zenless/tier-list,2026-05-11,2.8.1,危局强袭 2.8.1,0.15,21542,ok
20260617,2026-07-05T12:48:56,17/June/2026,2026-06-17,da,危局强袭,billy-kid,Billy Kid,比利·奇德,CritDPS,直伤主C,crit_dps,直伤主C,T2,7,,,,Physical,物理,Attack,强攻,Cunning Hares,A,https://cdn.prydwen.gg/images/zenless-zone-zero/characters/billy-kid.webp,https://www.prydwen.gg/zenless/tier-list,2026-06-02,2.8.2,危局强袭 2.8.2,0.08,0,ok
20260617,2026-07-05T12:48:56,17/June/2026,2026-06-17,da,危局强袭,billy-kid,Billy Kid,比利·奇德,CritDPS,直伤主C,crit_dps,直伤主C,T2,7,,,,Physical,物理,Attack,强攻,Cunning Hares,A,https://cdn.prydwen.gg/images/zenless-zone-zero/characters/billy-kid.webp,https://www.prydwen.gg/zenless/tier-list,2026-06-15,2.8.3,危局强袭 2.8.3,0.12,21019,ok
20260617,2026-07-05T12:48:56,17/June/2026,2026-06-17,da,危局强袭,billy-kid,Billy Kid,比利·奇德,CritDPS,直伤主C,crit_dps,直伤主C,T2,7,,,,Physical,物理,Attack,强攻,Cunning Hares,A,https://cdn.prydwen.gg/images/zenless-zone-zero/characters/billy-kid.webp,https://www.prydwen.gg/zenless/tier-list,2026-06-21,3.0.1,危局强袭 3.0.1,0.02,0,ok
20260617,2026-07-05T12:48:56,17/June/2026,2026-06-17,sd,式舆防卫,billy-starlight,Starlight - Billy,星徽·比利,CritDPS,直伤主C,crit_dps,直伤主C,T0.5,10,,,,Physical,物理,Rupture,命破,Cunning Hares,S,https://cdn.prydwen.gg/images/zenless-zone-zero/characters/billy-starlight.webp,https://www.prydwen.gg/zenless/tier-list,2026-06-02,2.8.2,式舆防卫 2.8.2,14.92,32189,ok
20260617,2026-07-05T12:48:56,17/June/2026,2026-06-17,sd,式舆防卫,billy-starlight,Starlight - Billy,星徽·比利,CritDPS,直伤主C,crit_dps,直伤主C,T0.5,10,,,,Physical,物理,Rupture,命破,Cunning Hares,S,https://cdn.prydwen.gg/images/zenless-zone-zero/characters/billy-starlight.webp,https://www.prydwen.gg/zenless/tier-list,2026-06-15,2.8.3,式舆防卫 2.8.3,17.45,33165,ok
20260617,2026-07-05T12:48:56,17/June/2026,2026-06-17,sd,式舆防卫,billy-starlight,Starlight - Billy,星徽·比利,CritDPS,直伤主C,crit_dps,直伤主C,T0.5,10,,,,Physical,物理,Rupture,命破,Cunning Hares,S,https://cdn.prydwen.gg/images/zenless-zone-zero/characters/billy-starlight.webp,https://www.prydwen.gg/zenless/tier-list,2026-06-21,2.8.3,式舆防卫 2.8.3,15.86,32895,ok
20260617,2026-07-05T12:48:56,17/June/2026,2026-06-17,da,危局强袭,billy-starlight,Starlight - Billy,星徽·比利,CritDPS,直伤主C,crit_dps,直伤主C,T0.5,10,,,,Physical,物理,Rupture,命破,Cunning Hares,S,https://cdn.prydwen.gg/images/zenless-zone-zero/characters/billy-starlight.webp,https://www.prydwen.gg/zenless/tier-list,2026-06-02,2.8.2,危局强袭 2.8.2,7.38,31168,ok
20260617,2026-07-05T12:48:56,17/June/2026,2026-06-17,da,危局强袭,billy-starlight,Starlight - Billy,星徽·比利,CritDPS,直伤主C,crit_dps,直伤主C,T0.5,10,,,,Physical,物理,Rupture,命破,Cunning Hares,S,https://cdn.prydwen.gg/images/zenless-zone-zero/characters/billy-starlight.webp,https://www.prydwen.gg/zenless/tier-list,2026-06-15,2.8.3,危局强袭 2.8.3,14.47,31642,ok
20260617,2026-07-05T12:48:56,17/June/2026,2026-06-17,da,危局强袭,billy-starlight,Starlight - Billy,星徽·比利,CritDPS,直伤主C,crit_dps,直伤主C,T0.5,10,,,,Physical,物理,Rupture,命破,Cunning Hares,S,https://cdn.prydwen.gg/images/zenless-zone-zero/characters/billy-starlight.webp,https://www.prydwen.gg/zenless/tier-list,2026-06-21,3.0.1,危局强袭 3.0.1,10.84,32269,ok
20260617,2026-07-05T12:48:56,17/June/2026,2026-06-17,sd,式舆防卫,burnice,Burnice White,柏妮思·怀特,AnoDPS,异常主C,anomaly_dps,异常主C,T1,9,,,,Fire,火,Anomaly,异常,Sons of Calydon,S,https://cdn.prydwen.gg/images/zenless-zone-zero/characters/burnice.webp,https://www.prydwen.gg/zenless/tier-list,2026-02-17,2.6.1,式舆防卫 2.6.1,7.93,30681,ok
20260617,2026-07-05T12:48:56,17/June/2026,2026-06-17,sd,式舆防卫,burnice,Burnice White,柏妮思·怀特,AnoDPS,异常主C,anomaly_dps,异常主C,T1,9,,,,Fire,火,Anomaly,异常,Sons of Calydon,S,https://cdn.prydwen.gg/images/zenless-zone-zero/characters/burnice.webp,https://www.prydwen.gg/zenless/tier-list,2026-03-10,2.6.3,式舆防卫 2.6.3,7.44,28915,ok
20260617,2026-07-05T12:48:56,17/June/2026,2026-06-17,sd,式舆防卫,burnice,Burnice White,柏妮思·怀特,AnoDPS,异常主C,anomaly_dps,异常主C,T1,9,,,,Fire,火,Anomaly,异常,Sons of Calydon,S,https://cdn.prydwen.gg/images/zenless-zone-zero/characters/burnice.webp,https://www.prydwen.gg/zenless/tier-list,2026-03-31,2.6.4,式舆防卫 2.6.4,12.06,28722,ok
20260617,2026-07-05T12:48:56,17/June/2026,2026-06-17,sd,式舆防卫,burnice,Burnice White,柏妮思·怀特,AnoDPS,异常主C,anomaly_dps,异常主C,T1,9,,,,Fire,火,Anomaly,异常,Sons of Calydon,S,https://cdn.prydwen.gg/images/zenless-zone-zero/characters/burnice.webp,https://www.prydwen.gg/zenless/tier-list,2026-04-21,2.7.2,式舆防卫 2.7.2,6.99,28744,ok
20260617,2026-07-05T12:48:56,17/June/2026,2026-06-17,sd,式舆防卫,burnice,Burnice White,柏妮思·怀特,AnoDPS,异常主C,anomaly_dps,异常主C,T1,9,,,,Fire,火,Anomaly,异常,Sons of Calydon,S,https://cdn.prydwen.gg/images/zenless-zone-zero/characters/burnice.webp,https://www.prydwen.gg/zenless/tier-list,2026-05-11,2.7.3,式舆防卫 2.7.3,4.2,29580,ok
20260617,2026-07-05T12:48:56,17/June/2026,2026-06-17,sd,式舆防卫,burnice,Burnice White,柏妮思·怀特,AnoDPS,异常主C,anomaly_dps,异常主C,T1,9,,,,Fire,火,Anomaly,异常,Sons of Calydon,S,https://cdn.prydwen.gg/images/zenless-zone-zero/characters/burnice.webp,https://www.prydwen.gg/zenless/tier-list,2026-06-02,2.8.2,式舆防卫 2.8.2,6.8,26617,ok
20260617,2026-07-05T12:48:56,17/June/2026,2026-06-17,sd,式舆防卫,burnice,Burnice White,柏妮思·怀特,AnoDPS,异常主C,anomaly_dps,异常主C,T1,9,,,,Fire,火,Anomaly,异常,Sons of Calydon,S,https://cdn.prydwen.gg/images/zenless-zone-zero/characters/burnice.webp,https://www.prydwen.gg/zenless/tier-list,2026-06-15,2.8.3,式舆防卫 2.8.3,5.99,29105,ok
20260617,2026-07-05T12:48:56,17/June/2026,2026-06-17,sd,式舆防卫,burnice,Burnice White,柏妮思·怀特,AnoDPS,异常主C,anomaly_dps,异常主C,T1,9,,,,Fire,火,Anomaly,异常,Sons of Calydon,S,https://cdn.prydwen.gg/images/zenless-zone-zero/characters/burnice.webp,https://www.prydwen.gg/zenless/tier-list,2026-06-21,2.8.3,式舆防卫 2.8.3,6.53,29115,ok
20260617,2026-07-05T12:48:56,17/June/2026,2026-06-17,da,危局强袭,burnice,Burnice White,柏妮思·怀特,AnoDPS,异常主C,anomaly_dps,异常主C,T1,9,,,,Fire,火,Anomaly,异常,Sons of Calydon,S,https://cdn.prydwen.gg/images/zenless-zone-zero/characters/burnice.webp,https://www.prydwen.gg/zenless/tier-list,2026-02-17,2.6.1,危局强袭 2.6.1,7.09,27559,ok
20260617,2026-07-05T12:48:56,17/June/2026,2026-06-17,da,危局强袭,burnice,Burnice White,柏妮思·怀特,AnoDPS,异常主C,anomaly_dps,异常主C,T1,9,,,,Fire,火,Anomaly,异常,Sons of Calydon,S,https://cdn.prydwen.gg/images/zenless-zone-zero/characters/burnice.webp,https://www.prydwen.gg/zenless/tier-list,2026-03-10,2.6.2,危局强袭 2.6.2,3.6,21365,ok
20260617,2026-07-05T12:48:56,17/June/2026,2026-06-17,da,危局强袭,burnice,Burnice White,柏妮思·怀特,AnoDPS,异常主C,anomaly_dps,异常主C,T1,9,,,,Fire,火,Anomaly,异常,Sons of Calydon,S,https://cdn.prydwen.gg/images/zenless-zone-zero/characters/burnice.webp,https://www.prydwen.gg/zenless/tier-list,2026-03-31,2.7.1,危局强袭 2.7.1,4.19,26000,ok
20260617,2026-07-05T12:48:56,17/June/2026,2026-06-17,da,危局强袭,burnice,Burnice White,柏妮思·怀特,AnoDPS,异常主C,anomaly_dps,异常主C,T1,9,,,,Fire,火,Anomaly,异常,Sons of Calydon,S,https://cdn.prydwen.gg/images/zenless-zone-zero/characters/burnice.webp,https://www.prydwen.gg/zenless/tier-list,2026-04-21,2.7.2,危局强袭 2.7.2,0.64,21471,ok
20260617,2026-07-05T12:48:56,17/June/2026,2026-06-17,da,危局强袭,burnice,Burnice White,柏妮思·怀特,AnoDPS,异常主C,anomaly_dps,异常主C,T1,9,,,,Fire,火,Anomaly,异常,Sons of Calydon,S,https://cdn.prydwen.gg/images/zenless-zone-zero/characters/burnice.webp,https://www.prydwen.gg/zenless/tier-list,2026-05-11,2.8.1,危局强袭 2.8.1,2.37,22690,ok
20260617,2026-07-05T12:48:56,17/June/2026,2026-06-17,da,危局强袭,burnice,Burnice White,柏妮思·怀特,AnoDPS,异常主C,anomaly_dps,异常主C,T1,9,,,,Fire,火,Anomaly,异常,Sons of Calydon,S,https://cdn.prydwen.gg/images/zenless-zone-zero/characters/burnice.webp,https://www.prydwen.gg/zenless/tier-list,2026-06-02,2.8.2,危局强袭 2.8.2,4.89,19027,ok
20260617,2026-07-05T12:48:56,17/June/2026,2026-06-17,da,危局强袭,burnice,Burnice White,柏妮思·怀特,AnoDPS,异常主C,anomaly_dps,异常主C,T1,9,,,,Fire,火,Anomaly,异常,Sons of Calydon,S,https://cdn.prydwen.gg/images/zenless-zone-zero/characters/burnice.webp,https://www.prydwen.gg/zenless/tier-list,2026-06-15,2.8.3,危局强袭 2.8.3,0.48,21230,ok
20260617,2026-07-05T12:48:56,17/June/2026,2026-06-17,da,危局强袭,burnice,Burnice White,柏妮思·怀特,AnoDPS,异常主C,anomaly_dps,异常主C,T1,9,,,,Fire,火,Anomaly,异常,Sons of Calydon,S,https://cdn.prydwen.gg/images/zenless-zone-zero/characters/burnice.webp,https://www.prydwen.gg/zenless/tier-list,2026-06-21,3.0.1,危局强袭 3.0.1,6.06,30331,ok
20260617,2026-07-05T12:48:56,17/June/2026,2026-06-17,sd,式舆防卫,caesar,Caesar King,凯撒·金,Support,辅助,support,辅助,T2,7,,,,Physical,物理,Defence,防护,Sons of Calydon,S,https://cdn.prydwen.gg/images/zenless-zone-zero/characters/caesar.webp,https://www.prydwen.gg/zenless/tier-list,2026-02-17,2.6.1,式舆防卫 2.6.1,2.79,29186,ok
20260617,2026-07-05T12:48:56,17/June/2026,2026-06-17,sd,式舆防卫,caesar,Caesar King,凯撒·金,Support,辅助,support,辅助,T2,7,,,,Physical,物理,Defence,防护,Sons of Calydon,S,https://cdn.prydwen.gg/images/zenless-zone-zero/characters/caesar.webp,https://www.prydwen.gg/zenless/tier-list,2026-03-10,2.6.3,式舆防卫 2.6.3,1.76,30936,ok
20260617,2026-07-05T12:48:56,17/June/2026,2026-06-17,sd,式舆防卫,caesar,Caesar King,凯撒·金,Support,辅助,support,辅助,T2,7,,,,Physical,物理,Defence,防护,Sons of Calydon,S,https://cdn.prydwen.gg/images/zenless-zone-zero/characters/caesar.webp,https://www.prydwen.gg/zenless/tier-list,2026-03-31,2.6.4,式舆防卫 2.6.4,1.62,30247,ok
20260617,2026-07-05T12:48:56,17/June/2026,2026-06-17,sd,式舆防卫,caesar,Caesar King,凯撒·金,Support,辅助,support,辅助,T2,7,,,,Physical,物理,Defence,防护,Sons of Calydon,S,https://cdn.prydwen.gg/images/zenless-zone-zero/characters/caesar.webp,https://www.prydwen.gg/zenless/tier-list,2026-04-21,2.7.2,式舆防卫 2.7.2,1.2,28749,ok
20260617,2026-07-05T12:48:56,17/June/2026,2026-06-17,sd,式舆防卫,caesar,Caesar King,凯撒·金,Support,辅助,support,辅助,T2,7,,,,Physical,物理,Defence,防护,Sons of Calydon,S,https://cdn.prydwen.gg/images/zenless-zone-zero/characters/caesar.webp,https://www.prydwen.gg/zenless/tier-list,2026-05-11,2.7.3,式舆防卫 2.7.3,1.22,28154,ok
20260617,2026-07-05T12:48:56,17/June/2026,2026-06-17,sd,式舆防卫,caesar,Caesar King,凯撒·金,Support,辅助,support,辅助,T2,7,,,,Physical,物理,Defence,防护,Sons of Calydon,S,https://cdn.prydwen.gg/images/zenless-zone-zero/characters/caesar.webp,https://www.prydwen.gg/zenless/tier-list,2026-06-02,2.8.2,式舆防卫 2.8.2,1.76,25132,ok
20260617,2026-07-05T12:48:56,17/June/2026,2026-06-17,sd,式舆防卫,caesar,Caesar King,凯撒·金,Support,辅助,support,辅助,T2,7,,,,Physical,物理,Defence,防护,Sons of Calydon,S,https://cdn.prydwen.gg/images/zenless-zone-zero/characters/caesar.webp,https://www.prydwen.gg/zenless/tier-list,2026-06-15,2.8.3,式舆防卫 2.8.3,1.43,29891,ok
20260617,2026-07-05T12:48:56,17/June/2026,2026-06-17,sd,式舆防卫,caesar,Caesar King,凯撒·金,Support,辅助,support,辅助,T2,7,,,,Physical,物理,Defence,防护,Sons of Calydon,S,https://cdn.prydwen.gg/images/zenless-zone-zero/characters/caesar.webp,https://www.prydwen.gg/zenless/tier-list,2026-06-21,2.8.3,式舆防卫 2.8.3,1.36,29264,ok
20260617,2026-07-05T12:48:56,17/June/2026,2026-06-17,da,危局强袭,caesar,Caesar King,凯撒·金,Support,辅助,support,辅助,T2,7,,,,Physical,物理,Defence,防护,Sons of Calydon,S,https://cdn.prydwen.gg/images/zenless-zone-zero/characters/caesar.webp,https://www.prydwen.gg/zenless/tier-list,2026-02-17,2.6.1,危局强袭 2.6.1,1.27,22605,ok
20260617,2026-07-05T12:48:56,17/June/2026,2026-06-17,da,危局强袭,caesar,Caesar King,凯撒·金,Support,辅助,support,辅助,T2,7,,,,Physical,物理,Defence,防护,Sons of Calydon,S,https://cdn.prydwen.gg/images/zenless-zone-zero/characters/caesar.webp,https://www.prydwen.gg/zenless/tier-list,2026-03-10,2.6.2,危局强袭 2.6.2,1.56,23544,ok
20260617,2026-07-05T12:48:56,17/June/2026,2026-06-17,da,危局强袭,caesar,Caesar King,凯撒·金,Support,辅助,support,辅助,T2,7,,,,Physical,物理,Defence,防护,Sons of Calydon,S,https://cdn.prydwen.gg/images/zenless-zone-zero/characters/caesar.webp,https://www.prydwen.gg/zenless/tier-list,2026-03-31,2.7.1,危局强袭 2.7.1,0.94,22711,ok
20260617,2026-07-05T12:48:56,17/June/2026,2026-06-17,da,危局强袭,caesar,Caesar King,凯撒·金,Support,辅助,support,辅助,T2,7,,,,Physical,物理,Defence,防护,Sons of Calydon,S,https://cdn.prydwen.gg/images/zenless-zone-zero/characters/caesar.webp,https://www.prydwen.gg/zenless/tier-list,2026-04-21,2.7.2,危局强袭 2.7.2,1.3,23802,ok
20260617,2026-07-05T12:48:56,17/June/2026,2026-06-17,da,危局强袭,caesar,Caesar King,凯撒·金,Support,辅助,support,辅助,T2,7,,,,Physical,物理,Defence,防护,Sons of Calydon,S,https://cdn.prydwen.gg/images/zenless-zone-zero/characters/caesar.webp,https://www.prydwen.gg/zenless/tier-list,2026-05-11,2.8.1,危局强袭 2.8.1,0.84,22513,ok
20260617,2026-07-05T12:48:56,17/June/2026,2026-06-17,da,危局强袭,caesar,Caesar King,凯撒·金,Support,辅助,support,辅助,T2,7,,,,Physical,物理,Defence,防护,Sons of Calydon,S,https://cdn.prydwen.gg/images/zenless-zone-zero/characters/caesar.webp,https://www.prydwen.gg/zenless/tier-list,2026-06-02,2.8.2,危局强袭 2.8.2,1.42,19574,ok
20260617,2026-07-05T12:48:56,17/June/2026,2026-06-17,da,危局强袭,caesar,Caesar King,凯撒·金,Support,辅助,support,辅助,T2,7,,,,Physical,物理,Defence,防护,Sons of Calydon,S,https://cdn.prydwen.gg/images/zenless-zone-zero/characters/caesar.webp,https://www.prydwen.gg/zenless/tier-list,2026-06-15,2.8.3,危局强袭 2.8.3,1.32,24334,ok
20260617,2026-07-05T12:48:56,17/June/2026,2026-06-17,da,危局强袭,caesar,Caesar King,凯撒·金,Support,辅助,support,辅助,T2,7,,,,Physical,物理,Defence,防护,Sons of Calydon,S,https://cdn.prydwen.gg/images/zenless-zone-zero/characters/caesar.webp,https://www.prydwen.gg/zenless/tier-list,2026-06-21,3.0.1,危局强袭 3.0.1,1.16,24810,ok
20260617,2026-07-05T12:48:56,17/June/2026,2026-06-17,sd,式舆防卫,cissia,Cissia,希希芙,CritDPS,直伤主C,crit_dps,直伤主C,T0.5,10,Partner (Seed),,,Electric,电,Attack,强攻,Metropolitan Order Division,S,https://cdn.prydwen.gg/images/zenless-zone-zero/characters/cissia.webp,https://www.prydwen.gg/zenless/tier-list,2026-04-21,2.7.2,式舆防卫 2.7.2,9.4,34829,ok
20260617,2026-07-05T12:48:56,17/June/2026,2026-06-17,sd,式舆防卫,cissia,Cissia,希希芙,CritDPS,直伤主C,crit_dps,直伤主C,T0.5,10,Partner (Seed),,,Electric,电,Attack,强攻,Metropolitan Order Division,S,https://cdn.prydwen.gg/images/zenless-zone-zero/characters/cissia.webp,https://www.prydwen.gg/zenless/tier-list,2026-05-11,2.7.3,式舆防卫 2.7.3,14.85,32219,ok
20260617,2026-07-05T12:48:56,17/June/2026,2026-06-17,sd,式舆防卫,cissia,Cissia,希希芙,CritDPS,直伤主C,crit_dps,直伤主C,T0.5,10,Partner (Seed),,,Electric,电,Attack,强攻,Metropolitan Order Division,S,https://cdn.prydwen.gg/images/zenless-zone-zero/characters/cissia.webp,https://www.prydwen.gg/zenless/tier-list,2026-06-02,2.8.2,式舆防卫 2.8.2,15.28,29487,ok
20260617,2026-07-05T12:48:56,17/June/2026,2026-06-17,sd,式舆防卫,cissia,Cissia,希希芙,CritDPS,直伤主C,crit_dps,直伤主C,T0.5,10,Partner (Seed),,,Electric,电,Attack,强攻,Metropolitan Order Division,S,https://cdn.prydwen.gg/images/zenless-zone-zero/characters/cissia.webp,https://www.prydwen.gg/zenless/tier-list,2026-06-15,2.8.3,式舆防卫 2.8.3,4.18,30833,ok
20260617,2026-07-05T12:48:56,17/June/2026,2026-06-17,sd,式舆防卫,cissia,Cissia,希希芙,CritDPS,直伤主C,crit_dps,直伤主C,T0.5,10,Partner (Seed),,,Electric,电,Attack,强攻,Metropolitan Order Division,S,https://cdn.prydwen.gg/images/zenless-zone-zero/characters/cissia.webp,https://www.prydwen.gg/zenless/tier-list,2026-06-21,2.8.3,式舆防卫 2.8.3,3.89,30559,ok
20260617,2026-07-05T12:48:56,17/June/2026,2026-06-17,da,危局强袭,cissia,Cissia,希希芙,CritDPS,直伤主C,crit_dps,直伤主C,T0.5,10,Partner (Seed),,,Electric,电,Attack,强攻,Metropolitan Order Division,S,https://cdn.prydwen.gg/images/zenless-zone-zero/characters/cissia.webp,https://www.prydwen.gg/zenless/tier-list,2026-04-21,2.7.2,危局强袭 2.7.2,5.59,32621,ok
20260617,2026-07-05T12:48:56,17/June/2026,2026-06-17,da,危局强袭,cissia,Cissia,希希芙,CritDPS,直伤主C,crit_dps,直伤主C,T0.5,10,Partner (Seed),,,Electric,电,Attack,强攻,Metropolitan Order Division,S,https://cdn.prydwen.gg/images/zenless-zone-zero/characters/cissia.webp,https://www.prydwen.gg/zenless/tier-list,2026-05-11,2.8.1,危局强袭 2.8.1,12.01,29913,ok
20260617,2026-07-05T12:48:56,17/June/2026,2026-06-17,da,危局强袭,cissia,Cissia,希希芙,CritDPS,直伤主C,crit_dps,直伤主C,T0.5,10,Partner (Seed),,,Electric,电,Attack,强攻,Metropolitan Order Division,S,https://cdn.prydwen.gg/images/zenless-zone-zero/characters/cissia.webp,https://www.prydwen.gg/zenless/tier-list,2026-06-02,2.8.2,危局强袭 2.8.2,1.57,18367,ok
20260617,2026-07-05T12:48:56,17/June/2026,2026-06-17,da,危局强袭,cissia,Cissia,希希芙,CritDPS,直伤主C,crit_dps,直伤主C,T0.5,10,Partner (Seed),,,Electric,电,Attack,强攻,Metropolitan Order Division,S,https://cdn.prydwen.gg/images/zenless-zone-zero/characters/cissia.webp,https://www.prydwen.gg/zenless/tier-list,2026-06-15,2.8.3,危局强袭 2.8.3,13.38,29412,ok
20260617,2026-07-05T12:48:56,17/June/2026,2026-06-17,da,危局强袭,cissia,Cissia,希希芙,CritDPS,直伤主C,crit_dps,直伤主C,T0.5,10,Partner (Seed),,,Electric,电,Attack,强攻,Metropolitan Order Division,S,https://cdn.prydwen.gg/images/zenless-zone-zero/characters/cissia.webp,https://www.prydwen.gg/zenless/tier-list,2026-06-21,3.0.1,危局强袭 3.0.1,1.46,25852,ok
20260617,2026-07-05T12:48:56,17/June/2026,2026-06-17,sd,式舆防卫,corin,Corin Wickes,可琳·威克斯,CritDPS,直伤主C,crit_dps,直伤主C,T2,7,,,,Physical,物理,Attack,强攻,Victoria Housekeeping Co.,A,https://cdn.prydwen.gg/images/zenless-zone-zero/characters/corin.webp,https://www.prydwen.gg/zenless/tier-list,2026-02-17,2.6.1,式舆防卫 2.6.1,0.26,27548,ok
20260617,2026-07-05T12:48:56,17/June/2026,2026-06-17,sd,式舆防卫,corin,Corin Wickes,可琳·威克斯,CritDPS,直伤主C,crit_dps,直伤主C,T2,7,,,,Physical,物理,Attack,强攻,Victoria Housekeeping Co.,A,https://cdn.prydwen.gg/images/zenless-zone-zero/characters/corin.webp,https://www.prydwen.gg/zenless/tier-list,2026-03-10,2.6.3,式舆防卫 2.6.3,0.24,29419,ok
20260617,2026-07-05T12:48:56,17/June/2026,2026-06-17,sd,式舆防卫,corin,Corin Wickes,可琳·威克斯,CritDPS,直伤主C,crit_dps,直伤主C,T2,7,,,,Physical,物理,Attack,强攻,Victoria Housekeeping Co.,A,https://cdn.prydwen.gg/images/zenless-zone-zero/characters/corin.webp,https://www.prydwen.gg/zenless/tier-list,2026-03-31,2.6.4,式舆防卫 2.6.4,0.19,26872,ok
20260617,2026-07-05T12:48:56,17/June/2026,2026-06-17,sd,式舆防卫,corin,Corin Wickes,可琳·威克斯,CritDPS,直伤主C,crit_dps,直伤主C,T2,7,,,,Physical,物理,Attack,强攻,Victoria Housekeeping Co.,A,https://cdn.prydwen.gg/images/zenless-zone-zero/characters/corin.webp,https://www.prydwen.gg/zenless/tier-list,2026-04-21,2.7.2,式舆防卫 2.7.2,0.09,0,ok
20260617,2026-07-05T12:48:56,17/June/2026,2026-06-17,sd,式舆防卫,corin,Corin Wickes,可琳·威克斯,CritDPS,直伤主C,crit_dps,直伤主C,T2,7,,,,Physical,物理,Attack,强攻,Victoria Housekeeping Co.,A,https://cdn.prydwen.gg/images/zenless-zone-zero/characters/corin.webp,https://www.prydwen.gg/zenless/tier-list,2026-05-11,2.7.3,式舆防卫 2.7.3,0.15,27592,ok
20260617,2026-07-05T12:48:56,17/June/2026,2026-06-17,sd,式舆防卫,corin,Corin Wickes,可琳·威克斯,CritDPS,直伤主C,crit_dps,直伤主C,T2,7,,,,Physical,物理,Attack,强攻,Victoria Housekeeping Co.,A,https://cdn.prydwen.gg/images/zenless-zone-zero/characters/corin.webp,https://www.prydwen.gg/zenless/tier-list,2026-06-02,2.8.2,式舆防卫 2.8.2,0.2,25522,ok
20260617,2026-07-05T12:48:56,17/June/2026,2026-06-17,sd,式舆防卫,corin,Corin Wickes,可琳·威克斯,CritDPS,直伤主C,crit_dps,直伤主C,T2,7,,,,Physical,物理,Attack,强攻,Victoria Housekeeping Co.,A,https://cdn.prydwen.gg/images/zenless-zone-zero/characters/corin.webp,https://www.prydwen.gg/zenless/tier-list,2026-06-15,2.8.3,式舆防卫 2.8.3,0.25,27255,ok
20260617,2026-07-05T12:48:56,17/June/2026,2026-06-17,sd,式舆防卫,corin,Corin Wickes,可琳·威克斯,CritDPS,直伤主C,crit_dps,直伤主C,T2,7,,,,Physical,物理,Attack,强攻,Victoria Housekeeping Co.,A,https://cdn.prydwen.gg/images/zenless-zone-zero/characters/corin.webp,https://www.prydwen.gg/zenless/tier-list,2026-06-21,2.8.3,式舆防卫 2.8.3,0.21,26768,ok
20260617,2026-07-05T12:48:56,17/June/2026,2026-06-17,da,危局强袭,corin,Corin Wickes,可琳·威克斯,CritDPS,直伤主C,crit_dps,直伤主C,T2,7,,,,Physical,物理,Attack,强攻,Victoria Housekeeping Co.,A,https://cdn.prydwen.gg/images/zenless-zone-zero/characters/corin.webp,https://www.prydwen.gg/zenless/tier-list,2026-02-17,2.6.1,危局强袭 2.6.1,0.48,21279,ok
20260617,2026-07-05T12:48:56,17/June/2026,2026-06-17,da,危局强袭,corin,Corin Wickes,可琳·威克斯,CritDPS,直伤主C,crit_dps,直伤主C,T2,7,,,,Physical,物理,Attack,强攻,Victoria Housekeeping Co.,A,https://cdn.prydwen.gg/images/zenless-zone-zero/characters/corin.webp,https://www.prydwen.gg/zenless/tier-list,2026-03-10,2.6.2,危局强袭 2.6.2,0.35,22903,ok
20260617,2026-07-05T12:48:56,17/June/2026,2026-06-17,da,危局强袭,corin,Corin Wickes,可琳·威克斯,CritDPS,直伤主C,crit_dps,直伤主C,T2,7,,,,Physical,物理,Attack,强攻,Victoria Housekeeping Co.,A,https://cdn.prydwen.gg/images/zenless-zone-zero/characters/corin.webp,https://www.prydwen.gg/zenless/tier-list,2026-03-31,2.7.1,危局强袭 2.7.1,0.11,22542,ok
20260617,2026-07-05T12:48:56,17/June/2026,2026-06-17,da,危局强袭,corin,Corin Wickes,可琳·威克斯,CritDPS,直伤主C,crit_dps,直伤主C,T2,7,,,,Physical,物理,Attack,强攻,Victoria Housekeeping Co.,A,https://cdn.prydwen.gg/images/zenless-zone-zero/characters/corin.webp,https://www.prydwen.gg/zenless/tier-list,2026-04-21,2.7.2,危局强袭 2.7.2,0.31,23099,ok
20260617,2026-07-05T12:48:56,17/June/2026,2026-06-17,da,危局强袭,corin,Corin Wickes,可琳·威克斯,CritDPS,直伤主C,crit_dps,直伤主C,T2,7,,,,Physical,物理,Attack,强攻,Victoria Housekeeping Co.,A,https://cdn.prydwen.gg/images/zenless-zone-zero/characters/corin.webp,https://www.prydwen.gg/zenless/tier-list,2026-05-11,2.8.1,危局强袭 2.8.1,0.19,22098,ok
20260617,2026-07-05T12:48:56,17/June/2026,2026-06-17,da,危局强袭,corin,Corin Wickes,可琳·威克斯,CritDPS,直伤主C,crit_dps,直伤主C,T2,7,,,,Physical,物理,Attack,强攻,Victoria Housekeeping Co.,A,https://cdn.prydwen.gg/images/zenless-zone-zero/characters/corin.webp,https://www.prydwen.gg/zenless/tier-list,2026-06-02,2.8.2,危局强袭 2.8.2,0.19,18943,ok
20260617,2026-07-05T12:48:56,17/June/2026,2026-06-17,da,危局强袭,corin,Corin Wickes,可琳·威克斯,CritDPS,直伤主C,crit_dps,直伤主C,T2,7,,,,Physical,物理,Attack,强攻,Victoria Housekeeping Co.,A,https://cdn.prydwen.gg/images/zenless-zone-zero/characters/corin.webp,https://www.prydwen.gg/zenless/tier-list,2026-06-15,2.8.3,危局强袭 2.8.3,0.27,21537,ok
20260617,2026-07-05T12:48:56,17/June/2026,2026-06-17,da,危局强袭,corin,Corin Wickes,可琳·威克斯,CritDPS,直伤主C,crit_dps,直伤主C,T2,7,,,,Physical,物理,Attack,强攻,Victoria Housekeeping Co.,A,https://cdn.prydwen.gg/images/zenless-zone-zero/characters/corin.webp,https://www.prydwen.gg/zenless/tier-list,2026-06-21,3.0.1,危局强袭 3.0.1,0.17,21944,ok
20260617,2026-07-05T12:48:56,17/June/2026,2026-06-17,sd,式舆防卫,dialyn,Dialyn,琉音,Support,辅助,support,辅助,T0,11,,,,Physical,物理,Stun,击破,Krampus Compliance Authority,S,https://cdn.prydwen.gg/images/zenless-zone-zero/characters/dialyn.webp,https://www.prydwen.gg/zenless/tier-list,2026-02-17,2.6.1,式舆防卫 2.6.1,63.0,34076,ok
20260617,2026-07-05T12:48:56,17/June/2026,2026-06-17,sd,式舆防卫,dialyn,Dialyn,琉音,Support,辅助,support,辅助,T0,11,,,,Physical,物理,Stun,击破,Krampus Compliance Authority,S,https://cdn.prydwen.gg/images/zenless-zone-zero/characters/dialyn.webp,https://www.prydwen.gg/zenless/tier-list,2026-03-10,2.6.3,式舆防卫 2.6.3,61.98,35139,ok
20260617,2026-07-05T12:48:56,17/June/2026,2026-06-17,sd,式舆防卫,dialyn,Dialyn,琉音,Support,辅助,support,辅助,T0,11,,,,Physical,物理,Stun,击破,Krampus Compliance Authority,S,https://cdn.prydwen.gg/images/zenless-zone-zero/characters/dialyn.webp,https://www.prydwen.gg/zenless/tier-list,2026-03-31,2.6.4,式舆防卫 2.6.4,62.76,34266,ok
20260617,2026-07-05T12:48:56,17/June/2026,2026-06-17,sd,式舆防卫,dialyn,Dialyn,琉音,Support,辅助,support,辅助,T0,11,,,,Physical,物理,Stun,击破,Krampus Compliance Authority,S,https://cdn.prydwen.gg/images/zenless-zone-zero/characters/dialyn.webp,https://www.prydwen.gg/zenless/tier-list,2026-04-21,2.7.2,式舆防卫 2.7.2,60.03,32668,ok
20260617,2026-07-05T12:48:56,17/June/2026,2026-06-17,sd,式舆防卫,dialyn,Dialyn,琉音,Support,辅助,support,辅助,T0,11,,,,Physical,物理,Stun,击破,Krampus Compliance Authority,S,https://cdn.prydwen.gg/images/zenless-zone-zero/characters/dialyn.webp,https://www.prydwen.gg/zenless/tier-list,2026-05-11,2.7.3,式舆防卫 2.7.3,60.18,32872,ok
20260617,2026-07-05T12:48:56,17/June/2026,2026-06-17,sd,式舆防卫,dialyn,Dialyn,琉音,Support,辅助,support,辅助,T0,11,,,,Physical,物理,Stun,击破,Krampus Compliance Authority,S,https://cdn.prydwen.gg/images/zenless-zone-zero/characters/dialyn.webp,https://www.prydwen.gg/zenless/tier-list,2026-06-02,2.8.2,式舆防卫 2.8.2,58.26,31386,ok
20260617,2026-07-05T12:48:56,17/June/2026,2026-06-17,sd,式舆防卫,dialyn,Dialyn,琉音,Support,辅助,support,辅助,T0,11,,,,Physical,物理,Stun,击破,Krampus Compliance Authority,S,https://cdn.prydwen.gg/images/zenless-zone-zero/characters/dialyn.webp,https://www.prydwen.gg/zenless/tier-list,2026-06-15,2.8.3,式舆防卫 2.8.3,62.97,33040,ok
20260617,2026-07-05T12:48:56,17/June/2026,2026-06-17,sd,式舆防卫,dialyn,Dialyn,琉音,Support,辅助,support,辅助,T0,11,,,,Physical,物理,Stun,击破,Krampus Compliance Authority,S,https://cdn.prydwen.gg/images/zenless-zone-zero/characters/dialyn.webp,https://www.prydwen.gg/zenless/tier-list,2026-06-21,2.8.3,式舆防卫 2.8.3,61.4,32744,ok
20260617,2026-07-05T12:48:56,17/June/2026,2026-06-17,da,危局强袭,dialyn,Dialyn,琉音,Support,辅助,support,辅助,T0,11,,,,Physical,物理,Stun,击破,Krampus Compliance Authority,S,https://cdn.prydwen.gg/images/zenless-zone-zero/characters/dialyn.webp,https://www.prydwen.gg/zenless/tier-list,2026-02-17,2.6.1,危局强袭 2.6.1,59.4,32383,ok
20260617,2026-07-05T12:48:56,17/June/2026,2026-06-17,da,危局强袭,dialyn,Dialyn,琉音,Support,辅助,support,辅助,T0,11,,,,Physical,物理,Stun,击破,Krampus Compliance Authority,S,https://cdn.prydwen.gg/images/zenless-zone-zero/characters/dialyn.webp,https://www.prydwen.gg/zenless/tier-list,2026-03-10,2.6.2,危局强袭 2.6.2,57.33,30283,ok
20260617,2026-07-05T12:48:56,17/June/2026,2026-06-17,da,危局强袭,dialyn,Dialyn,琉音,Support,辅助,support,辅助,T0,11,,,,Physical,物理,Stun,击破,Krampus Compliance Authority,S,https://cdn.prydwen.gg/images/zenless-zone-zero/characters/dialyn.webp,https://www.prydwen.gg/zenless/tier-list,2026-03-31,2.7.1,危局强袭 2.7.1,53.31,31890,ok
20260617,2026-07-05T12:48:56,17/June/2026,2026-06-17,da,危局强袭,dialyn,Dialyn,琉音,Support,辅助,support,辅助,T0,11,,,,Physical,物理,Stun,击破,Krampus Compliance Authority,S,https://cdn.prydwen.gg/images/zenless-zone-zero/characters/dialyn.webp,https://www.prydwen.gg/zenless/tier-list,2026-04-21,2.7.2,危局强袭 2.7.2,60.36,30243,ok
20260617,2026-07-05T12:48:56,17/June/2026,2026-06-17,da,危局强袭,dialyn,Dialyn,琉音,Support,辅助,support,辅助,T0,11,,,,Physical,物理,Stun,击破,Krampus Compliance Authority,S,https://cdn.prydwen.gg/images/zenless-zone-zero/characters/dialyn.webp,https://www.prydwen.gg/zenless/tier-list,2026-05-11,2.8.1,危局强袭 2.8.1,56.39,28927,ok
20260617,2026-07-05T12:48:56,17/June/2026,2026-06-17,da,危局强袭,dialyn,Dialyn,琉音,Support,辅助,support,辅助,T0,11,,,,Physical,物理,Stun,击破,Krampus Compliance Authority,S,https://cdn.prydwen.gg/images/zenless-zone-zero/characters/dialyn.webp,https://www.prydwen.gg/zenless/tier-list,2026-06-02,2.8.2,危局强袭 2.8.2,61.46,26063,ok
20260617,2026-07-05T12:48:56,17/June/2026,2026-06-17,da,危局强袭,dialyn,Dialyn,琉音,Support,辅助,support,辅助,T0,11,,,,Physical,物理,Stun,击破,Krampus Compliance Authority,S,https://cdn.prydwen.gg/images/zenless-zone-zero/characters/dialyn.webp,https://www.prydwen.gg/zenless/tier-list,2026-06-15,2.8.3,危局强袭 2.8.3,60.44,30473,ok
20260617,2026-07-05T12:48:56,17/June/2026,2026-06-17,da,危局强袭,dialyn,Dialyn,琉音,Support,辅助,support,辅助,T0,11,,,,Physical,物理,Stun,击破,Krampus Compliance Authority,S,https://cdn.prydwen.gg/images/zenless-zone-zero/characters/dialyn.webp,https://www.prydwen.gg/zenless/tier-list,2026-06-21,3.0.1,危局强袭 3.0.1,58.71,32017,ok
20260617,2026-07-05T12:48:56,17/June/2026,2026-06-17,sd,式舆防卫,ellen,Ellen Joe,艾莲·乔,CritDPS,直伤主C,crit_dps,直伤主C,T1.5,8,,down,,Ice,冰,Attack,强攻,Victoria Housekeeping Co.,S,https://cdn.prydwen.gg/images/zenless-zone-zero/characters/ellen.webp,https://www.prydwen.gg/zenless/tier-list,2026-02-17,2.6.1,式舆防卫 2.6.1,0.6,28940,ok
20260617,2026-07-05T12:48:56,17/June/2026,2026-06-17,sd,式舆防卫,ellen,Ellen Joe,艾莲·乔,CritDPS,直伤主C,crit_dps,直伤主C,T1.5,8,,down,,Ice,冰,Attack,强攻,Victoria Housekeeping Co.,S,https://cdn.prydwen.gg/images/zenless-zone-zero/characters/ellen.webp,https://www.prydwen.gg/zenless/tier-list,2026-03-10,2.6.3,式舆防卫 2.6.3,0.3,26969,ok
20260617,2026-07-05T12:48:56,17/June/2026,2026-06-17,sd,式舆防卫,ellen,Ellen Joe,艾莲·乔,CritDPS,直伤主C,crit_dps,直伤主C,T1.5,8,,down,,Ice,冰,Attack,强攻,Victoria Housekeeping Co.,S,https://cdn.prydwen.gg/images/zenless-zone-zero/characters/ellen.webp,https://www.prydwen.gg/zenless/tier-list,2026-03-31,2.6.4,式舆防卫 2.6.4,0.91,26438,ok
20260617,2026-07-05T12:48:56,17/June/2026,2026-06-17,sd,式舆防卫,ellen,Ellen Joe,艾莲·乔,CritDPS,直伤主C,crit_dps,直伤主C,T1.5,8,,down,,Ice,冰,Attack,强攻,Victoria Housekeeping Co.,S,https://cdn.prydwen.gg/images/zenless-zone-zero/characters/ellen.webp,https://www.prydwen.gg/zenless/tier-list,2026-04-21,2.7.2,式舆防卫 2.7.2,0.56,26933,ok
20260617,2026-07-05T12:48:56,17/June/2026,2026-06-17,sd,式舆防卫,ellen,Ellen Joe,艾莲·乔,CritDPS,直伤主C,crit_dps,直伤主C,T1.5,8,,down,,Ice,冰,Attack,强攻,Victoria Housekeeping Co.,S,https://cdn.prydwen.gg/images/zenless-zone-zero/characters/ellen.webp,https://www.prydwen.gg/zenless/tier-list,2026-05-11,2.7.3,式舆防卫 2.7.3,0.3,26391,ok
20260617,2026-07-05T12:48:56,17/June/2026,2026-06-17,sd,式舆防卫,ellen,Ellen Joe,艾莲·乔,CritDPS,直伤主C,crit_dps,直伤主C,T1.5,8,,down,,Ice,冰,Attack,强攻,Victoria Housekeeping Co.,S,https://cdn.prydwen.gg/images/zenless-zone-zero/characters/ellen.webp,https://www.prydwen.gg/zenless/tier-list,2026-06-02,2.8.2,式舆防卫 2.8.2,0.57,23041,ok
20260617,2026-07-05T12:48:56,17/June/2026,2026-06-17,sd,式舆防卫,ellen,Ellen Joe,艾莲·乔,CritDPS,直伤主C,crit_dps,直伤主C,T1.5,8,,down,,Ice,冰,Attack,强攻,Victoria Housekeeping Co.,S,https://cdn.prydwen.gg/images/zenless-zone-zero/characters/ellen.webp,https://www.prydwen.gg/zenless/tier-list,2026-06-15,2.8.3,式舆防卫 2.8.3,0.63,26724,ok
20260617,2026-07-05T12:48:56,17/June/2026,2026-06-17,sd,式舆防卫,ellen,Ellen Joe,艾莲·乔,CritDPS,直伤主C,crit_dps,直伤主C,T1.5,8,,down,,Ice,冰,Attack,强攻,Victoria Housekeeping Co.,S,https://cdn.prydwen.gg/images/zenless-zone-zero/characters/ellen.webp,https://www.prydwen.gg/zenless/tier-list,2026-06-21,2.8.3,式舆防卫 2.8.3,0.56,26647,ok
20260617,2026-07-05T12:48:56,17/June/2026,2026-06-17,da,危局强袭,ellen,Ellen Joe,艾莲·乔,CritDPS,直伤主C,crit_dps,直伤主C,T1.5,8,,down,,Ice,冰,Attack,强攻,Victoria Housekeeping Co.,S,https://cdn.prydwen.gg/images/zenless-zone-zero/characters/ellen.webp,https://www.prydwen.gg/zenless/tier-list,2026-02-17,2.6.1,危局强袭 2.6.1,0.13,0,ok
20260617,2026-07-05T12:48:56,17/June/2026,2026-06-17,da,危局强袭,ellen,Ellen Joe,艾莲·乔,CritDPS,直伤主C,crit_dps,直伤主C,T1.5,8,,down,,Ice,冰,Attack,强攻,Victoria Housekeeping Co.,S,https://cdn.prydwen.gg/images/zenless-zone-zero/characters/ellen.webp,https://www.prydwen.gg/zenless/tier-list,2026-03-10,2.6.2,危局强袭 2.6.2,0.39,21014,ok
20260617,2026-07-05T12:48:56,17/June/2026,2026-06-17,da,危局强袭,ellen,Ellen Joe,艾莲·乔,CritDPS,直伤主C,crit_dps,直伤主C,T1.5,8,,down,,Ice,冰,Attack,强攻,Victoria Housekeeping Co.,S,https://cdn.prydwen.gg/images/zenless-zone-zero/characters/ellen.webp,https://www.prydwen.gg/zenless/tier-list,2026-03-31,2.7.1,危局强袭 2.7.1,2.85,22943,ok
20260617,2026-07-05T12:48:56,17/June/2026,2026-06-17,da,危局强袭,ellen,Ellen Joe,艾莲·乔,CritDPS,直伤主C,crit_dps,直伤主C,T1.5,8,,down,,Ice,冰,Attack,强攻,Victoria Housekeeping Co.,S,https://cdn.prydwen.gg/images/zenless-zone-zero/characters/ellen.webp,https://www.prydwen.gg/zenless/tier-list,2026-04-21,2.7.2,危局强袭 2.7.2,1.95,23527,ok
20260617,2026-07-05T12:48:56,17/June/2026,2026-06-17,da,危局强袭,ellen,Ellen Joe,艾莲·乔,CritDPS,直伤主C,crit_dps,直伤主C,T1.5,8,,down,,Ice,冰,Attack,强攻,Victoria Housekeeping Co.,S,https://cdn.prydwen.gg/images/zenless-zone-zero/characters/ellen.webp,https://www.prydwen.gg/zenless/tier-list,2026-05-11,2.8.1,危局强袭 2.8.1,0.46,20996,ok
20260617,2026-07-05T12:48:56,17/June/2026,2026-06-17,da,危局强袭,ellen,Ellen Joe,艾莲·乔,CritDPS,直伤主C,crit_dps,直伤主C,T1.5,8,,down,,Ice,冰,Attack,强攻,Victoria Housekeeping Co.,S,https://cdn.prydwen.gg/images/zenless-zone-zero/characters/ellen.webp,https://www.prydwen.gg/zenless/tier-list,2026-06-02,2.8.2,危局强袭 2.8.2,1.31,18544,ok
20260617,2026-07-05T12:48:56,17/June/2026,2026-06-17,da,危局强袭,ellen,Ellen Joe,艾莲·乔,CritDPS,直伤主C,crit_dps,直伤主C,T1.5,8,,down,,Ice,冰,Attack,强攻,Victoria Housekeeping Co.,S,https://cdn.prydwen.gg/images/zenless-zone-zero/characters/ellen.webp,https://www.prydwen.gg/zenless/tier-list,2026-06-15,2.8.3,危局强袭 2.8.3,1.37,23645,ok
20260617,2026-07-05T12:48:56,17/June/2026,2026-06-17,da,危局强袭,ellen,Ellen Joe,艾莲·乔,CritDPS,直伤主C,crit_dps,直伤主C,T1.5,8,,down,,Ice,冰,Attack,强攻,Victoria Housekeeping Co.,S,https://cdn.prydwen.gg/images/zenless-zone-zero/characters/ellen.webp,https://www.prydwen.gg/zenless/tier-list,2026-06-21,3.0.1,危局强袭 3.0.1,2.84,24160,ok
20260617,2026-07-05T12:48:56,17/June/2026,2026-06-17,sd,式舆防卫,evelyn,Evelyn Chevalier,伊芙琳·舒瓦利耶,CritDPS,直伤主C,crit_dps,直伤主C,T1,9,,down,,Fire,火,Attack,强攻,Stars of Lyra,S,https://cdn.prydwen.gg/images/zenless-zone-zero/characters/evelyn.webp,https://www.prydwen.gg/zenless/tier-list,2026-02-17,2.6.1,式舆防卫 2.6.1,17.57,31056,ok
20260617,2026-07-05T12:48:56,17/June/2026,2026-06-17,sd,式舆防卫,evelyn,Evelyn Chevalier,伊芙琳·舒瓦利耶,CritDPS,直伤主C,crit_dps,直伤主C,T1,9,,down,,Fire,火,Attack,强攻,Stars of Lyra,S,https://cdn.prydwen.gg/images/zenless-zone-zero/characters/evelyn.webp,https://www.prydwen.gg/zenless/tier-list,2026-03-10,2.6.3,式舆防卫 2.6.3,7.6,27731,ok
20260617,2026-07-05T12:48:56,17/June/2026,2026-06-17,sd,式舆防卫,evelyn,Evelyn Chevalier,伊芙琳·舒瓦利耶,CritDPS,直伤主C,crit_dps,直伤主C,T1,9,,down,,Fire,火,Attack,强攻,Stars of Lyra,S,https://cdn.prydwen.gg/images/zenless-zone-zero/characters/evelyn.webp,https://www.prydwen.gg/zenless/tier-list,2026-03-31,2.6.4,式舆防卫 2.6.4,4.39,26866,ok
20260617,2026-07-05T12:48:56,17/June/2026,2026-06-17,sd,式舆防卫,evelyn,Evelyn Chevalier,伊芙琳·舒瓦利耶,CritDPS,直伤主C,crit_dps,直伤主C,T1,9,,down,,Fire,火,Attack,强攻,Stars of Lyra,S,https://cdn.prydwen.gg/images/zenless-zone-zero/characters/evelyn.webp,https://www.prydwen.gg/zenless/tier-list,2026-04-21,2.7.2,式舆防卫 2.7.2,1.92,26479,ok
20260617,2026-07-05T12:48:56,17/June/2026,2026-06-17,sd,式舆防卫,evelyn,Evelyn Chevalier,伊芙琳·舒瓦利耶,CritDPS,直伤主C,crit_dps,直伤主C,T1,9,,down,,Fire,火,Attack,强攻,Stars of Lyra,S,https://cdn.prydwen.gg/images/zenless-zone-zero/characters/evelyn.webp,https://www.prydwen.gg/zenless/tier-list,2026-05-11,2.7.3,式舆防卫 2.7.3,4.05,26787,ok
20260617,2026-07-05T12:48:56,17/June/2026,2026-06-17,sd,式舆防卫,evelyn,Evelyn Chevalier,伊芙琳·舒瓦利耶,CritDPS,直伤主C,crit_dps,直伤主C,T1,9,,down,,Fire,火,Attack,强攻,Stars of Lyra,S,https://cdn.prydwen.gg/images/zenless-zone-zero/characters/evelyn.webp,https://www.prydwen.gg/zenless/tier-list,2026-06-02,2.8.2,式舆防卫 2.8.2,5.67,24128,ok
20260617,2026-07-05T12:48:56,17/June/2026,2026-06-17,sd,式舆防卫,evelyn,Evelyn Chevalier,伊芙琳·舒瓦利耶,CritDPS,直伤主C,crit_dps,直伤主C,T1,9,,down,,Fire,火,Attack,强攻,Stars of Lyra,S,https://cdn.prydwen.gg/images/zenless-zone-zero/characters/evelyn.webp,https://www.prydwen.gg/zenless/tier-list,2026-06-15,2.8.3,式舆防卫 2.8.3,10.17,27487,ok
20260617,2026-07-05T12:48:56,17/June/2026,2026-06-17,sd,式舆防卫,evelyn,Evelyn Chevalier,伊芙琳·舒瓦利耶,CritDPS,直伤主C,crit_dps,直伤主C,T1,9,,down,,Fire,火,Attack,强攻,Stars of Lyra,S,https://cdn.prydwen.gg/images/zenless-zone-zero/characters/evelyn.webp,https://www.prydwen.gg/zenless/tier-list,2026-06-21,2.8.3,式舆防卫 2.8.3,9.88,27350,ok
20260617,2026-07-05T12:48:56,17/June/2026,2026-06-17,da,危局强袭,evelyn,Evelyn Chevalier,伊芙琳·舒瓦利耶,CritDPS,直伤主C,crit_dps,直伤主C,T1,9,,down,,Fire,火,Attack,强攻,Stars of Lyra,S,https://cdn.prydwen.gg/images/zenless-zone-zero/characters/evelyn.webp,https://www.prydwen.gg/zenless/tier-list,2026-02-17,2.6.1,危局强袭 2.6.1,2.62,22155,ok
20260617,2026-07-05T12:48:56,17/June/2026,2026-06-17,da,危局强袭,evelyn,Evelyn Chevalier,伊芙琳·舒瓦利耶,CritDPS,直伤主C,crit_dps,直伤主C,T1,9,,down,,Fire,火,Attack,强攻,Stars of Lyra,S,https://cdn.prydwen.gg/images/zenless-zone-zero/characters/evelyn.webp,https://www.prydwen.gg/zenless/tier-list,2026-03-10,2.6.2,危局强袭 2.6.2,2.92,21623,ok
20260617,2026-07-05T12:48:56,17/June/2026,2026-06-17,da,危局强袭,evelyn,Evelyn Chevalier,伊芙琳·舒瓦利耶,CritDPS,直伤主C,crit_dps,直伤主C,T1,9,,down,,Fire,火,Attack,强攻,Stars of Lyra,S,https://cdn.prydwen.gg/images/zenless-zone-zero/characters/evelyn.webp,https://www.prydwen.gg/zenless/tier-list,2026-03-31,2.7.1,危局强袭 2.7.1,1.2,23260,ok
20260617,2026-07-05T12:48:56,17/June/2026,2026-06-17,da,危局强袭,evelyn,Evelyn Chevalier,伊芙琳·舒瓦利耶,CritDPS,直伤主C,crit_dps,直伤主C,T1,9,,down,,Fire,火,Attack,强攻,Stars of Lyra,S,https://cdn.prydwen.gg/images/zenless-zone-zero/characters/evelyn.webp,https://www.prydwen.gg/zenless/tier-list,2026-04-21,2.7.2,危局强袭 2.7.2,2.67,23025,ok
20260617,2026-07-05T12:48:56,17/June/2026,2026-06-17,da,危局强袭,evelyn,Evelyn Chevalier,伊芙琳·舒瓦利耶,CritDPS,直伤主C,crit_dps,直伤主C,T1,9,,down,,Fire,火,Attack,强攻,Stars of Lyra,S,https://cdn.prydwen.gg/images/zenless-zone-zero/characters/evelyn.webp,https://www.prydwen.gg/zenless/tier-list,2026-05-11,2.8.1,危局强袭 2.8.1,1.55,21948,ok
20260617,2026-07-05T12:48:56,17/June/2026,2026-06-17,da,危局强袭,evelyn,Evelyn Chevalier,伊芙琳·舒瓦利耶,CritDPS,直伤主C,crit_dps,直伤主C,T1,9,,down,,Fire,火,Attack,强攻,Stars of Lyra,S,https://cdn.prydwen.gg/images/zenless-zone-zero/characters/evelyn.webp,https://www.prydwen.gg/zenless/tier-list,2026-06-02,2.8.2,危局强袭 2.8.2,0.96,17512,ok
20260617,2026-07-05T12:48:56,17/June/2026,2026-06-17,da,危局强袭,evelyn,Evelyn Chevalier,伊芙琳·舒瓦利耶,CritDPS,直伤主C,crit_dps,直伤主C,T1,9,,down,,Fire,火,Attack,强攻,Stars of Lyra,S,https://cdn.prydwen.gg/images/zenless-zone-zero/characters/evelyn.webp,https://www.prydwen.gg/zenless/tier-list,2026-06-15,2.8.3,危局强袭 2.8.3,1.73,22036,ok
20260617,2026-07-05T12:48:56,17/June/2026,2026-06-17,da,危局强袭,evelyn,Evelyn Chevalier,伊芙琳·舒瓦利耶,CritDPS,直伤主C,crit_dps,直伤主C,T1,9,,down,,Fire,火,Attack,强攻,Stars of Lyra,S,https://cdn.prydwen.gg/images/zenless-zone-zero/characters/evelyn.webp,https://www.prydwen.gg/zenless/tier-list,2026-06-21,3.0.1,危局强袭 3.0.1,0.52,22494,ok
20260617,2026-07-05T12:48:56,17/June/2026,2026-06-17,sd,式舆防卫,grace-howard,Grace Howard,格莉丝·霍华德,AnoDPS,异常主C,anomaly_dps,异常主C,T1.5,8,Watchlist [UP],"up,watch",,Electric,电,Anomaly,异常,Belobog Heavy Industries,S,https://cdn.prydwen.gg/images/zenless-zone-zero/characters/grace-howard.webp,https://www.prydwen.gg/zenless/tier-list,2026-02-17,2.6.1,式舆防卫 2.6.1,1.16,30949,ok
20260617,2026-07-05T12:48:56,17/June/2026,2026-06-17,sd,式舆防卫,grace-howard,Grace Howard,格莉丝·霍华德,AnoDPS,异常主C,anomaly_dps,异常主C,T1.5,8,Watchlist [UP],"up,watch",,Electric,电,Anomaly,异常,Belobog Heavy Industries,S,https://cdn.prydwen.gg/images/zenless-zone-zero/characters/grace-howard.webp,https://www.prydwen.gg/zenless/tier-list,2026-03-10,2.6.3,式舆防卫 2.6.3,0.3,27013,ok
20260617,2026-07-05T12:48:56,17/June/2026,2026-06-17,sd,式舆防卫,grace-howard,Grace Howard,格莉丝·霍华德,AnoDPS,异常主C,anomaly_dps,异常主C,T1.5,8,Watchlist [UP],"up,watch",,Electric,电,Anomaly,异常,Belobog Heavy Industries,S,https://cdn.prydwen.gg/images/zenless-zone-zero/characters/grace-howard.webp,https://www.prydwen.gg/zenless/tier-list,2026-03-31,2.6.4,式舆防卫 2.6.4,0.08,0,ok
20260617,2026-07-05T12:48:56,17/June/2026,2026-06-17,sd,式舆防卫,grace-howard,Grace Howard,格莉丝·霍华德,AnoDPS,异常主C,anomaly_dps,异常主C,T1.5,8,Watchlist [UP],"up,watch",,Electric,电,Anomaly,异常,Belobog Heavy Industries,S,https://cdn.prydwen.gg/images/zenless-zone-zero/characters/grace-howard.webp,https://www.prydwen.gg/zenless/tier-list,2026-04-21,2.7.2,式舆防卫 2.7.2,0.52,28814,ok
20260617,2026-07-05T12:48:56,17/June/2026,2026-06-17,sd,式舆防卫,grace-howard,Grace Howard,格莉丝·霍华德,AnoDPS,异常主C,anomaly_dps,异常主C,T1.5,8,Watchlist [UP],"up,watch",,Electric,电,Anomaly,异常,Belobog Heavy Industries,S,https://cdn.prydwen.gg/images/zenless-zone-zero/characters/grace-howard.webp,https://www.prydwen.gg/zenless/tier-list,2026-05-11,2.7.3,式舆防卫 2.7.3,0.28,27093,ok
20260617,2026-07-05T12:48:56,17/June/2026,2026-06-17,sd,式舆防卫,grace-howard,Grace Howard,格莉丝·霍华德,AnoDPS,异常主C,anomaly_dps,异常主C,T1.5,8,Watchlist [UP],"up,watch",,Electric,电,Anomaly,异常,Belobog Heavy Industries,S,https://cdn.prydwen.gg/images/zenless-zone-zero/characters/grace-howard.webp,https://www.prydwen.gg/zenless/tier-list,2026-06-02,2.8.2,式舆防卫 2.8.2,0.55,23291,ok
20260617,2026-07-05T12:48:56,17/June/2026,2026-06-17,sd,式舆防卫,grace-howard,Grace Howard,格莉丝·霍华德,AnoDPS,异常主C,anomaly_dps,异常主C,T1.5,8,Watchlist [UP],"up,watch",,Electric,电,Anomaly,异常,Belobog Heavy Industries,S,https://cdn.prydwen.gg/images/zenless-zone-zero/characters/grace-howard.webp,https://www.prydwen.gg/zenless/tier-list,2026-06-15,2.8.3,式舆防卫 2.8.3,0.18,27743,ok
20260617,2026-07-05T12:48:56,17/June/2026,2026-06-17,sd,式舆防卫,grace-howard,Grace Howard,格莉丝·霍华德,AnoDPS,异常主C,anomaly_dps,异常主C,T1.5,8,Watchlist [UP],"up,watch",,Electric,电,Anomaly,异常,Belobog Heavy Industries,S,https://cdn.prydwen.gg/images/zenless-zone-zero/characters/grace-howard.webp,https://www.prydwen.gg/zenless/tier-list,2026-06-21,2.8.3,式舆防卫 2.8.3,0.2,28428,ok
20260617,2026-07-05T12:48:56,17/June/2026,2026-06-17,da,危局强袭,grace-howard,Grace Howard,格莉丝·霍华德,AnoDPS,异常主C,anomaly_dps,异常主C,T1.5,8,Watchlist [UP],"up,watch",,Electric,电,Anomaly,异常,Belobog Heavy Industries,S,https://cdn.prydwen.gg/images/zenless-zone-zero/characters/grace-howard.webp,https://www.prydwen.gg/zenless/tier-list,2026-02-17,2.6.1,危局强袭 2.6.1,0.29,24436,ok
20260617,2026-07-05T12:48:56,17/June/2026,2026-06-17,da,危局强袭,grace-howard,Grace Howard,格莉丝·霍华德,AnoDPS,异常主C,anomaly_dps,异常主C,T1.5,8,Watchlist [UP],"up,watch",,Electric,电,Anomaly,异常,Belobog Heavy Industries,S,https://cdn.prydwen.gg/images/zenless-zone-zero/characters/grace-howard.webp,https://www.prydwen.gg/zenless/tier-list,2026-03-10,2.6.2,危局强袭 2.6.2,0.27,21581,ok
20260617,2026-07-05T12:48:56,17/June/2026,2026-06-17,da,危局强袭,grace-howard,Grace Howard,格莉丝·霍华德,AnoDPS,异常主C,anomaly_dps,异常主C,T1.5,8,Watchlist [UP],"up,watch",,Electric,电,Anomaly,异常,Belobog Heavy Industries,S,https://cdn.prydwen.gg/images/zenless-zone-zero/characters/grace-howard.webp,https://www.prydwen.gg/zenless/tier-list,2026-03-31,2.7.1,危局强袭 2.7.1,0.6,22116,ok
20260617,2026-07-05T12:48:56,17/June/2026,2026-06-17,da,危局强袭,grace-howard,Grace Howard,格莉丝·霍华德,AnoDPS,异常主C,anomaly_dps,异常主C,T1.5,8,Watchlist [UP],"up,watch",,Electric,电,Anomaly,异常,Belobog Heavy Industries,S,https://cdn.prydwen.gg/images/zenless-zone-zero/characters/grace-howard.webp,https://www.prydwen.gg/zenless/tier-list,2026-04-21,2.7.2,危局强袭 2.7.2,0.48,23617,ok
20260617,2026-07-05T12:48:56,17/June/2026,2026-06-17,da,危局强袭,grace-howard,Grace Howard,格莉丝·霍华德,AnoDPS,异常主C,anomaly_dps,异常主C,T1.5,8,Watchlist [UP],"up,watch",,Electric,电,Anomaly,异常,Belobog Heavy Industries,S,https://cdn.prydwen.gg/images/zenless-zone-zero/characters/grace-howard.webp,https://www.prydwen.gg/zenless/tier-list,2026-05-11,2.8.1,危局强袭 2.8.1,0.24,21228,ok
20260617,2026-07-05T12:48:56,17/June/2026,2026-06-17,da,危局强袭,grace-howard,Grace Howard,格莉丝·霍华德,AnoDPS,异常主C,anomaly_dps,异常主C,T1.5,8,Watchlist [UP],"up,watch",,Electric,电,Anomaly,异常,Belobog Heavy Industries,S,https://cdn.prydwen.gg/images/zenless-zone-zero/characters/grace-howard.webp,https://www.prydwen.gg/zenless/tier-list,2026-06-02,2.8.2,危局强袭 2.8.2,0.45,16051,ok
20260617,2026-07-05T12:48:56,17/June/2026,2026-06-17,da,危局强袭,grace-howard,Grace Howard,格莉丝·霍华德,AnoDPS,异常主C,anomaly_dps,异常主C,T1.5,8,Watchlist [UP],"up,watch",,Electric,电,Anomaly,异常,Belobog Heavy Industries,S,https://cdn.prydwen.gg/images/zenless-zone-zero/characters/grace-howard.webp,https://www.prydwen.gg/zenless/tier-list,2026-06-15,2.8.3,危局强袭 2.8.3,0.13,24154,ok
20260617,2026-07-05T12:48:56,17/June/2026,2026-06-17,da,危局强袭,grace-howard,Grace Howard,格莉丝·霍华德,AnoDPS,异常主C,anomaly_dps,异常主C,T1.5,8,Watchlist [UP],"up,watch",,Electric,电,Anomaly,异常,Belobog Heavy Industries,S,https://cdn.prydwen.gg/images/zenless-zone-zero/characters/grace-howard.webp,https://www.prydwen.gg/zenless/tier-list,2026-06-21,3.0.1,危局强袭 3.0.1,0.55,27176,ok
20260617,2026-07-05T12:48:56,17/June/2026,2026-06-17,sd,式舆防卫,harumasa,Asaba Harumasa,浅羽 悠真,CritDPS,直伤主C,crit_dps,直伤主C,T1,9,Expert,,,Electric,电,Attack,强攻,Section 6,S,https://cdn.prydwen.gg/images/zenless-zone-zero/characters/harumasa.webp,https://www.prydwen.gg/zenless/tier-list,2026-02-17,2.6.1,式舆防卫 2.6.1,4.89,29371,ok
20260617,2026-07-05T12:48:56,17/June/2026,2026-06-17,sd,式舆防卫,harumasa,Asaba Harumasa,浅羽 悠真,CritDPS,直伤主C,crit_dps,直伤主C,T1,9,Expert,,,Electric,电,Attack,强攻,Section 6,S,https://cdn.prydwen.gg/images/zenless-zone-zero/characters/harumasa.webp,https://www.prydwen.gg/zenless/tier-list,2026-03-10,2.6.3,式舆防卫 2.6.3,2.68,27227,ok
20260617,2026-07-05T12:48:56,17/June/2026,2026-06-17,sd,式舆防卫,harumasa,Asaba Harumasa,浅羽 悠真,CritDPS,直伤主C,crit_dps,直伤主C,T1,9,Expert,,,Electric,电,Attack,强攻,Section 6,S,https://cdn.prydwen.gg/images/zenless-zone-zero/characters/harumasa.webp,https://www.prydwen.gg/zenless/tier-list,2026-03-31,2.6.4,式舆防卫 2.6.4,0.2,26561,ok
20260617,2026-07-05T12:48:56,17/June/2026,2026-06-17,sd,式舆防卫,harumasa,Asaba Harumasa,浅羽 悠真,CritDPS,直伤主C,crit_dps,直伤主C,T1,9,Expert,,,Electric,电,Attack,强攻,Section 6,S,https://cdn.prydwen.gg/images/zenless-zone-zero/characters/harumasa.webp,https://www.prydwen.gg/zenless/tier-list,2026-04-21,2.7.2,式舆防卫 2.7.2,2.23,28295,ok
20260617,2026-07-05T12:48:56,17/June/2026,2026-06-17,sd,式舆防卫,harumasa,Asaba Harumasa,浅羽 悠真,CritDPS,直伤主C,crit_dps,直伤主C,T1,9,Expert,,,Electric,电,Attack,强攻,Section 6,S,https://cdn.prydwen.gg/images/zenless-zone-zero/characters/harumasa.webp,https://www.prydwen.gg/zenless/tier-list,2026-05-11,2.7.3,式舆防卫 2.7.3,2.49,26888,ok
20260617,2026-07-05T12:48:56,17/June/2026,2026-06-17,sd,式舆防卫,harumasa,Asaba Harumasa,浅羽 悠真,CritDPS,直伤主C,crit_dps,直伤主C,T1,9,Expert,,,Electric,电,Attack,强攻,Section 6,S,https://cdn.prydwen.gg/images/zenless-zone-zero/characters/harumasa.webp,https://www.prydwen.gg/zenless/tier-list,2026-06-02,2.8.2,式舆防卫 2.8.2,2.35,21452,ok
20260617,2026-07-05T12:48:56,17/June/2026,2026-06-17,sd,式舆防卫,harumasa,Asaba Harumasa,浅羽 悠真,CritDPS,直伤主C,crit_dps,直伤主C,T1,9,Expert,,,Electric,电,Attack,强攻,Section 6,S,https://cdn.prydwen.gg/images/zenless-zone-zero/characters/harumasa.webp,https://www.prydwen.gg/zenless/tier-list,2026-06-15,2.8.3,式舆防卫 2.8.3,0.19,31580,ok
20260617,2026-07-05T12:48:56,17/June/2026,2026-06-17,sd,式舆防卫,harumasa,Asaba Harumasa,浅羽 悠真,CritDPS,直伤主C,crit_dps,直伤主C,T1,9,Expert,,,Electric,电,Attack,强攻,Section 6,S,https://cdn.prydwen.gg/images/zenless-zone-zero/characters/harumasa.webp,https://www.prydwen.gg/zenless/tier-list,2026-06-21,2.8.3,式舆防卫 2.8.3,0.16,30734,ok
20260617,2026-07-05T12:48:56,17/June/2026,2026-06-17,da,危局强袭,harumasa,Asaba Harumasa,浅羽 悠真,CritDPS,直伤主C,crit_dps,直伤主C,T1,9,Expert,,,Electric,电,Attack,强攻,Section 6,S,https://cdn.prydwen.gg/images/zenless-zone-zero/characters/harumasa.webp,https://www.prydwen.gg/zenless/tier-list,2026-02-17,2.6.1,危局强袭 2.6.1,0.53,22869,ok
20260617,2026-07-05T12:48:56,17/June/2026,2026-06-17,da,危局强袭,harumasa,Asaba Harumasa,浅羽 悠真,CritDPS,直伤主C,crit_dps,直伤主C,T1,9,Expert,,,Electric,电,Attack,强攻,Section 6,S,https://cdn.prydwen.gg/images/zenless-zone-zero/characters/harumasa.webp,https://www.prydwen.gg/zenless/tier-list,2026-03-10,2.6.2,危局强袭 2.6.2,3.7,22645,ok
20260617,2026-07-05T12:48:56,17/June/2026,2026-06-17,da,危局强袭,harumasa,Asaba Harumasa,浅羽 悠真,CritDPS,直伤主C,crit_dps,直伤主C,T1,9,Expert,,,Electric,电,Attack,强攻,Section 6,S,https://cdn.prydwen.gg/images/zenless-zone-zero/characters/harumasa.webp,https://www.prydwen.gg/zenless/tier-list,2026-03-31,2.7.1,危局强袭 2.7.1,0.43,21928,ok
20260617,2026-07-05T12:48:56,17/June/2026,2026-06-17,da,危局强袭,harumasa,Asaba Harumasa,浅羽 悠真,CritDPS,直伤主C,crit_dps,直伤主C,T1,9,Expert,,,Electric,电,Attack,强攻,Section 6,S,https://cdn.prydwen.gg/images/zenless-zone-zero/characters/harumasa.webp,https://www.prydwen.gg/zenless/tier-list,2026-04-21,2.7.2,危局强袭 2.7.2,3.18,22843,ok
20260617,2026-07-05T12:48:56,17/June/2026,2026-06-17,da,危局强袭,harumasa,Asaba Harumasa,浅羽 悠真,CritDPS,直伤主C,crit_dps,直伤主C,T1,9,Expert,,,Electric,电,Attack,强攻,Section 6,S,https://cdn.prydwen.gg/images/zenless-zone-zero/characters/harumasa.webp,https://www.prydwen.gg/zenless/tier-list,2026-05-11,2.8.1,危局强袭 2.8.1,2.57,23372,ok
20260617,2026-07-05T12:48:56,17/June/2026,2026-06-17,da,危局强袭,harumasa,Asaba Harumasa,浅羽 悠真,CritDPS,直伤主C,crit_dps,直伤主C,T1,9,Expert,,,Electric,电,Attack,强攻,Section 6,S,https://cdn.prydwen.gg/images/zenless-zone-zero/characters/harumasa.webp,https://www.prydwen.gg/zenless/tier-list,2026-06-02,2.8.2,危局强袭 2.8.2,0.42,14718,ok
20260617,2026-07-05T12:48:56,17/June/2026,2026-06-17,da,危局强袭,harumasa,Asaba Harumasa,浅羽 悠真,CritDPS,直伤主C,crit_dps,直伤主C,T1,9,Expert,,,Electric,电,Attack,强攻,Section 6,S,https://cdn.prydwen.gg/images/zenless-zone-zero/characters/harumasa.webp,https://www.prydwen.gg/zenless/tier-list,2026-06-15,2.8.3,危局强袭 2.8.3,2.28,22540,ok
20260617,2026-07-05T12:48:56,17/June/2026,2026-06-17,da,危局强袭,harumasa,Asaba Harumasa,浅羽 悠真,CritDPS,直伤主C,crit_dps,直伤主C,T1,9,Expert,,,Electric,电,Attack,强攻,Section 6,S,https://cdn.prydwen.gg/images/zenless-zone-zero/characters/harumasa.webp,https://www.prydwen.gg/zenless/tier-list,2026-06-21,3.0.1,危局强袭 3.0.1,0.09,0,ok
20260617,2026-07-05T12:48:56,17/June/2026,2026-06-17,sd,式舆防卫,hugo,Hugo Vlad,雨果·维拉德,CritDPS,直伤主C,crit_dps,直伤主C,T1.5,8,,down,,Ice,冰,Attack,强攻,Mockingbird,S,https://cdn.prydwen.gg/images/zenless-zone-zero/characters/hugo.webp,https://www.prydwen.gg/zenless/tier-list,2026-02-17,2.6.1,式舆防卫 2.6.1,0.51,27111,ok
20260617,2026-07-05T12:48:56,17/June/2026,2026-06-17,sd,式舆防卫,hugo,Hugo Vlad,雨果·维拉德,CritDPS,直伤主C,crit_dps,直伤主C,T1.5,8,,down,,Ice,冰,Attack,强攻,Mockingbird,S,https://cdn.prydwen.gg/images/zenless-zone-zero/characters/hugo.webp,https://www.prydwen.gg/zenless/tier-list,2026-03-10,2.6.3,式舆防卫 2.6.3,0.33,0,ok
20260617,2026-07-05T12:48:56,17/June/2026,2026-06-17,sd,式舆防卫,hugo,Hugo Vlad,雨果·维拉德,CritDPS,直伤主C,crit_dps,直伤主C,T1.5,8,,down,,Ice,冰,Attack,强攻,Mockingbird,S,https://cdn.prydwen.gg/images/zenless-zone-zero/characters/hugo.webp,https://www.prydwen.gg/zenless/tier-list,2026-03-31,2.6.4,式舆防卫 2.6.4,0.93,27556,ok
20260617,2026-07-05T12:48:56,17/June/2026,2026-06-17,sd,式舆防卫,hugo,Hugo Vlad,雨果·维拉德,CritDPS,直伤主C,crit_dps,直伤主C,T1.5,8,,down,,Ice,冰,Attack,强攻,Mockingbird,S,https://cdn.prydwen.gg/images/zenless-zone-zero/characters/hugo.webp,https://www.prydwen.gg/zenless/tier-list,2026-04-21,2.7.2,式舆防卫 2.7.2,0.83,26983,ok
20260617,2026-07-05T12:48:56,17/June/2026,2026-06-17,sd,式舆防卫,hugo,Hugo Vlad,雨果·维拉德,CritDPS,直伤主C,crit_dps,直伤主C,T1.5,8,,down,,Ice,冰,Attack,强攻,Mockingbird,S,https://cdn.prydwen.gg/images/zenless-zone-zero/characters/hugo.webp,https://www.prydwen.gg/zenless/tier-list,2026-05-11,2.7.3,式舆防卫 2.7.3,0.76,28061,ok
20260617,2026-07-05T12:48:56,17/June/2026,2026-06-17,sd,式舆防卫,hugo,Hugo Vlad,雨果·维拉德,CritDPS,直伤主C,crit_dps,直伤主C,T1.5,8,,down,,Ice,冰,Attack,强攻,Mockingbird,S,https://cdn.prydwen.gg/images/zenless-zone-zero/characters/hugo.webp,https://www.prydwen.gg/zenless/tier-list,2026-06-02,2.8.2,式舆防卫 2.8.2,0.86,22589,ok
20260617,2026-07-05T12:48:56,17/June/2026,2026-06-17,sd,式舆防卫,hugo,Hugo Vlad,雨果·维拉德,CritDPS,直伤主C,crit_dps,直伤主C,T1.5,8,,down,,Ice,冰,Attack,强攻,Mockingbird,S,https://cdn.prydwen.gg/images/zenless-zone-zero/characters/hugo.webp,https://www.prydwen.gg/zenless/tier-list,2026-06-15,2.8.3,式舆防卫 2.8.3,0.8,28387,ok
20260617,2026-07-05T12:48:56,17/June/2026,2026-06-17,sd,式舆防卫,hugo,Hugo Vlad,雨果·维拉德,CritDPS,直伤主C,crit_dps,直伤主C,T1.5,8,,down,,Ice,冰,Attack,强攻,Mockingbird,S,https://cdn.prydwen.gg/images/zenless-zone-zero/characters/hugo.webp,https://www.prydwen.gg/zenless/tier-list,2026-06-21,2.8.3,式舆防卫 2.8.3,0.72,28474,ok
20260617,2026-07-05T12:48:56,17/June/2026,2026-06-17,da,危局强袭,hugo,Hugo Vlad,雨果·维拉德,CritDPS,直伤主C,crit_dps,直伤主C,T1.5,8,,down,,Ice,冰,Attack,强攻,Mockingbird,S,https://cdn.prydwen.gg/images/zenless-zone-zero/characters/hugo.webp,https://www.prydwen.gg/zenless/tier-list,2026-02-17,2.6.1,危局强袭 2.6.1,0.25,0,ok
20260617,2026-07-05T12:48:56,17/June/2026,2026-06-17,da,危局强袭,hugo,Hugo Vlad,雨果·维拉德,CritDPS,直伤主C,crit_dps,直伤主C,T1.5,8,,down,,Ice,冰,Attack,强攻,Mockingbird,S,https://cdn.prydwen.gg/images/zenless-zone-zero/characters/hugo.webp,https://www.prydwen.gg/zenless/tier-list,2026-03-10,2.6.2,危局强袭 2.6.2,0.52,21495,ok
20260617,2026-07-05T12:48:56,17/June/2026,2026-06-17,da,危局强袭,hugo,Hugo Vlad,雨果·维拉德,CritDPS,直伤主C,crit_dps,直伤主C,T1.5,8,,down,,Ice,冰,Attack,强攻,Mockingbird,S,https://cdn.prydwen.gg/images/zenless-zone-zero/characters/hugo.webp,https://www.prydwen.gg/zenless/tier-list,2026-03-31,2.7.1,危局强袭 2.7.1,2.12,22965,ok
20260617,2026-07-05T12:48:56,17/June/2026,2026-06-17,da,危局强袭,hugo,Hugo Vlad,雨果·维拉德,CritDPS,直伤主C,crit_dps,直伤主C,T1.5,8,,down,,Ice,冰,Attack,强攻,Mockingbird,S,https://cdn.prydwen.gg/images/zenless-zone-zero/characters/hugo.webp,https://www.prydwen.gg/zenless/tier-list,2026-04-21,2.7.2,危局强袭 2.7.2,0.66,21982,ok
20260617,2026-07-05T12:48:56,17/June/2026,2026-06-17,da,危局强袭,hugo,Hugo Vlad,雨果·维拉德,CritDPS,直伤主C,crit_dps,直伤主C,T1.5,8,,down,,Ice,冰,Attack,强攻,Mockingbird,S,https://cdn.prydwen.gg/images/zenless-zone-zero/characters/hugo.webp,https://www.prydwen.gg/zenless/tier-list,2026-05-11,2.8.1,危局强袭 2.8.1,0.65,21413,ok
20260617,2026-07-05T12:48:56,17/June/2026,2026-06-17,da,危局强袭,hugo,Hugo Vlad,雨果·维拉德,CritDPS,直伤主C,crit_dps,直伤主C,T1.5,8,,down,,Ice,冰,Attack,强攻,Mockingbird,S,https://cdn.prydwen.gg/images/zenless-zone-zero/characters/hugo.webp,https://www.prydwen.gg/zenless/tier-list,2026-06-02,2.8.2,危局强袭 2.8.2,0.5,10363,ok
20260617,2026-07-05T12:48:56,17/June/2026,2026-06-17,da,危局强袭,hugo,Hugo Vlad,雨果·维拉德,CritDPS,直伤主C,crit_dps,直伤主C,T1.5,8,,down,,Ice,冰,Attack,强攻,Mockingbird,S,https://cdn.prydwen.gg/images/zenless-zone-zero/characters/hugo.webp,https://www.prydwen.gg/zenless/tier-list,2026-06-15,2.8.3,危局强袭 2.8.3,0.21,0,ok
20260617,2026-07-05T12:48:56,17/June/2026,2026-06-17,da,危局强袭,hugo,Hugo Vlad,雨果·维拉德,CritDPS,直伤主C,crit_dps,直伤主C,T1.5,8,,down,,Ice,冰,Attack,强攻,Mockingbird,S,https://cdn.prydwen.gg/images/zenless-zone-zero/characters/hugo.webp,https://www.prydwen.gg/zenless/tier-list,2026-06-21,3.0.1,危局强袭 3.0.1,2.29,23486,ok
20260617,2026-07-05T12:48:56,17/June/2026,2026-06-17,sd,式舆防卫,jane-doe,Jane Doe,简·杜,AnoDPS,异常主C,anomaly_dps,异常主C,T1,9,,,,Physical,物理,Anomaly,异常,N.E.P.S.,S,https://cdn.prydwen.gg/images/zenless-zone-zero/characters/jane-doe.webp,https://www.prydwen.gg/zenless/tier-list,2026-02-17,2.6.1,式舆防卫 2.6.1,3.86,27732,ok
20260617,2026-07-05T12:48:56,17/June/2026,2026-06-17,sd,式舆防卫,jane-doe,Jane Doe,简·杜,AnoDPS,异常主C,anomaly_dps,异常主C,T1,9,,,,Physical,物理,Anomaly,异常,N.E.P.S.,S,https://cdn.prydwen.gg/images/zenless-zone-zero/characters/jane-doe.webp,https://www.prydwen.gg/zenless/tier-list,2026-03-10,2.6.3,式舆防卫 2.6.3,6.77,28445,ok
20260617,2026-07-05T12:48:56,17/June/2026,2026-06-17,sd,式舆防卫,jane-doe,Jane Doe,简·杜,AnoDPS,异常主C,anomaly_dps,异常主C,T1,9,,,,Physical,物理,Anomaly,异常,N.E.P.S.,S,https://cdn.prydwen.gg/images/zenless-zone-zero/characters/jane-doe.webp,https://www.prydwen.gg/zenless/tier-list,2026-03-31,2.6.4,式舆防卫 2.6.4,5.4,28046,ok
20260617,2026-07-05T12:48:56,17/June/2026,2026-06-17,sd,式舆防卫,jane-doe,Jane Doe,简·杜,AnoDPS,异常主C,anomaly_dps,异常主C,T1,9,,,,Physical,物理,Anomaly,异常,N.E.P.S.,S,https://cdn.prydwen.gg/images/zenless-zone-zero/characters/jane-doe.webp,https://www.prydwen.gg/zenless/tier-list,2026-04-21,2.7.2,式舆防卫 2.7.2,1.84,27086,ok
20260617,2026-07-05T12:48:56,17/June/2026,2026-06-17,sd,式舆防卫,jane-doe,Jane Doe,简·杜,AnoDPS,异常主C,anomaly_dps,异常主C,T1,9,,,,Physical,物理,Anomaly,异常,N.E.P.S.,S,https://cdn.prydwen.gg/images/zenless-zone-zero/characters/jane-doe.webp,https://www.prydwen.gg/zenless/tier-list,2026-05-11,2.7.3,式舆防卫 2.7.3,2.53,29370,ok
20260617,2026-07-05T12:48:56,17/June/2026,2026-06-17,sd,式舆防卫,jane-doe,Jane Doe,简·杜,AnoDPS,异常主C,anomaly_dps,异常主C,T1,9,,,,Physical,物理,Anomaly,异常,N.E.P.S.,S,https://cdn.prydwen.gg/images/zenless-zone-zero/characters/jane-doe.webp,https://www.prydwen.gg/zenless/tier-list,2026-06-02,2.8.2,式舆防卫 2.8.2,4.27,24192,ok
20260617,2026-07-05T12:48:56,17/June/2026,2026-06-17,sd,式舆防卫,jane-doe,Jane Doe,简·杜,AnoDPS,异常主C,anomaly_dps,异常主C,T1,9,,,,Physical,物理,Anomaly,异常,N.E.P.S.,S,https://cdn.prydwen.gg/images/zenless-zone-zero/characters/jane-doe.webp,https://www.prydwen.gg/zenless/tier-list,2026-06-15,2.8.3,式舆防卫 2.8.3,3.03,26577,ok
20260617,2026-07-05T12:48:56,17/June/2026,2026-06-17,sd,式舆防卫,jane-doe,Jane Doe,简·杜,AnoDPS,异常主C,anomaly_dps,异常主C,T1,9,,,,Physical,物理,Anomaly,异常,N.E.P.S.,S,https://cdn.prydwen.gg/images/zenless-zone-zero/characters/jane-doe.webp,https://www.prydwen.gg/zenless/tier-list,2026-06-21,2.8.3,式舆防卫 2.8.3,4.47,28081,ok
20260617,2026-07-05T12:48:56,17/June/2026,2026-06-17,da,危局强袭,jane-doe,Jane Doe,简·杜,AnoDPS,异常主C,anomaly_dps,异常主C,T1,9,,,,Physical,物理,Anomaly,异常,N.E.P.S.,S,https://cdn.prydwen.gg/images/zenless-zone-zero/characters/jane-doe.webp,https://www.prydwen.gg/zenless/tier-list,2026-02-17,2.6.1,危局强袭 2.6.1,3.43,23751,ok
20260617,2026-07-05T12:48:56,17/June/2026,2026-06-17,da,危局强袭,jane-doe,Jane Doe,简·杜,AnoDPS,异常主C,anomaly_dps,异常主C,T1,9,,,,Physical,物理,Anomaly,异常,N.E.P.S.,S,https://cdn.prydwen.gg/images/zenless-zone-zero/characters/jane-doe.webp,https://www.prydwen.gg/zenless/tier-list,2026-03-10,2.6.2,危局强袭 2.6.2,3.64,21096,ok
20260617,2026-07-05T12:48:56,17/June/2026,2026-06-17,da,危局强袭,jane-doe,Jane Doe,简·杜,AnoDPS,异常主C,anomaly_dps,异常主C,T1,9,,,,Physical,物理,Anomaly,异常,N.E.P.S.,S,https://cdn.prydwen.gg/images/zenless-zone-zero/characters/jane-doe.webp,https://www.prydwen.gg/zenless/tier-list,2026-03-31,2.7.1,危局强袭 2.7.1,1.85,21232,ok
20260617,2026-07-05T12:48:56,17/June/2026,2026-06-17,da,危局强袭,jane-doe,Jane Doe,简·杜,AnoDPS,异常主C,anomaly_dps,异常主C,T1,9,,,,Physical,物理,Anomaly,异常,N.E.P.S.,S,https://cdn.prydwen.gg/images/zenless-zone-zero/characters/jane-doe.webp,https://www.prydwen.gg/zenless/tier-list,2026-04-21,2.7.2,危局强袭 2.7.2,3.09,21724,ok
20260617,2026-07-05T12:48:56,17/June/2026,2026-06-17,da,危局强袭,jane-doe,Jane Doe,简·杜,AnoDPS,异常主C,anomaly_dps,异常主C,T1,9,,,,Physical,物理,Anomaly,异常,N.E.P.S.,S,https://cdn.prydwen.gg/images/zenless-zone-zero/characters/jane-doe.webp,https://www.prydwen.gg/zenless/tier-list,2026-05-11,2.8.1,危局强袭 2.8.1,0.19,0,ok
20260617,2026-07-05T12:48:56,17/June/2026,2026-06-17,da,危局强袭,jane-doe,Jane Doe,简·杜,AnoDPS,异常主C,anomaly_dps,异常主C,T1,9,,,,Physical,物理,Anomaly,异常,N.E.P.S.,S,https://cdn.prydwen.gg/images/zenless-zone-zero/characters/jane-doe.webp,https://www.prydwen.gg/zenless/tier-list,2026-06-02,2.8.2,危局强袭 2.8.2,2.93,15108,ok
20260617,2026-07-05T12:48:56,17/June/2026,2026-06-17,da,危局强袭,jane-doe,Jane Doe,简·杜,AnoDPS,异常主C,anomaly_dps,异常主C,T1,9,,,,Physical,物理,Anomaly,异常,N.E.P.S.,S,https://cdn.prydwen.gg/images/zenless-zone-zero/characters/jane-doe.webp,https://www.prydwen.gg/zenless/tier-list,2026-06-15,2.8.3,危局强袭 2.8.3,6.93,23964,ok
20260617,2026-07-05T12:48:56,17/June/2026,2026-06-17,da,危局强袭,jane-doe,Jane Doe,简·杜,AnoDPS,异常主C,anomaly_dps,异常主C,T1,9,,,,Physical,物理,Anomaly,异常,N.E.P.S.,S,https://cdn.prydwen.gg/images/zenless-zone-zero/characters/jane-doe.webp,https://www.prydwen.gg/zenless/tier-list,2026-06-21,3.0.1,危局强袭 3.0.1,10.47,25925,ok
20260617,2026-07-05T12:48:56,17/June/2026,2026-06-17,sd,式舆防卫,ju-fufu,Ju Fufu,橘福福,Support,辅助,support,辅助,T0.5,10,,,,Fire,火,Stun,击破,Yunkui Summit,S,https://cdn.prydwen.gg/images/zenless-zone-zero/characters/ju-fufu.webp,https://www.prydwen.gg/zenless/tier-list,2026-02-17,2.6.1,式舆防卫 2.6.1,35.83,31288,ok
20260617,2026-07-05T12:48:56,17/June/2026,2026-06-17,sd,式舆防卫,ju-fufu,Ju Fufu,橘福福,Support,辅助,support,辅助,T0.5,10,,,,Fire,火,Stun,击破,Yunkui Summit,S,https://cdn.prydwen.gg/images/zenless-zone-zero/characters/ju-fufu.webp,https://www.prydwen.gg/zenless/tier-list,2026-03-10,2.6.3,式舆防卫 2.6.3,30.04,31947,ok
20260617,2026-07-05T12:48:56,17/June/2026,2026-06-17,sd,式舆防卫,ju-fufu,Ju Fufu,橘福福,Support,辅助,support,辅助,T0.5,10,,,,Fire,火,Stun,击破,Yunkui Summit,S,https://cdn.prydwen.gg/images/zenless-zone-zero/characters/ju-fufu.webp,https://www.prydwen.gg/zenless/tier-list,2026-03-31,2.6.4,式舆防卫 2.6.4,33.2,31264,ok
20260617,2026-07-05T12:48:56,17/June/2026,2026-06-17,sd,式舆防卫,ju-fufu,Ju Fufu,橘福福,Support,辅助,support,辅助,T0.5,10,,,,Fire,火,Stun,击破,Yunkui Summit,S,https://cdn.prydwen.gg/images/zenless-zone-zero/characters/ju-fufu.webp,https://www.prydwen.gg/zenless/tier-list,2026-04-21,2.7.2,式舆防卫 2.7.2,27.89,31132,ok
20260617,2026-07-05T12:48:56,17/June/2026,2026-06-17,sd,式舆防卫,ju-fufu,Ju Fufu,橘福福,Support,辅助,support,辅助,T0.5,10,,,,Fire,火,Stun,击破,Yunkui Summit,S,https://cdn.prydwen.gg/images/zenless-zone-zero/characters/ju-fufu.webp,https://www.prydwen.gg/zenless/tier-list,2026-05-11,2.7.3,式舆防卫 2.7.3,18.66,28723,ok
20260617,2026-07-05T12:48:56,17/June/2026,2026-06-17,sd,式舆防卫,ju-fufu,Ju Fufu,橘福福,Support,辅助,support,辅助,T0.5,10,,,,Fire,火,Stun,击破,Yunkui Summit,S,https://cdn.prydwen.gg/images/zenless-zone-zero/characters/ju-fufu.webp,https://www.prydwen.gg/zenless/tier-list,2026-06-02,2.8.2,式舆防卫 2.8.2,14.06,26809,ok
20260617,2026-07-05T12:48:56,17/June/2026,2026-06-17,sd,式舆防卫,ju-fufu,Ju Fufu,橘福福,Support,辅助,support,辅助,T0.5,10,,,,Fire,火,Stun,击破,Yunkui Summit,S,https://cdn.prydwen.gg/images/zenless-zone-zero/characters/ju-fufu.webp,https://www.prydwen.gg/zenless/tier-list,2026-06-15,2.8.3,式舆防卫 2.8.3,21.75,28892,ok
20260617,2026-07-05T12:48:56,17/June/2026,2026-06-17,sd,式舆防卫,ju-fufu,Ju Fufu,橘福福,Support,辅助,support,辅助,T0.5,10,,,,Fire,火,Stun,击破,Yunkui Summit,S,https://cdn.prydwen.gg/images/zenless-zone-zero/characters/ju-fufu.webp,https://www.prydwen.gg/zenless/tier-list,2026-06-21,2.8.3,式舆防卫 2.8.3,21.33,28679,ok
20260617,2026-07-05T12:48:56,17/June/2026,2026-06-17,da,危局强袭,ju-fufu,Ju Fufu,橘福福,Support,辅助,support,辅助,T0.5,10,,,,Fire,火,Stun,击破,Yunkui Summit,S,https://cdn.prydwen.gg/images/zenless-zone-zero/characters/ju-fufu.webp,https://www.prydwen.gg/zenless/tier-list,2026-02-17,2.6.1,危局强袭 2.6.1,33.14,30783,ok
20260617,2026-07-05T12:48:56,17/June/2026,2026-06-17,da,危局强袭,ju-fufu,Ju Fufu,橘福福,Support,辅助,support,辅助,T0.5,10,,,,Fire,火,Stun,击破,Yunkui Summit,S,https://cdn.prydwen.gg/images/zenless-zone-zero/characters/ju-fufu.webp,https://www.prydwen.gg/zenless/tier-list,2026-03-10,2.6.2,危局强袭 2.6.2,31.43,28474,ok
20260617,2026-07-05T12:48:56,17/June/2026,2026-06-17,da,危局强袭,ju-fufu,Ju Fufu,橘福福,Support,辅助,support,辅助,T0.5,10,,,,Fire,火,Stun,击破,Yunkui Summit,S,https://cdn.prydwen.gg/images/zenless-zone-zero/characters/ju-fufu.webp,https://www.prydwen.gg/zenless/tier-list,2026-03-31,2.7.1,危局强袭 2.7.1,27.79,29641,ok
20260617,2026-07-05T12:48:56,17/June/2026,2026-06-17,da,危局强袭,ju-fufu,Ju Fufu,橘福福,Support,辅助,support,辅助,T0.5,10,,,,Fire,火,Stun,击破,Yunkui Summit,S,https://cdn.prydwen.gg/images/zenless-zone-zero/characters/ju-fufu.webp,https://www.prydwen.gg/zenless/tier-list,2026-04-21,2.7.2,危局强袭 2.7.2,20.45,25363,ok
20260617,2026-07-05T12:48:56,17/June/2026,2026-06-17,da,危局强袭,ju-fufu,Ju Fufu,橘福福,Support,辅助,support,辅助,T0.5,10,,,,Fire,火,Stun,击破,Yunkui Summit,S,https://cdn.prydwen.gg/images/zenless-zone-zero/characters/ju-fufu.webp,https://www.prydwen.gg/zenless/tier-list,2026-05-11,2.8.1,危局强袭 2.8.1,26.08,27781,ok
20260617,2026-07-05T12:48:56,17/June/2026,2026-06-17,da,危局强袭,ju-fufu,Ju Fufu,橘福福,Support,辅助,support,辅助,T0.5,10,,,,Fire,火,Stun,击破,Yunkui Summit,S,https://cdn.prydwen.gg/images/zenless-zone-zero/characters/ju-fufu.webp,https://www.prydwen.gg/zenless/tier-list,2026-06-02,2.8.2,危局强袭 2.8.2,17.98,19969,ok
20260617,2026-07-05T12:48:56,17/June/2026,2026-06-17,da,危局强袭,ju-fufu,Ju Fufu,橘福福,Support,辅助,support,辅助,T0.5,10,,,,Fire,火,Stun,击破,Yunkui Summit,S,https://cdn.prydwen.gg/images/zenless-zone-zero/characters/ju-fufu.webp,https://www.prydwen.gg/zenless/tier-list,2026-06-15,2.8.3,危局强袭 2.8.3,15.24,24612,ok
20260617,2026-07-05T12:48:56,17/June/2026,2026-06-17,da,危局强袭,ju-fufu,Ju Fufu,橘福福,Support,辅助,support,辅助,T0.5,10,,,,Fire,火,Stun,击破,Yunkui Summit,S,https://cdn.prydwen.gg/images/zenless-zone-zero/characters/ju-fufu.webp,https://www.prydwen.gg/zenless/tier-list,2026-06-21,3.0.1,危局强袭 3.0.1,23.64,30984,ok
20260617,2026-07-05T12:48:56,17/June/2026,2026-06-17,sd,式舆防卫,koleda,Koleda Belobog,珂蕾妲·贝洛伯格,Support,辅助,support,辅助,T2,7,,,,Fire,火,Stun,击破,Belobog Heavy Industries,S,https://cdn.prydwen.gg/images/zenless-zone-zero/characters/koleda.webp,https://www.prydwen.gg/zenless/tier-list,2026-02-17,2.6.1,式舆防卫 2.6.1,2.63,28110,ok
20260617,2026-07-05T12:48:56,17/June/2026,2026-06-17,sd,式舆防卫,koleda,Koleda Belobog,珂蕾妲·贝洛伯格,Support,辅助,support,辅助,T2,7,,,,Fire,火,Stun,击破,Belobog Heavy Industries,S,https://cdn.prydwen.gg/images/zenless-zone-zero/characters/koleda.webp,https://www.prydwen.gg/zenless/tier-list,2026-03-10,2.6.3,式舆防卫 2.6.3,1.3,27612,ok
20260617,2026-07-05T12:48:56,17/June/2026,2026-06-17,sd,式舆防卫,koleda,Koleda Belobog,珂蕾妲·贝洛伯格,Support,辅助,support,辅助,T2,7,,,,Fire,火,Stun,击破,Belobog Heavy Industries,S,https://cdn.prydwen.gg/images/zenless-zone-zero/characters/koleda.webp,https://www.prydwen.gg/zenless/tier-list,2026-03-31,2.6.4,式舆防卫 2.6.4,1.0,28160,ok
20260617,2026-07-05T12:48:56,17/June/2026,2026-06-17,sd,式舆防卫,koleda,Koleda Belobog,珂蕾妲·贝洛伯格,Support,辅助,support,辅助,T2,7,,,,Fire,火,Stun,击破,Belobog Heavy Industries,S,https://cdn.prydwen.gg/images/zenless-zone-zero/characters/koleda.webp,https://www.prydwen.gg/zenless/tier-list,2026-04-21,2.7.2,式舆防卫 2.7.2,0.74,28283,ok
20260617,2026-07-05T12:48:56,17/June/2026,2026-06-17,sd,式舆防卫,koleda,Koleda Belobog,珂蕾妲·贝洛伯格,Support,辅助,support,辅助,T2,7,,,,Fire,火,Stun,击破,Belobog Heavy Industries,S,https://cdn.prydwen.gg/images/zenless-zone-zero/characters/koleda.webp,https://www.prydwen.gg/zenless/tier-list,2026-05-11,2.7.3,式舆防卫 2.7.3,0.43,26934,ok
20260617,2026-07-05T12:48:56,17/June/2026,2026-06-17,sd,式舆防卫,koleda,Koleda Belobog,珂蕾妲·贝洛伯格,Support,辅助,support,辅助,T2,7,,,,Fire,火,Stun,击破,Belobog Heavy Industries,S,https://cdn.prydwen.gg/images/zenless-zone-zero/characters/koleda.webp,https://www.prydwen.gg/zenless/tier-list,2026-06-02,2.8.2,式舆防卫 2.8.2,0.77,24621,ok
20260617,2026-07-05T12:48:56,17/June/2026,2026-06-17,sd,式舆防卫,koleda,Koleda Belobog,珂蕾妲·贝洛伯格,Support,辅助,support,辅助,T2,7,,,,Fire,火,Stun,击破,Belobog Heavy Industries,S,https://cdn.prydwen.gg/images/zenless-zone-zero/characters/koleda.webp,https://www.prydwen.gg/zenless/tier-list,2026-06-15,2.8.3,式舆防卫 2.8.3,0.9,27979,ok
20260617,2026-07-05T12:48:56,17/June/2026,2026-06-17,sd,式舆防卫,koleda,Koleda Belobog,珂蕾妲·贝洛伯格,Support,辅助,support,辅助,T2,7,,,,Fire,火,Stun,击破,Belobog Heavy Industries,S,https://cdn.prydwen.gg/images/zenless-zone-zero/characters/koleda.webp,https://www.prydwen.gg/zenless/tier-list,2026-06-21,2.8.3,式舆防卫 2.8.3,0.87,27816,ok
20260617,2026-07-05T12:48:56,17/June/2026,2026-06-17,da,危局强袭,koleda,Koleda Belobog,珂蕾妲·贝洛伯格,Support,辅助,support,辅助,T2,7,,,,Fire,火,Stun,击破,Belobog Heavy Industries,S,https://cdn.prydwen.gg/images/zenless-zone-zero/characters/koleda.webp,https://www.prydwen.gg/zenless/tier-list,2026-02-17,2.6.1,危局强袭 2.6.1,0.98,23527,ok
20260617,2026-07-05T12:48:56,17/June/2026,2026-06-17,da,危局强袭,koleda,Koleda Belobog,珂蕾妲·贝洛伯格,Support,辅助,support,辅助,T2,7,,,,Fire,火,Stun,击破,Belobog Heavy Industries,S,https://cdn.prydwen.gg/images/zenless-zone-zero/characters/koleda.webp,https://www.prydwen.gg/zenless/tier-list,2026-03-10,2.6.2,危局强袭 2.6.2,1.13,22702,ok
20260617,2026-07-05T12:48:56,17/June/2026,2026-06-17,da,危局强袭,koleda,Koleda Belobog,珂蕾妲·贝洛伯格,Support,辅助,support,辅助,T2,7,,,,Fire,火,Stun,击破,Belobog Heavy Industries,S,https://cdn.prydwen.gg/images/zenless-zone-zero/characters/koleda.webp,https://www.prydwen.gg/zenless/tier-list,2026-03-31,2.7.1,危局强袭 2.7.1,0.58,22816,ok
20260617,2026-07-05T12:48:56,17/June/2026,2026-06-17,da,危局强袭,koleda,Koleda Belobog,珂蕾妲·贝洛伯格,Support,辅助,support,辅助,T2,7,,,,Fire,火,Stun,击破,Belobog Heavy Industries,S,https://cdn.prydwen.gg/images/zenless-zone-zero/characters/koleda.webp,https://www.prydwen.gg/zenless/tier-list,2026-04-21,2.7.2,危局强袭 2.7.2,0.36,21692,ok
20260617,2026-07-05T12:48:56,17/June/2026,2026-06-17,da,危局强袭,koleda,Koleda Belobog,珂蕾妲·贝洛伯格,Support,辅助,support,辅助,T2,7,,,,Fire,火,Stun,击破,Belobog Heavy Industries,S,https://cdn.prydwen.gg/images/zenless-zone-zero/characters/koleda.webp,https://www.prydwen.gg/zenless/tier-list,2026-05-11,2.8.1,危局强袭 2.8.1,0.96,22389,ok
20260617,2026-07-05T12:48:56,17/June/2026,2026-06-17,da,危局强袭,koleda,Koleda Belobog,珂蕾妲·贝洛伯格,Support,辅助,support,辅助,T2,7,,,,Fire,火,Stun,击破,Belobog Heavy Industries,S,https://cdn.prydwen.gg/images/zenless-zone-zero/characters/koleda.webp,https://www.prydwen.gg/zenless/tier-list,2026-06-02,2.8.2,危局强袭 2.8.2,0.73,17236,ok
20260617,2026-07-05T12:48:56,17/June/2026,2026-06-17,da,危局强袭,koleda,Koleda Belobog,珂蕾妲·贝洛伯格,Support,辅助,support,辅助,T2,7,,,,Fire,火,Stun,击破,Belobog Heavy Industries,S,https://cdn.prydwen.gg/images/zenless-zone-zero/characters/koleda.webp,https://www.prydwen.gg/zenless/tier-list,2026-06-15,2.8.3,危局强袭 2.8.3,0.55,23468,ok
20260617,2026-07-05T12:48:56,17/June/2026,2026-06-17,da,危局强袭,koleda,Koleda Belobog,珂蕾妲·贝洛伯格,Support,辅助,support,辅助,T2,7,,,,Fire,火,Stun,击破,Belobog Heavy Industries,S,https://cdn.prydwen.gg/images/zenless-zone-zero/characters/koleda.webp,https://www.prydwen.gg/zenless/tier-list,2026-06-21,3.0.1,危局强袭 3.0.1,0.74,25138,ok
20260617,2026-07-05T12:48:56,17/June/2026,2026-06-17,sd,式舆防卫,lighter,Lighter,莱特,Support,辅助,support,辅助,T1,9,,down,,Fire,火,Stun,击破,Sons of Calydon,S,https://cdn.prydwen.gg/images/zenless-zone-zero/characters/lighter.webp,https://www.prydwen.gg/zenless/tier-list,2026-02-17,2.6.1,式舆防卫 2.6.1,11.14,31590,ok
20260617,2026-07-05T12:48:56,17/June/2026,2026-06-17,sd,式舆防卫,lighter,Lighter,莱特,Support,辅助,support,辅助,T1,9,,down,,Fire,火,Stun,击破,Sons of Calydon,S,https://cdn.prydwen.gg/images/zenless-zone-zero/characters/lighter.webp,https://www.prydwen.gg/zenless/tier-list,2026-03-10,2.6.3,式舆防卫 2.6.3,4.75,27810,ok
20260617,2026-07-05T12:48:56,17/June/2026,2026-06-17,sd,式舆防卫,lighter,Lighter,莱特,Support,辅助,support,辅助,T1,9,,down,,Fire,火,Stun,击破,Sons of Calydon,S,https://cdn.prydwen.gg/images/zenless-zone-zero/characters/lighter.webp,https://www.prydwen.gg/zenless/tier-list,2026-03-31,2.6.4,式舆防卫 2.6.4,4.38,27163,ok
20260617,2026-07-05T12:48:56,17/June/2026,2026-06-17,sd,式舆防卫,lighter,Lighter,莱特,Support,辅助,support,辅助,T1,9,,down,,Fire,火,Stun,击破,Sons of Calydon,S,https://cdn.prydwen.gg/images/zenless-zone-zero/characters/lighter.webp,https://www.prydwen.gg/zenless/tier-list,2026-04-21,2.7.2,式舆防卫 2.7.2,2.45,26669,ok
20260617,2026-07-05T12:48:56,17/June/2026,2026-06-17,sd,式舆防卫,lighter,Lighter,莱特,Support,辅助,support,辅助,T1,9,,down,,Fire,火,Stun,击破,Sons of Calydon,S,https://cdn.prydwen.gg/images/zenless-zone-zero/characters/lighter.webp,https://www.prydwen.gg/zenless/tier-list,2026-05-11,2.7.3,式舆防卫 2.7.3,2.24,26619,ok
20260617,2026-07-05T12:48:56,17/June/2026,2026-06-17,sd,式舆防卫,lighter,Lighter,莱特,Support,辅助,support,辅助,T1,9,,down,,Fire,火,Stun,击破,Sons of Calydon,S,https://cdn.prydwen.gg/images/zenless-zone-zero/characters/lighter.webp,https://www.prydwen.gg/zenless/tier-list,2026-06-02,2.8.2,式舆防卫 2.8.2,3.54,23661,ok
20260617,2026-07-05T12:48:56,17/June/2026,2026-06-17,sd,式舆防卫,lighter,Lighter,莱特,Support,辅助,support,辅助,T1,9,,down,,Fire,火,Stun,击破,Sons of Calydon,S,https://cdn.prydwen.gg/images/zenless-zone-zero/characters/lighter.webp,https://www.prydwen.gg/zenless/tier-list,2026-06-15,2.8.3,式舆防卫 2.8.3,5.95,27508,ok
20260617,2026-07-05T12:48:56,17/June/2026,2026-06-17,sd,式舆防卫,lighter,Lighter,莱特,Support,辅助,support,辅助,T1,9,,down,,Fire,火,Stun,击破,Sons of Calydon,S,https://cdn.prydwen.gg/images/zenless-zone-zero/characters/lighter.webp,https://www.prydwen.gg/zenless/tier-list,2026-06-21,2.8.3,式舆防卫 2.8.3,5.51,27401,ok
20260617,2026-07-05T12:48:56,17/June/2026,2026-06-17,da,危局强袭,lighter,Lighter,莱特,Support,辅助,support,辅助,T1,9,,down,,Fire,火,Stun,击破,Sons of Calydon,S,https://cdn.prydwen.gg/images/zenless-zone-zero/characters/lighter.webp,https://www.prydwen.gg/zenless/tier-list,2026-02-17,2.6.1,危局强袭 2.6.1,2.31,22260,ok
20260617,2026-07-05T12:48:56,17/June/2026,2026-06-17,da,危局强袭,lighter,Lighter,莱特,Support,辅助,support,辅助,T1,9,,down,,Fire,火,Stun,击破,Sons of Calydon,S,https://cdn.prydwen.gg/images/zenless-zone-zero/characters/lighter.webp,https://www.prydwen.gg/zenless/tier-list,2026-03-10,2.6.2,危局强袭 2.6.2,2.64,21721,ok
20260617,2026-07-05T12:48:56,17/June/2026,2026-06-17,da,危局强袭,lighter,Lighter,莱特,Support,辅助,support,辅助,T1,9,,down,,Fire,火,Stun,击破,Sons of Calydon,S,https://cdn.prydwen.gg/images/zenless-zone-zero/characters/lighter.webp,https://www.prydwen.gg/zenless/tier-list,2026-03-31,2.7.1,危局强袭 2.7.1,4.15,23029,ok
20260617,2026-07-05T12:48:56,17/June/2026,2026-06-17,da,危局强袭,lighter,Lighter,莱特,Support,辅助,support,辅助,T1,9,,down,,Fire,火,Stun,击破,Sons of Calydon,S,https://cdn.prydwen.gg/images/zenless-zone-zero/characters/lighter.webp,https://www.prydwen.gg/zenless/tier-list,2026-04-21,2.7.2,危局强袭 2.7.2,2.38,22932,ok
20260617,2026-07-05T12:48:56,17/June/2026,2026-06-17,da,危局强袭,lighter,Lighter,莱特,Support,辅助,support,辅助,T1,9,,down,,Fire,火,Stun,击破,Sons of Calydon,S,https://cdn.prydwen.gg/images/zenless-zone-zero/characters/lighter.webp,https://www.prydwen.gg/zenless/tier-list,2026-05-11,2.8.1,危局强袭 2.8.1,1.98,21801,ok
20260617,2026-07-05T12:48:56,17/June/2026,2026-06-17,da,危局强袭,lighter,Lighter,莱特,Support,辅助,support,辅助,T1,9,,down,,Fire,火,Stun,击破,Sons of Calydon,S,https://cdn.prydwen.gg/images/zenless-zone-zero/characters/lighter.webp,https://www.prydwen.gg/zenless/tier-list,2026-06-02,2.8.2,危局强袭 2.8.2,1.78,16057,ok
20260617,2026-07-05T12:48:56,17/June/2026,2026-06-17,da,危局强袭,lighter,Lighter,莱特,Support,辅助,support,辅助,T1,9,,down,,Fire,火,Stun,击破,Sons of Calydon,S,https://cdn.prydwen.gg/images/zenless-zone-zero/characters/lighter.webp,https://www.prydwen.gg/zenless/tier-list,2026-06-15,2.8.3,危局强袭 2.8.3,1.43,23214,ok
20260617,2026-07-05T12:48:56,17/June/2026,2026-06-17,da,危局强袭,lighter,Lighter,莱特,Support,辅助,support,辅助,T1,9,,down,,Fire,火,Stun,击破,Sons of Calydon,S,https://cdn.prydwen.gg/images/zenless-zone-zero/characters/lighter.webp,https://www.prydwen.gg/zenless/tier-list,2026-06-21,3.0.1,危局强袭 3.0.1,3.41,23766,ok
20260617,2026-07-05T12:48:56,17/June/2026,2026-06-17,sd,式舆防卫,lucia,Lucia,卢西娅,Support,辅助,support,辅助,T0,11,,,,Ether,以太,Support,支援,Spook Shack,S,https://cdn.prydwen.gg/images/zenless-zone-zero/characters/lucia.webp,https://www.prydwen.gg/zenless/tier-list,2026-02-17,2.6.1,式舆防卫 2.6.1,56.16,31993,ok
20260617,2026-07-05T12:48:56,17/June/2026,2026-06-17,sd,式舆防卫,lucia,Lucia,卢西娅,Support,辅助,support,辅助,T0,11,,,,Ether,以太,Support,支援,Spook Shack,S,https://cdn.prydwen.gg/images/zenless-zone-zero/characters/lucia.webp,https://www.prydwen.gg/zenless/tier-list,2026-03-10,2.6.3,式舆防卫 2.6.3,58.6,32831,ok
20260617,2026-07-05T12:48:56,17/June/2026,2026-06-17,sd,式舆防卫,lucia,Lucia,卢西娅,Support,辅助,support,辅助,T0,11,,,,Ether,以太,Support,支援,Spook Shack,S,https://cdn.prydwen.gg/images/zenless-zone-zero/characters/lucia.webp,https://www.prydwen.gg/zenless/tier-list,2026-03-31,2.6.4,式舆防卫 2.6.4,63.17,31774,ok
20260617,2026-07-05T12:48:56,17/June/2026,2026-06-17,sd,式舆防卫,lucia,Lucia,卢西娅,Support,辅助,support,辅助,T0,11,,,,Ether,以太,Support,支援,Spook Shack,S,https://cdn.prydwen.gg/images/zenless-zone-zero/characters/lucia.webp,https://www.prydwen.gg/zenless/tier-list,2026-04-21,2.7.2,式舆防卫 2.7.2,62.75,31691,ok
20260617,2026-07-05T12:48:56,17/June/2026,2026-06-17,sd,式舆防卫,lucia,Lucia,卢西娅,Support,辅助,support,辅助,T0,11,,,,Ether,以太,Support,支援,Spook Shack,S,https://cdn.prydwen.gg/images/zenless-zone-zero/characters/lucia.webp,https://www.prydwen.gg/zenless/tier-list,2026-05-11,2.7.3,式舆防卫 2.7.3,41.81,30027,ok
20260617,2026-07-05T12:48:56,17/June/2026,2026-06-17,sd,式舆防卫,lucia,Lucia,卢西娅,Support,辅助,support,辅助,T0,11,,,,Ether,以太,Support,支援,Spook Shack,S,https://cdn.prydwen.gg/images/zenless-zone-zero/characters/lucia.webp,https://www.prydwen.gg/zenless/tier-list,2026-06-02,2.8.2,式舆防卫 2.8.2,40.28,29262,ok
20260617,2026-07-05T12:48:56,17/June/2026,2026-06-17,sd,式舆防卫,lucia,Lucia,卢西娅,Support,辅助,support,辅助,T0,11,,,,Ether,以太,Support,支援,Spook Shack,S,https://cdn.prydwen.gg/images/zenless-zone-zero/characters/lucia.webp,https://www.prydwen.gg/zenless/tier-list,2026-06-15,2.8.3,式舆防卫 2.8.3,57.26,30470,ok
20260617,2026-07-05T12:48:56,17/June/2026,2026-06-17,sd,式舆防卫,lucia,Lucia,卢西娅,Support,辅助,support,辅助,T0,11,,,,Ether,以太,Support,支援,Spook Shack,S,https://cdn.prydwen.gg/images/zenless-zone-zero/characters/lucia.webp,https://www.prydwen.gg/zenless/tier-list,2026-06-21,2.8.3,式舆防卫 2.8.3,54.39,30151,ok
20260617,2026-07-05T12:48:56,17/June/2026,2026-06-17,da,危局强袭,lucia,Lucia,卢西娅,Support,辅助,support,辅助,T0,11,,,,Ether,以太,Support,支援,Spook Shack,S,https://cdn.prydwen.gg/images/zenless-zone-zero/characters/lucia.webp,https://www.prydwen.gg/zenless/tier-list,2026-02-17,2.6.1,危局强袭 2.6.1,62.59,32728,ok
20260617,2026-07-05T12:48:56,17/June/2026,2026-06-17,da,危局强袭,lucia,Lucia,卢西娅,Support,辅助,support,辅助,T0,11,,,,Ether,以太,Support,支援,Spook Shack,S,https://cdn.prydwen.gg/images/zenless-zone-zero/characters/lucia.webp,https://www.prydwen.gg/zenless/tier-list,2026-03-10,2.6.2,危局强袭 2.6.2,61.77,29142,ok
20260617,2026-07-05T12:48:56,17/June/2026,2026-06-17,da,危局强袭,lucia,Lucia,卢西娅,Support,辅助,support,辅助,T0,11,,,,Ether,以太,Support,支援,Spook Shack,S,https://cdn.prydwen.gg/images/zenless-zone-zero/characters/lucia.webp,https://www.prydwen.gg/zenless/tier-list,2026-03-31,2.7.1,危局强袭 2.7.1,62.91,32078,ok
20260617,2026-07-05T12:48:56,17/June/2026,2026-06-17,da,危局强袭,lucia,Lucia,卢西娅,Support,辅助,support,辅助,T0,11,,,,Ether,以太,Support,支援,Spook Shack,S,https://cdn.prydwen.gg/images/zenless-zone-zero/characters/lucia.webp,https://www.prydwen.gg/zenless/tier-list,2026-04-21,2.7.2,危局强袭 2.7.2,36.44,25699,ok
20260617,2026-07-05T12:48:56,17/June/2026,2026-06-17,da,危局强袭,lucia,Lucia,卢西娅,Support,辅助,support,辅助,T0,11,,,,Ether,以太,Support,支援,Spook Shack,S,https://cdn.prydwen.gg/images/zenless-zone-zero/characters/lucia.webp,https://www.prydwen.gg/zenless/tier-list,2026-05-11,2.8.1,危局强袭 2.8.1,69.4,28145,ok
20260617,2026-07-05T12:48:56,17/June/2026,2026-06-17,da,危局强袭,lucia,Lucia,卢西娅,Support,辅助,support,辅助,T0,11,,,,Ether,以太,Support,支援,Spook Shack,S,https://cdn.prydwen.gg/images/zenless-zone-zero/characters/lucia.webp,https://www.prydwen.gg/zenless/tier-list,2026-06-02,2.8.2,危局强袭 2.8.2,50.04,23732,ok
20260617,2026-07-05T12:48:56,17/June/2026,2026-06-17,da,危局强袭,lucia,Lucia,卢西娅,Support,辅助,support,辅助,T0,11,,,,Ether,以太,Support,支援,Spook Shack,S,https://cdn.prydwen.gg/images/zenless-zone-zero/characters/lucia.webp,https://www.prydwen.gg/zenless/tier-list,2026-06-15,2.8.3,危局强袭 2.8.3,47.99,27479,ok
20260617,2026-07-05T12:48:56,17/June/2026,2026-06-17,da,危局强袭,lucia,Lucia,卢西娅,Support,辅助,support,辅助,T0,11,,,,Ether,以太,Support,支援,Spook Shack,S,https://cdn.prydwen.gg/images/zenless-zone-zero/characters/lucia.webp,https://www.prydwen.gg/zenless/tier-list,2026-06-21,3.0.1,危局强袭 3.0.1,55.27,32290,ok
20260617,2026-07-05T12:48:56,17/June/2026,2026-06-17,sd,式舆防卫,lucy,Luciana de Montefio,露西亚娜·德·蒙特夫,Support,辅助,support,辅助,T2,7,,,,Fire,火,Support,支援,Sons of Calydon,A,https://cdn.prydwen.gg/images/zenless-zone-zero/characters/lucy.webp,https://www.prydwen.gg/zenless/tier-list,2026-02-17,2.6.1,式舆防卫 2.6.1,1.96,27694,ok
20260617,2026-07-05T12:48:56,17/June/2026,2026-06-17,sd,式舆防卫,lucy,Luciana de Montefio,露西亚娜·德·蒙特夫,Support,辅助,support,辅助,T2,7,,,,Fire,火,Support,支援,Sons of Calydon,A,https://cdn.prydwen.gg/images/zenless-zone-zero/characters/lucy.webp,https://www.prydwen.gg/zenless/tier-list,2026-03-10,2.6.3,式舆防卫 2.6.3,0.81,27774,ok
20260617,2026-07-05T12:48:56,17/June/2026,2026-06-17,sd,式舆防卫,lucy,Luciana de Montefio,露西亚娜·德·蒙特夫,Support,辅助,support,辅助,T2,7,,,,Fire,火,Support,支援,Sons of Calydon,A,https://cdn.prydwen.gg/images/zenless-zone-zero/characters/lucy.webp,https://www.prydwen.gg/zenless/tier-list,2026-03-31,2.6.4,式舆防卫 2.6.4,0.93,26989,ok
20260617,2026-07-05T12:48:56,17/June/2026,2026-06-17,sd,式舆防卫,lucy,Luciana de Montefio,露西亚娜·德·蒙特夫,Support,辅助,support,辅助,T2,7,,,,Fire,火,Support,支援,Sons of Calydon,A,https://cdn.prydwen.gg/images/zenless-zone-zero/characters/lucy.webp,https://www.prydwen.gg/zenless/tier-list,2026-04-21,2.7.2,式舆防卫 2.7.2,0.57,27049,ok
20260617,2026-07-05T12:48:56,17/June/2026,2026-06-17,sd,式舆防卫,lucy,Luciana de Montefio,露西亚娜·德·蒙特夫,Support,辅助,support,辅助,T2,7,,,,Fire,火,Support,支援,Sons of Calydon,A,https://cdn.prydwen.gg/images/zenless-zone-zero/characters/lucy.webp,https://www.prydwen.gg/zenless/tier-list,2026-05-11,2.7.3,式舆防卫 2.7.3,0.51,28031,ok
20260617,2026-07-05T12:48:56,17/June/2026,2026-06-17,sd,式舆防卫,lucy,Luciana de Montefio,露西亚娜·德·蒙特夫,Support,辅助,support,辅助,T2,7,,,,Fire,火,Support,支援,Sons of Calydon,A,https://cdn.prydwen.gg/images/zenless-zone-zero/characters/lucy.webp,https://www.prydwen.gg/zenless/tier-list,2026-06-02,2.8.2,式舆防卫 2.8.2,1.02,21988,ok
20260617,2026-07-05T12:48:56,17/June/2026,2026-06-17,sd,式舆防卫,lucy,Luciana de Montefio,露西亚娜·德·蒙特夫,Support,辅助,support,辅助,T2,7,,,,Fire,火,Support,支援,Sons of Calydon,A,https://cdn.prydwen.gg/images/zenless-zone-zero/characters/lucy.webp,https://www.prydwen.gg/zenless/tier-list,2026-06-15,2.8.3,式舆防卫 2.8.3,0.67,28609,ok
20260617,2026-07-05T12:48:56,17/June/2026,2026-06-17,sd,式舆防卫,lucy,Luciana de Montefio,露西亚娜·德·蒙特夫,Support,辅助,support,辅助,T2,7,,,,Fire,火,Support,支援,Sons of Calydon,A,https://cdn.prydwen.gg/images/zenless-zone-zero/characters/lucy.webp,https://www.prydwen.gg/zenless/tier-list,2026-06-21,2.8.3,式舆防卫 2.8.3,0.72,27507,ok
20260617,2026-07-05T12:48:56,17/June/2026,2026-06-17,da,危局强袭,lucy,Luciana de Montefio,露西亚娜·德·蒙特夫,Support,辅助,support,辅助,T2,7,,,,Fire,火,Support,支援,Sons of Calydon,A,https://cdn.prydwen.gg/images/zenless-zone-zero/characters/lucy.webp,https://www.prydwen.gg/zenless/tier-list,2026-02-17,2.6.1,危局强袭 2.6.1,0.92,22400,ok
20260617,2026-07-05T12:48:56,17/June/2026,2026-06-17,da,危局强袭,lucy,Luciana de Montefio,露西亚娜·德·蒙特夫,Support,辅助,support,辅助,T2,7,,,,Fire,火,Support,支援,Sons of Calydon,A,https://cdn.prydwen.gg/images/zenless-zone-zero/characters/lucy.webp,https://www.prydwen.gg/zenless/tier-list,2026-03-10,2.6.2,危局强袭 2.6.2,0.65,22228,ok
20260617,2026-07-05T12:48:56,17/June/2026,2026-06-17,da,危局强袭,lucy,Luciana de Montefio,露西亚娜·德·蒙特夫,Support,辅助,support,辅助,T2,7,,,,Fire,火,Support,支援,Sons of Calydon,A,https://cdn.prydwen.gg/images/zenless-zone-zero/characters/lucy.webp,https://www.prydwen.gg/zenless/tier-list,2026-03-31,2.7.1,危局强袭 2.7.1,0.47,22417,ok
20260617,2026-07-05T12:48:56,17/June/2026,2026-06-17,da,危局强袭,lucy,Luciana de Montefio,露西亚娜·德·蒙特夫,Support,辅助,support,辅助,T2,7,,,,Fire,火,Support,支援,Sons of Calydon,A,https://cdn.prydwen.gg/images/zenless-zone-zero/characters/lucy.webp,https://www.prydwen.gg/zenless/tier-list,2026-04-21,2.7.2,危局强袭 2.7.2,0.4,21826,ok
20260617,2026-07-05T12:48:56,17/June/2026,2026-06-17,da,危局强袭,lucy,Luciana de Montefio,露西亚娜·德·蒙特夫,Support,辅助,support,辅助,T2,7,,,,Fire,火,Support,支援,Sons of Calydon,A,https://cdn.prydwen.gg/images/zenless-zone-zero/characters/lucy.webp,https://www.prydwen.gg/zenless/tier-list,2026-05-11,2.8.1,危局强袭 2.8.1,0.24,21159,ok
20260617,2026-07-05T12:48:56,17/June/2026,2026-06-17,da,危局强袭,lucy,Luciana de Montefio,露西亚娜·德·蒙特夫,Support,辅助,support,辅助,T2,7,,,,Fire,火,Support,支援,Sons of Calydon,A,https://cdn.prydwen.gg/images/zenless-zone-zero/characters/lucy.webp,https://www.prydwen.gg/zenless/tier-list,2026-06-02,2.8.2,危局强袭 2.8.2,0.75,13615,ok
20260617,2026-07-05T12:48:56,17/June/2026,2026-06-17,da,危局强袭,lucy,Luciana de Montefio,露西亚娜·德·蒙特夫,Support,辅助,support,辅助,T2,7,,,,Fire,火,Support,支援,Sons of Calydon,A,https://cdn.prydwen.gg/images/zenless-zone-zero/characters/lucy.webp,https://www.prydwen.gg/zenless/tier-list,2026-06-15,2.8.3,危局强袭 2.8.3,0.32,22871,ok
20260617,2026-07-05T12:48:56,17/June/2026,2026-06-17,da,危局强袭,lucy,Luciana de Montefio,露西亚娜·德·蒙特夫,Support,辅助,support,辅助,T2,7,,,,Fire,火,Support,支援,Sons of Calydon,A,https://cdn.prydwen.gg/images/zenless-zone-zero/characters/lucy.webp,https://www.prydwen.gg/zenless/tier-list,2026-06-21,3.0.1,危局强袭 3.0.1,0.3,21826,ok
20260617,2026-07-05T12:48:56,17/June/2026,2026-06-17,sd,式舆防卫,lycaon,Von Lycaon,冯·莱卡恩,Support,辅助,support,辅助,T1,9,,,,Ice,冰,Stun,击破,Victoria Housekeeping Co.,S,https://cdn.prydwen.gg/images/zenless-zone-zero/characters/lycaon.webp,https://www.prydwen.gg/zenless/tier-list,2026-02-17,2.6.1,式舆防卫 2.6.1,2.09,27909,ok
20260617,2026-07-05T12:48:56,17/June/2026,2026-06-17,sd,式舆防卫,lycaon,Von Lycaon,冯·莱卡恩,Support,辅助,support,辅助,T1,9,,,,Ice,冰,Stun,击破,Victoria Housekeeping Co.,S,https://cdn.prydwen.gg/images/zenless-zone-zero/characters/lycaon.webp,https://www.prydwen.gg/zenless/tier-list,2026-03-10,2.6.3,式舆防卫 2.6.3,2.82,28212,ok
20260617,2026-07-05T12:48:56,17/June/2026,2026-06-17,sd,式舆防卫,lycaon,Von Lycaon,冯·莱卡恩,Support,辅助,support,辅助,T1,9,,,,Ice,冰,Stun,击破,Victoria Housekeeping Co.,S,https://cdn.prydwen.gg/images/zenless-zone-zero/characters/lycaon.webp,https://www.prydwen.gg/zenless/tier-list,2026-03-31,2.6.4,式舆防卫 2.6.4,8.17,29795,ok
20260617,2026-07-05T12:48:56,17/June/2026,2026-06-17,sd,式舆防卫,lycaon,Von Lycaon,冯·莱卡恩,Support,辅助,support,辅助,T1,9,,,,Ice,冰,Stun,击破,Victoria Housekeeping Co.,S,https://cdn.prydwen.gg/images/zenless-zone-zero/characters/lycaon.webp,https://www.prydwen.gg/zenless/tier-list,2026-04-21,2.7.2,式舆防卫 2.7.2,5.54,29025,ok
20260617,2026-07-05T12:48:56,17/June/2026,2026-06-17,sd,式舆防卫,lycaon,Von Lycaon,冯·莱卡恩,Support,辅助,support,辅助,T1,9,,,,Ice,冰,Stun,击破,Victoria Housekeeping Co.,S,https://cdn.prydwen.gg/images/zenless-zone-zero/characters/lycaon.webp,https://www.prydwen.gg/zenless/tier-list,2026-05-11,2.7.3,式舆防卫 2.7.3,2.51,27943,ok
20260617,2026-07-05T12:48:56,17/June/2026,2026-06-17,sd,式舆防卫,lycaon,Von Lycaon,冯·莱卡恩,Support,辅助,support,辅助,T1,9,,,,Ice,冰,Stun,击破,Victoria Housekeeping Co.,S,https://cdn.prydwen.gg/images/zenless-zone-zero/characters/lycaon.webp,https://www.prydwen.gg/zenless/tier-list,2026-06-02,2.8.2,式舆防卫 2.8.2,4.24,25128,ok
20260617,2026-07-05T12:48:56,17/June/2026,2026-06-17,sd,式舆防卫,lycaon,Von Lycaon,冯·莱卡恩,Support,辅助,support,辅助,T1,9,,,,Ice,冰,Stun,击破,Victoria Housekeeping Co.,S,https://cdn.prydwen.gg/images/zenless-zone-zero/characters/lycaon.webp,https://www.prydwen.gg/zenless/tier-list,2026-06-15,2.8.3,式舆防卫 2.8.3,3.0,27860,ok
20260617,2026-07-05T12:48:56,17/June/2026,2026-06-17,sd,式舆防卫,lycaon,Von Lycaon,冯·莱卡恩,Support,辅助,support,辅助,T1,9,,,,Ice,冰,Stun,击破,Victoria Housekeeping Co.,S,https://cdn.prydwen.gg/images/zenless-zone-zero/characters/lycaon.webp,https://www.prydwen.gg/zenless/tier-list,2026-06-21,2.8.3,式舆防卫 2.8.3,2.88,27459,ok
20260617,2026-07-05T12:48:56,17/June/2026,2026-06-17,da,危局强袭,lycaon,Von Lycaon,冯·莱卡恩,Support,辅助,support,辅助,T1,9,,,,Ice,冰,Stun,击破,Victoria Housekeeping Co.,S,https://cdn.prydwen.gg/images/zenless-zone-zero/characters/lycaon.webp,https://www.prydwen.gg/zenless/tier-list,2026-02-17,2.6.1,危局强袭 2.6.1,2.23,23409,ok
20260617,2026-07-05T12:48:56,17/June/2026,2026-06-17,da,危局强袭,lycaon,Von Lycaon,冯·莱卡恩,Support,辅助,support,辅助,T1,9,,,,Ice,冰,Stun,击破,Victoria Housekeeping Co.,S,https://cdn.prydwen.gg/images/zenless-zone-zero/characters/lycaon.webp,https://www.prydwen.gg/zenless/tier-list,2026-03-10,2.6.2,危局强袭 2.6.2,7.71,29418,ok
20260617,2026-07-05T12:48:56,17/June/2026,2026-06-17,da,危局强袭,lycaon,Von Lycaon,冯·莱卡恩,Support,辅助,support,辅助,T1,9,,,,Ice,冰,Stun,击破,Victoria Housekeeping Co.,S,https://cdn.prydwen.gg/images/zenless-zone-zero/characters/lycaon.webp,https://www.prydwen.gg/zenless/tier-list,2026-03-31,2.7.1,危局强袭 2.7.1,9.99,24467,ok
20260617,2026-07-05T12:48:56,17/June/2026,2026-06-17,da,危局强袭,lycaon,Von Lycaon,冯·莱卡恩,Support,辅助,support,辅助,T1,9,,,,Ice,冰,Stun,击破,Victoria Housekeeping Co.,S,https://cdn.prydwen.gg/images/zenless-zone-zero/characters/lycaon.webp,https://www.prydwen.gg/zenless/tier-list,2026-04-21,2.7.2,危局强袭 2.7.2,4.62,23953,ok
20260617,2026-07-05T12:48:56,17/June/2026,2026-06-17,da,危局强袭,lycaon,Von Lycaon,冯·莱卡恩,Support,辅助,support,辅助,T1,9,,,,Ice,冰,Stun,击破,Victoria Housekeeping Co.,S,https://cdn.prydwen.gg/images/zenless-zone-zero/characters/lycaon.webp,https://www.prydwen.gg/zenless/tier-list,2026-05-11,2.8.1,危局强袭 2.8.1,5.96,27795,ok
20260617,2026-07-05T12:48:56,17/June/2026,2026-06-17,da,危局强袭,lycaon,Von Lycaon,冯·莱卡恩,Support,辅助,support,辅助,T1,9,,,,Ice,冰,Stun,击破,Victoria Housekeeping Co.,S,https://cdn.prydwen.gg/images/zenless-zone-zero/characters/lycaon.webp,https://www.prydwen.gg/zenless/tier-list,2026-06-02,2.8.2,危局强袭 2.8.2,7.75,20369,ok
20260617,2026-07-05T12:48:56,17/June/2026,2026-06-17,da,危局强袭,lycaon,Von Lycaon,冯·莱卡恩,Support,辅助,support,辅助,T1,9,,,,Ice,冰,Stun,击破,Victoria Housekeeping Co.,S,https://cdn.prydwen.gg/images/zenless-zone-zero/characters/lycaon.webp,https://www.prydwen.gg/zenless/tier-list,2026-06-15,2.8.3,危局强袭 2.8.3,4.28,25431,ok
20260617,2026-07-05T12:48:56,17/June/2026,2026-06-17,da,危局强袭,lycaon,Von Lycaon,冯·莱卡恩,Support,辅助,support,辅助,T1,9,,,,Ice,冰,Stun,击破,Victoria Housekeeping Co.,S,https://cdn.prydwen.gg/images/zenless-zone-zero/characters/lycaon.webp,https://www.prydwen.gg/zenless/tier-list,2026-06-21,3.0.1,危局强袭 3.0.1,6.68,25140,ok
20260617,2026-07-05T12:48:56,17/June/2026,2026-06-17,sd,式舆防卫,manato,Komano Manato,狛野真斗,CritDPS,直伤主C,crit_dps,直伤主C,T1.5,8,,down,,Fire,火,Rupture,命破,Spook Shack,A,https://cdn.prydwen.gg/images/zenless-zone-zero/characters/manato.webp,https://www.prydwen.gg/zenless/tier-list,2026-02-17,2.6.1,式舆防卫 2.6.1,1.11,27712,ok
20260617,2026-07-05T12:48:56,17/June/2026,2026-06-17,sd,式舆防卫,manato,Komano Manato,狛野真斗,CritDPS,直伤主C,crit_dps,直伤主C,T1.5,8,,down,,Fire,火,Rupture,命破,Spook Shack,A,https://cdn.prydwen.gg/images/zenless-zone-zero/characters/manato.webp,https://www.prydwen.gg/zenless/tier-list,2026-03-10,2.6.3,式舆防卫 2.6.3,1.4,28664,ok
20260617,2026-07-05T12:48:56,17/June/2026,2026-06-17,sd,式舆防卫,manato,Komano Manato,狛野真斗,CritDPS,直伤主C,crit_dps,直伤主C,T1.5,8,,down,,Fire,火,Rupture,命破,Spook Shack,A,https://cdn.prydwen.gg/images/zenless-zone-zero/characters/manato.webp,https://www.prydwen.gg/zenless/tier-list,2026-03-31,2.6.4,式舆防卫 2.6.4,0.83,28350,ok
20260617,2026-07-05T12:48:56,17/June/2026,2026-06-17,sd,式舆防卫,manato,Komano Manato,狛野真斗,CritDPS,直伤主C,crit_dps,直伤主C,T1.5,8,,down,,Fire,火,Rupture,命破,Spook Shack,A,https://cdn.prydwen.gg/images/zenless-zone-zero/characters/manato.webp,https://www.prydwen.gg/zenless/tier-list,2026-04-21,2.7.2,式舆防卫 2.7.2,0.39,26586,ok
20260617,2026-07-05T12:48:56,17/June/2026,2026-06-17,sd,式舆防卫,manato,Komano Manato,狛野真斗,CritDPS,直伤主C,crit_dps,直伤主C,T1.5,8,,down,,Fire,火,Rupture,命破,Spook Shack,A,https://cdn.prydwen.gg/images/zenless-zone-zero/characters/manato.webp,https://www.prydwen.gg/zenless/tier-list,2026-05-11,2.7.3,式舆防卫 2.7.3,0.05,0,ok
20260617,2026-07-05T12:48:56,17/June/2026,2026-06-17,sd,式舆防卫,manato,Komano Manato,狛野真斗,CritDPS,直伤主C,crit_dps,直伤主C,T1.5,8,,down,,Fire,火,Rupture,命破,Spook Shack,A,https://cdn.prydwen.gg/images/zenless-zone-zero/characters/manato.webp,https://www.prydwen.gg/zenless/tier-list,2026-06-02,2.8.2,式舆防卫 2.8.2,0.6,23744,ok
20260617,2026-07-05T12:48:56,17/June/2026,2026-06-17,sd,式舆防卫,manato,Komano Manato,狛野真斗,CritDPS,直伤主C,crit_dps,直伤主C,T1.5,8,,down,,Fire,火,Rupture,命破,Spook Shack,A,https://cdn.prydwen.gg/images/zenless-zone-zero/characters/manato.webp,https://www.prydwen.gg/zenless/tier-list,2026-06-15,2.8.3,式舆防卫 2.8.3,0.38,27370,ok
20260617,2026-07-05T12:48:56,17/June/2026,2026-06-17,sd,式舆防卫,manato,Komano Manato,狛野真斗,CritDPS,直伤主C,crit_dps,直伤主C,T1.5,8,,down,,Fire,火,Rupture,命破,Spook Shack,A,https://cdn.prydwen.gg/images/zenless-zone-zero/characters/manato.webp,https://www.prydwen.gg/zenless/tier-list,2026-06-21,2.8.3,式舆防卫 2.8.3,0.3,27206,ok
20260617,2026-07-05T12:48:56,17/June/2026,2026-06-17,da,危局强袭,manato,Komano Manato,狛野真斗,CritDPS,直伤主C,crit_dps,直伤主C,T1.5,8,,down,,Fire,火,Rupture,命破,Spook Shack,A,https://cdn.prydwen.gg/images/zenless-zone-zero/characters/manato.webp,https://www.prydwen.gg/zenless/tier-list,2026-02-17,2.6.1,危局强袭 2.6.1,1.1,22336,ok
20260617,2026-07-05T12:48:56,17/June/2026,2026-06-17,da,危局强袭,manato,Komano Manato,狛野真斗,CritDPS,直伤主C,crit_dps,直伤主C,T1.5,8,,down,,Fire,火,Rupture,命破,Spook Shack,A,https://cdn.prydwen.gg/images/zenless-zone-zero/characters/manato.webp,https://www.prydwen.gg/zenless/tier-list,2026-03-10,2.6.2,危局强袭 2.6.2,2.72,23121,ok
20260617,2026-07-05T12:48:56,17/June/2026,2026-06-17,da,危局强袭,manato,Komano Manato,狛野真斗,CritDPS,直伤主C,crit_dps,直伤主C,T1.5,8,,down,,Fire,火,Rupture,命破,Spook Shack,A,https://cdn.prydwen.gg/images/zenless-zone-zero/characters/manato.webp,https://www.prydwen.gg/zenless/tier-list,2026-03-31,2.7.1,危局强袭 2.7.1,0.69,22183,ok
20260617,2026-07-05T12:48:56,17/June/2026,2026-06-17,da,危局强袭,manato,Komano Manato,狛野真斗,CritDPS,直伤主C,crit_dps,直伤主C,T1.5,8,,down,,Fire,火,Rupture,命破,Spook Shack,A,https://cdn.prydwen.gg/images/zenless-zone-zero/characters/manato.webp,https://www.prydwen.gg/zenless/tier-list,2026-04-21,2.7.2,危局强袭 2.7.2,0.15,21793,ok
20260617,2026-07-05T12:48:56,17/June/2026,2026-06-17,da,危局强袭,manato,Komano Manato,狛野真斗,CritDPS,直伤主C,crit_dps,直伤主C,T1.5,8,,down,,Fire,火,Rupture,命破,Spook Shack,A,https://cdn.prydwen.gg/images/zenless-zone-zero/characters/manato.webp,https://www.prydwen.gg/zenless/tier-list,2026-05-11,2.8.1,危局强袭 2.8.1,1.91,22397,ok
20260617,2026-07-05T12:48:56,17/June/2026,2026-06-17,da,危局强袭,manato,Komano Manato,狛野真斗,CritDPS,直伤主C,crit_dps,直伤主C,T1.5,8,,down,,Fire,火,Rupture,命破,Spook Shack,A,https://cdn.prydwen.gg/images/zenless-zone-zero/characters/manato.webp,https://www.prydwen.gg/zenless/tier-list,2026-06-02,2.8.2,危局强袭 2.8.2,0.32,15800,ok
20260617,2026-07-05T12:48:56,17/June/2026,2026-06-17,da,危局强袭,manato,Komano Manato,狛野真斗,CritDPS,直伤主C,crit_dps,直伤主C,T1.5,8,,down,,Fire,火,Rupture,命破,Spook Shack,A,https://cdn.prydwen.gg/images/zenless-zone-zero/characters/manato.webp,https://www.prydwen.gg/zenless/tier-list,2026-06-15,2.8.3,危局强袭 2.8.3,0.09,0,ok
20260617,2026-07-05T12:48:56,17/June/2026,2026-06-17,da,危局强袭,manato,Komano Manato,狛野真斗,CritDPS,直伤主C,crit_dps,直伤主C,T1.5,8,,down,,Fire,火,Rupture,命破,Spook Shack,A,https://cdn.prydwen.gg/images/zenless-zone-zero/characters/manato.webp,https://www.prydwen.gg/zenless/tier-list,2026-06-21,3.0.1,危局强袭 3.0.1,0.11,0,ok
20260617,2026-07-05T12:48:56,17/June/2026,2026-06-17,sd,式舆防卫,miyabi,Hoshimi Miyabi,星见 雅,AnoDPS,异常主C,anomaly_dps,异常主C,T0.5,10,,down,,Ice,冰,Anomaly,异常,Section 6,S,https://cdn.prydwen.gg/images/zenless-zone-zero/characters/miyabi.webp,https://www.prydwen.gg/zenless/tier-list,2026-02-17,2.6.1,式舆防卫 2.6.1,34.51,34079,ok
20260617,2026-07-05T12:48:56,17/June/2026,2026-06-17,sd,式舆防卫,miyabi,Hoshimi Miyabi,星见 雅,AnoDPS,异常主C,anomaly_dps,异常主C,T0.5,10,,down,,Ice,冰,Anomaly,异常,Section 6,S,https://cdn.prydwen.gg/images/zenless-zone-zero/characters/miyabi.webp,https://www.prydwen.gg/zenless/tier-list,2026-03-10,2.6.3,式舆防卫 2.6.3,25.91,29555,ok
20260617,2026-07-05T12:48:56,17/June/2026,2026-06-17,sd,式舆防卫,miyabi,Hoshimi Miyabi,星见 雅,AnoDPS,异常主C,anomaly_dps,异常主C,T0.5,10,,down,,Ice,冰,Anomaly,异常,Section 6,S,https://cdn.prydwen.gg/images/zenless-zone-zero/characters/miyabi.webp,https://www.prydwen.gg/zenless/tier-list,2026-03-31,2.6.4,式舆防卫 2.6.4,47.05,28921,ok
20260617,2026-07-05T12:48:56,17/June/2026,2026-06-17,sd,式舆防卫,miyabi,Hoshimi Miyabi,星见 雅,AnoDPS,异常主C,anomaly_dps,异常主C,T0.5,10,,down,,Ice,冰,Anomaly,异常,Section 6,S,https://cdn.prydwen.gg/images/zenless-zone-zero/characters/miyabi.webp,https://www.prydwen.gg/zenless/tier-list,2026-04-21,2.7.2,式舆防卫 2.7.2,45.87,29218,ok
20260617,2026-07-05T12:48:56,17/June/2026,2026-06-17,sd,式舆防卫,miyabi,Hoshimi Miyabi,星见 雅,AnoDPS,异常主C,anomaly_dps,异常主C,T0.5,10,,down,,Ice,冰,Anomaly,异常,Section 6,S,https://cdn.prydwen.gg/images/zenless-zone-zero/characters/miyabi.webp,https://www.prydwen.gg/zenless/tier-list,2026-05-11,2.7.3,式舆防卫 2.7.3,43.8,34028,ok
20260617,2026-07-05T12:48:56,17/June/2026,2026-06-17,sd,式舆防卫,miyabi,Hoshimi Miyabi,星见 雅,AnoDPS,异常主C,anomaly_dps,异常主C,T0.5,10,,down,,Ice,冰,Anomaly,异常,Section 6,S,https://cdn.prydwen.gg/images/zenless-zone-zero/characters/miyabi.webp,https://www.prydwen.gg/zenless/tier-list,2026-06-02,2.8.2,式舆防卫 2.8.2,57.04,29647,ok
20260617,2026-07-05T12:48:56,17/June/2026,2026-06-17,sd,式舆防卫,miyabi,Hoshimi Miyabi,星见 雅,AnoDPS,异常主C,anomaly_dps,异常主C,T0.5,10,,down,,Ice,冰,Anomaly,异常,Section 6,S,https://cdn.prydwen.gg/images/zenless-zone-zero/characters/miyabi.webp,https://www.prydwen.gg/zenless/tier-list,2026-06-15,2.8.3,式舆防卫 2.8.3,56.37,32617,ok
20260617,2026-07-05T12:48:56,17/June/2026,2026-06-17,sd,式舆防卫,miyabi,Hoshimi Miyabi,星见 雅,AnoDPS,异常主C,anomaly_dps,异常主C,T0.5,10,,down,,Ice,冰,Anomaly,异常,Section 6,S,https://cdn.prydwen.gg/images/zenless-zone-zero/characters/miyabi.webp,https://www.prydwen.gg/zenless/tier-list,2026-06-21,2.8.3,式舆防卫 2.8.3,55.0,32227,ok
20260617,2026-07-05T12:48:56,17/June/2026,2026-06-17,da,危局强袭,miyabi,Hoshimi Miyabi,星见 雅,AnoDPS,异常主C,anomaly_dps,异常主C,T0.5,10,,down,,Ice,冰,Anomaly,异常,Section 6,S,https://cdn.prydwen.gg/images/zenless-zone-zero/characters/miyabi.webp,https://www.prydwen.gg/zenless/tier-list,2026-02-17,2.6.1,危局强袭 2.6.1,70.28,27346,ok
20260617,2026-07-05T12:48:56,17/June/2026,2026-06-17,da,危局强袭,miyabi,Hoshimi Miyabi,星见 雅,AnoDPS,异常主C,anomaly_dps,异常主C,T0.5,10,,down,,Ice,冰,Anomaly,异常,Section 6,S,https://cdn.prydwen.gg/images/zenless-zone-zero/characters/miyabi.webp,https://www.prydwen.gg/zenless/tier-list,2026-03-10,2.6.2,危局强袭 2.6.2,9.56,20994,ok
20260617,2026-07-05T12:48:56,17/June/2026,2026-06-17,da,危局强袭,miyabi,Hoshimi Miyabi,星见 雅,AnoDPS,异常主C,anomaly_dps,异常主C,T0.5,10,,down,,Ice,冰,Anomaly,异常,Section 6,S,https://cdn.prydwen.gg/images/zenless-zone-zero/characters/miyabi.webp,https://www.prydwen.gg/zenless/tier-list,2026-03-31,2.7.1,危局强袭 2.7.1,59.6,26251,ok
20260617,2026-07-05T12:48:56,17/June/2026,2026-06-17,da,危局强袭,miyabi,Hoshimi Miyabi,星见 雅,AnoDPS,异常主C,anomaly_dps,异常主C,T0.5,10,,down,,Ice,冰,Anomaly,异常,Section 6,S,https://cdn.prydwen.gg/images/zenless-zone-zero/characters/miyabi.webp,https://www.prydwen.gg/zenless/tier-list,2026-04-21,2.7.2,危局强袭 2.7.2,17.77,23587,ok
20260617,2026-07-05T12:48:56,17/June/2026,2026-06-17,da,危局强袭,miyabi,Hoshimi Miyabi,星见 雅,AnoDPS,异常主C,anomaly_dps,异常主C,T0.5,10,,down,,Ice,冰,Anomaly,异常,Section 6,S,https://cdn.prydwen.gg/images/zenless-zone-zero/characters/miyabi.webp,https://www.prydwen.gg/zenless/tier-list,2026-05-11,2.8.1,危局强袭 2.8.1,47.83,25328,ok
20260617,2026-07-05T12:48:56,17/June/2026,2026-06-17,da,危局强袭,miyabi,Hoshimi Miyabi,星见 雅,AnoDPS,异常主C,anomaly_dps,异常主C,T0.5,10,,down,,Ice,冰,Anomaly,异常,Section 6,S,https://cdn.prydwen.gg/images/zenless-zone-zero/characters/miyabi.webp,https://www.prydwen.gg/zenless/tier-list,2026-06-02,2.8.2,危局强袭 2.8.2,58.82,22784,ok
20260617,2026-07-05T12:48:56,17/June/2026,2026-06-17,da,危局强袭,miyabi,Hoshimi Miyabi,星见 雅,AnoDPS,异常主C,anomaly_dps,异常主C,T0.5,10,,down,,Ice,冰,Anomaly,异常,Section 6,S,https://cdn.prydwen.gg/images/zenless-zone-zero/characters/miyabi.webp,https://www.prydwen.gg/zenless/tier-list,2026-06-15,2.8.3,危局强袭 2.8.3,29.69,27748,ok
20260617,2026-07-05T12:48:56,17/June/2026,2026-06-17,da,危局强袭,miyabi,Hoshimi Miyabi,星见 雅,AnoDPS,异常主C,anomaly_dps,异常主C,T0.5,10,,down,,Ice,冰,Anomaly,异常,Section 6,S,https://cdn.prydwen.gg/images/zenless-zone-zero/characters/miyabi.webp,https://www.prydwen.gg/zenless/tier-list,2026-06-21,3.0.1,危局强袭 3.0.1,32.85,25280,ok
20260617,2026-07-05T12:48:56,17/June/2026,2026-06-17,sd,式舆防卫,nangong-yu,Nangong Yu,南宫羽,Support,辅助,support,辅助,T0,11,,,,Ether,以太,Stun,击破,Angels of Delusion,S,https://cdn.prydwen.gg/images/zenless-zone-zero/characters/nangong-yu.webp,https://www.prydwen.gg/zenless/tier-list,2026-03-31,2.6.4,式舆防卫 2.6.4,18.1,35182,ok
20260617,2026-07-05T12:48:56,17/June/2026,2026-06-17,sd,式舆防卫,nangong-yu,Nangong Yu,南宫羽,Support,辅助,support,辅助,T0,11,,,,Ether,以太,Stun,击破,Angels of Delusion,S,https://cdn.prydwen.gg/images/zenless-zone-zero/characters/nangong-yu.webp,https://www.prydwen.gg/zenless/tier-list,2026-04-21,2.7.2,式舆防卫 2.7.2,56.97,31926,ok
20260617,2026-07-05T12:48:56,17/June/2026,2026-06-17,sd,式舆防卫,nangong-yu,Nangong Yu,南宫羽,Support,辅助,support,辅助,T0,11,,,,Ether,以太,Stun,击破,Angels of Delusion,S,https://cdn.prydwen.gg/images/zenless-zone-zero/characters/nangong-yu.webp,https://www.prydwen.gg/zenless/tier-list,2026-05-11,2.7.3,式舆防卫 2.7.3,57.26,34816,ok
20260617,2026-07-05T12:48:56,17/June/2026,2026-06-17,sd,式舆防卫,nangong-yu,Nangong Yu,南宫羽,Support,辅助,support,辅助,T0,11,,,,Ether,以太,Stun,击破,Angels of Delusion,S,https://cdn.prydwen.gg/images/zenless-zone-zero/characters/nangong-yu.webp,https://www.prydwen.gg/zenless/tier-list,2026-06-02,2.8.2,式舆防卫 2.8.2,50.91,31218,ok
20260617,2026-07-05T12:48:56,17/June/2026,2026-06-17,sd,式舆防卫,nangong-yu,Nangong Yu,南宫羽,Support,辅助,support,辅助,T0,11,,,,Ether,以太,Stun,击破,Angels of Delusion,S,https://cdn.prydwen.gg/images/zenless-zone-zero/characters/nangong-yu.webp,https://www.prydwen.gg/zenless/tier-list,2026-06-15,2.8.3,式舆防卫 2.8.3,53.17,33636,ok
20260617,2026-07-05T12:48:56,17/June/2026,2026-06-17,sd,式舆防卫,nangong-yu,Nangong Yu,南宫羽,Support,辅助,support,辅助,T0,11,,,,Ether,以太,Stun,击破,Angels of Delusion,S,https://cdn.prydwen.gg/images/zenless-zone-zero/characters/nangong-yu.webp,https://www.prydwen.gg/zenless/tier-list,2026-06-21,2.8.3,式舆防卫 2.8.3,47.99,33342,ok
20260617,2026-07-05T12:48:56,17/June/2026,2026-06-17,da,危局强袭,nangong-yu,Nangong Yu,南宫羽,Support,辅助,support,辅助,T0,11,,,,Ether,以太,Stun,击破,Angels of Delusion,S,https://cdn.prydwen.gg/images/zenless-zone-zero/characters/nangong-yu.webp,https://www.prydwen.gg/zenless/tier-list,2026-03-31,2.7.1,危局强袭 2.7.1,42.76,29993,ok
20260617,2026-07-05T12:48:56,17/June/2026,2026-06-17,da,危局强袭,nangong-yu,Nangong Yu,南宫羽,Support,辅助,support,辅助,T0,11,,,,Ether,以太,Stun,击破,Angels of Delusion,S,https://cdn.prydwen.gg/images/zenless-zone-zero/characters/nangong-yu.webp,https://www.prydwen.gg/zenless/tier-list,2026-04-21,2.7.2,危局强袭 2.7.2,54.77,32354,ok
20260617,2026-07-05T12:48:56,17/June/2026,2026-06-17,da,危局强袭,nangong-yu,Nangong Yu,南宫羽,Support,辅助,support,辅助,T0,11,,,,Ether,以太,Stun,击破,Angels of Delusion,S,https://cdn.prydwen.gg/images/zenless-zone-zero/characters/nangong-yu.webp,https://www.prydwen.gg/zenless/tier-list,2026-05-11,2.8.1,危局强袭 2.8.1,47.04,29228,ok
20260617,2026-07-05T12:48:56,17/June/2026,2026-06-17,da,危局强袭,nangong-yu,Nangong Yu,南宫羽,Support,辅助,support,辅助,T0,11,,,,Ether,以太,Stun,击破,Angels of Delusion,S,https://cdn.prydwen.gg/images/zenless-zone-zero/characters/nangong-yu.webp,https://www.prydwen.gg/zenless/tier-list,2026-06-02,2.8.2,危局强袭 2.8.2,61.56,27588,ok
20260617,2026-07-05T12:48:56,17/June/2026,2026-06-17,da,危局强袭,nangong-yu,Nangong Yu,南宫羽,Support,辅助,support,辅助,T0,11,,,,Ether,以太,Stun,击破,Angels of Delusion,S,https://cdn.prydwen.gg/images/zenless-zone-zero/characters/nangong-yu.webp,https://www.prydwen.gg/zenless/tier-list,2026-06-15,2.8.3,危局强袭 2.8.3,47.35,31003,ok
20260617,2026-07-05T12:48:56,17/June/2026,2026-06-17,da,危局强袭,nangong-yu,Nangong Yu,南宫羽,Support,辅助,support,辅助,T0,11,,,,Ether,以太,Stun,击破,Angels of Delusion,S,https://cdn.prydwen.gg/images/zenless-zone-zero/characters/nangong-yu.webp,https://www.prydwen.gg/zenless/tier-list,2026-06-21,3.0.1,危局强袭 3.0.1,30.95,26476,ok
20260617,2026-07-05T12:48:56,17/June/2026,2026-06-17,sd,式舆防卫,nekomata,Nekomiya Mana,猫宫 又奈,CritDPS,直伤主C,crit_dps,直伤主C,T2,7,,,,Physical,物理,Attack,强攻,Cunning Hares,S,https://cdn.prydwen.gg/images/zenless-zone-zero/characters/nekomata.webp,https://www.prydwen.gg/zenless/tier-list,2026-02-17,2.6.1,式舆防卫 2.6.1,0.36,28044,ok
20260617,2026-07-05T12:48:56,17/June/2026,2026-06-17,sd,式舆防卫,nekomata,Nekomiya Mana,猫宫 又奈,CritDPS,直伤主C,crit_dps,直伤主C,T2,7,,,,Physical,物理,Attack,强攻,Cunning Hares,S,https://cdn.prydwen.gg/images/zenless-zone-zero/characters/nekomata.webp,https://www.prydwen.gg/zenless/tier-list,2026-03-10,2.6.3,式舆防卫 2.6.3,0.37,27843,ok
20260617,2026-07-05T12:48:56,17/June/2026,2026-06-17,sd,式舆防卫,nekomata,Nekomiya Mana,猫宫 又奈,CritDPS,直伤主C,crit_dps,直伤主C,T2,7,,,,Physical,物理,Attack,强攻,Cunning Hares,S,https://cdn.prydwen.gg/images/zenless-zone-zero/characters/nekomata.webp,https://www.prydwen.gg/zenless/tier-list,2026-03-31,2.6.4,式舆防卫 2.6.4,0.23,27317,ok
20260617,2026-07-05T12:48:56,17/June/2026,2026-06-17,sd,式舆防卫,nekomata,Nekomiya Mana,猫宫 又奈,CritDPS,直伤主C,crit_dps,直伤主C,T2,7,,,,Physical,物理,Attack,强攻,Cunning Hares,S,https://cdn.prydwen.gg/images/zenless-zone-zero/characters/nekomata.webp,https://www.prydwen.gg/zenless/tier-list,2026-04-21,2.7.2,式舆防卫 2.7.2,0.16,28955,ok
20260617,2026-07-05T12:48:56,17/June/2026,2026-06-17,sd,式舆防卫,nekomata,Nekomiya Mana,猫宫 又奈,CritDPS,直伤主C,crit_dps,直伤主C,T2,7,,,,Physical,物理,Attack,强攻,Cunning Hares,S,https://cdn.prydwen.gg/images/zenless-zone-zero/characters/nekomata.webp,https://www.prydwen.gg/zenless/tier-list,2026-05-11,2.7.3,式舆防卫 2.7.3,0.2,27812,ok
20260617,2026-07-05T12:48:56,17/June/2026,2026-06-17,sd,式舆防卫,nekomata,Nekomiya Mana,猫宫 又奈,CritDPS,直伤主C,crit_dps,直伤主C,T2,7,,,,Physical,物理,Attack,强攻,Cunning Hares,S,https://cdn.prydwen.gg/images/zenless-zone-zero/characters/nekomata.webp,https://www.prydwen.gg/zenless/tier-list,2026-06-02,2.8.2,式舆防卫 2.8.2,0.25,25285,ok
20260617,2026-07-05T12:48:56,17/June/2026,2026-06-17,sd,式舆防卫,nekomata,Nekomiya Mana,猫宫 又奈,CritDPS,直伤主C,crit_dps,直伤主C,T2,7,,,,Physical,物理,Attack,强攻,Cunning Hares,S,https://cdn.prydwen.gg/images/zenless-zone-zero/characters/nekomata.webp,https://www.prydwen.gg/zenless/tier-list,2026-06-15,2.8.3,式舆防卫 2.8.3,0.26,29969,ok
20260617,2026-07-05T12:48:56,17/June/2026,2026-06-17,sd,式舆防卫,nekomata,Nekomiya Mana,猫宫 又奈,CritDPS,直伤主C,crit_dps,直伤主C,T2,7,,,,Physical,物理,Attack,强攻,Cunning Hares,S,https://cdn.prydwen.gg/images/zenless-zone-zero/characters/nekomata.webp,https://www.prydwen.gg/zenless/tier-list,2026-06-21,2.8.3,式舆防卫 2.8.3,0.19,29875,ok
20260617,2026-07-05T12:48:56,17/June/2026,2026-06-17,da,危局强袭,nekomata,Nekomiya Mana,猫宫 又奈,CritDPS,直伤主C,crit_dps,直伤主C,T2,7,,,,Physical,物理,Attack,强攻,Cunning Hares,S,https://cdn.prydwen.gg/images/zenless-zone-zero/characters/nekomata.webp,https://www.prydwen.gg/zenless/tier-list,2026-02-17,2.6.1,危局强袭 2.6.1,0.5,21680,ok
20260617,2026-07-05T12:48:56,17/June/2026,2026-06-17,da,危局强袭,nekomata,Nekomiya Mana,猫宫 又奈,CritDPS,直伤主C,crit_dps,直伤主C,T2,7,,,,Physical,物理,Attack,强攻,Cunning Hares,S,https://cdn.prydwen.gg/images/zenless-zone-zero/characters/nekomata.webp,https://www.prydwen.gg/zenless/tier-list,2026-03-10,2.6.2,危局强袭 2.6.2,0.35,23471,ok
20260617,2026-07-05T12:48:56,17/June/2026,2026-06-17,da,危局强袭,nekomata,Nekomiya Mana,猫宫 又奈,CritDPS,直伤主C,crit_dps,直伤主C,T2,7,,,,Physical,物理,Attack,强攻,Cunning Hares,S,https://cdn.prydwen.gg/images/zenless-zone-zero/characters/nekomata.webp,https://www.prydwen.gg/zenless/tier-list,2026-03-31,2.7.1,危局强袭 2.7.1,0.13,0,ok
20260617,2026-07-05T12:48:56,17/June/2026,2026-06-17,da,危局强袭,nekomata,Nekomiya Mana,猫宫 又奈,CritDPS,直伤主C,crit_dps,直伤主C,T2,7,,,,Physical,物理,Attack,强攻,Cunning Hares,S,https://cdn.prydwen.gg/images/zenless-zone-zero/characters/nekomata.webp,https://www.prydwen.gg/zenless/tier-list,2026-04-21,2.7.2,危局强袭 2.7.2,0.32,22713,ok
20260617,2026-07-05T12:48:56,17/June/2026,2026-06-17,da,危局强袭,nekomata,Nekomiya Mana,猫宫 又奈,CritDPS,直伤主C,crit_dps,直伤主C,T2,7,,,,Physical,物理,Attack,强攻,Cunning Hares,S,https://cdn.prydwen.gg/images/zenless-zone-zero/characters/nekomata.webp,https://www.prydwen.gg/zenless/tier-list,2026-05-11,2.8.1,危局强袭 2.8.1,0.23,24317,ok
20260617,2026-07-05T12:48:56,17/June/2026,2026-06-17,da,危局强袭,nekomata,Nekomiya Mana,猫宫 又奈,CritDPS,直伤主C,crit_dps,直伤主C,T2,7,,,,Physical,物理,Attack,强攻,Cunning Hares,S,https://cdn.prydwen.gg/images/zenless-zone-zero/characters/nekomata.webp,https://www.prydwen.gg/zenless/tier-list,2026-06-02,2.8.2,危局强袭 2.8.2,0.2,18103,ok
20260617,2026-07-05T12:48:56,17/June/2026,2026-06-17,da,危局强袭,nekomata,Nekomiya Mana,猫宫 又奈,CritDPS,直伤主C,crit_dps,直伤主C,T2,7,,,,Physical,物理,Attack,强攻,Cunning Hares,S,https://cdn.prydwen.gg/images/zenless-zone-zero/characters/nekomata.webp,https://www.prydwen.gg/zenless/tier-list,2026-06-15,2.8.3,危局强袭 2.8.3,0.32,23231,ok
20260617,2026-07-05T12:48:56,17/June/2026,2026-06-17,da,危局强袭,nekomata,Nekomiya Mana,猫宫 又奈,CritDPS,直伤主C,crit_dps,直伤主C,T2,7,,,,Physical,物理,Attack,强攻,Cunning Hares,S,https://cdn.prydwen.gg/images/zenless-zone-zero/characters/nekomata.webp,https://www.prydwen.gg/zenless/tier-list,2026-06-21,3.0.1,危局强袭 3.0.1,0.15,23727,ok
20260617,2026-07-05T12:48:56,17/June/2026,2026-06-17,sd,式舆防卫,nicole-demara,Nicole Demara,妮可·德玛拉,Support,辅助,support,辅助,T0.5,10,Expert,,,Ether,以太,Support,支援,Cunning Hares,A,https://cdn.prydwen.gg/images/zenless-zone-zero/characters/nicole-demara.webp,https://www.prydwen.gg/zenless/tier-list,2026-02-17,2.6.1,式舆防卫 2.6.1,6.19,28838,ok
20260617,2026-07-05T12:48:56,17/June/2026,2026-06-17,sd,式舆防卫,nicole-demara,Nicole Demara,妮可·德玛拉,Support,辅助,support,辅助,T0.5,10,Expert,,,Ether,以太,Support,支援,Cunning Hares,A,https://cdn.prydwen.gg/images/zenless-zone-zero/characters/nicole-demara.webp,https://www.prydwen.gg/zenless/tier-list,2026-03-10,2.6.3,式舆防卫 2.6.3,4.68,28176,ok
20260617,2026-07-05T12:48:56,17/June/2026,2026-06-17,sd,式舆防卫,nicole-demara,Nicole Demara,妮可·德玛拉,Support,辅助,support,辅助,T0.5,10,Expert,,,Ether,以太,Support,支援,Cunning Hares,A,https://cdn.prydwen.gg/images/zenless-zone-zero/characters/nicole-demara.webp,https://www.prydwen.gg/zenless/tier-list,2026-03-31,2.6.4,式舆防卫 2.6.4,4.15,27820,ok
20260617,2026-07-05T12:48:56,17/June/2026,2026-06-17,sd,式舆防卫,nicole-demara,Nicole Demara,妮可·德玛拉,Support,辅助,support,辅助,T0.5,10,Expert,,,Ether,以太,Support,支援,Cunning Hares,A,https://cdn.prydwen.gg/images/zenless-zone-zero/characters/nicole-demara.webp,https://www.prydwen.gg/zenless/tier-list,2026-04-21,2.7.2,式舆防卫 2.7.2,3.0,27354,ok
20260617,2026-07-05T12:48:56,17/June/2026,2026-06-17,sd,式舆防卫,nicole-demara,Nicole Demara,妮可·德玛拉,Support,辅助,support,辅助,T0.5,10,Expert,,,Ether,以太,Support,支援,Cunning Hares,A,https://cdn.prydwen.gg/images/zenless-zone-zero/characters/nicole-demara.webp,https://www.prydwen.gg/zenless/tier-list,2026-05-11,2.7.3,式舆防卫 2.7.3,3.39,28558,ok
20260617,2026-07-05T12:48:56,17/June/2026,2026-06-17,sd,式舆防卫,nicole-demara,Nicole Demara,妮可·德玛拉,Support,辅助,support,辅助,T0.5,10,Expert,,,Ether,以太,Support,支援,Cunning Hares,A,https://cdn.prydwen.gg/images/zenless-zone-zero/characters/nicole-demara.webp,https://www.prydwen.gg/zenless/tier-list,2026-06-02,2.8.2,式舆防卫 2.8.2,3.39,24275,ok
20260617,2026-07-05T12:48:56,17/June/2026,2026-06-17,sd,式舆防卫,nicole-demara,Nicole Demara,妮可·德玛拉,Support,辅助,support,辅助,T0.5,10,Expert,,,Ether,以太,Support,支援,Cunning Hares,A,https://cdn.prydwen.gg/images/zenless-zone-zero/characters/nicole-demara.webp,https://www.prydwen.gg/zenless/tier-list,2026-06-15,2.8.3,式舆防卫 2.8.3,2.54,28436,ok
20260617,2026-07-05T12:48:56,17/June/2026,2026-06-17,sd,式舆防卫,nicole-demara,Nicole Demara,妮可·德玛拉,Support,辅助,support,辅助,T0.5,10,Expert,,,Ether,以太,Support,支援,Cunning Hares,A,https://cdn.prydwen.gg/images/zenless-zone-zero/characters/nicole-demara.webp,https://www.prydwen.gg/zenless/tier-list,2026-06-21,2.8.3,式舆防卫 2.8.3,2.46,28183,ok
20260617,2026-07-05T12:48:56,17/June/2026,2026-06-17,da,危局强袭,nicole-demara,Nicole Demara,妮可·德玛拉,Support,辅助,support,辅助,T0.5,10,Expert,,,Ether,以太,Support,支援,Cunning Hares,A,https://cdn.prydwen.gg/images/zenless-zone-zero/characters/nicole-demara.webp,https://www.prydwen.gg/zenless/tier-list,2026-02-17,2.6.1,危局强袭 2.6.1,4.63,23070,ok
20260617,2026-07-05T12:48:56,17/June/2026,2026-06-17,da,危局强袭,nicole-demara,Nicole Demara,妮可·德玛拉,Support,辅助,support,辅助,T0.5,10,Expert,,,Ether,以太,Support,支援,Cunning Hares,A,https://cdn.prydwen.gg/images/zenless-zone-zero/characters/nicole-demara.webp,https://www.prydwen.gg/zenless/tier-list,2026-03-10,2.6.2,危局强袭 2.6.2,3.26,22585,ok
20260617,2026-07-05T12:48:56,17/June/2026,2026-06-17,da,危局强袭,nicole-demara,Nicole Demara,妮可·德玛拉,Support,辅助,support,辅助,T0.5,10,Expert,,,Ether,以太,Support,支援,Cunning Hares,A,https://cdn.prydwen.gg/images/zenless-zone-zero/characters/nicole-demara.webp,https://www.prydwen.gg/zenless/tier-list,2026-03-31,2.7.1,危局强袭 2.7.1,3.74,23638,ok
20260617,2026-07-05T12:48:56,17/June/2026,2026-06-17,da,危局强袭,nicole-demara,Nicole Demara,妮可·德玛拉,Support,辅助,support,辅助,T0.5,10,Expert,,,Ether,以太,Support,支援,Cunning Hares,A,https://cdn.prydwen.gg/images/zenless-zone-zero/characters/nicole-demara.webp,https://www.prydwen.gg/zenless/tier-list,2026-04-21,2.7.2,危局强袭 2.7.2,2.75,22897,ok
20260617,2026-07-05T12:48:56,17/June/2026,2026-06-17,da,危局强袭,nicole-demara,Nicole Demara,妮可·德玛拉,Support,辅助,support,辅助,T0.5,10,Expert,,,Ether,以太,Support,支援,Cunning Hares,A,https://cdn.prydwen.gg/images/zenless-zone-zero/characters/nicole-demara.webp,https://www.prydwen.gg/zenless/tier-list,2026-05-11,2.8.1,危局强袭 2.8.1,1.91,22754,ok
20260617,2026-07-05T12:48:56,17/June/2026,2026-06-17,da,危局强袭,nicole-demara,Nicole Demara,妮可·德玛拉,Support,辅助,support,辅助,T0.5,10,Expert,,,Ether,以太,Support,支援,Cunning Hares,A,https://cdn.prydwen.gg/images/zenless-zone-zero/characters/nicole-demara.webp,https://www.prydwen.gg/zenless/tier-list,2026-06-02,2.8.2,危局强袭 2.8.2,3.59,16306,ok
20260617,2026-07-05T12:48:56,17/June/2026,2026-06-17,da,危局强袭,nicole-demara,Nicole Demara,妮可·德玛拉,Support,辅助,support,辅助,T0.5,10,Expert,,,Ether,以太,Support,支援,Cunning Hares,A,https://cdn.prydwen.gg/images/zenless-zone-zero/characters/nicole-demara.webp,https://www.prydwen.gg/zenless/tier-list,2026-06-15,2.8.3,危局强袭 2.8.3,2.23,23723,ok
20260617,2026-07-05T12:48:56,17/June/2026,2026-06-17,da,危局强袭,nicole-demara,Nicole Demara,妮可·德玛拉,Support,辅助,support,辅助,T0.5,10,Expert,,,Ether,以太,Support,支援,Cunning Hares,A,https://cdn.prydwen.gg/images/zenless-zone-zero/characters/nicole-demara.webp,https://www.prydwen.gg/zenless/tier-list,2026-06-21,3.0.1,危局强袭 3.0.1,3.75,23346,ok
20260617,2026-07-05T12:48:56,17/June/2026,2026-06-17,sd,式舆防卫,orphie-and-magus,"Orphie Magnusson & ""Magus""",奥菲丝·马格努森 & 「鬼火」,CritDPS,直伤主C,crit_dps,直伤主C,T1,9,,down,,Fire,火,Attack,强攻,OBOLS Squad,S,https://cdn.prydwen.gg/images/zenless-zone-zero/characters/orphie-and-magus.webp,https://www.prydwen.gg/zenless/tier-list,2026-02-17,2.6.1,式舆防卫 2.6.1,21.12,35478,ok
20260617,2026-07-05T12:48:56,17/June/2026,2026-06-17,sd,式舆防卫,orphie-and-magus,"Orphie Magnusson & ""Magus""",奥菲丝·马格努森 & 「鬼火」,CritDPS,直伤主C,crit_dps,直伤主C,T1,9,,down,,Fire,火,Attack,强攻,OBOLS Squad,S,https://cdn.prydwen.gg/images/zenless-zone-zero/characters/orphie-and-magus.webp,https://www.prydwen.gg/zenless/tier-list,2026-03-10,2.6.3,式舆防卫 2.6.3,17.53,31773,ok
20260617,2026-07-05T12:48:56,17/June/2026,2026-06-17,sd,式舆防卫,orphie-and-magus,"Orphie Magnusson & ""Magus""",奥菲丝·马格努森 & 「鬼火」,CritDPS,直伤主C,crit_dps,直伤主C,T1,9,,down,,Fire,火,Attack,强攻,OBOLS Squad,S,https://cdn.prydwen.gg/images/zenless-zone-zero/characters/orphie-and-magus.webp,https://www.prydwen.gg/zenless/tier-list,2026-03-31,2.6.4,式舆防卫 2.6.4,3.41,28161,ok
20260617,2026-07-05T12:48:56,17/June/2026,2026-06-17,sd,式舆防卫,orphie-and-magus,"Orphie Magnusson & ""Magus""",奥菲丝·马格努森 & 「鬼火」,CritDPS,直伤主C,crit_dps,直伤主C,T1,9,,down,,Fire,火,Attack,强攻,OBOLS Squad,S,https://cdn.prydwen.gg/images/zenless-zone-zero/characters/orphie-and-magus.webp,https://www.prydwen.gg/zenless/tier-list,2026-04-21,2.7.2,式舆防卫 2.7.2,10.84,32515,ok
20260617,2026-07-05T12:48:56,17/June/2026,2026-06-17,sd,式舆防卫,orphie-and-magus,"Orphie Magnusson & ""Magus""",奥菲丝·马格努森 & 「鬼火」,CritDPS,直伤主C,crit_dps,直伤主C,T1,9,,down,,Fire,火,Attack,强攻,OBOLS Squad,S,https://cdn.prydwen.gg/images/zenless-zone-zero/characters/orphie-and-magus.webp,https://www.prydwen.gg/zenless/tier-list,2026-05-11,2.7.3,式舆防卫 2.7.3,16.08,30327,ok
20260617,2026-07-05T12:48:56,17/June/2026,2026-06-17,sd,式舆防卫,orphie-and-magus,"Orphie Magnusson & ""Magus""",奥菲丝·马格努森 & 「鬼火」,CritDPS,直伤主C,crit_dps,直伤主C,T1,9,,down,,Fire,火,Attack,强攻,OBOLS Squad,S,https://cdn.prydwen.gg/images/zenless-zone-zero/characters/orphie-and-magus.webp,https://www.prydwen.gg/zenless/tier-list,2026-06-02,2.8.2,式舆防卫 2.8.2,14.92,27351,ok
20260617,2026-07-05T12:48:56,17/June/2026,2026-06-17,sd,式舆防卫,orphie-and-magus,"Orphie Magnusson & ""Magus""",奥菲丝·马格努森 & 「鬼火」,CritDPS,直伤主C,crit_dps,直伤主C,T1,9,,down,,Fire,火,Attack,强攻,OBOLS Squad,S,https://cdn.prydwen.gg/images/zenless-zone-zero/characters/orphie-and-magus.webp,https://www.prydwen.gg/zenless/tier-list,2026-06-15,2.8.3,式舆防卫 2.8.3,8.15,29529,ok
20260617,2026-07-05T12:48:56,17/June/2026,2026-06-17,sd,式舆防卫,orphie-and-magus,"Orphie Magnusson & ""Magus""",奥菲丝·马格努森 & 「鬼火」,CritDPS,直伤主C,crit_dps,直伤主C,T1,9,,down,,Fire,火,Attack,强攻,OBOLS Squad,S,https://cdn.prydwen.gg/images/zenless-zone-zero/characters/orphie-and-magus.webp,https://www.prydwen.gg/zenless/tier-list,2026-06-21,2.8.3,式舆防卫 2.8.3,7.66,29388,ok
20260617,2026-07-05T12:48:56,17/June/2026,2026-06-17,da,危局强袭,orphie-and-magus,"Orphie Magnusson & ""Magus""",奥菲丝·马格努森 & 「鬼火」,CritDPS,直伤主C,crit_dps,直伤主C,T1,9,,down,,Fire,火,Attack,强攻,OBOLS Squad,S,https://cdn.prydwen.gg/images/zenless-zone-zero/characters/orphie-and-magus.webp,https://www.prydwen.gg/zenless/tier-list,2026-02-17,2.6.1,危局强袭 2.6.1,3.12,23991,ok
20260617,2026-07-05T12:48:56,17/June/2026,2026-06-17,da,危局强袭,orphie-and-magus,"Orphie Magnusson & ""Magus""",奥菲丝·马格努森 & 「鬼火」,CritDPS,直伤主C,crit_dps,直伤主C,T1,9,,down,,Fire,火,Attack,强攻,OBOLS Squad,S,https://cdn.prydwen.gg/images/zenless-zone-zero/characters/orphie-and-magus.webp,https://www.prydwen.gg/zenless/tier-list,2026-03-10,2.6.2,危局强袭 2.6.2,14.25,24670,ok
20260617,2026-07-05T12:48:56,17/June/2026,2026-06-17,da,危局强袭,orphie-and-magus,"Orphie Magnusson & ""Magus""",奥菲丝·马格努森 & 「鬼火」,CritDPS,直伤主C,crit_dps,直伤主C,T1,9,,down,,Fire,火,Attack,强攻,OBOLS Squad,S,https://cdn.prydwen.gg/images/zenless-zone-zero/characters/orphie-and-magus.webp,https://www.prydwen.gg/zenless/tier-list,2026-03-31,2.7.1,危局强袭 2.7.1,2.0,23744,ok
20260617,2026-07-05T12:48:56,17/June/2026,2026-06-17,da,危局强袭,orphie-and-magus,"Orphie Magnusson & ""Magus""",奥菲丝·马格努森 & 「鬼火」,CritDPS,直伤主C,crit_dps,直伤主C,T1,9,,down,,Fire,火,Attack,强攻,OBOLS Squad,S,https://cdn.prydwen.gg/images/zenless-zone-zero/characters/orphie-and-magus.webp,https://www.prydwen.gg/zenless/tier-list,2026-04-21,2.7.2,危局强袭 2.7.2,17.45,28416,ok
20260617,2026-07-05T12:48:56,17/June/2026,2026-06-17,da,危局强袭,orphie-and-magus,"Orphie Magnusson & ""Magus""",奥菲丝·马格努森 & 「鬼火」,CritDPS,直伤主C,crit_dps,直伤主C,T1,9,,down,,Fire,火,Attack,强攻,OBOLS Squad,S,https://cdn.prydwen.gg/images/zenless-zone-zero/characters/orphie-and-magus.webp,https://www.prydwen.gg/zenless/tier-list,2026-05-11,2.8.1,危局强袭 2.8.1,10.41,27264,ok
20260617,2026-07-05T12:48:56,17/June/2026,2026-06-17,da,危局强袭,orphie-and-magus,"Orphie Magnusson & ""Magus""",奥菲丝·马格努森 & 「鬼火」,CritDPS,直伤主C,crit_dps,直伤主C,T1,9,,down,,Fire,火,Attack,强攻,OBOLS Squad,S,https://cdn.prydwen.gg/images/zenless-zone-zero/characters/orphie-and-magus.webp,https://www.prydwen.gg/zenless/tier-list,2026-06-02,2.8.2,危局强袭 2.8.2,1.24,16092,ok
20260617,2026-07-05T12:48:56,17/June/2026,2026-06-17,da,危局强袭,orphie-and-magus,"Orphie Magnusson & ""Magus""",奥菲丝·马格努森 & 「鬼火」,CritDPS,直伤主C,crit_dps,直伤主C,T1,9,,down,,Fire,火,Attack,强攻,OBOLS Squad,S,https://cdn.prydwen.gg/images/zenless-zone-zero/characters/orphie-and-magus.webp,https://www.prydwen.gg/zenless/tier-list,2026-06-15,2.8.3,危局强袭 2.8.3,13.52,25940,ok
20260617,2026-07-05T12:48:56,17/June/2026,2026-06-17,da,危局强袭,orphie-and-magus,"Orphie Magnusson & ""Magus""",奥菲丝·马格努森 & 「鬼火」,CritDPS,直伤主C,crit_dps,直伤主C,T1,9,,down,,Fire,火,Attack,强攻,OBOLS Squad,S,https://cdn.prydwen.gg/images/zenless-zone-zero/characters/orphie-and-magus.webp,https://www.prydwen.gg/zenless/tier-list,2026-06-21,3.0.1,危局强袭 3.0.1,1.34,22139,ok
20260617,2026-07-05T12:48:56,17/June/2026,2026-06-17,sd,式舆防卫,pan-yinhu,Pan Yinhu,潘引壶,Support,辅助,support,辅助,T1,9,,,,Physical,物理,Defence,防护,Yunkui Summit,A,https://cdn.prydwen.gg/images/zenless-zone-zero/characters/pan-yinhu.webp,https://www.prydwen.gg/zenless/tier-list,2026-02-17,2.6.1,式舆防卫 2.6.1,10.74,28748,ok
20260617,2026-07-05T12:48:56,17/June/2026,2026-06-17,sd,式舆防卫,pan-yinhu,Pan Yinhu,潘引壶,Support,辅助,support,辅助,T1,9,,,,Physical,物理,Defence,防护,Yunkui Summit,A,https://cdn.prydwen.gg/images/zenless-zone-zero/characters/pan-yinhu.webp,https://www.prydwen.gg/zenless/tier-list,2026-03-10,2.6.3,式舆防卫 2.6.3,9.98,29501,ok
20260617,2026-07-05T12:48:56,17/June/2026,2026-06-17,sd,式舆防卫,pan-yinhu,Pan Yinhu,潘引壶,Support,辅助,support,辅助,T1,9,,,,Physical,物理,Defence,防护,Yunkui Summit,A,https://cdn.prydwen.gg/images/zenless-zone-zero/characters/pan-yinhu.webp,https://www.prydwen.gg/zenless/tier-list,2026-03-31,2.6.4,式舆防卫 2.6.4,9.87,28409,ok
20260617,2026-07-05T12:48:56,17/June/2026,2026-06-17,sd,式舆防卫,pan-yinhu,Pan Yinhu,潘引壶,Support,辅助,support,辅助,T1,9,,,,Physical,物理,Defence,防护,Yunkui Summit,A,https://cdn.prydwen.gg/images/zenless-zone-zero/characters/pan-yinhu.webp,https://www.prydwen.gg/zenless/tier-list,2026-04-21,2.7.2,式舆防卫 2.7.2,8.6,28350,ok
20260617,2026-07-05T12:48:56,17/June/2026,2026-06-17,sd,式舆防卫,pan-yinhu,Pan Yinhu,潘引壶,Support,辅助,support,辅助,T1,9,,,,Physical,物理,Defence,防护,Yunkui Summit,A,https://cdn.prydwen.gg/images/zenless-zone-zero/characters/pan-yinhu.webp,https://www.prydwen.gg/zenless/tier-list,2026-05-11,2.7.3,式舆防卫 2.7.3,5.16,27171,ok
20260617,2026-07-05T12:48:56,17/June/2026,2026-06-17,sd,式舆防卫,pan-yinhu,Pan Yinhu,潘引壶,Support,辅助,support,辅助,T1,9,,,,Physical,物理,Defence,防护,Yunkui Summit,A,https://cdn.prydwen.gg/images/zenless-zone-zero/characters/pan-yinhu.webp,https://www.prydwen.gg/zenless/tier-list,2026-06-02,2.8.2,式舆防卫 2.8.2,4.28,27315,ok
20260617,2026-07-05T12:48:56,17/June/2026,2026-06-17,sd,式舆防卫,pan-yinhu,Pan Yinhu,潘引壶,Support,辅助,support,辅助,T1,9,,,,Physical,物理,Defence,防护,Yunkui Summit,A,https://cdn.prydwen.gg/images/zenless-zone-zero/characters/pan-yinhu.webp,https://www.prydwen.gg/zenless/tier-list,2026-06-15,2.8.3,式舆防卫 2.8.3,5.31,28100,ok
20260617,2026-07-05T12:48:56,17/June/2026,2026-06-17,sd,式舆防卫,pan-yinhu,Pan Yinhu,潘引壶,Support,辅助,support,辅助,T1,9,,,,Physical,物理,Defence,防护,Yunkui Summit,A,https://cdn.prydwen.gg/images/zenless-zone-zero/characters/pan-yinhu.webp,https://www.prydwen.gg/zenless/tier-list,2026-06-21,2.8.3,式舆防卫 2.8.3,5.26,27820,ok
20260617,2026-07-05T12:48:56,17/June/2026,2026-06-17,da,危局强袭,pan-yinhu,Pan Yinhu,潘引壶,Support,辅助,support,辅助,T1,9,,,,Physical,物理,Defence,防护,Yunkui Summit,A,https://cdn.prydwen.gg/images/zenless-zone-zero/characters/pan-yinhu.webp,https://www.prydwen.gg/zenless/tier-list,2026-02-17,2.6.1,危局强袭 2.6.1,13.01,27150,ok
20260617,2026-07-05T12:48:56,17/June/2026,2026-06-17,da,危局强袭,pan-yinhu,Pan Yinhu,潘引壶,Support,辅助,support,辅助,T1,9,,,,Physical,物理,Defence,防护,Yunkui Summit,A,https://cdn.prydwen.gg/images/zenless-zone-zero/characters/pan-yinhu.webp,https://www.prydwen.gg/zenless/tier-list,2026-03-10,2.6.2,危局强袭 2.6.2,10.29,23757,ok
20260617,2026-07-05T12:48:56,17/June/2026,2026-06-17,da,危局强袭,pan-yinhu,Pan Yinhu,潘引壶,Support,辅助,support,辅助,T1,9,,,,Physical,物理,Defence,防护,Yunkui Summit,A,https://cdn.prydwen.gg/images/zenless-zone-zero/characters/pan-yinhu.webp,https://www.prydwen.gg/zenless/tier-list,2026-03-31,2.7.1,危局强袭 2.7.1,10.19,25176,ok
20260617,2026-07-05T12:48:56,17/June/2026,2026-06-17,da,危局强袭,pan-yinhu,Pan Yinhu,潘引壶,Support,辅助,support,辅助,T1,9,,,,Physical,物理,Defence,防护,Yunkui Summit,A,https://cdn.prydwen.gg/images/zenless-zone-zero/characters/pan-yinhu.webp,https://www.prydwen.gg/zenless/tier-list,2026-04-21,2.7.2,危局强袭 2.7.2,4.04,22427,ok
20260617,2026-07-05T12:48:56,17/June/2026,2026-06-17,da,危局强袭,pan-yinhu,Pan Yinhu,潘引壶,Support,辅助,support,辅助,T1,9,,,,Physical,物理,Defence,防护,Yunkui Summit,A,https://cdn.prydwen.gg/images/zenless-zone-zero/characters/pan-yinhu.webp,https://www.prydwen.gg/zenless/tier-list,2026-05-11,2.8.1,危局强袭 2.8.1,5.5,22354,ok
20260617,2026-07-05T12:48:56,17/June/2026,2026-06-17,da,危局强袭,pan-yinhu,Pan Yinhu,潘引壶,Support,辅助,support,辅助,T1,9,,,,Physical,物理,Defence,防护,Yunkui Summit,A,https://cdn.prydwen.gg/images/zenless-zone-zero/characters/pan-yinhu.webp,https://www.prydwen.gg/zenless/tier-list,2026-06-02,2.8.2,危局强袭 2.8.2,5.82,16602,ok
20260617,2026-07-05T12:48:56,17/June/2026,2026-06-17,da,危局强袭,pan-yinhu,Pan Yinhu,潘引壶,Support,辅助,support,辅助,T1,9,,,,Physical,物理,Defence,防护,Yunkui Summit,A,https://cdn.prydwen.gg/images/zenless-zone-zero/characters/pan-yinhu.webp,https://www.prydwen.gg/zenless/tier-list,2026-06-15,2.8.3,危局强袭 2.8.3,3.89,23880,ok
20260617,2026-07-05T12:48:56,17/June/2026,2026-06-17,da,危局强袭,pan-yinhu,Pan Yinhu,潘引壶,Support,辅助,support,辅助,T1,9,,,,Physical,物理,Defence,防护,Yunkui Summit,A,https://cdn.prydwen.gg/images/zenless-zone-zero/characters/pan-yinhu.webp,https://www.prydwen.gg/zenless/tier-list,2026-06-21,3.0.1,危局强袭 3.0.1,5.85,25850,ok
20260617,2026-07-05T12:48:56,17/June/2026,2026-06-17,sd,式舆防卫,piper,Piper Wheel,派派·韦尔,AnoDPS,异常主C,anomaly_dps,异常主C,T1,9,,,,Physical,物理,Anomaly,异常,Sons of Calydon,A,https://cdn.prydwen.gg/images/zenless-zone-zero/characters/piper.webp,https://www.prydwen.gg/zenless/tier-list,2026-02-17,2.6.1,式舆防卫 2.6.1,0.48,27390,ok
20260617,2026-07-05T12:48:56,17/June/2026,2026-06-17,sd,式舆防卫,piper,Piper Wheel,派派·韦尔,AnoDPS,异常主C,anomaly_dps,异常主C,T1,9,,,,Physical,物理,Anomaly,异常,Sons of Calydon,A,https://cdn.prydwen.gg/images/zenless-zone-zero/characters/piper.webp,https://www.prydwen.gg/zenless/tier-list,2026-03-10,2.6.3,式舆防卫 2.6.3,0.76,29573,ok
20260617,2026-07-05T12:48:56,17/June/2026,2026-06-17,sd,式舆防卫,piper,Piper Wheel,派派·韦尔,AnoDPS,异常主C,anomaly_dps,异常主C,T1,9,,,,Physical,物理,Anomaly,异常,Sons of Calydon,A,https://cdn.prydwen.gg/images/zenless-zone-zero/characters/piper.webp,https://www.prydwen.gg/zenless/tier-list,2026-03-31,2.6.4,式舆防卫 2.6.4,0.72,28071,ok
20260617,2026-07-05T12:48:56,17/June/2026,2026-06-17,sd,式舆防卫,piper,Piper Wheel,派派·韦尔,AnoDPS,异常主C,anomaly_dps,异常主C,T1,9,,,,Physical,物理,Anomaly,异常,Sons of Calydon,A,https://cdn.prydwen.gg/images/zenless-zone-zero/characters/piper.webp,https://www.prydwen.gg/zenless/tier-list,2026-04-21,2.7.2,式舆防卫 2.7.2,0.37,27618,ok
20260617,2026-07-05T12:48:56,17/June/2026,2026-06-17,sd,式舆防卫,piper,Piper Wheel,派派·韦尔,AnoDPS,异常主C,anomaly_dps,异常主C,T1,9,,,,Physical,物理,Anomaly,异常,Sons of Calydon,A,https://cdn.prydwen.gg/images/zenless-zone-zero/characters/piper.webp,https://www.prydwen.gg/zenless/tier-list,2026-05-11,2.7.3,式舆防卫 2.7.3,0.54,30440,ok
20260617,2026-07-05T12:48:56,17/June/2026,2026-06-17,sd,式舆防卫,piper,Piper Wheel,派派·韦尔,AnoDPS,异常主C,anomaly_dps,异常主C,T1,9,,,,Physical,物理,Anomaly,异常,Sons of Calydon,A,https://cdn.prydwen.gg/images/zenless-zone-zero/characters/piper.webp,https://www.prydwen.gg/zenless/tier-list,2026-06-02,2.8.2,式舆防卫 2.8.2,0.42,22290,ok
20260617,2026-07-05T12:48:56,17/June/2026,2026-06-17,sd,式舆防卫,piper,Piper Wheel,派派·韦尔,AnoDPS,异常主C,anomaly_dps,异常主C,T1,9,,,,Physical,物理,Anomaly,异常,Sons of Calydon,A,https://cdn.prydwen.gg/images/zenless-zone-zero/characters/piper.webp,https://www.prydwen.gg/zenless/tier-list,2026-06-15,2.8.3,式舆防卫 2.8.3,0.34,27533,ok
20260617,2026-07-05T12:48:56,17/June/2026,2026-06-17,sd,式舆防卫,piper,Piper Wheel,派派·韦尔,AnoDPS,异常主C,anomaly_dps,异常主C,T1,9,,,,Physical,物理,Anomaly,异常,Sons of Calydon,A,https://cdn.prydwen.gg/images/zenless-zone-zero/characters/piper.webp,https://www.prydwen.gg/zenless/tier-list,2026-06-21,2.8.3,式舆防卫 2.8.3,0.32,27324,ok
20260617,2026-07-05T12:48:56,17/June/2026,2026-06-17,da,危局强袭,piper,Piper Wheel,派派·韦尔,AnoDPS,异常主C,anomaly_dps,异常主C,T1,9,,,,Physical,物理,Anomaly,异常,Sons of Calydon,A,https://cdn.prydwen.gg/images/zenless-zone-zero/characters/piper.webp,https://www.prydwen.gg/zenless/tier-list,2026-02-17,2.6.1,危局强袭 2.6.1,0.47,23034,ok
20260617,2026-07-05T12:48:56,17/June/2026,2026-06-17,da,危局强袭,piper,Piper Wheel,派派·韦尔,AnoDPS,异常主C,anomaly_dps,异常主C,T1,9,,,,Physical,物理,Anomaly,异常,Sons of Calydon,A,https://cdn.prydwen.gg/images/zenless-zone-zero/characters/piper.webp,https://www.prydwen.gg/zenless/tier-list,2026-03-10,2.6.2,危局强袭 2.6.2,0.43,21936,ok
20260617,2026-07-05T12:48:56,17/June/2026,2026-06-17,da,危局强袭,piper,Piper Wheel,派派·韦尔,AnoDPS,异常主C,anomaly_dps,异常主C,T1,9,,,,Physical,物理,Anomaly,异常,Sons of Calydon,A,https://cdn.prydwen.gg/images/zenless-zone-zero/characters/piper.webp,https://www.prydwen.gg/zenless/tier-list,2026-03-31,2.7.1,危局强袭 2.7.1,0.33,21013,ok
20260617,2026-07-05T12:48:56,17/June/2026,2026-06-17,da,危局强袭,piper,Piper Wheel,派派·韦尔,AnoDPS,异常主C,anomaly_dps,异常主C,T1,9,,,,Physical,物理,Anomaly,异常,Sons of Calydon,A,https://cdn.prydwen.gg/images/zenless-zone-zero/characters/piper.webp,https://www.prydwen.gg/zenless/tier-list,2026-04-21,2.7.2,危局强袭 2.7.2,0.41,22014,ok
20260617,2026-07-05T12:48:56,17/June/2026,2026-06-17,da,危局强袭,piper,Piper Wheel,派派·韦尔,AnoDPS,异常主C,anomaly_dps,异常主C,T1,9,,,,Physical,物理,Anomaly,异常,Sons of Calydon,A,https://cdn.prydwen.gg/images/zenless-zone-zero/characters/piper.webp,https://www.prydwen.gg/zenless/tier-list,2026-05-11,2.8.1,危局强袭 2.8.1,0.01,0,ok
20260617,2026-07-05T12:48:56,17/June/2026,2026-06-17,da,危局强袭,piper,Piper Wheel,派派·韦尔,AnoDPS,异常主C,anomaly_dps,异常主C,T1,9,,,,Physical,物理,Anomaly,异常,Sons of Calydon,A,https://cdn.prydwen.gg/images/zenless-zone-zero/characters/piper.webp,https://www.prydwen.gg/zenless/tier-list,2026-06-02,2.8.2,危局强袭 2.8.2,0.6,15508,ok
20260617,2026-07-05T12:48:56,17/June/2026,2026-06-17,da,危局强袭,piper,Piper Wheel,派派·韦尔,AnoDPS,异常主C,anomaly_dps,异常主C,T1,9,,,,Physical,物理,Anomaly,异常,Sons of Calydon,A,https://cdn.prydwen.gg/images/zenless-zone-zero/characters/piper.webp,https://www.prydwen.gg/zenless/tier-list,2026-06-15,2.8.3,危局强袭 2.8.3,0.56,24558,ok
20260617,2026-07-05T12:48:56,17/June/2026,2026-06-17,da,危局强袭,piper,Piper Wheel,派派·韦尔,AnoDPS,异常主C,anomaly_dps,异常主C,T1,9,,,,Physical,物理,Anomaly,异常,Sons of Calydon,A,https://cdn.prydwen.gg/images/zenless-zone-zero/characters/piper.webp,https://www.prydwen.gg/zenless/tier-list,2026-06-21,3.0.1,危局强袭 3.0.1,0.54,24097,ok
20260617,2026-07-05T12:48:56,17/June/2026,2026-06-17,sd,式舆防卫,promeia,Promeia,普罗米娅,AnoDPS,异常主C,anomaly_dps,异常主C,T0,11,,up,,Ice,冰,Anomaly,异常,Krampus Compliance Authority,S,https://cdn.prydwen.gg/images/zenless-zone-zero/characters/promeia.webp,https://www.prydwen.gg/zenless/tier-list,2026-05-11,2.7.3,式舆防卫 2.7.3,4.65,35987,ok
20260617,2026-07-05T12:48:56,17/June/2026,2026-06-17,sd,式舆防卫,promeia,Promeia,普罗米娅,AnoDPS,异常主C,anomaly_dps,异常主C,T0,11,,up,,Ice,冰,Anomaly,异常,Krampus Compliance Authority,S,https://cdn.prydwen.gg/images/zenless-zone-zero/characters/promeia.webp,https://www.prydwen.gg/zenless/tier-list,2026-06-02,2.8.2,式舆防卫 2.8.2,23.19,31439,ok
20260617,2026-07-05T12:48:56,17/June/2026,2026-06-17,sd,式舆防卫,promeia,Promeia,普罗米娅,AnoDPS,异常主C,anomaly_dps,异常主C,T0,11,,up,,Ice,冰,Anomaly,异常,Krampus Compliance Authority,S,https://cdn.prydwen.gg/images/zenless-zone-zero/characters/promeia.webp,https://www.prydwen.gg/zenless/tier-list,2026-06-15,2.8.3,式舆防卫 2.8.3,22.32,32759,ok
20260617,2026-07-05T12:48:56,17/June/2026,2026-06-17,sd,式舆防卫,promeia,Promeia,普罗米娅,AnoDPS,异常主C,anomaly_dps,异常主C,T0,11,,up,,Ice,冰,Anomaly,异常,Krampus Compliance Authority,S,https://cdn.prydwen.gg/images/zenless-zone-zero/characters/promeia.webp,https://www.prydwen.gg/zenless/tier-list,2026-06-21,2.8.3,式舆防卫 2.8.3,22.13,32925,ok
20260617,2026-07-05T12:48:56,17/June/2026,2026-06-17,da,危局强袭,promeia,Promeia,普罗米娅,AnoDPS,异常主C,anomaly_dps,异常主C,T0,11,,up,,Ice,冰,Anomaly,异常,Krampus Compliance Authority,S,https://cdn.prydwen.gg/images/zenless-zone-zero/characters/promeia.webp,https://www.prydwen.gg/zenless/tier-list,2026-05-11,2.8.1,危局强袭 2.8.1,19.15,31664,ok
20260617,2026-07-05T12:48:56,17/June/2026,2026-06-17,da,危局强袭,promeia,Promeia,普罗米娅,AnoDPS,异常主C,anomaly_dps,异常主C,T0,11,,up,,Ice,冰,Anomaly,异常,Krampus Compliance Authority,S,https://cdn.prydwen.gg/images/zenless-zone-zero/characters/promeia.webp,https://www.prydwen.gg/zenless/tier-list,2026-06-02,2.8.2,危局强袭 2.8.2,23.06,28424,ok
20260617,2026-07-05T12:48:56,17/June/2026,2026-06-17,da,危局强袭,promeia,Promeia,普罗米娅,AnoDPS,异常主C,anomaly_dps,异常主C,T0,11,,up,,Ice,冰,Anomaly,异常,Krampus Compliance Authority,S,https://cdn.prydwen.gg/images/zenless-zone-zero/characters/promeia.webp,https://www.prydwen.gg/zenless/tier-list,2026-06-15,2.8.3,危局强袭 2.8.3,17.7,31578,ok
20260617,2026-07-05T12:48:56,17/June/2026,2026-06-17,da,危局强袭,promeia,Promeia,普罗米娅,AnoDPS,异常主C,anomaly_dps,异常主C,T0,11,,up,,Ice,冰,Anomaly,异常,Krampus Compliance Authority,S,https://cdn.prydwen.gg/images/zenless-zone-zero/characters/promeia.webp,https://www.prydwen.gg/zenless/tier-list,2026-06-21,3.0.1,危局强袭 3.0.1,19.52,30433,ok
20260617,2026-07-05T12:48:56,17/June/2026,2026-06-17,sd,式舆防卫,pulchra,Pulchra Fellini,波可娜·费雷尼,Support,辅助,support,辅助,T2,7,,,,Physical,物理,Stun,击破,Sons of Calydon,A,https://cdn.prydwen.gg/images/zenless-zone-zero/characters/pulchra.webp,https://www.prydwen.gg/zenless/tier-list,2026-02-17,2.6.1,式舆防卫 2.6.1,2.85,27793,ok
20260617,2026-07-05T12:48:56,17/June/2026,2026-06-17,sd,式舆防卫,pulchra,Pulchra Fellini,波可娜·费雷尼,Support,辅助,support,辅助,T2,7,,,,Physical,物理,Stun,击破,Sons of Calydon,A,https://cdn.prydwen.gg/images/zenless-zone-zero/characters/pulchra.webp,https://www.prydwen.gg/zenless/tier-list,2026-03-10,2.6.3,式舆防卫 2.6.3,2.34,29001,ok
20260617,2026-07-05T12:48:56,17/June/2026,2026-06-17,sd,式舆防卫,pulchra,Pulchra Fellini,波可娜·费雷尼,Support,辅助,support,辅助,T2,7,,,,Physical,物理,Stun,击破,Sons of Calydon,A,https://cdn.prydwen.gg/images/zenless-zone-zero/characters/pulchra.webp,https://www.prydwen.gg/zenless/tier-list,2026-03-31,2.6.4,式舆防卫 2.6.4,1.5,28141,ok
20260617,2026-07-05T12:48:56,17/June/2026,2026-06-17,sd,式舆防卫,pulchra,Pulchra Fellini,波可娜·费雷尼,Support,辅助,support,辅助,T2,7,,,,Physical,物理,Stun,击破,Sons of Calydon,A,https://cdn.prydwen.gg/images/zenless-zone-zero/characters/pulchra.webp,https://www.prydwen.gg/zenless/tier-list,2026-04-21,2.7.2,式舆防卫 2.7.2,1.34,27272,ok
20260617,2026-07-05T12:48:56,17/June/2026,2026-06-17,sd,式舆防卫,pulchra,Pulchra Fellini,波可娜·费雷尼,Support,辅助,support,辅助,T2,7,,,,Physical,物理,Stun,击破,Sons of Calydon,A,https://cdn.prydwen.gg/images/zenless-zone-zero/characters/pulchra.webp,https://www.prydwen.gg/zenless/tier-list,2026-05-11,2.7.3,式舆防卫 2.7.3,1.34,27079,ok
20260617,2026-07-05T12:48:56,17/June/2026,2026-06-17,sd,式舆防卫,pulchra,Pulchra Fellini,波可娜·费雷尼,Support,辅助,support,辅助,T2,7,,,,Physical,物理,Stun,击破,Sons of Calydon,A,https://cdn.prydwen.gg/images/zenless-zone-zero/characters/pulchra.webp,https://www.prydwen.gg/zenless/tier-list,2026-06-02,2.8.2,式舆防卫 2.8.2,1.65,24544,ok
20260617,2026-07-05T12:48:56,17/June/2026,2026-06-17,sd,式舆防卫,pulchra,Pulchra Fellini,波可娜·费雷尼,Support,辅助,support,辅助,T2,7,,,,Physical,物理,Stun,击破,Sons of Calydon,A,https://cdn.prydwen.gg/images/zenless-zone-zero/characters/pulchra.webp,https://www.prydwen.gg/zenless/tier-list,2026-06-15,2.8.3,式舆防卫 2.8.3,1.39,28106,ok
20260617,2026-07-05T12:48:56,17/June/2026,2026-06-17,sd,式舆防卫,pulchra,Pulchra Fellini,波可娜·费雷尼,Support,辅助,support,辅助,T2,7,,,,Physical,物理,Stun,击破,Sons of Calydon,A,https://cdn.prydwen.gg/images/zenless-zone-zero/characters/pulchra.webp,https://www.prydwen.gg/zenless/tier-list,2026-06-21,2.8.3,式舆防卫 2.8.3,1.35,27827,ok
20260617,2026-07-05T12:48:56,17/June/2026,2026-06-17,da,危局强袭,pulchra,Pulchra Fellini,波可娜·费雷尼,Support,辅助,support,辅助,T2,7,,,,Physical,物理,Stun,击破,Sons of Calydon,A,https://cdn.prydwen.gg/images/zenless-zone-zero/characters/pulchra.webp,https://www.prydwen.gg/zenless/tier-list,2026-02-17,2.6.1,危局强袭 2.6.1,1.73,24729,ok
20260617,2026-07-05T12:48:56,17/June/2026,2026-06-17,da,危局强袭,pulchra,Pulchra Fellini,波可娜·费雷尼,Support,辅助,support,辅助,T2,7,,,,Physical,物理,Stun,击破,Sons of Calydon,A,https://cdn.prydwen.gg/images/zenless-zone-zero/characters/pulchra.webp,https://www.prydwen.gg/zenless/tier-list,2026-03-10,2.6.2,危局强袭 2.6.2,1.62,23002,ok
20260617,2026-07-05T12:48:56,17/June/2026,2026-06-17,da,危局强袭,pulchra,Pulchra Fellini,波可娜·费雷尼,Support,辅助,support,辅助,T2,7,,,,Physical,物理,Stun,击破,Sons of Calydon,A,https://cdn.prydwen.gg/images/zenless-zone-zero/characters/pulchra.webp,https://www.prydwen.gg/zenless/tier-list,2026-03-31,2.7.1,危局强袭 2.7.1,0.83,23985,ok
20260617,2026-07-05T12:48:56,17/June/2026,2026-06-17,da,危局强袭,pulchra,Pulchra Fellini,波可娜·费雷尼,Support,辅助,support,辅助,T2,7,,,,Physical,物理,Stun,击破,Sons of Calydon,A,https://cdn.prydwen.gg/images/zenless-zone-zero/characters/pulchra.webp,https://www.prydwen.gg/zenless/tier-list,2026-04-21,2.7.2,危局强袭 2.7.2,1.18,21914,ok
20260617,2026-07-05T12:48:56,17/June/2026,2026-06-17,da,危局强袭,pulchra,Pulchra Fellini,波可娜·费雷尼,Support,辅助,support,辅助,T2,7,,,,Physical,物理,Stun,击破,Sons of Calydon,A,https://cdn.prydwen.gg/images/zenless-zone-zero/characters/pulchra.webp,https://www.prydwen.gg/zenless/tier-list,2026-05-11,2.8.1,危局强袭 2.8.1,0.76,22360,ok
20260617,2026-07-05T12:48:56,17/June/2026,2026-06-17,da,危局强袭,pulchra,Pulchra Fellini,波可娜·费雷尼,Support,辅助,support,辅助,T2,7,,,,Physical,物理,Stun,击破,Sons of Calydon,A,https://cdn.prydwen.gg/images/zenless-zone-zero/characters/pulchra.webp,https://www.prydwen.gg/zenless/tier-list,2026-06-02,2.8.2,危局强袭 2.8.2,1.32,17777,ok
20260617,2026-07-05T12:48:56,17/June/2026,2026-06-17,da,危局强袭,pulchra,Pulchra Fellini,波可娜·费雷尼,Support,辅助,support,辅助,T2,7,,,,Physical,物理,Stun,击破,Sons of Calydon,A,https://cdn.prydwen.gg/images/zenless-zone-zero/characters/pulchra.webp,https://www.prydwen.gg/zenless/tier-list,2026-06-15,2.8.3,危局强袭 2.8.3,1.14,23867,ok
20260617,2026-07-05T12:48:56,17/June/2026,2026-06-17,da,危局强袭,pulchra,Pulchra Fellini,波可娜·费雷尼,Support,辅助,support,辅助,T2,7,,,,Physical,物理,Stun,击破,Sons of Calydon,A,https://cdn.prydwen.gg/images/zenless-zone-zero/characters/pulchra.webp,https://www.prydwen.gg/zenless/tier-list,2026-06-21,3.0.1,危局强袭 3.0.1,1.18,24570,ok
20260617,2026-07-05T12:48:56,17/June/2026,2026-06-17,sd,式舆防卫,pyrois,Pyrois,,CritDPS,直伤主C,crit_dps,直伤主C,T0.5,10,,new,True,Ether,以太,Attack,强攻,Unknown Faction,S,https://cdn.prydwen.gg/images/zenless-zone-zero/characters/pyrois.webp,https://www.prydwen.gg/zenless/tier-list,2026-06-21,2.8.3,式舆防卫 2.8.3,0.09,0,ok
20260617,2026-07-05T12:48:56,17/June/2026,2026-06-17,da,危局强袭,pyrois,Pyrois,,CritDPS,直伤主C,crit_dps,直伤主C,T0.5,10,,new,True,Ether,以太,Attack,强攻,Unknown Faction,S,https://cdn.prydwen.gg/images/zenless-zone-zero/characters/pyrois.webp,https://www.prydwen.gg/zenless/tier-list,2026-06-21,3.0.1,危局强袭 3.0.1,8.6,23130,ok
20260617,2026-07-05T12:48:56,17/June/2026,2026-06-17,sd,式舆防卫,qingyi,Qingyi,青衣,Support,辅助,support,辅助,T1,9,,,,Electric,电,Stun,击破,N.E.P.S.,S,https://cdn.prydwen.gg/images/zenless-zone-zero/characters/qingyi.webp,https://www.prydwen.gg/zenless/tier-list,2026-02-17,2.6.1,式舆防卫 2.6.1,3.2,27729,ok
20260617,2026-07-05T12:48:56,17/June/2026,2026-06-17,sd,式舆防卫,qingyi,Qingyi,青衣,Support,辅助,support,辅助,T1,9,,,,Electric,电,Stun,击破,N.E.P.S.,S,https://cdn.prydwen.gg/images/zenless-zone-zero/characters/qingyi.webp,https://www.prydwen.gg/zenless/tier-list,2026-03-10,2.6.3,式舆防卫 2.6.3,1.74,28085,ok
20260617,2026-07-05T12:48:56,17/June/2026,2026-06-17,sd,式舆防卫,qingyi,Qingyi,青衣,Support,辅助,support,辅助,T1,9,,,,Electric,电,Stun,击破,N.E.P.S.,S,https://cdn.prydwen.gg/images/zenless-zone-zero/characters/qingyi.webp,https://www.prydwen.gg/zenless/tier-list,2026-03-31,2.6.4,式舆防卫 2.6.4,0.8,28588,ok
20260617,2026-07-05T12:48:56,17/June/2026,2026-06-17,sd,式舆防卫,qingyi,Qingyi,青衣,Support,辅助,support,辅助,T1,9,,,,Electric,电,Stun,击破,N.E.P.S.,S,https://cdn.prydwen.gg/images/zenless-zone-zero/characters/qingyi.webp,https://www.prydwen.gg/zenless/tier-list,2026-04-21,2.7.2,式舆防卫 2.7.2,1.48,28782,ok
20260617,2026-07-05T12:48:56,17/June/2026,2026-06-17,sd,式舆防卫,qingyi,Qingyi,青衣,Support,辅助,support,辅助,T1,9,,,,Electric,电,Stun,击破,N.E.P.S.,S,https://cdn.prydwen.gg/images/zenless-zone-zero/characters/qingyi.webp,https://www.prydwen.gg/zenless/tier-list,2026-05-11,2.7.3,式舆防卫 2.7.3,1.77,27186,ok
20260617,2026-07-05T12:48:56,17/June/2026,2026-06-17,sd,式舆防卫,qingyi,Qingyi,青衣,Support,辅助,support,辅助,T1,9,,,,Electric,电,Stun,击破,N.E.P.S.,S,https://cdn.prydwen.gg/images/zenless-zone-zero/characters/qingyi.webp,https://www.prydwen.gg/zenless/tier-list,2026-06-02,2.8.2,式舆防卫 2.8.2,1.36,20575,ok
20260617,2026-07-05T12:48:56,17/June/2026,2026-06-17,sd,式舆防卫,qingyi,Qingyi,青衣,Support,辅助,support,辅助,T1,9,,,,Electric,电,Stun,击破,N.E.P.S.,S,https://cdn.prydwen.gg/images/zenless-zone-zero/characters/qingyi.webp,https://www.prydwen.gg/zenless/tier-list,2026-06-15,2.8.3,式舆防卫 2.8.3,0.54,27092,ok
20260617,2026-07-05T12:48:56,17/June/2026,2026-06-17,sd,式舆防卫,qingyi,Qingyi,青衣,Support,辅助,support,辅助,T1,9,,,,Electric,电,Stun,击破,N.E.P.S.,S,https://cdn.prydwen.gg/images/zenless-zone-zero/characters/qingyi.webp,https://www.prydwen.gg/zenless/tier-list,2026-06-21,2.8.3,式舆防卫 2.8.3,0.51,27178,ok
20260617,2026-07-05T12:48:56,17/June/2026,2026-06-17,da,危局强袭,qingyi,Qingyi,青衣,Support,辅助,support,辅助,T1,9,,,,Electric,电,Stun,击破,N.E.P.S.,S,https://cdn.prydwen.gg/images/zenless-zone-zero/characters/qingyi.webp,https://www.prydwen.gg/zenless/tier-list,2026-02-17,2.6.1,危局强袭 2.6.1,2.16,30889,ok
20260617,2026-07-05T12:48:56,17/June/2026,2026-06-17,da,危局强袭,qingyi,Qingyi,青衣,Support,辅助,support,辅助,T1,9,,,,Electric,电,Stun,击破,N.E.P.S.,S,https://cdn.prydwen.gg/images/zenless-zone-zero/characters/qingyi.webp,https://www.prydwen.gg/zenless/tier-list,2026-03-10,2.6.2,危局强袭 2.6.2,2.64,24358,ok
20260617,2026-07-05T12:48:56,17/June/2026,2026-06-17,da,危局强袭,qingyi,Qingyi,青衣,Support,辅助,support,辅助,T1,9,,,,Electric,电,Stun,击破,N.E.P.S.,S,https://cdn.prydwen.gg/images/zenless-zone-zero/characters/qingyi.webp,https://www.prydwen.gg/zenless/tier-list,2026-03-31,2.7.1,危局强袭 2.7.1,1.52,28909,ok
20260617,2026-07-05T12:48:56,17/June/2026,2026-06-17,da,危局强袭,qingyi,Qingyi,青衣,Support,辅助,support,辅助,T1,9,,,,Electric,电,Stun,击破,N.E.P.S.,S,https://cdn.prydwen.gg/images/zenless-zone-zero/characters/qingyi.webp,https://www.prydwen.gg/zenless/tier-list,2026-04-21,2.7.2,危局强袭 2.7.2,2.2,23597,ok
20260617,2026-07-05T12:48:56,17/June/2026,2026-06-17,da,危局强袭,qingyi,Qingyi,青衣,Support,辅助,support,辅助,T1,9,,,,Electric,电,Stun,击破,N.E.P.S.,S,https://cdn.prydwen.gg/images/zenless-zone-zero/characters/qingyi.webp,https://www.prydwen.gg/zenless/tier-list,2026-05-11,2.8.1,危局强袭 2.8.1,1.89,23613,ok
20260617,2026-07-05T12:48:56,17/June/2026,2026-06-17,da,危局强袭,qingyi,Qingyi,青衣,Support,辅助,support,辅助,T1,9,,,,Electric,电,Stun,击破,N.E.P.S.,S,https://cdn.prydwen.gg/images/zenless-zone-zero/characters/qingyi.webp,https://www.prydwen.gg/zenless/tier-list,2026-06-02,2.8.2,危局强袭 2.8.2,1.06,16367,ok
20260617,2026-07-05T12:48:56,17/June/2026,2026-06-17,da,危局强袭,qingyi,Qingyi,青衣,Support,辅助,support,辅助,T1,9,,,,Electric,电,Stun,击破,N.E.P.S.,S,https://cdn.prydwen.gg/images/zenless-zone-zero/characters/qingyi.webp,https://www.prydwen.gg/zenless/tier-list,2026-06-15,2.8.3,危局强袭 2.8.3,1.58,22253,ok
20260617,2026-07-05T12:48:56,17/June/2026,2026-06-17,da,危局强袭,qingyi,Qingyi,青衣,Support,辅助,support,辅助,T1,9,,,,Electric,电,Stun,击破,N.E.P.S.,S,https://cdn.prydwen.gg/images/zenless-zone-zero/characters/qingyi.webp,https://www.prydwen.gg/zenless/tier-list,2026-06-21,3.0.1,危局强袭 3.0.1,0.76,26821,ok
20260617,2026-07-05T12:48:56,17/June/2026,2026-06-17,sd,式舆防卫,rina,Alexandrina Sebastiane,亚历山德丽娜·莎芭丝缇安,Support,辅助,support,辅助,T2,7,Expert,,,Electric,电,Support,支援,Victoria Housekeeping Co.,S,https://cdn.prydwen.gg/images/zenless-zone-zero/characters/rina.webp,https://www.prydwen.gg/zenless/tier-list,2026-02-17,2.6.1,式舆防卫 2.6.1,2.27,29870,ok
20260617,2026-07-05T12:48:56,17/June/2026,2026-06-17,sd,式舆防卫,rina,Alexandrina Sebastiane,亚历山德丽娜·莎芭丝缇安,Support,辅助,support,辅助,T2,7,Expert,,,Electric,电,Support,支援,Victoria Housekeeping Co.,S,https://cdn.prydwen.gg/images/zenless-zone-zero/characters/rina.webp,https://www.prydwen.gg/zenless/tier-list,2026-03-10,2.6.3,式舆防卫 2.6.3,0.7,29140,ok
20260617,2026-07-05T12:48:56,17/June/2026,2026-06-17,sd,式舆防卫,rina,Alexandrina Sebastiane,亚历山德丽娜·莎芭丝缇安,Support,辅助,support,辅助,T2,7,Expert,,,Electric,电,Support,支援,Victoria Housekeeping Co.,S,https://cdn.prydwen.gg/images/zenless-zone-zero/characters/rina.webp,https://www.prydwen.gg/zenless/tier-list,2026-03-31,2.6.4,式舆防卫 2.6.4,0.23,33042,ok
20260617,2026-07-05T12:48:56,17/June/2026,2026-06-17,sd,式舆防卫,rina,Alexandrina Sebastiane,亚历山德丽娜·莎芭丝缇安,Support,辅助,support,辅助,T2,7,Expert,,,Electric,电,Support,支援,Victoria Housekeeping Co.,S,https://cdn.prydwen.gg/images/zenless-zone-zero/characters/rina.webp,https://www.prydwen.gg/zenless/tier-list,2026-04-21,2.7.2,式舆防卫 2.7.2,0.52,27761,ok
20260617,2026-07-05T12:48:56,17/June/2026,2026-06-17,sd,式舆防卫,rina,Alexandrina Sebastiane,亚历山德丽娜·莎芭丝缇安,Support,辅助,support,辅助,T2,7,Expert,,,Electric,电,Support,支援,Victoria Housekeeping Co.,S,https://cdn.prydwen.gg/images/zenless-zone-zero/characters/rina.webp,https://www.prydwen.gg/zenless/tier-list,2026-05-11,2.7.3,式舆防卫 2.7.3,0.44,28852,ok
20260617,2026-07-05T12:48:56,17/June/2026,2026-06-17,sd,式舆防卫,rina,Alexandrina Sebastiane,亚历山德丽娜·莎芭丝缇安,Support,辅助,support,辅助,T2,7,Expert,,,Electric,电,Support,支援,Victoria Housekeeping Co.,S,https://cdn.prydwen.gg/images/zenless-zone-zero/characters/rina.webp,https://www.prydwen.gg/zenless/tier-list,2026-06-02,2.8.2,式舆防卫 2.8.2,0.82,23640,ok
20260617,2026-07-05T12:48:56,17/June/2026,2026-06-17,sd,式舆防卫,rina,Alexandrina Sebastiane,亚历山德丽娜·莎芭丝缇安,Support,辅助,support,辅助,T2,7,Expert,,,Electric,电,Support,支援,Victoria Housekeeping Co.,S,https://cdn.prydwen.gg/images/zenless-zone-zero/characters/rina.webp,https://www.prydwen.gg/zenless/tier-list,2026-06-15,2.8.3,式舆防卫 2.8.3,0.17,30193,ok
20260617,2026-07-05T12:48:56,17/June/2026,2026-06-17,sd,式舆防卫,rina,Alexandrina Sebastiane,亚历山德丽娜·莎芭丝缇安,Support,辅助,support,辅助,T2,7,Expert,,,Electric,电,Support,支援,Victoria Housekeeping Co.,S,https://cdn.prydwen.gg/images/zenless-zone-zero/characters/rina.webp,https://www.prydwen.gg/zenless/tier-list,2026-06-21,2.8.3,式舆防卫 2.8.3,0.2,29583,ok
20260617,2026-07-05T12:48:56,17/June/2026,2026-06-17,da,危局强袭,rina,Alexandrina Sebastiane,亚历山德丽娜·莎芭丝缇安,Support,辅助,support,辅助,T2,7,Expert,,,Electric,电,Support,支援,Victoria Housekeeping Co.,S,https://cdn.prydwen.gg/images/zenless-zone-zero/characters/rina.webp,https://www.prydwen.gg/zenless/tier-list,2026-02-17,2.6.1,危局强袭 2.6.1,0.45,22852,ok
20260617,2026-07-05T12:48:56,17/June/2026,2026-06-17,da,危局强袭,rina,Alexandrina Sebastiane,亚历山德丽娜·莎芭丝缇安,Support,辅助,support,辅助,T2,7,Expert,,,Electric,电,Support,支援,Victoria Housekeeping Co.,S,https://cdn.prydwen.gg/images/zenless-zone-zero/characters/rina.webp,https://www.prydwen.gg/zenless/tier-list,2026-03-10,2.6.2,危局强袭 2.6.2,0.38,23776,ok
20260617,2026-07-05T12:48:56,17/June/2026,2026-06-17,da,危局强袭,rina,Alexandrina Sebastiane,亚历山德丽娜·莎芭丝缇安,Support,辅助,support,辅助,T2,7,Expert,,,Electric,电,Support,支援,Victoria Housekeeping Co.,S,https://cdn.prydwen.gg/images/zenless-zone-zero/characters/rina.webp,https://www.prydwen.gg/zenless/tier-list,2026-03-31,2.7.1,危局强袭 2.7.1,0.18,21556,ok
20260617,2026-07-05T12:48:56,17/June/2026,2026-06-17,da,危局强袭,rina,Alexandrina Sebastiane,亚历山德丽娜·莎芭丝缇安,Support,辅助,support,辅助,T2,7,Expert,,,Electric,电,Support,支援,Victoria Housekeeping Co.,S,https://cdn.prydwen.gg/images/zenless-zone-zero/characters/rina.webp,https://www.prydwen.gg/zenless/tier-list,2026-04-21,2.7.2,危局强袭 2.7.2,0.35,21960,ok
20260617,2026-07-05T12:48:56,17/June/2026,2026-06-17,da,危局强袭,rina,Alexandrina Sebastiane,亚历山德丽娜·莎芭丝缇安,Support,辅助,support,辅助,T2,7,Expert,,,Electric,电,Support,支援,Victoria Housekeeping Co.,S,https://cdn.prydwen.gg/images/zenless-zone-zero/characters/rina.webp,https://www.prydwen.gg/zenless/tier-list,2026-05-11,2.8.1,危局强袭 2.8.1,0.25,23244,ok
20260617,2026-07-05T12:48:56,17/June/2026,2026-06-17,da,危局强袭,rina,Alexandrina Sebastiane,亚历山德丽娜·莎芭丝缇安,Support,辅助,support,辅助,T2,7,Expert,,,Electric,电,Support,支援,Victoria Housekeeping Co.,S,https://cdn.prydwen.gg/images/zenless-zone-zero/characters/rina.webp,https://www.prydwen.gg/zenless/tier-list,2026-06-02,2.8.2,危局强袭 2.8.2,0.34,13225,ok
20260617,2026-07-05T12:48:56,17/June/2026,2026-06-17,da,危局强袭,rina,Alexandrina Sebastiane,亚历山德丽娜·莎芭丝缇安,Support,辅助,support,辅助,T2,7,Expert,,,Electric,电,Support,支援,Victoria Housekeeping Co.,S,https://cdn.prydwen.gg/images/zenless-zone-zero/characters/rina.webp,https://www.prydwen.gg/zenless/tier-list,2026-06-15,2.8.3,危局强袭 2.8.3,0.22,22377,ok
20260617,2026-07-05T12:48:56,17/June/2026,2026-06-17,da,危局强袭,rina,Alexandrina Sebastiane,亚历山德丽娜·莎芭丝缇安,Support,辅助,support,辅助,T2,7,Expert,,,Electric,电,Support,支援,Victoria Housekeeping Co.,S,https://cdn.prydwen.gg/images/zenless-zone-zero/characters/rina.webp,https://www.prydwen.gg/zenless/tier-list,2026-06-21,3.0.1,危局强袭 3.0.1,0.12,26188,ok
20260617,2026-07-05T12:48:56,17/June/2026,2026-06-17,sd,式舆防卫,seed,Seed,「席德」,CritDPS,直伤主C,crit_dps,直伤主C,T0.5,10,,,,Electric,电,Attack,强攻,OBOLS Squad,S,https://cdn.prydwen.gg/images/zenless-zone-zero/characters/seed.webp,https://www.prydwen.gg/zenless/tier-list,2026-02-17,2.6.1,式舆防卫 2.6.1,16.5,33619,ok
20260617,2026-07-05T12:48:56,17/June/2026,2026-06-17,sd,式舆防卫,seed,Seed,「席德」,CritDPS,直伤主C,crit_dps,直伤主C,T0.5,10,,,,Electric,电,Attack,强攻,OBOLS Squad,S,https://cdn.prydwen.gg/images/zenless-zone-zero/characters/seed.webp,https://www.prydwen.gg/zenless/tier-list,2026-03-10,2.6.3,式舆防卫 2.6.3,12.09,30140,ok
20260617,2026-07-05T12:48:56,17/June/2026,2026-06-17,sd,式舆防卫,seed,Seed,「席德」,CritDPS,直伤主C,crit_dps,直伤主C,T0.5,10,,,,Electric,电,Attack,强攻,OBOLS Squad,S,https://cdn.prydwen.gg/images/zenless-zone-zero/characters/seed.webp,https://www.prydwen.gg/zenless/tier-list,2026-03-31,2.6.4,式舆防卫 2.6.4,1.92,30505,ok
20260617,2026-07-05T12:48:56,17/June/2026,2026-06-17,sd,式舆防卫,seed,Seed,「席德」,CritDPS,直伤主C,crit_dps,直伤主C,T0.5,10,,,,Electric,电,Attack,强攻,OBOLS Squad,S,https://cdn.prydwen.gg/images/zenless-zone-zero/characters/seed.webp,https://www.prydwen.gg/zenless/tier-list,2026-04-21,2.7.2,式舆防卫 2.7.2,13.6,33286,ok
20260617,2026-07-05T12:48:56,17/June/2026,2026-06-17,sd,式舆防卫,seed,Seed,「席德」,CritDPS,直伤主C,crit_dps,直伤主C,T0.5,10,,,,Electric,电,Attack,强攻,OBOLS Squad,S,https://cdn.prydwen.gg/images/zenless-zone-zero/characters/seed.webp,https://www.prydwen.gg/zenless/tier-list,2026-05-11,2.7.3,式舆防卫 2.7.3,20.75,31063,ok
20260617,2026-07-05T12:48:56,17/June/2026,2026-06-17,sd,式舆防卫,seed,Seed,「席德」,CritDPS,直伤主C,crit_dps,直伤主C,T0.5,10,,,,Electric,电,Attack,强攻,OBOLS Squad,S,https://cdn.prydwen.gg/images/zenless-zone-zero/characters/seed.webp,https://www.prydwen.gg/zenless/tier-list,2026-06-02,2.8.2,式舆防卫 2.8.2,19.69,28309,ok
20260617,2026-07-05T12:48:56,17/June/2026,2026-06-17,sd,式舆防卫,seed,Seed,「席德」,CritDPS,直伤主C,crit_dps,直伤主C,T0.5,10,,,,Electric,电,Attack,强攻,OBOLS Squad,S,https://cdn.prydwen.gg/images/zenless-zone-zero/characters/seed.webp,https://www.prydwen.gg/zenless/tier-list,2026-06-15,2.8.3,式舆防卫 2.8.3,5.64,30314,ok
20260617,2026-07-05T12:48:56,17/June/2026,2026-06-17,sd,式舆防卫,seed,Seed,「席德」,CritDPS,直伤主C,crit_dps,直伤主C,T0.5,10,,,,Electric,电,Attack,强攻,OBOLS Squad,S,https://cdn.prydwen.gg/images/zenless-zone-zero/characters/seed.webp,https://www.prydwen.gg/zenless/tier-list,2026-06-21,2.8.3,式舆防卫 2.8.3,5.47,30041,ok
20260617,2026-07-05T12:48:56,17/June/2026,2026-06-17,da,危局强袭,seed,Seed,「席德」,CritDPS,直伤主C,crit_dps,直伤主C,T0.5,10,,,,Electric,电,Attack,强攻,OBOLS Squad,S,https://cdn.prydwen.gg/images/zenless-zone-zero/characters/seed.webp,https://www.prydwen.gg/zenless/tier-list,2026-02-17,2.6.1,危局强袭 2.6.1,1.73,23383,ok
20260617,2026-07-05T12:48:56,17/June/2026,2026-06-17,da,危局强袭,seed,Seed,「席德」,CritDPS,直伤主C,crit_dps,直伤主C,T0.5,10,,,,Electric,电,Attack,强攻,OBOLS Squad,S,https://cdn.prydwen.gg/images/zenless-zone-zero/characters/seed.webp,https://www.prydwen.gg/zenless/tier-list,2026-03-10,2.6.2,危局强袭 2.6.2,10.31,23408,ok
20260617,2026-07-05T12:48:56,17/June/2026,2026-06-17,da,危局强袭,seed,Seed,「席德」,CritDPS,直伤主C,crit_dps,直伤主C,T0.5,10,,,,Electric,电,Attack,强攻,OBOLS Squad,S,https://cdn.prydwen.gg/images/zenless-zone-zero/characters/seed.webp,https://www.prydwen.gg/zenless/tier-list,2026-03-31,2.7.1,危局强袭 2.7.1,0.99,23622,ok
20260617,2026-07-05T12:48:56,17/June/2026,2026-06-17,da,危局强袭,seed,Seed,「席德」,CritDPS,直伤主C,crit_dps,直伤主C,T0.5,10,,,,Electric,电,Attack,强攻,OBOLS Squad,S,https://cdn.prydwen.gg/images/zenless-zone-zero/characters/seed.webp,https://www.prydwen.gg/zenless/tier-list,2026-04-21,2.7.2,危局强袭 2.7.2,15.81,26401,ok
20260617,2026-07-05T12:48:56,17/June/2026,2026-06-17,da,危局强袭,seed,Seed,「席德」,CritDPS,直伤主C,crit_dps,直伤主C,T0.5,10,,,,Electric,电,Attack,强攻,OBOLS Squad,S,https://cdn.prydwen.gg/images/zenless-zone-zero/characters/seed.webp,https://www.prydwen.gg/zenless/tier-list,2026-05-11,2.8.1,危局强袭 2.8.1,15.15,27820,ok
20260617,2026-07-05T12:48:56,17/June/2026,2026-06-17,da,危局强袭,seed,Seed,「席德」,CritDPS,直伤主C,crit_dps,直伤主C,T0.5,10,,,,Electric,电,Attack,强攻,OBOLS Squad,S,https://cdn.prydwen.gg/images/zenless-zone-zero/characters/seed.webp,https://www.prydwen.gg/zenless/tier-list,2026-06-02,2.8.2,危局强袭 2.8.2,1.88,18628,ok
20260617,2026-07-05T12:48:56,17/June/2026,2026-06-17,da,危局强袭,seed,Seed,「席德」,CritDPS,直伤主C,crit_dps,直伤主C,T0.5,10,,,,Electric,电,Attack,强攻,OBOLS Squad,S,https://cdn.prydwen.gg/images/zenless-zone-zero/characters/seed.webp,https://www.prydwen.gg/zenless/tier-list,2026-06-15,2.8.3,危局强袭 2.8.3,16.67,26453,ok
20260617,2026-07-05T12:48:56,17/June/2026,2026-06-17,da,危局强袭,seed,Seed,「席德」,CritDPS,直伤主C,crit_dps,直伤主C,T0.5,10,,,,Electric,电,Attack,强攻,OBOLS Squad,S,https://cdn.prydwen.gg/images/zenless-zone-zero/characters/seed.webp,https://www.prydwen.gg/zenless/tier-list,2026-06-21,3.0.1,危局强袭 3.0.1,1.63,25709,ok
20260617,2026-07-05T12:48:56,17/June/2026,2026-06-17,sd,式舆防卫,seth,Seth Lowell,赛斯·洛威尔,Support,辅助,support,辅助,T3,6,,,,Electric,电,Defence,防护,N.E.P.S.,A,https://cdn.prydwen.gg/images/zenless-zone-zero/characters/seth.webp,https://www.prydwen.gg/zenless/tier-list,2026-02-17,2.6.1,式舆防卫 2.6.1,0.09,0,ok
20260617,2026-07-05T12:48:56,17/June/2026,2026-06-17,sd,式舆防卫,seth,Seth Lowell,赛斯·洛威尔,Support,辅助,support,辅助,T3,6,,,,Electric,电,Defence,防护,N.E.P.S.,A,https://cdn.prydwen.gg/images/zenless-zone-zero/characters/seth.webp,https://www.prydwen.gg/zenless/tier-list,2026-03-10,2.6.3,式舆防卫 2.6.3,0.05,0,ok
20260617,2026-07-05T12:48:56,17/June/2026,2026-06-17,sd,式舆防卫,seth,Seth Lowell,赛斯·洛威尔,Support,辅助,support,辅助,T3,6,,,,Electric,电,Defence,防护,N.E.P.S.,A,https://cdn.prydwen.gg/images/zenless-zone-zero/characters/seth.webp,https://www.prydwen.gg/zenless/tier-list,2026-03-31,2.6.4,式舆防卫 2.6.4,0.03,0,ok
20260617,2026-07-05T12:48:56,17/June/2026,2026-06-17,sd,式舆防卫,seth,Seth Lowell,赛斯·洛威尔,Support,辅助,support,辅助,T3,6,,,,Electric,电,Defence,防护,N.E.P.S.,A,https://cdn.prydwen.gg/images/zenless-zone-zero/characters/seth.webp,https://www.prydwen.gg/zenless/tier-list,2026-04-21,2.7.2,式舆防卫 2.7.2,0.04,0,ok
20260617,2026-07-05T12:48:56,17/June/2026,2026-06-17,sd,式舆防卫,seth,Seth Lowell,赛斯·洛威尔,Support,辅助,support,辅助,T3,6,,,,Electric,电,Defence,防护,N.E.P.S.,A,https://cdn.prydwen.gg/images/zenless-zone-zero/characters/seth.webp,https://www.prydwen.gg/zenless/tier-list,2026-05-11,2.7.3,式舆防卫 2.7.3,0.02,0,ok
20260617,2026-07-05T12:48:56,17/June/2026,2026-06-17,sd,式舆防卫,seth,Seth Lowell,赛斯·洛威尔,Support,辅助,support,辅助,T3,6,,,,Electric,电,Defence,防护,N.E.P.S.,A,https://cdn.prydwen.gg/images/zenless-zone-zero/characters/seth.webp,https://www.prydwen.gg/zenless/tier-list,2026-06-02,2.8.2,式舆防卫 2.8.2,0.1,0,ok
20260617,2026-07-05T12:48:56,17/June/2026,2026-06-17,sd,式舆防卫,seth,Seth Lowell,赛斯·洛威尔,Support,辅助,support,辅助,T3,6,,,,Electric,电,Defence,防护,N.E.P.S.,A,https://cdn.prydwen.gg/images/zenless-zone-zero/characters/seth.webp,https://www.prydwen.gg/zenless/tier-list,2026-06-15,2.8.3,式舆防卫 2.8.3,0.01,0,ok
20260617,2026-07-05T12:48:56,17/June/2026,2026-06-17,sd,式舆防卫,seth,Seth Lowell,赛斯·洛威尔,Support,辅助,support,辅助,T3,6,,,,Electric,电,Defence,防护,N.E.P.S.,A,https://cdn.prydwen.gg/images/zenless-zone-zero/characters/seth.webp,https://www.prydwen.gg/zenless/tier-list,2026-06-21,2.8.3,式舆防卫 2.8.3,0.01,0,ok
20260617,2026-07-05T12:48:56,17/June/2026,2026-06-17,da,危局强袭,seth,Seth Lowell,赛斯·洛威尔,Support,辅助,support,辅助,T3,6,,,,Electric,电,Defence,防护,N.E.P.S.,A,https://cdn.prydwen.gg/images/zenless-zone-zero/characters/seth.webp,https://www.prydwen.gg/zenless/tier-list,2026-02-17,2.6.1,危局强袭 2.6.1,0.03,0,ok
20260617,2026-07-05T12:48:56,17/June/2026,2026-06-17,da,危局强袭,seth,Seth Lowell,赛斯·洛威尔,Support,辅助,support,辅助,T3,6,,,,Electric,电,Defence,防护,N.E.P.S.,A,https://cdn.prydwen.gg/images/zenless-zone-zero/characters/seth.webp,https://www.prydwen.gg/zenless/tier-list,2026-03-10,2.6.2,危局强袭 2.6.2,0.03,0,ok
20260617,2026-07-05T12:48:56,17/June/2026,2026-06-17,da,危局强袭,seth,Seth Lowell,赛斯·洛威尔,Support,辅助,support,辅助,T3,6,,,,Electric,电,Defence,防护,N.E.P.S.,A,https://cdn.prydwen.gg/images/zenless-zone-zero/characters/seth.webp,https://www.prydwen.gg/zenless/tier-list,2026-03-31,2.7.1,危局强袭 2.7.1,0.02,0,ok
20260617,2026-07-05T12:48:56,17/June/2026,2026-06-17,da,危局强袭,seth,Seth Lowell,赛斯·洛威尔,Support,辅助,support,辅助,T3,6,,,,Electric,电,Defence,防护,N.E.P.S.,A,https://cdn.prydwen.gg/images/zenless-zone-zero/characters/seth.webp,https://www.prydwen.gg/zenless/tier-list,2026-04-21,2.7.2,危局强袭 2.7.2,0.0,0,ok
20260617,2026-07-05T12:48:56,17/June/2026,2026-06-17,da,危局强袭,seth,Seth Lowell,赛斯·洛威尔,Support,辅助,support,辅助,T3,6,,,,Electric,电,Defence,防护,N.E.P.S.,A,https://cdn.prydwen.gg/images/zenless-zone-zero/characters/seth.webp,https://www.prydwen.gg/zenless/tier-list,2026-05-11,2.8.1,危局强袭 2.8.1,0.02,0,ok
20260617,2026-07-05T12:48:56,17/June/2026,2026-06-17,da,危局强袭,seth,Seth Lowell,赛斯·洛威尔,Support,辅助,support,辅助,T3,6,,,,Electric,电,Defence,防护,N.E.P.S.,A,https://cdn.prydwen.gg/images/zenless-zone-zero/characters/seth.webp,https://www.prydwen.gg/zenless/tier-list,2026-06-02,2.8.2,危局强袭 2.8.2,0.09,0,ok
20260617,2026-07-05T12:48:56,17/June/2026,2026-06-17,da,危局强袭,seth,Seth Lowell,赛斯·洛威尔,Support,辅助,support,辅助,T3,6,,,,Electric,电,Defence,防护,N.E.P.S.,A,https://cdn.prydwen.gg/images/zenless-zone-zero/characters/seth.webp,https://www.prydwen.gg/zenless/tier-list,2026-06-15,2.8.3,危局强袭 2.8.3,0.05,0,ok
20260617,2026-07-05T12:48:56,17/June/2026,2026-06-17,da,危局强袭,seth,Seth Lowell,赛斯·洛威尔,Support,辅助,support,辅助,T3,6,,,,Electric,电,Defence,防护,N.E.P.S.,A,https://cdn.prydwen.gg/images/zenless-zone-zero/characters/seth.webp,https://www.prydwen.gg/zenless/tier-list,2026-06-21,3.0.1,危局强袭 3.0.1,0.01,0,ok
20260617,2026-07-05T12:48:56,17/June/2026,2026-06-17,sd,式舆防卫,soldier-11,Soldier 11,「11号」,CritDPS,直伤主C,crit_dps,直伤主C,T1.5,8,,down,,Fire,火,Attack,强攻,OBOLS Squad,S,https://cdn.prydwen.gg/images/zenless-zone-zero/characters/soldier-11.webp,https://www.prydwen.gg/zenless/tier-list,2026-02-17,2.6.1,式舆防卫 2.6.1,3.77,30188,ok
20260617,2026-07-05T12:48:56,17/June/2026,2026-06-17,sd,式舆防卫,soldier-11,Soldier 11,「11号」,CritDPS,直伤主C,crit_dps,直伤主C,T1.5,8,,down,,Fire,火,Attack,强攻,OBOLS Squad,S,https://cdn.prydwen.gg/images/zenless-zone-zero/characters/soldier-11.webp,https://www.prydwen.gg/zenless/tier-list,2026-03-10,2.6.3,式舆防卫 2.6.3,1.39,28424,ok
20260617,2026-07-05T12:48:56,17/June/2026,2026-06-17,sd,式舆防卫,soldier-11,Soldier 11,「11号」,CritDPS,直伤主C,crit_dps,直伤主C,T1.5,8,,down,,Fire,火,Attack,强攻,OBOLS Squad,S,https://cdn.prydwen.gg/images/zenless-zone-zero/characters/soldier-11.webp,https://www.prydwen.gg/zenless/tier-list,2026-03-31,2.6.4,式舆防卫 2.6.4,0.93,27703,ok
20260617,2026-07-05T12:48:56,17/June/2026,2026-06-17,sd,式舆防卫,soldier-11,Soldier 11,「11号」,CritDPS,直伤主C,crit_dps,直伤主C,T1.5,8,,down,,Fire,火,Attack,强攻,OBOLS Squad,S,https://cdn.prydwen.gg/images/zenless-zone-zero/characters/soldier-11.webp,https://www.prydwen.gg/zenless/tier-list,2026-04-21,2.7.2,式舆防卫 2.7.2,0.56,27778,ok
20260617,2026-07-05T12:48:56,17/June/2026,2026-06-17,sd,式舆防卫,soldier-11,Soldier 11,「11号」,CritDPS,直伤主C,crit_dps,直伤主C,T1.5,8,,down,,Fire,火,Attack,强攻,OBOLS Squad,S,https://cdn.prydwen.gg/images/zenless-zone-zero/characters/soldier-11.webp,https://www.prydwen.gg/zenless/tier-list,2026-05-11,2.7.3,式舆防卫 2.7.3,0.43,26768,ok
20260617,2026-07-05T12:48:56,17/June/2026,2026-06-17,sd,式舆防卫,soldier-11,Soldier 11,「11号」,CritDPS,直伤主C,crit_dps,直伤主C,T1.5,8,,down,,Fire,火,Attack,强攻,OBOLS Squad,S,https://cdn.prydwen.gg/images/zenless-zone-zero/characters/soldier-11.webp,https://www.prydwen.gg/zenless/tier-list,2026-06-02,2.8.2,式舆防卫 2.8.2,0.91,24073,ok
20260617,2026-07-05T12:48:56,17/June/2026,2026-06-17,sd,式舆防卫,soldier-11,Soldier 11,「11号」,CritDPS,直伤主C,crit_dps,直伤主C,T1.5,8,,down,,Fire,火,Attack,强攻,OBOLS Squad,S,https://cdn.prydwen.gg/images/zenless-zone-zero/characters/soldier-11.webp,https://www.prydwen.gg/zenless/tier-list,2026-06-15,2.8.3,式舆防卫 2.8.3,1.87,27692,ok
20260617,2026-07-05T12:48:56,17/June/2026,2026-06-17,sd,式舆防卫,soldier-11,Soldier 11,「11号」,CritDPS,直伤主C,crit_dps,直伤主C,T1.5,8,,down,,Fire,火,Attack,强攻,OBOLS Squad,S,https://cdn.prydwen.gg/images/zenless-zone-zero/characters/soldier-11.webp,https://www.prydwen.gg/zenless/tier-list,2026-06-21,2.8.3,式舆防卫 2.8.3,1.6,27550,ok
20260617,2026-07-05T12:48:56,17/June/2026,2026-06-17,da,危局强袭,soldier-11,Soldier 11,「11号」,CritDPS,直伤主C,crit_dps,直伤主C,T1.5,8,,down,,Fire,火,Attack,强攻,OBOLS Squad,S,https://cdn.prydwen.gg/images/zenless-zone-zero/characters/soldier-11.webp,https://www.prydwen.gg/zenless/tier-list,2026-02-17,2.6.1,危局强袭 2.6.1,0.95,22482,ok
20260617,2026-07-05T12:48:56,17/June/2026,2026-06-17,da,危局强袭,soldier-11,Soldier 11,「11号」,CritDPS,直伤主C,crit_dps,直伤主C,T1.5,8,,down,,Fire,火,Attack,强攻,OBOLS Squad,S,https://cdn.prydwen.gg/images/zenless-zone-zero/characters/soldier-11.webp,https://www.prydwen.gg/zenless/tier-list,2026-03-10,2.6.2,危局强袭 2.6.2,0.78,22122,ok
20260617,2026-07-05T12:48:56,17/June/2026,2026-06-17,da,危局强袭,soldier-11,Soldier 11,「11号」,CritDPS,直伤主C,crit_dps,直伤主C,T1.5,8,,down,,Fire,火,Attack,强攻,OBOLS Squad,S,https://cdn.prydwen.gg/images/zenless-zone-zero/characters/soldier-11.webp,https://www.prydwen.gg/zenless/tier-list,2026-03-31,2.7.1,危局强袭 2.7.1,0.56,24266,ok
20260617,2026-07-05T12:48:56,17/June/2026,2026-06-17,da,危局强袭,soldier-11,Soldier 11,「11号」,CritDPS,直伤主C,crit_dps,直伤主C,T1.5,8,,down,,Fire,火,Attack,强攻,OBOLS Squad,S,https://cdn.prydwen.gg/images/zenless-zone-zero/characters/soldier-11.webp,https://www.prydwen.gg/zenless/tier-list,2026-04-21,2.7.2,危局强袭 2.7.2,0.71,23724,ok
20260617,2026-07-05T12:48:56,17/June/2026,2026-06-17,da,危局强袭,soldier-11,Soldier 11,「11号」,CritDPS,直伤主C,crit_dps,直伤主C,T1.5,8,,down,,Fire,火,Attack,强攻,OBOLS Squad,S,https://cdn.prydwen.gg/images/zenless-zone-zero/characters/soldier-11.webp,https://www.prydwen.gg/zenless/tier-list,2026-05-11,2.8.1,危局强袭 2.8.1,0.83,22344,ok
20260617,2026-07-05T12:48:56,17/June/2026,2026-06-17,da,危局强袭,soldier-11,Soldier 11,「11号」,CritDPS,直伤主C,crit_dps,直伤主C,T1.5,8,,down,,Fire,火,Attack,强攻,OBOLS Squad,S,https://cdn.prydwen.gg/images/zenless-zone-zero/characters/soldier-11.webp,https://www.prydwen.gg/zenless/tier-list,2026-06-02,2.8.2,危局强袭 2.8.2,0.49,18618,ok
20260617,2026-07-05T12:48:56,17/June/2026,2026-06-17,da,危局强袭,soldier-11,Soldier 11,「11号」,CritDPS,直伤主C,crit_dps,直伤主C,T1.5,8,,down,,Fire,火,Attack,强攻,OBOLS Squad,S,https://cdn.prydwen.gg/images/zenless-zone-zero/characters/soldier-11.webp,https://www.prydwen.gg/zenless/tier-list,2026-06-15,2.8.3,危局强袭 2.8.3,0.61,24328,ok
20260617,2026-07-05T12:48:56,17/June/2026,2026-06-17,da,危局强袭,soldier-11,Soldier 11,「11号」,CritDPS,直伤主C,crit_dps,直伤主C,T1.5,8,,down,,Fire,火,Attack,强攻,OBOLS Squad,S,https://cdn.prydwen.gg/images/zenless-zone-zero/characters/soldier-11.webp,https://www.prydwen.gg/zenless/tier-list,2026-06-21,3.0.1,危局强袭 3.0.1,0.33,23265,ok
20260617,2026-07-05T12:48:56,17/June/2026,2026-06-17,sd,式舆防卫,soukaku,Soukaku,苍角,Support,辅助,support,辅助,T1.5,8,Partner (Miyabi),down,,Ice,冰,Support,支援,Section 6,A,https://cdn.prydwen.gg/images/zenless-zone-zero/characters/soukaku.webp,https://www.prydwen.gg/zenless/tier-list,2026-02-17,2.6.1,式舆防卫 2.6.1,3.97,33287,ok
20260617,2026-07-05T12:48:56,17/June/2026,2026-06-17,sd,式舆防卫,soukaku,Soukaku,苍角,Support,辅助,support,辅助,T1.5,8,Partner (Miyabi),down,,Ice,冰,Support,支援,Section 6,A,https://cdn.prydwen.gg/images/zenless-zone-zero/characters/soukaku.webp,https://www.prydwen.gg/zenless/tier-list,2026-03-10,2.6.3,式舆防卫 2.6.3,1.85,27864,ok
20260617,2026-07-05T12:48:56,17/June/2026,2026-06-17,sd,式舆防卫,soukaku,Soukaku,苍角,Support,辅助,support,辅助,T1.5,8,Partner (Miyabi),down,,Ice,冰,Support,支援,Section 6,A,https://cdn.prydwen.gg/images/zenless-zone-zero/characters/soukaku.webp,https://www.prydwen.gg/zenless/tier-list,2026-03-31,2.6.4,式舆防卫 2.6.4,3.87,27952,ok
20260617,2026-07-05T12:48:56,17/June/2026,2026-06-17,sd,式舆防卫,soukaku,Soukaku,苍角,Support,辅助,support,辅助,T1.5,8,Partner (Miyabi),down,,Ice,冰,Support,支援,Section 6,A,https://cdn.prydwen.gg/images/zenless-zone-zero/characters/soukaku.webp,https://www.prydwen.gg/zenless/tier-list,2026-04-21,2.7.2,式舆防卫 2.7.2,2.2,27379,ok
20260617,2026-07-05T12:48:56,17/June/2026,2026-06-17,sd,式舆防卫,soukaku,Soukaku,苍角,Support,辅助,support,辅助,T1.5,8,Partner (Miyabi),down,,Ice,冰,Support,支援,Section 6,A,https://cdn.prydwen.gg/images/zenless-zone-zero/characters/soukaku.webp,https://www.prydwen.gg/zenless/tier-list,2026-05-11,2.7.3,式舆防卫 2.7.3,1.79,29741,ok
20260617,2026-07-05T12:48:56,17/June/2026,2026-06-17,sd,式舆防卫,soukaku,Soukaku,苍角,Support,辅助,support,辅助,T1.5,8,Partner (Miyabi),down,,Ice,冰,Support,支援,Section 6,A,https://cdn.prydwen.gg/images/zenless-zone-zero/characters/soukaku.webp,https://www.prydwen.gg/zenless/tier-list,2026-06-02,2.8.2,式舆防卫 2.8.2,2.87,25575,ok
20260617,2026-07-05T12:48:56,17/June/2026,2026-06-17,sd,式舆防卫,soukaku,Soukaku,苍角,Support,辅助,support,辅助,T1.5,8,Partner (Miyabi),down,,Ice,冰,Support,支援,Section 6,A,https://cdn.prydwen.gg/images/zenless-zone-zero/characters/soukaku.webp,https://www.prydwen.gg/zenless/tier-list,2026-06-15,2.8.3,式舆防卫 2.8.3,2.17,28563,ok
20260617,2026-07-05T12:48:56,17/June/2026,2026-06-17,sd,式舆防卫,soukaku,Soukaku,苍角,Support,辅助,support,辅助,T1.5,8,Partner (Miyabi),down,,Ice,冰,Support,支援,Section 6,A,https://cdn.prydwen.gg/images/zenless-zone-zero/characters/soukaku.webp,https://www.prydwen.gg/zenless/tier-list,2026-06-21,2.8.3,式舆防卫 2.8.3,2.25,28021,ok
20260617,2026-07-05T12:48:56,17/June/2026,2026-06-17,da,危局强袭,soukaku,Soukaku,苍角,Support,辅助,support,辅助,T1.5,8,Partner (Miyabi),down,,Ice,冰,Support,支援,Section 6,A,https://cdn.prydwen.gg/images/zenless-zone-zero/characters/soukaku.webp,https://www.prydwen.gg/zenless/tier-list,2026-02-17,2.6.1,危局强袭 2.6.1,12.84,31829,ok
20260617,2026-07-05T12:48:56,17/June/2026,2026-06-17,da,危局强袭,soukaku,Soukaku,苍角,Support,辅助,support,辅助,T1.5,8,Partner (Miyabi),down,,Ice,冰,Support,支援,Section 6,A,https://cdn.prydwen.gg/images/zenless-zone-zero/characters/soukaku.webp,https://www.prydwen.gg/zenless/tier-list,2026-03-10,2.6.2,危局强袭 2.6.2,1.15,20882,ok
20260617,2026-07-05T12:48:56,17/June/2026,2026-06-17,da,危局强袭,soukaku,Soukaku,苍角,Support,辅助,support,辅助,T1.5,8,Partner (Miyabi),down,,Ice,冰,Support,支援,Section 6,A,https://cdn.prydwen.gg/images/zenless-zone-zero/characters/soukaku.webp,https://www.prydwen.gg/zenless/tier-list,2026-03-31,2.7.1,危局强袭 2.7.1,9.64,29727,ok
20260617,2026-07-05T12:48:56,17/June/2026,2026-06-17,da,危局强袭,soukaku,Soukaku,苍角,Support,辅助,support,辅助,T1.5,8,Partner (Miyabi),down,,Ice,冰,Support,支援,Section 6,A,https://cdn.prydwen.gg/images/zenless-zone-zero/characters/soukaku.webp,https://www.prydwen.gg/zenless/tier-list,2026-04-21,2.7.2,危局强袭 2.7.2,0.95,22955,ok
20260617,2026-07-05T12:48:56,17/June/2026,2026-06-17,da,危局强袭,soukaku,Soukaku,苍角,Support,辅助,support,辅助,T1.5,8,Partner (Miyabi),down,,Ice,冰,Support,支援,Section 6,A,https://cdn.prydwen.gg/images/zenless-zone-zero/characters/soukaku.webp,https://www.prydwen.gg/zenless/tier-list,2026-05-11,2.8.1,危局强袭 2.8.1,1.64,22733,ok
20260617,2026-07-05T12:48:56,17/June/2026,2026-06-17,da,危局强袭,soukaku,Soukaku,苍角,Support,辅助,support,辅助,T1.5,8,Partner (Miyabi),down,,Ice,冰,Support,支援,Section 6,A,https://cdn.prydwen.gg/images/zenless-zone-zero/characters/soukaku.webp,https://www.prydwen.gg/zenless/tier-list,2026-06-02,2.8.2,危局强袭 2.8.2,6.74,22002,ok
20260617,2026-07-05T12:48:56,17/June/2026,2026-06-17,da,危局强袭,soukaku,Soukaku,苍角,Support,辅助,support,辅助,T1.5,8,Partner (Miyabi),down,,Ice,冰,Support,支援,Section 6,A,https://cdn.prydwen.gg/images/zenless-zone-zero/characters/soukaku.webp,https://www.prydwen.gg/zenless/tier-list,2026-06-15,2.8.3,危局强袭 2.8.3,1.07,22223,ok
20260617,2026-07-05T12:48:56,17/June/2026,2026-06-17,da,危局强袭,soukaku,Soukaku,苍角,Support,辅助,support,辅助,T1.5,8,Partner (Miyabi),down,,Ice,冰,Support,支援,Section 6,A,https://cdn.prydwen.gg/images/zenless-zone-zero/characters/soukaku.webp,https://www.prydwen.gg/zenless/tier-list,2026-06-21,3.0.1,危局强袭 3.0.1,1.77,23255,ok
20260617,2026-07-05T12:48:56,17/June/2026,2026-06-17,sd,式舆防卫,sunna,Sunna,千夏,Support,辅助,support,辅助,T0,11,,,,Physical,物理,Support,支援,Angels of Delusion,S,https://cdn.prydwen.gg/images/zenless-zone-zero/characters/sunna.webp,https://www.prydwen.gg/zenless/tier-list,2026-02-17,2.6.1,式舆防卫 2.6.1,29.19,37401,ok
20260617,2026-07-05T12:48:56,17/June/2026,2026-06-17,sd,式舆防卫,sunna,Sunna,千夏,Support,辅助,support,辅助,T0,11,,,,Physical,物理,Support,支援,Angels of Delusion,S,https://cdn.prydwen.gg/images/zenless-zone-zero/characters/sunna.webp,https://www.prydwen.gg/zenless/tier-list,2026-03-10,2.6.3,式舆防卫 2.6.3,58.83,36091,ok
20260617,2026-07-05T12:48:56,17/June/2026,2026-06-17,sd,式舆防卫,sunna,Sunna,千夏,Support,辅助,support,辅助,T0,11,,,,Physical,物理,Support,支援,Angels of Delusion,S,https://cdn.prydwen.gg/images/zenless-zone-zero/characters/sunna.webp,https://www.prydwen.gg/zenless/tier-list,2026-03-31,2.6.4,式舆防卫 2.6.4,58.49,34288,ok
20260617,2026-07-05T12:48:56,17/June/2026,2026-06-17,sd,式舆防卫,sunna,Sunna,千夏,Support,辅助,support,辅助,T0,11,,,,Physical,物理,Support,支援,Angels of Delusion,S,https://cdn.prydwen.gg/images/zenless-zone-zero/characters/sunna.webp,https://www.prydwen.gg/zenless/tier-list,2026-04-21,2.7.2,式舆防卫 2.7.2,57.62,34365,ok
20260617,2026-07-05T12:48:56,17/June/2026,2026-06-17,sd,式舆防卫,sunna,Sunna,千夏,Support,辅助,support,辅助,T0,11,,,,Physical,物理,Support,支援,Angels of Delusion,S,https://cdn.prydwen.gg/images/zenless-zone-zero/characters/sunna.webp,https://www.prydwen.gg/zenless/tier-list,2026-05-11,2.7.3,式舆防卫 2.7.3,57.36,34536,ok
20260617,2026-07-05T12:48:56,17/June/2026,2026-06-17,sd,式舆防卫,sunna,Sunna,千夏,Support,辅助,support,辅助,T0,11,,,,Physical,物理,Support,支援,Angels of Delusion,S,https://cdn.prydwen.gg/images/zenless-zone-zero/characters/sunna.webp,https://www.prydwen.gg/zenless/tier-list,2026-06-02,2.8.2,式舆防卫 2.8.2,52.7,34500,ok
20260617,2026-07-05T12:48:56,17/June/2026,2026-06-17,sd,式舆防卫,sunna,Sunna,千夏,Support,辅助,support,辅助,T0,11,,,,Physical,物理,Support,支援,Angels of Delusion,S,https://cdn.prydwen.gg/images/zenless-zone-zero/characters/sunna.webp,https://www.prydwen.gg/zenless/tier-list,2026-06-15,2.8.3,式舆防卫 2.8.3,55.42,36514,ok
20260617,2026-07-05T12:48:56,17/June/2026,2026-06-17,sd,式舆防卫,sunna,Sunna,千夏,Support,辅助,support,辅助,T0,11,,,,Physical,物理,Support,支援,Angels of Delusion,S,https://cdn.prydwen.gg/images/zenless-zone-zero/characters/sunna.webp,https://www.prydwen.gg/zenless/tier-list,2026-06-21,2.8.3,式舆防卫 2.8.3,53.72,36130,ok
20260617,2026-07-05T12:48:56,17/June/2026,2026-06-17,da,危局强袭,sunna,Sunna,千夏,Support,辅助,support,辅助,T0,11,,,,Physical,物理,Support,支援,Angels of Delusion,S,https://cdn.prydwen.gg/images/zenless-zone-zero/characters/sunna.webp,https://www.prydwen.gg/zenless/tier-list,2026-02-17,2.6.1,危局强袭 2.6.1,41.96,34021,ok
20260617,2026-07-05T12:48:56,17/June/2026,2026-06-17,da,危局强袭,sunna,Sunna,千夏,Support,辅助,support,辅助,T0,11,,,,Physical,物理,Support,支援,Angels of Delusion,S,https://cdn.prydwen.gg/images/zenless-zone-zero/characters/sunna.webp,https://www.prydwen.gg/zenless/tier-list,2026-03-10,2.6.2,危局强袭 2.6.2,53.86,32044,ok
20260617,2026-07-05T12:48:56,17/June/2026,2026-06-17,da,危局强袭,sunna,Sunna,千夏,Support,辅助,support,辅助,T0,11,,,,Physical,物理,Support,支援,Angels of Delusion,S,https://cdn.prydwen.gg/images/zenless-zone-zero/characters/sunna.webp,https://www.prydwen.gg/zenless/tier-list,2026-03-31,2.7.1,危局强袭 2.7.1,47.99,27488,ok
20260617,2026-07-05T12:48:56,17/June/2026,2026-06-17,da,危局强袭,sunna,Sunna,千夏,Support,辅助,support,辅助,T0,11,,,,Physical,物理,Support,支援,Angels of Delusion,S,https://cdn.prydwen.gg/images/zenless-zone-zero/characters/sunna.webp,https://www.prydwen.gg/zenless/tier-list,2026-04-21,2.7.2,危局强袭 2.7.2,58.01,32703,ok
20260617,2026-07-05T12:48:56,17/June/2026,2026-06-17,da,危局强袭,sunna,Sunna,千夏,Support,辅助,support,辅助,T0,11,,,,Physical,物理,Support,支援,Angels of Delusion,S,https://cdn.prydwen.gg/images/zenless-zone-zero/characters/sunna.webp,https://www.prydwen.gg/zenless/tier-list,2026-05-11,2.8.1,危局强袭 2.8.1,42.66,30409,ok
20260617,2026-07-05T12:48:56,17/June/2026,2026-06-17,da,危局强袭,sunna,Sunna,千夏,Support,辅助,support,辅助,T0,11,,,,Physical,物理,Support,支援,Angels of Delusion,S,https://cdn.prydwen.gg/images/zenless-zone-zero/characters/sunna.webp,https://www.prydwen.gg/zenless/tier-list,2026-06-02,2.8.2,危局强袭 2.8.2,58.14,26458,ok
20260617,2026-07-05T12:48:56,17/June/2026,2026-06-17,da,危局强袭,sunna,Sunna,千夏,Support,辅助,support,辅助,T0,11,,,,Physical,物理,Support,支援,Angels of Delusion,S,https://cdn.prydwen.gg/images/zenless-zone-zero/characters/sunna.webp,https://www.prydwen.gg/zenless/tier-list,2026-06-15,2.8.3,危局强袭 2.8.3,51.63,31690,ok
20260617,2026-07-05T12:48:56,17/June/2026,2026-06-17,da,危局强袭,sunna,Sunna,千夏,Support,辅助,support,辅助,T0,11,,,,Physical,物理,Support,支援,Angels of Delusion,S,https://cdn.prydwen.gg/images/zenless-zone-zero/characters/sunna.webp,https://www.prydwen.gg/zenless/tier-list,2026-06-21,3.0.1,危局强袭 3.0.1,46.41,29710,ok
20260617,2026-07-05T12:48:56,17/June/2026,2026-06-17,sd,式舆防卫,trigger,Trigger,「扳机」,Support,辅助,support,辅助,T0.5,10,,,,Electric,电,Stun,击破,OBOLS Squad,S,https://cdn.prydwen.gg/images/zenless-zone-zero/characters/trigger.webp,https://www.prydwen.gg/zenless/tier-list,2026-02-17,2.6.1,式舆防卫 2.6.1,38.27,33978,ok
20260617,2026-07-05T12:48:56,17/June/2026,2026-06-17,sd,式舆防卫,trigger,Trigger,「扳机」,Support,辅助,support,辅助,T0.5,10,,,,Electric,电,Stun,击破,OBOLS Squad,S,https://cdn.prydwen.gg/images/zenless-zone-zero/characters/trigger.webp,https://www.prydwen.gg/zenless/tier-list,2026-03-10,2.6.3,式舆防卫 2.6.3,30.06,30855,ok
20260617,2026-07-05T12:48:56,17/June/2026,2026-06-17,sd,式舆防卫,trigger,Trigger,「扳机」,Support,辅助,support,辅助,T0.5,10,,,,Electric,电,Stun,击破,OBOLS Squad,S,https://cdn.prydwen.gg/images/zenless-zone-zero/characters/trigger.webp,https://www.prydwen.gg/zenless/tier-list,2026-03-31,2.6.4,式舆防卫 2.6.4,9.32,28988,ok
20260617,2026-07-05T12:48:56,17/June/2026,2026-06-17,sd,式舆防卫,trigger,Trigger,「扳机」,Support,辅助,support,辅助,T0.5,10,,,,Electric,电,Stun,击破,OBOLS Squad,S,https://cdn.prydwen.gg/images/zenless-zone-zero/characters/trigger.webp,https://www.prydwen.gg/zenless/tier-list,2026-04-21,2.7.2,式舆防卫 2.7.2,23.31,32097,ok
20260617,2026-07-05T12:48:56,17/June/2026,2026-06-17,sd,式舆防卫,trigger,Trigger,「扳机」,Support,辅助,support,辅助,T0.5,10,,,,Electric,电,Stun,击破,OBOLS Squad,S,https://cdn.prydwen.gg/images/zenless-zone-zero/characters/trigger.webp,https://www.prydwen.gg/zenless/tier-list,2026-05-11,2.7.3,式舆防卫 2.7.3,28.43,29168,ok
20260617,2026-07-05T12:48:56,17/June/2026,2026-06-17,sd,式舆防卫,trigger,Trigger,「扳机」,Support,辅助,support,辅助,T0.5,10,,,,Electric,电,Stun,击破,OBOLS Squad,S,https://cdn.prydwen.gg/images/zenless-zone-zero/characters/trigger.webp,https://www.prydwen.gg/zenless/tier-list,2026-06-02,2.8.2,式舆防卫 2.8.2,28.7,26980,ok
20260617,2026-07-05T12:48:56,17/June/2026,2026-06-17,sd,式舆防卫,trigger,Trigger,「扳机」,Support,辅助,support,辅助,T0.5,10,,,,Electric,电,Stun,击破,OBOLS Squad,S,https://cdn.prydwen.gg/images/zenless-zone-zero/characters/trigger.webp,https://www.prydwen.gg/zenless/tier-list,2026-06-15,2.8.3,式舆防卫 2.8.3,12.07,29461,ok
20260617,2026-07-05T12:48:56,17/June/2026,2026-06-17,sd,式舆防卫,trigger,Trigger,「扳机」,Support,辅助,support,辅助,T0.5,10,,,,Electric,电,Stun,击破,OBOLS Squad,S,https://cdn.prydwen.gg/images/zenless-zone-zero/characters/trigger.webp,https://www.prydwen.gg/zenless/tier-list,2026-06-21,2.8.3,式舆防卫 2.8.3,11.54,29324,ok
20260617,2026-07-05T12:48:56,17/June/2026,2026-06-17,da,危局强袭,trigger,Trigger,「扳机」,Support,辅助,support,辅助,T0.5,10,,,,Electric,电,Stun,击破,OBOLS Squad,S,https://cdn.prydwen.gg/images/zenless-zone-zero/characters/trigger.webp,https://www.prydwen.gg/zenless/tier-list,2026-02-17,2.6.1,危局强袭 2.6.1,9.78,25585,ok
20260617,2026-07-05T12:48:56,17/June/2026,2026-06-17,da,危局强袭,trigger,Trigger,「扳机」,Support,辅助,support,辅助,T0.5,10,,,,Electric,电,Stun,击破,OBOLS Squad,S,https://cdn.prydwen.gg/images/zenless-zone-zero/characters/trigger.webp,https://www.prydwen.gg/zenless/tier-list,2026-03-10,2.6.2,危局强袭 2.6.2,27.26,24783,ok
20260617,2026-07-05T12:48:56,17/June/2026,2026-06-17,da,危局强袭,trigger,Trigger,「扳机」,Support,辅助,support,辅助,T0.5,10,,,,Electric,电,Stun,击破,OBOLS Squad,S,https://cdn.prydwen.gg/images/zenless-zone-zero/characters/trigger.webp,https://www.prydwen.gg/zenless/tier-list,2026-03-31,2.7.1,危局强袭 2.7.1,7.77,24418,ok
20260617,2026-07-05T12:48:56,17/June/2026,2026-06-17,da,危局强袭,trigger,Trigger,「扳机」,Support,辅助,support,辅助,T0.5,10,,,,Electric,电,Stun,击破,OBOLS Squad,S,https://cdn.prydwen.gg/images/zenless-zone-zero/characters/trigger.webp,https://www.prydwen.gg/zenless/tier-list,2026-04-21,2.7.2,危局强袭 2.7.2,29.39,27392,ok
20260617,2026-07-05T12:48:56,17/June/2026,2026-06-17,da,危局强袭,trigger,Trigger,「扳机」,Support,辅助,support,辅助,T0.5,10,,,,Electric,电,Stun,击破,OBOLS Squad,S,https://cdn.prydwen.gg/images/zenless-zone-zero/characters/trigger.webp,https://www.prydwen.gg/zenless/tier-list,2026-05-11,2.8.1,危局强袭 2.8.1,20.64,26077,ok
20260617,2026-07-05T12:48:56,17/June/2026,2026-06-17,da,危局强袭,trigger,Trigger,「扳机」,Support,辅助,support,辅助,T0.5,10,,,,Electric,电,Stun,击破,OBOLS Squad,S,https://cdn.prydwen.gg/images/zenless-zone-zero/characters/trigger.webp,https://www.prydwen.gg/zenless/tier-list,2026-06-02,2.8.2,危局强袭 2.8.2,6.81,17763,ok
20260617,2026-07-05T12:48:56,17/June/2026,2026-06-17,da,危局强袭,trigger,Trigger,「扳机」,Support,辅助,support,辅助,T0.5,10,,,,Electric,电,Stun,击破,OBOLS Squad,S,https://cdn.prydwen.gg/images/zenless-zone-zero/characters/trigger.webp,https://www.prydwen.gg/zenless/tier-list,2026-06-15,2.8.3,危局强袭 2.8.3,23.88,25272,ok
20260617,2026-07-05T12:48:56,17/June/2026,2026-06-17,da,危局强袭,trigger,Trigger,「扳机」,Support,辅助,support,辅助,T0.5,10,,,,Electric,电,Stun,击破,OBOLS Squad,S,https://cdn.prydwen.gg/images/zenless-zone-zero/characters/trigger.webp,https://www.prydwen.gg/zenless/tier-list,2026-06-21,3.0.1,危局强袭 3.0.1,7.05,24285,ok
20260617,2026-07-05T12:48:56,17/June/2026,2026-06-17,sd,式舆防卫,velina,Velina,维琳娜·艾嘉德,AnoDPS,异常主C,anomaly_dps,异常主C,T0.5,10,,new,True,Wind,风,Anomaly,异常,External Strategy Department,S,https://cdn.prydwen.gg/images/zenless-zone-zero/characters/velina.webp,https://www.prydwen.gg/zenless/tier-list,2026-06-21,2.8.3,式舆防卫 2.8.3,10.34,33676,ok
20260617,2026-07-05T12:48:56,17/June/2026,2026-06-17,da,危局强袭,velina,Velina,维琳娜·艾嘉德,AnoDPS,异常主C,anomaly_dps,异常主C,T0.5,10,,new,True,Wind,风,Anomaly,异常,External Strategy Department,S,https://cdn.prydwen.gg/images/zenless-zone-zero/characters/velina.webp,https://www.prydwen.gg/zenless/tier-list,2026-06-21,3.0.1,危局强袭 3.0.1,48.99,30316,ok
20260617,2026-07-05T12:48:56,17/June/2026,2026-06-17,sd,式舆防卫,vivian,Vivian Banshee,薇薇安·班希,AnoDPS,异常主C,anomaly_dps,异常主C,T1,9,Partner (Promeia),down,,Ether,以太,Anomaly,异常,Mockingbird,S,https://cdn.prydwen.gg/images/zenless-zone-zero/characters/vivian.webp,https://www.prydwen.gg/zenless/tier-list,2026-02-17,2.6.1,式舆防卫 2.6.1,19.15,32043,ok
20260617,2026-07-05T12:48:56,17/June/2026,2026-06-17,sd,式舆防卫,vivian,Vivian Banshee,薇薇安·班希,AnoDPS,异常主C,anomaly_dps,异常主C,T1,9,Partner (Promeia),down,,Ether,以太,Anomaly,异常,Mockingbird,S,https://cdn.prydwen.gg/images/zenless-zone-zero/characters/vivian.webp,https://www.prydwen.gg/zenless/tier-list,2026-03-10,2.6.3,式舆防卫 2.6.3,22.78,30606,ok
20260617,2026-07-05T12:48:56,17/June/2026,2026-06-17,sd,式舆防卫,vivian,Vivian Banshee,薇薇安·班希,AnoDPS,异常主C,anomaly_dps,异常主C,T1,9,Partner (Promeia),down,,Ether,以太,Anomaly,异常,Mockingbird,S,https://cdn.prydwen.gg/images/zenless-zone-zero/characters/vivian.webp,https://www.prydwen.gg/zenless/tier-list,2026-03-31,2.6.4,式舆防卫 2.6.4,27.21,28901,ok
20260617,2026-07-05T12:48:56,17/June/2026,2026-06-17,sd,式舆防卫,vivian,Vivian Banshee,薇薇安·班希,AnoDPS,异常主C,anomaly_dps,异常主C,T1,9,Partner (Promeia),down,,Ether,以太,Anomaly,异常,Mockingbird,S,https://cdn.prydwen.gg/images/zenless-zone-zero/characters/vivian.webp,https://www.prydwen.gg/zenless/tier-list,2026-04-21,2.7.2,式舆防卫 2.7.2,11.25,27136,ok
20260617,2026-07-05T12:48:56,17/June/2026,2026-06-17,sd,式舆防卫,vivian,Vivian Banshee,薇薇安·班希,AnoDPS,异常主C,anomaly_dps,异常主C,T1,9,Partner (Promeia),down,,Ether,以太,Anomaly,异常,Mockingbird,S,https://cdn.prydwen.gg/images/zenless-zone-zero/characters/vivian.webp,https://www.prydwen.gg/zenless/tier-list,2026-05-11,2.7.3,式舆防卫 2.7.3,18.63,32280,ok
20260617,2026-07-05T12:48:56,17/June/2026,2026-06-17,sd,式舆防卫,vivian,Vivian Banshee,薇薇安·班希,AnoDPS,异常主C,anomaly_dps,异常主C,T1,9,Partner (Promeia),down,,Ether,以太,Anomaly,异常,Mockingbird,S,https://cdn.prydwen.gg/images/zenless-zone-zero/characters/vivian.webp,https://www.prydwen.gg/zenless/tier-list,2026-06-02,2.8.2,式舆防卫 2.8.2,24.07,28646,ok
20260617,2026-07-05T12:48:56,17/June/2026,2026-06-17,sd,式舆防卫,vivian,Vivian Banshee,薇薇安·班希,AnoDPS,异常主C,anomaly_dps,异常主C,T1,9,Partner (Promeia),down,,Ether,以太,Anomaly,异常,Mockingbird,S,https://cdn.prydwen.gg/images/zenless-zone-zero/characters/vivian.webp,https://www.prydwen.gg/zenless/tier-list,2026-06-15,2.8.3,式舆防卫 2.8.3,21.35,30296,ok
20260617,2026-07-05T12:48:56,17/June/2026,2026-06-17,sd,式舆防卫,vivian,Vivian Banshee,薇薇安·班希,AnoDPS,异常主C,anomaly_dps,异常主C,T1,9,Partner (Promeia),down,,Ether,以太,Anomaly,异常,Mockingbird,S,https://cdn.prydwen.gg/images/zenless-zone-zero/characters/vivian.webp,https://www.prydwen.gg/zenless/tier-list,2026-06-21,2.8.3,式舆防卫 2.8.3,19.78,29337,ok
20260617,2026-07-05T12:48:56,17/June/2026,2026-06-17,da,危局强袭,vivian,Vivian Banshee,薇薇安·班希,AnoDPS,异常主C,anomaly_dps,异常主C,T1,9,Partner (Promeia),down,,Ether,以太,Anomaly,异常,Mockingbird,S,https://cdn.prydwen.gg/images/zenless-zone-zero/characters/vivian.webp,https://www.prydwen.gg/zenless/tier-list,2026-02-17,2.6.1,危局强袭 2.6.1,40.41,27652,ok
20260617,2026-07-05T12:48:56,17/June/2026,2026-06-17,da,危局强袭,vivian,Vivian Banshee,薇薇安·班希,AnoDPS,异常主C,anomaly_dps,异常主C,T1,9,Partner (Promeia),down,,Ether,以太,Anomaly,异常,Mockingbird,S,https://cdn.prydwen.gg/images/zenless-zone-zero/characters/vivian.webp,https://www.prydwen.gg/zenless/tier-list,2026-03-10,2.6.2,危局强袭 2.6.2,15.73,21872,ok
20260617,2026-07-05T12:48:56,17/June/2026,2026-06-17,da,危局强袭,vivian,Vivian Banshee,薇薇安·班希,AnoDPS,异常主C,anomaly_dps,异常主C,T1,9,Partner (Promeia),down,,Ether,以太,Anomaly,异常,Mockingbird,S,https://cdn.prydwen.gg/images/zenless-zone-zero/characters/vivian.webp,https://www.prydwen.gg/zenless/tier-list,2026-03-31,2.7.1,危局强袭 2.7.1,29.56,24362,ok
20260617,2026-07-05T12:48:56,17/June/2026,2026-06-17,da,危局强袭,vivian,Vivian Banshee,薇薇安·班希,AnoDPS,异常主C,anomaly_dps,异常主C,T1,9,Partner (Promeia),down,,Ether,以太,Anomaly,异常,Mockingbird,S,https://cdn.prydwen.gg/images/zenless-zone-zero/characters/vivian.webp,https://www.prydwen.gg/zenless/tier-list,2026-04-21,2.7.2,危局强袭 2.7.2,10.6,22099,ok
20260617,2026-07-05T12:48:56,17/June/2026,2026-06-17,da,危局强袭,vivian,Vivian Banshee,薇薇安·班希,AnoDPS,异常主C,anomaly_dps,异常主C,T1,9,Partner (Promeia),down,,Ether,以太,Anomaly,异常,Mockingbird,S,https://cdn.prydwen.gg/images/zenless-zone-zero/characters/vivian.webp,https://www.prydwen.gg/zenless/tier-list,2026-05-11,2.8.1,危局强袭 2.8.1,19.96,25449,ok
20260617,2026-07-05T12:48:56,17/June/2026,2026-06-17,da,危局强袭,vivian,Vivian Banshee,薇薇安·班希,AnoDPS,异常主C,anomaly_dps,异常主C,T1,9,Partner (Promeia),down,,Ether,以太,Anomaly,异常,Mockingbird,S,https://cdn.prydwen.gg/images/zenless-zone-zero/characters/vivian.webp,https://www.prydwen.gg/zenless/tier-list,2026-06-02,2.8.2,危局强袭 2.8.2,40.28,24077,ok
20260617,2026-07-05T12:48:56,17/June/2026,2026-06-17,da,危局强袭,vivian,Vivian Banshee,薇薇安·班希,AnoDPS,异常主C,anomaly_dps,异常主C,T1,9,Partner (Promeia),down,,Ether,以太,Anomaly,异常,Mockingbird,S,https://cdn.prydwen.gg/images/zenless-zone-zero/characters/vivian.webp,https://www.prydwen.gg/zenless/tier-list,2026-06-15,2.8.3,危局强袭 2.8.3,23.11,26801,ok
20260617,2026-07-05T12:48:56,17/June/2026,2026-06-17,da,危局强袭,vivian,Vivian Banshee,薇薇安·班希,AnoDPS,异常主C,anomaly_dps,异常主C,T1,9,Partner (Promeia),down,,Ether,以太,Anomaly,异常,Mockingbird,S,https://cdn.prydwen.gg/images/zenless-zone-zero/characters/vivian.webp,https://www.prydwen.gg/zenless/tier-list,2026-06-21,3.0.1,危局强袭 3.0.1,10.14,23034,ok
20260617,2026-07-05T12:48:56,17/June/2026,2026-06-17,sd,式舆防卫,yanagi,Tsukishiro Yanagi,月城 柳,AnoDPS,异常主C,anomaly_dps,异常主C,T1,9,,,,Electric,电,Anomaly,异常,Section 6,S,https://cdn.prydwen.gg/images/zenless-zone-zero/characters/yanagi.webp,https://www.prydwen.gg/zenless/tier-list,2026-02-17,2.6.1,式舆防卫 2.6.1,24.13,34529,ok
20260617,2026-07-05T12:48:56,17/June/2026,2026-06-17,sd,式舆防卫,yanagi,Tsukishiro Yanagi,月城 柳,AnoDPS,异常主C,anomaly_dps,异常主C,T1,9,,,,Electric,电,Anomaly,异常,Section 6,S,https://cdn.prydwen.gg/images/zenless-zone-zero/characters/yanagi.webp,https://www.prydwen.gg/zenless/tier-list,2026-03-10,2.6.3,式舆防卫 2.6.3,10.48,28241,ok
20260617,2026-07-05T12:48:56,17/June/2026,2026-06-17,sd,式舆防卫,yanagi,Tsukishiro Yanagi,月城 柳,AnoDPS,异常主C,anomaly_dps,异常主C,T1,9,,,,Electric,电,Anomaly,异常,Section 6,S,https://cdn.prydwen.gg/images/zenless-zone-zero/characters/yanagi.webp,https://www.prydwen.gg/zenless/tier-list,2026-03-31,2.6.4,式舆防卫 2.6.4,5.02,26871,ok
20260617,2026-07-05T12:48:56,17/June/2026,2026-06-17,sd,式舆防卫,yanagi,Tsukishiro Yanagi,月城 柳,AnoDPS,异常主C,anomaly_dps,异常主C,T1,9,,,,Electric,电,Anomaly,异常,Section 6,S,https://cdn.prydwen.gg/images/zenless-zone-zero/characters/yanagi.webp,https://www.prydwen.gg/zenless/tier-list,2026-04-21,2.7.2,式舆防卫 2.7.2,7.36,29994,ok
20260617,2026-07-05T12:48:56,17/June/2026,2026-06-17,sd,式舆防卫,yanagi,Tsukishiro Yanagi,月城 柳,AnoDPS,异常主C,anomaly_dps,异常主C,T1,9,,,,Electric,电,Anomaly,异常,Section 6,S,https://cdn.prydwen.gg/images/zenless-zone-zero/characters/yanagi.webp,https://www.prydwen.gg/zenless/tier-list,2026-05-11,2.7.3,式舆防卫 2.7.3,6.59,27798,ok
20260617,2026-07-05T12:48:56,17/June/2026,2026-06-17,sd,式舆防卫,yanagi,Tsukishiro Yanagi,月城 柳,AnoDPS,异常主C,anomaly_dps,异常主C,T1,9,,,,Electric,电,Anomaly,异常,Section 6,S,https://cdn.prydwen.gg/images/zenless-zone-zero/characters/yanagi.webp,https://www.prydwen.gg/zenless/tier-list,2026-06-02,2.8.2,式舆防卫 2.8.2,11.24,25802,ok
20260617,2026-07-05T12:48:56,17/June/2026,2026-06-17,sd,式舆防卫,yanagi,Tsukishiro Yanagi,月城 柳,AnoDPS,异常主C,anomaly_dps,异常主C,T1,9,,,,Electric,电,Anomaly,异常,Section 6,S,https://cdn.prydwen.gg/images/zenless-zone-zero/characters/yanagi.webp,https://www.prydwen.gg/zenless/tier-list,2026-06-15,2.8.3,式舆防卫 2.8.3,5.49,28784,ok
20260617,2026-07-05T12:48:56,17/June/2026,2026-06-17,sd,式舆防卫,yanagi,Tsukishiro Yanagi,月城 柳,AnoDPS,异常主C,anomaly_dps,异常主C,T1,9,,,,Electric,电,Anomaly,异常,Section 6,S,https://cdn.prydwen.gg/images/zenless-zone-zero/characters/yanagi.webp,https://www.prydwen.gg/zenless/tier-list,2026-06-21,2.8.3,式舆防卫 2.8.3,5.9,28460,ok
20260617,2026-07-05T12:48:56,17/June/2026,2026-06-17,da,危局强袭,yanagi,Tsukishiro Yanagi,月城 柳,AnoDPS,异常主C,anomaly_dps,异常主C,T1,9,,,,Electric,电,Anomaly,异常,Section 6,S,https://cdn.prydwen.gg/images/zenless-zone-zero/characters/yanagi.webp,https://www.prydwen.gg/zenless/tier-list,2026-02-17,2.6.1,危局强袭 2.6.1,16.81,25566,ok
20260617,2026-07-05T12:48:56,17/June/2026,2026-06-17,da,危局强袭,yanagi,Tsukishiro Yanagi,月城 柳,AnoDPS,异常主C,anomaly_dps,异常主C,T1,9,,,,Electric,电,Anomaly,异常,Section 6,S,https://cdn.prydwen.gg/images/zenless-zone-zero/characters/yanagi.webp,https://www.prydwen.gg/zenless/tier-list,2026-03-10,2.6.2,危局强袭 2.6.2,4.56,21483,ok
20260617,2026-07-05T12:48:56,17/June/2026,2026-06-17,da,危局强袭,yanagi,Tsukishiro Yanagi,月城 柳,AnoDPS,异常主C,anomaly_dps,异常主C,T1,9,,,,Electric,电,Anomaly,异常,Section 6,S,https://cdn.prydwen.gg/images/zenless-zone-zero/characters/yanagi.webp,https://www.prydwen.gg/zenless/tier-list,2026-03-31,2.7.1,危局强袭 2.7.1,15.48,23257,ok
20260617,2026-07-05T12:48:56,17/June/2026,2026-06-17,da,危局强袭,yanagi,Tsukishiro Yanagi,月城 柳,AnoDPS,异常主C,anomaly_dps,异常主C,T1,9,,,,Electric,电,Anomaly,异常,Section 6,S,https://cdn.prydwen.gg/images/zenless-zone-zero/characters/yanagi.webp,https://www.prydwen.gg/zenless/tier-list,2026-04-21,2.7.2,危局强袭 2.7.2,7.82,23245,ok
20260617,2026-07-05T12:48:56,17/June/2026,2026-06-17,da,危局强袭,yanagi,Tsukishiro Yanagi,月城 柳,AnoDPS,异常主C,anomaly_dps,异常主C,T1,9,,,,Electric,电,Anomaly,异常,Section 6,S,https://cdn.prydwen.gg/images/zenless-zone-zero/characters/yanagi.webp,https://www.prydwen.gg/zenless/tier-list,2026-05-11,2.8.1,危局强袭 2.8.1,2.83,22380,ok
20260617,2026-07-05T12:48:56,17/June/2026,2026-06-17,da,危局强袭,yanagi,Tsukishiro Yanagi,月城 柳,AnoDPS,异常主C,anomaly_dps,异常主C,T1,9,,,,Electric,电,Anomaly,异常,Section 6,S,https://cdn.prydwen.gg/images/zenless-zone-zero/characters/yanagi.webp,https://www.prydwen.gg/zenless/tier-list,2026-06-02,2.8.2,危局强袭 2.8.2,9.08,18016,ok
20260617,2026-07-05T12:48:56,17/June/2026,2026-06-17,da,危局强袭,yanagi,Tsukishiro Yanagi,月城 柳,AnoDPS,异常主C,anomaly_dps,异常主C,T1,9,,,,Electric,电,Anomaly,异常,Section 6,S,https://cdn.prydwen.gg/images/zenless-zone-zero/characters/yanagi.webp,https://www.prydwen.gg/zenless/tier-list,2026-06-15,2.8.3,危局强袭 2.8.3,2.02,22850,ok
20260617,2026-07-05T12:48:56,17/June/2026,2026-06-17,da,危局强袭,yanagi,Tsukishiro Yanagi,月城 柳,AnoDPS,异常主C,anomaly_dps,异常主C,T1,9,,,,Electric,电,Anomaly,异常,Section 6,S,https://cdn.prydwen.gg/images/zenless-zone-zero/characters/yanagi.webp,https://www.prydwen.gg/zenless/tier-list,2026-06-21,3.0.1,危局强袭 3.0.1,2.78,23061,ok
20260617,2026-07-05T12:48:56,17/June/2026,2026-06-17,sd,式舆防卫,ye-shunguang,Ye Shunguang,叶瞬光,CritDPS,直伤主C,crit_dps,直伤主C,T0,11,,,,Physical,物理,Attack,强攻,Yunkui Summit,S,https://cdn.prydwen.gg/images/zenless-zone-zero/characters/ye-shunguang.webp,https://www.prydwen.gg/zenless/tier-list,2026-02-17,2.6.1,式舆防卫 2.6.1,78.98,35037,ok
20260617,2026-07-05T12:48:56,17/June/2026,2026-06-17,sd,式舆防卫,ye-shunguang,Ye Shunguang,叶瞬光,CritDPS,直伤主C,crit_dps,直伤主C,T0,11,,,,Physical,物理,Attack,强攻,Yunkui Summit,S,https://cdn.prydwen.gg/images/zenless-zone-zero/characters/ye-shunguang.webp,https://www.prydwen.gg/zenless/tier-list,2026-03-10,2.6.3,式舆防卫 2.6.3,76.39,37152,ok
20260617,2026-07-05T12:48:56,17/June/2026,2026-06-17,sd,式舆防卫,ye-shunguang,Ye Shunguang,叶瞬光,CritDPS,直伤主C,crit_dps,直伤主C,T0,11,,,,Physical,物理,Attack,强攻,Yunkui Summit,S,https://cdn.prydwen.gg/images/zenless-zone-zero/characters/ye-shunguang.webp,https://www.prydwen.gg/zenless/tier-list,2026-03-31,2.6.4,式舆防卫 2.6.4,80.78,35481,ok
20260617,2026-07-05T12:48:56,17/June/2026,2026-06-17,sd,式舆防卫,ye-shunguang,Ye Shunguang,叶瞬光,CritDPS,直伤主C,crit_dps,直伤主C,T0,11,,,,Physical,物理,Attack,强攻,Yunkui Summit,S,https://cdn.prydwen.gg/images/zenless-zone-zero/characters/ye-shunguang.webp,https://www.prydwen.gg/zenless/tier-list,2026-04-21,2.7.2,式舆防卫 2.7.2,64.51,34707,ok
20260617,2026-07-05T12:48:56,17/June/2026,2026-06-17,sd,式舆防卫,ye-shunguang,Ye Shunguang,叶瞬光,CritDPS,直伤主C,crit_dps,直伤主C,T0,11,,,,Physical,物理,Attack,强攻,Yunkui Summit,S,https://cdn.prydwen.gg/images/zenless-zone-zero/characters/ye-shunguang.webp,https://www.prydwen.gg/zenless/tier-list,2026-05-11,2.7.3,式舆防卫 2.7.3,72.28,33671,ok
20260617,2026-07-05T12:48:56,17/June/2026,2026-06-17,sd,式舆防卫,ye-shunguang,Ye Shunguang,叶瞬光,CritDPS,直伤主C,crit_dps,直伤主C,T0,11,,,,Physical,物理,Attack,强攻,Yunkui Summit,S,https://cdn.prydwen.gg/images/zenless-zone-zero/characters/ye-shunguang.webp,https://www.prydwen.gg/zenless/tier-list,2026-06-02,2.8.2,式舆防卫 2.8.2,76.48,33488,ok
20260617,2026-07-05T12:48:56,17/June/2026,2026-06-17,sd,式舆防卫,ye-shunguang,Ye Shunguang,叶瞬光,CritDPS,直伤主C,crit_dps,直伤主C,T0,11,,,,Physical,物理,Attack,强攻,Yunkui Summit,S,https://cdn.prydwen.gg/images/zenless-zone-zero/characters/ye-shunguang.webp,https://www.prydwen.gg/zenless/tier-list,2026-06-15,2.8.3,式舆防卫 2.8.3,78.0,35729,ok
20260617,2026-07-05T12:48:56,17/June/2026,2026-06-17,sd,式舆防卫,ye-shunguang,Ye Shunguang,叶瞬光,CritDPS,直伤主C,crit_dps,直伤主C,T0,11,,,,Physical,物理,Attack,强攻,Yunkui Summit,S,https://cdn.prydwen.gg/images/zenless-zone-zero/characters/ye-shunguang.webp,https://www.prydwen.gg/zenless/tier-list,2026-06-21,2.8.3,式舆防卫 2.8.3,78.29,35199,ok
20260617,2026-07-05T12:48:56,17/June/2026,2026-06-17,da,危局强袭,ye-shunguang,Ye Shunguang,叶瞬光,CritDPS,直伤主C,crit_dps,直伤主C,T0,11,,,,Physical,物理,Attack,强攻,Yunkui Summit,S,https://cdn.prydwen.gg/images/zenless-zone-zero/characters/ye-shunguang.webp,https://www.prydwen.gg/zenless/tier-list,2026-02-17,2.6.1,危局强袭 2.6.1,76.43,31651,ok
20260617,2026-07-05T12:48:56,17/June/2026,2026-06-17,da,危局强袭,ye-shunguang,Ye Shunguang,叶瞬光,CritDPS,直伤主C,crit_dps,直伤主C,T0,11,,,,Physical,物理,Attack,强攻,Yunkui Summit,S,https://cdn.prydwen.gg/images/zenless-zone-zero/characters/ye-shunguang.webp,https://www.prydwen.gg/zenless/tier-list,2026-03-10,2.6.2,危局强袭 2.6.2,69.79,30884,ok
20260617,2026-07-05T12:48:56,17/June/2026,2026-06-17,da,危局强袭,ye-shunguang,Ye Shunguang,叶瞬光,CritDPS,直伤主C,crit_dps,直伤主C,T0,11,,,,Physical,物理,Attack,强攻,Yunkui Summit,S,https://cdn.prydwen.gg/images/zenless-zone-zero/characters/ye-shunguang.webp,https://www.prydwen.gg/zenless/tier-list,2026-03-31,2.7.1,危局强袭 2.7.1,33.79,26369,ok
20260617,2026-07-05T12:48:56,17/June/2026,2026-06-17,da,危局强袭,ye-shunguang,Ye Shunguang,叶瞬光,CritDPS,直伤主C,crit_dps,直伤主C,T0,11,,,,Physical,物理,Attack,强攻,Yunkui Summit,S,https://cdn.prydwen.gg/images/zenless-zone-zero/characters/ye-shunguang.webp,https://www.prydwen.gg/zenless/tier-list,2026-04-21,2.7.2,危局强袭 2.7.2,74.92,30344,ok
20260617,2026-07-05T12:48:56,17/June/2026,2026-06-17,da,危局强袭,ye-shunguang,Ye Shunguang,叶瞬光,CritDPS,直伤主C,crit_dps,直伤主C,T0,11,,,,Physical,物理,Attack,强攻,Yunkui Summit,S,https://cdn.prydwen.gg/images/zenless-zone-zero/characters/ye-shunguang.webp,https://www.prydwen.gg/zenless/tier-list,2026-05-11,2.8.1,危局强袭 2.8.1,55.74,29898,ok
20260617,2026-07-05T12:48:56,17/June/2026,2026-06-17,da,危局强袭,ye-shunguang,Ye Shunguang,叶瞬光,CritDPS,直伤主C,crit_dps,直伤主C,T0,11,,,,Physical,物理,Attack,强攻,Yunkui Summit,S,https://cdn.prydwen.gg/images/zenless-zone-zero/characters/ye-shunguang.webp,https://www.prydwen.gg/zenless/tier-list,2026-06-02,2.8.2,危局强袭 2.8.2,67.42,24259,ok
20260617,2026-07-05T12:48:56,17/June/2026,2026-06-17,da,危局强袭,ye-shunguang,Ye Shunguang,叶瞬光,CritDPS,直伤主C,crit_dps,直伤主C,T0,11,,,,Physical,物理,Attack,强攻,Yunkui Summit,S,https://cdn.prydwen.gg/images/zenless-zone-zero/characters/ye-shunguang.webp,https://www.prydwen.gg/zenless/tier-list,2026-06-15,2.8.3,危局强袭 2.8.3,72.83,30823,ok
20260617,2026-07-05T12:48:56,17/June/2026,2026-06-17,da,危局强袭,ye-shunguang,Ye Shunguang,叶瞬光,CritDPS,直伤主C,crit_dps,直伤主C,T0,11,,,,Physical,物理,Attack,强攻,Yunkui Summit,S,https://cdn.prydwen.gg/images/zenless-zone-zero/characters/ye-shunguang.webp,https://www.prydwen.gg/zenless/tier-list,2026-06-21,3.0.1,危局强袭 3.0.1,62.83,29714,ok
20260617,2026-07-05T12:48:56,17/June/2026,2026-06-17,sd,式舆防卫,yidhari,Yidhari,伊德海莉·墨菲,CritDPS,直伤主C,crit_dps,直伤主C,T0.5,10,,,,Ice,冰,Rupture,命破,Spook Shack,S,https://cdn.prydwen.gg/images/zenless-zone-zero/characters/yidhari.webp,https://www.prydwen.gg/zenless/tier-list,2026-02-17,2.6.1,式舆防卫 2.6.1,0.8,31260,ok
20260617,2026-07-05T12:48:56,17/June/2026,2026-06-17,sd,式舆防卫,yidhari,Yidhari,伊德海莉·墨菲,CritDPS,直伤主C,crit_dps,直伤主C,T0.5,10,,,,Ice,冰,Rupture,命破,Spook Shack,S,https://cdn.prydwen.gg/images/zenless-zone-zero/characters/yidhari.webp,https://www.prydwen.gg/zenless/tier-list,2026-03-10,2.6.3,式舆防卫 2.6.3,0.83,27989,ok
20260617,2026-07-05T12:48:56,17/June/2026,2026-06-17,sd,式舆防卫,yidhari,Yidhari,伊德海莉·墨菲,CritDPS,直伤主C,crit_dps,直伤主C,T0.5,10,,,,Ice,冰,Rupture,命破,Spook Shack,S,https://cdn.prydwen.gg/images/zenless-zone-zero/characters/yidhari.webp,https://www.prydwen.gg/zenless/tier-list,2026-03-31,2.6.4,式舆防卫 2.6.4,8.67,30949,ok
20260617,2026-07-05T12:48:56,17/June/2026,2026-06-17,sd,式舆防卫,yidhari,Yidhari,伊德海莉·墨菲,CritDPS,直伤主C,crit_dps,直伤主C,T0.5,10,,,,Ice,冰,Rupture,命破,Spook Shack,S,https://cdn.prydwen.gg/images/zenless-zone-zero/characters/yidhari.webp,https://www.prydwen.gg/zenless/tier-list,2026-04-21,2.7.2,式舆防卫 2.7.2,8.14,30636,ok
20260617,2026-07-05T12:48:56,17/June/2026,2026-06-17,sd,式舆防卫,yidhari,Yidhari,伊德海莉·墨菲,CritDPS,直伤主C,crit_dps,直伤主C,T0.5,10,,,,Ice,冰,Rupture,命破,Spook Shack,S,https://cdn.prydwen.gg/images/zenless-zone-zero/characters/yidhari.webp,https://www.prydwen.gg/zenless/tier-list,2026-05-11,2.7.3,式舆防卫 2.7.3,0.77,27848,ok
20260617,2026-07-05T12:48:56,17/June/2026,2026-06-17,sd,式舆防卫,yidhari,Yidhari,伊德海莉·墨菲,CritDPS,直伤主C,crit_dps,直伤主C,T0.5,10,,,,Ice,冰,Rupture,命破,Spook Shack,S,https://cdn.prydwen.gg/images/zenless-zone-zero/characters/yidhari.webp,https://www.prydwen.gg/zenless/tier-list,2026-06-02,2.8.2,式舆防卫 2.8.2,3.06,26145,ok
20260617,2026-07-05T12:48:56,17/June/2026,2026-06-17,sd,式舆防卫,yidhari,Yidhari,伊德海莉·墨菲,CritDPS,直伤主C,crit_dps,直伤主C,T0.5,10,,,,Ice,冰,Rupture,命破,Spook Shack,S,https://cdn.prydwen.gg/images/zenless-zone-zero/characters/yidhari.webp,https://www.prydwen.gg/zenless/tier-list,2026-06-15,2.8.3,式舆防卫 2.8.3,1.75,28168,ok
20260617,2026-07-05T12:48:56,17/June/2026,2026-06-17,sd,式舆防卫,yidhari,Yidhari,伊德海莉·墨菲,CritDPS,直伤主C,crit_dps,直伤主C,T0.5,10,,,,Ice,冰,Rupture,命破,Spook Shack,S,https://cdn.prydwen.gg/images/zenless-zone-zero/characters/yidhari.webp,https://www.prydwen.gg/zenless/tier-list,2026-06-21,2.8.3,式舆防卫 2.8.3,1.78,27750,ok
20260617,2026-07-05T12:48:56,17/June/2026,2026-06-17,da,危局强袭,yidhari,Yidhari,伊德海莉·墨菲,CritDPS,直伤主C,crit_dps,直伤主C,T0.5,10,,,,Ice,冰,Rupture,命破,Spook Shack,S,https://cdn.prydwen.gg/images/zenless-zone-zero/characters/yidhari.webp,https://www.prydwen.gg/zenless/tier-list,2026-02-17,2.6.1,危局强袭 2.6.1,0.42,22887,ok
20260617,2026-07-05T12:48:56,17/June/2026,2026-06-17,da,危局强袭,yidhari,Yidhari,伊德海莉·墨菲,CritDPS,直伤主C,crit_dps,直伤主C,T0.5,10,,,,Ice,冰,Rupture,命破,Spook Shack,S,https://cdn.prydwen.gg/images/zenless-zone-zero/characters/yidhari.webp,https://www.prydwen.gg/zenless/tier-list,2026-03-10,2.6.2,危局强袭 2.6.2,11.36,29345,ok
20260617,2026-07-05T12:48:56,17/June/2026,2026-06-17,da,危局强袭,yidhari,Yidhari,伊德海莉·墨菲,CritDPS,直伤主C,crit_dps,直伤主C,T0.5,10,,,,Ice,冰,Rupture,命破,Spook Shack,S,https://cdn.prydwen.gg/images/zenless-zone-zero/characters/yidhari.webp,https://www.prydwen.gg/zenless/tier-list,2026-03-31,2.7.1,危局强袭 2.7.1,2.64,26880,ok
20260617,2026-07-05T12:48:56,17/June/2026,2026-06-17,da,危局强袭,yidhari,Yidhari,伊德海莉·墨菲,CritDPS,直伤主C,crit_dps,直伤主C,T0.5,10,,,,Ice,冰,Rupture,命破,Spook Shack,S,https://cdn.prydwen.gg/images/zenless-zone-zero/characters/yidhari.webp,https://www.prydwen.gg/zenless/tier-list,2026-04-21,2.7.2,危局强袭 2.7.2,3.43,25654,ok
20260617,2026-07-05T12:48:56,17/June/2026,2026-06-17,da,危局强袭,yidhari,Yidhari,伊德海莉·墨菲,CritDPS,直伤主C,crit_dps,直伤主C,T0.5,10,,,,Ice,冰,Rupture,命破,Spook Shack,S,https://cdn.prydwen.gg/images/zenless-zone-zero/characters/yidhari.webp,https://www.prydwen.gg/zenless/tier-list,2026-05-11,2.8.1,危局强袭 2.8.1,9.24,26594,ok
20260617,2026-07-05T12:48:56,17/June/2026,2026-06-17,da,危局强袭,yidhari,Yidhari,伊德海莉·墨菲,CritDPS,直伤主C,crit_dps,直伤主C,T0.5,10,,,,Ice,冰,Rupture,命破,Spook Shack,S,https://cdn.prydwen.gg/images/zenless-zone-zero/characters/yidhari.webp,https://www.prydwen.gg/zenless/tier-list,2026-06-02,2.8.2,危局强袭 2.8.2,5.71,26013,ok
20260617,2026-07-05T12:48:56,17/June/2026,2026-06-17,da,危局强袭,yidhari,Yidhari,伊德海莉·墨菲,CritDPS,直伤主C,crit_dps,直伤主C,T0.5,10,,,,Ice,冰,Rupture,命破,Spook Shack,S,https://cdn.prydwen.gg/images/zenless-zone-zero/characters/yidhari.webp,https://www.prydwen.gg/zenless/tier-list,2026-06-15,2.8.3,危局强袭 2.8.3,5.46,28771,ok
20260617,2026-07-05T12:48:56,17/June/2026,2026-06-17,da,危局强袭,yidhari,Yidhari,伊德海莉·墨菲,CritDPS,直伤主C,crit_dps,直伤主C,T0.5,10,,,,Ice,冰,Rupture,命破,Spook Shack,S,https://cdn.prydwen.gg/images/zenless-zone-zero/characters/yidhari.webp,https://www.prydwen.gg/zenless/tier-list,2026-06-21,3.0.1,危局强袭 3.0.1,4.3,30105,ok
20260617,2026-07-05T12:48:56,17/June/2026,2026-06-17,sd,式舆防卫,yixuan,Yixuan,仪玄,CritDPS,直伤主C,crit_dps,直伤主C,T0.5,10,,down,,Ether,以太,Rupture,命破,Yunkui Summit,S,https://cdn.prydwen.gg/images/zenless-zone-zero/characters/yixuan.webp,https://www.prydwen.gg/zenless/tier-list,2026-02-17,2.6.1,式舆防卫 2.6.1,58.29,31632,ok
20260617,2026-07-05T12:48:56,17/June/2026,2026-06-17,sd,式舆防卫,yixuan,Yixuan,仪玄,CritDPS,直伤主C,crit_dps,直伤主C,T0.5,10,,down,,Ether,以太,Rupture,命破,Yunkui Summit,S,https://cdn.prydwen.gg/images/zenless-zone-zero/characters/yixuan.webp,https://www.prydwen.gg/zenless/tier-list,2026-03-10,2.6.3,式舆防卫 2.6.3,59.87,32357,ok
20260617,2026-07-05T12:48:56,17/June/2026,2026-06-17,sd,式舆防卫,yixuan,Yixuan,仪玄,CritDPS,直伤主C,crit_dps,直伤主C,T0.5,10,,down,,Ether,以太,Rupture,命破,Yunkui Summit,S,https://cdn.prydwen.gg/images/zenless-zone-zero/characters/yixuan.webp,https://www.prydwen.gg/zenless/tier-list,2026-03-31,2.6.4,式舆防卫 2.6.4,59.39,31364,ok
20260617,2026-07-05T12:48:56,17/June/2026,2026-06-17,sd,式舆防卫,yixuan,Yixuan,仪玄,CritDPS,直伤主C,crit_dps,直伤主C,T0.5,10,,down,,Ether,以太,Rupture,命破,Yunkui Summit,S,https://cdn.prydwen.gg/images/zenless-zone-zero/characters/yixuan.webp,https://www.prydwen.gg/zenless/tier-list,2026-04-21,2.7.2,式舆防卫 2.7.2,59.64,31506,ok
20260617,2026-07-05T12:48:56,17/June/2026,2026-06-17,sd,式舆防卫,yixuan,Yixuan,仪玄,CritDPS,直伤主C,crit_dps,直伤主C,T0.5,10,,down,,Ether,以太,Rupture,命破,Yunkui Summit,S,https://cdn.prydwen.gg/images/zenless-zone-zero/characters/yixuan.webp,https://www.prydwen.gg/zenless/tier-list,2026-05-11,2.7.3,式舆防卫 2.7.3,44.07,29824,ok
20260617,2026-07-05T12:48:56,17/June/2026,2026-06-17,sd,式舆防卫,yixuan,Yixuan,仪玄,CritDPS,直伤主C,crit_dps,直伤主C,T0.5,10,,down,,Ether,以太,Rupture,命破,Yunkui Summit,S,https://cdn.prydwen.gg/images/zenless-zone-zero/characters/yixuan.webp,https://www.prydwen.gg/zenless/tier-list,2026-06-02,2.8.2,式舆防卫 2.8.2,21.85,26227,ok
20260617,2026-07-05T12:48:56,17/June/2026,2026-06-17,sd,式舆防卫,yixuan,Yixuan,仪玄,CritDPS,直伤主C,crit_dps,直伤主C,T0.5,10,,down,,Ether,以太,Rupture,命破,Yunkui Summit,S,https://cdn.prydwen.gg/images/zenless-zone-zero/characters/yixuan.webp,https://www.prydwen.gg/zenless/tier-list,2026-06-15,2.8.3,式舆防卫 2.8.3,39.15,29291,ok
20260617,2026-07-05T12:48:56,17/June/2026,2026-06-17,sd,式舆防卫,yixuan,Yixuan,仪玄,CritDPS,直伤主C,crit_dps,直伤主C,T0.5,10,,down,,Ether,以太,Rupture,命破,Yunkui Summit,S,https://cdn.prydwen.gg/images/zenless-zone-zero/characters/yixuan.webp,https://www.prydwen.gg/zenless/tier-list,2026-06-21,2.8.3,式舆防卫 2.8.3,38.03,29044,ok
20260617,2026-07-05T12:48:56,17/June/2026,2026-06-17,da,危局强袭,yixuan,Yixuan,仪玄,CritDPS,直伤主C,crit_dps,直伤主C,T0.5,10,,down,,Ether,以太,Rupture,命破,Yunkui Summit,S,https://cdn.prydwen.gg/images/zenless-zone-zero/characters/yixuan.webp,https://www.prydwen.gg/zenless/tier-list,2026-02-17,2.6.1,危局强袭 2.6.1,70.78,32019,ok
20260617,2026-07-05T12:48:56,17/June/2026,2026-06-17,da,危局强袭,yixuan,Yixuan,仪玄,CritDPS,直伤主C,crit_dps,直伤主C,T0.5,10,,down,,Ether,以太,Rupture,命破,Yunkui Summit,S,https://cdn.prydwen.gg/images/zenless-zone-zero/characters/yixuan.webp,https://www.prydwen.gg/zenless/tier-list,2026-03-10,2.6.2,危局强袭 2.6.2,53.41,28330,ok
20260617,2026-07-05T12:48:56,17/June/2026,2026-06-17,da,危局强袭,yixuan,Yixuan,仪玄,CritDPS,直伤主C,crit_dps,直伤主C,T0.5,10,,down,,Ether,以太,Rupture,命破,Yunkui Summit,S,https://cdn.prydwen.gg/images/zenless-zone-zero/characters/yixuan.webp,https://www.prydwen.gg/zenless/tier-list,2026-03-31,2.7.1,危局强袭 2.7.1,68.98,31426,ok
20260617,2026-07-05T12:48:56,17/June/2026,2026-06-17,da,危局强袭,yixuan,Yixuan,仪玄,CritDPS,直伤主C,crit_dps,直伤主C,T0.5,10,,down,,Ether,以太,Rupture,命破,Yunkui Summit,S,https://cdn.prydwen.gg/images/zenless-zone-zero/characters/yixuan.webp,https://www.prydwen.gg/zenless/tier-list,2026-04-21,2.7.2,危局强袭 2.7.2,35.51,25330,ok
20260617,2026-07-05T12:48:56,17/June/2026,2026-06-17,da,危局强袭,yixuan,Yixuan,仪玄,CritDPS,直伤主C,crit_dps,直伤主C,T0.5,10,,down,,Ether,以太,Rupture,命破,Yunkui Summit,S,https://cdn.prydwen.gg/images/zenless-zone-zero/characters/yixuan.webp,https://www.prydwen.gg/zenless/tier-list,2026-05-11,2.8.1,危局强袭 2.8.1,58.14,28002,ok
20260617,2026-07-05T12:48:56,17/June/2026,2026-06-17,da,危局强袭,yixuan,Yixuan,仪玄,CritDPS,直伤主C,crit_dps,直伤主C,T0.5,10,,down,,Ether,以太,Rupture,命破,Yunkui Summit,S,https://cdn.prydwen.gg/images/zenless-zone-zero/characters/yixuan.webp,https://www.prydwen.gg/zenless/tier-list,2026-06-02,2.8.2,危局强袭 2.8.2,40.23,20796,ok
20260617,2026-07-05T12:48:56,17/June/2026,2026-06-17,da,危局强袭,yixuan,Yixuan,仪玄,CritDPS,直伤主C,crit_dps,直伤主C,T0.5,10,,down,,Ether,以太,Rupture,命破,Yunkui Summit,S,https://cdn.prydwen.gg/images/zenless-zone-zero/characters/yixuan.webp,https://www.prydwen.gg/zenless/tier-list,2026-06-15,2.8.3,危局强袭 2.8.3,30.3,25341,ok
20260617,2026-07-05T12:48:56,17/June/2026,2026-06-17,da,危局强袭,yixuan,Yixuan,仪玄,CritDPS,直伤主C,crit_dps,直伤主C,T0.5,10,,down,,Ether,以太,Rupture,命破,Yunkui Summit,S,https://cdn.prydwen.gg/images/zenless-zone-zero/characters/yixuan.webp,https://www.prydwen.gg/zenless/tier-list,2026-06-21,3.0.1,危局强袭 3.0.1,44.31,31995,ok
20260617,2026-07-05T12:48:56,17/June/2026,2026-06-17,sd,式舆防卫,ukinami-yuzuha,Ukinami Yuzuha,浮波柚叶,Support,辅助,support,辅助,T0,11,,,,Physical,物理,Support,支援,Spook Shack,S,https://cdn.prydwen.gg/images/zenless-zone-zero/characters/ukinami-yuzuha.webp,https://www.prydwen.gg/zenless/tier-list,2026-02-17,2.6.1,式舆防卫 2.6.1,41.02,33189,ok
20260617,2026-07-05T12:48:56,17/June/2026,2026-06-17,sd,式舆防卫,ukinami-yuzuha,Ukinami Yuzuha,浮波柚叶,Support,辅助,support,辅助,T0,11,,,,Physical,物理,Support,支援,Spook Shack,S,https://cdn.prydwen.gg/images/zenless-zone-zero/characters/ukinami-yuzuha.webp,https://www.prydwen.gg/zenless/tier-list,2026-03-10,2.6.3,式舆防卫 2.6.3,57.9,31786,ok
20260617,2026-07-05T12:48:56,17/June/2026,2026-06-17,sd,式舆防卫,ukinami-yuzuha,Ukinami Yuzuha,浮波柚叶,Support,辅助,support,辅助,T0,11,,,,Physical,物理,Support,支援,Spook Shack,S,https://cdn.prydwen.gg/images/zenless-zone-zero/characters/ukinami-yuzuha.webp,https://www.prydwen.gg/zenless/tier-list,2026-03-31,2.6.4,式舆防卫 2.6.4,63.9,29652,ok
20260617,2026-07-05T12:48:56,17/June/2026,2026-06-17,sd,式舆防卫,ukinami-yuzuha,Ukinami Yuzuha,浮波柚叶,Support,辅助,support,辅助,T0,11,,,,Physical,物理,Support,支援,Spook Shack,S,https://cdn.prydwen.gg/images/zenless-zone-zero/characters/ukinami-yuzuha.webp,https://www.prydwen.gg/zenless/tier-list,2026-04-21,2.7.2,式舆防卫 2.7.2,51.62,29667,ok
20260617,2026-07-05T12:48:56,17/June/2026,2026-06-17,sd,式舆防卫,ukinami-yuzuha,Ukinami Yuzuha,浮波柚叶,Support,辅助,support,辅助,T0,11,,,,Physical,物理,Support,支援,Spook Shack,S,https://cdn.prydwen.gg/images/zenless-zone-zero/characters/ukinami-yuzuha.webp,https://www.prydwen.gg/zenless/tier-list,2026-05-11,2.7.3,式舆防卫 2.7.3,55.89,33950,ok
20260617,2026-07-05T12:48:56,17/June/2026,2026-06-17,sd,式舆防卫,ukinami-yuzuha,Ukinami Yuzuha,浮波柚叶,Support,辅助,support,辅助,T0,11,,,,Physical,物理,Support,支援,Spook Shack,S,https://cdn.prydwen.gg/images/zenless-zone-zero/characters/ukinami-yuzuha.webp,https://www.prydwen.gg/zenless/tier-list,2026-06-02,2.8.2,式舆防卫 2.8.2,75.4,30263,ok
20260617,2026-07-05T12:48:56,17/June/2026,2026-06-17,sd,式舆防卫,ukinami-yuzuha,Ukinami Yuzuha,浮波柚叶,Support,辅助,support,辅助,T0,11,,,,Physical,物理,Support,支援,Spook Shack,S,https://cdn.prydwen.gg/images/zenless-zone-zero/characters/ukinami-yuzuha.webp,https://www.prydwen.gg/zenless/tier-list,2026-06-15,2.8.3,式舆防卫 2.8.3,73.77,32604,ok
20260617,2026-07-05T12:48:56,17/June/2026,2026-06-17,sd,式舆防卫,ukinami-yuzuha,Ukinami Yuzuha,浮波柚叶,Support,辅助,support,辅助,T0,11,,,,Physical,物理,Support,支援,Spook Shack,S,https://cdn.prydwen.gg/images/zenless-zone-zero/characters/ukinami-yuzuha.webp,https://www.prydwen.gg/zenless/tier-list,2026-06-21,2.8.3,式舆防卫 2.8.3,73.48,32517,ok
20260617,2026-07-05T12:48:56,17/June/2026,2026-06-17,da,危局强袭,ukinami-yuzuha,Ukinami Yuzuha,浮波柚叶,Support,辅助,support,辅助,T0,11,,,,Physical,物理,Support,支援,Spook Shack,S,https://cdn.prydwen.gg/images/zenless-zone-zero/characters/ukinami-yuzuha.webp,https://www.prydwen.gg/zenless/tier-list,2026-02-17,2.6.1,危局强袭 2.6.1,64.2,28060,ok
20260617,2026-07-05T12:48:56,17/June/2026,2026-06-17,da,危局强袭,ukinami-yuzuha,Ukinami Yuzuha,浮波柚叶,Support,辅助,support,辅助,T0,11,,,,Physical,物理,Support,支援,Spook Shack,S,https://cdn.prydwen.gg/images/zenless-zone-zero/characters/ukinami-yuzuha.webp,https://www.prydwen.gg/zenless/tier-list,2026-03-10,2.6.2,危局强袭 2.6.2,38.07,27030,ok
20260617,2026-07-05T12:48:56,17/June/2026,2026-06-17,da,危局强袭,ukinami-yuzuha,Ukinami Yuzuha,浮波柚叶,Support,辅助,support,辅助,T0,11,,,,Physical,物理,Support,支援,Spook Shack,S,https://cdn.prydwen.gg/images/zenless-zone-zero/characters/ukinami-yuzuha.webp,https://www.prydwen.gg/zenless/tier-list,2026-03-31,2.7.1,危局强袭 2.7.1,61.76,25892,ok
20260617,2026-07-05T12:48:56,17/June/2026,2026-06-17,da,危局强袭,ukinami-yuzuha,Ukinami Yuzuha,浮波柚叶,Support,辅助,support,辅助,T0,11,,,,Physical,物理,Support,支援,Spook Shack,S,https://cdn.prydwen.gg/images/zenless-zone-zero/characters/ukinami-yuzuha.webp,https://www.prydwen.gg/zenless/tier-list,2026-04-21,2.7.2,危局强袭 2.7.2,38.41,25699,ok
20260617,2026-07-05T12:48:56,17/June/2026,2026-06-17,da,危局强袭,ukinami-yuzuha,Ukinami Yuzuha,浮波柚叶,Support,辅助,support,辅助,T0,11,,,,Physical,物理,Support,支援,Spook Shack,S,https://cdn.prydwen.gg/images/zenless-zone-zero/characters/ukinami-yuzuha.webp,https://www.prydwen.gg/zenless/tier-list,2026-05-11,2.8.1,危局强袭 2.8.1,63.98,27308,ok
20260617,2026-07-05T12:48:56,17/June/2026,2026-06-17,da,危局强袭,ukinami-yuzuha,Ukinami Yuzuha,浮波柚叶,Support,辅助,support,辅助,T0,11,,,,Physical,物理,Support,支援,Spook Shack,S,https://cdn.prydwen.gg/images/zenless-zone-zero/characters/ukinami-yuzuha.webp,https://www.prydwen.gg/zenless/tier-list,2026-06-02,2.8.2,危局强袭 2.8.2,75.02,25418,ok
20260617,2026-07-05T12:48:56,17/June/2026,2026-06-17,da,危局强袭,ukinami-yuzuha,Ukinami Yuzuha,浮波柚叶,Support,辅助,support,辅助,T0,11,,,,Physical,物理,Support,支援,Spook Shack,S,https://cdn.prydwen.gg/images/zenless-zone-zero/characters/ukinami-yuzuha.webp,https://www.prydwen.gg/zenless/tier-list,2026-06-15,2.8.3,危局强袭 2.8.3,65.19,29732,ok
20260617,2026-07-05T12:48:56,17/June/2026,2026-06-17,da,危局强袭,ukinami-yuzuha,Ukinami Yuzuha,浮波柚叶,Support,辅助,support,辅助,T0,11,,,,Physical,物理,Support,支援,Spook Shack,S,https://cdn.prydwen.gg/images/zenless-zone-zero/characters/ukinami-yuzuha.webp,https://www.prydwen.gg/zenless/tier-list,2026-06-21,3.0.1,危局强袭 3.0.1,67.55,29367,ok
20260617,2026-07-05T12:48:56,17/June/2026,2026-06-17,sd,式舆防卫,zhao,Zhao,照,Support,辅助,support,辅助,T0.5,10,Watchlist [DOWN],watch,,Ice,冰,Defence,防护,Krampus Compliance Authority,S,https://cdn.prydwen.gg/images/zenless-zone-zero/characters/zhao.webp,https://www.prydwen.gg/zenless/tier-list,2026-02-17,2.6.1,式舆防卫 2.6.1,74.04,34769,ok
20260617,2026-07-05T12:48:56,17/June/2026,2026-06-17,sd,式舆防卫,zhao,Zhao,照,Support,辅助,support,辅助,T0.5,10,Watchlist [DOWN],watch,,Ice,冰,Defence,防护,Krampus Compliance Authority,S,https://cdn.prydwen.gg/images/zenless-zone-zero/characters/zhao.webp,https://www.prydwen.gg/zenless/tier-list,2026-03-10,2.6.3,式舆防卫 2.6.3,72.27,36800,ok
20260617,2026-07-05T12:48:56,17/June/2026,2026-06-17,sd,式舆防卫,zhao,Zhao,照,Support,辅助,support,辅助,T0.5,10,Watchlist [DOWN],watch,,Ice,冰,Defence,防护,Krampus Compliance Authority,S,https://cdn.prydwen.gg/images/zenless-zone-zero/characters/zhao.webp,https://www.prydwen.gg/zenless/tier-list,2026-03-31,2.6.4,式舆防卫 2.6.4,75.54,35255,ok
20260617,2026-07-05T12:48:56,17/June/2026,2026-06-17,sd,式舆防卫,zhao,Zhao,照,Support,辅助,support,辅助,T0.5,10,Watchlist [DOWN],watch,,Ice,冰,Defence,防护,Krampus Compliance Authority,S,https://cdn.prydwen.gg/images/zenless-zone-zero/characters/zhao.webp,https://www.prydwen.gg/zenless/tier-list,2026-04-21,2.7.2,式舆防卫 2.7.2,60.86,34505,ok
20260617,2026-07-05T12:48:56,17/June/2026,2026-06-17,sd,式舆防卫,zhao,Zhao,照,Support,辅助,support,辅助,T0.5,10,Watchlist [DOWN],watch,,Ice,冰,Defence,防护,Krampus Compliance Authority,S,https://cdn.prydwen.gg/images/zenless-zone-zero/characters/zhao.webp,https://www.prydwen.gg/zenless/tier-list,2026-05-11,2.7.3,式舆防卫 2.7.3,65.84,33425,ok
20260617,2026-07-05T12:48:56,17/June/2026,2026-06-17,sd,式舆防卫,zhao,Zhao,照,Support,辅助,support,辅助,T0.5,10,Watchlist [DOWN],watch,,Ice,冰,Defence,防护,Krampus Compliance Authority,S,https://cdn.prydwen.gg/images/zenless-zone-zero/characters/zhao.webp,https://www.prydwen.gg/zenless/tier-list,2026-06-02,2.8.2,式舆防卫 2.8.2,66.7,33046,ok
20260617,2026-07-05T12:48:56,17/June/2026,2026-06-17,sd,式舆防卫,zhao,Zhao,照,Support,辅助,support,辅助,T0.5,10,Watchlist [DOWN],watch,,Ice,冰,Defence,防护,Krampus Compliance Authority,S,https://cdn.prydwen.gg/images/zenless-zone-zero/characters/zhao.webp,https://www.prydwen.gg/zenless/tier-list,2026-06-15,2.8.3,式舆防卫 2.8.3,69.9,35585,ok
20260617,2026-07-05T12:48:56,17/June/2026,2026-06-17,sd,式舆防卫,zhao,Zhao,照,Support,辅助,support,辅助,T0.5,10,Watchlist [DOWN],watch,,Ice,冰,Defence,防护,Krampus Compliance Authority,S,https://cdn.prydwen.gg/images/zenless-zone-zero/characters/zhao.webp,https://www.prydwen.gg/zenless/tier-list,2026-06-21,2.8.3,式舆防卫 2.8.3,70.05,35058,ok
20260617,2026-07-05T12:48:56,17/June/2026,2026-06-17,da,危局强袭,zhao,Zhao,照,Support,辅助,support,辅助,T0.5,10,Watchlist [DOWN],watch,,Ice,冰,Defence,防护,Krampus Compliance Authority,S,https://cdn.prydwen.gg/images/zenless-zone-zero/characters/zhao.webp,https://www.prydwen.gg/zenless/tier-list,2026-02-17,2.6.1,危局强袭 2.6.1,66.94,31007,ok
20260617,2026-07-05T12:48:56,17/June/2026,2026-06-17,da,危局强袭,zhao,Zhao,照,Support,辅助,support,辅助,T0.5,10,Watchlist [DOWN],watch,,Ice,冰,Defence,防护,Krampus Compliance Authority,S,https://cdn.prydwen.gg/images/zenless-zone-zero/characters/zhao.webp,https://www.prydwen.gg/zenless/tier-list,2026-03-10,2.6.2,危局强袭 2.6.2,64.23,30462,ok
20260617,2026-07-05T12:48:56,17/June/2026,2026-06-17,da,危局强袭,zhao,Zhao,照,Support,辅助,support,辅助,T0.5,10,Watchlist [DOWN],watch,,Ice,冰,Defence,防护,Krampus Compliance Authority,S,https://cdn.prydwen.gg/images/zenless-zone-zero/characters/zhao.webp,https://www.prydwen.gg/zenless/tier-list,2026-03-31,2.7.1,危局强袭 2.7.1,32.42,26090,ok
20260617,2026-07-05T12:48:56,17/June/2026,2026-06-17,da,危局强袭,zhao,Zhao,照,Support,辅助,support,辅助,T0.5,10,Watchlist [DOWN],watch,,Ice,冰,Defence,防护,Krampus Compliance Authority,S,https://cdn.prydwen.gg/images/zenless-zone-zero/characters/zhao.webp,https://www.prydwen.gg/zenless/tier-list,2026-04-21,2.7.2,危局强袭 2.7.2,69.9,30074,ok
20260617,2026-07-05T12:48:56,17/June/2026,2026-06-17,da,危局强袭,zhao,Zhao,照,Support,辅助,support,辅助,T0.5,10,Watchlist [DOWN],watch,,Ice,冰,Defence,防护,Krampus Compliance Authority,S,https://cdn.prydwen.gg/images/zenless-zone-zero/characters/zhao.webp,https://www.prydwen.gg/zenless/tier-list,2026-05-11,2.8.1,危局强袭 2.8.1,48.73,29356,ok
20260617,2026-07-05T12:48:56,17/June/2026,2026-06-17,da,危局强袭,zhao,Zhao,照,Support,辅助,support,辅助,T0.5,10,Watchlist [DOWN],watch,,Ice,冰,Defence,防护,Krampus Compliance Authority,S,https://cdn.prydwen.gg/images/zenless-zone-zero/characters/zhao.webp,https://www.prydwen.gg/zenless/tier-list,2026-06-02,2.8.2,危局强袭 2.8.2,63.57,24092,ok
20260617,2026-07-05T12:48:56,17/June/2026,2026-06-17,da,危局强袭,zhao,Zhao,照,Support,辅助,support,辅助,T0.5,10,Watchlist [DOWN],watch,,Ice,冰,Defence,防护,Krampus Compliance Authority,S,https://cdn.prydwen.gg/images/zenless-zone-zero/characters/zhao.webp,https://www.prydwen.gg/zenless/tier-list,2026-06-15,2.8.3,危局强袭 2.8.3,64.18,30511,ok
20260617,2026-07-05T12:48:56,17/June/2026,2026-06-17,da,危局强袭,zhao,Zhao,照,Support,辅助,support,辅助,T0.5,10,Watchlist [DOWN],watch,,Ice,冰,Defence,防护,Krampus Compliance Authority,S,https://cdn.prydwen.gg/images/zenless-zone-zero/characters/zhao.webp,https://www.prydwen.gg/zenless/tier-list,2026-06-21,3.0.1,危局强袭 3.0.1,55.82,29302,ok
20260617,2026-07-05T12:48:56,17/June/2026,2026-06-17,sd,式舆防卫,zhu-yuan,Zhu Yuan,朱鸢,CritDPS,直伤主C,crit_dps,直伤主C,T1.5,8,,down,,Ether,以太,Attack,强攻,N.E.P.S.,S,https://cdn.prydwen.gg/images/zenless-zone-zero/characters/zhu-yuan.webp,https://www.prydwen.gg/zenless/tier-list,2026-02-17,2.6.1,式舆防卫 2.6.1,0.32,28772,ok
20260617,2026-07-05T12:48:56,17/June/2026,2026-06-17,sd,式舆防卫,zhu-yuan,Zhu Yuan,朱鸢,CritDPS,直伤主C,crit_dps,直伤主C,T1.5,8,,down,,Ether,以太,Attack,强攻,N.E.P.S.,S,https://cdn.prydwen.gg/images/zenless-zone-zero/characters/zhu-yuan.webp,https://www.prydwen.gg/zenless/tier-list,2026-03-10,2.6.3,式舆防卫 2.6.3,0.51,26325,ok
20260617,2026-07-05T12:48:56,17/June/2026,2026-06-17,sd,式舆防卫,zhu-yuan,Zhu Yuan,朱鸢,CritDPS,直伤主C,crit_dps,直伤主C,T1.5,8,,down,,Ether,以太,Attack,强攻,N.E.P.S.,S,https://cdn.prydwen.gg/images/zenless-zone-zero/characters/zhu-yuan.webp,https://www.prydwen.gg/zenless/tier-list,2026-03-31,2.6.4,式舆防卫 2.6.4,0.42,27384,ok
20260617,2026-07-05T12:48:56,17/June/2026,2026-06-17,sd,式舆防卫,zhu-yuan,Zhu Yuan,朱鸢,CritDPS,直伤主C,crit_dps,直伤主C,T1.5,8,,down,,Ether,以太,Attack,强攻,N.E.P.S.,S,https://cdn.prydwen.gg/images/zenless-zone-zero/characters/zhu-yuan.webp,https://www.prydwen.gg/zenless/tier-list,2026-04-21,2.7.2,式舆防卫 2.7.2,0.38,26474,ok
20260617,2026-07-05T12:48:56,17/June/2026,2026-06-17,sd,式舆防卫,zhu-yuan,Zhu Yuan,朱鸢,CritDPS,直伤主C,crit_dps,直伤主C,T1.5,8,,down,,Ether,以太,Attack,强攻,N.E.P.S.,S,https://cdn.prydwen.gg/images/zenless-zone-zero/characters/zhu-yuan.webp,https://www.prydwen.gg/zenless/tier-list,2026-05-11,2.7.3,式舆防卫 2.7.3,0.26,26923,ok
20260617,2026-07-05T12:48:56,17/June/2026,2026-06-17,sd,式舆防卫,zhu-yuan,Zhu Yuan,朱鸢,CritDPS,直伤主C,crit_dps,直伤主C,T1.5,8,,down,,Ether,以太,Attack,强攻,N.E.P.S.,S,https://cdn.prydwen.gg/images/zenless-zone-zero/characters/zhu-yuan.webp,https://www.prydwen.gg/zenless/tier-list,2026-06-02,2.8.2,式舆防卫 2.8.2,0.06,0,ok
20260617,2026-07-05T12:48:56,17/June/2026,2026-06-17,sd,式舆防卫,zhu-yuan,Zhu Yuan,朱鸢,CritDPS,直伤主C,crit_dps,直伤主C,T1.5,8,,down,,Ether,以太,Attack,强攻,N.E.P.S.,S,https://cdn.prydwen.gg/images/zenless-zone-zero/characters/zhu-yuan.webp,https://www.prydwen.gg/zenless/tier-list,2026-06-15,2.8.3,式舆防卫 2.8.3,0.01,0,ok
20260617,2026-07-05T12:48:56,17/June/2026,2026-06-17,sd,式舆防卫,zhu-yuan,Zhu Yuan,朱鸢,CritDPS,直伤主C,crit_dps,直伤主C,T1.5,8,,down,,Ether,以太,Attack,强攻,N.E.P.S.,S,https://cdn.prydwen.gg/images/zenless-zone-zero/characters/zhu-yuan.webp,https://www.prydwen.gg/zenless/tier-list,2026-06-21,2.8.3,式舆防卫 2.8.3,0.01,0,ok
20260617,2026-07-05T12:48:56,17/June/2026,2026-06-17,da,危局强袭,zhu-yuan,Zhu Yuan,朱鸢,CritDPS,直伤主C,crit_dps,直伤主C,T1.5,8,,down,,Ether,以太,Attack,强攻,N.E.P.S.,S,https://cdn.prydwen.gg/images/zenless-zone-zero/characters/zhu-yuan.webp,https://www.prydwen.gg/zenless/tier-list,2026-02-17,2.6.1,危局强袭 2.6.1,0.45,21955,ok
20260617,2026-07-05T12:48:56,17/June/2026,2026-06-17,da,危局强袭,zhu-yuan,Zhu Yuan,朱鸢,CritDPS,直伤主C,crit_dps,直伤主C,T1.5,8,,down,,Ether,以太,Attack,强攻,N.E.P.S.,S,https://cdn.prydwen.gg/images/zenless-zone-zero/characters/zhu-yuan.webp,https://www.prydwen.gg/zenless/tier-list,2026-03-10,2.6.2,危局强袭 2.6.2,0.12,0,ok
20260617,2026-07-05T12:48:56,17/June/2026,2026-06-17,da,危局强袭,zhu-yuan,Zhu Yuan,朱鸢,CritDPS,直伤主C,crit_dps,直伤主C,T1.5,8,,down,,Ether,以太,Attack,强攻,N.E.P.S.,S,https://cdn.prydwen.gg/images/zenless-zone-zero/characters/zhu-yuan.webp,https://www.prydwen.gg/zenless/tier-list,2026-03-31,2.7.1,危局强袭 2.7.1,0.32,22617,ok
20260617,2026-07-05T12:48:56,17/June/2026,2026-06-17,da,危局强袭,zhu-yuan,Zhu Yuan,朱鸢,CritDPS,直伤主C,crit_dps,直伤主C,T1.5,8,,down,,Ether,以太,Attack,强攻,N.E.P.S.,S,https://cdn.prydwen.gg/images/zenless-zone-zero/characters/zhu-yuan.webp,https://www.prydwen.gg/zenless/tier-list,2026-04-21,2.7.2,危局强袭 2.7.2,0.22,22504,ok
20260617,2026-07-05T12:48:56,17/June/2026,2026-06-17,da,危局强袭,zhu-yuan,Zhu Yuan,朱鸢,CritDPS,直伤主C,crit_dps,直伤主C,T1.5,8,,down,,Ether,以太,Attack,强攻,N.E.P.S.,S,https://cdn.prydwen.gg/images/zenless-zone-zero/characters/zhu-yuan.webp,https://www.prydwen.gg/zenless/tier-list,2026-05-11,2.8.1,危局强袭 2.8.1,0.04,0,ok
20260617,2026-07-05T12:48:56,17/June/2026,2026-06-17,da,危局强袭,zhu-yuan,Zhu Yuan,朱鸢,CritDPS,直伤主C,crit_dps,直伤主C,T1.5,8,,down,,Ether,以太,Attack,强攻,N.E.P.S.,S,https://cdn.prydwen.gg/images/zenless-zone-zero/characters/zhu-yuan.webp,https://www.prydwen.gg/zenless/tier-list,2026-06-02,2.8.2,危局强袭 2.8.2,0.17,9398,ok
20260617,2026-07-05T12:48:56,17/June/2026,2026-06-17,da,危局强袭,zhu-yuan,Zhu Yuan,朱鸢,CritDPS,直伤主C,crit_dps,直伤主C,T1.5,8,,down,,Ether,以太,Attack,强攻,N.E.P.S.,S,https://cdn.prydwen.gg/images/zenless-zone-zero/characters/zhu-yuan.webp,https://www.prydwen.gg/zenless/tier-list,2026-06-15,2.8.3,危局强袭 2.8.3,0.06,0,ok
20260617,2026-07-05T12:48:56,17/June/2026,2026-06-17,da,危局强袭,zhu-yuan,Zhu Yuan,朱鸢,CritDPS,直伤主C,crit_dps,直伤主C,T1.5,8,,down,,Ether,以太,Attack,强攻,N.E.P.S.,S,https://cdn.prydwen.gg/images/zenless-zone-zero/characters/zhu-yuan.webp,https://www.prydwen.gg/zenless/tier-list,2026-06-21,3.0.1,危局强袭 3.0.1,0.31,21155,ok
