team_signature,team_slugs,team_cn,confidence,record_count,snapshot_count,phase_count,mode_count,scope_count,boss_count,source_kind_count,max_app_rate,median_app_rate,best_rank,best_score,non_sentinel_score_count,sentinel_score_count,modes,phase_versions,scopes,source_kinds,evidence_comment,risk_comment
sunna|ye-shunguang|zhao,"sunna, ye-shunguang, zhao",千夏 / 叶瞬光 / 照,A,60,8,15,2,7,6,1,38.95,12.685,1,42665,60,0,"da, sd","da:2.6.1, da:2.6.2, da:2.7.1, da:2.7.2, da:2.8.1, da:2.8.2, da:2.8.3, da:3.0.1, sd:2.6.1, sd:2.6.3, sd:2.6.4, sd:2.7.2, sd:2.7.3, sd:2.8.2, sd:2.8.3","1-1_combined.json, 1-2_combined.json, 1-3_combined.json, 5-1_combined.json, 5-2_combined.json, 5-3_combined.json, top_combined.json",hf_comps,record_count=60；phase_count=15；mode_count=2；boss_count=6；max_app_rate=38.95；median_app_rate=12.685,无
dialyn|ye-shunguang|zhao,"dialyn, ye-shunguang, zhao",琉音 / 叶瞬光 / 照,A,60,8,15,2,7,6,1,36.07,9.075,1,37403,58,2,"da, sd","da:2.6.1, da:2.6.2, da:2.7.1, da:2.7.2, da:2.8.1, da:2.8.2, da:2.8.3, da:3.0.1, sd:2.6.1, sd:2.6.3, sd:2.6.4, sd:2.7.2, sd:2.7.3, sd:2.8.2, sd:2.8.3","1-1_combined.json, 1-2_combined.json, 1-3_combined.json, 5-1_combined.json, 5-2_combined.json, 5-3_combined.json, top_combined.json",hf_comps,record_count=60；phase_count=15；mode_count=2；boss_count=6；max_app_rate=36.07；median_app_rate=9.075,包含 2 条 sentinel/missing 分数
aria|nangong-yu|sunna,"aria, nangong-yu, sunna",爱芮 / 南宫羽 / 千夏,A,40,6,11,2,7,6,1,35.83,3.12,1,35584,38,2,"da, sd","da:2.7.1, da:2.7.2, da:2.8.1, da:2.8.2, da:2.8.3, da:3.0.1, sd:2.6.4, sd:2.7.2, sd:2.7.3, sd:2.8.2, sd:2.8.3","1-1_combined.json, 1-2_combined.json, 1-3_combined.json, 5-1_combined.json, 5-2_combined.json, 5-3_combined.json, top_combined.json",hf_comps,record_count=40；phase_count=11；mode_count=2；boss_count=6；max_app_rate=35.83；median_app_rate=3.12,包含 2 条 sentinel/missing 分数
miyabi|nangong-yu|ukinami-yuzuha,"miyabi, nangong-yu, ukinami-yuzuha",星见 雅 / 南宫羽 / 浮波柚叶,A,43,6,11,2,7,6,1,31.46,5.07,1,39196,43,0,"da, sd","da:2.7.1, da:2.7.2, da:2.8.1, da:2.8.2, da:2.8.3, da:3.0.1, sd:2.6.4, sd:2.7.2, sd:2.7.3, sd:2.8.2, sd:2.8.3","1-1_combined.json, 1-2_combined.json, 1-3_combined.json, 5-1_combined.json, 5-2_combined.json, 5-3_combined.json, top_combined.json",hf_comps,record_count=43；phase_count=11；mode_count=2；boss_count=6；max_app_rate=31.46；median_app_rate=5.07,无
dialyn|lucia|yixuan,"dialyn, lucia, yixuan",琉音 / 卢西娅 / 仪玄,A,60,8,15,2,7,6,1,29.38,8.23,1,36656,60,0,"da, sd","da:2.6.1, da:2.6.2, da:2.7.1, da:2.7.2, da:2.8.1, da:2.8.2, da:2.8.3, da:3.0.1, sd:2.6.1, sd:2.6.3, sd:2.6.4, sd:2.7.2, sd:2.7.3, sd:2.8.2, sd:2.8.3","1-1_combined.json, 1-2_combined.json, 1-3_combined.json, 5-1_combined.json, 5-2_combined.json, 5-3_combined.json, top_combined.json",hf_comps,record_count=60；phase_count=15；mode_count=2；boss_count=6；max_app_rate=29.38；median_app_rate=8.23,无
miyabi|ukinami-yuzuha|vivian,"miyabi, ukinami-yuzuha, vivian",星见 雅 / 浮波柚叶 / 薇薇安·班希,A,54,8,15,2,7,6,1,28.06,2.62,1,33068,51,3,"da, sd","da:2.6.1, da:2.6.2, da:2.7.1, da:2.7.2, da:2.8.1, da:2.8.2, da:2.8.3, da:3.0.1, sd:2.6.1, sd:2.6.3, sd:2.6.4, sd:2.7.2, sd:2.7.3, sd:2.8.2, sd:2.8.3","1-1_combined.json, 1-2_combined.json, 1-3_combined.json, 5-1_combined.json, 5-2_combined.json, 5-3_combined.json, top_combined.json",hf_comps,record_count=54；phase_count=15；mode_count=2；boss_count=6；max_app_rate=28.06；median_app_rate=2.62,包含 3 条 sentinel/missing 分数
ju-fufu|lucia|yixuan,"ju-fufu, lucia, yixuan",橘福福 / 卢西娅 / 仪玄,A,60,8,15,2,7,6,1,27.83,8.025,1,33334,59,1,"da, sd","da:2.6.1, da:2.6.2, da:2.7.1, da:2.7.2, da:2.8.1, da:2.8.2, da:2.8.3, da:3.0.1, sd:2.6.1, sd:2.6.3, sd:2.6.4, sd:2.7.2, sd:2.7.3, sd:2.8.2, sd:2.8.3","1-1_combined.json, 1-2_combined.json, 1-3_combined.json, 5-1_combined.json, 5-2_combined.json, 5-3_combined.json, top_combined.json",hf_comps,record_count=60；phase_count=15；mode_count=2；boss_count=6；max_app_rate=27.83；median_app_rate=8.025,包含 1 条 sentinel/missing 分数
promeia|ukinami-yuzuha|vivian,"promeia, ukinami-yuzuha, vivian",普罗米娅 / 浮波柚叶 / 薇薇安·班希,A,23,4,7,2,7,6,1,13.25,1.97,3,35998,22,1,"da, sd","da:2.8.1, da:2.8.2, da:2.8.3, da:3.0.1, sd:2.7.3, sd:2.8.2, sd:2.8.3","1-1_combined.json, 1-2_combined.json, 1-3_combined.json, 5-1_combined.json, 5-2_combined.json, 5-3_combined.json, top_combined.json",hf_comps,record_count=23；phase_count=7；mode_count=2；boss_count=6；max_app_rate=13.25；median_app_rate=1.97,包含 1 条 sentinel/missing 分数
nangong-yu|promeia|ukinami-yuzuha,"nangong-yu, promeia, ukinami-yuzuha",南宫羽 / 普罗米娅 / 浮波柚叶,A,20,4,7,2,7,6,1,11.75,3.42,2,37597,20,0,"da, sd","da:2.8.1, da:2.8.2, da:2.8.3, da:3.0.1, sd:2.7.3, sd:2.8.2, sd:2.8.3","1-1_combined.json, 1-2_combined.json, 1-3_combined.json, 5-1_combined.json, 5-2_combined.json, 5-3_combined.json, top_combined.json",hf_comps,record_count=20；phase_count=7；mode_count=2；boss_count=6；max_app_rate=11.75；median_app_rate=3.42,无
miyabi|ukinami-yuzuha|yanagi,"miyabi, ukinami-yuzuha, yanagi",星见 雅 / 浮波柚叶 / 月城 柳,A,51,8,15,2,7,6,1,10.39,1.13,2,36918,49,2,"da, sd","da:2.6.1, da:2.6.2, da:2.7.1, da:2.7.2, da:2.8.1, da:2.8.2, da:2.8.3, da:3.0.1, sd:2.6.1, sd:2.6.3, sd:2.6.4, sd:2.7.2, sd:2.7.3, sd:2.8.2, sd:2.8.3","1-1_combined.json, 1-2_combined.json, 1-3_combined.json, 5-1_combined.json, 5-2_combined.json, 5-3_combined.json, top_combined.json",hf_comps,record_count=51；phase_count=15；mode_count=2；boss_count=6；max_app_rate=10.39；median_app_rate=1.13,包含 2 条 sentinel/missing 分数
aria|sunna|ukinami-yuzuha,"aria, sunna, ukinami-yuzuha",爱芮 / 千夏 / 浮波柚叶,B+,34,7,13,2,7,6,1,20.86,0.395,1,34527,34,0,"da, sd","da:2.6.2, da:2.7.1, da:2.7.2, da:2.8.1, da:2.8.2, da:2.8.3, da:3.0.1, sd:2.6.3, sd:2.6.4, sd:2.7.2, sd:2.7.3, sd:2.8.2, sd:2.8.3","1-1_combined.json, 1-2_combined.json, 1-3_combined.json, 5-1_combined.json, 5-2_combined.json, 5-3_combined.json, top_combined.json",hf_comps,record_count=34；phase_count=13；mode_count=2；boss_count=6；max_app_rate=20.86；median_app_rate=0.395,重复度较好，但未达到 A 档广度/强度
anby-demara-soldier-0|orphie-and-magus|trigger,"anby-demara-soldier-0, orphie-and-magus, trigger",零号·安比 / 奥菲丝·马格努森 & 「鬼火」 / 「扳机」,B+,59,8,15,2,7,6,1,12.5,0.53,1,36773,57,2,"da, sd","da:2.6.1, da:2.6.2, da:2.7.1, da:2.7.2, da:2.8.1, da:2.8.2, da:2.8.3, da:3.0.1, sd:2.6.1, sd:2.6.3, sd:2.6.4, sd:2.7.2, sd:2.7.3, sd:2.8.2, sd:2.8.3","1-1_combined.json, 1-2_combined.json, 1-3_combined.json, 5-1_combined.json, 5-2_combined.json, 5-3_combined.json, top_combined.json",hf_comps,record_count=59；phase_count=15；mode_count=2；boss_count=6；max_app_rate=12.5；median_app_rate=0.53,包含 2 条 sentinel/missing 分数
miyabi|soukaku|ukinami-yuzuha,"miyabi, soukaku, ukinami-yuzuha",星见 雅 / 苍角 / 浮波柚叶,B+,48,8,15,2,7,6,1,11.58,0.73,2,35750,44,4,"da, sd","da:2.6.1, da:2.6.2, da:2.7.1, da:2.7.2, da:2.8.1, da:2.8.2, da:2.8.3, da:3.0.1, sd:2.6.1, sd:2.6.3, sd:2.6.4, sd:2.7.2, sd:2.7.3, sd:2.8.2, sd:2.8.3","1-1_combined.json, 1-2_combined.json, 1-3_combined.json, 5-1_combined.json, 5-2_combined.json, 5-3_combined.json, top_combined.json",hf_comps,record_count=48；phase_count=15；mode_count=2；boss_count=6；max_app_rate=11.58；median_app_rate=0.73,包含 4 条 sentinel/missing 分数
dialyn|sunna|ye-shunguang,"dialyn, sunna, ye-shunguang",琉音 / 千夏 / 叶瞬光,B+,57,8,15,2,7,6,1,9.91,3.73,3,38238,57,0,"da, sd","da:2.6.1, da:2.6.2, da:2.7.1, da:2.7.2, da:2.8.1, da:2.8.2, da:2.8.3, da:3.0.1, sd:2.6.1, sd:2.6.3, sd:2.6.4, sd:2.7.2, sd:2.7.3, sd:2.8.2, sd:2.8.3","1-1_combined.json, 1-2_combined.json, 1-3_combined.json, 5-1_combined.json, 5-2_combined.json, 5-3_combined.json, top_combined.json",hf_comps,record_count=57；phase_count=15；mode_count=2；boss_count=6；max_app_rate=9.91；median_app_rate=3.73,重复度较好，但未达到 A 档广度/强度
billy-starlight|dialyn|lucia,"billy-starlight, dialyn, lucia",星徽·比利 / 琉音 / 卢西娅,B+,17,3,5,2,7,6,1,9.82,4.48,3,35090,17,0,"da, sd","da:2.8.2, da:2.8.3, da:3.0.1, sd:2.8.2, sd:2.8.3","1-1_combined.json, 1-2_combined.json, 1-3_combined.json, 5-1_combined.json, 5-2_combined.json, 5-3_combined.json, top_combined.json",hf_comps,record_count=17；phase_count=5；mode_count=2；boss_count=6；max_app_rate=9.82；median_app_rate=4.48,重复度较好，但未达到 A 档广度/强度
astra-yao|ye-shunguang|zhao,"astra-yao, ye-shunguang, zhao",耀嘉音 / 叶瞬光 / 照,B+,59,8,15,2,7,6,1,9.42,3.31,3,37834,57,2,"da, sd","da:2.6.1, da:2.6.2, da:2.7.1, da:2.7.2, da:2.8.1, da:2.8.2, da:2.8.3, da:3.0.1, sd:2.6.1, sd:2.6.3, sd:2.6.4, sd:2.7.2, sd:2.7.3, sd:2.8.2, sd:2.8.3","1-1_combined.json, 1-2_combined.json, 1-3_combined.json, 5-1_combined.json, 5-2_combined.json, 5-3_combined.json, top_combined.json",hf_comps,record_count=59；phase_count=15；mode_count=2；boss_count=6；max_app_rate=9.42；median_app_rate=3.31,包含 2 条 sentinel/missing 分数
alice|ukinami-yuzuha|vivian,"alice, ukinami-yuzuha, vivian",爱丽丝·泰姆菲尔德 / 浮波柚叶 / 薇薇安·班希,B+,54,8,15,2,7,6,1,8.04,0.925,3,33188,53,1,"da, sd","da:2.6.1, da:2.6.2, da:2.7.1, da:2.7.2, da:2.8.1, da:2.8.2, da:2.8.3, da:3.0.1, sd:2.6.1, sd:2.6.3, sd:2.6.4, sd:2.7.2, sd:2.7.3, sd:2.8.2, sd:2.8.3","1-1_combined.json, 1-2_combined.json, 1-3_combined.json, 5-1_combined.json, 5-2_combined.json, 5-3_combined.json, top_combined.json",hf_comps,record_count=54；phase_count=15；mode_count=2；boss_count=6；max_app_rate=8.04；median_app_rate=0.925,包含 1 条 sentinel/missing 分数
astra-yao|cissia|seed,"astra-yao, cissia, seed",耀嘉音 / 希希芙 / 「席德」,B+,32,5,9,2,7,6,1,7.94,0.51,3,36279,30,2,"da, sd","da:2.7.2, da:2.8.1, da:2.8.2, da:2.8.3, da:3.0.1, sd:2.7.2, sd:2.7.3, sd:2.8.2, sd:2.8.3","1-1_combined.json, 1-2_combined.json, 1-3_combined.json, 5-1_combined.json, 5-2_combined.json, 5-3_combined.json, top_combined.json",hf_comps,record_count=32；phase_count=9；mode_count=2；boss_count=6；max_app_rate=7.94；median_app_rate=0.51,包含 2 条 sentinel/missing 分数
astra-yao|evelyn|lighter,"astra-yao, evelyn, lighter",耀嘉音 / 伊芙琳·舒瓦利耶 / 莱特,B+,53,8,15,2,7,6,1,7.12,0.34,3,32021,50,3,"da, sd","da:2.6.1, da:2.6.2, da:2.7.1, da:2.7.2, da:2.8.1, da:2.8.2, da:2.8.3, da:3.0.1, sd:2.6.1, sd:2.6.3, sd:2.6.4, sd:2.7.2, sd:2.7.3, sd:2.8.2, sd:2.8.3","1-1_combined.json, 1-2_combined.json, 1-3_combined.json, 5-1_combined.json, 5-2_combined.json, 5-3_combined.json, top_combined.json",hf_comps,record_count=53；phase_count=15；mode_count=2；boss_count=6；max_app_rate=7.12；median_app_rate=0.34,包含 3 条 sentinel/missing 分数
astra-yao|miyabi|nangong-yu,"astra-yao, miyabi, nangong-yu",耀嘉音 / 星见 雅 / 南宫羽,B+,39,6,11,2,7,6,1,6.37,0.71,3,35333,37,2,"da, sd","da:2.7.1, da:2.7.2, da:2.8.1, da:2.8.2, da:2.8.3, da:3.0.1, sd:2.6.4, sd:2.7.2, sd:2.7.3, sd:2.8.2, sd:2.8.3","1-1_combined.json, 1-2_combined.json, 1-3_combined.json, 5-1_combined.json, 5-2_combined.json, 5-3_combined.json, top_combined.json",hf_comps,record_count=39；phase_count=11；mode_count=2；boss_count=6；max_app_rate=6.37；median_app_rate=0.71,包含 2 条 sentinel/missing 分数
burnice|miyabi|ukinami-yuzuha,"burnice, miyabi, ukinami-yuzuha",柏妮思·怀特 / 星见 雅 / 浮波柚叶,B+,48,8,15,2,7,6,1,6.35,0.8,4,33725,48,0,"da, sd","da:2.6.1, da:2.6.2, da:2.7.1, da:2.7.2, da:2.8.1, da:2.8.2, da:2.8.3, da:3.0.1, sd:2.6.1, sd:2.6.3, sd:2.6.4, sd:2.7.2, sd:2.7.3, sd:2.8.2, sd:2.8.3","1-1_combined.json, 1-2_combined.json, 1-3_combined.json, 5-1_combined.json, 5-2_combined.json, 5-3_combined.json, top_combined.json",hf_comps,record_count=48；phase_count=15；mode_count=2；boss_count=6；max_app_rate=6.35；median_app_rate=0.8,重复度较好，但未达到 A 档广度/强度
anby-demara-soldier-0|astra-yao|trigger,"anby-demara-soldier-0, astra-yao, trigger",零号·安比 / 耀嘉音 / 「扳机」,B+,47,8,15,2,7,6,1,6.17,0.32,3,33739,43,4,"da, sd","da:2.6.1, da:2.6.2, da:2.7.1, da:2.7.2, da:2.8.1, da:2.8.2, da:2.8.3, da:3.0.1, sd:2.6.1, sd:2.6.3, sd:2.6.4, sd:2.7.2, sd:2.7.3, sd:2.8.2, sd:2.8.3","1-1_combined.json, 1-2_combined.json, 1-3_combined.json, 5-1_combined.json, 5-2_combined.json, 5-3_combined.json, top_combined.json",hf_comps,record_count=47；phase_count=15；mode_count=2；boss_count=6；max_app_rate=6.17；median_app_rate=0.32,包含 4 条 sentinel/missing 分数
lucia|pan-yinhu|yixuan,"lucia, pan-yinhu, yixuan",卢西娅 / 潘引壶 / 仪玄,B+,56,8,15,2,7,6,1,5.85,1.505,3,31962,54,2,"da, sd","da:2.6.1, da:2.6.2, da:2.7.1, da:2.7.2, da:2.8.1, da:2.8.2, da:2.8.3, da:3.0.1, sd:2.6.1, sd:2.6.3, sd:2.6.4, sd:2.7.2, sd:2.7.3, sd:2.8.2, sd:2.8.3","1-1_combined.json, 1-2_combined.json, 1-3_combined.json, 5-1_combined.json, 5-2_combined.json, 5-3_combined.json, top_combined.json",hf_comps,record_count=56；phase_count=15；mode_count=2；boss_count=6；max_app_rate=5.85；median_app_rate=1.505,包含 2 条 sentinel/missing 分数
aria|nangong-yu|ukinami-yuzuha,"aria, nangong-yu, ukinami-yuzuha",爱芮 / 南宫羽 / 浮波柚叶,B+,31,6,11,2,7,6,1,5.66,1.37,2,36166,31,0,"da, sd","da:2.7.1, da:2.7.2, da:2.8.1, da:2.8.2, da:2.8.3, da:3.0.1, sd:2.6.4, sd:2.7.2, sd:2.7.3, sd:2.8.2, sd:2.8.3","1-1_combined.json, 1-2_combined.json, 1-3_combined.json, 5-1_combined.json, 5-2_combined.json, 5-3_combined.json, top_combined.json",hf_comps,record_count=31；phase_count=11；mode_count=2；boss_count=6；max_app_rate=5.66；median_app_rate=1.37,重复度较好，但未达到 A 档广度/强度
astra-yao|miyabi|vivian,"astra-yao, miyabi, vivian",耀嘉音 / 星见 雅 / 薇薇安·班希,B+,50,8,15,2,7,6,1,5.27,0.75,4,32817,43,7,"da, sd","da:2.6.1, da:2.6.2, da:2.7.1, da:2.7.2, da:2.8.1, da:2.8.2, da:2.8.3, da:3.0.1, sd:2.6.1, sd:2.6.3, sd:2.6.4, sd:2.7.2, sd:2.7.3, sd:2.8.2, sd:2.8.3","1-1_combined.json, 1-2_combined.json, 1-3_combined.json, 5-1_combined.json, 5-2_combined.json, 5-3_combined.json, top_combined.json",hf_comps,record_count=50；phase_count=15；mode_count=2；boss_count=6；max_app_rate=5.27；median_app_rate=0.75,包含 7 条 sentinel/missing 分数
alice|nangong-yu|ukinami-yuzuha,"alice, nangong-yu, ukinami-yuzuha",爱丽丝·泰姆菲尔德 / 南宫羽 / 浮波柚叶,B+,36,6,11,2,7,6,1,5.27,0.485,3,35971,35,1,"da, sd","da:2.7.1, da:2.7.2, da:2.8.1, da:2.8.2, da:2.8.3, da:3.0.1, sd:2.6.4, sd:2.7.2, sd:2.7.3, sd:2.8.2, sd:2.8.3","1-1_combined.json, 1-2_combined.json, 1-3_combined.json, 5-1_combined.json, 5-2_combined.json, 5-3_combined.json, top_combined.json",hf_comps,record_count=36；phase_count=11；mode_count=2；boss_count=6；max_app_rate=5.27；median_app_rate=0.485,包含 1 条 sentinel/missing 分数
promeia|ukinami-yuzuha|velina,"promeia, ukinami-yuzuha, velina",普罗米娅 / 浮波柚叶 / 维琳娜·艾嘉德,B,6,1,2,2,5,4,1,16.86,3.715,1,35702,6,0,"da, sd","da:3.0.1, sd:2.8.3","1-1_combined.json, 1-2_combined.json, 5-1_combined.json, 5-3_combined.json, top_combined.json",hf_comps,record_count=6；phase_count=2；mode_count=2；boss_count=4；max_app_rate=16.86；median_app_rate=3.715,有重复记录，可作普通证据
jane-doe|ukinami-yuzuha|velina,"jane-doe, ukinami-yuzuha, velina",简·杜 / 浮波柚叶 / 维琳娜·艾嘉德,B,6,1,2,2,5,4,1,11.46,1.355,2,31149,6,0,"da, sd","da:3.0.1, sd:2.8.3","1-1_combined.json, 5-1_combined.json, 5-2_combined.json, 5-3_combined.json, top_combined.json",hf_comps,record_count=6；phase_count=2；mode_count=2；boss_count=4；max_app_rate=11.46；median_app_rate=1.355,有重复记录，可作普通证据
aria|ukinami-yuzuha|velina,"aria, ukinami-yuzuha, velina",爱芮 / 浮波柚叶 / 维琳娜·艾嘉德,B,7,1,2,2,6,5,1,7.76,0.36,3,34528,7,0,"da, sd","da:3.0.1, sd:2.8.3","1-1_combined.json, 1-2_combined.json, 5-1_combined.json, 5-2_combined.json, 5-3_combined.json, top_combined.json",hf_comps,record_count=7；phase_count=2；mode_count=2；boss_count=5；max_app_rate=7.76；median_app_rate=0.36,有重复记录，可作普通证据
alice|ukinami-yuzuha|velina,"alice, ukinami-yuzuha, velina",爱丽丝·泰姆菲尔德 / 浮波柚叶 / 维琳娜·艾嘉德,B,6,1,2,2,5,4,1,5.46,0.405,5,30373,6,0,"da, sd","da:3.0.1, sd:2.8.3","1-1_combined.json, 5-1_combined.json, 5-2_combined.json, 5-3_combined.json, top_combined.json",hf_comps,record_count=6；phase_count=2；mode_count=2；boss_count=4；max_app_rate=5.46；median_app_rate=0.405,有重复记录，可作普通证据
burnice|ukinami-yuzuha|velina,"burnice, ukinami-yuzuha, velina",柏妮思·怀特 / 浮波柚叶 / 维琳娜·艾嘉德,B,6,1,2,2,5,4,1,5.14,0.765,6,36511,6,0,"da, sd","da:3.0.1, sd:2.8.3","1-1_combined.json, 5-1_combined.json, 5-2_combined.json, 5-3_combined.json, top_combined.json",hf_comps,record_count=6；phase_count=2；mode_count=2；boss_count=4；max_app_rate=5.14；median_app_rate=0.765,有重复记录，可作普通证据
astra-yao|miyabi|yanagi,"astra-yao, miyabi, yanagi",耀嘉音 / 星见 雅 / 月城 柳,B,50,8,15,2,7,6,1,4.83,0.73,4,34808,45,5,"da, sd","da:2.6.1, da:2.6.2, da:2.7.1, da:2.7.2, da:2.8.1, da:2.8.2, da:2.8.3, da:3.0.1, sd:2.6.1, sd:2.6.3, sd:2.6.4, sd:2.7.2, sd:2.7.3, sd:2.8.2, sd:2.8.3","1-1_combined.json, 1-2_combined.json, 1-3_combined.json, 5-1_combined.json, 5-2_combined.json, 5-3_combined.json, top_combined.json",hf_comps,record_count=50；phase_count=15；mode_count=2；boss_count=6；max_app_rate=4.83；median_app_rate=0.73,包含 5 条 sentinel/missing 分数
lucia|lycaon|yidhari,"lucia, lycaon, yidhari",卢西娅 / 冯·莱卡恩 / 伊德海莉·墨菲,B,46,8,15,2,7,6,1,4.78,0.52,3,31725,44,2,"da, sd","da:2.6.1, da:2.6.2, da:2.7.1, da:2.7.2, da:2.8.1, da:2.8.2, da:2.8.3, da:3.0.1, sd:2.6.1, sd:2.6.3, sd:2.6.4, sd:2.7.2, sd:2.7.3, sd:2.8.2, sd:2.8.3","1-1_combined.json, 1-2_combined.json, 1-3_combined.json, 5-1_combined.json, 5-2_combined.json, 5-3_combined.json, top_combined.json",hf_comps,record_count=46；phase_count=15；mode_count=2；boss_count=6；max_app_rate=4.78；median_app_rate=0.52,包含 2 条 sentinel/missing 分数
anby-demara-soldier-0|seed|trigger,"anby-demara-soldier-0, seed, trigger",零号·安比 / 「席德」 / 「扳机」,B,37,8,14,2,7,6,1,4.78,0.15,5,33705,36,1,"da, sd","da:2.6.1, da:2.6.2, da:2.7.1, da:2.7.2, da:2.8.1, da:2.8.2, da:2.8.3, sd:2.6.1, sd:2.6.3, sd:2.6.4, sd:2.7.2, sd:2.7.3, sd:2.8.2, sd:2.8.3","1-1_combined.json, 1-2_combined.json, 1-3_combined.json, 5-1_combined.json, 5-2_combined.json, 5-3_combined.json, top_combined.json",hf_comps,record_count=37；phase_count=14；mode_count=2；boss_count=6；max_app_rate=4.78；median_app_rate=0.15,包含 1 条 sentinel/missing 分数
ukinami-yuzuha|vivian|yanagi,"ukinami-yuzuha, vivian, yanagi",浮波柚叶 / 薇薇安·班希 / 月城 柳,B,47,8,15,2,7,6,1,4.61,0.17,4,34470,42,5,"da, sd","da:2.6.1, da:2.6.2, da:2.7.1, da:2.7.2, da:2.8.1, da:2.8.2, da:2.8.3, da:3.0.1, sd:2.6.1, sd:2.6.3, sd:2.6.4, sd:2.7.2, sd:2.7.3, sd:2.8.2, sd:2.8.3","1-1_combined.json, 1-2_combined.json, 1-3_combined.json, 5-1_combined.json, 5-2_combined.json, 5-3_combined.json, top_combined.json",hf_comps,record_count=47；phase_count=15；mode_count=2；boss_count=6；max_app_rate=4.61；median_app_rate=0.17,包含 5 条 sentinel/missing 分数
nangong-yu|ukinami-yuzuha|yanagi,"nangong-yu, ukinami-yuzuha, yanagi",南宫羽 / 浮波柚叶 / 月城 柳,B,29,6,11,2,7,6,1,4.12,0.27,5,33586,28,1,"da, sd","da:2.7.1, da:2.7.2, da:2.8.1, da:2.8.2, da:2.8.3, da:3.0.1, sd:2.6.4, sd:2.7.2, sd:2.7.3, sd:2.8.2, sd:2.8.3","1-1_combined.json, 1-2_combined.json, 1-3_combined.json, 5-1_combined.json, 5-2_combined.json, 5-3_combined.json, top_combined.json",hf_comps,record_count=29；phase_count=11；mode_count=2；boss_count=6；max_app_rate=4.12；median_app_rate=0.27,包含 1 条 sentinel/missing 分数
ju-fufu|pan-yinhu|yixuan,"ju-fufu, pan-yinhu, yixuan",橘福福 / 潘引壶 / 仪玄,B,54,8,15,2,7,6,1,3.88,0.515,4,30382,52,2,"da, sd","da:2.6.1, da:2.6.2, da:2.7.1, da:2.7.2, da:2.8.1, da:2.8.2, da:2.8.3, da:3.0.1, sd:2.6.1, sd:2.6.3, sd:2.6.4, sd:2.7.2, sd:2.7.3, sd:2.8.2, sd:2.8.3","1-1_combined.json, 1-2_combined.json, 1-3_combined.json, 5-1_combined.json, 5-2_combined.json, 5-3_combined.json, top_combined.json",hf_comps,record_count=54；phase_count=15；mode_count=2；boss_count=6；max_app_rate=3.88；median_app_rate=0.515,包含 2 条 sentinel/missing 分数
astra-yao|dialyn|evelyn,"astra-yao, dialyn, evelyn",耀嘉音 / 琉音 / 伊芙琳·舒瓦利耶,B,52,8,15,2,7,6,1,3.85,0.365,5,32716,50,2,"da, sd","da:2.6.1, da:2.6.2, da:2.7.1, da:2.7.2, da:2.8.1, da:2.8.2, da:2.8.3, da:3.0.1, sd:2.6.1, sd:2.6.3, sd:2.6.4, sd:2.7.2, sd:2.7.3, sd:2.8.2, sd:2.8.3","1-1_combined.json, 1-2_combined.json, 1-3_combined.json, 5-1_combined.json, 5-2_combined.json, 5-3_combined.json, top_combined.json",hf_comps,record_count=52；phase_count=15；mode_count=2；boss_count=6；max_app_rate=3.85；median_app_rate=0.365,包含 2 条 sentinel/missing 分数
jane-doe|ukinami-yuzuha|vivian,"jane-doe, ukinami-yuzuha, vivian",简·杜 / 浮波柚叶 / 薇薇安·班希,B,52,8,15,2,7,6,1,3.82,0.495,7,32599,43,9,"da, sd","da:2.6.1, da:2.6.2, da:2.7.1, da:2.7.2, da:2.8.1, da:2.8.2, da:2.8.3, da:3.0.1, sd:2.6.1, sd:2.6.3, sd:2.6.4, sd:2.7.2, sd:2.7.3, sd:2.8.2, sd:2.8.3","1-1_combined.json, 1-2_combined.json, 1-3_combined.json, 5-1_combined.json, 5-2_combined.json, 5-3_combined.json, top_combined.json",hf_comps,record_count=52；phase_count=15；mode_count=2；boss_count=6；max_app_rate=3.82；median_app_rate=0.495,包含 9 条 sentinel/missing 分数
orphie-and-magus|seed|trigger,"orphie-and-magus, seed, trigger",奥菲丝·马格努森 & 「鬼火」 / 「席德」 / 「扳机」,B,52,8,15,2,7,6,1,3.51,0.165,7,36289,48,4,"da, sd","da:2.6.1, da:2.6.2, da:2.7.1, da:2.7.2, da:2.8.1, da:2.8.2, da:2.8.3, da:3.0.1, sd:2.6.1, sd:2.6.3, sd:2.6.4, sd:2.7.2, sd:2.7.3, sd:2.8.2, sd:2.8.3","1-1_combined.json, 1-2_combined.json, 1-3_combined.json, 5-1_combined.json, 5-2_combined.json, 5-3_combined.json, top_combined.json",hf_comps,record_count=52；phase_count=15；mode_count=2；boss_count=6；max_app_rate=3.51；median_app_rate=0.165,包含 4 条 sentinel/missing 分数
cissia|seed|trigger,"cissia, seed, trigger",希希芙 / 「席德」 / 「扳机」,B,28,5,9,2,7,6,1,3.24,0.47,7,35836,27,1,"da, sd","da:2.7.2, da:2.8.1, da:2.8.2, da:2.8.3, da:3.0.1, sd:2.7.2, sd:2.7.3, sd:2.8.2, sd:2.8.3","1-1_combined.json, 1-2_combined.json, 1-3_combined.json, 5-1_combined.json, 5-2_combined.json, 5-3_combined.json, top_combined.json",hf_comps,record_count=28；phase_count=9；mode_count=2；boss_count=6；max_app_rate=3.24；median_app_rate=0.47,包含 1 条 sentinel/missing 分数
dialyn|lucia|yidhari,"dialyn, lucia, yidhari",琉音 / 卢西娅 / 伊德海莉·墨菲,B,47,8,15,2,7,6,1,3.2,0.26,5,34013,47,0,"da, sd","da:2.6.1, da:2.6.2, da:2.7.1, da:2.7.2, da:2.8.1, da:2.8.2, da:2.8.3, da:3.0.1, sd:2.6.1, sd:2.6.3, sd:2.6.4, sd:2.7.2, sd:2.7.3, sd:2.8.2, sd:2.8.3","1-1_combined.json, 1-2_combined.json, 1-3_combined.json, 5-1_combined.json, 5-2_combined.json, 5-3_combined.json, top_combined.json",hf_comps,record_count=47；phase_count=15；mode_count=2；boss_count=6；max_app_rate=3.2；median_app_rate=0.26,有重复记录，可作普通证据
banyue|dialyn|lucia,"banyue, dialyn, lucia",般岳 / 琉音 / 卢西娅,B,47,8,15,2,7,6,1,3.1,0.58,6,34651,47,0,"da, sd","da:2.6.1, da:2.6.2, da:2.7.1, da:2.7.2, da:2.8.1, da:2.8.2, da:2.8.3, da:3.0.1, sd:2.6.1, sd:2.6.3, sd:2.6.4, sd:2.7.2, sd:2.7.3, sd:2.8.2, sd:2.8.3","1-1_combined.json, 1-2_combined.json, 1-3_combined.json, 5-1_combined.json, 5-2_combined.json, 5-3_combined.json, top_combined.json",hf_comps,record_count=47；phase_count=15；mode_count=2；boss_count=6；max_app_rate=3.1；median_app_rate=0.58,有重复记录，可作普通证据
miyabi|ukinami-yuzuha|velina,"miyabi, ukinami-yuzuha, velina",星见 雅 / 浮波柚叶 / 维琳娜·艾嘉德,B,6,1,2,2,5,4,1,2.87,1.31,8,33537,5,1,"da, sd","da:3.0.1, sd:2.8.3","1-1_combined.json, 1-2_combined.json, 5-1_combined.json, 5-3_combined.json, top_combined.json",hf_comps,record_count=6；phase_count=2；mode_count=2；boss_count=4；max_app_rate=2.87；median_app_rate=1.31,包含 1 条 sentinel/missing 分数
ju-fufu|lucia|yidhari,"ju-fufu, lucia, yidhari",橘福福 / 卢西娅 / 伊德海莉·墨菲,B,41,8,15,2,7,6,1,2.8,0.25,5,32090,39,2,"da, sd","da:2.6.1, da:2.6.2, da:2.7.1, da:2.7.2, da:2.8.1, da:2.8.2, da:2.8.3, da:3.0.1, sd:2.6.1, sd:2.6.3, sd:2.6.4, sd:2.7.2, sd:2.7.3, sd:2.8.2, sd:2.8.3","1-1_combined.json, 1-2_combined.json, 1-3_combined.json, 5-1_combined.json, 5-2_combined.json, 5-3_combined.json, top_combined.json",hf_comps,record_count=41；phase_count=15；mode_count=2；boss_count=6；max_app_rate=2.8；median_app_rate=0.25,包含 2 条 sentinel/missing 分数
aria|lycaon|sunna,"aria, lycaon, sunna",爱芮 / 冯·莱卡恩 / 千夏,B,31,7,13,2,7,6,1,2.8,0.2,8,31990,30,1,"da, sd","da:2.6.2, da:2.7.1, da:2.7.2, da:2.8.1, da:2.8.2, da:2.8.3, da:3.0.1, sd:2.6.3, sd:2.6.4, sd:2.7.2, sd:2.7.3, sd:2.8.2, sd:2.8.3","1-1_combined.json, 1-2_combined.json, 1-3_combined.json, 5-1_combined.json, 5-2_combined.json, 5-3_combined.json, top_combined.json",hf_comps,record_count=31；phase_count=13；mode_count=2；boss_count=6；max_app_rate=2.8；median_app_rate=0.2,包含 1 条 sentinel/missing 分数
lucia|trigger|yixuan,"lucia, trigger, yixuan",卢西娅 / 「扳机」 / 仪玄,B,53,8,15,2,7,6,1,2.75,0.68,5,33173,52,1,"da, sd","da:2.6.1, da:2.6.2, da:2.7.1, da:2.7.2, da:2.8.1, da:2.8.2, da:2.8.3, da:3.0.1, sd:2.6.1, sd:2.6.3, sd:2.6.4, sd:2.7.2, sd:2.7.3, sd:2.8.2, sd:2.8.3","1-1_combined.json, 1-2_combined.json, 1-3_combined.json, 5-1_combined.json, 5-2_combined.json, 5-3_combined.json, top_combined.json",hf_comps,record_count=53；phase_count=15；mode_count=2；boss_count=6；max_app_rate=2.75；median_app_rate=0.68,包含 1 条 sentinel/missing 分数
billy-starlight|ju-fufu|lucia,"billy-starlight, ju-fufu, lucia",星徽·比利 / 橘福福 / 卢西娅,B,18,3,5,2,7,6,1,2.67,0.745,7,31988,17,1,"da, sd","da:2.8.2, da:2.8.3, da:3.0.1, sd:2.8.2, sd:2.8.3","1-1_combined.json, 1-2_combined.json, 1-3_combined.json, 5-1_combined.json, 5-2_combined.json, 5-3_combined.json, top_combined.json",hf_comps,record_count=18；phase_count=5；mode_count=2；boss_count=6；max_app_rate=2.67；median_app_rate=0.745,包含 1 条 sentinel/missing 分数
alice|miyabi|ukinami-yuzuha,"alice, miyabi, ukinami-yuzuha",爱丽丝·泰姆菲尔德 / 星见 雅 / 浮波柚叶,B,46,8,15,2,7,6,1,2.62,0.255,8,33761,42,4,"da, sd","da:2.6.1, da:2.6.2, da:2.7.1, da:2.7.2, da:2.8.1, da:2.8.2, da:2.8.3, da:3.0.1, sd:2.6.1, sd:2.6.3, sd:2.6.4, sd:2.7.2, sd:2.7.3, sd:2.8.2, sd:2.8.3","1-1_combined.json, 1-2_combined.json, 1-3_combined.json, 5-1_combined.json, 5-2_combined.json, 5-3_combined.json, top_combined.json",hf_comps,record_count=46；phase_count=15；mode_count=2；boss_count=6；max_app_rate=2.62；median_app_rate=0.255,包含 4 条 sentinel/missing 分数
astra-yao|burnice|miyabi,"astra-yao, burnice, miyabi",耀嘉音 / 柏妮思·怀特 / 星见 雅,B,45,8,15,2,7,6,1,2.53,0.27,6,32977,43,2,"da, sd","da:2.6.1, da:2.6.2, da:2.7.1, da:2.7.2, da:2.8.1, da:2.8.2, da:2.8.3, da:3.0.1, sd:2.6.1, sd:2.6.3, sd:2.6.4, sd:2.7.2, sd:2.7.3, sd:2.8.2, sd:2.8.3","1-1_combined.json, 1-2_combined.json, 1-3_combined.json, 5-1_combined.json, 5-2_combined.json, 5-3_combined.json, top_combined.json",hf_comps,record_count=45；phase_count=15；mode_count=2；boss_count=6；max_app_rate=2.53；median_app_rate=0.27,包含 2 条 sentinel/missing 分数
anby-demara-soldier-0|astra-yao|seed,"anby-demara-soldier-0, astra-yao, seed",零号·安比 / 耀嘉音 / 「席德」,B,34,8,15,2,7,6,1,2.43,0.955,8,34911,33,1,"da, sd","da:2.6.1, da:2.6.2, da:2.7.1, da:2.7.2, da:2.8.1, da:2.8.2, da:2.8.3, da:3.0.1, sd:2.6.1, sd:2.6.3, sd:2.6.4, sd:2.7.2, sd:2.7.3, sd:2.8.2, sd:2.8.3","1-1_combined.json, 1-2_combined.json, 1-3_combined.json, 5-1_combined.json, 5-2_combined.json, 5-3_combined.json, top_combined.json",hf_comps,record_count=34；phase_count=15；mode_count=2；boss_count=6；max_app_rate=2.43；median_app_rate=0.955,包含 1 条 sentinel/missing 分数
trigger|ye-shunguang|zhao,"trigger, ye-shunguang, zhao",「扳机」 / 叶瞬光 / 照,B,50,8,15,2,7,6,1,2.34,0.995,5,34864,50,0,"da, sd","da:2.6.1, da:2.6.2, da:2.7.1, da:2.7.2, da:2.8.1, da:2.8.2, da:2.8.3, da:3.0.1, sd:2.6.1, sd:2.6.3, sd:2.6.4, sd:2.7.2, sd:2.7.3, sd:2.8.2, sd:2.8.3","1-1_combined.json, 1-2_combined.json, 1-3_combined.json, 5-1_combined.json, 5-2_combined.json, 5-3_combined.json, top_combined.json",hf_comps,record_count=50；phase_count=15；mode_count=2；boss_count=6；max_app_rate=2.34；median_app_rate=0.995,有重复记录，可作普通证据
lycaon|miyabi|soukaku,"lycaon, miyabi, soukaku",冯·莱卡恩 / 星见 雅 / 苍角,B,39,8,15,2,7,6,1,2.19,0.26,9,27440,39,0,"da, sd","da:2.6.1, da:2.6.2, da:2.7.1, da:2.7.2, da:2.8.1, da:2.8.2, da:2.8.3, da:3.0.1, sd:2.6.1, sd:2.6.3, sd:2.6.4, sd:2.7.2, sd:2.7.3, sd:2.8.2, sd:2.8.3","1-1_combined.json, 1-2_combined.json, 1-3_combined.json, 5-1_combined.json, 5-2_combined.json, 5-3_combined.json, top_combined.json",hf_comps,record_count=39；phase_count=15；mode_count=2；boss_count=6；max_app_rate=2.19；median_app_rate=0.26,有重复记录，可作普通证据
alice|burnice|ukinami-yuzuha,"alice, burnice, ukinami-yuzuha",爱丽丝·泰姆菲尔德 / 柏妮思·怀特 / 浮波柚叶,B,41,8,13,2,7,6,1,2.06,0.12,10,31343,39,2,"da, sd","da:2.6.1, da:2.6.2, da:2.7.2, da:2.8.2, da:2.8.3, da:3.0.1, sd:2.6.1, sd:2.6.3, sd:2.6.4, sd:2.7.2, sd:2.7.3, sd:2.8.2, sd:2.8.3","1-1_combined.json, 1-2_combined.json, 1-3_combined.json, 5-1_combined.json, 5-2_combined.json, 5-3_combined.json, top_combined.json",hf_comps,record_count=41；phase_count=13；mode_count=2；boss_count=6；max_app_rate=2.06；median_app_rate=0.12,包含 2 条 sentinel/missing 分数
astra-yao|lucia|yixuan,"astra-yao, lucia, yixuan",耀嘉音 / 卢西娅 / 仪玄,B,52,8,15,2,7,6,1,2.01,0.725,6,33658,52,0,"da, sd","da:2.6.1, da:2.6.2, da:2.7.1, da:2.7.2, da:2.8.1, da:2.8.2, da:2.8.3, da:3.0.1, sd:2.6.1, sd:2.6.3, sd:2.6.4, sd:2.7.2, sd:2.7.3, sd:2.8.2, sd:2.8.3","1-1_combined.json, 1-2_combined.json, 1-3_combined.json, 5-1_combined.json, 5-2_combined.json, 5-3_combined.json, top_combined.json",hf_comps,record_count=52；phase_count=15；mode_count=2；boss_count=6；max_app_rate=2.01；median_app_rate=0.725,有重复记录，可作普通证据
ju-fufu|ye-shunguang|zhao,"ju-fufu, ye-shunguang, zhao",橘福福 / 叶瞬光 / 照,B,52,8,15,2,7,6,1,1.96,0.565,6,34537,51,1,"da, sd","da:2.6.1, da:2.6.2, da:2.7.1, da:2.7.2, da:2.8.1, da:2.8.2, da:2.8.3, da:3.0.1, sd:2.6.1, sd:2.6.3, sd:2.6.4, sd:2.7.2, sd:2.7.3, sd:2.8.2, sd:2.8.3","1-1_combined.json, 1-2_combined.json, 1-3_combined.json, 5-1_combined.json, 5-2_combined.json, 5-3_combined.json, top_combined.json",hf_comps,record_count=52；phase_count=15；mode_count=2；boss_count=6；max_app_rate=1.96；median_app_rate=0.565,包含 1 条 sentinel/missing 分数
alice|jane-doe|ukinami-yuzuha,"alice, jane-doe, ukinami-yuzuha",爱丽丝·泰姆菲尔德 / 简·杜 / 浮波柚叶,B,50,8,15,2,7,6,1,1.96,0.38,7,31340,44,6,"da, sd","da:2.6.1, da:2.6.2, da:2.7.1, da:2.7.2, da:2.8.1, da:2.8.2, da:2.8.3, da:3.0.1, sd:2.6.1, sd:2.6.3, sd:2.6.4, sd:2.7.2, sd:2.7.3, sd:2.8.2, sd:2.8.3","1-1_combined.json, 1-2_combined.json, 1-3_combined.json, 5-1_combined.json, 5-2_combined.json, 5-3_combined.json, top_combined.json",hf_comps,record_count=50；phase_count=15；mode_count=2；boss_count=6；max_app_rate=1.96；median_app_rate=0.38,包含 6 条 sentinel/missing 分数
astra-yao|evelyn|ju-fufu,"astra-yao, evelyn, ju-fufu",耀嘉音 / 伊芙琳·舒瓦利耶 / 橘福福,B,35,8,15,2,7,6,1,1.96,0.08,7,33431,31,4,"da, sd","da:2.6.1, da:2.6.2, da:2.7.1, da:2.7.2, da:2.8.1, da:2.8.2, da:2.8.3, da:3.0.1, sd:2.6.1, sd:2.6.3, sd:2.6.4, sd:2.7.2, sd:2.7.3, sd:2.8.2, sd:2.8.3","1-1_combined.json, 1-2_combined.json, 1-3_combined.json, 5-1_combined.json, 5-2_combined.json, 5-3_combined.json, top_combined.json",hf_comps,record_count=35；phase_count=15；mode_count=2；boss_count=6；max_app_rate=1.96；median_app_rate=0.08,包含 4 条 sentinel/missing 分数
alice|ukinami-yuzuha|yanagi,"alice, ukinami-yuzuha, yanagi",爱丽丝·泰姆菲尔德 / 浮波柚叶 / 月城 柳,B,42,8,15,2,7,6,1,1.95,0.09,10,31404,42,0,"da, sd","da:2.6.1, da:2.6.2, da:2.7.1, da:2.7.2, da:2.8.1, da:2.8.2, da:2.8.3, da:3.0.1, sd:2.6.1, sd:2.6.3, sd:2.6.4, sd:2.7.2, sd:2.7.3, sd:2.8.2, sd:2.8.3","1-1_combined.json, 1-2_combined.json, 1-3_combined.json, 5-1_combined.json, 5-2_combined.json, 5-3_combined.json, top_combined.json",hf_comps,record_count=42；phase_count=15；mode_count=2；boss_count=6；max_app_rate=1.95；median_app_rate=0.09,有重复记录，可作普通证据
dialyn|pan-yinhu|yixuan,"dialyn, pan-yinhu, yixuan",琉音 / 潘引壶 / 仪玄,B,50,8,15,2,7,6,1,1.89,0.225,7,29344,48,2,"da, sd","da:2.6.1, da:2.6.2, da:2.7.1, da:2.7.2, da:2.8.1, da:2.8.2, da:2.8.3, da:3.0.1, sd:2.6.1, sd:2.6.3, sd:2.6.4, sd:2.7.2, sd:2.7.3, sd:2.8.2, sd:2.8.3","1-1_combined.json, 1-2_combined.json, 1-3_combined.json, 5-1_combined.json, 5-2_combined.json, 5-3_combined.json, top_combined.json",hf_comps,record_count=50；phase_count=15；mode_count=2；boss_count=6；max_app_rate=1.89；median_app_rate=0.225,包含 2 条 sentinel/missing 分数
anby-demara-soldier-0|astra-yao|orphie-and-magus,"anby-demara-soldier-0, astra-yao, orphie-and-magus",零号·安比 / 耀嘉音 / 奥菲丝·马格努森 & 「鬼火」,B,43,8,15,2,7,6,1,1.78,0.14,10,35651,42,1,"da, sd","da:2.6.1, da:2.6.2, da:2.7.1, da:2.7.2, da:2.8.1, da:2.8.2, da:2.8.3, da:3.0.1, sd:2.6.1, sd:2.6.3, sd:2.6.4, sd:2.7.2, sd:2.7.3, sd:2.8.2, sd:2.8.3","1-1_combined.json, 1-2_combined.json, 1-3_combined.json, 5-1_combined.json, 5-2_combined.json, 5-3_combined.json, top_combined.json",hf_comps,record_count=43；phase_count=15；mode_count=2；boss_count=6；max_app_rate=1.78；median_app_rate=0.14,包含 1 条 sentinel/missing 分数
astra-yao|dialyn|pyrois,"astra-yao, dialyn, pyrois",耀嘉音 / 琉音 / Pyrois,B,7,1,2,2,6,5,1,1.71,0.03,10,22855,3,4,"da, sd","da:3.0.1, sd:2.8.3","1-1_combined.json, 1-2_combined.json, 1-3_combined.json, 5-2_combined.json, 5-3_combined.json, top_combined.json",hf_comps,record_count=7；phase_count=2；mode_count=2；boss_count=5；max_app_rate=1.71；median_app_rate=0.03,包含 4 条 sentinel/missing 分数
astra-yao|orphie-and-magus|seed,"astra-yao, orphie-and-magus, seed",耀嘉音 / 奥菲丝·马格努森 & 「鬼火」 / 「席德」,B,34,7,13,2,7,6,1,1.66,0.335,12,36475,34,0,"da, sd","da:2.6.1, da:2.6.2, da:2.7.1, da:2.7.2, da:2.8.1, da:2.8.3, sd:2.6.1, sd:2.6.3, sd:2.6.4, sd:2.7.2, sd:2.7.3, sd:2.8.2, sd:2.8.3","1-1_combined.json, 1-2_combined.json, 1-3_combined.json, 5-1_combined.json, 5-2_combined.json, 5-3_combined.json, top_combined.json",hf_comps,record_count=34；phase_count=13；mode_count=2；boss_count=6；max_app_rate=1.66；median_app_rate=0.335,有重复记录，可作普通证据
hugo|lighter|lycaon,"hugo, lighter, lycaon",雨果·维拉德 / 莱特 / 冯·莱卡恩,B,52,8,15,2,7,6,1,1.65,0.13,11,28894,43,9,"da, sd","da:2.6.1, da:2.6.2, da:2.7.1, da:2.7.2, da:2.8.1, da:2.8.2, da:2.8.3, da:3.0.1, sd:2.6.1, sd:2.6.3, sd:2.6.4, sd:2.7.2, sd:2.7.3, sd:2.8.2, sd:2.8.3","1-1_combined.json, 1-2_combined.json, 1-3_combined.json, 5-1_combined.json, 5-2_combined.json, 5-3_combined.json, top_combined.json",hf_comps,record_count=52；phase_count=15；mode_count=2；boss_count=6；max_app_rate=1.65；median_app_rate=0.13,包含 9 条 sentinel/missing 分数
astra-yao|dialyn|yixuan,"astra-yao, dialyn, yixuan",耀嘉音 / 琉音 / 仪玄,B,51,8,15,2,7,6,1,1.62,0.34,9,30629,50,1,"da, sd","da:2.6.1, da:2.6.2, da:2.7.1, da:2.7.2, da:2.8.1, da:2.8.2, da:2.8.3, da:3.0.1, sd:2.6.1, sd:2.6.3, sd:2.6.4, sd:2.7.2, sd:2.7.3, sd:2.8.2, sd:2.8.3","1-1_combined.json, 1-2_combined.json, 1-3_combined.json, 5-1_combined.json, 5-2_combined.json, 5-3_combined.json, top_combined.json",hf_comps,record_count=51；phase_count=15；mode_count=2；boss_count=6；max_app_rate=1.62；median_app_rate=0.34,包含 1 条 sentinel/missing 分数
astra-yao|cissia|trigger,"astra-yao, cissia, trigger",耀嘉音 / 希希芙 / 「扳机」,B,24,5,9,2,7,6,1,1.61,0.38,12,34342,23,1,"da, sd","da:2.7.2, da:2.8.1, da:2.8.2, da:2.8.3, da:3.0.1, sd:2.7.2, sd:2.7.3, sd:2.8.2, sd:2.8.3","1-1_combined.json, 1-2_combined.json, 1-3_combined.json, 5-1_combined.json, 5-2_combined.json, 5-3_combined.json, top_combined.json",hf_comps,record_count=24；phase_count=9；mode_count=2；boss_count=6；max_app_rate=1.61；median_app_rate=0.38,包含 1 条 sentinel/missing 分数
astra-yao|ju-fufu|pyrois,"astra-yao, ju-fufu, pyrois",耀嘉音 / 橘福福 / Pyrois,B,4,1,2,2,3,2,1,1.61,0.74,12,23101,2,2,"da, sd","da:3.0.1, sd:2.8.3","1-2_combined.json, 1-3_combined.json, top_combined.json",hf_comps,record_count=4；phase_count=2；mode_count=2；boss_count=2；max_app_rate=1.61；median_app_rate=0.74,包含 2 条 sentinel/missing 分数
miyabi|nangong-yu|sunna,"miyabi, nangong-yu, sunna",星见 雅 / 南宫羽 / 千夏,B,38,6,11,2,7,6,1,1.59,0.2,12,34822,37,1,"da, sd","da:2.7.1, da:2.7.2, da:2.8.1, da:2.8.2, da:2.8.3, da:3.0.1, sd:2.6.4, sd:2.7.2, sd:2.7.3, sd:2.8.2, sd:2.8.3","1-1_combined.json, 1-2_combined.json, 1-3_combined.json, 5-1_combined.json, 5-2_combined.json, 5-3_combined.json, top_combined.json",hf_comps,record_count=38；phase_count=11；mode_count=2；boss_count=6；max_app_rate=1.59；median_app_rate=0.2,包含 1 条 sentinel/missing 分数
caesar|ye-shunguang|zhao,"caesar, ye-shunguang, zhao",凯撒·金 / 叶瞬光 / 照,B,51,8,15,2,7,6,1,1.56,0.39,5,33377,48,3,"da, sd","da:2.6.1, da:2.6.2, da:2.7.1, da:2.7.2, da:2.8.1, da:2.8.2, da:2.8.3, da:3.0.1, sd:2.6.1, sd:2.6.3, sd:2.6.4, sd:2.7.2, sd:2.7.3, sd:2.8.2, sd:2.8.3","1-1_combined.json, 1-2_combined.json, 1-3_combined.json, 5-1_combined.json, 5-2_combined.json, 5-3_combined.json, top_combined.json",hf_comps,record_count=51；phase_count=15；mode_count=2；boss_count=6；max_app_rate=1.56；median_app_rate=0.39,包含 3 条 sentinel/missing 分数
astra-yao|miyabi|nicole-demara,"astra-yao, miyabi, nicole-demara",耀嘉音 / 星见 雅 / 妮可·德玛拉,B,48,8,15,2,7,6,1,1.52,0.385,12,31781,44,4,"da, sd","da:2.6.1, da:2.6.2, da:2.7.1, da:2.7.2, da:2.8.1, da:2.8.2, da:2.8.3, da:3.0.1, sd:2.6.1, sd:2.6.3, sd:2.6.4, sd:2.7.2, sd:2.7.3, sd:2.8.2, sd:2.8.3","1-1_combined.json, 1-2_combined.json, 1-3_combined.json, 5-1_combined.json, 5-2_combined.json, 5-3_combined.json, top_combined.json",hf_comps,record_count=48；phase_count=15；mode_count=2；boss_count=6；max_app_rate=1.52；median_app_rate=0.385,包含 4 条 sentinel/missing 分数
lucia|qingyi|yixuan,"lucia, qingyi, yixuan",卢西娅 / 青衣 / 仪玄,B,48,8,15,2,7,6,1,1.5,0.235,7,33528,46,2,"da, sd","da:2.6.1, da:2.6.2, da:2.7.1, da:2.7.2, da:2.8.1, da:2.8.2, da:2.8.3, da:3.0.1, sd:2.6.1, sd:2.6.3, sd:2.6.4, sd:2.7.2, sd:2.7.3, sd:2.8.2, sd:2.8.3","1-1_combined.json, 1-2_combined.json, 1-3_combined.json, 5-1_combined.json, 5-2_combined.json, 5-3_combined.json, top_combined.json",hf_comps,record_count=48；phase_count=15；mode_count=2；boss_count=6；max_app_rate=1.5；median_app_rate=0.235,包含 2 条 sentinel/missing 分数
nicole-demara|ye-shunguang|zhao,"nicole-demara, ye-shunguang, zhao",妮可·德玛拉 / 叶瞬光 / 照,B,51,8,15,2,7,6,1,1.47,0.29,7,32119,50,1,"da, sd","da:2.6.1, da:2.6.2, da:2.7.1, da:2.7.2, da:2.8.1, da:2.8.2, da:2.8.3, da:3.0.1, sd:2.6.1, sd:2.6.3, sd:2.6.4, sd:2.7.2, sd:2.7.3, sd:2.8.2, sd:2.8.3","1-1_combined.json, 1-2_combined.json, 1-3_combined.json, 5-1_combined.json, 5-2_combined.json, 5-3_combined.json, top_combined.json",hf_comps,record_count=51；phase_count=15；mode_count=2；boss_count=6；max_app_rate=1.47；median_app_rate=0.29,包含 1 条 sentinel/missing 分数
astra-yao|evelyn|koleda,"astra-yao, evelyn, koleda",耀嘉音 / 伊芙琳·舒瓦利耶 / 珂蕾妲·贝洛伯格,B,26,8,12,2,7,6,1,1.32,0.03,10,28592,16,10,"da, sd","da:2.6.1, da:2.6.2, da:2.7.1, da:2.7.2, da:2.8.1, da:2.8.2, sd:2.6.1, sd:2.6.3, sd:2.6.4, sd:2.7.3, sd:2.8.2, sd:2.8.3","1-1_combined.json, 1-2_combined.json, 1-3_combined.json, 5-1_combined.json, 5-2_combined.json, 5-3_combined.json, top_combined.json",hf_comps,record_count=26；phase_count=12；mode_count=2；boss_count=6；max_app_rate=1.32；median_app_rate=0.03,包含 10 条 sentinel/missing 分数
burnice|ukinami-yuzuha|yanagi,"burnice, ukinami-yuzuha, yanagi",柏妮思·怀特 / 浮波柚叶 / 月城 柳,B,36,8,14,2,7,6,1,1.29,0.055,15,32709,31,5,"da, sd","da:2.6.1, da:2.6.2, da:2.7.1, da:2.7.2, da:2.8.1, da:2.8.2, da:3.0.1, sd:2.6.1, sd:2.6.3, sd:2.6.4, sd:2.7.2, sd:2.7.3, sd:2.8.2, sd:2.8.3","1-1_combined.json, 1-2_combined.json, 1-3_combined.json, 5-1_combined.json, 5-2_combined.json, 5-3_combined.json, top_combined.json",hf_comps,record_count=36；phase_count=14；mode_count=2；boss_count=6；max_app_rate=1.29；median_app_rate=0.055,包含 5 条 sentinel/missing 分数
jane-doe|nangong-yu|ukinami-yuzuha,"jane-doe, nangong-yu, ukinami-yuzuha",简·杜 / 南宫羽 / 浮波柚叶,B,27,6,10,2,6,5,1,1.29,0.15,14,34460,27,0,"da, sd","da:2.7.1, da:2.7.2, da:2.8.2, da:2.8.3, da:3.0.1, sd:2.6.4, sd:2.7.2, sd:2.7.3, sd:2.8.2, sd:2.8.3","1-1_combined.json, 1-3_combined.json, 5-1_combined.json, 5-2_combined.json, 5-3_combined.json, top_combined.json",hf_comps,record_count=27；phase_count=10；mode_count=2；boss_count=5；max_app_rate=1.29；median_app_rate=0.15,有重复记录，可作普通证据
astra-yao|ju-fufu|yixuan,"astra-yao, ju-fufu, yixuan",耀嘉音 / 橘福福 / 仪玄,B,49,8,15,2,7,6,1,1.25,0.23,9,32509,47,2,"da, sd","da:2.6.1, da:2.6.2, da:2.7.1, da:2.7.2, da:2.8.1, da:2.8.2, da:2.8.3, da:3.0.1, sd:2.6.1, sd:2.6.3, sd:2.6.4, sd:2.7.2, sd:2.7.3, sd:2.8.2, sd:2.8.3","1-1_combined.json, 1-2_combined.json, 1-3_combined.json, 5-1_combined.json, 5-2_combined.json, 5-3_combined.json, top_combined.json",hf_comps,record_count=49；phase_count=15；mode_count=2；boss_count=6；max_app_rate=1.25；median_app_rate=0.23,包含 2 条 sentinel/missing 分数
astra-yao|lighter|soldier-11,"astra-yao, lighter, soldier-11",耀嘉音 / 莱特 / 「11号」,B,50,8,15,2,7,6,1,1.21,0.155,11,32735,49,1,"da, sd","da:2.6.1, da:2.6.2, da:2.7.1, da:2.7.2, da:2.8.1, da:2.8.2, da:2.8.3, da:3.0.1, sd:2.6.1, sd:2.6.3, sd:2.6.4, sd:2.7.2, sd:2.7.3, sd:2.8.2, sd:2.8.3","1-1_combined.json, 1-2_combined.json, 1-3_combined.json, 5-1_combined.json, 5-2_combined.json, 5-3_combined.json, top_combined.json",hf_comps,record_count=50；phase_count=15；mode_count=2；boss_count=6；max_app_rate=1.21；median_app_rate=0.155,包含 1 条 sentinel/missing 分数
astra-yao|promeia|vivian,"astra-yao, promeia, vivian",耀嘉音 / 普罗米娅 / 薇薇安·班希,B,17,4,7,2,7,6,1,1.21,0.27,11,32420,17,0,"da, sd","da:2.8.1, da:2.8.2, da:2.8.3, da:3.0.1, sd:2.7.3, sd:2.8.2, sd:2.8.3","1-1_combined.json, 1-2_combined.json, 1-3_combined.json, 5-1_combined.json, 5-2_combined.json, 5-3_combined.json, top_combined.json",hf_comps,record_count=17；phase_count=7；mode_count=2；boss_count=6；max_app_rate=1.21；median_app_rate=0.27,有重复记录，可作普通证据
burnice|ukinami-yuzuha|vivian,"burnice, ukinami-yuzuha, vivian",柏妮思·怀特 / 浮波柚叶 / 薇薇安·班希,B,46,8,15,2,7,6,1,1.2,0.085,12,33414,37,9,"da, sd","da:2.6.1, da:2.6.2, da:2.7.1, da:2.7.2, da:2.8.1, da:2.8.2, da:2.8.3, da:3.0.1, sd:2.6.1, sd:2.6.3, sd:2.6.4, sd:2.7.2, sd:2.7.3, sd:2.8.2, sd:2.8.3","1-1_combined.json, 1-2_combined.json, 1-3_combined.json, 5-1_combined.json, 5-2_combined.json, 5-3_combined.json, top_combined.json",hf_comps,record_count=46；phase_count=15；mode_count=2；boss_count=6；max_app_rate=1.2；median_app_rate=0.085,包含 9 条 sentinel/missing 分数
ukinami-yuzuha|velina|vivian,"ukinami-yuzuha, velina, vivian",浮波柚叶 / 维琳娜·艾嘉德 / 薇薇安·班希,B,4,1,2,2,3,2,1,1.17,0.53,13,31953,4,0,"da, sd","da:3.0.1, sd:2.8.3","1-1_combined.json, 5-1_combined.json, top_combined.json",hf_comps,record_count=4；phase_count=2；mode_count=2；boss_count=2；max_app_rate=1.17；median_app_rate=0.53,有重复记录，可作普通证据
nangong-yu|ukinami-yuzuha|vivian,"nangong-yu, ukinami-yuzuha, vivian",南宫羽 / 浮波柚叶 / 薇薇安·班希,B,19,5,10,2,6,5,1,1.16,0.07,15,32123,19,0,"da, sd","da:2.7.1, da:2.7.2, da:2.8.1, da:2.8.2, da:2.8.3, sd:2.6.4, sd:2.7.2, sd:2.7.3, sd:2.8.2, sd:2.8.3","1-1_combined.json, 1-3_combined.json, 5-1_combined.json, 5-2_combined.json, 5-3_combined.json, top_combined.json",hf_comps,record_count=19；phase_count=10；mode_count=2；boss_count=5；max_app_rate=1.16；median_app_rate=0.07,有重复记录，可作普通证据
dialyn|lucia|manato,"dialyn, lucia, manato",琉音 / 卢西娅 / 狛野真斗,B,33,8,15,2,6,5,1,1.14,0.28,10,29621,31,2,"da, sd","da:2.6.1, da:2.6.2, da:2.7.1, da:2.7.2, da:2.8.1, da:2.8.2, da:2.8.3, da:3.0.1, sd:2.6.1, sd:2.6.3, sd:2.6.4, sd:2.7.2, sd:2.7.3, sd:2.8.2, sd:2.8.3","1-2_combined.json, 1-3_combined.json, 5-1_combined.json, 5-2_combined.json, 5-3_combined.json, top_combined.json",hf_comps,record_count=33；phase_count=15；mode_count=2；boss_count=5；max_app_rate=1.14；median_app_rate=0.28,包含 2 条 sentinel/missing 分数
aria|nangong-yu|velina,"aria, nangong-yu, velina",爱芮 / 南宫羽 / 维琳娜·艾嘉德,B,4,1,2,2,3,2,1,1.14,0.53,14,32768,4,0,"da, sd","da:3.0.1, sd:2.8.3","1-1_combined.json, 5-1_combined.json, top_combined.json",hf_comps,record_count=4；phase_count=2；mode_count=2；boss_count=2；max_app_rate=1.14；median_app_rate=0.53,有重复记录，可作普通证据
aria|astra-yao|nangong-yu,"aria, astra-yao, nangong-yu",爱芮 / 耀嘉音 / 南宫羽,B,26,6,11,2,7,6,1,1.13,0.13,13,32761,26,0,"da, sd","da:2.7.1, da:2.7.2, da:2.8.1, da:2.8.2, da:2.8.3, da:3.0.1, sd:2.6.4, sd:2.7.2, sd:2.7.3, sd:2.8.2, sd:2.8.3","1-1_combined.json, 1-2_combined.json, 1-3_combined.json, 5-1_combined.json, 5-2_combined.json, 5-3_combined.json, top_combined.json",hf_comps,record_count=26；phase_count=11；mode_count=2；boss_count=6；max_app_rate=1.13；median_app_rate=0.13,有重复记录，可作普通证据
burnice|jane-doe|ukinami-yuzuha,"burnice, jane-doe, ukinami-yuzuha",柏妮思·怀特 / 简·杜 / 浮波柚叶,B,30,7,10,2,7,6,1,1.12,0.12,13,29320,28,2,"da, sd","da:2.6.1, da:2.8.2, da:2.8.3, da:3.0.1, sd:2.6.1, sd:2.6.3, sd:2.6.4, sd:2.7.3, sd:2.8.2, sd:2.8.3","1-1_combined.json, 1-2_combined.json, 1-3_combined.json, 5-1_combined.json, 5-2_combined.json, 5-3_combined.json, top_combined.json",hf_comps,record_count=30；phase_count=10；mode_count=2；boss_count=6；max_app_rate=1.12；median_app_rate=0.12,包含 2 条 sentinel/missing 分数
banyue|ju-fufu|lucia,"banyue, ju-fufu, lucia",般岳 / 橘福福 / 卢西娅,B,41,8,15,2,7,6,1,1.08,0.16,12,33613,39,2,"da, sd","da:2.6.1, da:2.6.2, da:2.7.1, da:2.7.2, da:2.8.1, da:2.8.2, da:2.8.3, da:3.0.1, sd:2.6.1, sd:2.6.3, sd:2.6.4, sd:2.7.2, sd:2.7.3, sd:2.8.2, sd:2.8.3","1-1_combined.json, 1-2_combined.json, 1-3_combined.json, 5-1_combined.json, 5-2_combined.json, 5-3_combined.json, top_combined.json",hf_comps,record_count=41；phase_count=15；mode_count=2；boss_count=6；max_app_rate=1.08；median_app_rate=0.16,包含 2 条 sentinel/missing 分数
aria|sunna|vivian,"aria, sunna, vivian",爱芮 / 千夏 / 薇薇安·班希,B,17,5,8,2,7,6,1,1.08,0.1,12,29827,17,0,"da, sd","da:2.6.2, da:2.7.1, da:2.7.2, da:2.8.2, sd:2.6.3, sd:2.6.4, sd:2.7.2, sd:2.7.3","1-1_combined.json, 1-2_combined.json, 1-3_combined.json, 5-1_combined.json, 5-2_combined.json, 5-3_combined.json, top_combined.json",hf_comps,record_count=17；phase_count=8；mode_count=2；boss_count=6；max_app_rate=1.08；median_app_rate=0.1,有重复记录，可作普通证据
astra-yao|miyabi|ukinami-yuzuha,"astra-yao, miyabi, ukinami-yuzuha",耀嘉音 / 星见 雅 / 浮波柚叶,B,49,8,15,2,7,6,1,1.05,0.24,15,32656,39,10,"da, sd","da:2.6.1, da:2.6.2, da:2.7.1, da:2.7.2, da:2.8.1, da:2.8.2, da:2.8.3, da:3.0.1, sd:2.6.1, sd:2.6.3, sd:2.6.4, sd:2.7.2, sd:2.7.3, sd:2.8.2, sd:2.8.3","1-1_combined.json, 1-2_combined.json, 1-3_combined.json, 5-1_combined.json, 5-2_combined.json, 5-3_combined.json, top_combined.json",hf_comps,record_count=49；phase_count=15；mode_count=2；boss_count=6；max_app_rate=1.05；median_app_rate=0.24,包含 10 条 sentinel/missing 分数
astra-yao|dialyn|ye-shunguang,"astra-yao, dialyn, ye-shunguang",耀嘉音 / 琉音 / 叶瞬光,B,47,8,15,2,7,6,1,1.05,0.39,6,36926,46,1,"da, sd","da:2.6.1, da:2.6.2, da:2.7.1, da:2.7.2, da:2.8.1, da:2.8.2, da:2.8.3, da:3.0.1, sd:2.6.1, sd:2.6.3, sd:2.6.4, sd:2.7.2, sd:2.7.3, sd:2.8.2, sd:2.8.3","1-1_combined.json, 1-2_combined.json, 1-3_combined.json, 5-1_combined.json, 5-2_combined.json, 5-3_combined.json, top_combined.json",hf_comps,record_count=47；phase_count=15；mode_count=2；boss_count=6；max_app_rate=1.05；median_app_rate=0.39,包含 1 条 sentinel/missing 分数
harumasa|seed|trigger,"harumasa, seed, trigger",浅羽 悠真 / 「席德」 / 「扳机」,B,25,7,13,2,7,6,1,1.05,0.34,15,30851,22,3,"da, sd","da:2.6.1, da:2.6.2, da:2.7.1, da:2.7.2, da:2.8.1, da:2.8.2, da:2.8.3, sd:2.6.1, sd:2.6.3, sd:2.6.4, sd:2.7.2, sd:2.7.3, sd:2.8.2","1-1_combined.json, 1-2_combined.json, 1-3_combined.json, 5-1_combined.json, 5-2_combined.json, 5-3_combined.json, top_combined.json",hf_comps,record_count=25；phase_count=13；mode_count=2；boss_count=6；max_app_rate=1.05；median_app_rate=0.34,包含 3 条 sentinel/missing 分数
lucia|pulchra|yixuan,"lucia, pulchra, yixuan",卢西娅 / 波可娜·费雷尼 / 仪玄,B,49,8,15,2,7,6,1,1.04,0.33,12,30466,48,1,"da, sd","da:2.6.1, da:2.6.2, da:2.7.1, da:2.7.2, da:2.8.1, da:2.8.2, da:2.8.3, da:3.0.1, sd:2.6.1, sd:2.6.3, sd:2.6.4, sd:2.7.2, sd:2.7.3, sd:2.8.2, sd:2.8.3","1-1_combined.json, 1-2_combined.json, 1-3_combined.json, 5-1_combined.json, 5-2_combined.json, 5-3_combined.json, top_combined.json",hf_comps,record_count=49；phase_count=15；mode_count=2；boss_count=6；max_app_rate=1.04；median_app_rate=0.33,包含 1 条 sentinel/missing 分数
astra-yao|pan-yinhu|yixuan,"astra-yao, pan-yinhu, yixuan",耀嘉音 / 潘引壶 / 仪玄,B,43,8,15,2,7,6,1,1.03,0.13,13,29930,38,5,"da, sd","da:2.6.1, da:2.6.2, da:2.7.1, da:2.7.2, da:2.8.1, da:2.8.2, da:2.8.3, da:3.0.1, sd:2.6.1, sd:2.6.3, sd:2.6.4, sd:2.7.2, sd:2.7.3, sd:2.8.2, sd:2.8.3","1-1_combined.json, 1-2_combined.json, 1-3_combined.json, 5-1_combined.json, 5-2_combined.json, 5-3_combined.json, top_combined.json",hf_comps,record_count=43；phase_count=15；mode_count=2；boss_count=6；max_app_rate=1.03；median_app_rate=0.13,包含 5 条 sentinel/missing 分数
astra-yao|pyrois|trigger,"astra-yao, pyrois, trigger",耀嘉音 / Pyrois / 「扳机」,B-,3,1,1,1,3,2,1,1.14,1.06,15,22390,2,1,da,da:3.0.1,"1-1_combined.json, 1-2_combined.json, top_combined.json",hf_comps,record_count=3；phase_count=1；mode_count=1；boss_count=2；max_app_rate=1.14；median_app_rate=1.06,包含 1 条 sentinel/missing 分数；记录稀疏或出场率较低
ju-fufu|lucia|manato,"ju-fufu, lucia, manato",橘福福 / 卢西娅 / 狛野真斗,B-,33,8,15,2,6,5,1,0.98,0.1,14,28079,29,4,"da, sd","da:2.6.1, da:2.6.2, da:2.7.1, da:2.7.2, da:2.8.1, da:2.8.2, da:2.8.3, da:3.0.1, sd:2.6.1, sd:2.6.3, sd:2.6.4, sd:2.7.2, sd:2.7.3, sd:2.8.2, sd:2.8.3","1-2_combined.json, 1-3_combined.json, 5-1_combined.json, 5-2_combined.json, 5-3_combined.json, top_combined.json",hf_comps,record_count=33；phase_count=15；mode_count=2；boss_count=5；max_app_rate=0.98；median_app_rate=0.1,包含 4 条 sentinel/missing 分数；记录稀疏或出场率较低
aria|astra-yao|sunna,"aria, astra-yao, sunna",爱芮 / 耀嘉音 / 千夏,B-,20,7,11,2,7,6,1,0.93,0.195,13,32007,17,3,"da, sd","da:2.6.2, da:2.7.1, da:2.7.2, da:2.8.1, da:2.8.2, da:2.8.3, da:3.0.1, sd:2.6.3, sd:2.6.4, sd:2.7.2, sd:2.7.3","1-1_combined.json, 1-2_combined.json, 1-3_combined.json, 5-1_combined.json, 5-2_combined.json, 5-3_combined.json, top_combined.json",hf_comps,record_count=20；phase_count=11；mode_count=2；boss_count=6；max_app_rate=0.93；median_app_rate=0.195,包含 3 条 sentinel/missing 分数；记录稀疏或出场率较低
aria|sunna|velina,"aria, sunna, velina",爱芮 / 千夏 / 维琳娜·艾嘉德,B-,4,1,2,2,3,2,1,0.91,0.38,16,27511,4,0,"da, sd","da:3.0.1, sd:2.8.3","1-1_combined.json, 5-1_combined.json, top_combined.json",hf_comps,record_count=4；phase_count=2；mode_count=2；boss_count=2；max_app_rate=0.91；median_app_rate=0.38,记录稀疏或出场率较低
nangong-yu|ukinami-yuzuha|velina,"nangong-yu, ukinami-yuzuha, velina",南宫羽 / 浮波柚叶 / 维琳娜·艾嘉德,B-,4,1,2,2,3,2,1,0.91,0.425,16,37952,4,0,"da, sd","da:3.0.1, sd:2.8.3","1-1_combined.json, 5-1_combined.json, top_combined.json",hf_comps,record_count=4；phase_count=2；mode_count=2；boss_count=2；max_app_rate=0.91；median_app_rate=0.425,记录稀疏或出场率较低
astra-yao|evelyn|seed,"astra-yao, evelyn, seed",耀嘉音 / 伊芙琳·舒瓦利耶 / 「席德」,B-,34,8,13,2,7,6,1,0.86,0.165,18,33832,31,3,"da, sd","da:2.6.1, da:2.6.2, da:2.7.1, da:2.7.2, da:2.8.1, da:2.8.3, sd:2.6.1, sd:2.6.3, sd:2.6.4, sd:2.7.2, sd:2.7.3, sd:2.8.2, sd:2.8.3","1-1_combined.json, 1-2_combined.json, 1-3_combined.json, 5-1_combined.json, 5-2_combined.json, 5-3_combined.json, top_combined.json",hf_comps,record_count=34；phase_count=13；mode_count=2；boss_count=6；max_app_rate=0.86；median_app_rate=0.165,包含 3 条 sentinel/missing 分数；记录稀疏或出场率较低
astra-yao|nicole-demara|pyrois,"astra-yao, nicole-demara, pyrois",耀嘉音 / 妮可·德玛拉 / Pyrois,B-,4,1,1,1,4,3,1,0.86,0.42,19,25153,2,2,da,da:3.0.1,"1-1_combined.json, 1-2_combined.json, 1-3_combined.json, top_combined.json",hf_comps,record_count=4；phase_count=1；mode_count=1；boss_count=3；max_app_rate=0.86；median_app_rate=0.42,包含 2 条 sentinel/missing 分数；记录稀疏或出场率较低
astra-yao|lycaon|miyabi,"astra-yao, lycaon, miyabi",耀嘉音 / 冯·莱卡恩 / 星见 雅,B-,39,8,15,2,7,6,1,0.85,0.12,20,27293,31,8,"da, sd","da:2.6.1, da:2.6.2, da:2.7.1, da:2.7.2, da:2.8.1, da:2.8.2, da:2.8.3, da:3.0.1, sd:2.6.1, sd:2.6.3, sd:2.6.4, sd:2.7.2, sd:2.7.3, sd:2.8.2, sd:2.8.3","1-1_combined.json, 1-2_combined.json, 1-3_combined.json, 5-1_combined.json, 5-2_combined.json, 5-3_combined.json, top_combined.json",hf_comps,record_count=39；phase_count=15；mode_count=2；boss_count=6；max_app_rate=0.85；median_app_rate=0.12,包含 8 条 sentinel/missing 分数；记录稀疏或出场率较低
seed|ye-shunguang|zhao,"seed, ye-shunguang, zhao",「席德」 / 叶瞬光 / 照,B-,46,8,15,2,7,6,1,0.84,0.37,11,35315,45,1,"da, sd","da:2.6.1, da:2.6.2, da:2.7.1, da:2.7.2, da:2.8.1, da:2.8.2, da:2.8.3, da:3.0.1, sd:2.6.1, sd:2.6.3, sd:2.6.4, sd:2.7.2, sd:2.7.3, sd:2.8.2, sd:2.8.3","1-1_combined.json, 1-2_combined.json, 1-3_combined.json, 5-1_combined.json, 5-2_combined.json, 5-3_combined.json, top_combined.json",hf_comps,record_count=46；phase_count=15；mode_count=2；boss_count=6；max_app_rate=0.84；median_app_rate=0.37,包含 1 条 sentinel/missing 分数；记录稀疏或出场率较低
nangong-yu|promeia|sunna,"nangong-yu, promeia, sunna",南宫羽 / 普罗米娅 / 千夏,B-,17,4,7,2,7,6,1,0.82,0.14,15,35608,17,0,"da, sd","da:2.8.1, da:2.8.2, da:2.8.3, da:3.0.1, sd:2.7.3, sd:2.8.2, sd:2.8.3","1-1_combined.json, 1-2_combined.json, 1-3_combined.json, 5-1_combined.json, 5-2_combined.json, 5-3_combined.json, top_combined.json",hf_comps,record_count=17；phase_count=7；mode_count=2；boss_count=6；max_app_rate=0.82；median_app_rate=0.14,记录稀疏或出场率较低
astra-yao|vivian|yanagi,"astra-yao, vivian, yanagi",耀嘉音 / 薇薇安·班希 / 月城 柳,B-,32,8,14,2,7,6,1,0.8,0.04,16,31200,23,9,"da, sd","da:2.6.1, da:2.6.2, da:2.7.1, da:2.7.2, da:2.8.2, da:2.8.3, da:3.0.1, sd:2.6.1, sd:2.6.3, sd:2.6.4, sd:2.7.2, sd:2.7.3, sd:2.8.2, sd:2.8.3","1-1_combined.json, 1-2_combined.json, 1-3_combined.json, 5-1_combined.json, 5-2_combined.json, 5-3_combined.json, top_combined.json",hf_comps,record_count=32；phase_count=14；mode_count=2；boss_count=6；max_app_rate=0.8；median_app_rate=0.04,包含 9 条 sentinel/missing 分数；记录稀疏或出场率较低
miyabi|promeia|ukinami-yuzuha,"miyabi, promeia, ukinami-yuzuha",星见 雅 / 普罗米娅 / 浮波柚叶,B-,16,4,7,2,6,5,1,0.8,0.33,14,32804,15,1,"da, sd","da:2.8.1, da:2.8.2, da:2.8.3, da:3.0.1, sd:2.7.3, sd:2.8.2, sd:2.8.3","1-1_combined.json, 1-2_combined.json, 5-1_combined.json, 5-2_combined.json, 5-3_combined.json, top_combined.json",hf_comps,record_count=16；phase_count=7；mode_count=2；boss_count=5；max_app_rate=0.8；median_app_rate=0.33,包含 1 条 sentinel/missing 分数；记录稀疏或出场率较低
billy-starlight|lucia|pan-yinhu,"billy-starlight, lucia, pan-yinhu",星徽·比利 / 卢西娅 / 潘引壶,B-,17,3,5,2,7,6,1,0.78,0.26,14,33395,17,0,"da, sd","da:2.8.2, da:2.8.3, da:3.0.1, sd:2.8.2, sd:2.8.3","1-1_combined.json, 1-2_combined.json, 1-3_combined.json, 5-1_combined.json, 5-2_combined.json, 5-3_combined.json, top_combined.json",hf_comps,record_count=17；phase_count=5；mode_count=2；boss_count=6；max_app_rate=0.78；median_app_rate=0.26,记录稀疏或出场率较低
astra-yao|ellen|lighter,"astra-yao, ellen, lighter",耀嘉音 / 艾莲·乔 / 莱特,B-,34,8,15,2,7,6,1,0.77,0.095,20,32749,32,2,"da, sd","da:2.6.1, da:2.6.2, da:2.7.1, da:2.7.2, da:2.8.1, da:2.8.2, da:2.8.3, da:3.0.1, sd:2.6.1, sd:2.6.3, sd:2.6.4, sd:2.7.2, sd:2.7.3, sd:2.8.2, sd:2.8.3","1-1_combined.json, 1-2_combined.json, 1-3_combined.json, 5-1_combined.json, 5-2_combined.json, 5-3_combined.json, top_combined.json",hf_comps,record_count=34；phase_count=15；mode_count=2；boss_count=6；max_app_rate=0.77；median_app_rate=0.095,包含 2 条 sentinel/missing 分数；记录稀疏或出场率较低
alice|ukinami-yuzuha|zhao,"alice, ukinami-yuzuha, zhao",爱丽丝·泰姆菲尔德 / 浮波柚叶 / 照,B-,31,8,12,2,6,5,1,0.77,0.04,12,36544,31,0,"da, sd","da:2.6.1, da:2.6.2, da:2.7.2, da:2.8.2, da:2.8.3, sd:2.6.1, sd:2.6.3, sd:2.6.4, sd:2.7.2, sd:2.7.3, sd:2.8.2, sd:2.8.3","1-1_combined.json, 1-3_combined.json, 5-1_combined.json, 5-2_combined.json, 5-3_combined.json, top_combined.json",hf_comps,record_count=31；phase_count=12；mode_count=2；boss_count=5；max_app_rate=0.77；median_app_rate=0.04,记录稀疏或出场率较低
astra-yao|harumasa|qingyi,"astra-yao, harumasa, qingyi",耀嘉音 / 浅羽 悠真 / 青衣,B-,23,7,12,2,7,6,1,0.76,0.27,17,29409,21,2,"da, sd","da:2.6.1, da:2.6.2, da:2.7.1, da:2.7.2, da:2.8.1, da:2.8.2, da:2.8.3, sd:2.6.1, sd:2.6.3, sd:2.7.2, sd:2.7.3, sd:2.8.2","1-1_combined.json, 1-2_combined.json, 1-3_combined.json, 5-1_combined.json, 5-2_combined.json, 5-3_combined.json, top_combined.json",hf_comps,record_count=23；phase_count=12；mode_count=2；boss_count=6；max_app_rate=0.76；median_app_rate=0.27,包含 2 条 sentinel/missing 分数；记录稀疏或出场率较低
aria|sunna|trigger,"aria, sunna, trigger",爱芮 / 千夏 / 「扳机」,B-,13,5,7,2,5,4,1,0.74,0.31,17,28846,13,0,"da, sd","da:2.6.2, da:2.7.1, da:2.7.2, da:2.8.2, sd:2.6.3, sd:2.6.4, sd:2.7.3","1-1_combined.json, 1-3_combined.json, 5-2_combined.json, 5-3_combined.json, top_combined.json",hf_comps,record_count=13；phase_count=7；mode_count=2；boss_count=4；max_app_rate=0.74；median_app_rate=0.31,记录稀疏或出场率较低
astra-yao|harumasa|trigger,"astra-yao, harumasa, trigger",耀嘉音 / 浅羽 悠真 / 「扳机」,B-,31,8,15,2,7,6,1,0.72,0.35,15,29111,22,9,"da, sd","da:2.6.1, da:2.6.2, da:2.7.1, da:2.7.2, da:2.8.1, da:2.8.2, da:2.8.3, da:3.0.1, sd:2.6.1, sd:2.6.3, sd:2.6.4, sd:2.7.2, sd:2.7.3, sd:2.8.2, sd:2.8.3","1-1_combined.json, 1-2_combined.json, 1-3_combined.json, 5-1_combined.json, 5-2_combined.json, 5-3_combined.json, top_combined.json",hf_comps,record_count=31；phase_count=15；mode_count=2；boss_count=6；max_app_rate=0.72；median_app_rate=0.35,包含 9 条 sentinel/missing 分数；记录稀疏或出场率较低
lycaon|miyabi|ukinami-yuzuha,"lycaon, miyabi, ukinami-yuzuha",冯·莱卡恩 / 星见 雅 / 浮波柚叶,B-,38,8,15,2,7,6,1,0.71,0.14,23,29401,33,5,"da, sd","da:2.6.1, da:2.6.2, da:2.7.1, da:2.7.2, da:2.8.1, da:2.8.2, da:2.8.3, da:3.0.1, sd:2.6.1, sd:2.6.3, sd:2.6.4, sd:2.7.2, sd:2.7.3, sd:2.8.2, sd:2.8.3","1-1_combined.json, 1-2_combined.json, 1-3_combined.json, 5-1_combined.json, 5-2_combined.json, 5-3_combined.json, top_combined.json",hf_comps,record_count=38；phase_count=15；mode_count=2；boss_count=6；max_app_rate=0.71；median_app_rate=0.14,包含 5 条 sentinel/missing 分数；记录稀疏或出场率较低
koleda|lucia|yixuan,"koleda, lucia, yixuan",珂蕾妲·贝洛伯格 / 卢西娅 / 仪玄,B-,48,8,15,2,7,6,1,0.7,0.21,15,29258,43,5,"da, sd","da:2.6.1, da:2.6.2, da:2.7.1, da:2.7.2, da:2.8.1, da:2.8.2, da:2.8.3, da:3.0.1, sd:2.6.1, sd:2.6.3, sd:2.6.4, sd:2.7.2, sd:2.7.3, sd:2.8.2, sd:2.8.3","1-1_combined.json, 1-2_combined.json, 1-3_combined.json, 5-1_combined.json, 5-2_combined.json, 5-3_combined.json, top_combined.json",hf_comps,record_count=48；phase_count=15；mode_count=2；boss_count=6；max_app_rate=0.7；median_app_rate=0.21,包含 5 条 sentinel/missing 分数；记录稀疏或出场率较低
astra-yao|cissia|dialyn,"astra-yao, cissia, dialyn",耀嘉音 / 希希芙 / 琉音,B-,24,5,9,2,7,6,1,0.7,0.135,20,33708,21,3,"da, sd","da:2.7.2, da:2.8.1, da:2.8.2, da:2.8.3, da:3.0.1, sd:2.7.2, sd:2.7.3, sd:2.8.2, sd:2.8.3","1-1_combined.json, 1-2_combined.json, 1-3_combined.json, 5-1_combined.json, 5-2_combined.json, 5-3_combined.json, top_combined.json",hf_comps,record_count=24；phase_count=9；mode_count=2；boss_count=6；max_app_rate=0.7；median_app_rate=0.135,包含 3 条 sentinel/missing 分数；记录稀疏或出场率较低
aria|astra-yao|ukinami-yuzuha,"aria, astra-yao, ukinami-yuzuha",爱芮 / 耀嘉音 / 浮波柚叶,B-,14,5,8,2,6,5,1,0.69,0.08,14,32499,14,0,"da, sd","da:2.6.2, da:2.7.1, da:2.7.2, da:2.8.2, sd:2.6.3, sd:2.6.4, sd:2.7.2, sd:2.7.3","1-1_combined.json, 1-3_combined.json, 5-1_combined.json, 5-2_combined.json, 5-3_combined.json, top_combined.json",hf_comps,record_count=14；phase_count=8；mode_count=2；boss_count=5；max_app_rate=0.69；median_app_rate=0.08,记录稀疏或出场率较低
astra-yao|dialyn|ellen,"astra-yao, dialyn, ellen",耀嘉音 / 琉音 / 艾莲·乔,B-,36,8,15,2,7,6,1,0.68,0.07,16,29940,36,0,"da, sd","da:2.6.1, da:2.6.2, da:2.7.1, da:2.7.2, da:2.8.1, da:2.8.2, da:2.8.3, da:3.0.1, sd:2.6.1, sd:2.6.3, sd:2.6.4, sd:2.7.2, sd:2.7.3, sd:2.8.2, sd:2.8.3","1-1_combined.json, 1-2_combined.json, 1-3_combined.json, 5-1_combined.json, 5-2_combined.json, 5-3_combined.json, top_combined.json",hf_comps,record_count=36；phase_count=15；mode_count=2；boss_count=6；max_app_rate=0.68；median_app_rate=0.07,记录稀疏或出场率较低
miyabi|nicole-demara|vivian,"miyabi, nicole-demara, vivian",星见 雅 / 妮可·德玛拉 / 薇薇安·班希,B-,30,8,15,2,7,6,1,0.67,0.19,13,29137,26,4,"da, sd","da:2.6.1, da:2.6.2, da:2.7.1, da:2.7.2, da:2.8.1, da:2.8.2, da:2.8.3, da:3.0.1, sd:2.6.1, sd:2.6.3, sd:2.6.4, sd:2.7.2, sd:2.7.3, sd:2.8.2, sd:2.8.3","1-1_combined.json, 1-2_combined.json, 1-3_combined.json, 5-1_combined.json, 5-2_combined.json, 5-3_combined.json, top_combined.json",hf_comps,record_count=30；phase_count=15；mode_count=2；boss_count=6；max_app_rate=0.67；median_app_rate=0.19,包含 4 条 sentinel/missing 分数；记录稀疏或出场率较低
aria|ukinami-yuzuha|vivian,"aria, ukinami-yuzuha, vivian",爱芮 / 浮波柚叶 / 薇薇安·班希,B-,18,6,9,2,6,5,1,0.66,0.095,15,29974,18,0,"da, sd","da:2.6.2, da:2.7.1, da:2.7.2, da:2.8.2, da:2.8.3, sd:2.6.3, sd:2.6.4, sd:2.7.2, sd:2.7.3","1-1_combined.json, 1-3_combined.json, 5-1_combined.json, 5-2_combined.json, 5-3_combined.json, top_combined.json",hf_comps,record_count=18；phase_count=9；mode_count=2；boss_count=5；max_app_rate=0.66；median_app_rate=0.095,记录稀疏或出场率较低
ukinami-yuzuha|velina|yanagi,"ukinami-yuzuha, velina, yanagi",浮波柚叶 / 维琳娜·艾嘉德 / 月城 柳,B-,5,1,2,2,4,3,1,0.66,0.08,18,32352,5,0,"da, sd","da:3.0.1, sd:2.8.3","1-1_combined.json, 5-1_combined.json, 5-3_combined.json, top_combined.json",hf_comps,record_count=5；phase_count=2；mode_count=2；boss_count=3；max_app_rate=0.66；median_app_rate=0.08,记录稀疏或出场率较低
anby-demara-soldier-0|nicole-demara|trigger,"anby-demara-soldier-0, nicole-demara, trigger",零号·安比 / 妮可·德玛拉 / 「扳机」,B-,27,7,13,2,7,6,1,0.65,0.17,20,30402,26,1,"da, sd","da:2.6.1, da:2.6.2, da:2.7.1, da:2.7.2, da:2.8.1, da:2.8.2, da:2.8.3, sd:2.6.1, sd:2.6.3, sd:2.6.4, sd:2.7.2, sd:2.7.3, sd:2.8.2","1-1_combined.json, 1-2_combined.json, 1-3_combined.json, 5-1_combined.json, 5-2_combined.json, 5-3_combined.json, top_combined.json",hf_comps,record_count=27；phase_count=13；mode_count=2；boss_count=6；max_app_rate=0.65；median_app_rate=0.17,包含 1 条 sentinel/missing 分数；记录稀疏或出场率较低
pulchra|ye-shunguang|zhao,"pulchra, ye-shunguang, zhao",波可娜·费雷尼 / 叶瞬光 / 照,B-,43,8,15,2,7,6,1,0.64,0.1,13,30814,42,1,"da, sd","da:2.6.1, da:2.6.2, da:2.7.1, da:2.7.2, da:2.8.1, da:2.8.2, da:2.8.3, da:3.0.1, sd:2.6.1, sd:2.6.3, sd:2.6.4, sd:2.7.2, sd:2.7.3, sd:2.8.2, sd:2.8.3","1-1_combined.json, 1-2_combined.json, 1-3_combined.json, 5-1_combined.json, 5-2_combined.json, 5-3_combined.json, top_combined.json",hf_comps,record_count=43；phase_count=15；mode_count=2；boss_count=6；max_app_rate=0.64；median_app_rate=0.1,包含 1 条 sentinel/missing 分数；记录稀疏或出场率较低
lycaon|pan-yinhu|yidhari,"lycaon, pan-yinhu, yidhari",冯·莱卡恩 / 潘引壶 / 伊德海莉·墨菲,B-,28,8,15,2,6,5,1,0.62,0.09,26,29150,27,1,"da, sd","da:2.6.1, da:2.6.2, da:2.7.1, da:2.7.2, da:2.8.1, da:2.8.2, da:2.8.3, da:3.0.1, sd:2.6.1, sd:2.6.3, sd:2.6.4, sd:2.7.2, sd:2.7.3, sd:2.8.2, sd:2.8.3","1-2_combined.json, 1-3_combined.json, 5-1_combined.json, 5-2_combined.json, 5-3_combined.json, top_combined.json",hf_comps,record_count=28；phase_count=15；mode_count=2；boss_count=5；max_app_rate=0.62；median_app_rate=0.09,包含 1 条 sentinel/missing 分数；记录稀疏或出场率较低
astra-yao|sunna|ye-shunguang,"astra-yao, sunna, ye-shunguang",耀嘉音 / 千夏 / 叶瞬光,B-,50,8,15,2,7,6,1,0.61,0.21,9,38989,48,2,"da, sd","da:2.6.1, da:2.6.2, da:2.7.1, da:2.7.2, da:2.8.1, da:2.8.2, da:2.8.3, da:3.0.1, sd:2.6.1, sd:2.6.3, sd:2.6.4, sd:2.7.2, sd:2.7.3, sd:2.8.2, sd:2.8.3","1-1_combined.json, 1-2_combined.json, 1-3_combined.json, 5-1_combined.json, 5-2_combined.json, 5-3_combined.json, top_combined.json",hf_comps,record_count=50；phase_count=15；mode_count=2；boss_count=6；max_app_rate=0.61；median_app_rate=0.21,包含 2 条 sentinel/missing 分数；记录稀疏或出场率较低
dialyn|ju-fufu|yixuan,"dialyn, ju-fufu, yixuan",琉音 / 橘福福 / 仪玄,B-,48,8,15,2,7,6,1,0.6,0.125,17,38488,47,1,"da, sd","da:2.6.1, da:2.6.2, da:2.7.1, da:2.7.2, da:2.8.1, da:2.8.2, da:2.8.3, da:3.0.1, sd:2.6.1, sd:2.6.3, sd:2.6.4, sd:2.7.2, sd:2.7.3, sd:2.8.2, sd:2.8.3","1-1_combined.json, 1-2_combined.json, 1-3_combined.json, 5-1_combined.json, 5-2_combined.json, 5-3_combined.json, top_combined.json",hf_comps,record_count=48；phase_count=15；mode_count=2；boss_count=6；max_app_rate=0.6；median_app_rate=0.125,包含 1 条 sentinel/missing 分数；记录稀疏或出场率较低
ukinami-yuzuha|ye-shunguang|zhao,"ukinami-yuzuha, ye-shunguang, zhao",浮波柚叶 / 叶瞬光 / 照,B-,44,8,15,2,7,6,1,0.6,0.065,15,35923,43,1,"da, sd","da:2.6.1, da:2.6.2, da:2.7.1, da:2.7.2, da:2.8.1, da:2.8.2, da:2.8.3, da:3.0.1, sd:2.6.1, sd:2.6.3, sd:2.6.4, sd:2.7.2, sd:2.7.3, sd:2.8.2, sd:2.8.3","1-1_combined.json, 1-2_combined.json, 1-3_combined.json, 5-1_combined.json, 5-2_combined.json, 5-3_combined.json, top_combined.json",hf_comps,record_count=44；phase_count=15；mode_count=2；boss_count=6；max_app_rate=0.6；median_app_rate=0.065,包含 1 条 sentinel/missing 分数；记录稀疏或出场率较低
aria|lycaon|ukinami-yuzuha,"aria, lycaon, ukinami-yuzuha",爱芮 / 冯·莱卡恩 / 浮波柚叶,B-,26,7,13,2,6,5,1,0.6,0.16,17,30377,26,0,"da, sd","da:2.6.2, da:2.7.1, da:2.7.2, da:2.8.1, da:2.8.2, da:2.8.3, da:3.0.1, sd:2.6.3, sd:2.6.4, sd:2.7.2, sd:2.7.3, sd:2.8.2, sd:2.8.3","1-1_combined.json, 1-3_combined.json, 5-1_combined.json, 5-2_combined.json, 5-3_combined.json, top_combined.json",hf_comps,record_count=26；phase_count=13；mode_count=2；boss_count=5；max_app_rate=0.6；median_app_rate=0.16,记录稀疏或出场率较低
lycaon|ye-shunguang|zhao,"lycaon, ye-shunguang, zhao",冯·莱卡恩 / 叶瞬光 / 照,B-,42,8,15,2,7,6,1,0.58,0.085,16,31394,41,1,"da, sd","da:2.6.1, da:2.6.2, da:2.7.1, da:2.7.2, da:2.8.1, da:2.8.2, da:2.8.3, da:3.0.1, sd:2.6.1, sd:2.6.3, sd:2.6.4, sd:2.7.2, sd:2.7.3, sd:2.8.2, sd:2.8.3","1-1_combined.json, 1-2_combined.json, 1-3_combined.json, 5-1_combined.json, 5-2_combined.json, 5-3_combined.json, top_combined.json",hf_comps,record_count=42；phase_count=15；mode_count=2；boss_count=6；max_app_rate=0.58；median_app_rate=0.085,包含 1 条 sentinel/missing 分数；记录稀疏或出场率较低
dialyn|pyrois|sunna,"dialyn, pyrois, sunna",琉音 / Pyrois / 千夏,B-,2,1,1,1,2,2,1,0.58,0.315,21,28807,1,1,da,da:3.0.1,"1-2_combined.json, 1-3_combined.json",hf_comps,record_count=2；phase_count=1；mode_count=1；boss_count=2；max_app_rate=0.58；median_app_rate=0.315,包含 1 条 sentinel/missing 分数；记录稀疏或出场率较低
astra-yao|evelyn|trigger,"astra-yao, evelyn, trigger",耀嘉音 / 伊芙琳·舒瓦利耶 / 「扳机」,B-,38,8,15,2,7,6,1,0.57,0.065,21,29546,29,9,"da, sd","da:2.6.1, da:2.6.2, da:2.7.1, da:2.7.2, da:2.8.1, da:2.8.2, da:2.8.3, da:3.0.1, sd:2.6.1, sd:2.6.3, sd:2.6.4, sd:2.7.2, sd:2.7.3, sd:2.8.2, sd:2.8.3","1-1_combined.json, 1-2_combined.json, 1-3_combined.json, 5-1_combined.json, 5-2_combined.json, 5-3_combined.json, top_combined.json",hf_comps,record_count=38；phase_count=15；mode_count=2；boss_count=6；max_app_rate=0.57；median_app_rate=0.065,包含 9 条 sentinel/missing 分数；记录稀疏或出场率较低
nangong-yu|promeia|vivian,"nangong-yu, promeia, vivian",南宫羽 / 普罗米娅 / 薇薇安·班希,B-,16,4,7,2,7,6,1,0.57,0.12,21,30490,16,0,"da, sd","da:2.8.1, da:2.8.2, da:2.8.3, da:3.0.1, sd:2.7.3, sd:2.8.2, sd:2.8.3","1-1_combined.json, 1-2_combined.json, 1-3_combined.json, 5-1_combined.json, 5-2_combined.json, 5-3_combined.json, top_combined.json",hf_comps,record_count=16；phase_count=7；mode_count=2；boss_count=6；max_app_rate=0.57；median_app_rate=0.12,记录稀疏或出场率较低
aria|ukinami-yuzuha|zhao,"aria, ukinami-yuzuha, zhao",爱芮 / 浮波柚叶 / 照,B-,21,7,11,2,6,5,1,0.56,0.09,19,34071,21,0,"da, sd","da:2.6.2, da:2.7.1, da:2.7.2, da:2.8.2, da:2.8.3, da:3.0.1, sd:2.6.3, sd:2.6.4, sd:2.7.2, sd:2.7.3, sd:2.8.2","1-1_combined.json, 1-3_combined.json, 5-1_combined.json, 5-2_combined.json, 5-3_combined.json, top_combined.json",hf_comps,record_count=21；phase_count=11；mode_count=2；boss_count=5；max_app_rate=0.56；median_app_rate=0.09,记录稀疏或出场率较低
lucy|ye-shunguang|zhao,"lucy, ye-shunguang, zhao",露西亚娜·德·蒙特夫 / 叶瞬光 / 照,B-,42,8,15,2,7,6,1,0.53,0.125,13,30481,42,0,"da, sd","da:2.6.1, da:2.6.2, da:2.7.1, da:2.7.2, da:2.8.1, da:2.8.2, da:2.8.3, da:3.0.1, sd:2.6.1, sd:2.6.3, sd:2.6.4, sd:2.7.2, sd:2.7.3, sd:2.8.2, sd:2.8.3","1-1_combined.json, 1-2_combined.json, 1-3_combined.json, 5-1_combined.json, 5-2_combined.json, 5-3_combined.json, top_combined.json",hf_comps,record_count=42；phase_count=15；mode_count=2；boss_count=6；max_app_rate=0.53；median_app_rate=0.125,记录稀疏或出场率较低
piper|ukinami-yuzuha|vivian,"piper, ukinami-yuzuha, vivian",派派·韦尔 / 浮波柚叶 / 薇薇安·班希,B-,37,8,14,2,7,6,1,0.53,0.12,21,31407,36,1,"da, sd","da:2.6.1, da:2.6.2, da:2.7.1, da:2.7.2, da:2.8.2, da:2.8.3, da:3.0.1, sd:2.6.1, sd:2.6.3, sd:2.6.4, sd:2.7.2, sd:2.7.3, sd:2.8.2, sd:2.8.3","1-1_combined.json, 1-2_combined.json, 1-3_combined.json, 5-1_combined.json, 5-2_combined.json, 5-3_combined.json, top_combined.json",hf_comps,record_count=37；phase_count=14；mode_count=2；boss_count=6；max_app_rate=0.53；median_app_rate=0.12,包含 1 条 sentinel/missing 分数；记录稀疏或出场率较低
billy-starlight|lucia|pulchra,"billy-starlight, lucia, pulchra",星徽·比利 / 卢西娅 / 波可娜·费雷尼,B-,14,3,5,2,7,6,1,0.53,0.315,18,30822,14,0,"da, sd","da:2.8.2, da:2.8.3, da:3.0.1, sd:2.8.2, sd:2.8.3","1-1_combined.json, 1-2_combined.json, 1-3_combined.json, 5-1_combined.json, 5-2_combined.json, 5-3_combined.json, top_combined.json",hf_comps,record_count=14；phase_count=5；mode_count=2；boss_count=6；max_app_rate=0.53；median_app_rate=0.315,记录稀疏或出场率较低
trigger|ukinami-yuzuha|yanagi,"trigger, ukinami-yuzuha, yanagi",「扳机」 / 浮波柚叶 / 月城 柳,B-,26,7,11,2,7,6,1,0.52,0.1,24,32940,21,5,"da, sd","da:2.6.1, da:2.6.2, da:2.7.1, da:2.7.2, da:2.8.2, da:2.8.3, sd:2.6.1, sd:2.6.3, sd:2.7.2, sd:2.7.3, sd:2.8.2","1-1_combined.json, 1-2_combined.json, 1-3_combined.json, 5-1_combined.json, 5-2_combined.json, 5-3_combined.json, top_combined.json",hf_comps,record_count=26；phase_count=11；mode_count=2；boss_count=6；max_app_rate=0.52；median_app_rate=0.1,包含 5 条 sentinel/missing 分数；记录稀疏或出场率较低
alice|astra-yao|yanagi,"alice, astra-yao, yanagi",爱丽丝·泰姆菲尔德 / 耀嘉音 / 月城 柳,B-,21,7,11,2,7,6,1,0.52,0.04,24,31128,17,4,"da, sd","da:2.6.1, da:2.6.2, da:2.7.1, da:2.8.2, sd:2.6.1, sd:2.6.3, sd:2.6.4, sd:2.7.2, sd:2.7.3, sd:2.8.2, sd:2.8.3","1-1_combined.json, 1-2_combined.json, 1-3_combined.json, 5-1_combined.json, 5-2_combined.json, 5-3_combined.json, top_combined.json",hf_comps,record_count=21；phase_count=11；mode_count=2；boss_count=6；max_app_rate=0.52；median_app_rate=0.04,包含 4 条 sentinel/missing 分数；记录稀疏或出场率较低
cissia|seed|sunna,"cissia, seed, sunna",希希芙 / 「席德」 / 千夏,B-,21,5,9,2,6,5,1,0.51,0.1,16,35925,21,0,"da, sd","da:2.7.2, da:2.8.1, da:2.8.2, da:2.8.3, da:3.0.1, sd:2.7.2, sd:2.7.3, sd:2.8.2, sd:2.8.3","1-2_combined.json, 1-3_combined.json, 5-1_combined.json, 5-2_combined.json, 5-3_combined.json, top_combined.json",hf_comps,record_count=21；phase_count=9；mode_count=2；boss_count=5；max_app_rate=0.51；median_app_rate=0.1,记录稀疏或出场率较低
piper|ukinami-yuzuha|velina,"piper, ukinami-yuzuha, velina",派派·韦尔 / 浮波柚叶 / 维琳娜·艾嘉德,B-,4,1,2,2,3,2,1,0.51,0.235,23,28166,4,0,"da, sd","da:3.0.1, sd:2.8.3","1-1_combined.json, 5-3_combined.json, top_combined.json",hf_comps,record_count=4；phase_count=2；mode_count=2；boss_count=2；max_app_rate=0.51；median_app_rate=0.235,记录稀疏或出场率较低
astra-yao|promeia|velina,"astra-yao, promeia, velina",耀嘉音 / 普罗米娅 / 维琳娜·艾嘉德,B-,4,1,2,2,3,2,1,0.5,0.295,24,33731,4,0,"da, sd","da:3.0.1, sd:2.8.3","1-1_combined.json, 5-1_combined.json, top_combined.json",hf_comps,record_count=4；phase_count=2；mode_count=2；boss_count=2；max_app_rate=0.5；median_app_rate=0.295,记录稀疏或出场率较低
anby-demara-soldier-0|astra-yao|dialyn,"anby-demara-soldier-0, astra-yao, dialyn",零号·安比 / 耀嘉音 / 琉音,B-,28,7,14,2,7,6,1,0.48,0.155,25,32967,25,3,"da, sd","da:2.6.1, da:2.6.2, da:2.7.1, da:2.7.2, da:2.8.1, da:2.8.2, da:2.8.3, sd:2.6.1, sd:2.6.3, sd:2.6.4, sd:2.7.2, sd:2.7.3, sd:2.8.2, sd:2.8.3","1-1_combined.json, 1-2_combined.json, 1-3_combined.json, 5-1_combined.json, 5-2_combined.json, 5-3_combined.json, top_combined.json",hf_comps,record_count=28；phase_count=14；mode_count=2；boss_count=6；max_app_rate=0.48；median_app_rate=0.155,包含 3 条 sentinel/missing 分数；记录稀疏或出场率较低
nangong-yu|promeia|velina,"nangong-yu, promeia, velina",南宫羽 / 普罗米娅 / 维琳娜·艾嘉德,B-,4,1,2,2,3,2,1,0.48,0.275,26,33630,4,0,"da, sd","da:3.0.1, sd:2.8.3","1-1_combined.json, 5-1_combined.json, top_combined.json",hf_comps,record_count=4；phase_count=2；mode_count=2；boss_count=2；max_app_rate=0.48；median_app_rate=0.275,记录稀疏或出场率较低
burnice|promeia|ukinami-yuzuha,"burnice, promeia, ukinami-yuzuha",柏妮思·怀特 / 普罗米娅 / 浮波柚叶,B-,14,4,7,2,5,4,1,0.47,0.155,19,31427,14,0,"da, sd","da:2.8.1, da:2.8.2, da:2.8.3, da:3.0.1, sd:2.7.3, sd:2.8.2, sd:2.8.3","1-1_combined.json, 5-1_combined.json, 5-2_combined.json, 5-3_combined.json, top_combined.json",hf_comps,record_count=14；phase_count=7；mode_count=2；boss_count=4；max_app_rate=0.47；median_app_rate=0.155,记录稀疏或出场率较低
grace-howard|ukinami-yuzuha|velina,"grace-howard, ukinami-yuzuha, velina",格莉丝·霍华德 / 浮波柚叶 / 维琳娜·艾嘉德,B-,4,1,2,2,3,2,1,0.47,0.22,27,31534,4,0,"da, sd","da:3.0.1, sd:2.8.3","1-1_combined.json, 5-1_combined.json, top_combined.json",hf_comps,record_count=4；phase_count=2；mode_count=2；boss_count=2；max_app_rate=0.47；median_app_rate=0.22,记录稀疏或出场率较低
anby-demara-soldier-0|trigger|zhao,"anby-demara-soldier-0, trigger, zhao",零号·安比 / 「扳机」 / 照,B-,39,8,15,2,7,6,1,0.46,0.12,22,35535,33,6,"da, sd","da:2.6.1, da:2.6.2, da:2.7.1, da:2.7.2, da:2.8.1, da:2.8.2, da:2.8.3, da:3.0.1, sd:2.6.1, sd:2.6.3, sd:2.6.4, sd:2.7.2, sd:2.7.3, sd:2.8.2, sd:2.8.3","1-1_combined.json, 1-2_combined.json, 1-3_combined.json, 5-1_combined.json, 5-2_combined.json, 5-3_combined.json, top_combined.json",hf_comps,record_count=39；phase_count=15；mode_count=2；boss_count=6；max_app_rate=0.46；median_app_rate=0.12,包含 6 条 sentinel/missing 分数；记录稀疏或出场率较低
alice|astra-yao|miyabi,"alice, astra-yao, miyabi",爱丽丝·泰姆菲尔德 / 耀嘉音 / 星见 雅,B-,36,8,13,2,7,6,1,0.46,0.06,17,33398,31,5,"da, sd","da:2.6.1, da:2.7.1, da:2.7.2, da:2.8.2, da:2.8.3, da:3.0.1, sd:2.6.1, sd:2.6.3, sd:2.6.4, sd:2.7.2, sd:2.7.3, sd:2.8.2, sd:2.8.3","1-1_combined.json, 1-2_combined.json, 1-3_combined.json, 5-1_combined.json, 5-2_combined.json, 5-3_combined.json, top_combined.json",hf_comps,record_count=36；phase_count=13；mode_count=2；boss_count=6；max_app_rate=0.46；median_app_rate=0.06,包含 5 条 sentinel/missing 分数；记录稀疏或出场率较低
seed|sunna|ye-shunguang,"seed, sunna, ye-shunguang",「席德」 / 千夏 / 叶瞬光,B-,32,7,14,2,7,6,1,0.46,0.05,17,36548,32,0,"da, sd","da:2.6.1, da:2.6.2, da:2.7.1, da:2.7.2, da:2.8.1, da:2.8.2, da:2.8.3, sd:2.6.1, sd:2.6.3, sd:2.6.4, sd:2.7.2, sd:2.7.3, sd:2.8.2, sd:2.8.3","1-1_combined.json, 1-2_combined.json, 1-3_combined.json, 5-1_combined.json, 5-2_combined.json, 5-3_combined.json, top_combined.json",hf_comps,record_count=32；phase_count=14；mode_count=2；boss_count=6；max_app_rate=0.46；median_app_rate=0.05,记录稀疏或出场率较低
billy-starlight|dialyn|pan-yinhu,"billy-starlight, dialyn, pan-yinhu",星徽·比利 / 琉音 / 潘引壶,B-,15,3,5,2,7,6,1,0.46,0.3,17,30795,15,0,"da, sd","da:2.8.2, da:2.8.3, da:3.0.1, sd:2.8.2, sd:2.8.3","1-1_combined.json, 1-2_combined.json, 1-3_combined.json, 5-1_combined.json, 5-2_combined.json, 5-3_combined.json, top_combined.json",hf_comps,record_count=15；phase_count=5；mode_count=2；boss_count=6；max_app_rate=0.46；median_app_rate=0.3,记录稀疏或出场率较低
miyabi|nangong-yu|nicole-demara,"miyabi, nangong-yu, nicole-demara",星见 雅 / 南宫羽 / 妮可·德玛拉,B-,33,6,11,2,7,6,1,0.45,0.14,21,32772,30,3,"da, sd","da:2.7.1, da:2.7.2, da:2.8.1, da:2.8.2, da:2.8.3, da:3.0.1, sd:2.6.4, sd:2.7.2, sd:2.7.3, sd:2.8.2, sd:2.8.3","1-1_combined.json, 1-2_combined.json, 1-3_combined.json, 5-1_combined.json, 5-2_combined.json, 5-3_combined.json, top_combined.json",hf_comps,record_count=33；phase_count=11；mode_count=2；boss_count=6；max_app_rate=0.45；median_app_rate=0.14,包含 3 条 sentinel/missing 分数；记录稀疏或出场率较低
pan-yinhu|pulchra|yixuan,"pan-yinhu, pulchra, yixuan",潘引壶 / 波可娜·费雷尼 / 仪玄,B-,42,8,15,2,7,6,1,0.44,0.07,22,27985,35,7,"da, sd","da:2.6.1, da:2.6.2, da:2.7.1, da:2.7.2, da:2.8.1, da:2.8.2, da:2.8.3, da:3.0.1, sd:2.6.1, sd:2.6.3, sd:2.6.4, sd:2.7.2, sd:2.7.3, sd:2.8.2, sd:2.8.3","1-1_combined.json, 1-2_combined.json, 1-3_combined.json, 5-1_combined.json, 5-2_combined.json, 5-3_combined.json, top_combined.json",hf_comps,record_count=42；phase_count=15；mode_count=2；boss_count=6；max_app_rate=0.44；median_app_rate=0.07,包含 7 条 sentinel/missing 分数；记录稀疏或出场率较低
dialyn|hugo|lighter,"dialyn, hugo, lighter",琉音 / 雨果·维拉德 / 莱特,B-,48,8,15,2,7,6,1,0.42,0.065,28,33933,28,20,"da, sd","da:2.6.1, da:2.6.2, da:2.7.1, da:2.7.2, da:2.8.1, da:2.8.2, da:2.8.3, da:3.0.1, sd:2.6.1, sd:2.6.3, sd:2.6.4, sd:2.7.2, sd:2.7.3, sd:2.8.2, sd:2.8.3","1-1_combined.json, 1-2_combined.json, 1-3_combined.json, 5-1_combined.json, 5-2_combined.json, 5-3_combined.json, top_combined.json",hf_comps,record_count=48；phase_count=15；mode_count=2；boss_count=6；max_app_rate=0.42；median_app_rate=0.065,包含 20 条 sentinel/missing 分数；记录稀疏或出场率较低
astra-yao|ellen|lycaon,"astra-yao, ellen, lycaon",耀嘉音 / 艾莲·乔 / 冯·莱卡恩,B-,27,8,13,2,7,6,1,0.42,0.05,24,27372,24,3,"da, sd","da:2.6.2, da:2.7.1, da:2.7.2, da:2.8.1, da:2.8.2, da:2.8.3, da:3.0.1, sd:2.6.1, sd:2.6.4, sd:2.7.2, sd:2.7.3, sd:2.8.2, sd:2.8.3","1-1_combined.json, 1-2_combined.json, 1-3_combined.json, 5-1_combined.json, 5-2_combined.json, 5-3_combined.json, top_combined.json",hf_comps,record_count=27；phase_count=13；mode_count=2；boss_count=6；max_app_rate=0.42；median_app_rate=0.05,包含 3 条 sentinel/missing 分数；记录稀疏或出场率较低
astra-yao|nangong-yu|promeia,"astra-yao, nangong-yu, promeia",耀嘉音 / 南宫羽 / 普罗米娅,B-,16,4,7,2,7,6,1,0.42,0.15,25,34956,16,0,"da, sd","da:2.8.1, da:2.8.2, da:2.8.3, da:3.0.1, sd:2.7.3, sd:2.8.2, sd:2.8.3","1-1_combined.json, 1-2_combined.json, 1-3_combined.json, 5-1_combined.json, 5-2_combined.json, 5-3_combined.json, top_combined.json",hf_comps,record_count=16；phase_count=7；mode_count=2；boss_count=6；max_app_rate=0.42；median_app_rate=0.15,记录稀疏或出场率较低
nangong-yu|sunna|yanagi,"nangong-yu, sunna, yanagi",南宫羽 / 千夏 / 月城 柳,B-,9,3,4,2,5,4,1,0.42,0.07,22,27013,9,0,"da, sd","da:2.7.1, da:2.7.2, da:2.8.2, sd:2.8.2","1-1_combined.json, 1-2_combined.json, 1-3_combined.json, 5-3_combined.json, top_combined.json",hf_comps,record_count=9；phase_count=4；mode_count=2；boss_count=4；max_app_rate=0.42；median_app_rate=0.07,记录稀疏或出场率较低
ju-fufu|pyrois|sunna,"ju-fufu, pyrois, sunna",橘福福 / Pyrois / 千夏,B-,1,1,1,1,1,1,1,0.42,0.42,28,30873,1,0,da,da:3.0.1,1-2_combined.json,hf_comps,record_count=1；phase_count=1；mode_count=1；boss_count=1；max_app_rate=0.42；median_app_rate=0.42,记录稀疏或出场率较低
astra-yao|dialyn|harumasa,"astra-yao, dialyn, harumasa",耀嘉音 / 琉音 / 浅羽 悠真,B-,30,8,14,2,7,6,1,0.41,0.17,26,29041,29,1,"da, sd","da:2.6.1, da:2.6.2, da:2.7.1, da:2.7.2, da:2.8.1, da:2.8.2, da:2.8.3, sd:2.6.1, sd:2.6.3, sd:2.6.4, sd:2.7.2, sd:2.7.3, sd:2.8.2, sd:2.8.3","1-1_combined.json, 1-2_combined.json, 1-3_combined.json, 5-1_combined.json, 5-2_combined.json, 5-3_combined.json, top_combined.json",hf_comps,record_count=30；phase_count=14；mode_count=2；boss_count=6；max_app_rate=0.41；median_app_rate=0.17,包含 1 条 sentinel/missing 分数；记录稀疏或出场率较低
anby-demara-soldier-0|astra-yao|cissia,"anby-demara-soldier-0, astra-yao, cissia",零号·安比 / 耀嘉音 / 希希芙,B-,16,5,9,2,6,5,1,0.41,0.18,28,29985,15,1,"da, sd","da:2.7.2, da:2.8.1, da:2.8.2, da:2.8.3, da:3.0.1, sd:2.7.2, sd:2.7.3, sd:2.8.2, sd:2.8.3","1-1_combined.json, 1-2_combined.json, 1-3_combined.json, 5-2_combined.json, 5-3_combined.json, top_combined.json",hf_comps,record_count=16；phase_count=9；mode_count=2；boss_count=5；max_app_rate=0.41；median_app_rate=0.18,包含 1 条 sentinel/missing 分数；记录稀疏或出场率较低
grace-howard|ukinami-yuzuha|vivian,"grace-howard, ukinami-yuzuha, vivian",格莉丝·霍华德 / 浮波柚叶 / 薇薇安·班希,B-,39,8,15,2,7,6,1,0.4,0.05,23,41304,35,4,"da, sd","da:2.6.1, da:2.6.2, da:2.7.1, da:2.7.2, da:2.8.1, da:2.8.2, da:2.8.3, da:3.0.1, sd:2.6.1, sd:2.6.3, sd:2.6.4, sd:2.7.2, sd:2.7.3, sd:2.8.2, sd:2.8.3","1-1_combined.json, 1-2_combined.json, 1-3_combined.json, 5-1_combined.json, 5-2_combined.json, 5-3_combined.json, top_combined.json",hf_comps,record_count=39；phase_count=15；mode_count=2；boss_count=6；max_app_rate=0.4；median_app_rate=0.05,包含 4 条 sentinel/missing 分数；记录稀疏或出场率较低
pan-yinhu|trigger|yixuan,"pan-yinhu, trigger, yixuan",潘引壶 / 「扳机」 / 仪玄,B-,36,8,15,2,7,6,1,0.4,0.055,23,27272,30,6,"da, sd","da:2.6.1, da:2.6.2, da:2.7.1, da:2.7.2, da:2.8.1, da:2.8.2, da:2.8.3, da:3.0.1, sd:2.6.1, sd:2.6.3, sd:2.6.4, sd:2.7.2, sd:2.7.3, sd:2.8.2, sd:2.8.3","1-1_combined.json, 1-2_combined.json, 1-3_combined.json, 5-1_combined.json, 5-2_combined.json, 5-3_combined.json, top_combined.json",hf_comps,record_count=36；phase_count=15；mode_count=2；boss_count=6；max_app_rate=0.4；median_app_rate=0.055,包含 6 条 sentinel/missing 分数；记录稀疏或出场率较低
miyabi|trigger|yanagi,"miyabi, trigger, yanagi",星见 雅 / 「扳机」 / 月城 柳,B-,26,8,15,2,7,6,1,0.4,0.045,24,30981,22,4,"da, sd","da:2.6.1, da:2.6.2, da:2.7.1, da:2.7.2, da:2.8.1, da:2.8.2, da:2.8.3, da:3.0.1, sd:2.6.1, sd:2.6.3, sd:2.6.4, sd:2.7.2, sd:2.7.3, sd:2.8.2, sd:2.8.3","1-1_combined.json, 1-2_combined.json, 1-3_combined.json, 5-1_combined.json, 5-2_combined.json, 5-3_combined.json, top_combined.json",hf_comps,record_count=26；phase_count=15；mode_count=2；boss_count=6；max_app_rate=0.4；median_app_rate=0.045,包含 4 条 sentinel/missing 分数；记录稀疏或出场率较低
miyabi|rina|yanagi,"miyabi, rina, yanagi",星见 雅 / 亚历山德丽娜·莎芭丝缇安 / 月城 柳,B-,22,6,12,2,6,5,1,0.4,0.04,28,31205,16,6,"da, sd","da:2.6.1, da:2.6.2, da:2.7.1, da:2.8.1, da:2.8.2, da:2.8.3, sd:2.6.1, sd:2.6.3, sd:2.6.4, sd:2.7.3, sd:2.8.2, sd:2.8.3","1-1_combined.json, 1-3_combined.json, 5-1_combined.json, 5-2_combined.json, 5-3_combined.json, top_combined.json",hf_comps,record_count=22；phase_count=12；mode_count=2；boss_count=5；max_app_rate=0.4；median_app_rate=0.04,包含 6 条 sentinel/missing 分数；记录稀疏或出场率较低
aria|nangong-yu|zhao,"aria, nangong-yu, zhao",爱芮 / 南宫羽 / 照,B-,26,6,11,2,7,6,1,0.39,0.07,23,33761,26,0,"da, sd","da:2.7.1, da:2.7.2, da:2.8.1, da:2.8.2, da:2.8.3, da:3.0.1, sd:2.6.4, sd:2.7.2, sd:2.7.3, sd:2.8.2, sd:2.8.3","1-1_combined.json, 1-2_combined.json, 1-3_combined.json, 5-1_combined.json, 5-2_combined.json, 5-3_combined.json, top_combined.json",hf_comps,record_count=26；phase_count=11；mode_count=2；boss_count=6；max_app_rate=0.39；median_app_rate=0.07,记录稀疏或出场率较低
alice|astra-yao|vivian,"alice, astra-yao, vivian",爱丽丝·泰姆菲尔德 / 耀嘉音 / 薇薇安·班希,B-,37,8,14,2,7,6,1,0.38,0.1,20,31965,36,1,"da, sd","da:2.6.1, da:2.6.2, da:2.7.1, da:2.7.2, da:2.8.2, da:2.8.3, da:3.0.1, sd:2.6.1, sd:2.6.3, sd:2.6.4, sd:2.7.2, sd:2.7.3, sd:2.8.2, sd:2.8.3","1-1_combined.json, 1-2_combined.json, 1-3_combined.json, 5-1_combined.json, 5-2_combined.json, 5-3_combined.json, top_combined.json",hf_comps,record_count=37；phase_count=14；mode_count=2；boss_count=6；max_app_rate=0.38；median_app_rate=0.1,包含 1 条 sentinel/missing 分数；记录稀疏或出场率较低
anby-demara-soldier-0|sunna|trigger,"anby-demara-soldier-0, sunna, trigger",零号·安比 / 千夏 / 「扳机」,B-,37,8,14,2,7,6,1,0.38,0.09,20,33489,35,2,"da, sd","da:2.6.1, da:2.6.2, da:2.7.1, da:2.7.2, da:2.8.1, da:2.8.2, da:2.8.3, sd:2.6.1, sd:2.6.3, sd:2.6.4, sd:2.7.2, sd:2.7.3, sd:2.8.2, sd:2.8.3","1-1_combined.json, 1-2_combined.json, 1-3_combined.json, 5-1_combined.json, 5-2_combined.json, 5-3_combined.json, top_combined.json",hf_comps,record_count=37；phase_count=14；mode_count=2；boss_count=6；max_app_rate=0.38；median_app_rate=0.09,包含 2 条 sentinel/missing 分数；记录稀疏或出场率较低
aria|sunna|zhao,"aria, sunna, zhao",爱芮 / 千夏 / 照,B-,21,7,11,2,6,5,1,0.38,0.06,23,33548,21,0,"da, sd","da:2.6.2, da:2.7.1, da:2.7.2, da:2.8.2, da:2.8.3, da:3.0.1, sd:2.6.3, sd:2.6.4, sd:2.7.2, sd:2.7.3, sd:2.8.3","1-1_combined.json, 1-3_combined.json, 5-1_combined.json, 5-2_combined.json, 5-3_combined.json, top_combined.json",hf_comps,record_count=21；phase_count=11；mode_count=2；boss_count=5；max_app_rate=0.38；median_app_rate=0.06,记录稀疏或出场率较低
astra-yao|cissia|qingyi,"astra-yao, cissia, qingyi",耀嘉音 / 希希芙 / 青衣,B-,20,5,9,2,6,5,1,0.38,0.155,25,29256,14,6,"da, sd","da:2.7.2, da:2.8.1, da:2.8.2, da:2.8.3, da:3.0.1, sd:2.7.2, sd:2.7.3, sd:2.8.2, sd:2.8.3","1-1_combined.json, 1-2_combined.json, 1-3_combined.json, 5-2_combined.json, 5-3_combined.json, top_combined.json",hf_comps,record_count=20；phase_count=9；mode_count=2；boss_count=5；max_app_rate=0.38；median_app_rate=0.155,包含 6 条 sentinel/missing 分数；记录稀疏或出场率较低
anby-demara-soldier-0|rina|trigger,"anby-demara-soldier-0, rina, trigger",零号·安比 / 亚历山德丽娜·莎芭丝缇安 / 「扳机」,B-,17,6,10,2,6,5,1,0.37,0.05,31,28971,17,0,"da, sd","da:2.6.1, da:2.6.2, da:2.7.2, da:2.8.1, da:2.8.3, sd:2.6.1, sd:2.6.3, sd:2.7.2, sd:2.7.3, sd:2.8.2","1-2_combined.json, 1-3_combined.json, 5-1_combined.json, 5-2_combined.json, 5-3_combined.json, top_combined.json",hf_comps,record_count=17；phase_count=10；mode_count=2；boss_count=5；max_app_rate=0.37；median_app_rate=0.05,记录稀疏或出场率较低
aria|dialyn|sunna,"aria, dialyn, sunna",爱芮 / 琉音 / 千夏,B-,17,6,9,2,6,5,1,0.37,0.08,24,28652,17,0,"da, sd","da:2.6.2, da:2.7.1, da:2.7.2, da:2.8.2, sd:2.6.3, sd:2.6.4, sd:2.7.2, sd:2.7.3, sd:2.8.3","1-1_combined.json, 1-3_combined.json, 5-1_combined.json, 5-2_combined.json, 5-3_combined.json, top_combined.json",hf_comps,record_count=17；phase_count=9；mode_count=2；boss_count=5；max_app_rate=0.37；median_app_rate=0.08,记录稀疏或出场率较低
astra-yao|billy-starlight|lucia,"astra-yao, billy-starlight, lucia",耀嘉音 / 星徽·比利 / 卢西娅,B-,16,3,5,2,7,6,1,0.37,0.145,25,32582,15,1,"da, sd","da:2.8.2, da:2.8.3, da:3.0.1, sd:2.8.2, sd:2.8.3","1-1_combined.json, 1-2_combined.json, 1-3_combined.json, 5-1_combined.json, 5-2_combined.json, 5-3_combined.json, top_combined.json",hf_comps,record_count=16；phase_count=5；mode_count=2；boss_count=6；max_app_rate=0.37；median_app_rate=0.145,包含 1 条 sentinel/missing 分数；记录稀疏或出场率较低
anby-demara-soldier-0|cissia|trigger,"anby-demara-soldier-0, cissia, trigger",零号·安比 / 希希芙 / 「扳机」,B-,14,4,8,2,5,4,1,0.37,0.285,26,30095,14,0,"da, sd","da:2.7.2, da:2.8.1, da:2.8.2, da:2.8.3, sd:2.7.2, sd:2.7.3, sd:2.8.2, sd:2.8.3","1-2_combined.json, 1-3_combined.json, 5-2_combined.json, 5-3_combined.json, top_combined.json",hf_comps,record_count=14；phase_count=8；mode_count=2；boss_count=4；max_app_rate=0.37；median_app_rate=0.285,记录稀疏或出场率较低
astra-yao|jane-doe|velina,"astra-yao, jane-doe, velina",耀嘉音 / 简·杜 / 维琳娜·艾嘉德,B-,5,1,2,2,4,3,1,0.37,0.18,29,29685,5,0,"da, sd","da:3.0.1, sd:2.8.3","1-1_combined.json, 5-2_combined.json, 5-3_combined.json, top_combined.json",hf_comps,record_count=5；phase_count=2；mode_count=2；boss_count=3；max_app_rate=0.37；median_app_rate=0.18,记录稀疏或出场率较低
astra-yao|harumasa|seed,"astra-yao, harumasa, seed",耀嘉音 / 浅羽 悠真 / 「席德」,B-,20,6,10,2,7,6,1,0.36,0.17,33,32878,20,0,"da, sd","da:2.6.1, da:2.6.2, da:2.7.2, da:2.8.1, da:2.8.3, sd:2.6.1, sd:2.6.3, sd:2.7.2, sd:2.7.3, sd:2.8.2","1-1_combined.json, 1-2_combined.json, 1-3_combined.json, 5-1_combined.json, 5-2_combined.json, 5-3_combined.json, top_combined.json",hf_comps,record_count=20；phase_count=10；mode_count=2；boss_count=6；max_app_rate=0.36；median_app_rate=0.17,记录稀疏或出场率较低
miyabi|ukinami-yuzuha|zhao,"miyabi, ukinami-yuzuha, zhao",星见 雅 / 浮波柚叶 / 照,B-,40,8,15,2,7,6,1,0.35,0.03,29,33023,37,3,"da, sd","da:2.6.1, da:2.6.2, da:2.7.1, da:2.7.2, da:2.8.1, da:2.8.2, da:2.8.3, da:3.0.1, sd:2.6.1, sd:2.6.3, sd:2.6.4, sd:2.7.2, sd:2.7.3, sd:2.8.2, sd:2.8.3","1-1_combined.json, 1-2_combined.json, 1-3_combined.json, 5-1_combined.json, 5-2_combined.json, 5-3_combined.json, top_combined.json",hf_comps,record_count=40；phase_count=15；mode_count=2；boss_count=6；max_app_rate=0.35；median_app_rate=0.03,包含 3 条 sentinel/missing 分数；记录稀疏或出场率较低
astra-yao|miyabi|soukaku,"astra-yao, miyabi, soukaku",耀嘉音 / 星见 雅 / 苍角,B-,32,8,15,2,7,6,1,0.35,0.085,23,29530,24,8,"da, sd","da:2.6.1, da:2.6.2, da:2.7.1, da:2.7.2, da:2.8.1, da:2.8.2, da:2.8.3, da:3.0.1, sd:2.6.1, sd:2.6.3, sd:2.6.4, sd:2.7.2, sd:2.7.3, sd:2.8.2, sd:2.8.3","1-1_combined.json, 1-2_combined.json, 1-3_combined.json, 5-1_combined.json, 5-2_combined.json, 5-3_combined.json, top_combined.json",hf_comps,record_count=32；phase_count=15；mode_count=2；boss_count=6；max_app_rate=0.35；median_app_rate=0.085,包含 8 条 sentinel/missing 分数；记录稀疏或出场率较低
lucia|ye-shunguang|zhao,"lucia, ye-shunguang, zhao",卢西娅 / 叶瞬光 / 照,B-,45,8,15,2,7,6,1,0.34,0.09,23,35612,43,2,"da, sd","da:2.6.1, da:2.6.2, da:2.7.1, da:2.7.2, da:2.8.1, da:2.8.2, da:2.8.3, da:3.0.1, sd:2.6.1, sd:2.6.3, sd:2.6.4, sd:2.7.2, sd:2.7.3, sd:2.8.2, sd:2.8.3","1-1_combined.json, 1-2_combined.json, 1-3_combined.json, 5-1_combined.json, 5-2_combined.json, 5-3_combined.json, top_combined.json",hf_comps,record_count=45；phase_count=15；mode_count=2；boss_count=6；max_app_rate=0.34；median_app_rate=0.09,包含 2 条 sentinel/missing 分数；记录稀疏或出场率较低
corin|dialyn|sunna,"corin, dialyn, sunna",可琳·威克斯 / 琉音 / 千夏,B-,36,8,15,2,7,6,1,0.34,0.06,14,32647,36,0,"da, sd","da:2.6.1, da:2.6.2, da:2.7.1, da:2.7.2, da:2.8.1, da:2.8.2, da:2.8.3, da:3.0.1, sd:2.6.1, sd:2.6.3, sd:2.6.4, sd:2.7.2, sd:2.7.3, sd:2.8.2, sd:2.8.3","1-1_combined.json, 1-2_combined.json, 1-3_combined.json, 5-1_combined.json, 5-2_combined.json, 5-3_combined.json, top_combined.json",hf_comps,record_count=36；phase_count=15；mode_count=2；boss_count=6；max_app_rate=0.34；median_app_rate=0.06,记录稀疏或出场率较低
billy-starlight|lucia|trigger,"billy-starlight, lucia, trigger",星徽·比利 / 卢西娅 / 「扳机」,B-,15,3,5,2,7,6,1,0.34,0.14,27,33760,15,0,"da, sd","da:2.8.2, da:2.8.3, da:3.0.1, sd:2.8.2, sd:2.8.3","1-1_combined.json, 1-2_combined.json, 1-3_combined.json, 5-1_combined.json, 5-2_combined.json, 5-3_combined.json, top_combined.json",hf_comps,record_count=15；phase_count=5；mode_count=2；boss_count=6；max_app_rate=0.34；median_app_rate=0.14,记录稀疏或出场率较低
nicole-demara|pyrois|sunna,"nicole-demara, pyrois, sunna",妮可·德玛拉 / Pyrois / 千夏,B-,1,1,1,1,1,1,1,0.34,0.34,37,26272,1,0,da,da:3.0.1,1-2_combined.json,hf_comps,record_count=1；phase_count=1；mode_count=1；boss_count=1；max_app_rate=0.34；median_app_rate=0.34,记录稀疏或出场率较低
lucia|lycaon|yixuan,"lucia, lycaon, yixuan",卢西娅 / 冯·莱卡恩 / 仪玄,B-,43,8,15,2,7,6,1,0.33,0.08,23,33091,42,1,"da, sd","da:2.6.1, da:2.6.2, da:2.7.1, da:2.7.2, da:2.8.1, da:2.8.2, da:2.8.3, da:3.0.1, sd:2.6.1, sd:2.6.3, sd:2.6.4, sd:2.7.2, sd:2.7.3, sd:2.8.2, sd:2.8.3","1-1_combined.json, 1-2_combined.json, 1-3_combined.json, 5-1_combined.json, 5-2_combined.json, 5-3_combined.json, top_combined.json",hf_comps,record_count=43；phase_count=15；mode_count=2；boss_count=6；max_app_rate=0.33；median_app_rate=0.08,包含 1 条 sentinel/missing 分数；记录稀疏或出场率较低
miyabi|nangong-yu|soukaku,"miyabi, nangong-yu, soukaku",星见 雅 / 南宫羽 / 苍角,B-,30,6,11,2,7,6,1,0.33,0.11,26,30422,28,2,"da, sd","da:2.7.1, da:2.7.2, da:2.8.1, da:2.8.2, da:2.8.3, da:3.0.1, sd:2.6.4, sd:2.7.2, sd:2.7.3, sd:2.8.2, sd:2.8.3","1-1_combined.json, 1-2_combined.json, 1-3_combined.json, 5-1_combined.json, 5-2_combined.json, 5-3_combined.json, top_combined.json",hf_comps,record_count=30；phase_count=11；mode_count=2；boss_count=6；max_app_rate=0.33；median_app_rate=0.11,包含 2 条 sentinel/missing 分数；记录稀疏或出场率较低
astra-yao|billy-starlight|dialyn,"astra-yao, billy-starlight, dialyn",耀嘉音 / 星徽·比利 / 琉音,B-,13,3,5,2,7,6,1,0.33,0.21,22,32317,13,0,"da, sd","da:2.8.2, da:2.8.3, da:3.0.1, sd:2.8.2, sd:2.8.3","1-1_combined.json, 1-2_combined.json, 1-3_combined.json, 5-1_combined.json, 5-2_combined.json, 5-3_combined.json, top_combined.json",hf_comps,record_count=13；phase_count=5；mode_count=2；boss_count=6；max_app_rate=0.33；median_app_rate=0.21,记录稀疏或出场率较低
sunna|trigger|ye-shunguang,"sunna, trigger, ye-shunguang",千夏 / 「扳机」 / 叶瞬光,B-,40,8,15,2,7,6,1,0.32,0.1,24,33894,40,0,"da, sd","da:2.6.1, da:2.6.2, da:2.7.1, da:2.7.2, da:2.8.1, da:2.8.2, da:2.8.3, da:3.0.1, sd:2.6.1, sd:2.6.3, sd:2.6.4, sd:2.7.2, sd:2.7.3, sd:2.8.2, sd:2.8.3","1-1_combined.json, 1-2_combined.json, 1-3_combined.json, 5-1_combined.json, 5-2_combined.json, 5-3_combined.json, top_combined.json",hf_comps,record_count=40；phase_count=15；mode_count=2；boss_count=6；max_app_rate=0.32；median_app_rate=0.1,记录稀疏或出场率较低
astra-yao|evelyn|nicole-demara,"astra-yao, evelyn, nicole-demara",耀嘉音 / 伊芙琳·舒瓦利耶 / 妮可·德玛拉,B-,27,7,11,2,6,5,1,0.32,0.03,33,28445,14,13,"da, sd","da:2.6.1, da:2.6.2, da:2.7.1, da:2.8.3, sd:2.6.1, sd:2.6.3, sd:2.6.4, sd:2.7.2, sd:2.7.3, sd:2.8.2, sd:2.8.3","1-2_combined.json, 1-3_combined.json, 5-1_combined.json, 5-2_combined.json, 5-3_combined.json, top_combined.json",hf_comps,record_count=27；phase_count=11；mode_count=2；boss_count=5；max_app_rate=0.32；median_app_rate=0.03,包含 13 条 sentinel/missing 分数；记录稀疏或出场率较低
harumasa|nicole-demara|qingyi,"harumasa, nicole-demara, qingyi",浅羽 悠真 / 妮可·德玛拉 / 青衣,B-,22,7,12,2,6,5,1,0.31,0.12,36,31062,22,0,"da, sd","da:2.6.1, da:2.6.2, da:2.7.1, da:2.7.2, da:2.8.1, da:2.8.2, da:2.8.3, sd:2.6.1, sd:2.6.3, sd:2.7.2, sd:2.7.3, sd:2.8.2","1-2_combined.json, 1-3_combined.json, 5-1_combined.json, 5-2_combined.json, 5-3_combined.json, top_combined.json",hf_comps,record_count=22；phase_count=12；mode_count=2；boss_count=5；max_app_rate=0.31；median_app_rate=0.12,记录稀疏或出场率较低
alice|sunna|ukinami-yuzuha,"alice, sunna, ukinami-yuzuha",爱丽丝·泰姆菲尔德 / 千夏 / 浮波柚叶,B-,21,7,9,2,7,6,1,0.31,0.03,24,30940,20,1,"da, sd","da:2.6.1, da:2.6.2, da:2.8.2, da:2.8.3, sd:2.6.1, sd:2.6.3, sd:2.6.4, sd:2.7.2, sd:2.8.3","1-1_combined.json, 1-2_combined.json, 1-3_combined.json, 5-1_combined.json, 5-2_combined.json, 5-3_combined.json, top_combined.json",hf_comps,record_count=21；phase_count=9；mode_count=2；boss_count=6；max_app_rate=0.31；median_app_rate=0.03,包含 1 条 sentinel/missing 分数；记录稀疏或出场率较低
astra-yao|lycaon|yidhari,"astra-yao, lycaon, yidhari",耀嘉音 / 冯·莱卡恩 / 伊德海莉·墨菲,B-,19,8,10,2,5,4,1,0.31,0.09,33,27097,19,0,"da, sd","da:2.6.2, da:2.7.1, da:2.7.2, da:2.8.1, da:2.8.2, da:2.8.3, da:3.0.1, sd:2.6.1, sd:2.6.4, sd:2.7.2","1-2_combined.json, 1-3_combined.json, 5-2_combined.json, 5-3_combined.json, top_combined.json",hf_comps,record_count=19；phase_count=10；mode_count=2；boss_count=4；max_app_rate=0.31；median_app_rate=0.09,记录稀疏或出场率较低
rina|ukinami-yuzuha|yanagi,"rina, ukinami-yuzuha, yanagi",亚历山德丽娜·莎芭丝缇安 / 浮波柚叶 / 月城 柳,B-,15,5,8,2,6,5,1,0.31,0.06,36,33940,15,0,"da, sd","da:2.6.2, da:2.7.2, da:2.8.2, sd:2.6.1, sd:2.6.3, sd:2.7.2, sd:2.7.3, sd:2.8.2","1-2_combined.json, 1-3_combined.json, 5-1_combined.json, 5-2_combined.json, 5-3_combined.json, top_combined.json",hf_comps,record_count=15；phase_count=8；mode_count=2；boss_count=5；max_app_rate=0.31；median_app_rate=0.06,记录稀疏或出场率较低
astra-yao|miyabi|promeia,"astra-yao, miyabi, promeia",耀嘉音 / 星见 雅 / 普罗米娅,B-,12,4,7,2,6,5,1,0.3,0.125,26,29807,12,0,"da, sd","da:2.8.1, da:2.8.2, da:2.8.3, da:3.0.1, sd:2.7.3, sd:2.8.2, sd:2.8.3","1-1_combined.json, 1-2_combined.json, 5-1_combined.json, 5-2_combined.json, 5-3_combined.json, top_combined.json",hf_comps,record_count=12；phase_count=7；mode_count=2；boss_count=5；max_app_rate=0.3；median_app_rate=0.125,记录稀疏或出场率较低
aria|burnice|sunna,"aria, burnice, sunna",爱芮 / 柏妮思·怀特 / 千夏,B-,8,4,5,2,5,4,1,0.3,0.08,33,31026,8,0,"da, sd","da:2.6.2, da:2.8.2, sd:2.6.3, sd:2.6.4, sd:2.7.3","1-1_combined.json, 1-3_combined.json, 5-2_combined.json, 5-3_combined.json, top_combined.json",hf_comps,record_count=8；phase_count=5；mode_count=2；boss_count=4；max_app_rate=0.3；median_app_rate=0.08,记录稀疏或出场率较低
astra-yao|trigger|yixuan,"astra-yao, trigger, yixuan",耀嘉音 / 「扳机」 / 仪玄,B-,32,7,13,2,7,6,1,0.29,0.07,27,27756,32,0,"da, sd","da:2.6.1, da:2.6.2, da:2.7.1, da:2.7.2, da:2.8.1, da:2.8.2, da:3.0.1, sd:2.6.1, sd:2.6.3, sd:2.6.4, sd:2.7.2, sd:2.7.3, sd:2.8.3","1-1_combined.json, 1-2_combined.json, 1-3_combined.json, 5-1_combined.json, 5-2_combined.json, 5-3_combined.json, top_combined.json",hf_comps,record_count=32；phase_count=13；mode_count=2；boss_count=6；max_app_rate=0.29；median_app_rate=0.07,记录稀疏或出场率较低
alice|nangong-yu|sunna,"alice, nangong-yu, sunna",爱丽丝·泰姆菲尔德 / 南宫羽 / 千夏,B-,21,6,10,2,6,5,1,0.29,0.08,27,33291,21,0,"da, sd","da:2.7.1, da:2.7.2, da:2.8.1, da:2.8.2, da:2.8.3, da:3.0.1, sd:2.7.2, sd:2.7.3, sd:2.8.2, sd:2.8.3","1-1_combined.json, 1-3_combined.json, 5-1_combined.json, 5-2_combined.json, 5-3_combined.json, top_combined.json",hf_comps,record_count=21；phase_count=10；mode_count=2；boss_count=5；max_app_rate=0.29；median_app_rate=0.08,记录稀疏或出场率较低
alice|trigger|ukinami-yuzuha,"alice, trigger, ukinami-yuzuha",爱丽丝·泰姆菲尔德 / 「扳机」 / 浮波柚叶,B-,43,8,15,2,7,6,1,0.28,0.07,29,34379,33,10,"da, sd","da:2.6.1, da:2.6.2, da:2.7.1, da:2.7.2, da:2.8.1, da:2.8.2, da:2.8.3, da:3.0.1, sd:2.6.1, sd:2.6.3, sd:2.6.4, sd:2.7.2, sd:2.7.3, sd:2.8.2, sd:2.8.3","1-1_combined.json, 1-2_combined.json, 1-3_combined.json, 5-1_combined.json, 5-2_combined.json, 5-3_combined.json, top_combined.json",hf_comps,record_count=43；phase_count=15；mode_count=2；boss_count=6；max_app_rate=0.28；median_app_rate=0.07,包含 10 条 sentinel/missing 分数；记录稀疏或出场率较低
rina|ye-shunguang|zhao,"rina, ye-shunguang, zhao",亚历山德丽娜·莎芭丝缇安 / 叶瞬光 / 照,B-,40,8,15,2,7,6,1,0.28,0.065,22,34433,40,0,"da, sd","da:2.6.1, da:2.6.2, da:2.7.1, da:2.7.2, da:2.8.1, da:2.8.2, da:2.8.3, da:3.0.1, sd:2.6.1, sd:2.6.3, sd:2.6.4, sd:2.7.2, sd:2.7.3, sd:2.8.2, sd:2.8.3","1-1_combined.json, 1-2_combined.json, 1-3_combined.json, 5-1_combined.json, 5-2_combined.json, 5-3_combined.json, top_combined.json",hf_comps,record_count=40；phase_count=15；mode_count=2；boss_count=6；max_app_rate=0.28；median_app_rate=0.065,记录稀疏或出场率较低
billy-starlight|ju-fufu|pan-yinhu,"billy-starlight, ju-fufu, pan-yinhu",星徽·比利 / 橘福福 / 潘引壶,B-,11,3,5,2,5,4,1,0.28,0.2,27,28823,11,0,"da, sd","da:2.8.2, da:2.8.3, da:3.0.1, sd:2.8.2, sd:2.8.3","1-2_combined.json, 1-3_combined.json, 5-1_combined.json, 5-2_combined.json, top_combined.json",hf_comps,record_count=11；phase_count=5；mode_count=2；boss_count=4；max_app_rate=0.28；median_app_rate=0.2,记录稀疏或出场率较低
astra-yao|burnice|velina,"astra-yao, burnice, velina",耀嘉音 / 柏妮思·怀特 / 维琳娜·艾嘉德,B-,5,1,2,2,4,3,1,0.28,0.14,32,33377,4,1,"da, sd","da:3.0.1, sd:2.8.3","1-1_combined.json, 5-1_combined.json, 5-3_combined.json, top_combined.json",hf_comps,record_count=5；phase_count=2；mode_count=2；boss_count=3；max_app_rate=0.28；median_app_rate=0.14,包含 1 条 sentinel/missing 分数；记录稀疏或出场率较低
astra-yao|nangong-yu|yanagi,"astra-yao, nangong-yu, yanagi",耀嘉音 / 南宫羽 / 月城 柳,B-,9,4,5,2,6,5,1,0.27,0.1,30,27744,9,0,"da, sd","da:2.7.1, da:2.7.2, da:2.8.2, sd:2.8.2, sd:2.8.3","1-1_combined.json, 1-2_combined.json, 1-3_combined.json, 5-1_combined.json, 5-3_combined.json, top_combined.json",hf_comps,record_count=9；phase_count=5；mode_count=2；boss_count=5；max_app_rate=0.27；median_app_rate=0.1,记录稀疏或出场率较低
pyrois|sunna|trigger,"pyrois, sunna, trigger",Pyrois / 千夏 / 「扳机」,B-,1,1,1,1,1,1,1,0.27,0.27,43,22146,1,0,da,da:3.0.1,1-2_combined.json,hf_comps,record_count=1；phase_count=1；mode_count=1；boss_count=1；max_app_rate=0.27；median_app_rate=0.27,记录稀疏或出场率较低
dialyn|ellen|zhao,"dialyn, ellen, zhao",琉音 / 艾莲·乔 / 照,B-,34,8,14,2,7,6,1,0.26,0.055,23,28448,29,5,"da, sd","da:2.6.2, da:2.7.1, da:2.7.2, da:2.8.1, da:2.8.2, da:2.8.3, da:3.0.1, sd:2.6.1, sd:2.6.3, sd:2.6.4, sd:2.7.2, sd:2.7.3, sd:2.8.2, sd:2.8.3","1-1_combined.json, 1-2_combined.json, 1-3_combined.json, 5-1_combined.json, 5-2_combined.json, 5-3_combined.json, top_combined.json",hf_comps,record_count=34；phase_count=14；mode_count=2；boss_count=6；max_app_rate=0.26；median_app_rate=0.055,包含 5 条 sentinel/missing 分数；记录稀疏或出场率较低
banyue|ju-fufu|pan-yinhu,"banyue, ju-fufu, pan-yinhu",般岳 / 橘福福 / 潘引壶,B-,22,7,12,2,6,5,1,0.26,0.055,36,30927,22,0,"da, sd","da:2.6.1, da:2.6.2, da:2.7.1, da:2.8.1, da:2.8.2, da:2.8.3, sd:2.6.1, sd:2.6.3, sd:2.6.4, sd:2.7.2, sd:2.8.2, sd:2.8.3","1-2_combined.json, 1-3_combined.json, 5-1_combined.json, 5-2_combined.json, 5-3_combined.json, top_combined.json",hf_comps,record_count=22；phase_count=12；mode_count=2；boss_count=5；max_app_rate=0.26；median_app_rate=0.055,记录稀疏或出场率较低
anby-demara-soldier-0|astra-yao|nicole-demara,"anby-demara-soldier-0, astra-yao, nicole-demara",零号·安比 / 耀嘉音 / 妮可·德玛拉,B-,19,6,10,2,6,5,1,0.26,0.09,32,29403,19,0,"da, sd","da:2.6.1, da:2.6.2, da:2.7.2, da:2.8.1, da:2.8.3, sd:2.6.1, sd:2.6.3, sd:2.7.2, sd:2.7.3, sd:2.8.2","1-2_combined.json, 1-3_combined.json, 5-1_combined.json, 5-2_combined.json, 5-3_combined.json, top_combined.json",hf_comps,record_count=19；phase_count=10；mode_count=2；boss_count=5；max_app_rate=0.26；median_app_rate=0.09,记录稀疏或出场率较低
anby-demara-soldier-0|trigger|ukinami-yuzuha,"anby-demara-soldier-0, trigger, ukinami-yuzuha",零号·安比 / 「扳机」 / 浮波柚叶,B-,17,6,9,2,6,5,1,0.26,0.04,39,34397,13,4,"da, sd","da:2.6.2, da:2.7.2, da:2.8.1, da:2.8.3, sd:2.6.1, sd:2.6.3, sd:2.7.2, sd:2.7.3, sd:2.8.2","1-2_combined.json, 1-3_combined.json, 5-1_combined.json, 5-2_combined.json, 5-3_combined.json, top_combined.json",hf_comps,record_count=17；phase_count=9；mode_count=2；boss_count=5；max_app_rate=0.26；median_app_rate=0.04,包含 4 条 sentinel/missing 分数；记录稀疏或出场率较低
miyabi|soukaku|yanagi,"miyabi, soukaku, yanagi",星见 雅 / 苍角 / 月城 柳,B-,17,7,11,2,6,5,1,0.26,0.04,39,34879,12,5,"da, sd","da:2.6.1, da:2.6.2, da:2.7.1, da:2.8.2, sd:2.6.1, sd:2.6.3, sd:2.6.4, sd:2.7.2, sd:2.7.3, sd:2.8.2, sd:2.8.3","1-1_combined.json, 1-3_combined.json, 5-1_combined.json, 5-2_combined.json, 5-3_combined.json, top_combined.json",hf_comps,record_count=17；phase_count=11；mode_count=2；boss_count=5；max_app_rate=0.26；median_app_rate=0.04,包含 5 条 sentinel/missing 分数；记录稀疏或出场率较低
billy-starlight|koleda|lucia,"billy-starlight, koleda, lucia",星徽·比利 / 珂蕾妲·贝洛伯格 / 卢西娅,B-,13,3,5,2,6,5,1,0.26,0.21,22,30852,13,0,"da, sd","da:2.8.2, da:2.8.3, da:3.0.1, sd:2.8.2, sd:2.8.3","1-2_combined.json, 1-3_combined.json, 5-1_combined.json, 5-2_combined.json, 5-3_combined.json, top_combined.json",hf_comps,record_count=13；phase_count=5；mode_count=2；boss_count=5；max_app_rate=0.26；median_app_rate=0.21,记录稀疏或出场率较低
caesar|lucia|yixuan,"caesar, lucia, yixuan",凯撒·金 / 卢西娅 / 仪玄,B-,40,8,15,2,7,6,1,0.25,0.07,28,31771,35,5,"da, sd","da:2.6.1, da:2.6.2, da:2.7.1, da:2.7.2, da:2.8.1, da:2.8.2, da:2.8.3, da:3.0.1, sd:2.6.1, sd:2.6.3, sd:2.6.4, sd:2.7.2, sd:2.7.3, sd:2.8.2, sd:2.8.3","1-1_combined.json, 1-2_combined.json, 1-3_combined.json, 5-1_combined.json, 5-2_combined.json, 5-3_combined.json, top_combined.json",hf_comps,record_count=40；phase_count=15；mode_count=2；boss_count=6；max_app_rate=0.25；median_app_rate=0.07,包含 5 条 sentinel/missing 分数；记录稀疏或出场率较低
astra-yao|jane-doe|vivian,"astra-yao, jane-doe, vivian",耀嘉音 / 简·杜 / 薇薇安·班希,B-,36,8,14,2,7,6,1,0.25,0.075,35,32095,24,12,"da, sd","da:2.6.1, da:2.6.2, da:2.7.1, da:2.7.2, da:2.8.2, da:2.8.3, da:3.0.1, sd:2.6.1, sd:2.6.3, sd:2.6.4, sd:2.7.2, sd:2.7.3, sd:2.8.2, sd:2.8.3","1-1_combined.json, 1-2_combined.json, 1-3_combined.json, 5-1_combined.json, 5-2_combined.json, 5-3_combined.json, top_combined.json",hf_comps,record_count=36；phase_count=14；mode_count=2；boss_count=6；max_app_rate=0.25；median_app_rate=0.075,包含 12 条 sentinel/missing 分数；记录稀疏或出场率较低
anby-demara-soldier-0|ju-fufu|orphie-and-magus,"anby-demara-soldier-0, ju-fufu, orphie-and-magus",零号·安比 / 橘福福 / 奥菲丝·马格努森 & 「鬼火」,B-,31,8,13,2,7,6,1,0.25,0.07,40,33198,31,0,"da, sd","da:2.6.1, da:2.6.2, da:2.7.2, da:2.8.1, da:2.8.3, da:3.0.1, sd:2.6.1, sd:2.6.3, sd:2.6.4, sd:2.7.2, sd:2.7.3, sd:2.8.2, sd:2.8.3","1-1_combined.json, 1-2_combined.json, 1-3_combined.json, 5-1_combined.json, 5-2_combined.json, 5-3_combined.json, top_combined.json",hf_comps,record_count=31；phase_count=13；mode_count=2；boss_count=6；max_app_rate=0.25；median_app_rate=0.07,记录稀疏或出场率较低
burnice|lucy|miyabi,"burnice, lucy, miyabi",柏妮思·怀特 / 露西亚娜·德·蒙特夫 / 星见 雅,B-,26,8,12,2,7,6,1,0.25,0.085,22,31659,22,4,"da, sd","da:2.6.1, da:2.6.2, da:2.7.1, da:2.8.2, da:3.0.1, sd:2.6.1, sd:2.6.3, sd:2.6.4, sd:2.7.2, sd:2.7.3, sd:2.8.2, sd:2.8.3","1-1_combined.json, 1-2_combined.json, 1-3_combined.json, 5-1_combined.json, 5-2_combined.json, 5-3_combined.json, top_combined.json",hf_comps,record_count=26；phase_count=12；mode_count=2；boss_count=6；max_app_rate=0.25；median_app_rate=0.085,包含 4 条 sentinel/missing 分数；记录稀疏或出场率较低
anby-demara-soldier-0|orphie-and-magus|pulchra,"anby-demara-soldier-0, orphie-and-magus, pulchra",零号·安比 / 奥菲丝·马格努森 & 「鬼火」 / 波可娜·费雷尼,B-,23,8,11,2,6,5,1,0.25,0.11,43,29714,23,0,"da, sd","da:2.6.2, da:2.7.2, da:2.8.1, da:2.8.3, sd:2.6.1, sd:2.6.3, sd:2.6.4, sd:2.7.2, sd:2.7.3, sd:2.8.2, sd:2.8.3","1-2_combined.json, 1-3_combined.json, 5-1_combined.json, 5-2_combined.json, 5-3_combined.json, top_combined.json",hf_comps,record_count=23；phase_count=11；mode_count=2；boss_count=5；max_app_rate=0.25；median_app_rate=0.11,记录稀疏或出场率较低
astra-yao|ju-fufu|soldier-11,"astra-yao, ju-fufu, soldier-11",耀嘉音 / 橘福福 / 「11号」,B-,19,6,11,2,6,5,1,0.25,0.03,35,29895,19,0,"da, sd","da:2.6.1, da:2.6.2, da:2.7.1, da:2.7.2, da:2.8.2, da:2.8.3, sd:2.6.1, sd:2.6.3, sd:2.6.4, sd:2.8.2, sd:2.8.3","1-2_combined.json, 1-3_combined.json, 5-1_combined.json, 5-2_combined.json, 5-3_combined.json, top_combined.json",hf_comps,record_count=19；phase_count=11；mode_count=2；boss_count=5；max_app_rate=0.25；median_app_rate=0.03,记录稀疏或出场率较低
astra-yao|miyabi|velina,"astra-yao, miyabi, velina",耀嘉音 / 星见 雅 / 维琳娜·艾嘉德,B-,4,1,2,2,3,2,1,0.25,0.19,34,30779,4,0,"da, sd","da:3.0.1, sd:2.8.3","1-1_combined.json, 5-1_combined.json, top_combined.json",hf_comps,record_count=4；phase_count=2；mode_count=2；boss_count=2；max_app_rate=0.25；median_app_rate=0.19,记录稀疏或出场率较低
ju-fufu|sunna|ye-shunguang,"ju-fufu, sunna, ye-shunguang",橘福福 / 千夏 / 叶瞬光,B-,42,8,15,2,7,6,1,0.24,0.08,33,32688,42,0,"da, sd","da:2.6.1, da:2.6.2, da:2.7.1, da:2.7.2, da:2.8.1, da:2.8.2, da:2.8.3, da:3.0.1, sd:2.6.1, sd:2.6.3, sd:2.6.4, sd:2.7.2, sd:2.7.3, sd:2.8.2, sd:2.8.3","1-1_combined.json, 1-2_combined.json, 1-3_combined.json, 5-1_combined.json, 5-2_combined.json, 5-3_combined.json, top_combined.json",hf_comps,record_count=42；phase_count=15；mode_count=2；boss_count=6；max_app_rate=0.24；median_app_rate=0.08,记录稀疏或出场率较低
alice|astra-yao|ukinami-yuzuha,"alice, astra-yao, ukinami-yuzuha",爱丽丝·泰姆菲尔德 / 耀嘉音 / 浮波柚叶,B-,38,8,13,2,7,6,1,0.24,0.055,32,34720,37,1,"da, sd","da:2.6.1, da:2.6.2, da:2.7.1, da:2.7.2, da:2.8.2, da:2.8.3, sd:2.6.1, sd:2.6.3, sd:2.6.4, sd:2.7.2, sd:2.7.3, sd:2.8.2, sd:2.8.3","1-1_combined.json, 1-2_combined.json, 1-3_combined.json, 5-1_combined.json, 5-2_combined.json, 5-3_combined.json, top_combined.json",hf_comps,record_count=38；phase_count=13；mode_count=2；boss_count=6；max_app_rate=0.24；median_app_rate=0.055,包含 1 条 sentinel/missing 分数；记录稀疏或出场率较低
dialyn|harumasa|sunna,"dialyn, harumasa, sunna",琉音 / 浅羽 悠真 / 千夏,B-,34,7,14,2,7,6,1,0.24,0.06,33,33772,30,4,"da, sd","da:2.6.1, da:2.6.2, da:2.7.1, da:2.7.2, da:2.8.1, da:2.8.2, da:2.8.3, sd:2.6.1, sd:2.6.3, sd:2.6.4, sd:2.7.2, sd:2.7.3, sd:2.8.2, sd:2.8.3","1-1_combined.json, 1-2_combined.json, 1-3_combined.json, 5-1_combined.json, 5-2_combined.json, 5-3_combined.json, top_combined.json",hf_comps,record_count=34；phase_count=14；mode_count=2；boss_count=6；max_app_rate=0.24；median_app_rate=0.06,包含 4 条 sentinel/missing 分数；记录稀疏或出场率较低
alice|astra-yao|nangong-yu,"alice, astra-yao, nangong-yu",爱丽丝·泰姆菲尔德 / 耀嘉音 / 南宫羽,B-,25,6,10,2,7,6,1,0.24,0.05,34,31883,21,4,"da, sd","da:2.7.1, da:2.7.2, da:2.8.2, da:2.8.3, da:3.0.1, sd:2.6.4, sd:2.7.2, sd:2.7.3, sd:2.8.2, sd:2.8.3","1-1_combined.json, 1-2_combined.json, 1-3_combined.json, 5-1_combined.json, 5-2_combined.json, 5-3_combined.json, top_combined.json",hf_comps,record_count=25；phase_count=10；mode_count=2；boss_count=6；max_app_rate=0.24；median_app_rate=0.05,包含 4 条 sentinel/missing 分数；记录稀疏或出场率较低
banyue|dialyn|pan-yinhu,"banyue, dialyn, pan-yinhu",般岳 / 琉音 / 潘引壶,B-,24,8,13,2,6,5,1,0.24,0.06,37,30352,24,0,"da, sd","da:2.6.1, da:2.6.2, da:2.7.1, da:2.7.2, da:2.8.1, da:2.8.2, da:2.8.3, sd:2.6.1, sd:2.6.3, sd:2.6.4, sd:2.7.2, sd:2.8.2, sd:2.8.3","1-2_combined.json, 1-3_combined.json, 5-1_combined.json, 5-2_combined.json, 5-3_combined.json, top_combined.json",hf_comps,record_count=24；phase_count=13；mode_count=2；boss_count=5；max_app_rate=0.24；median_app_rate=0.06,记录稀疏或出场率较低
grace-howard|nangong-yu|ukinami-yuzuha,"grace-howard, nangong-yu, ukinami-yuzuha",格莉丝·霍华德 / 南宫羽 / 浮波柚叶,B-,24,6,10,2,7,6,1,0.24,0.06,23,34084,24,0,"da, sd","da:2.7.1, da:2.7.2, da:2.8.1, da:2.8.2, da:2.8.3, da:3.0.1, sd:2.7.2, sd:2.7.3, sd:2.8.2, sd:2.8.3","1-1_combined.json, 1-2_combined.json, 1-3_combined.json, 5-1_combined.json, 5-2_combined.json, 5-3_combined.json, top_combined.json",hf_comps,record_count=24；phase_count=10；mode_count=2；boss_count=6；max_app_rate=0.24；median_app_rate=0.06,记录稀疏或出场率较低
jane-doe|ukinami-yuzuha|yanagi,"jane-doe, ukinami-yuzuha, yanagi",简·杜 / 浮波柚叶 / 月城 柳,B-,18,6,10,2,6,5,1,0.24,0.03,42,28947,15,3,"da, sd","da:2.6.1, da:2.7.1, da:2.7.2, da:2.8.2, da:2.8.3, sd:2.6.1, sd:2.6.3, sd:2.6.4, sd:2.7.2, sd:2.8.2","1-1_combined.json, 1-3_combined.json, 5-1_combined.json, 5-2_combined.json, 5-3_combined.json, top_combined.json",hf_comps,record_count=18；phase_count=10；mode_count=2；boss_count=5；max_app_rate=0.24；median_app_rate=0.03,包含 3 条 sentinel/missing 分数；记录稀疏或出场率较低
miyabi|sunna|vivian,"miyabi, sunna, vivian",星见 雅 / 千夏 / 薇薇安·班希,B-,15,7,10,2,7,6,1,0.24,0.02,38,31312,11,4,"da, sd","da:2.6.1, da:2.7.1, da:2.8.2, da:3.0.1, sd:2.6.1, sd:2.6.3, sd:2.6.4, sd:2.7.2, sd:2.8.2, sd:2.8.3","1-1_combined.json, 1-2_combined.json, 1-3_combined.json, 5-1_combined.json, 5-2_combined.json, 5-3_combined.json, top_combined.json",hf_comps,record_count=15；phase_count=10；mode_count=2；boss_count=6；max_app_rate=0.24；median_app_rate=0.02,包含 4 条 sentinel/missing 分数；记录稀疏或出场率较低
anby-demara-soldier-0|caesar|trigger,"anby-demara-soldier-0, caesar, trigger",零号·安比 / 凯撒·金 / 「扳机」,B-,23,7,12,2,7,6,1,0.23,0.06,40,30124,17,6,"da, sd","da:2.6.1, da:2.6.2, da:2.7.1, da:2.7.2, da:2.8.1, da:2.8.3, sd:2.6.1, sd:2.6.3, sd:2.6.4, sd:2.7.2, sd:2.7.3, sd:2.8.2","1-1_combined.json, 1-2_combined.json, 1-3_combined.json, 5-1_combined.json, 5-2_combined.json, 5-3_combined.json, top_combined.json",hf_comps,record_count=23；phase_count=12；mode_count=2；boss_count=6；max_app_rate=0.23；median_app_rate=0.06,包含 6 条 sentinel/missing 分数；记录稀疏或出场率较低
nangong-yu|piper|ukinami-yuzuha,"nangong-yu, piper, ukinami-yuzuha",南宫羽 / 派派·韦尔 / 浮波柚叶,B-,19,6,9,2,6,5,1,0.23,0.07,25,35822,17,2,"da, sd","da:2.7.1, da:2.7.2, da:2.8.2, da:2.8.3, da:3.0.1, sd:2.6.4, sd:2.7.2, sd:2.7.3, sd:2.8.3","1-1_combined.json, 1-3_combined.json, 5-1_combined.json, 5-2_combined.json, 5-3_combined.json, top_combined.json",hf_comps,record_count=19；phase_count=9；mode_count=2；boss_count=5；max_app_rate=0.23；median_app_rate=0.07,包含 2 条 sentinel/missing 分数；记录稀疏或出场率较低
aria|qingyi|sunna,"aria, qingyi, sunna",爱芮 / 青衣 / 千夏,B-,17,5,8,2,7,6,1,0.23,0.09,35,34332,14,3,"da, sd","da:2.6.2, da:2.7.1, da:2.7.2, da:2.8.2, sd:2.6.3, sd:2.6.4, sd:2.7.2, sd:2.7.3","1-1_combined.json, 1-2_combined.json, 1-3_combined.json, 5-1_combined.json, 5-2_combined.json, 5-3_combined.json, top_combined.json",hf_comps,record_count=17；phase_count=8；mode_count=2；boss_count=6；max_app_rate=0.23；median_app_rate=0.09,包含 3 条 sentinel/missing 分数；记录稀疏或出场率较低
alice|sunna|vivian,"alice, sunna, vivian",爱丽丝·泰姆菲尔德 / 千夏 / 薇薇安·班希,B-,16,6,9,2,7,6,1,0.23,0.02,30,31307,16,0,"da, sd","da:2.6.1, da:2.6.2, da:2.7.2, da:2.8.2, da:2.8.3, sd:2.6.1, sd:2.6.3, sd:2.6.4, sd:2.8.2","1-1_combined.json, 1-2_combined.json, 1-3_combined.json, 5-1_combined.json, 5-2_combined.json, 5-3_combined.json, top_combined.json",hf_comps,record_count=16；phase_count=9；mode_count=2；boss_count=6；max_app_rate=0.23；median_app_rate=0.02,记录稀疏或出场率较低
aria|nicole-demara|sunna,"aria, nicole-demara, sunna",爱芮 / 妮可·德玛拉 / 千夏,B-,16,5,10,2,6,5,1,0.23,0.05,42,32205,16,0,"da, sd","da:2.6.2, da:2.7.1, da:2.7.2, da:2.8.1, da:2.8.2, sd:2.6.3, sd:2.6.4, sd:2.7.2, sd:2.7.3, sd:2.8.2","1-1_combined.json, 1-3_combined.json, 5-1_combined.json, 5-2_combined.json, 5-3_combined.json, top_combined.json",hf_comps,record_count=16；phase_count=10；mode_count=2；boss_count=5；max_app_rate=0.23；median_app_rate=0.05,记录稀疏或出场率较低
aria|astra-yao|velina,"aria, astra-yao, velina",爱芮 / 耀嘉音 / 维琳娜·艾嘉德,B-,4,1,2,2,3,2,1,0.23,0.1,38,30675,4,0,"da, sd","da:3.0.1, sd:2.8.3","1-1_combined.json, 5-1_combined.json, top_combined.json",hf_comps,record_count=4；phase_count=2；mode_count=2；boss_count=2；max_app_rate=0.23；median_app_rate=0.1,记录稀疏或出场率较低
qingyi|ye-shunguang|zhao,"qingyi, ye-shunguang, zhao",青衣 / 叶瞬光 / 照,B-,40,8,15,2,7,6,1,0.22,0.08,27,28872,36,4,"da, sd","da:2.6.1, da:2.6.2, da:2.7.1, da:2.7.2, da:2.8.1, da:2.8.2, da:2.8.3, da:3.0.1, sd:2.6.1, sd:2.6.3, sd:2.6.4, sd:2.7.2, sd:2.7.3, sd:2.8.2, sd:2.8.3","1-1_combined.json, 1-2_combined.json, 1-3_combined.json, 5-1_combined.json, 5-2_combined.json, 5-3_combined.json, top_combined.json",hf_comps,record_count=40；phase_count=15；mode_count=2；boss_count=6；max_app_rate=0.22；median_app_rate=0.08,包含 4 条 sentinel/missing 分数；记录稀疏或出场率较低
dialyn|nekomata|sunna,"dialyn, nekomata, sunna",琉音 / 猫宫 又奈 / 千夏,B-,34,8,14,2,7,6,1,0.22,0.03,17,34677,32,2,"da, sd","da:2.6.1, da:2.6.2, da:2.7.2, da:2.8.1, da:2.8.2, da:2.8.3, da:3.0.1, sd:2.6.1, sd:2.6.3, sd:2.6.4, sd:2.7.2, sd:2.7.3, sd:2.8.2, sd:2.8.3","1-1_combined.json, 1-2_combined.json, 1-3_combined.json, 5-1_combined.json, 5-2_combined.json, 5-3_combined.json, top_combined.json",hf_comps,record_count=34；phase_count=14；mode_count=2；boss_count=6；max_app_rate=0.22；median_app_rate=0.03,包含 2 条 sentinel/missing 分数；记录稀疏或出场率较低
lucia|vivian|yixuan,"lucia, vivian, yixuan",卢西娅 / 薇薇安·班希 / 仪玄,B-,26,8,15,2,7,6,1,0.22,0.08,42,34207,24,2,"da, sd","da:2.6.1, da:2.6.2, da:2.7.1, da:2.7.2, da:2.8.1, da:2.8.2, da:2.8.3, da:3.0.1, sd:2.6.1, sd:2.6.3, sd:2.6.4, sd:2.7.2, sd:2.7.3, sd:2.8.2, sd:2.8.3","1-1_combined.json, 1-2_combined.json, 1-3_combined.json, 5-1_combined.json, 5-2_combined.json, 5-3_combined.json, top_combined.json",hf_comps,record_count=26；phase_count=15；mode_count=2；boss_count=6；max_app_rate=0.22；median_app_rate=0.08,包含 2 条 sentinel/missing 分数；记录稀疏或出场率较低
miyabi|nangong-yu|yanagi,"miyabi, nangong-yu, yanagi",星见 雅 / 南宫羽 / 月城 柳,B-,21,6,10,2,7,6,1,0.22,0.05,34,29737,20,1,"da, sd","da:2.7.1, da:2.7.2, da:2.8.1, da:2.8.2, da:2.8.3, da:3.0.1, sd:2.7.2, sd:2.7.3, sd:2.8.2, sd:2.8.3","1-1_combined.json, 1-2_combined.json, 1-3_combined.json, 5-1_combined.json, 5-2_combined.json, 5-3_combined.json, top_combined.json",hf_comps,record_count=21；phase_count=10；mode_count=2；boss_count=6；max_app_rate=0.22；median_app_rate=0.05,包含 1 条 sentinel/missing 分数；记录稀疏或出场率较低
astra-yao|miyabi|zhao,"astra-yao, miyabi, zhao",耀嘉音 / 星见 雅 / 照,B-,19,7,11,2,6,5,1,0.22,0.03,44,38736,12,7,"da, sd","da:2.6.1, da:2.7.1, da:2.7.2, da:2.8.2, sd:2.6.1, sd:2.6.3, sd:2.6.4, sd:2.7.2, sd:2.7.3, sd:2.8.2, sd:2.8.3","1-2_combined.json, 1-3_combined.json, 5-1_combined.json, 5-2_combined.json, 5-3_combined.json, top_combined.json",hf_comps,record_count=19；phase_count=11；mode_count=2；boss_count=5；max_app_rate=0.22；median_app_rate=0.03,包含 7 条 sentinel/missing 分数；记录稀疏或出场率较低
astra-yao|burnice|yanagi,"astra-yao, burnice, yanagi",耀嘉音 / 柏妮思·怀特 / 月城 柳,B-,15,6,7,2,5,4,1,0.22,0.03,46,29994,11,4,"da, sd","da:2.6.1, sd:2.6.1, sd:2.6.3, sd:2.6.4, sd:2.7.2, sd:2.7.3, sd:2.8.2","1-3_combined.json, 5-1_combined.json, 5-2_combined.json, 5-3_combined.json, top_combined.json",hf_comps,record_count=15；phase_count=7；mode_count=2；boss_count=4；max_app_rate=0.22；median_app_rate=0.03,包含 4 条 sentinel/missing 分数；记录稀疏或出场率较低
billy-starlight|lucia|lycaon,"billy-starlight, lucia, lycaon",星徽·比利 / 卢西娅 / 冯·莱卡恩,B-,10,3,5,2,5,4,1,0.22,0.1,29,33464,10,0,"da, sd","da:2.8.2, da:2.8.3, da:3.0.1, sd:2.8.2, sd:2.8.3","1-2_combined.json, 1-3_combined.json, 5-1_combined.json, 5-2_combined.json, top_combined.json",hf_comps,record_count=10；phase_count=5；mode_count=2；boss_count=4；max_app_rate=0.22；median_app_rate=0.1,记录稀疏或出场率较低
lycaon|pyrois|zhao,"lycaon, pyrois, zhao",冯·莱卡恩 / Pyrois / 照,B-,2,1,1,1,2,1,1,0.22,0.21,50,27454,2,0,da,da:3.0.1,"1-2_combined.json, top_combined.json",hf_comps,record_count=2；phase_count=1；mode_count=1；boss_count=1；max_app_rate=0.22；median_app_rate=0.21,记录稀疏或出场率较低
astra-yao|miyabi|trigger,"astra-yao, miyabi, trigger",耀嘉音 / 星见 雅 / 「扳机」,B-,38,8,15,2,7,6,1,0.21,0.055,36,31468,6,32,"da, sd","da:2.6.1, da:2.6.2, da:2.7.1, da:2.7.2, da:2.8.1, da:2.8.2, da:2.8.3, da:3.0.1, sd:2.6.1, sd:2.6.3, sd:2.6.4, sd:2.7.2, sd:2.7.3, sd:2.8.2, sd:2.8.3","1-1_combined.json, 1-2_combined.json, 1-3_combined.json, 5-1_combined.json, 5-2_combined.json, 5-3_combined.json, top_combined.json",hf_comps,record_count=38；phase_count=15；mode_count=2；boss_count=6；max_app_rate=0.21；median_app_rate=0.055,包含 32 条 sentinel/missing 分数；记录稀疏或出场率较低
anby-demara-soldier-0|dialyn|orphie-and-magus,"anby-demara-soldier-0, dialyn, orphie-and-magus",零号·安比 / 琉音 / 奥菲丝·马格努森 & 「鬼火」,B-,31,7,14,2,6,5,1,0.21,0.07,48,33174,31,0,"da, sd","da:2.6.1, da:2.6.2, da:2.7.1, da:2.7.2, da:2.8.1, da:2.8.2, da:2.8.3, sd:2.6.1, sd:2.6.3, sd:2.6.4, sd:2.7.2, sd:2.7.3, sd:2.8.2, sd:2.8.3","1-2_combined.json, 1-3_combined.json, 5-1_combined.json, 5-2_combined.json, 5-3_combined.json, top_combined.json",hf_comps,record_count=31；phase_count=14；mode_count=2；boss_count=5；max_app_rate=0.21；median_app_rate=0.07,记录稀疏或出场率较低
pan-yinhu|qingyi|yixuan,"pan-yinhu, qingyi, yixuan",潘引壶 / 青衣 / 仪玄,B-,29,8,13,2,7,6,1,0.21,0.03,31,29337,27,2,"da, sd","da:2.6.1, da:2.6.2, da:2.7.1, da:2.7.2, da:2.8.1, da:2.8.2, da:2.8.3, da:3.0.1, sd:2.6.1, sd:2.6.3, sd:2.6.4, sd:2.7.2, sd:2.7.3","1-1_combined.json, 1-2_combined.json, 1-3_combined.json, 5-1_combined.json, 5-2_combined.json, 5-3_combined.json, top_combined.json",hf_comps,record_count=29；phase_count=13；mode_count=2；boss_count=6；max_app_rate=0.21；median_app_rate=0.03,包含 2 条 sentinel/missing 分数；记录稀疏或出场率较低
alice|astra-yao|jane-doe,"alice, astra-yao, jane-doe",爱丽丝·泰姆菲尔德 / 耀嘉音 / 简·杜,B-,28,8,14,2,7,6,1,0.21,0.02,54,28353,15,13,"da, sd","da:2.6.1, da:2.6.2, da:2.7.1, da:2.7.2, da:2.8.1, da:2.8.2, da:2.8.3, sd:2.6.1, sd:2.6.3, sd:2.6.4, sd:2.7.2, sd:2.7.3, sd:2.8.2, sd:2.8.3","1-1_combined.json, 1-2_combined.json, 1-3_combined.json, 5-1_combined.json, 5-2_combined.json, 5-3_combined.json, top_combined.json",hf_comps,record_count=28；phase_count=14；mode_count=2；boss_count=6；max_app_rate=0.21；median_app_rate=0.02,包含 13 条 sentinel/missing 分数；记录稀疏或出场率较低
banyue|koleda|lucia,"banyue, koleda, lucia",般岳 / 珂蕾妲·贝洛伯格 / 卢西娅,B-,25,8,14,2,6,5,1,0.21,0.07,30,29568,25,0,"da, sd","da:2.6.1, da:2.6.2, da:2.7.1, da:2.7.2, da:2.8.1, da:2.8.2, da:2.8.3, da:3.0.1, sd:2.6.1, sd:2.6.3, sd:2.6.4, sd:2.7.2, sd:2.8.2, sd:2.8.3","1-2_combined.json, 1-3_combined.json, 5-1_combined.json, 5-2_combined.json, 5-3_combined.json, top_combined.json",hf_comps,record_count=25；phase_count=14；mode_count=2；boss_count=5；max_app_rate=0.21；median_app_rate=0.07,记录稀疏或出场率较低
nicole-demara|pan-yinhu|yixuan,"nicole-demara, pan-yinhu, yixuan",妮可·德玛拉 / 潘引壶 / 仪玄,B-,25,8,13,2,7,6,1,0.21,0.07,31,28593,24,1,"da, sd","da:2.6.1, da:2.6.2, da:2.7.1, da:2.7.2, da:2.8.2, da:2.8.3, da:3.0.1, sd:2.6.1, sd:2.6.3, sd:2.6.4, sd:2.7.2, sd:2.7.3, sd:2.8.2","1-1_combined.json, 1-2_combined.json, 1-3_combined.json, 5-1_combined.json, 5-2_combined.json, 5-3_combined.json, top_combined.json",hf_comps,record_count=25；phase_count=13；mode_count=2；boss_count=6；max_app_rate=0.21；median_app_rate=0.07,包含 1 条 sentinel/missing 分数；记录稀疏或出场率较低
lucia|nangong-yu|yixuan,"lucia, nangong-yu, yixuan",卢西娅 / 南宫羽 / 仪玄,B-,24,6,11,2,7,6,1,0.21,0.04,40,30913,23,1,"da, sd","da:2.7.1, da:2.7.2, da:2.8.1, da:2.8.2, da:2.8.3, da:3.0.1, sd:2.6.4, sd:2.7.2, sd:2.7.3, sd:2.8.2, sd:2.8.3","1-1_combined.json, 1-2_combined.json, 1-3_combined.json, 5-1_combined.json, 5-2_combined.json, 5-3_combined.json, top_combined.json",hf_comps,record_count=24；phase_count=11；mode_count=2；boss_count=6；max_app_rate=0.21；median_app_rate=0.04,包含 1 条 sentinel/missing 分数；记录稀疏或出场率较低
grace-howard|miyabi|ukinami-yuzuha,"grace-howard, miyabi, ukinami-yuzuha",格莉丝·霍华德 / 星见 雅 / 浮波柚叶,B-,18,7,12,2,7,6,1,0.21,0.02,46,32382,15,3,"da, sd","da:2.6.1, da:2.7.1, da:2.7.2, da:2.8.1, da:2.8.2, da:2.8.3, sd:2.6.1, sd:2.6.3, sd:2.7.2, sd:2.7.3, sd:2.8.2, sd:2.8.3","1-1_combined.json, 1-2_combined.json, 1-3_combined.json, 5-1_combined.json, 5-2_combined.json, 5-3_combined.json, top_combined.json",hf_comps,record_count=18；phase_count=12；mode_count=2；boss_count=6；max_app_rate=0.21；median_app_rate=0.02,包含 3 条 sentinel/missing 分数；记录稀疏或出场率较低
cissia|dialyn|seed,"cissia, dialyn, seed",希希芙 / 琉音 / 「席德」,B-,16,4,8,2,5,4,1,0.21,0.125,40,34434,16,0,"da, sd","da:2.7.2, da:2.8.1, da:2.8.2, da:2.8.3, sd:2.7.2, sd:2.7.3, sd:2.8.2, sd:2.8.3","1-2_combined.json, 1-3_combined.json, 5-2_combined.json, 5-3_combined.json, top_combined.json",hf_comps,record_count=16；phase_count=8；mode_count=2；boss_count=4；max_app_rate=0.21；median_app_rate=0.125,记录稀疏或出场率较低
miyabi|vivian|yanagi,"miyabi, vivian, yanagi",星见 雅 / 薇薇安·班希 / 月城 柳,B-,15,6,9,2,6,5,1,0.21,0.06,26,27170,11,4,"da, sd","da:2.6.1, da:2.7.1, da:2.8.2, sd:2.6.1, sd:2.6.3, sd:2.6.4, sd:2.7.3, sd:2.8.2, sd:2.8.3","1-1_combined.json, 1-3_combined.json, 5-1_combined.json, 5-2_combined.json, 5-3_combined.json, top_combined.json",hf_comps,record_count=15；phase_count=9；mode_count=2；boss_count=5；max_app_rate=0.21；median_app_rate=0.06,包含 4 条 sentinel/missing 分数；记录稀疏或出场率较低
billy-starlight|caesar|lucia,"billy-starlight, caesar, lucia",星徽·比利 / 凯撒·金 / 卢西娅,B-,12,3,5,2,6,5,1,0.21,0.155,29,32215,12,0,"da, sd","da:2.8.2, da:2.8.3, da:3.0.1, sd:2.8.2, sd:2.8.3","1-1_combined.json, 1-2_combined.json, 1-3_combined.json, 5-1_combined.json, 5-2_combined.json, top_combined.json",hf_comps,record_count=12；phase_count=5；mode_count=2；boss_count=5；max_app_rate=0.21；median_app_rate=0.155,记录稀疏或出场率较低
lycaon|promeia|ukinami-yuzuha,"lycaon, promeia, ukinami-yuzuha",冯·莱卡恩 / 普罗米娅 / 浮波柚叶,B-,12,3,6,2,5,4,1,0.21,0.115,20,27750,12,0,"da, sd","da:2.8.1, da:2.8.2, da:2.8.3, sd:2.7.3, sd:2.8.2, sd:2.8.3","1-1_combined.json, 5-1_combined.json, 5-2_combined.json, 5-3_combined.json, top_combined.json",hf_comps,record_count=12；phase_count=6；mode_count=2；boss_count=4；max_app_rate=0.21；median_app_rate=0.115,记录稀疏或出场率较低
alice|promeia|ukinami-yuzuha,"alice, promeia, ukinami-yuzuha",爱丽丝·泰姆菲尔德 / 普罗米娅 / 浮波柚叶,B-,7,4,5,2,3,2,1,0.21,0.06,29,32590,7,0,"da, sd","da:2.8.1, da:2.8.2, da:2.8.3, da:3.0.1, sd:2.7.3","1-1_combined.json, 5-3_combined.json, top_combined.json",hf_comps,record_count=7；phase_count=5；mode_count=2；boss_count=2；max_app_rate=0.21；median_app_rate=0.06,记录稀疏或出场率较低
astra-yao|velina|vivian,"astra-yao, velina, vivian",耀嘉音 / 维琳娜·艾嘉德 / 薇薇安·班希,B-,2,1,1,1,2,1,1,0.21,0.19,41,22314,2,0,da,da:3.0.1,"1-1_combined.json, top_combined.json",hf_comps,record_count=2；phase_count=1；mode_count=1；boss_count=1；max_app_rate=0.21；median_app_rate=0.19,记录稀疏或出场率较低
dialyn|nicole-demara|zhu-yuan,"dialyn, nicole-demara, zhu-yuan",琉音 / 妮可·德玛拉 / 朱鸢,B-,23,8,12,2,7,6,1,0.2,0.05,33,30424,23,0,"da, sd","da:2.6.1, da:2.6.2, da:2.7.1, da:2.7.2, da:2.8.2, da:2.8.3, da:3.0.1, sd:2.6.1, sd:2.6.3, sd:2.6.4, sd:2.7.2, sd:2.7.3","1-1_combined.json, 1-2_combined.json, 1-3_combined.json, 5-1_combined.json, 5-2_combined.json, 5-3_combined.json, top_combined.json",hf_comps,record_count=23；phase_count=12；mode_count=2；boss_count=6；max_app_rate=0.2；median_app_rate=0.05,记录稀疏或出场率较低
aria|miyabi|ukinami-yuzuha,"aria, miyabi, ukinami-yuzuha",爱芮 / 星见 雅 / 浮波柚叶,B-,22,7,11,2,7,6,1,0.2,0.05,41,32543,22,0,"da, sd","da:2.7.1, da:2.8.1, da:2.8.2, da:2.8.3, da:3.0.1, sd:2.6.3, sd:2.6.4, sd:2.7.2, sd:2.7.3, sd:2.8.2, sd:2.8.3","1-1_combined.json, 1-2_combined.json, 1-3_combined.json, 5-1_combined.json, 5-2_combined.json, 5-3_combined.json, top_combined.json",hf_comps,record_count=22；phase_count=11；mode_count=2；boss_count=6；max_app_rate=0.2；median_app_rate=0.05,记录稀疏或出场率较低
astra-yao|ellen|trigger,"astra-yao, ellen, trigger",耀嘉音 / 艾莲·乔 / 「扳机」,B-,20,8,11,2,7,6,1,0.2,0.03,43,27662,11,9,"da, sd","da:2.7.1, da:2.7.2, da:2.8.1, da:2.8.2, da:2.8.3, da:3.0.1, sd:2.6.1, sd:2.6.3, sd:2.6.4, sd:2.7.2, sd:2.8.3","1-1_combined.json, 1-2_combined.json, 1-3_combined.json, 5-1_combined.json, 5-2_combined.json, 5-3_combined.json, top_combined.json",hf_comps,record_count=20；phase_count=11；mode_count=2；boss_count=6；max_app_rate=0.2；median_app_rate=0.03,包含 9 条 sentinel/missing 分数；记录稀疏或出场率较低
anby-demara-soldier-0|astra-yao|pulchra,"anby-demara-soldier-0, astra-yao, pulchra",零号·安比 / 耀嘉音 / 波可娜·费雷尼,B-,14,6,8,2,5,4,1,0.2,0.085,50,28255,11,3,"da, sd","da:2.6.2, da:2.7.2, sd:2.6.1, sd:2.6.3, sd:2.7.2, sd:2.7.3, sd:2.8.2, sd:2.8.3","1-2_combined.json, 5-1_combined.json, 5-2_combined.json, 5-3_combined.json, top_combined.json",hf_comps,record_count=14；phase_count=8；mode_count=2；boss_count=4；max_app_rate=0.2；median_app_rate=0.085,包含 3 条 sentinel/missing 分数；记录稀疏或出场率较低
astra-yao|evelyn|orphie-and-magus,"astra-yao, evelyn, orphie-and-magus",耀嘉音 / 伊芙琳·舒瓦利耶 / 奥菲丝·马格努森 & 「鬼火」,B-,14,7,8,2,6,5,1,0.2,0.02,39,29480,9,5,"da, sd","da:2.6.2, da:2.8.3, sd:2.6.1, sd:2.6.3, sd:2.6.4, sd:2.7.3, sd:2.8.2, sd:2.8.3","1-2_combined.json, 1-3_combined.json, 5-1_combined.json, 5-2_combined.json, 5-3_combined.json, top_combined.json",hf_comps,record_count=14；phase_count=8；mode_count=2；boss_count=5；max_app_rate=0.2；median_app_rate=0.02,包含 5 条 sentinel/missing 分数；记录稀疏或出场率较低
evelyn|lighter|lucy,"evelyn, lighter, lucy",伊芙琳·舒瓦利耶 / 莱特 / 露西亚娜·德·蒙特夫,B-,8,5,6,2,5,4,1,0.2,0.03,39,30420,8,0,"da, sd","da:2.8.2, sd:2.6.1, sd:2.6.3, sd:2.7.3, sd:2.8.2, sd:2.8.3","1-2_combined.json, 5-1_combined.json, 5-2_combined.json, 5-3_combined.json, top_combined.json",hf_comps,record_count=8；phase_count=6；mode_count=2；boss_count=4；max_app_rate=0.2；median_app_rate=0.03,记录稀疏或出场率较低
nangong-yu|pyrois|sunna,"nangong-yu, pyrois, sunna",南宫羽 / Pyrois / 千夏,B-,2,1,1,1,2,1,1,0.2,0.195,52,28209,2,0,da,da:3.0.1,"1-2_combined.json, top_combined.json",hf_comps,record_count=2；phase_count=1；mode_count=1；boss_count=1；max_app_rate=0.2；median_app_rate=0.195,记录稀疏或出场率较低
miyabi|soukaku|zhao,"miyabi, soukaku, zhao",星见 雅 / 苍角 / 照,B-,36,8,15,2,7,6,1,0.19,0.05,35,32639,33,3,"da, sd","da:2.6.1, da:2.6.2, da:2.7.1, da:2.7.2, da:2.8.1, da:2.8.2, da:2.8.3, da:3.0.1, sd:2.6.1, sd:2.6.3, sd:2.6.4, sd:2.7.2, sd:2.7.3, sd:2.8.2, sd:2.8.3","1-1_combined.json, 1-2_combined.json, 1-3_combined.json, 5-1_combined.json, 5-2_combined.json, 5-3_combined.json, top_combined.json",hf_comps,record_count=36；phase_count=15；mode_count=2；boss_count=6；max_app_rate=0.19；median_app_rate=0.05,包含 3 条 sentinel/missing 分数；记录稀疏或出场率较低
lucia|nicole-demara|yixuan,"lucia, nicole-demara, yixuan",卢西娅 / 妮可·德玛拉 / 仪玄,B-,34,8,14,2,7,6,1,0.19,0.05,37,30177,33,1,"da, sd","da:2.6.1, da:2.6.2, da:2.7.1, da:2.7.2, da:2.8.1, da:2.8.2, da:2.8.3, da:3.0.1, sd:2.6.1, sd:2.6.3, sd:2.6.4, sd:2.7.2, sd:2.7.3, sd:2.8.3","1-1_combined.json, 1-2_combined.json, 1-3_combined.json, 5-1_combined.json, 5-2_combined.json, 5-3_combined.json, top_combined.json",hf_comps,record_count=34；phase_count=14；mode_count=2；boss_count=6；max_app_rate=0.19；median_app_rate=0.05,包含 1 条 sentinel/missing 分数；记录稀疏或出场率较低
alice|astra-yao|burnice,"alice, astra-yao, burnice",爱丽丝·泰姆菲尔德 / 耀嘉音 / 柏妮思·怀特,B-,20,7,8,2,6,5,1,0.19,0.04,42,29261,20,0,"da, sd","da:2.6.1, da:2.8.2, sd:2.6.1, sd:2.6.3, sd:2.6.4, sd:2.7.3, sd:2.8.2, sd:2.8.3","1-1_combined.json, 1-3_combined.json, 5-1_combined.json, 5-2_combined.json, 5-3_combined.json, top_combined.json",hf_comps,record_count=20；phase_count=8；mode_count=2；boss_count=5；max_app_rate=0.19；median_app_rate=0.04,记录稀疏或出场率较低
astra-yao|burnice|vivian,"astra-yao, burnice, vivian",耀嘉音 / 柏妮思·怀特 / 薇薇安·班希,B-,14,6,7,2,6,5,1,0.19,0.05,41,32840,14,0,"da, sd","da:2.6.1, sd:2.6.1, sd:2.6.3, sd:2.6.4, sd:2.7.2, sd:2.7.3, sd:2.8.2","1-2_combined.json, 1-3_combined.json, 5-1_combined.json, 5-2_combined.json, 5-3_combined.json, top_combined.json",hf_comps,record_count=14；phase_count=7；mode_count=2；boss_count=5；max_app_rate=0.19；median_app_rate=0.05,记录稀疏或出场率较低
aria|trigger|ukinami-yuzuha,"aria, trigger, ukinami-yuzuha",爱芮 / 「扳机」 / 浮波柚叶,B-,12,4,6,2,5,4,1,0.19,0.09,38,29872,12,0,"da, sd","da:2.6.2, da:2.7.1, da:2.7.2, da:2.8.2, sd:2.6.3, sd:2.6.4","1-1_combined.json, 1-3_combined.json, 5-2_combined.json, 5-3_combined.json, top_combined.json",hf_comps,record_count=12；phase_count=6；mode_count=2；boss_count=4；max_app_rate=0.19；median_app_rate=0.09,记录稀疏或出场率较低
miyabi|nicole-demara|ukinami-yuzuha,"miyabi, nicole-demara, ukinami-yuzuha",星见 雅 / 妮可·德玛拉 / 浮波柚叶,B-,33,8,15,2,7,6,1,0.18,0.08,25,32997,31,2,"da, sd","da:2.6.1, da:2.6.2, da:2.7.1, da:2.7.2, da:2.8.1, da:2.8.2, da:2.8.3, da:3.0.1, sd:2.6.1, sd:2.6.3, sd:2.6.4, sd:2.7.2, sd:2.7.3, sd:2.8.2, sd:2.8.3","1-1_combined.json, 1-2_combined.json, 1-3_combined.json, 5-1_combined.json, 5-2_combined.json, 5-3_combined.json, top_combined.json",hf_comps,record_count=33；phase_count=15；mode_count=2；boss_count=6；max_app_rate=0.18；median_app_rate=0.08,包含 2 条 sentinel/missing 分数；记录稀疏或出场率较低
dialyn|harumasa|zhao,"dialyn, harumasa, zhao",琉音 / 浅羽 悠真 / 照,B-,25,7,12,2,7,6,1,0.18,0.03,38,31973,25,0,"da, sd","da:2.6.1, da:2.6.2, da:2.7.1, da:2.7.2, da:2.8.1, da:2.8.3, sd:2.6.1, sd:2.6.3, sd:2.6.4, sd:2.7.2, sd:2.7.3, sd:2.8.2","1-1_combined.json, 1-2_combined.json, 1-3_combined.json, 5-1_combined.json, 5-2_combined.json, 5-3_combined.json, top_combined.json",hf_comps,record_count=25；phase_count=12；mode_count=2；boss_count=6；max_app_rate=0.18；median_app_rate=0.03,记录稀疏或出场率较低
burnice|piper|ukinami-yuzuha,"burnice, piper, ukinami-yuzuha",柏妮思·怀特 / 派派·韦尔 / 浮波柚叶,B-,22,6,8,2,6,5,1,0.18,0.07,40,31324,22,0,"da, sd","da:2.6.1, da:2.8.2, sd:2.6.1, sd:2.6.3, sd:2.6.4, sd:2.7.3, sd:2.8.2, sd:2.8.3","1-1_combined.json, 1-3_combined.json, 5-1_combined.json, 5-2_combined.json, 5-3_combined.json, top_combined.json",hf_comps,record_count=22；phase_count=8；mode_count=2；boss_count=5；max_app_rate=0.18；median_app_rate=0.07,记录稀疏或出场率较低
astra-yao|lucia|yidhari,"astra-yao, lucia, yidhari",耀嘉音 / 卢西娅 / 伊德海莉·墨菲,B-,21,8,12,2,6,5,1,0.18,0.02,39,39618,18,3,"da, sd","da:2.6.1, da:2.6.2, da:2.7.1, da:2.7.2, da:2.8.1, da:2.8.2, da:3.0.1, sd:2.6.1, sd:2.6.4, sd:2.7.2, sd:2.8.2, sd:2.8.3","1-2_combined.json, 1-3_combined.json, 5-1_combined.json, 5-2_combined.json, 5-3_combined.json, top_combined.json",hf_comps,record_count=21；phase_count=12；mode_count=2；boss_count=5；max_app_rate=0.18；median_app_rate=0.02,包含 3 条 sentinel/missing 分数；记录稀疏或出场率较低
orphie-and-magus|soldier-11|trigger,"orphie-and-magus, soldier-11, trigger",奥菲丝·马格努森 & 「鬼火」 / 「11号」 / 「扳机」,B-,21,7,11,2,6,5,1,0.18,0.03,40,29541,19,2,"da, sd","da:2.6.1, da:2.6.2, da:2.7.2, da:2.8.1, da:2.8.2, sd:2.6.1, sd:2.6.3, sd:2.6.4, sd:2.7.3, sd:2.8.2, sd:2.8.3","1-2_combined.json, 1-3_combined.json, 5-1_combined.json, 5-2_combined.json, 5-3_combined.json, top_combined.json",hf_comps,record_count=21；phase_count=11；mode_count=2；boss_count=5；max_app_rate=0.18；median_app_rate=0.03,包含 2 条 sentinel/missing 分数；记录稀疏或出场率较低
lighter|orphie-and-magus|soldier-11,"lighter, orphie-and-magus, soldier-11",莱特 / 奥菲丝·马格努森 & 「鬼火」 / 「11号」,B-,36,8,15,2,7,6,1,0.17,0.04,42,34370,35,1,"da, sd","da:2.6.1, da:2.6.2, da:2.7.1, da:2.7.2, da:2.8.1, da:2.8.2, da:2.8.3, da:3.0.1, sd:2.6.1, sd:2.6.3, sd:2.6.4, sd:2.7.2, sd:2.7.3, sd:2.8.2, sd:2.8.3","1-1_combined.json, 1-2_combined.json, 1-3_combined.json, 5-1_combined.json, 5-2_combined.json, 5-3_combined.json, top_combined.json",hf_comps,record_count=36；phase_count=15；mode_count=2；boss_count=6；max_app_rate=0.17；median_app_rate=0.04,包含 1 条 sentinel/missing 分数；记录稀疏或出场率较低
lighter|lucy|miyabi,"lighter, lucy, miyabi",莱特 / 露西亚娜·德·蒙特夫 / 星见 雅,B-,29,8,15,2,7,6,1,0.17,0.05,43,27446,21,8,"da, sd","da:2.6.1, da:2.6.2, da:2.7.1, da:2.7.2, da:2.8.1, da:2.8.2, da:2.8.3, da:3.0.1, sd:2.6.1, sd:2.6.3, sd:2.6.4, sd:2.7.2, sd:2.7.3, sd:2.8.2, sd:2.8.3","1-1_combined.json, 1-2_combined.json, 1-3_combined.json, 5-1_combined.json, 5-2_combined.json, 5-3_combined.json, top_combined.json",hf_comps,record_count=29；phase_count=15；mode_count=2；boss_count=6；max_app_rate=0.17；median_app_rate=0.05,包含 8 条 sentinel/missing 分数；记录稀疏或出场率较低
astra-yao|yixuan|zhao,"astra-yao, yixuan, zhao",耀嘉音 / 仪玄 / 照,B-,27,8,14,2,7,6,1,0.17,0.04,39,33052,23,4,"da, sd","da:2.6.1, da:2.6.2, da:2.7.1, da:2.7.2, da:2.8.1, da:2.8.2, da:2.8.3, da:3.0.1, sd:2.6.1, sd:2.6.3, sd:2.6.4, sd:2.7.2, sd:2.7.3, sd:2.8.3","1-1_combined.json, 1-2_combined.json, 1-3_combined.json, 5-1_combined.json, 5-2_combined.json, 5-3_combined.json, top_combined.json",hf_comps,record_count=27；phase_count=14；mode_count=2；boss_count=6；max_app_rate=0.17；median_app_rate=0.04,包含 4 条 sentinel/missing 分数；记录稀疏或出场率较低
dialyn|hugo|lycaon,"dialyn, hugo, lycaon",琉音 / 雨果·维拉德 / 冯·莱卡恩,B-,25,8,14,2,7,6,1,0.17,0.04,43,31965,19,6,"da, sd","da:2.6.1, da:2.6.2, da:2.7.1, da:2.7.2, da:2.8.1, da:2.8.2, da:2.8.3, da:3.0.1, sd:2.6.1, sd:2.6.4, sd:2.7.2, sd:2.7.3, sd:2.8.2, sd:2.8.3","1-1_combined.json, 1-2_combined.json, 1-3_combined.json, 5-1_combined.json, 5-2_combined.json, 5-3_combined.json, top_combined.json",hf_comps,record_count=25；phase_count=14；mode_count=2；boss_count=6；max_app_rate=0.17；median_app_rate=0.04,包含 6 条 sentinel/missing 分数；记录稀疏或出场率较低
lucia|pan-yinhu|yidhari,"lucia, pan-yinhu, yidhari",卢西娅 / 潘引壶 / 伊德海莉·墨菲,B-,25,8,13,2,6,5,1,0.17,0.05,41,32143,24,1,"da, sd","da:2.6.2, da:2.7.1, da:2.7.2, da:2.8.1, da:2.8.2, da:2.8.3, da:3.0.1, sd:2.6.1, sd:2.6.3, sd:2.6.4, sd:2.7.2, sd:2.8.2, sd:2.8.3","1-2_combined.json, 1-3_combined.json, 5-1_combined.json, 5-2_combined.json, 5-3_combined.json, top_combined.json",hf_comps,record_count=25；phase_count=13；mode_count=2；boss_count=5；max_app_rate=0.17；median_app_rate=0.05,包含 1 条 sentinel/missing 分数；记录稀疏或出场率较低
ellen|lycaon|zhao,"ellen, lycaon, zhao",艾莲·乔 / 冯·莱卡恩 / 照,B-,23,8,13,2,7,6,1,0.17,0.04,39,26314,22,1,"da, sd","da:2.6.2, da:2.7.1, da:2.7.2, da:2.8.1, da:2.8.2, da:2.8.3, da:3.0.1, sd:2.6.1, sd:2.6.4, sd:2.7.2, sd:2.7.3, sd:2.8.2, sd:2.8.3","1-1_combined.json, 1-2_combined.json, 1-3_combined.json, 5-1_combined.json, 5-2_combined.json, 5-3_combined.json, top_combined.json",hf_comps,record_count=23；phase_count=13；mode_count=2；boss_count=6；max_app_rate=0.17；median_app_rate=0.04,包含 1 条 sentinel/missing 分数；记录稀疏或出场率较低
aria|lycaon|zhao,"aria, lycaon, zhao",爱芮 / 冯·莱卡恩 / 照,B-,21,7,12,2,6,5,1,0.17,0.06,43,29136,21,0,"da, sd","da:2.6.2, da:2.7.1, da:2.7.2, da:2.8.1, da:2.8.2, da:2.8.3, sd:2.6.3, sd:2.6.4, sd:2.7.2, sd:2.7.3, sd:2.8.2, sd:2.8.3","1-1_combined.json, 1-3_combined.json, 5-1_combined.json, 5-2_combined.json, 5-3_combined.json, top_combined.json",hf_comps,record_count=21；phase_count=12；mode_count=2；boss_count=5；max_app_rate=0.17；median_app_rate=0.06,记录稀疏或出场率较低
jane-doe|miyabi|ukinami-yuzuha,"jane-doe, miyabi, ukinami-yuzuha",简·杜 / 星见 雅 / 浮波柚叶,B-,21,6,10,2,6,5,1,0.17,0.03,33,30545,18,3,"da, sd","da:2.6.1, da:2.7.1, da:2.8.2, da:2.8.3, sd:2.6.1, sd:2.6.3, sd:2.6.4, sd:2.7.3, sd:2.8.2, sd:2.8.3","1-1_combined.json, 1-3_combined.json, 5-1_combined.json, 5-2_combined.json, 5-3_combined.json, top_combined.json",hf_comps,record_count=21；phase_count=10；mode_count=2；boss_count=5；max_app_rate=0.17；median_app_rate=0.03,包含 3 条 sentinel/missing 分数；记录稀疏或出场率较低
ellen|lighter|zhao,"ellen, lighter, zhao",艾莲·乔 / 莱特 / 照,B-,19,7,12,2,7,6,1,0.17,0.03,43,30140,15,4,"da, sd","da:2.6.2, da:2.7.1, da:2.7.2, da:2.8.2, da:2.8.3, da:3.0.1, sd:2.6.1, sd:2.6.3, sd:2.6.4, sd:2.7.2, sd:2.8.2, sd:2.8.3","1-1_combined.json, 1-2_combined.json, 1-3_combined.json, 5-1_combined.json, 5-2_combined.json, 5-3_combined.json, top_combined.json",hf_comps,record_count=19；phase_count=12；mode_count=2；boss_count=6；max_app_rate=0.17；median_app_rate=0.03,包含 4 条 sentinel/missing 分数；记录稀疏或出场率较低
aria|burnice|ukinami-yuzuha,"aria, burnice, ukinami-yuzuha",爱芮 / 柏妮思·怀特 / 浮波柚叶,B-,14,4,8,2,5,4,1,0.17,0.02,49,33456,14,0,"da, sd","da:2.6.2, da:2.7.1, da:2.7.2, da:2.8.1, sd:2.6.3, sd:2.6.4, sd:2.7.2, sd:2.7.3","1-1_combined.json, 5-1_combined.json, 5-2_combined.json, 5-3_combined.json, top_combined.json",hf_comps,record_count=14；phase_count=8；mode_count=2；boss_count=4；max_app_rate=0.17；median_app_rate=0.02,记录稀疏或出场率较低
nicole-demara|pyrois|zhao,"nicole-demara, pyrois, zhao",妮可·德玛拉 / Pyrois / 照,B-,1,1,1,1,1,1,1,0.17,0.17,57,22859,1,0,da,da:3.0.1,1-2_combined.json,hf_comps,record_count=1；phase_count=1；mode_count=1；boss_count=1；max_app_rate=0.17；median_app_rate=0.17,记录稀疏或出场率较低
lucia|yixuan|zhao,"lucia, yixuan, zhao",卢西娅 / 仪玄 / 照,B-,44,8,15,2,7,6,1,0.16,0.05,43,42262,42,2,"da, sd","da:2.6.1, da:2.6.2, da:2.7.1, da:2.7.2, da:2.8.1, da:2.8.2, da:2.8.3, da:3.0.1, sd:2.6.1, sd:2.6.3, sd:2.6.4, sd:2.7.2, sd:2.7.3, sd:2.8.2, sd:2.8.3","1-1_combined.json, 1-2_combined.json, 1-3_combined.json, 5-1_combined.json, 5-2_combined.json, 5-3_combined.json, top_combined.json",hf_comps,record_count=44；phase_count=15；mode_count=2；boss_count=6；max_app_rate=0.16；median_app_rate=0.05,包含 2 条 sentinel/missing 分数；记录稀疏或出场率较低
astra-yao|nicole-demara|yixuan,"astra-yao, nicole-demara, yixuan",耀嘉音 / 妮可·德玛拉 / 仪玄,B-,27,8,14,2,7,6,1,0.16,0.05,39,29614,23,4,"da, sd","da:2.6.1, da:2.6.2, da:2.7.1, da:2.7.2, da:2.8.1, da:2.8.2, da:2.8.3, da:3.0.1, sd:2.6.1, sd:2.6.3, sd:2.6.4, sd:2.7.2, sd:2.7.3, sd:2.8.3","1-1_combined.json, 1-2_combined.json, 1-3_combined.json, 5-1_combined.json, 5-2_combined.json, 5-3_combined.json, top_combined.json",hf_comps,record_count=27；phase_count=14；mode_count=2；boss_count=6；max_app_rate=0.16；median_app_rate=0.05,包含 4 条 sentinel/missing 分数；记录稀疏或出场率较低
banyue|lucia|pan-yinhu,"banyue, lucia, pan-yinhu",般岳 / 卢西娅 / 潘引壶,B-,25,8,13,2,6,5,1,0.16,0.07,38,30558,25,0,"da, sd","da:2.6.1, da:2.6.2, da:2.7.1, da:2.7.2, da:2.8.1, da:2.8.2, da:3.0.1, sd:2.6.1, sd:2.6.3, sd:2.6.4, sd:2.7.2, sd:2.8.2, sd:2.8.3","1-2_combined.json, 1-3_combined.json, 5-1_combined.json, 5-2_combined.json, 5-3_combined.json, top_combined.json",hf_comps,record_count=25；phase_count=13；mode_count=2；boss_count=5；max_app_rate=0.16；median_app_rate=0.07,记录稀疏或出场率较低
anby-demara-soldier-0|astra-yao|ju-fufu,"anby-demara-soldier-0, astra-yao, ju-fufu",零号·安比 / 耀嘉音 / 橘福福,B-,18,7,10,2,6,5,1,0.16,0.07,55,29560,16,2,"da, sd","da:2.6.2, da:2.7.1, da:2.7.2, da:2.8.1, da:2.8.3, sd:2.6.1, sd:2.6.3, sd:2.7.2, sd:2.7.3, sd:2.8.2","1-2_combined.json, 1-3_combined.json, 5-1_combined.json, 5-2_combined.json, 5-3_combined.json, top_combined.json",hf_comps,record_count=18；phase_count=10；mode_count=2；boss_count=5；max_app_rate=0.16；median_app_rate=0.07,包含 2 条 sentinel/missing 分数；记录稀疏或出场率较低
miyabi|nicole-demara|yanagi,"miyabi, nicole-demara, yanagi",星见 雅 / 妮可·德玛拉 / 月城 柳,B-,16,8,11,2,7,6,1,0.16,0.025,46,27889,12,4,"da, sd","da:2.6.1, da:2.7.1, da:2.7.2, da:2.8.2, da:2.8.3, sd:2.6.1, sd:2.6.3, sd:2.6.4, sd:2.7.3, sd:2.8.2, sd:2.8.3","1-1_combined.json, 1-2_combined.json, 1-3_combined.json, 5-1_combined.json, 5-2_combined.json, 5-3_combined.json, top_combined.json",hf_comps,record_count=16；phase_count=11；mode_count=2；boss_count=6；max_app_rate=0.16；median_app_rate=0.025,包含 4 条 sentinel/missing 分数；记录稀疏或出场率较低
astra-yao|ukinami-yuzuha|vivian,"astra-yao, ukinami-yuzuha, vivian",耀嘉音 / 浮波柚叶 / 薇薇安·班希,B-,7,4,4,2,4,3,1,0.16,0.03,45,27106,7,0,"da, sd","da:2.6.2, da:2.7.2, da:2.8.2, sd:2.6.4","1-1_combined.json, 1-3_combined.json, 5-2_combined.json, top_combined.json",hf_comps,record_count=7；phase_count=4；mode_count=2；boss_count=3；max_app_rate=0.16；median_app_rate=0.03,记录稀疏或出场率较低
alice|astra-yao|velina,"alice, astra-yao, velina",爱丽丝·泰姆菲尔德 / 耀嘉音 / 维琳娜·艾嘉德,B-,5,1,2,2,4,3,1,0.16,0.04,43,30872,5,0,"da, sd","da:3.0.1, sd:2.8.3","1-1_combined.json, 5-2_combined.json, 5-3_combined.json, top_combined.json",hf_comps,record_count=5；phase_count=2；mode_count=2；boss_count=3；max_app_rate=0.16；median_app_rate=0.04,记录稀疏或出场率较低
harumasa|sunna|trigger,"harumasa, sunna, trigger",浅羽 悠真 / 千夏 / 「扳机」,B-,27,8,14,2,7,6,1,0.15,0.05,44,32420,21,6,"da, sd","da:2.6.1, da:2.6.2, da:2.7.1, da:2.7.2, da:2.8.1, da:2.8.2, da:2.8.3, da:3.0.1, sd:2.6.1, sd:2.6.3, sd:2.6.4, sd:2.7.2, sd:2.7.3, sd:2.8.2","1-1_combined.json, 1-2_combined.json, 1-3_combined.json, 5-1_combined.json, 5-2_combined.json, 5-3_combined.json, top_combined.json",hf_comps,record_count=27；phase_count=14；mode_count=2；boss_count=6；max_app_rate=0.15；median_app_rate=0.05,包含 6 条 sentinel/missing 分数；记录稀疏或出场率较低
astra-yao|banyue|dialyn,"astra-yao, banyue, dialyn",耀嘉音 / 般岳 / 琉音,B-,25,8,13,2,6,5,1,0.15,0.07,47,34104,23,2,"da, sd","da:2.6.1, da:2.6.2, da:2.7.1, da:2.7.2, da:2.8.1, da:2.8.2, sd:2.6.1, sd:2.6.3, sd:2.6.4, sd:2.7.2, sd:2.7.3, sd:2.8.2, sd:2.8.3","1-2_combined.json, 1-3_combined.json, 5-1_combined.json, 5-2_combined.json, 5-3_combined.json, top_combined.json",hf_comps,record_count=25；phase_count=13；mode_count=2；boss_count=5；max_app_rate=0.15；median_app_rate=0.07,包含 2 条 sentinel/missing 分数；记录稀疏或出场率较低
dialyn|ellen|sunna,"dialyn, ellen, sunna",琉音 / 艾莲·乔 / 千夏,B-,24,8,13,2,6,5,1,0.15,0.04,46,32733,21,3,"da, sd","da:2.6.1, da:2.6.2, da:2.7.1, da:2.7.2, da:2.8.1, da:2.8.2, da:2.8.3, da:3.0.1, sd:2.6.1, sd:2.6.4, sd:2.7.3, sd:2.8.2, sd:2.8.3","1-2_combined.json, 1-3_combined.json, 5-1_combined.json, 5-2_combined.json, 5-3_combined.json, top_combined.json",hf_comps,record_count=24；phase_count=13；mode_count=2；boss_count=5；max_app_rate=0.15；median_app_rate=0.04,包含 3 条 sentinel/missing 分数；记录稀疏或出场率较低
seed|soldier-11|trigger,"seed, soldier-11, trigger",「席德」 / 「11号」 / 「扳机」,B-,21,6,10,2,6,5,1,0.15,0.04,67,30702,21,0,"da, sd","da:2.6.1, da:2.6.2, da:2.7.2, da:2.8.1, da:2.8.3, sd:2.6.1, sd:2.6.3, sd:2.7.2, sd:2.7.3, sd:2.8.2","1-2_combined.json, 1-3_combined.json, 5-1_combined.json, 5-2_combined.json, 5-3_combined.json, top_combined.json",hf_comps,record_count=21；phase_count=10；mode_count=2；boss_count=5；max_app_rate=0.15；median_app_rate=0.04,记录稀疏或出场率较低
harumasa|nicole-demara|trigger,"harumasa, nicole-demara, trigger",浅羽 悠真 / 妮可·德玛拉 / 「扳机」,B-,19,6,11,2,6,5,1,0.15,0.06,57,29969,19,0,"da, sd","da:2.6.1, da:2.6.2, da:2.7.2, da:2.8.1, da:2.8.2, da:2.8.3, sd:2.6.1, sd:2.6.3, sd:2.7.2, sd:2.7.3, sd:2.8.2","1-2_combined.json, 1-3_combined.json, 5-1_combined.json, 5-2_combined.json, 5-3_combined.json, top_combined.json",hf_comps,record_count=19；phase_count=11；mode_count=2；boss_count=5；max_app_rate=0.15；median_app_rate=0.06,记录稀疏或出场率较低
anby-demara-soldier-0|pulchra|trigger,"anby-demara-soldier-0, pulchra, trigger",零号·安比 / 波可娜·费雷尼 / 「扳机」,B-,16,5,9,2,6,5,1,0.15,0.05,58,40738,12,4,"da, sd","da:2.6.1, da:2.6.2, da:2.7.2, da:2.8.1, sd:2.6.1, sd:2.6.3, sd:2.7.2, sd:2.7.3, sd:2.8.2","1-2_combined.json, 1-3_combined.json, 5-1_combined.json, 5-2_combined.json, 5-3_combined.json, top_combined.json",hf_comps,record_count=16；phase_count=9；mode_count=2；boss_count=5；max_app_rate=0.15；median_app_rate=0.05,包含 4 条 sentinel/missing 分数；记录稀疏或出场率较低
astra-yao|cissia|ju-fufu,"astra-yao, cissia, ju-fufu",耀嘉音 / 希希芙 / 橘福福,B-,16,4,7,2,6,5,1,0.15,0.04,45,32843,15,1,"da, sd","da:2.7.2, da:2.8.1, da:2.8.3, sd:2.7.2, sd:2.7.3, sd:2.8.2, sd:2.8.3","1-2_combined.json, 1-3_combined.json, 5-1_combined.json, 5-2_combined.json, 5-3_combined.json, top_combined.json",hf_comps,record_count=16；phase_count=7；mode_count=2；boss_count=5；max_app_rate=0.15；median_app_rate=0.04,包含 1 条 sentinel/missing 分数；记录稀疏或出场率较低
koleda|lucia|manato,"koleda, lucia, manato",珂蕾妲·贝洛伯格 / 卢西娅 / 狛野真斗,B-,15,5,8,2,6,5,1,0.15,0.03,47,28130,15,0,"da, sd","da:2.6.1, da:2.6.2, da:2.8.1, da:2.8.2, sd:2.6.1, sd:2.6.3, sd:2.6.4, sd:2.8.2","1-2_combined.json, 1-3_combined.json, 5-1_combined.json, 5-2_combined.json, 5-3_combined.json, top_combined.json",hf_comps,record_count=15；phase_count=8；mode_count=2；boss_count=5；max_app_rate=0.15；median_app_rate=0.03,记录稀疏或出场率较低
miyabi|nangong-yu|vivian,"miyabi, nangong-yu, vivian",星见 雅 / 南宫羽 / 薇薇安·班希,B-,15,6,10,2,7,6,1,0.15,0.05,39,30850,13,2,"da, sd","da:2.7.1, da:2.8.1, da:2.8.2, da:2.8.3, da:3.0.1, sd:2.6.4, sd:2.7.2, sd:2.7.3, sd:2.8.2, sd:2.8.3","1-1_combined.json, 1-2_combined.json, 1-3_combined.json, 5-1_combined.json, 5-2_combined.json, 5-3_combined.json, top_combined.json",hf_comps,record_count=15；phase_count=10；mode_count=2；boss_count=6；max_app_rate=0.15；median_app_rate=0.05,包含 2 条 sentinel/missing 分数；记录稀疏或出场率较低
nangong-yu|vivian|yanagi,"nangong-yu, vivian, yanagi",南宫羽 / 薇薇安·班希 / 月城 柳,B-,9,5,5,2,5,4,1,0.15,0.07,41,22244,6,3,"da, sd","da:2.7.1, da:2.7.2, da:2.8.2, sd:2.7.3, sd:2.8.3","1-1_combined.json, 1-3_combined.json, 5-1_combined.json, 5-3_combined.json, top_combined.json",hf_comps,record_count=9；phase_count=5；mode_count=2；boss_count=4；max_app_rate=0.15；median_app_rate=0.07,包含 3 条 sentinel/missing 分数；记录稀疏或出场率较低
promeia|velina|vivian,"promeia, velina, vivian",普罗米娅 / 维琳娜·艾嘉德 / 薇薇安·班希,B-,4,1,2,2,3,2,1,0.15,0.09,46,27911,4,0,"da, sd","da:3.0.1, sd:2.8.3","1-1_combined.json, 5-1_combined.json, top_combined.json",hf_comps,record_count=4；phase_count=2；mode_count=2；boss_count=2；max_app_rate=0.15；median_app_rate=0.09,记录稀疏或出场率较低
nicole-demara|pyrois|trigger,"nicole-demara, pyrois, trigger",妮可·德玛拉 / Pyrois / 「扳机」,B-,2,1,1,1,2,1,1,0.15,0.145,60,,0,2,da,da:3.0.1,"1-2_combined.json, top_combined.json",hf_comps,record_count=2；phase_count=1；mode_count=1；boss_count=1；max_app_rate=0.15；median_app_rate=0.145,全部表现分数为 sentinel/missing
miyabi|trigger|ukinami-yuzuha,"miyabi, trigger, ukinami-yuzuha",星见 雅 / 「扳机」 / 浮波柚叶,B-,30,8,15,2,7,6,1,0.14,0.03,46,36041,13,17,"da, sd","da:2.6.1, da:2.6.2, da:2.7.1, da:2.7.2, da:2.8.1, da:2.8.2, da:2.8.3, da:3.0.1, sd:2.6.1, sd:2.6.3, sd:2.6.4, sd:2.7.2, sd:2.7.3, sd:2.8.2, sd:2.8.3","1-1_combined.json, 1-2_combined.json, 1-3_combined.json, 5-1_combined.json, 5-2_combined.json, 5-3_combined.json, top_combined.json",hf_comps,record_count=30；phase_count=15；mode_count=2；boss_count=6；max_app_rate=0.14；median_app_rate=0.03,包含 17 条 sentinel/missing 分数；记录稀疏或出场率较低
astra-yao|soldier-11|trigger,"astra-yao, soldier-11, trigger",耀嘉音 / 「11号」 / 「扳机」,B-,28,7,13,2,7,6,1,0.14,0.045,48,29990,25,3,"da, sd","da:2.6.1, da:2.6.2, da:2.7.1, da:2.7.2, da:2.8.1, da:2.8.2, da:2.8.3, sd:2.6.1, sd:2.6.3, sd:2.6.4, sd:2.7.3, sd:2.8.2, sd:2.8.3","1-1_combined.json, 1-2_combined.json, 1-3_combined.json, 5-1_combined.json, 5-2_combined.json, 5-3_combined.json, top_combined.json",hf_comps,record_count=28；phase_count=13；mode_count=2；boss_count=6；max_app_rate=0.14；median_app_rate=0.045,包含 3 条 sentinel/missing 分数；记录稀疏或出场率较低
ju-fufu|nicole-demara|yixuan,"ju-fufu, nicole-demara, yixuan",橘福福 / 妮可·德玛拉 / 仪玄,B-,27,8,14,2,6,5,1,0.14,0.03,40,32735,26,1,"da, sd","da:2.6.1, da:2.6.2, da:2.7.1, da:2.7.2, da:2.8.1, da:2.8.2, da:2.8.3, da:3.0.1, sd:2.6.1, sd:2.6.3, sd:2.6.4, sd:2.7.2, sd:2.7.3, sd:2.8.3","1-2_combined.json, 1-3_combined.json, 5-1_combined.json, 5-2_combined.json, 5-3_combined.json, top_combined.json",hf_comps,record_count=27；phase_count=14；mode_count=2；boss_count=5；max_app_rate=0.14；median_app_rate=0.03,包含 1 条 sentinel/missing 分数；记录稀疏或出场率较低
billy-kid|dialyn|sunna,"billy-kid, dialyn, sunna",比利·奇德 / 琉音 / 千夏,B-,22,7,12,2,7,6,1,0.14,0.04,24,34717,22,0,"da, sd","da:2.6.1, da:2.6.2, da:2.7.1, da:2.7.2, da:2.8.1, da:2.8.2, sd:2.6.1, sd:2.6.3, sd:2.6.4, sd:2.7.2, sd:2.7.3, sd:2.8.3","1-1_combined.json, 1-2_combined.json, 1-3_combined.json, 5-1_combined.json, 5-2_combined.json, 5-3_combined.json, top_combined.json",hf_comps,record_count=22；phase_count=12；mode_count=2；boss_count=6；max_app_rate=0.14；median_app_rate=0.04,记录稀疏或出场率较低
lucia|trigger|yidhari,"lucia, trigger, yidhari",卢西娅 / 「扳机」 / 伊德海莉·墨菲,B-,21,8,13,2,6,5,1,0.14,0.03,50,30960,16,5,"da, sd","da:2.6.1, da:2.6.2, da:2.7.1, da:2.8.1, da:2.8.2, da:2.8.3, da:3.0.1, sd:2.6.1, sd:2.6.3, sd:2.6.4, sd:2.7.2, sd:2.8.2, sd:2.8.3","1-2_combined.json, 1-3_combined.json, 5-1_combined.json, 5-2_combined.json, 5-3_combined.json, top_combined.json",hf_comps,record_count=21；phase_count=13；mode_count=2；boss_count=5；max_app_rate=0.14；median_app_rate=0.03,包含 5 条 sentinel/missing 分数；记录稀疏或出场率较低
alice|vivian|zhao,"alice, vivian, zhao",爱丽丝·泰姆菲尔德 / 薇薇安·班希 / 照,B-,20,8,12,2,6,5,1,0.14,0.035,48,32997,18,2,"da, sd","da:2.6.1, da:2.6.2, da:2.7.1, da:2.7.2, da:2.8.2, da:2.8.3, sd:2.6.1, sd:2.6.3, sd:2.6.4, sd:2.7.2, sd:2.7.3, sd:2.8.3","1-1_combined.json, 1-3_combined.json, 5-1_combined.json, 5-2_combined.json, 5-3_combined.json, top_combined.json",hf_comps,record_count=20；phase_count=12；mode_count=2；boss_count=5；max_app_rate=0.14；median_app_rate=0.035,包含 2 条 sentinel/missing 分数；记录稀疏或出场率较低
alice|nicole-demara|vivian,"alice, nicole-demara, vivian",爱丽丝·泰姆菲尔德 / 妮可·德玛拉 / 薇薇安·班希,B-,17,6,8,2,6,5,1,0.14,0.03,40,31451,17,0,"da, sd","da:2.6.1, da:2.8.2, da:2.8.3, sd:2.6.1, sd:2.6.3, sd:2.6.4, sd:2.7.3, sd:2.8.3","1-1_combined.json, 1-2_combined.json, 1-3_combined.json, 5-2_combined.json, 5-3_combined.json, top_combined.json",hf_comps,record_count=17；phase_count=8；mode_count=2；boss_count=5；max_app_rate=0.14；median_app_rate=0.03,记录稀疏或出场率较低
ju-fufu|yixuan|zhao,"ju-fufu, yixuan, zhao",橘福福 / 仪玄 / 照,B-,17,7,9,2,6,5,1,0.14,0.04,63,28069,15,2,"da, sd","da:2.6.2, da:2.7.1, da:2.8.1, da:2.8.2, da:3.0.1, sd:2.6.1, sd:2.6.3, sd:2.6.4, sd:2.7.2","1-2_combined.json, 1-3_combined.json, 5-1_combined.json, 5-2_combined.json, 5-3_combined.json, top_combined.json",hf_comps,record_count=17；phase_count=9；mode_count=2；boss_count=5；max_app_rate=0.14；median_app_rate=0.04,包含 2 条 sentinel/missing 分数；记录稀疏或出场率较低
anby-demara-soldier-0|astra-yao|qingyi,"anby-demara-soldier-0, astra-yao, qingyi",零号·安比 / 耀嘉音 / 青衣,B-,16,6,10,2,6,5,1,0.14,0.05,58,27085,14,2,"da, sd","da:2.6.2, da:2.7.2, da:2.8.1, da:2.8.3, sd:2.6.1, sd:2.6.3, sd:2.7.2, sd:2.7.3, sd:2.8.2, sd:2.8.3","1-2_combined.json, 1-3_combined.json, 5-1_combined.json, 5-2_combined.json, 5-3_combined.json, top_combined.json",hf_comps,record_count=16；phase_count=10；mode_count=2；boss_count=5；max_app_rate=0.14；median_app_rate=0.05,包含 2 条 sentinel/missing 分数；记录稀疏或出场率较低
aria|dialyn|ukinami-yuzuha,"aria, dialyn, ukinami-yuzuha",爱芮 / 琉音 / 浮波柚叶,B-,15,5,8,2,6,5,1,0.14,0.06,48,30264,15,0,"da, sd","da:2.6.2, da:2.7.1, da:2.7.2, da:2.8.2, sd:2.6.3, sd:2.6.4, sd:2.7.2, sd:2.7.3","1-1_combined.json, 1-3_combined.json, 5-1_combined.json, 5-2_combined.json, 5-3_combined.json, top_combined.json",hf_comps,record_count=15；phase_count=8；mode_count=2；boss_count=5；max_app_rate=0.14；median_app_rate=0.06,记录稀疏或出场率较低
promeia|vivian|zhao,"promeia, vivian, zhao",普罗米娅 / 薇薇安·班希 / 照,B-,15,4,7,2,7,6,1,0.14,0.05,41,30934,14,1,"da, sd","da:2.8.1, da:2.8.2, da:2.8.3, da:3.0.1, sd:2.7.3, sd:2.8.2, sd:2.8.3","1-1_combined.json, 1-2_combined.json, 1-3_combined.json, 5-1_combined.json, 5-2_combined.json, 5-3_combined.json, top_combined.json",hf_comps,record_count=15；phase_count=7；mode_count=2；boss_count=6；max_app_rate=0.14；median_app_rate=0.05,包含 1 条 sentinel/missing 分数；记录稀疏或出场率较低
astra-yao|caesar|evelyn,"astra-yao, caesar, evelyn",耀嘉音 / 凯撒·金 / 伊芙琳·舒瓦利耶,B-,11,6,8,2,5,4,1,0.14,0.02,47,28291,6,5,"da, sd","da:2.6.1, da:2.7.2, sd:2.6.1, sd:2.6.3, sd:2.6.4, sd:2.7.2, sd:2.8.2, sd:2.8.3","1-3_combined.json, 5-1_combined.json, 5-2_combined.json, 5-3_combined.json, top_combined.json",hf_comps,record_count=11；phase_count=8；mode_count=2；boss_count=4；max_app_rate=0.14；median_app_rate=0.02,包含 5 条 sentinel/missing 分数；记录稀疏或出场率较低
rina|trigger|yanagi,"rina, trigger, yanagi",亚历山德丽娜·莎芭丝缇安 / 「扳机」 / 月城 柳,B-,8,5,5,1,4,3,1,0.14,0.03,58,28947,3,5,sd,"sd:2.6.1, sd:2.6.3, sd:2.7.2, sd:2.7.3, sd:2.8.2","5-1_combined.json, 5-2_combined.json, 5-3_combined.json, top_combined.json",hf_comps,record_count=8；phase_count=5；mode_count=1；boss_count=3；max_app_rate=0.14；median_app_rate=0.03,包含 5 条 sentinel/missing 分数；记录稀疏或出场率较低
orphie-and-magus|ye-shunguang|zhao,"orphie-and-magus, ye-shunguang, zhao",奥菲丝·马格努森 & 「鬼火」 / 叶瞬光 / 照,B-,37,8,15,2,7,6,1,0.13,0.05,40,30380,36,1,"da, sd","da:2.6.1, da:2.6.2, da:2.7.1, da:2.7.2, da:2.8.1, da:2.8.2, da:2.8.3, da:3.0.1, sd:2.6.1, sd:2.6.3, sd:2.6.4, sd:2.7.2, sd:2.7.3, sd:2.8.2, sd:2.8.3","1-1_combined.json, 1-2_combined.json, 1-3_combined.json, 5-1_combined.json, 5-2_combined.json, 5-3_combined.json, top_combined.json",hf_comps,record_count=37；phase_count=15；mode_count=2；boss_count=6；max_app_rate=0.13；median_app_rate=0.05,包含 1 条 sentinel/missing 分数；记录稀疏或出场率较低
lighter|soldier-11|sunna,"lighter, soldier-11, sunna",莱特 / 「11号」 / 千夏,B-,34,8,14,2,7,6,1,0.13,0.03,30,37534,34,0,"da, sd","da:2.6.1, da:2.6.2, da:2.7.1, da:2.7.2, da:2.8.1, da:2.8.2, da:2.8.3, da:3.0.1, sd:2.6.1, sd:2.6.3, sd:2.6.4, sd:2.7.2, sd:2.8.2, sd:2.8.3","1-1_combined.json, 1-2_combined.json, 1-3_combined.json, 5-1_combined.json, 5-2_combined.json, 5-3_combined.json, top_combined.json",hf_comps,record_count=34；phase_count=14；mode_count=2；boss_count=6；max_app_rate=0.13；median_app_rate=0.03,记录稀疏或出场率较低
astra-yao|corin|dialyn,"astra-yao, corin, dialyn",耀嘉音 / 可琳·威克斯 / 琉音,B-,33,8,15,2,7,6,1,0.13,0.06,36,30313,27,6,"da, sd","da:2.6.1, da:2.6.2, da:2.7.1, da:2.7.2, da:2.8.1, da:2.8.2, da:2.8.3, da:3.0.1, sd:2.6.1, sd:2.6.3, sd:2.6.4, sd:2.7.2, sd:2.7.3, sd:2.8.2, sd:2.8.3","1-1_combined.json, 1-2_combined.json, 1-3_combined.json, 5-1_combined.json, 5-2_combined.json, 5-3_combined.json, top_combined.json",hf_comps,record_count=33；phase_count=15；mode_count=2；boss_count=6；max_app_rate=0.13；median_app_rate=0.06,包含 6 条 sentinel/missing 分数；记录稀疏或出场率较低
miyabi|yanagi|zhao,"miyabi, yanagi, zhao",星见 雅 / 月城 柳 / 照,B-,29,8,15,2,7,6,1,0.13,0.03,34,30218,21,8,"da, sd","da:2.6.1, da:2.6.2, da:2.7.1, da:2.7.2, da:2.8.1, da:2.8.2, da:2.8.3, da:3.0.1, sd:2.6.1, sd:2.6.3, sd:2.6.4, sd:2.7.2, sd:2.7.3, sd:2.8.2, sd:2.8.3","1-1_combined.json, 1-2_combined.json, 1-3_combined.json, 5-1_combined.json, 5-2_combined.json, 5-3_combined.json, top_combined.json",hf_comps,record_count=29；phase_count=15；mode_count=2；boss_count=6；max_app_rate=0.13；median_app_rate=0.03,包含 8 条 sentinel/missing 分数；记录稀疏或出场率较低
banyue|lucia|zhao,"banyue, lucia, zhao",般岳 / 卢西娅 / 照,B-,26,8,14,2,6,5,1,0.13,0.04,41,33385,23,3,"da, sd","da:2.6.1, da:2.6.2, da:2.7.1, da:2.7.2, da:2.8.1, da:2.8.2, da:2.8.3, da:3.0.1, sd:2.6.1, sd:2.6.3, sd:2.6.4, sd:2.7.2, sd:2.7.3, sd:2.8.3","1-2_combined.json, 1-3_combined.json, 5-1_combined.json, 5-2_combined.json, 5-3_combined.json, top_combined.json",hf_comps,record_count=26；phase_count=14；mode_count=2；boss_count=5；max_app_rate=0.13；median_app_rate=0.04,包含 3 条 sentinel/missing 分数；记录稀疏或出场率较低
banyue|lucia|pulchra,"banyue, lucia, pulchra",般岳 / 卢西娅 / 波可娜·费雷尼,B-,25,8,14,2,6,5,1,0.13,0.04,50,29746,25,0,"da, sd","da:2.6.1, da:2.6.2, da:2.7.1, da:2.7.2, da:2.8.1, da:2.8.2, da:2.8.3, sd:2.6.1, sd:2.6.3, sd:2.6.4, sd:2.7.2, sd:2.7.3, sd:2.8.2, sd:2.8.3","1-2_combined.json, 1-3_combined.json, 5-1_combined.json, 5-2_combined.json, 5-3_combined.json, top_combined.json",hf_comps,record_count=25；phase_count=14；mode_count=2；boss_count=5；max_app_rate=0.13；median_app_rate=0.04,记录稀疏或出场率较低
banyue|lucia|trigger,"banyue, lucia, trigger",般岳 / 卢西娅 / 「扳机」,B-,24,7,13,2,6,5,1,0.13,0.07,41,30279,22,2,"da, sd","da:2.6.1, da:2.6.2, da:2.7.1, da:2.7.2, da:2.8.1, da:2.8.2, sd:2.6.1, sd:2.6.3, sd:2.6.4, sd:2.7.2, sd:2.7.3, sd:2.8.2, sd:2.8.3","1-2_combined.json, 1-3_combined.json, 5-1_combined.json, 5-2_combined.json, 5-3_combined.json, top_combined.json",hf_comps,record_count=24；phase_count=13；mode_count=2；boss_count=5；max_app_rate=0.13；median_app_rate=0.07,包含 2 条 sentinel/missing 分数；记录稀疏或出场率较低
dialyn|pan-yinhu|yidhari,"dialyn, pan-yinhu, yidhari",琉音 / 潘引壶 / 伊德海莉·墨菲,B-,19,7,9,2,4,3,1,0.13,0.05,50,28472,18,1,"da, sd","da:2.6.2, da:2.7.1, da:2.7.2, da:2.8.1, da:2.8.2, da:2.8.3, da:3.0.1, sd:2.6.4, sd:2.7.2","1-2_combined.json, 1-3_combined.json, 5-3_combined.json, top_combined.json",hf_comps,record_count=19；phase_count=9；mode_count=2；boss_count=3；max_app_rate=0.13；median_app_rate=0.05,包含 1 条 sentinel/missing 分数；记录稀疏或出场率较低
dialyn|yixuan|zhao,"dialyn, yixuan, zhao",琉音 / 仪玄 / 照,B-,18,6,9,2,6,5,1,0.13,0.025,41,33450,18,0,"da, sd","da:2.6.2, da:2.7.1, da:2.8.1, da:2.8.2, da:2.8.3, sd:2.6.3, sd:2.6.4, sd:2.7.2, sd:2.7.3","1-2_combined.json, 1-3_combined.json, 5-1_combined.json, 5-2_combined.json, 5-3_combined.json, top_combined.json",hf_comps,record_count=18；phase_count=9；mode_count=2；boss_count=5；max_app_rate=0.13；median_app_rate=0.025,记录稀疏或出场率较低
astra-yao|billy-starlight|pan-yinhu,"astra-yao, billy-starlight, pan-yinhu",耀嘉音 / 星徽·比利 / 潘引壶,B-,14,3,5,2,7,6,1,0.13,0.05,51,27924,13,1,"da, sd","da:2.8.2, da:2.8.3, da:3.0.1, sd:2.8.2, sd:2.8.3","1-1_combined.json, 1-2_combined.json, 1-3_combined.json, 5-1_combined.json, 5-2_combined.json, 5-3_combined.json, top_combined.json",hf_comps,record_count=14；phase_count=5；mode_count=2；boss_count=6；max_app_rate=0.13；median_app_rate=0.05,包含 1 条 sentinel/missing 分数；记录稀疏或出场率较低
ju-fufu|pan-yinhu|yidhari,"ju-fufu, pan-yinhu, yidhari",橘福福 / 潘引壶 / 伊德海莉·墨菲,B-,14,7,8,2,5,4,1,0.13,0.04,50,28348,14,0,"da, sd","da:2.6.2, da:2.7.1, da:2.8.1, da:2.8.2, da:3.0.1, sd:2.6.1, sd:2.6.4, sd:2.7.2","1-2_combined.json, 1-3_combined.json, 5-2_combined.json, 5-3_combined.json, top_combined.json",hf_comps,record_count=14；phase_count=8；mode_count=2；boss_count=4；max_app_rate=0.13；median_app_rate=0.04,记录稀疏或出场率较低
cissia|orphie-and-magus|trigger,"cissia, orphie-and-magus, trigger",希希芙 / 奥菲丝·马格努森 & 「鬼火」 / 「扳机」,B-,13,5,8,2,5,4,1,0.13,0.05,61,30266,12,1,"da, sd","da:2.7.2, da:2.8.1, da:2.8.3, da:3.0.1, sd:2.7.2, sd:2.7.3, sd:2.8.2, sd:2.8.3","1-2_combined.json, 1-3_combined.json, 5-2_combined.json, 5-3_combined.json, top_combined.json",hf_comps,record_count=13；phase_count=8；mode_count=2；boss_count=4；max_app_rate=0.13；median_app_rate=0.05,包含 1 条 sentinel/missing 分数；记录稀疏或出场率较低
billy-starlight|lucia|zhao,"billy-starlight, lucia, zhao",星徽·比利 / 卢西娅 / 照,B-,12,3,5,2,6,5,1,0.13,0.085,37,36744,10,2,"da, sd","da:2.8.2, da:2.8.3, da:3.0.1, sd:2.8.2, sd:2.8.3","1-2_combined.json, 1-3_combined.json, 5-1_combined.json, 5-2_combined.json, 5-3_combined.json, top_combined.json",hf_comps,record_count=12；phase_count=5；mode_count=2；boss_count=5；max_app_rate=0.13；median_app_rate=0.085,包含 2 条 sentinel/missing 分数；记录稀疏或出场率较低
billy-starlight|pan-yinhu|pulchra,"billy-starlight, pan-yinhu, pulchra",星徽·比利 / 潘引壶 / 波可娜·费雷尼,B-,12,3,5,2,6,5,1,0.13,0.075,49,28019,12,0,"da, sd","da:2.8.2, da:2.8.3, da:3.0.1, sd:2.8.2, sd:2.8.3","1-1_combined.json, 1-2_combined.json, 1-3_combined.json, 5-1_combined.json, 5-2_combined.json, top_combined.json",hf_comps,record_count=12；phase_count=5；mode_count=2；boss_count=5；max_app_rate=0.13；median_app_rate=0.075,记录稀疏或出场率较低
miyabi|vivian|zhao,"miyabi, vivian, zhao",星见 雅 / 薇薇安·班希 / 照,B-,6,4,4,2,2,1,1,0.13,0.02,52,29095,3,3,"da, sd","da:2.6.1, sd:2.6.3, sd:2.6.4, sd:2.7.3","5-3_combined.json, top_combined.json",hf_comps,record_count=6；phase_count=4；mode_count=2；boss_count=1；max_app_rate=0.13；median_app_rate=0.02,包含 3 条 sentinel/missing 分数；记录稀疏或出场率较低
dialyn|lucia|ye-shunguang,"dialyn, lucia, ye-shunguang",琉音 / 卢西娅 / 叶瞬光,B-,33,8,15,2,7,6,1,0.12,0.04,34,31772,30,3,"da, sd","da:2.6.1, da:2.6.2, da:2.7.1, da:2.7.2, da:2.8.1, da:2.8.2, da:2.8.3, da:3.0.1, sd:2.6.1, sd:2.6.3, sd:2.6.4, sd:2.7.2, sd:2.7.3, sd:2.8.2, sd:2.8.3","1-1_combined.json, 1-2_combined.json, 1-3_combined.json, 5-1_combined.json, 5-2_combined.json, 5-3_combined.json, top_combined.json",hf_comps,record_count=33；phase_count=15；mode_count=2；boss_count=6；max_app_rate=0.12；median_app_rate=0.04,包含 3 条 sentinel/missing 分数；记录稀疏或出场率较低
dialyn|orphie-and-magus|seed,"dialyn, orphie-and-magus, seed",琉音 / 奥菲丝·马格努森 & 「鬼火」 / 「席德」,B-,32,7,13,2,7,6,1,0.12,0.06,55,37188,32,0,"da, sd","da:2.6.1, da:2.6.2, da:2.7.1, da:2.7.2, da:2.8.1, da:2.8.3, sd:2.6.1, sd:2.6.3, sd:2.6.4, sd:2.7.2, sd:2.7.3, sd:2.8.2, sd:2.8.3","1-1_combined.json, 1-2_combined.json, 1-3_combined.json, 5-1_combined.json, 5-2_combined.json, 5-3_combined.json, top_combined.json",hf_comps,record_count=32；phase_count=13；mode_count=2；boss_count=6；max_app_rate=0.12；median_app_rate=0.06,记录稀疏或出场率较低
astra-yao|qingyi|yixuan,"astra-yao, qingyi, yixuan",耀嘉音 / 青衣 / 仪玄,B-,25,8,13,2,7,6,1,0.12,0.03,43,28271,18,7,"da, sd","da:2.6.1, da:2.6.2, da:2.7.1, da:2.7.2, da:2.8.1, da:2.8.2, da:2.8.3, da:3.0.1, sd:2.6.1, sd:2.6.3, sd:2.6.4, sd:2.7.2, sd:2.7.3","1-1_combined.json, 1-2_combined.json, 1-3_combined.json, 5-1_combined.json, 5-2_combined.json, 5-3_combined.json, top_combined.json",hf_comps,record_count=25；phase_count=13；mode_count=2；boss_count=6；max_app_rate=0.12；median_app_rate=0.03,包含 7 条 sentinel/missing 分数；记录稀疏或出场率较低
astra-yao|seed|soldier-11,"astra-yao, seed, soldier-11",耀嘉音 / 「席德」 / 「11号」,B-,23,6,11,2,7,6,1,0.12,0.04,67,33291,22,1,"da, sd","da:2.6.1, da:2.6.2, da:2.7.2, da:2.8.1, da:2.8.3, sd:2.6.1, sd:2.6.3, sd:2.7.2, sd:2.7.3, sd:2.8.2, sd:2.8.3","1-1_combined.json, 1-2_combined.json, 1-3_combined.json, 5-1_combined.json, 5-2_combined.json, 5-3_combined.json, top_combined.json",hf_comps,record_count=23；phase_count=11；mode_count=2；boss_count=6；max_app_rate=0.12；median_app_rate=0.04,包含 1 条 sentinel/missing 分数；记录稀疏或出场率较低
evelyn|seed|trigger,"evelyn, seed, trigger",伊芙琳·舒瓦利耶 / 「席德」 / 「扳机」,B-,22,6,10,2,6,5,1,0.12,0.06,71,30357,22,0,"da, sd","da:2.6.2, da:2.7.2, da:2.8.1, da:2.8.3, sd:2.6.1, sd:2.6.3, sd:2.7.2, sd:2.7.3, sd:2.8.2, sd:2.8.3","1-2_combined.json, 1-3_combined.json, 5-1_combined.json, 5-2_combined.json, 5-3_combined.json, top_combined.json",hf_comps,record_count=22；phase_count=10；mode_count=2；boss_count=5；max_app_rate=0.12；median_app_rate=0.06,记录稀疏或出场率较低
aria|nangong-yu|nicole-demara,"aria, nangong-yu, nicole-demara",爱芮 / 南宫羽 / 妮可·德玛拉,B-,16,6,9,2,6,5,1,0.12,0.03,57,32636,16,0,"da, sd","da:2.7.1, da:2.7.2, da:2.8.2, da:2.8.3, sd:2.6.4, sd:2.7.2, sd:2.7.3, sd:2.8.2, sd:2.8.3","1-1_combined.json, 1-3_combined.json, 5-1_combined.json, 5-2_combined.json, 5-3_combined.json, top_combined.json",hf_comps,record_count=16；phase_count=9；mode_count=2；boss_count=5；max_app_rate=0.12；median_app_rate=0.03,记录稀疏或出场率较低
burnice|grace-howard|ukinami-yuzuha,"burnice, grace-howard, ukinami-yuzuha",柏妮思·怀特 / 格莉丝·霍华德 / 浮波柚叶,B-,16,5,7,2,6,5,1,0.12,0.04,64,30965,13,3,"da, sd","da:2.6.1, da:2.8.1, sd:2.6.1, sd:2.6.3, sd:2.7.2, sd:2.7.3, sd:2.8.2","1-1_combined.json, 1-3_combined.json, 5-1_combined.json, 5-2_combined.json, 5-3_combined.json, top_combined.json",hf_comps,record_count=16；phase_count=7；mode_count=2；boss_count=5；max_app_rate=0.12；median_app_rate=0.04,包含 3 条 sentinel/missing 分数；记录稀疏或出场率较低
alice|grace-howard|ukinami-yuzuha,"alice, grace-howard, ukinami-yuzuha",爱丽丝·泰姆菲尔德 / 格莉丝·霍华德 / 浮波柚叶,B-,13,5,6,2,5,4,1,0.12,0.04,49,30800,13,0,"da, sd","da:2.8.2, sd:2.6.1, sd:2.6.3, sd:2.6.4, sd:2.7.2, sd:2.8.2","1-3_combined.json, 5-1_combined.json, 5-2_combined.json, 5-3_combined.json, top_combined.json",hf_comps,record_count=13；phase_count=6；mode_count=2；boss_count=4；max_app_rate=0.12；median_app_rate=0.04,记录稀疏或出场率较低
aria|ju-fufu|sunna,"aria, ju-fufu, sunna",爱芮 / 橘福福 / 千夏,B-,12,4,7,2,6,5,1,0.12,0.035,55,31524,12,0,"da, sd","da:2.6.2, da:2.7.1, da:2.7.2, da:2.8.2, sd:2.6.3, sd:2.6.4, sd:2.7.2","1-1_combined.json, 1-3_combined.json, 5-1_combined.json, 5-2_combined.json, 5-3_combined.json, top_combined.json",hf_comps,record_count=12；phase_count=7；mode_count=2；boss_count=5；max_app_rate=0.12；median_app_rate=0.035,记录稀疏或出场率较低
miyabi|sunna|ukinami-yuzuha,"miyabi, sunna, ukinami-yuzuha",星见 雅 / 千夏 / 浮波柚叶,B-,12,6,7,2,6,5,1,0.12,0.02,68,30576,10,2,"da, sd","da:2.6.1, da:2.8.3, sd:2.6.1, sd:2.6.3, sd:2.6.4, sd:2.7.2, sd:2.8.3","1-1_combined.json, 1-3_combined.json, 5-1_combined.json, 5-2_combined.json, 5-3_combined.json, top_combined.json",hf_comps,record_count=12；phase_count=7；mode_count=2；boss_count=5；max_app_rate=0.12；median_app_rate=0.02,包含 2 条 sentinel/missing 分数；记录稀疏或出场率较低
aria|astra-yao|lycaon,"aria, astra-yao, lycaon",爱芮 / 耀嘉音 / 冯·莱卡恩,B-,11,5,6,2,5,4,1,0.12,0.06,57,31149,11,0,"da, sd","da:2.6.2, da:2.7.1, da:2.7.2, da:2.8.2, sd:2.6.4, sd:2.7.3","1-1_combined.json, 1-3_combined.json, 5-2_combined.json, 5-3_combined.json, top_combined.json",hf_comps,record_count=11；phase_count=6；mode_count=2；boss_count=4；max_app_rate=0.12；median_app_rate=0.06,记录稀疏或出场率较低
aria|miyabi|sunna,"aria, miyabi, sunna",爱芮 / 星见 雅 / 千夏,B-,11,4,6,2,5,4,1,0.12,0.04,55,33158,10,1,"da, sd","da:2.7.1, da:2.8.1, sd:2.6.3, sd:2.6.4, sd:2.7.3, sd:2.8.2","1-1_combined.json, 1-3_combined.json, 5-2_combined.json, 5-3_combined.json, top_combined.json",hf_comps,record_count=11；phase_count=6；mode_count=2；boss_count=4；max_app_rate=0.12；median_app_rate=0.04,包含 1 条 sentinel/missing 分数；记录稀疏或出场率较低
promeia|ukinami-yuzuha|yanagi,"promeia, ukinami-yuzuha, yanagi",普罗米娅 / 浮波柚叶 / 月城 柳,B-,10,3,5,2,4,3,1,0.12,0.03,43,27278,10,0,"da, sd","da:2.8.1, da:2.8.2, da:2.8.3, sd:2.8.2, sd:2.8.3","1-1_combined.json, 5-1_combined.json, 5-2_combined.json, top_combined.json",hf_comps,record_count=10；phase_count=5；mode_count=2；boss_count=3；max_app_rate=0.12；median_app_rate=0.03,记录稀疏或出场率较低
lighter|lucy|soldier-11,"lighter, lucy, soldier-11",莱特 / 露西亚娜·德·蒙特夫 / 「11号」,B-,9,5,6,2,4,3,1,0.12,0.02,52,31855,8,1,"da, sd","da:2.6.1, da:2.8.1, da:2.8.2, sd:2.6.1, sd:2.6.3, sd:2.8.3","1-2_combined.json, 5-2_combined.json, 5-3_combined.json, top_combined.json",hf_comps,record_count=9；phase_count=6；mode_count=2；boss_count=3；max_app_rate=0.12；median_app_rate=0.02,包含 1 条 sentinel/missing 分数；记录稀疏或出场率较低
rina|vivian|yanagi,"rina, vivian, yanagi",亚历山德丽娜·莎芭丝缇安 / 薇薇安·班希 / 月城 柳,B-,8,3,5,2,6,5,1,0.12,0.03,58,28691,8,0,"da, sd","da:2.6.1, da:2.7.1, da:2.8.2, sd:2.6.1, sd:2.8.2","1-1_combined.json, 1-2_combined.json, 1-3_combined.json, 5-2_combined.json, 5-3_combined.json, top_combined.json",hf_comps,record_count=8；phase_count=5；mode_count=2；boss_count=5；max_app_rate=0.12；median_app_rate=0.03,记录稀疏或出场率较低
dialyn|nicole-demara|pyrois,"dialyn, nicole-demara, pyrois",琉音 / 妮可·德玛拉 / Pyrois,B-,1,1,1,1,1,1,1,0.12,0.12,67,23616,1,0,da,da:3.0.1,1-2_combined.json,hf_comps,record_count=1；phase_count=1；mode_count=1；boss_count=1；max_app_rate=0.12；median_app_rate=0.12,记录稀疏或出场率较低
pan-yinhu|ye-shunguang|zhao,"pan-yinhu, ye-shunguang, zhao",潘引壶 / 叶瞬光 / 照,B-,30,8,13,2,7,6,1,0.11,0.04,36,29160,29,1,"da, sd","da:2.6.1, da:2.6.2, da:2.7.2, da:2.8.1, da:2.8.2, da:2.8.3, da:3.0.1, sd:2.6.1, sd:2.6.3, sd:2.6.4, sd:2.7.2, sd:2.7.3, sd:2.8.3","1-1_combined.json, 1-2_combined.json, 1-3_combined.json, 5-1_combined.json, 5-2_combined.json, 5-3_combined.json, top_combined.json",hf_comps,record_count=30；phase_count=13；mode_count=2；boss_count=6；max_app_rate=0.11；median_app_rate=0.04,包含 1 条 sentinel/missing 分数；记录稀疏或出场率较低
dialyn|orphie-and-magus|soldier-11,"dialyn, orphie-and-magus, soldier-11",琉音 / 奥菲丝·马格努森 & 「鬼火」 / 「11号」,B-,24,8,15,2,7,6,1,0.11,0.03,56,31209,23,1,"da, sd","da:2.6.1, da:2.6.2, da:2.7.1, da:2.7.2, da:2.8.1, da:2.8.2, da:2.8.3, da:3.0.1, sd:2.6.1, sd:2.6.3, sd:2.6.4, sd:2.7.2, sd:2.7.3, sd:2.8.2, sd:2.8.3","1-1_combined.json, 1-2_combined.json, 1-3_combined.json, 5-1_combined.json, 5-2_combined.json, 5-3_combined.json, top_combined.json",hf_comps,record_count=24；phase_count=15；mode_count=2；boss_count=6；max_app_rate=0.11；median_app_rate=0.03,包含 1 条 sentinel/missing 分数；记录稀疏或出场率较低
dialyn|harumasa|seed,"dialyn, harumasa, seed",琉音 / 浅羽 悠真 / 「席德」,B-,23,7,12,2,7,6,1,0.11,0.05,66,33353,23,0,"da, sd","da:2.6.1, da:2.6.2, da:2.7.1, da:2.7.2, da:2.8.1, da:2.8.3, sd:2.6.1, sd:2.6.3, sd:2.6.4, sd:2.7.2, sd:2.7.3, sd:2.8.2","1-1_combined.json, 1-2_combined.json, 1-3_combined.json, 5-1_combined.json, 5-2_combined.json, 5-3_combined.json, top_combined.json",hf_comps,record_count=23；phase_count=12；mode_count=2；boss_count=6；max_app_rate=0.11；median_app_rate=0.05,记录稀疏或出场率较低
evelyn|lighter|sunna,"evelyn, lighter, sunna",伊芙琳·舒瓦利耶 / 莱特 / 千夏,B-,22,8,11,2,7,6,1,0.11,0.03,37,31848,20,2,"da, sd","da:2.6.1, da:2.6.2, da:2.7.2, da:2.8.3, sd:2.6.1, sd:2.6.3, sd:2.6.4, sd:2.7.2, sd:2.7.3, sd:2.8.2, sd:2.8.3","1-1_combined.json, 1-2_combined.json, 1-3_combined.json, 5-1_combined.json, 5-2_combined.json, 5-3_combined.json, top_combined.json",hf_comps,record_count=22；phase_count=11；mode_count=2；boss_count=6；max_app_rate=0.11；median_app_rate=0.03,包含 2 条 sentinel/missing 分数；记录稀疏或出场率较低
ju-fufu|lighter|soldier-11,"ju-fufu, lighter, soldier-11",橘福福 / 莱特 / 「11号」,B-,22,8,15,2,6,5,1,0.11,0.02,57,32934,12,10,"da, sd","da:2.6.1, da:2.6.2, da:2.7.1, da:2.7.2, da:2.8.1, da:2.8.2, da:2.8.3, da:3.0.1, sd:2.6.1, sd:2.6.3, sd:2.6.4, sd:2.7.2, sd:2.7.3, sd:2.8.2, sd:2.8.3","1-2_combined.json, 1-3_combined.json, 5-1_combined.json, 5-2_combined.json, 5-3_combined.json, top_combined.json",hf_comps,record_count=22；phase_count=15；mode_count=2；boss_count=5；max_app_rate=0.11；median_app_rate=0.02,包含 10 条 sentinel/missing 分数；记录稀疏或出场率较低
astra-yao|nicole-demara|zhu-yuan,"astra-yao, nicole-demara, zhu-yuan",耀嘉音 / 妮可·德玛拉 / 朱鸢,B-,21,8,12,2,7,6,1,0.11,0.03,63,27919,9,12,"da, sd","da:2.6.1, da:2.6.2, da:2.7.1, da:2.7.2, da:2.8.2, da:2.8.3, da:3.0.1, sd:2.6.1, sd:2.6.3, sd:2.6.4, sd:2.7.2, sd:2.7.3","1-1_combined.json, 1-2_combined.json, 1-3_combined.json, 5-1_combined.json, 5-2_combined.json, 5-3_combined.json, top_combined.json",hf_comps,record_count=21；phase_count=12；mode_count=2；boss_count=6；max_app_rate=0.11；median_app_rate=0.03,包含 12 条 sentinel/missing 分数；记录稀疏或出场率较低
banyue|lighter|lucia,"banyue, lighter, lucia",般岳 / 莱特 / 卢西娅,B-,19,7,12,2,6,5,1,0.11,0.05,53,33846,19,0,"da, sd","da:2.6.1, da:2.6.2, da:2.7.1, da:2.8.1, da:2.8.2, da:2.8.3, sd:2.6.1, sd:2.6.3, sd:2.6.4, sd:2.7.2, sd:2.8.2, sd:2.8.3","1-2_combined.json, 1-3_combined.json, 5-1_combined.json, 5-2_combined.json, 5-3_combined.json, top_combined.json",hf_comps,record_count=19；phase_count=12；mode_count=2；boss_count=5；max_app_rate=0.11；median_app_rate=0.05,记录稀疏或出场率较低
harumasa|qingyi|sunna,"harumasa, qingyi, sunna",浅羽 悠真 / 青衣 / 千夏,B-,19,6,10,2,7,6,1,0.11,0.04,59,28190,17,2,"da, sd","da:2.6.1, da:2.6.2, da:2.7.2, da:2.8.1, da:2.8.3, sd:2.6.1, sd:2.6.3, sd:2.7.2, sd:2.7.3, sd:2.8.2","1-1_combined.json, 1-2_combined.json, 1-3_combined.json, 5-1_combined.json, 5-2_combined.json, 5-3_combined.json, top_combined.json",hf_comps,record_count=19；phase_count=10；mode_count=2；boss_count=6；max_app_rate=0.11；median_app_rate=0.04,包含 2 条 sentinel/missing 分数；记录稀疏或出场率较低
burnice|nangong-yu|ukinami-yuzuha,"burnice, nangong-yu, ukinami-yuzuha",柏妮思·怀特 / 南宫羽 / 浮波柚叶,B-,15,5,8,2,5,4,1,0.11,0.05,34,36570,12,3,"da, sd","da:2.7.1, da:2.8.1, da:2.8.2, sd:2.6.4, sd:2.7.2, sd:2.7.3, sd:2.8.2, sd:2.8.3","1-1_combined.json, 5-1_combined.json, 5-2_combined.json, 5-3_combined.json, top_combined.json",hf_comps,record_count=15；phase_count=8；mode_count=2；boss_count=4；max_app_rate=0.11；median_app_rate=0.05,包含 3 条 sentinel/missing 分数；记录稀疏或出场率较低
cissia|sunna|trigger,"cissia, sunna, trigger",希希芙 / 千夏 / 「扳机」,B-,15,4,8,2,5,4,1,0.11,0.07,43,29662,15,0,"da, sd","da:2.7.2, da:2.8.1, da:2.8.2, da:2.8.3, sd:2.7.2, sd:2.7.3, sd:2.8.2, sd:2.8.3","1-2_combined.json, 1-3_combined.json, 5-2_combined.json, 5-3_combined.json, top_combined.json",hf_comps,record_count=15；phase_count=8；mode_count=2；boss_count=4；max_app_rate=0.11；median_app_rate=0.07,记录稀疏或出场率较低
aria|caesar|sunna,"aria, caesar, sunna",爱芮 / 凯撒·金 / 千夏,B-,14,5,8,2,6,5,1,0.11,0.08,50,29562,14,0,"da, sd","da:2.6.2, da:2.7.1, da:2.7.2, da:2.8.2, sd:2.6.3, sd:2.6.4, sd:2.7.2, sd:2.7.3","1-1_combined.json, 1-3_combined.json, 5-1_combined.json, 5-2_combined.json, 5-3_combined.json, top_combined.json",hf_comps,record_count=14；phase_count=8；mode_count=2；boss_count=5；max_app_rate=0.11；median_app_rate=0.08,记录稀疏或出场率较低
astra-yao|trigger|ye-shunguang,"astra-yao, trigger, ye-shunguang",耀嘉音 / 「扳机」 / 叶瞬光,B-,14,7,9,2,7,6,1,0.11,0.035,51,31619,13,1,"da, sd","da:2.6.1, da:2.6.2, da:2.8.1, sd:2.6.1, sd:2.6.3, sd:2.6.4, sd:2.7.2, sd:2.8.2, sd:2.8.3","1-1_combined.json, 1-2_combined.json, 1-3_combined.json, 5-1_combined.json, 5-2_combined.json, 5-3_combined.json, top_combined.json",hf_comps,record_count=14；phase_count=9；mode_count=2；boss_count=6；max_app_rate=0.11；median_app_rate=0.035,包含 1 条 sentinel/missing 分数；记录稀疏或出场率较低
cissia|ju-fufu|seed,"cissia, ju-fufu, seed",希希芙 / 橘福福 / 「席德」,B-,14,4,8,2,5,4,1,0.11,0.03,66,31401,13,1,"da, sd","da:2.7.2, da:2.8.1, da:2.8.2, da:2.8.3, sd:2.7.2, sd:2.7.3, sd:2.8.2, sd:2.8.3","1-2_combined.json, 1-3_combined.json, 5-2_combined.json, 5-3_combined.json, top_combined.json",hf_comps,record_count=14；phase_count=8；mode_count=2；boss_count=4；max_app_rate=0.11；median_app_rate=0.03,包含 1 条 sentinel/missing 分数；记录稀疏或出场率较低
astra-yao|vivian|yixuan,"astra-yao, vivian, yixuan",耀嘉音 / 薇薇安·班希 / 仪玄,B-,12,6,7,2,6,5,1,0.11,0.045,63,27270,12,0,"da, sd","da:2.6.1, da:2.8.2, sd:2.6.1, sd:2.6.3, sd:2.6.4, sd:2.7.2, sd:2.7.3","1-2_combined.json, 1-3_combined.json, 5-1_combined.json, 5-2_combined.json, 5-3_combined.json, top_combined.json",hf_comps,record_count=12；phase_count=7；mode_count=2；boss_count=5；max_app_rate=0.11；median_app_rate=0.045,记录稀疏或出场率较低
nangong-yu|nicole-demara|promeia,"nangong-yu, nicole-demara, promeia",南宫羽 / 妮可·德玛拉 / 普罗米娅,B-,12,4,7,2,6,5,1,0.11,0.045,44,31898,12,0,"da, sd","da:2.8.1, da:2.8.2, da:2.8.3, da:3.0.1, sd:2.7.3, sd:2.8.2, sd:2.8.3","1-1_combined.json, 1-2_combined.json, 5-1_combined.json, 5-2_combined.json, 5-3_combined.json, top_combined.json",hf_comps,record_count=12；phase_count=7；mode_count=2；boss_count=5；max_app_rate=0.11；median_app_rate=0.045,记录稀疏或出场率较低
pan-yinhu|yixuan|zhao,"pan-yinhu, yixuan, zhao",潘引壶 / 仪玄 / 照,B-,11,6,7,2,6,5,1,0.11,0.02,68,29344,11,0,"da, sd","da:2.6.1, da:2.8.1, da:2.8.2, sd:2.6.1, sd:2.6.3, sd:2.6.4, sd:2.7.2","1-2_combined.json, 1-3_combined.json, 5-1_combined.json, 5-2_combined.json, 5-3_combined.json, top_combined.json",hf_comps,record_count=11；phase_count=7；mode_count=2；boss_count=5；max_app_rate=0.11；median_app_rate=0.02,记录稀疏或出场率较低
astra-yao|ju-fufu|yidhari,"astra-yao, ju-fufu, yidhari",耀嘉音 / 橘福福 / 伊德海莉·墨菲,B-,7,4,5,2,4,3,1,0.11,0.05,61,26982,7,0,"da, sd","da:2.6.2, da:2.7.1, da:2.8.2, sd:2.6.4, sd:2.7.2","1-2_combined.json, 1-3_combined.json, 5-3_combined.json, top_combined.json",hf_comps,record_count=7；phase_count=5；mode_count=2；boss_count=3；max_app_rate=0.11；median_app_rate=0.05,记录稀疏或出场率较低
astra-yao|koleda|soldier-11,"astra-yao, koleda, soldier-11",耀嘉音 / 珂蕾妲·贝洛伯格 / 「11号」,B-,4,2,3,2,3,2,1,0.11,0.06,57,27960,3,1,"da, sd","da:2.6.1, sd:2.6.1, sd:2.6.3","5-2_combined.json, 5-3_combined.json, top_combined.json",hf_comps,record_count=4；phase_count=3；mode_count=2；boss_count=2；max_app_rate=0.11；median_app_rate=0.06,包含 1 条 sentinel/missing 分数；记录稀疏或出场率较低
astra-yao|pyrois|qingyi,"astra-yao, pyrois, qingyi",耀嘉音 / Pyrois / 青衣,B-,2,1,1,1,2,1,1,0.11,0.105,69,,0,2,da,da:3.0.1,"1-2_combined.json, top_combined.json",hf_comps,record_count=2；phase_count=1；mode_count=1；boss_count=1；max_app_rate=0.11；median_app_rate=0.105,全部表现分数为 sentinel/missing
alice|nicole-demara|ukinami-yuzuha,"alice, nicole-demara, ukinami-yuzuha",爱丽丝·泰姆菲尔德 / 妮可·德玛拉 / 浮波柚叶,B-,34,8,14,2,7,6,1,0.1,0.03,44,30828,30,4,"da, sd","da:2.6.1, da:2.6.2, da:2.7.1, da:2.7.2, da:2.8.2, da:2.8.3, da:3.0.1, sd:2.6.1, sd:2.6.3, sd:2.6.4, sd:2.7.2, sd:2.7.3, sd:2.8.2, sd:2.8.3","1-1_combined.json, 1-2_combined.json, 1-3_combined.json, 5-1_combined.json, 5-2_combined.json, 5-3_combined.json, top_combined.json",hf_comps,record_count=34；phase_count=14；mode_count=2；boss_count=6；max_app_rate=0.1；median_app_rate=0.03,包含 4 条 sentinel/missing 分数；记录稀疏或出场率较低
lucia|ukinami-yuzuha|yixuan,"lucia, ukinami-yuzuha, yixuan",卢西娅 / 浮波柚叶 / 仪玄,B-,26,8,11,2,7,6,1,0.1,0.02,65,30957,24,2,"da, sd","da:2.6.1, da:2.6.2, da:2.7.2, da:2.8.2, da:2.8.3, sd:2.6.1, sd:2.6.3, sd:2.6.4, sd:2.7.2, sd:2.7.3, sd:2.8.3","1-1_combined.json, 1-2_combined.json, 1-3_combined.json, 5-1_combined.json, 5-2_combined.json, 5-3_combined.json, top_combined.json",hf_comps,record_count=26；phase_count=11；mode_count=2；boss_count=6；max_app_rate=0.1；median_app_rate=0.02,包含 2 条 sentinel/missing 分数；记录稀疏或出场率较低
astra-yao|seed|ye-shunguang,"astra-yao, seed, ye-shunguang",耀嘉音 / 「席德」 / 叶瞬光,B-,22,8,12,2,7,6,1,0.1,0.05,43,32819,21,1,"da, sd","da:2.6.1, da:2.6.2, da:2.7.2, da:2.8.1, da:2.8.3, sd:2.6.1, sd:2.6.3, sd:2.6.4, sd:2.7.2, sd:2.7.3, sd:2.8.2, sd:2.8.3","1-1_combined.json, 1-2_combined.json, 1-3_combined.json, 5-1_combined.json, 5-2_combined.json, 5-3_combined.json, top_combined.json",hf_comps,record_count=22；phase_count=12；mode_count=2；boss_count=6；max_app_rate=0.1；median_app_rate=0.05,包含 1 条 sentinel/missing 分数；记录稀疏或出场率较低
astra-yao|dialyn|yidhari,"astra-yao, dialyn, yidhari",耀嘉音 / 琉音 / 伊德海莉·墨菲,B-,21,8,11,2,5,4,1,0.1,0.04,55,30418,19,2,"da, sd","da:2.6.1, da:2.6.2, da:2.7.1, da:2.7.2, da:2.8.1, da:2.8.2, da:2.8.3, da:3.0.1, sd:2.6.1, sd:2.6.4, sd:2.7.2","1-2_combined.json, 1-3_combined.json, 5-2_combined.json, 5-3_combined.json, top_combined.json",hf_comps,record_count=21；phase_count=11；mode_count=2；boss_count=4；max_app_rate=0.1；median_app_rate=0.04,包含 2 条 sentinel/missing 分数；记录稀疏或出场率较低
koleda|pan-yinhu|yixuan,"koleda, pan-yinhu, yixuan",珂蕾妲·贝洛伯格 / 潘引壶 / 仪玄,B-,21,6,11,2,6,5,1,0.1,0.03,46,30047,18,3,"da, sd","da:2.6.1, da:2.6.2, da:2.7.1, da:2.7.2, da:2.8.2, da:3.0.1, sd:2.6.1, sd:2.6.3, sd:2.6.4, sd:2.7.2, sd:2.8.3","1-2_combined.json, 1-3_combined.json, 5-1_combined.json, 5-2_combined.json, 5-3_combined.json, top_combined.json",hf_comps,record_count=21；phase_count=11；mode_count=2；boss_count=5；max_app_rate=0.1；median_app_rate=0.03,包含 3 条 sentinel/missing 分数；记录稀疏或出场率较低
cissia|nicole-demara|seed,"cissia, nicole-demara, seed",希希芙 / 妮可·德玛拉 / 「席德」,B-,20,5,9,2,7,6,1,0.1,0.04,61,34526,20,0,"da, sd","da:2.7.2, da:2.8.1, da:2.8.2, da:2.8.3, da:3.0.1, sd:2.7.2, sd:2.7.3, sd:2.8.2, sd:2.8.3","1-1_combined.json, 1-2_combined.json, 1-3_combined.json, 5-1_combined.json, 5-2_combined.json, 5-3_combined.json, top_combined.json",hf_comps,record_count=20；phase_count=9；mode_count=2；boss_count=6；max_app_rate=0.1；median_app_rate=0.04,记录稀疏或出场率较低
cissia|seed|zhao,"cissia, seed, zhao",希希芙 / 「席德」 / 照,B-,19,5,8,2,7,6,1,0.1,0.05,50,34211,19,0,"da, sd","da:2.7.2, da:2.8.1, da:2.8.2, da:2.8.3, da:3.0.1, sd:2.7.3, sd:2.8.2, sd:2.8.3","1-1_combined.json, 1-2_combined.json, 1-3_combined.json, 5-1_combined.json, 5-2_combined.json, 5-3_combined.json, top_combined.json",hf_comps,record_count=19；phase_count=8；mode_count=2；boss_count=6；max_app_rate=0.1；median_app_rate=0.05,记录稀疏或出场率较低
miyabi|soukaku|vivian,"miyabi, soukaku, vivian",星见 雅 / 苍角 / 薇薇安·班希,B-,18,6,10,2,6,5,1,0.1,0.07,40,27643,14,4,"da, sd","da:2.6.1, da:2.7.1, da:2.8.1, da:2.8.2, sd:2.6.1, sd:2.6.4, sd:2.7.2, sd:2.7.3, sd:2.8.2, sd:2.8.3","1-1_combined.json, 1-3_combined.json, 5-1_combined.json, 5-2_combined.json, 5-3_combined.json, top_combined.json",hf_comps,record_count=18；phase_count=10；mode_count=2；boss_count=5；max_app_rate=0.1；median_app_rate=0.07,包含 4 条 sentinel/missing 分数；记录稀疏或出场率较低
nicole-demara|trigger|zhu-yuan,"nicole-demara, trigger, zhu-yuan",妮可·德玛拉 / 「扳机」 / 朱鸢,B-,17,7,9,2,6,5,1,0.1,0.02,46,27584,12,5,"da, sd","da:2.6.1, da:2.7.1, da:2.7.2, da:2.8.2, da:3.0.1, sd:2.6.1, sd:2.6.3, sd:2.6.4, sd:2.7.3","1-2_combined.json, 1-3_combined.json, 5-1_combined.json, 5-2_combined.json, 5-3_combined.json, top_combined.json",hf_comps,record_count=17；phase_count=9；mode_count=2；boss_count=5；max_app_rate=0.1；median_app_rate=0.02,包含 5 条 sentinel/missing 分数；记录稀疏或出场率较低
cissia|harumasa|trigger,"cissia, harumasa, trigger",希希芙 / 浅羽 悠真 / 「扳机」,B-,14,5,8,2,6,5,1,0.1,0.075,46,30271,13,1,"da, sd","da:2.7.2, da:2.8.1, da:2.8.2, da:2.8.3, da:3.0.1, sd:2.7.2, sd:2.7.3, sd:2.8.2","1-1_combined.json, 1-2_combined.json, 1-3_combined.json, 5-2_combined.json, 5-3_combined.json, top_combined.json",hf_comps,record_count=14；phase_count=8；mode_count=2；boss_count=5；max_app_rate=0.1；median_app_rate=0.075,包含 1 条 sentinel/missing 分数；记录稀疏或出场率较低
dialyn|lighter|soldier-11,"dialyn, lighter, soldier-11",琉音 / 莱特 / 「11号」,B-,14,6,8,2,7,6,1,0.1,0.02,65,34136,14,0,"da, sd","da:2.6.1, da:2.7.1, da:2.7.2, sd:2.6.1, sd:2.6.3, sd:2.6.4, sd:2.8.2, sd:2.8.3","1-1_combined.json, 1-2_combined.json, 1-3_combined.json, 5-1_combined.json, 5-2_combined.json, 5-3_combined.json, top_combined.json",hf_comps,record_count=14；phase_count=8；mode_count=2；boss_count=6；max_app_rate=0.1；median_app_rate=0.02,记录稀疏或出场率较低
aria|qingyi|ukinami-yuzuha,"aria, qingyi, ukinami-yuzuha",爱芮 / 青衣 / 浮波柚叶,B-,13,5,7,2,5,4,1,0.1,0.03,51,30768,11,2,"da, sd","da:2.6.2, da:2.7.1, da:2.7.2, da:2.8.2, sd:2.6.3, sd:2.6.4, sd:2.7.3","1-1_combined.json, 1-3_combined.json, 5-2_combined.json, 5-3_combined.json, top_combined.json",hf_comps,record_count=13；phase_count=7；mode_count=2；boss_count=4；max_app_rate=0.1；median_app_rate=0.03,包含 2 条 sentinel/missing 分数；记录稀疏或出场率较低
astra-yao|promeia|ukinami-yuzuha,"astra-yao, promeia, ukinami-yuzuha",耀嘉音 / 普罗米娅 / 浮波柚叶,B-,10,3,5,2,4,3,1,0.1,0.055,47,31135,10,0,"da, sd","da:2.8.1, da:2.8.2, da:2.8.3, sd:2.8.2, sd:2.8.3","1-1_combined.json, 5-1_combined.json, 5-2_combined.json, top_combined.json",hf_comps,record_count=10；phase_count=5；mode_count=2；boss_count=3；max_app_rate=0.1；median_app_rate=0.055,记录稀疏或出场率较低
astra-yao|burnice|promeia,"astra-yao, burnice, promeia",耀嘉音 / 柏妮思·怀特 / 普罗米娅,B-,7,3,5,2,5,4,1,0.1,0.05,49,28271,7,0,"da, sd","da:2.8.1, da:2.8.2, sd:2.7.3, sd:2.8.2, sd:2.8.3","1-1_combined.json, 5-1_combined.json, 5-2_combined.json, 5-3_combined.json, top_combined.json",hf_comps,record_count=7；phase_count=5；mode_count=2；boss_count=4；max_app_rate=0.1；median_app_rate=0.05,记录稀疏或出场率较低
evelyn|lighter|nicole-demara,"evelyn, lighter, nicole-demara",伊芙琳·舒瓦利耶 / 莱特 / 妮可·德玛拉,B-,2,1,1,1,2,1,1,0.1,0.095,65,27853,2,0,sd,sd:2.6.1,"5-3_combined.json, top_combined.json",hf_comps,record_count=2；phase_count=1；mode_count=1；boss_count=1；max_app_rate=0.1；median_app_rate=0.095,记录稀疏或出场率较低
astra-yao|pyrois|sunna,"astra-yao, pyrois, sunna",耀嘉音 / Pyrois / 千夏,B-,1,1,1,1,1,1,1,0.1,0.1,71,21638,1,0,da,da:3.0.1,1-2_combined.json,hf_comps,record_count=1；phase_count=1；mode_count=1；boss_count=1；max_app_rate=0.1；median_app_rate=0.1,记录稀疏或出场率较低
anby-demara-soldier-0|nicole-demara|orphie-and-magus,"anby-demara-soldier-0, nicole-demara, orphie-and-magus",零号·安比 / 妮可·德玛拉 / 奥菲丝·马格努森 & 「鬼火」,B-,26,8,14,2,6,5,1,0.09,0.04,66,36151,23,3,"da, sd","da:2.6.2, da:2.7.1, da:2.7.2, da:2.8.1, da:2.8.2, da:2.8.3, da:3.0.1, sd:2.6.1, sd:2.6.3, sd:2.6.4, sd:2.7.2, sd:2.7.3, sd:2.8.2, sd:2.8.3","1-2_combined.json, 1-3_combined.json, 5-1_combined.json, 5-2_combined.json, 5-3_combined.json, top_combined.json",hf_comps,record_count=26；phase_count=14；mode_count=2；boss_count=5；max_app_rate=0.09；median_app_rate=0.04,包含 3 条 sentinel/missing 分数；记录稀疏或出场率较低
caesar|dialyn|ye-shunguang,"caesar, dialyn, ye-shunguang",凯撒·金 / 琉音 / 叶瞬光,B-,23,8,14,2,7,6,1,0.09,0.03,41,34764,19,4,"da, sd","da:2.6.1, da:2.6.2, da:2.7.2, da:2.8.1, da:2.8.2, da:2.8.3, da:3.0.1, sd:2.6.1, sd:2.6.3, sd:2.6.4, sd:2.7.2, sd:2.7.3, sd:2.8.2, sd:2.8.3","1-1_combined.json, 1-2_combined.json, 1-3_combined.json, 5-1_combined.json, 5-2_combined.json, 5-3_combined.json, top_combined.json",hf_comps,record_count=23；phase_count=14；mode_count=2；boss_count=6；max_app_rate=0.09；median_app_rate=0.03,包含 4 条 sentinel/missing 分数；记录稀疏或出场率较低
dialyn|evelyn|sunna,"dialyn, evelyn, sunna",琉音 / 伊芙琳·舒瓦利耶 / 千夏,B-,22,6,10,2,7,6,1,0.09,0.03,30,34901,22,0,"da, sd","da:2.6.1, da:2.6.2, da:2.7.1, da:2.8.3, da:3.0.1, sd:2.6.1, sd:2.6.3, sd:2.6.4, sd:2.8.2, sd:2.8.3","1-1_combined.json, 1-2_combined.json, 1-3_combined.json, 5-1_combined.json, 5-2_combined.json, 5-3_combined.json, top_combined.json",hf_comps,record_count=22；phase_count=10；mode_count=2；boss_count=6；max_app_rate=0.09；median_app_rate=0.03,记录稀疏或出场率较低
lucia|yidhari|zhao,"lucia, yidhari, zhao",卢西娅 / 伊德海莉·墨菲 / 照,B-,22,8,14,2,6,5,1,0.09,0.035,71,33597,21,1,"da, sd","da:2.6.1, da:2.6.2, da:2.7.1, da:2.7.2, da:2.8.1, da:2.8.2, da:2.8.3, da:3.0.1, sd:2.6.1, sd:2.6.4, sd:2.7.2, sd:2.7.3, sd:2.8.2, sd:2.8.3","1-2_combined.json, 1-3_combined.json, 5-1_combined.json, 5-2_combined.json, 5-3_combined.json, top_combined.json",hf_comps,record_count=22；phase_count=14；mode_count=2；boss_count=5；max_app_rate=0.09；median_app_rate=0.035,包含 1 条 sentinel/missing 分数；记录稀疏或出场率较低
nangong-yu|sunna|ye-shunguang,"nangong-yu, sunna, ye-shunguang",南宫羽 / 千夏 / 叶瞬光,B-,22,6,10,2,7,6,1,0.09,0.035,60,30000,22,0,"da, sd","da:2.7.1, da:2.7.2, da:2.8.1, da:2.8.2, da:2.8.3, da:3.0.1, sd:2.7.2, sd:2.7.3, sd:2.8.2, sd:2.8.3","1-1_combined.json, 1-2_combined.json, 1-3_combined.json, 5-1_combined.json, 5-2_combined.json, 5-3_combined.json, top_combined.json",hf_comps,record_count=22；phase_count=10；mode_count=2；boss_count=6；max_app_rate=0.09；median_app_rate=0.035,记录稀疏或出场率较低
ju-fufu|orphie-and-magus|seed,"ju-fufu, orphie-and-magus, seed",橘福福 / 奥菲丝·马格努森 & 「鬼火」 / 「席德」,B-,20,8,10,2,6,5,1,0.09,0.04,75,33154,20,0,"da, sd","da:2.6.1, da:2.6.2, da:2.7.2, da:2.8.3, sd:2.6.1, sd:2.6.3, sd:2.6.4, sd:2.7.3, sd:2.8.2, sd:2.8.3","1-2_combined.json, 1-3_combined.json, 5-1_combined.json, 5-2_combined.json, 5-3_combined.json, top_combined.json",hf_comps,record_count=20；phase_count=10；mode_count=2；boss_count=5；max_app_rate=0.09；median_app_rate=0.04,记录稀疏或出场率较低
koleda|ye-shunguang|zhao,"koleda, ye-shunguang, zhao",珂蕾妲·贝洛伯格 / 叶瞬光 / 照,B-,19,8,12,2,7,6,1,0.09,0.03,41,29040,19,0,"da, sd","da:2.6.1, da:2.6.2, da:2.7.2, da:2.8.1, da:2.8.2, da:3.0.1, sd:2.6.1, sd:2.6.3, sd:2.6.4, sd:2.7.3, sd:2.8.2, sd:2.8.3","1-1_combined.json, 1-2_combined.json, 1-3_combined.json, 5-1_combined.json, 5-2_combined.json, 5-3_combined.json, top_combined.json",hf_comps,record_count=19；phase_count=12；mode_count=2；boss_count=6；max_app_rate=0.09；median_app_rate=0.03,记录稀疏或出场率较低
harumasa|trigger|zhao,"harumasa, trigger, zhao",浅羽 悠真 / 「扳机」 / 照,B-,17,6,11,2,7,6,1,0.09,0.04,58,29314,13,4,"da, sd","da:2.6.1, da:2.6.2, da:2.7.2, da:2.8.1, da:2.8.2, da:2.8.3, sd:2.6.1, sd:2.6.3, sd:2.7.2, sd:2.7.3, sd:2.8.2","1-1_combined.json, 1-2_combined.json, 1-3_combined.json, 5-1_combined.json, 5-2_combined.json, 5-3_combined.json, top_combined.json",hf_comps,record_count=17；phase_count=11；mode_count=2；boss_count=6；max_app_rate=0.09；median_app_rate=0.04,包含 4 条 sentinel/missing 分数；记录稀疏或出场率较低
harumasa|trigger|ukinami-yuzuha,"harumasa, trigger, ukinami-yuzuha",浅羽 悠真 / 「扳机」 / 浮波柚叶,B-,16,7,12,2,7,6,1,0.09,0.03,82,33108,12,4,"da, sd","da:2.6.1, da:2.6.2, da:2.7.1, da:2.7.2, da:2.8.1, da:2.8.2, da:2.8.3, sd:2.6.1, sd:2.6.3, sd:2.7.2, sd:2.7.3, sd:2.8.2","1-1_combined.json, 1-2_combined.json, 1-3_combined.json, 5-1_combined.json, 5-2_combined.json, 5-3_combined.json, top_combined.json",hf_comps,record_count=16；phase_count=12；mode_count=2；boss_count=6；max_app_rate=0.09；median_app_rate=0.03,包含 4 条 sentinel/missing 分数；记录稀疏或出场率较低
alice|nangong-yu|vivian,"alice, nangong-yu, vivian",爱丽丝·泰姆菲尔德 / 南宫羽 / 薇薇安·班希,B-,15,6,8,2,6,5,1,0.09,0.03,45,31953,14,1,"da, sd","da:2.7.1, da:2.7.2, da:2.8.2, da:2.8.3, sd:2.6.4, sd:2.7.2, sd:2.7.3, sd:2.8.3","1-1_combined.json, 1-3_combined.json, 5-1_combined.json, 5-2_combined.json, 5-3_combined.json, top_combined.json",hf_comps,record_count=15；phase_count=8；mode_count=2；boss_count=5；max_app_rate=0.09；median_app_rate=0.03,包含 1 条 sentinel/missing 分数；记录稀疏或出场率较低
harumasa|orphie-and-magus|trigger,"harumasa, orphie-and-magus, trigger",浅羽 悠真 / 奥菲丝·马格努森 & 「鬼火」 / 「扳机」,B-,15,6,8,2,6,5,1,0.09,0.03,71,30541,15,0,"da, sd","da:2.6.2, da:2.7.2, da:2.8.1, da:2.8.3, sd:2.6.1, sd:2.6.3, sd:2.7.3, sd:2.8.2","1-2_combined.json, 1-3_combined.json, 5-1_combined.json, 5-2_combined.json, 5-3_combined.json, top_combined.json",hf_comps,record_count=15；phase_count=8；mode_count=2；boss_count=5；max_app_rate=0.09；median_app_rate=0.03,记录稀疏或出场率较低
ju-fufu|lycaon|yidhari,"ju-fufu, lycaon, yidhari",橘福福 / 冯·莱卡恩 / 伊德海莉·墨菲,B-,15,6,8,2,4,3,1,0.09,0.03,65,31676,15,0,"da, sd","da:2.6.1, da:2.6.2, da:2.7.1, da:2.7.2, da:2.8.1, da:2.8.2, sd:2.6.4, sd:2.7.2","1-2_combined.json, 1-3_combined.json, 5-3_combined.json, top_combined.json",hf_comps,record_count=15；phase_count=8；mode_count=2；boss_count=3；max_app_rate=0.09；median_app_rate=0.03,记录稀疏或出场率较低
alice|aria|ukinami-yuzuha,"alice, aria, ukinami-yuzuha",爱丽丝·泰姆菲尔德 / 爱芮 / 浮波柚叶,B-,13,6,8,2,5,4,1,0.09,0.04,66,34680,13,0,"da, sd","da:2.6.2, da:2.7.1, da:2.7.2, da:2.8.2, da:2.8.3, sd:2.6.3, sd:2.6.4, sd:2.7.3","1-1_combined.json, 1-3_combined.json, 5-2_combined.json, 5-3_combined.json, top_combined.json",hf_comps,record_count=13；phase_count=8；mode_count=2；boss_count=4；max_app_rate=0.09；median_app_rate=0.04,记录稀疏或出场率较低
astra-yao|trigger|yanagi,"astra-yao, trigger, yanagi",耀嘉音 / 「扳机」 / 月城 柳,B-,10,6,8,2,7,6,1,0.09,0.03,85,31487,8,2,"da, sd","da:2.7.1, da:2.7.2, da:2.8.2, sd:2.6.1, sd:2.6.3, sd:2.7.2, sd:2.7.3, sd:2.8.2","1-1_combined.json, 1-2_combined.json, 1-3_combined.json, 5-1_combined.json, 5-2_combined.json, 5-3_combined.json, top_combined.json",hf_comps,record_count=10；phase_count=8；mode_count=2；boss_count=6；max_app_rate=0.09；median_app_rate=0.03,包含 2 条 sentinel/missing 分数；记录稀疏或出场率较低
harumasa|qingyi|trigger,"harumasa, qingyi, trigger",浅羽 悠真 / 青衣 / 「扳机」,B-,10,5,6,2,5,4,1,0.09,0.03,85,27561,4,6,"da, sd","da:2.6.2, da:2.7.2, da:2.8.1, da:2.8.3, sd:2.6.1, sd:2.6.3","1-2_combined.json, 1-3_combined.json, 5-1_combined.json, 5-2_combined.json, top_combined.json",hf_comps,record_count=10；phase_count=6；mode_count=2；boss_count=4；max_app_rate=0.09；median_app_rate=0.03,包含 6 条 sentinel/missing 分数；记录稀疏或出场率较低
piper|ukinami-yuzuha|yanagi,"piper, ukinami-yuzuha, yanagi",派派·韦尔 / 浮波柚叶 / 月城 柳,B-,10,6,7,2,4,3,1,0.09,0.04,72,31465,8,2,"da, sd","da:2.6.1, sd:2.6.1, sd:2.6.3, sd:2.7.2, sd:2.7.3, sd:2.8.2, sd:2.8.3","5-1_combined.json, 5-2_combined.json, 5-3_combined.json, top_combined.json",hf_comps,record_count=10；phase_count=7；mode_count=2；boss_count=3；max_app_rate=0.09；median_app_rate=0.04,包含 2 条 sentinel/missing 分数；记录稀疏或出场率较低
aria|koleda|sunna,"aria, koleda, sunna",爱芮 / 珂蕾妲·贝洛伯格 / 千夏,B-,9,3,5,2,5,4,1,0.09,0.06,62,29095,9,0,"da, sd","da:2.6.2, da:2.7.1, da:2.8.2, sd:2.6.3, sd:2.6.4","1-1_combined.json, 1-3_combined.json, 5-2_combined.json, 5-3_combined.json, top_combined.json",hf_comps,record_count=9；phase_count=5；mode_count=2；boss_count=4；max_app_rate=0.09；median_app_rate=0.06,记录稀疏或出场率较低
lighter|lucia|manato,"lighter, lucia, manato",莱特 / 卢西娅 / 狛野真斗,B-,9,5,7,2,5,4,1,0.09,0.03,65,27045,6,3,"da, sd","da:2.6.1, da:2.6.2, da:2.8.1, sd:2.6.1, sd:2.6.3, sd:2.6.4, sd:2.7.2","1-2_combined.json, 1-3_combined.json, 5-2_combined.json, 5-3_combined.json, top_combined.json",hf_comps,record_count=9；phase_count=7；mode_count=2；boss_count=4；max_app_rate=0.09；median_app_rate=0.03,包含 3 条 sentinel/missing 分数；记录稀疏或出场率较低
nangong-yu|sunna|vivian,"nangong-yu, sunna, vivian",南宫羽 / 千夏 / 薇薇安·班希,B-,9,3,4,2,5,4,1,0.09,0.05,46,31121,9,0,"da, sd","da:2.7.2, da:2.8.2, sd:2.7.2, sd:2.7.3","1-1_combined.json, 1-3_combined.json, 5-1_combined.json, 5-3_combined.json, top_combined.json",hf_comps,record_count=9；phase_count=4；mode_count=2；boss_count=4；max_app_rate=0.09；median_app_rate=0.05,记录稀疏或出场率较低
astra-yao|evelyn|qingyi,"astra-yao, evelyn, qingyi",耀嘉音 / 伊芙琳·舒瓦利耶 / 青衣,B-,8,3,5,2,5,4,1,0.09,0.01,67,27158,5,3,"da, sd","da:2.6.1, da:2.6.2, sd:2.6.1, sd:2.6.3, sd:2.7.3","1-1_combined.json, 1-2_combined.json, 5-2_combined.json, 5-3_combined.json, top_combined.json",hf_comps,record_count=8；phase_count=5；mode_count=2；boss_count=4；max_app_rate=0.09；median_app_rate=0.01,包含 3 条 sentinel/missing 分数；记录稀疏或出场率较低
astra-yao|orphie-and-magus|soldier-11,"astra-yao, orphie-and-magus, soldier-11",耀嘉音 / 奥菲丝·马格努森 & 「鬼火」 / 「11号」,B-,8,5,6,2,4,3,1,0.09,0.02,69,26829,6,2,"da, sd","da:2.6.1, da:2.8.1, sd:2.6.1, sd:2.6.4, sd:2.8.2, sd:2.8.3","1-2_combined.json, 5-1_combined.json, 5-3_combined.json, top_combined.json",hf_comps,record_count=8；phase_count=6；mode_count=2；boss_count=3；max_app_rate=0.09；median_app_rate=0.02,包含 2 条 sentinel/missing 分数；记录稀疏或出场率较低
jane-doe|vivian|zhao,"jane-doe, vivian, zhao",简·杜 / 薇薇安·班希 / 照,B-,8,3,5,2,4,3,1,0.09,0.03,67,28362,4,4,"da, sd","da:2.6.1, da:2.6.2, sd:2.6.1, sd:2.6.3, sd:2.7.2","1-1_combined.json, 5-1_combined.json, 5-3_combined.json, top_combined.json",hf_comps,record_count=8；phase_count=5；mode_count=2；boss_count=3；max_app_rate=0.09；median_app_rate=0.03,包含 4 条 sentinel/missing 分数；记录稀疏或出场率较低
astra-yao|dialyn|soldier-11,"astra-yao, dialyn, soldier-11",耀嘉音 / 琉音 / 「11号」,B-,7,5,5,2,5,4,1,0.09,0.03,69,29577,7,0,"da, sd","da:2.7.2, sd:2.6.1, sd:2.6.3, sd:2.8.2, sd:2.8.3","1-3_combined.json, 5-1_combined.json, 5-2_combined.json, 5-3_combined.json, top_combined.json",hf_comps,record_count=7；phase_count=5；mode_count=2；boss_count=4；max_app_rate=0.09；median_app_rate=0.03,记录稀疏或出场率较低
astra-yao|seed|zhu-yuan,"astra-yao, seed, zhu-yuan",耀嘉音 / 「席德」 / 朱鸢,B-,7,4,5,2,4,3,1,0.09,0.06,71,31595,6,1,"da, sd","da:2.6.1, da:2.7.2, sd:2.6.1, sd:2.6.3, sd:2.6.4","1-2_combined.json, 5-1_combined.json, 5-2_combined.json, top_combined.json",hf_comps,record_count=7；phase_count=5；mode_count=2；boss_count=3；max_app_rate=0.09；median_app_rate=0.06,包含 1 条 sentinel/missing 分数；记录稀疏或出场率较低
astra-yao|evelyn|yixuan,"astra-yao, evelyn, yixuan",耀嘉音 / 伊芙琳·舒瓦利耶 / 仪玄,B-,6,3,4,2,5,4,1,0.09,0.045,69,26336,5,1,"da, sd","da:2.6.1, da:2.6.2, sd:2.6.1, sd:2.6.4","1-2_combined.json, 1-3_combined.json, 5-2_combined.json, 5-3_combined.json, top_combined.json",hf_comps,record_count=6；phase_count=4；mode_count=2；boss_count=4；max_app_rate=0.09；median_app_rate=0.045,包含 1 条 sentinel/missing 分数；记录稀疏或出场率较低
jane-doe|sunna|vivian,"jane-doe, sunna, vivian",简·杜 / 千夏 / 薇薇安·班希,B-,6,2,3,2,4,3,1,0.09,0.04,59,28971,6,0,"da, sd","da:2.6.2, da:2.8.2, sd:2.6.3","1-1_combined.json, 1-3_combined.json, 5-3_combined.json, top_combined.json",hf_comps,record_count=6；phase_count=3；mode_count=2；boss_count=3；max_app_rate=0.09；median_app_rate=0.04,记录稀疏或出场率较低
astra-yao|pyrois|zhao,"astra-yao, pyrois, zhao",耀嘉音 / Pyrois / 照,B-,2,1,1,1,2,1,1,0.09,0.085,73,,0,2,da,da:3.0.1,"1-2_combined.json, top_combined.json",hf_comps,record_count=2；phase_count=1；mode_count=1；boss_count=1；max_app_rate=0.09；median_app_rate=0.085,全部表现分数为 sentinel/missing
dialyn|nekomata|zhao,"dialyn, nekomata, zhao",琉音 / 猫宫 又奈 / 照,B-,26,8,15,2,7,6,1,0.08,0.05,37,29479,25,1,"da, sd","da:2.6.1, da:2.6.2, da:2.7.1, da:2.7.2, da:2.8.1, da:2.8.2, da:2.8.3, da:3.0.1, sd:2.6.1, sd:2.6.3, sd:2.6.4, sd:2.7.2, sd:2.7.3, sd:2.8.2, sd:2.8.3","1-1_combined.json, 1-2_combined.json, 1-3_combined.json, 5-1_combined.json, 5-2_combined.json, 5-3_combined.json, top_combined.json",hf_comps,record_count=26；phase_count=15；mode_count=2；boss_count=6；max_app_rate=0.08；median_app_rate=0.05,包含 1 条 sentinel/missing 分数；记录稀疏或出场率较低
lighter|soldier-11|zhao,"lighter, soldier-11, zhao",莱特 / 「11号」 / 照,B-,26,8,11,2,7,6,1,0.08,0.03,51,31740,26,0,"da, sd","da:2.6.1, da:2.6.2, da:2.7.2, da:2.8.3, sd:2.6.1, sd:2.6.3, sd:2.6.4, sd:2.7.2, sd:2.7.3, sd:2.8.2, sd:2.8.3","1-1_combined.json, 1-2_combined.json, 1-3_combined.json, 5-1_combined.json, 5-2_combined.json, 5-3_combined.json, top_combined.json",hf_comps,record_count=26；phase_count=11；mode_count=2；boss_count=6；max_app_rate=0.08；median_app_rate=0.03,记录稀疏或出场率较低
dialyn|nicole-demara|yixuan,"dialyn, nicole-demara, yixuan",琉音 / 妮可·德玛拉 / 仪玄,B-,24,7,12,2,7,6,1,0.08,0.03,49,29982,24,0,"da, sd","da:2.6.1, da:2.6.2, da:2.7.1, da:2.8.1, da:2.8.2, da:2.8.3, sd:2.6.1, sd:2.6.3, sd:2.6.4, sd:2.7.2, sd:2.7.3, sd:2.8.3","1-1_combined.json, 1-2_combined.json, 1-3_combined.json, 5-1_combined.json, 5-2_combined.json, 5-3_combined.json, top_combined.json",hf_comps,record_count=24；phase_count=12；mode_count=2；boss_count=6；max_app_rate=0.08；median_app_rate=0.03,记录稀疏或出场率较低
banyue|lighter|orphie-and-magus,"banyue, lighter, orphie-and-magus",般岳 / 莱特 / 奥菲丝·马格努森 & 「鬼火」,B-,23,8,14,2,6,5,1,0.08,0.03,65,32828,18,5,"da, sd","da:2.6.1, da:2.6.2, da:2.7.1, da:2.7.2, da:2.8.1, da:2.8.2, da:2.8.3, sd:2.6.1, sd:2.6.3, sd:2.6.4, sd:2.7.2, sd:2.7.3, sd:2.8.2, sd:2.8.3","1-2_combined.json, 1-3_combined.json, 5-1_combined.json, 5-2_combined.json, 5-3_combined.json, top_combined.json",hf_comps,record_count=23；phase_count=14；mode_count=2；boss_count=5；max_app_rate=0.08；median_app_rate=0.03,包含 5 条 sentinel/missing 分数；记录稀疏或出场率较低
anby-demara-soldier-0|dialyn|trigger,"anby-demara-soldier-0, dialyn, trigger",零号·安比 / 琉音 / 「扳机」,B-,21,7,11,2,6,5,1,0.08,0.04,68,32135,17,4,"da, sd","da:2.6.1, da:2.6.2, da:2.7.2, da:2.8.1, da:2.8.3, sd:2.6.1, sd:2.6.3, sd:2.6.4, sd:2.7.2, sd:2.7.3, sd:2.8.2","1-2_combined.json, 1-3_combined.json, 5-1_combined.json, 5-2_combined.json, 5-3_combined.json, top_combined.json",hf_comps,record_count=21；phase_count=11；mode_count=2；boss_count=5；max_app_rate=0.08；median_app_rate=0.04,包含 4 条 sentinel/missing 分数；记录稀疏或出场率较低
dialyn|evelyn|zhao,"dialyn, evelyn, zhao",琉音 / 伊芙琳·舒瓦利耶 / 照,B-,21,7,11,2,7,6,1,0.08,0.03,45,30218,21,0,"da, sd","da:2.6.1, da:2.6.2, da:2.7.1, da:2.7.2, da:2.8.1, sd:2.6.1, sd:2.6.3, sd:2.6.4, sd:2.7.3, sd:2.8.2, sd:2.8.3","1-1_combined.json, 1-2_combined.json, 1-3_combined.json, 5-1_combined.json, 5-2_combined.json, 5-3_combined.json, top_combined.json",hf_comps,record_count=21；phase_count=11；mode_count=2；boss_count=6；max_app_rate=0.08；median_app_rate=0.03,记录稀疏或出场率较低
dialyn|harumasa|nicole-demara,"dialyn, harumasa, nicole-demara",琉音 / 浅羽 悠真 / 妮可·德玛拉,B-,21,7,12,2,6,5,1,0.08,0.04,50,31662,21,0,"da, sd","da:2.6.1, da:2.6.2, da:2.7.1, da:2.7.2, da:2.8.1, da:2.8.2, da:2.8.3, sd:2.6.1, sd:2.6.3, sd:2.7.2, sd:2.7.3, sd:2.8.2","1-2_combined.json, 1-3_combined.json, 5-1_combined.json, 5-2_combined.json, 5-3_combined.json, top_combined.json",hf_comps,record_count=21；phase_count=12；mode_count=2；boss_count=5；max_app_rate=0.08；median_app_rate=0.04,记录稀疏或出场率较低
miyabi|piper|ukinami-yuzuha,"miyabi, piper, ukinami-yuzuha",星见 雅 / 派派·韦尔 / 浮波柚叶,B-,21,6,9,2,6,5,1,0.08,0.04,46,32046,21,0,"da, sd","da:2.6.1, da:2.7.1, da:2.8.2, da:2.8.3, sd:2.6.1, sd:2.6.3, sd:2.6.4, sd:2.7.3, sd:2.8.3","1-1_combined.json, 1-3_combined.json, 5-1_combined.json, 5-2_combined.json, 5-3_combined.json, top_combined.json",hf_comps,record_count=21；phase_count=9；mode_count=2；boss_count=5；max_app_rate=0.08；median_app_rate=0.04,记录稀疏或出场率较低
anby-demara-soldier-0|dialyn|zhao,"anby-demara-soldier-0, dialyn, zhao",零号·安比 / 琉音 / 照,B-,20,7,12,2,7,6,1,0.08,0.02,51,33711,16,4,"da, sd","da:2.6.1, da:2.6.2, da:2.7.1, da:2.7.2, da:2.8.1, da:2.8.3, sd:2.6.1, sd:2.6.3, sd:2.6.4, sd:2.7.2, sd:2.7.3, sd:2.8.2","1-1_combined.json, 1-2_combined.json, 1-3_combined.json, 5-1_combined.json, 5-2_combined.json, 5-3_combined.json, top_combined.json",hf_comps,record_count=20；phase_count=12；mode_count=2；boss_count=6；max_app_rate=0.08；median_app_rate=0.02,包含 4 条 sentinel/missing 分数；记录稀疏或出场率较低
astra-yao|ju-fufu|ye-shunguang,"astra-yao, ju-fufu, ye-shunguang",耀嘉音 / 橘福福 / 叶瞬光,B-,19,7,12,2,6,5,1,0.08,0.02,40,31480,15,4,"da, sd","da:2.6.1, da:2.6.2, da:2.7.1, da:2.7.2, da:2.8.2, sd:2.6.1, sd:2.6.3, sd:2.6.4, sd:2.7.2, sd:2.7.3, sd:2.8.2, sd:2.8.3","1-1_combined.json, 1-2_combined.json, 1-3_combined.json, 5-1_combined.json, 5-2_combined.json, top_combined.json",hf_comps,record_count=19；phase_count=12；mode_count=2；boss_count=5；max_app_rate=0.08；median_app_rate=0.02,包含 4 条 sentinel/missing 分数；记录稀疏或出场率较低
banyue|lucia|lycaon,"banyue, lucia, lycaon",般岳 / 卢西娅 / 冯·莱卡恩,B-,19,8,12,2,6,5,1,0.08,0.05,53,32253,18,1,"da, sd","da:2.6.2, da:2.7.2, da:2.8.1, da:2.8.2, da:2.8.3, da:3.0.1, sd:2.6.1, sd:2.6.3, sd:2.6.4, sd:2.7.2, sd:2.8.2, sd:2.8.3","1-2_combined.json, 1-3_combined.json, 5-1_combined.json, 5-2_combined.json, 5-3_combined.json, top_combined.json",hf_comps,record_count=19；phase_count=12；mode_count=2；boss_count=5；max_app_rate=0.08；median_app_rate=0.05,包含 1 条 sentinel/missing 分数；记录稀疏或出场率较低
astra-yao|koleda|yixuan,"astra-yao, koleda, yixuan",耀嘉音 / 珂蕾妲·贝洛伯格 / 仪玄,B-,17,6,9,2,6,5,1,0.08,0.03,53,27237,12,5,"da, sd","da:2.6.1, da:2.6.2, da:2.7.1, da:2.8.1, da:2.8.2, sd:2.6.1, sd:2.6.3, sd:2.6.4, sd:2.7.2","1-2_combined.json, 1-3_combined.json, 5-1_combined.json, 5-2_combined.json, 5-3_combined.json, top_combined.json",hf_comps,record_count=17；phase_count=9；mode_count=2；boss_count=5；max_app_rate=0.08；median_app_rate=0.03,包含 5 条 sentinel/missing 分数；记录稀疏或出场率较低
hugo|lighter|trigger,"hugo, lighter, trigger",雨果·维拉德 / 莱特 / 「扳机」,B-,16,6,11,2,6,5,1,0.08,0.02,73,21478,1,15,"da, sd","da:2.6.1, da:2.6.2, da:2.7.1, da:2.7.2, da:2.8.1, da:3.0.1, sd:2.6.1, sd:2.6.3, sd:2.6.4, sd:2.7.2, sd:2.7.3","1-2_combined.json, 1-3_combined.json, 5-1_combined.json, 5-2_combined.json, 5-3_combined.json, top_combined.json",hf_comps,record_count=16；phase_count=11；mode_count=2；boss_count=5；max_app_rate=0.08；median_app_rate=0.02,包含 15 条 sentinel/missing 分数；记录稀疏或出场率较低
burnice|miyabi|soukaku,"burnice, miyabi, soukaku",柏妮思·怀特 / 星见 雅 / 苍角,B-,15,6,10,2,7,6,1,0.08,0.03,46,27592,12,3,"da, sd","da:2.6.1, da:2.7.1, da:2.8.2, da:3.0.1, sd:2.6.1, sd:2.6.4, sd:2.7.2, sd:2.7.3, sd:2.8.2, sd:2.8.3","1-1_combined.json, 1-2_combined.json, 1-3_combined.json, 5-1_combined.json, 5-2_combined.json, 5-3_combined.json, top_combined.json",hf_comps,record_count=15；phase_count=10；mode_count=2；boss_count=6；max_app_rate=0.08；median_app_rate=0.03,包含 3 条 sentinel/missing 分数；记录稀疏或出场率较低
harumasa|qingyi|zhao,"harumasa, qingyi, zhao",浅羽 悠真 / 青衣 / 照,B-,15,6,10,2,6,5,1,0.08,0.03,64,32447,9,6,"da, sd","da:2.6.1, da:2.6.2, da:2.7.2, da:2.8.1, da:2.8.3, sd:2.6.1, sd:2.6.3, sd:2.7.2, sd:2.7.3, sd:2.8.2","1-2_combined.json, 1-3_combined.json, 5-1_combined.json, 5-2_combined.json, 5-3_combined.json, top_combined.json",hf_comps,record_count=15；phase_count=10；mode_count=2；boss_count=5；max_app_rate=0.08；median_app_rate=0.03,包含 6 条 sentinel/missing 分数；记录稀疏或出场率较低
evelyn|lighter|orphie-and-magus,"evelyn, lighter, orphie-and-magus",伊芙琳·舒瓦利耶 / 莱特 / 奥菲丝·马格努森 & 「鬼火」,B-,12,7,8,2,5,4,1,0.08,0.02,76,28108,11,1,"da, sd","da:2.6.1, da:2.7.2, sd:2.6.1, sd:2.6.3, sd:2.6.4, sd:2.7.3, sd:2.8.2, sd:2.8.3","1-3_combined.json, 5-1_combined.json, 5-2_combined.json, 5-3_combined.json, top_combined.json",hf_comps,record_count=12；phase_count=8；mode_count=2；boss_count=4；max_app_rate=0.08；median_app_rate=0.02,包含 1 条 sentinel/missing 分数；记录稀疏或出场率较低
jane-doe|nangong-yu|vivian,"jane-doe, nangong-yu, vivian",简·杜 / 南宫羽 / 薇薇安·班希,B-,12,5,7,2,6,5,1,0.08,0.025,59,26940,11,1,"da, sd","da:2.7.1, da:2.7.2, da:2.8.2, da:2.8.3, sd:2.6.4, sd:2.7.2, sd:2.7.3","1-1_combined.json, 1-3_combined.json, 5-1_combined.json, 5-2_combined.json, 5-3_combined.json, top_combined.json",hf_comps,record_count=12；phase_count=7；mode_count=2；boss_count=5；max_app_rate=0.08；median_app_rate=0.025,包含 1 条 sentinel/missing 分数；记录稀疏或出场率较低
anby-demara-soldier-0|rina|seed,"anby-demara-soldier-0, rina, seed",零号·安比 / 亚历山德丽娜·莎芭丝缇安 / 「席德」,B-,11,5,7,2,6,5,1,0.08,0.03,90,29810,11,0,"da, sd","da:2.7.2, da:2.8.1, sd:2.6.1, sd:2.6.3, sd:2.7.2, sd:2.7.3, sd:2.8.2","1-2_combined.json, 1-3_combined.json, 5-1_combined.json, 5-2_combined.json, 5-3_combined.json, top_combined.json",hf_comps,record_count=11；phase_count=7；mode_count=2；boss_count=5；max_app_rate=0.08；median_app_rate=0.03,记录稀疏或出场率较低
dialyn|sunna|zhu-yuan,"dialyn, sunna, zhu-yuan",琉音 / 千夏 / 朱鸢,B-,11,5,7,2,6,5,1,0.08,0.05,55,30647,11,0,"da, sd","da:2.6.1, da:2.6.2, da:2.7.2, sd:2.6.3, sd:2.6.4, sd:2.7.2, sd:2.7.3","1-1_combined.json, 1-2_combined.json, 5-1_combined.json, 5-2_combined.json, 5-3_combined.json, top_combined.json",hf_comps,record_count=11；phase_count=7；mode_count=2；boss_count=5；max_app_rate=0.08；median_app_rate=0.05,记录稀疏或出场率较低
lucia|orphie-and-magus|yixuan,"lucia, orphie-and-magus, yixuan",卢西娅 / 奥菲丝·马格努森 & 「鬼火」 / 仪玄,B-,10,4,6,2,5,4,1,0.08,0.035,76,31315,8,2,"da, sd","da:2.6.1, da:2.6.2, da:3.0.1, sd:2.6.1, sd:2.6.3, sd:2.6.4","1-2_combined.json, 1-3_combined.json, 5-2_combined.json, 5-3_combined.json, top_combined.json",hf_comps,record_count=10；phase_count=6；mode_count=2；boss_count=4；max_app_rate=0.08；median_app_rate=0.035,包含 2 条 sentinel/missing 分数；记录稀疏或出场率较低
aria|astra-yao|vivian,"aria, astra-yao, vivian",爱芮 / 耀嘉音 / 薇薇安·班希,B-,9,4,5,2,5,4,1,0.08,0.05,77,27158,9,0,"da, sd","da:2.6.2, da:2.8.2, sd:2.6.3, sd:2.6.4, sd:2.7.3","1-1_combined.json, 1-3_combined.json, 5-2_combined.json, 5-3_combined.json, top_combined.json",hf_comps,record_count=9；phase_count=5；mode_count=2；boss_count=4；max_app_rate=0.08；median_app_rate=0.05,记录稀疏或出场率较低
banyue|koleda|pan-yinhu,"banyue, koleda, pan-yinhu",般岳 / 珂蕾妲·贝洛伯格 / 潘引壶,B-,8,4,6,2,5,4,1,0.08,0.02,76,28013,8,0,"da, sd","da:2.6.1, da:2.6.2, da:2.8.1, sd:2.6.1, sd:2.6.3, sd:2.7.2","1-2_combined.json, 1-3_combined.json, 5-2_combined.json, 5-3_combined.json, top_combined.json",hf_comps,record_count=8；phase_count=6；mode_count=2；boss_count=4；max_app_rate=0.08；median_app_rate=0.02,记录稀疏或出场率较低
evelyn|ju-fufu|lighter,"evelyn, ju-fufu, lighter",伊芙琳·舒瓦利耶 / 橘福福 / 莱特,B-,8,4,6,2,5,4,1,0.08,0.01,76,31255,6,2,"da, sd","da:2.6.1, da:2.7.2, da:2.8.2, sd:2.6.1, sd:2.8.2, sd:2.8.3","1-2_combined.json, 1-3_combined.json, 5-1_combined.json, 5-3_combined.json, top_combined.json",hf_comps,record_count=8；phase_count=6；mode_count=2；boss_count=4；max_app_rate=0.08；median_app_rate=0.01,包含 2 条 sentinel/missing 分数；记录稀疏或出场率较低
astra-yao|lucia|manato,"astra-yao, lucia, manato",耀嘉音 / 卢西娅 / 狛野真斗,B-,7,4,5,2,5,4,1,0.08,0.03,76,27509,4,3,"da, sd","da:2.6.1, da:2.6.2, da:2.8.1, sd:2.6.3, sd:2.6.4","1-2_combined.json, 1-3_combined.json, 5-2_combined.json, 5-3_combined.json, top_combined.json",hf_comps,record_count=7；phase_count=5；mode_count=2；boss_count=4；max_app_rate=0.08；median_app_rate=0.03,包含 3 条 sentinel/missing 分数；记录稀疏或出场率较低
nicole-demara|promeia|vivian,"nicole-demara, promeia, vivian",妮可·德玛拉 / 普罗米娅 / 薇薇安·班希,B-,7,3,4,2,4,3,1,0.08,0.04,63,27288,7,0,"da, sd","da:2.8.2, da:2.8.3, sd:2.8.2, sd:2.8.3","1-1_combined.json, 5-1_combined.json, 5-2_combined.json, top_combined.json",hf_comps,record_count=7；phase_count=4；mode_count=2；boss_count=3；max_app_rate=0.08；median_app_rate=0.04,记录稀疏或出场率较低
vivian|yanagi|zhao,"vivian, yanagi, zhao",薇薇安·班希 / 月城 柳 / 照,B-,6,3,4,2,5,4,1,0.08,0.01,62,30159,5,1,"da, sd","da:2.6.1, da:2.6.2, da:2.7.2, sd:2.6.1","1-1_combined.json, 1-2_combined.json, 1-3_combined.json, 5-2_combined.json, top_combined.json",hf_comps,record_count=6；phase_count=4；mode_count=2；boss_count=4；max_app_rate=0.08；median_app_rate=0.01,包含 1 条 sentinel/missing 分数；记录稀疏或出场率较低
astra-yao|velina|yanagi,"astra-yao, velina, yanagi",耀嘉音 / 维琳娜·艾嘉德 / 月城 柳,B-,5,1,2,2,4,3,1,0.08,0.02,58,32837,5,0,"da, sd","da:3.0.1, sd:2.8.3","1-1_combined.json, 5-1_combined.json, 5-3_combined.json, top_combined.json",hf_comps,record_count=5；phase_count=2；mode_count=2；boss_count=3；max_app_rate=0.08；median_app_rate=0.02,记录稀疏或出场率较低
nangong-yu|sunna|zhu-yuan,"nangong-yu, sunna, zhu-yuan",南宫羽 / 千夏 / 朱鸢,B-,4,3,3,2,4,3,1,0.08,0.045,49,26530,3,1,"da, sd","da:3.0.1, sd:2.6.4, sd:2.7.2","1-2_combined.json, 5-1_combined.json, 5-2_combined.json, top_combined.json",hf_comps,record_count=4；phase_count=3；mode_count=2；boss_count=3；max_app_rate=0.08；median_app_rate=0.045,包含 1 条 sentinel/missing 分数；记录稀疏或出场率较低
ju-fufu|nicole-demara|pyrois,"ju-fufu, nicole-demara, pyrois",橘福福 / 妮可·德玛拉 / Pyrois,B-,2,1,1,1,2,1,1,0.08,0.075,78,,0,2,da,da:3.0.1,"1-2_combined.json, top_combined.json",hf_comps,record_count=2；phase_count=1；mode_count=1；boss_count=1；max_app_rate=0.08；median_app_rate=0.075,全部表现分数为 sentinel/missing
astra-yao|lycaon|pyrois,"astra-yao, lycaon, pyrois",耀嘉音 / 冯·莱卡恩 / Pyrois,B-,1,1,1,1,1,1,1,0.08,0.08,78,20846,1,0,da,da:3.0.1,1-2_combined.json,hf_comps,record_count=1；phase_count=1；mode_count=1；boss_count=1；max_app_rate=0.08；median_app_rate=0.08,记录稀疏或出场率较低
astra-yao|dialyn|nekomata,"astra-yao, dialyn, nekomata",耀嘉音 / 琉音 / 猫宫 又奈,B-,29,8,15,2,7,6,1,0.07,0.05,45,31293,27,2,"da, sd","da:2.6.1, da:2.6.2, da:2.7.1, da:2.7.2, da:2.8.1, da:2.8.2, da:2.8.3, da:3.0.1, sd:2.6.1, sd:2.6.3, sd:2.6.4, sd:2.7.2, sd:2.7.3, sd:2.8.2, sd:2.8.3","1-1_combined.json, 1-2_combined.json, 1-3_combined.json, 5-1_combined.json, 5-2_combined.json, 5-3_combined.json, top_combined.json",hf_comps,record_count=29；phase_count=15；mode_count=2；boss_count=6；max_app_rate=0.07；median_app_rate=0.05,包含 2 条 sentinel/missing 分数；记录稀疏或出场率较低
anby-demara-soldier-0|orphie-and-magus|sunna,"anby-demara-soldier-0, orphie-and-magus, sunna",零号·安比 / 奥菲丝·马格努森 & 「鬼火」 / 千夏,B-,23,6,11,2,7,6,1,0.07,0.03,45,34992,23,0,"da, sd","da:2.6.1, da:2.6.2, da:2.7.2, da:2.8.1, da:2.8.3, sd:2.6.1, sd:2.6.3, sd:2.7.2, sd:2.7.3, sd:2.8.2, sd:2.8.3","1-1_combined.json, 1-2_combined.json, 1-3_combined.json, 5-1_combined.json, 5-2_combined.json, 5-3_combined.json, top_combined.json",hf_comps,record_count=23；phase_count=11；mode_count=2；boss_count=6；max_app_rate=0.07；median_app_rate=0.03,记录稀疏或出场率较低
corin|dialyn|zhao,"corin, dialyn, zhao",可琳·威克斯 / 琉音 / 照,B-,17,7,11,2,7,6,1,0.07,0.04,51,29878,17,0,"da, sd","da:2.6.1, da:2.6.2, da:2.7.1, da:2.7.2, da:2.8.2, da:2.8.3, sd:2.6.1, sd:2.6.3, sd:2.6.4, sd:2.7.3, sd:2.8.3","1-1_combined.json, 1-2_combined.json, 1-3_combined.json, 5-1_combined.json, 5-2_combined.json, 5-3_combined.json, top_combined.json",hf_comps,record_count=17；phase_count=11；mode_count=2；boss_count=6；max_app_rate=0.07；median_app_rate=0.04,记录稀疏或出场率较低
astra-yao|billy-kid|dialyn,"astra-yao, billy-kid, dialyn",耀嘉音 / 比利·奇德 / 琉音,B-,16,7,11,2,7,6,1,0.07,0.02,54,29198,10,6,"da, sd","da:2.6.1, da:2.6.2, da:2.7.2, da:2.8.1, da:2.8.2, sd:2.6.1, sd:2.6.3, sd:2.6.4, sd:2.7.2, sd:2.7.3, sd:2.8.3","1-1_combined.json, 1-2_combined.json, 1-3_combined.json, 5-1_combined.json, 5-2_combined.json, 5-3_combined.json, top_combined.json",hf_comps,record_count=16；phase_count=11；mode_count=2；boss_count=6；max_app_rate=0.07；median_app_rate=0.02,包含 6 条 sentinel/missing 分数；记录稀疏或出场率较低
astra-yao|nekomata|seed,"astra-yao, nekomata, seed",耀嘉音 / 猫宫 又奈 / 「席德」,B-,16,6,10,2,6,5,1,0.07,0.03,79,34627,15,1,"da, sd","da:2.6.1, da:2.6.2, da:2.7.2, da:2.8.1, da:2.8.3, sd:2.6.1, sd:2.6.3, sd:2.7.2, sd:2.7.3, sd:2.8.2","1-2_combined.json, 1-3_combined.json, 5-1_combined.json, 5-2_combined.json, 5-3_combined.json, top_combined.json",hf_comps,record_count=16；phase_count=10；mode_count=2；boss_count=5；max_app_rate=0.07；median_app_rate=0.03,包含 1 条 sentinel/missing 分数；记录稀疏或出场率较低
astra-yao|dialyn|zhu-yuan,"astra-yao, dialyn, zhu-yuan",耀嘉音 / 琉音 / 朱鸢,B-,15,6,9,2,7,6,1,0.07,0.04,78,27795,10,5,"da, sd","da:2.6.2, da:2.7.1, da:2.7.2, da:3.0.1, sd:2.6.1, sd:2.6.3, sd:2.6.4, sd:2.7.2, sd:2.7.3","1-1_combined.json, 1-2_combined.json, 1-3_combined.json, 5-1_combined.json, 5-2_combined.json, 5-3_combined.json, top_combined.json",hf_comps,record_count=15；phase_count=9；mode_count=2；boss_count=6；max_app_rate=0.07；median_app_rate=0.04,包含 5 条 sentinel/missing 分数；记录稀疏或出场率较低
caesar|pan-yinhu|yixuan,"caesar, pan-yinhu, yixuan",凯撒·金 / 潘引壶 / 仪玄,B-,14,7,11,2,5,4,1,0.07,0.02,57,27432,10,4,"da, sd","da:2.6.1, da:2.6.2, da:2.7.1, da:2.8.1, da:2.8.2, da:3.0.1, sd:2.6.1, sd:2.6.3, sd:2.6.4, sd:2.7.2, sd:2.7.3","1-2_combined.json, 1-3_combined.json, 5-2_combined.json, 5-3_combined.json, top_combined.json",hf_comps,record_count=14；phase_count=11；mode_count=2；boss_count=4；max_app_rate=0.07；median_app_rate=0.02,包含 4 条 sentinel/missing 分数；记录稀疏或出场率较低
lucia|yidhari|yixuan,"lucia, yidhari, yixuan",卢西娅 / 伊德海莉·墨菲 / 仪玄,B-,14,6,7,2,6,5,1,0.07,0.04,86,28174,14,0,"da, sd","da:2.6.2, da:2.7.1, da:2.8.1, da:2.8.2, sd:2.6.4, sd:2.7.2, sd:2.8.3","1-2_combined.json, 1-3_combined.json, 5-1_combined.json, 5-2_combined.json, 5-3_combined.json, top_combined.json",hf_comps,record_count=14；phase_count=7；mode_count=2；boss_count=5；max_app_rate=0.07；median_app_rate=0.04,记录稀疏或出场率较低
banyue|dialyn|zhao,"banyue, dialyn, zhao",般岳 / 琉音 / 照,B-,13,5,8,2,5,4,1,0.07,0.03,71,30426,13,0,"da, sd","da:2.6.1, da:2.6.2, da:2.7.1, da:2.8.1, sd:2.6.1, sd:2.6.3, sd:2.6.4, sd:2.7.2","1-2_combined.json, 1-3_combined.json, 5-2_combined.json, 5-3_combined.json, top_combined.json",hf_comps,record_count=13；phase_count=8；mode_count=2；boss_count=4；max_app_rate=0.07；median_app_rate=0.03,记录稀疏或出场率较低
hugo|ju-fufu|lighter,"hugo, ju-fufu, lighter",雨果·维拉德 / 橘福福 / 莱特,B-,13,6,9,2,6,5,1,0.07,0.03,69,29994,9,4,"da, sd","da:2.6.1, da:2.6.2, da:2.7.1, da:2.7.2, da:2.8.1, da:3.0.1, sd:2.6.4, sd:2.7.2, sd:2.7.3","1-1_combined.json, 1-2_combined.json, 1-3_combined.json, 5-1_combined.json, 5-3_combined.json, top_combined.json",hf_comps,record_count=13；phase_count=9；mode_count=2；boss_count=5；max_app_rate=0.07；median_app_rate=0.03,包含 4 条 sentinel/missing 分数；记录稀疏或出场率较低
astra-yao|billy-starlight|ju-fufu,"astra-yao, billy-starlight, ju-fufu",耀嘉音 / 星徽·比利 / 橘福福,B-,11,3,5,2,5,4,1,0.07,0.04,65,31253,11,0,"da, sd","da:2.8.2, da:2.8.3, da:3.0.1, sd:2.8.2, sd:2.8.3","1-2_combined.json, 1-3_combined.json, 5-1_combined.json, 5-2_combined.json, top_combined.json",hf_comps,record_count=11；phase_count=5；mode_count=2；boss_count=4；max_app_rate=0.07；median_app_rate=0.04,记录稀疏或出场率较低
aria|nangong-yu|vivian,"aria, nangong-yu, vivian",爱芮 / 南宫羽 / 薇薇安·班希,B-,10,5,6,2,6,5,1,0.07,0.04,69,29458,10,0,"da, sd","da:2.7.2, da:2.8.2, da:2.8.3, sd:2.6.4, sd:2.7.2, sd:2.7.3","1-1_combined.json, 1-3_combined.json, 5-1_combined.json, 5-2_combined.json, 5-3_combined.json, top_combined.json",hf_comps,record_count=10；phase_count=6；mode_count=2；boss_count=5；max_app_rate=0.07；median_app_rate=0.04,记录稀疏或出场率较低
billy-starlight|koleda|pan-yinhu,"billy-starlight, koleda, pan-yinhu",星徽·比利 / 珂蕾妲·贝洛伯格 / 潘引壶,B-,10,3,5,2,5,4,1,0.07,0.035,65,28184,10,0,"da, sd","da:2.8.2, da:2.8.3, da:3.0.1, sd:2.8.2, sd:2.8.3","1-2_combined.json, 1-3_combined.json, 5-1_combined.json, 5-2_combined.json, top_combined.json",hf_comps,record_count=10；phase_count=5；mode_count=2；boss_count=4；max_app_rate=0.07；median_app_rate=0.035,记录稀疏或出场率较低
lycaon|yidhari|zhao,"lycaon, yidhari, zhao",冯·莱卡恩 / 伊德海莉·墨菲 / 照,B-,10,5,6,2,4,3,1,0.07,0.03,65,29572,10,0,"da, sd","da:2.6.2, da:2.7.1, da:2.8.1, da:2.8.2, sd:2.6.4, sd:2.7.2","1-2_combined.json, 1-3_combined.json, 5-3_combined.json, top_combined.json",hf_comps,record_count=10；phase_count=6；mode_count=2；boss_count=3；max_app_rate=0.07；median_app_rate=0.03,记录稀疏或出场率较低
cissia|dialyn|sunna,"cissia, dialyn, sunna",希希芙 / 琉音 / 千夏,B-,9,3,5,2,4,3,1,0.07,0.03,77,30278,9,0,"da, sd","da:2.8.1, da:2.8.3, sd:2.7.3, sd:2.8.2, sd:2.8.3","1-3_combined.json, 5-2_combined.json, 5-3_combined.json, top_combined.json",hf_comps,record_count=9；phase_count=5；mode_count=2；boss_count=3；max_app_rate=0.07；median_app_rate=0.03,记录稀疏或出场率较低
aria|astra-yao|trigger,"aria, astra-yao, trigger",爱芮 / 耀嘉音 / 「扳机」,B-,6,4,4,2,4,3,1,0.07,0.04,69,26280,6,0,"da, sd","da:2.7.1, da:2.7.2, da:2.8.2, sd:2.6.3","1-1_combined.json, 1-3_combined.json, 5-3_combined.json, top_combined.json",hf_comps,record_count=6；phase_count=4；mode_count=2；boss_count=3；max_app_rate=0.07；median_app_rate=0.04,记录稀疏或出场率较低
aria|nicole-demara|ukinami-yuzuha,"aria, nicole-demara, ukinami-yuzuha",爱芮 / 妮可·德玛拉 / 浮波柚叶,B-,6,2,3,2,4,3,1,0.07,0.06,82,30692,6,0,"da, sd","da:2.6.2, sd:2.6.3, sd:2.6.4","1-1_combined.json, 5-2_combined.json, 5-3_combined.json, top_combined.json",hf_comps,record_count=6；phase_count=3；mode_count=2；boss_count=3；max_app_rate=0.07；median_app_rate=0.06,记录稀疏或出场率较低
cissia|ye-shunguang|zhao,"cissia, ye-shunguang, zhao",希希芙 / 叶瞬光 / 照,B-,6,3,5,2,5,4,1,0.07,0.04,59,34314,5,1,"da, sd","da:2.8.1, da:2.8.2, sd:2.7.2, sd:2.7.3, sd:2.8.2","1-2_combined.json, 1-3_combined.json, 5-2_combined.json, 5-3_combined.json, top_combined.json",hf_comps,record_count=6；phase_count=5；mode_count=2；boss_count=4；max_app_rate=0.07；median_app_rate=0.04,包含 1 条 sentinel/missing 分数；记录稀疏或出场率较低
lucia|manato|trigger,"lucia, manato, trigger",卢西娅 / 狛野真斗 / 「扳机」,B-,6,3,4,2,4,3,1,0.07,0.025,79,25314,4,2,"da, sd","da:2.6.1, da:2.6.2, da:2.8.1, sd:2.6.1","1-2_combined.json, 1-3_combined.json, 5-3_combined.json, top_combined.json",hf_comps,record_count=6；phase_count=4；mode_count=2；boss_count=3；max_app_rate=0.07；median_app_rate=0.025,包含 2 条 sentinel/missing 分数；记录稀疏或出场率较低
burnice|vivian|zhao,"burnice, vivian, zhao",柏妮思·怀特 / 薇薇安·班希 / 照,B-,5,3,3,1,3,2,1,0.07,0.01,81,33602,2,3,sd,"sd:2.6.1, sd:2.6.3, sd:2.7.2","5-1_combined.json, 5-3_combined.json, top_combined.json",hf_comps,record_count=5；phase_count=3；mode_count=1；boss_count=2；max_app_rate=0.07；median_app_rate=0.01,包含 3 条 sentinel/missing 分数；记录稀疏或出场率较低
astra-yao|miyabi|orphie-and-magus,"astra-yao, miyabi, orphie-and-magus",耀嘉音 / 星见 雅 / 奥菲丝·马格努森 & 「鬼火」,B-,4,3,3,1,2,1,1,0.07,0.035,78,28426,3,1,sd,"sd:2.6.4, sd:2.7.2, sd:2.8.3","5-3_combined.json, top_combined.json",hf_comps,record_count=4；phase_count=3；mode_count=1；boss_count=1；max_app_rate=0.07；median_app_rate=0.035,包含 1 条 sentinel/missing 分数；记录稀疏或出场率较低
dialyn|pyrois|zhao,"dialyn, pyrois, zhao",琉音 / Pyrois / 照,B-,3,1,1,1,3,2,1,0.07,0.04,81,,0,3,da,da:3.0.1,"1-2_combined.json, 1-3_combined.json, top_combined.json",hf_comps,record_count=3；phase_count=1；mode_count=1；boss_count=2；max_app_rate=0.07；median_app_rate=0.04,全部表现分数为 sentinel/missing
jane-doe|nangong-yu|sunna,"jane-doe, nangong-yu, sunna",简·杜 / 南宫羽 / 千夏,B-,3,2,2,1,3,2,1,0.07,0.07,76,21502,3,0,da,"da:2.7.2, da:2.8.2","1-1_combined.json, 1-3_combined.json, top_combined.json",hf_comps,record_count=3；phase_count=2；mode_count=1；boss_count=2；max_app_rate=0.07；median_app_rate=0.07,记录稀疏或出场率较低
miyabi|nicole-demara|zhao,"miyabi, nicole-demara, zhao",星见 雅 / 妮可·德玛拉 / 照,B-,23,8,13,2,7,6,1,0.06,0.02,75,31978,14,9,"da, sd","da:2.6.1, da:2.6.2, da:2.7.1, da:2.7.2, da:2.8.3, da:3.0.1, sd:2.6.1, sd:2.6.3, sd:2.6.4, sd:2.7.2, sd:2.7.3, sd:2.8.2, sd:2.8.3","1-1_combined.json, 1-2_combined.json, 1-3_combined.json, 5-1_combined.json, 5-2_combined.json, 5-3_combined.json, top_combined.json",hf_comps,record_count=23；phase_count=13；mode_count=2；boss_count=6；max_app_rate=0.06；median_app_rate=0.02,包含 9 条 sentinel/missing 分数；记录稀疏或出场率较低
caesar|sunna|ye-shunguang,"caesar, sunna, ye-shunguang",凯撒·金 / 千夏 / 叶瞬光,B-,22,8,14,2,7,6,1,0.06,0.03,53,32883,18,4,"da, sd","da:2.6.1, da:2.6.2, da:2.7.1, da:2.7.2, da:2.8.2, da:2.8.3, da:3.0.1, sd:2.6.1, sd:2.6.3, sd:2.6.4, sd:2.7.2, sd:2.7.3, sd:2.8.2, sd:2.8.3","1-1_combined.json, 1-2_combined.json, 1-3_combined.json, 5-1_combined.json, 5-2_combined.json, 5-3_combined.json, top_combined.json",hf_comps,record_count=22；phase_count=14；mode_count=2；boss_count=6；max_app_rate=0.06；median_app_rate=0.03,包含 4 条 sentinel/missing 分数；记录稀疏或出场率较低
anby-demara-soldier-0|seed|sunna,"anby-demara-soldier-0, seed, sunna",零号·安比 / 「席德」 / 千夏,B-,21,6,10,2,7,6,1,0.06,0.03,66,29644,18,3,"da, sd","da:2.6.1, da:2.6.2, da:2.7.2, da:2.8.1, da:2.8.3, sd:2.6.1, sd:2.6.3, sd:2.7.2, sd:2.7.3, sd:2.8.2","1-1_combined.json, 1-2_combined.json, 1-3_combined.json, 5-1_combined.json, 5-2_combined.json, 5-3_combined.json, top_combined.json",hf_comps,record_count=21；phase_count=10；mode_count=2；boss_count=6；max_app_rate=0.06；median_app_rate=0.03,包含 3 条 sentinel/missing 分数；记录稀疏或出场率较低
astra-yao|miyabi|yixuan,"astra-yao, miyabi, yixuan",耀嘉音 / 星见 雅 / 仪玄,B-,21,8,12,2,7,6,1,0.06,0.02,71,29633,14,7,"da, sd","da:2.6.1, da:2.6.2, da:2.8.2, da:2.8.3, da:3.0.1, sd:2.6.1, sd:2.6.3, sd:2.6.4, sd:2.7.2, sd:2.7.3, sd:2.8.2, sd:2.8.3","1-1_combined.json, 1-2_combined.json, 1-3_combined.json, 5-1_combined.json, 5-2_combined.json, 5-3_combined.json, top_combined.json",hf_comps,record_count=21；phase_count=12；mode_count=2；boss_count=6；max_app_rate=0.06；median_app_rate=0.02,包含 7 条 sentinel/missing 分数；记录稀疏或出场率较低
anby-demara-soldier-0|dialyn|seed,"anby-demara-soldier-0, dialyn, seed",零号·安比 / 琉音 / 「席德」,B-,19,7,11,2,6,5,1,0.06,0.04,73,33069,19,0,"da, sd","da:2.6.1, da:2.6.2, da:2.7.1, da:2.7.2, da:2.8.1, da:2.8.3, sd:2.6.1, sd:2.6.3, sd:2.7.2, sd:2.7.3, sd:2.8.2","1-2_combined.json, 1-3_combined.json, 5-1_combined.json, 5-2_combined.json, 5-3_combined.json, top_combined.json",hf_comps,record_count=19；phase_count=11；mode_count=2；boss_count=5；max_app_rate=0.06；median_app_rate=0.04,记录稀疏或出场率较低
anby-demara-soldier-0|dialyn|sunna,"anby-demara-soldier-0, dialyn, sunna",零号·安比 / 琉音 / 千夏,B-,17,8,10,2,7,6,1,0.06,0.03,37,32684,17,0,"da, sd","da:2.6.1, da:2.6.2, da:2.8.1, da:2.8.3, sd:2.6.1, sd:2.6.4, sd:2.7.2, sd:2.7.3, sd:2.8.2, sd:2.8.3","1-1_combined.json, 1-2_combined.json, 1-3_combined.json, 5-1_combined.json, 5-2_combined.json, 5-3_combined.json, top_combined.json",hf_comps,record_count=17；phase_count=10；mode_count=2；boss_count=6；max_app_rate=0.06；median_app_rate=0.03,记录稀疏或出场率较低
ellen|lycaon|sunna,"ellen, lycaon, sunna",艾莲·乔 / 冯·莱卡恩 / 千夏,B-,17,7,11,2,6,5,1,0.06,0.03,81,30700,15,2,"da, sd","da:2.6.1, da:2.7.1, da:2.7.2, da:2.8.1, da:2.8.2, da:2.8.3, da:3.0.1, sd:2.6.1, sd:2.6.4, sd:2.7.2, sd:2.8.3","1-2_combined.json, 1-3_combined.json, 5-1_combined.json, 5-2_combined.json, 5-3_combined.json, top_combined.json",hf_comps,record_count=17；phase_count=11；mode_count=2；boss_count=5；max_app_rate=0.06；median_app_rate=0.03,包含 2 条 sentinel/missing 分数；记录稀疏或出场率较低
harumasa|ju-fufu|seed,"harumasa, ju-fufu, seed",浅羽 悠真 / 橘福福 / 「席德」,B-,17,6,10,2,6,5,1,0.06,0.03,90,29147,16,1,"da, sd","da:2.6.1, da:2.6.2, da:2.7.2, da:2.8.1, da:2.8.3, sd:2.6.1, sd:2.6.3, sd:2.7.2, sd:2.7.3, sd:2.8.2","1-2_combined.json, 1-3_combined.json, 5-1_combined.json, 5-2_combined.json, 5-3_combined.json, top_combined.json",hf_comps,record_count=17；phase_count=10；mode_count=2；boss_count=5；max_app_rate=0.06；median_app_rate=0.03,包含 1 条 sentinel/missing 分数；记录稀疏或出场率较低
nicole-demara|qingyi|zhu-yuan,"nicole-demara, qingyi, zhu-yuan",妮可·德玛拉 / 青衣 / 朱鸢,B-,17,6,8,2,6,5,1,0.06,0.02,64,46171,11,6,"da, sd","da:2.6.1, da:2.7.1, da:2.7.2, da:2.8.2, da:3.0.1, sd:2.6.1, sd:2.6.3, sd:2.6.4","1-1_combined.json, 1-2_combined.json, 1-3_combined.json, 5-2_combined.json, 5-3_combined.json, top_combined.json",hf_comps,record_count=17；phase_count=8；mode_count=2；boss_count=5；max_app_rate=0.06；median_app_rate=0.02,包含 6 条 sentinel/missing 分数；记录稀疏或出场率较低
astra-yao|banyue|lucia,"astra-yao, banyue, lucia",耀嘉音 / 般岳 / 卢西娅,B-,16,6,9,2,6,5,1,0.06,0.04,83,29464,15,1,"da, sd","da:2.6.1, da:2.6.2, da:2.7.1, da:2.8.1, sd:2.6.1, sd:2.6.3, sd:2.6.4, sd:2.8.2, sd:2.8.3","1-2_combined.json, 1-3_combined.json, 5-1_combined.json, 5-2_combined.json, 5-3_combined.json, top_combined.json",hf_comps,record_count=16；phase_count=9；mode_count=2；boss_count=5；max_app_rate=0.06；median_app_rate=0.04,包含 1 条 sentinel/missing 分数；记录稀疏或出场率较低
evelyn|lighter|zhao,"evelyn, lighter, zhao",伊芙琳·舒瓦利耶 / 莱特 / 照,B-,16,7,10,2,7,6,1,0.06,0.02,67,29534,13,3,"da, sd","da:2.6.1, da:2.6.2, da:2.7.2, da:2.8.1, sd:2.6.1, sd:2.6.3, sd:2.6.4, sd:2.7.2, sd:2.8.2, sd:2.8.3","1-1_combined.json, 1-2_combined.json, 1-3_combined.json, 5-1_combined.json, 5-2_combined.json, 5-3_combined.json, top_combined.json",hf_comps,record_count=16；phase_count=10；mode_count=2；boss_count=6；max_app_rate=0.06；median_app_rate=0.02,包含 3 条 sentinel/missing 分数；记录稀疏或出场率较低
pulchra|sunna|ye-shunguang,"pulchra, sunna, ye-shunguang",波可娜·费雷尼 / 千夏 / 叶瞬光,B-,16,6,8,2,5,4,1,0.06,0.02,53,30884,10,6,"da, sd","da:2.6.1, da:2.6.2, da:2.8.2, sd:2.6.1, sd:2.6.3, sd:2.6.4, sd:2.7.2, sd:2.7.3","1-1_combined.json, 1-2_combined.json, 5-1_combined.json, 5-2_combined.json, top_combined.json",hf_comps,record_count=16；phase_count=8；mode_count=2；boss_count=4；max_app_rate=0.06；median_app_rate=0.02,包含 6 条 sentinel/missing 分数；记录稀疏或出场率较低
anby-demara-soldier-0|ju-fufu|seed,"anby-demara-soldier-0, ju-fufu, seed",零号·安比 / 橘福福 / 「席德」,B-,15,6,9,2,6,5,1,0.06,0.03,89,30622,14,1,"da, sd","da:2.6.2, da:2.7.2, da:2.8.1, da:2.8.3, sd:2.6.1, sd:2.6.3, sd:2.7.2, sd:2.7.3, sd:2.8.2","1-2_combined.json, 1-3_combined.json, 5-1_combined.json, 5-2_combined.json, 5-3_combined.json, top_combined.json",hf_comps,record_count=15；phase_count=9；mode_count=2；boss_count=5；max_app_rate=0.06；median_app_rate=0.03,包含 1 条 sentinel/missing 分数；记录稀疏或出场率较低
caesar|lighter|soldier-11,"caesar, lighter, soldier-11",凯撒·金 / 莱特 / 「11号」,B-,15,7,11,2,6,5,1,0.06,0.01,76,29985,7,8,"da, sd","da:2.6.1, da:2.6.2, da:2.7.1, da:2.8.1, da:2.8.2, da:2.8.3, sd:2.6.1, sd:2.6.3, sd:2.6.4, sd:2.7.2, sd:2.8.2","1-2_combined.json, 1-3_combined.json, 5-1_combined.json, 5-2_combined.json, 5-3_combined.json, top_combined.json",hf_comps,record_count=15；phase_count=11；mode_count=2；boss_count=5；max_app_rate=0.06；median_app_rate=0.01,包含 8 条 sentinel/missing 分数；记录稀疏或出场率较低
dialyn|miyabi|ukinami-yuzuha,"dialyn, miyabi, ukinami-yuzuha",琉音 / 星见 雅 / 浮波柚叶,B-,15,6,10,2,6,5,1,0.06,0.02,74,31104,9,6,"da, sd","da:2.6.1, da:2.7.1, da:2.7.2, da:2.8.2, da:2.8.3, sd:2.6.1, sd:2.6.4, sd:2.7.2, sd:2.7.3, sd:2.8.2","1-1_combined.json, 1-2_combined.json, 1-3_combined.json, 5-2_combined.json, 5-3_combined.json, top_combined.json",hf_comps,record_count=15；phase_count=10；mode_count=2；boss_count=5；max_app_rate=0.06；median_app_rate=0.02,包含 6 条 sentinel/missing 分数；记录稀疏或出场率较低
dialyn|ukinami-yuzuha|ye-shunguang,"dialyn, ukinami-yuzuha, ye-shunguang",琉音 / 浮波柚叶 / 叶瞬光,B-,15,7,10,2,6,5,1,0.06,0.03,50,32570,15,0,"da, sd","da:2.6.1, da:2.6.2, da:2.7.2, da:2.8.2, da:2.8.3, sd:2.6.1, sd:2.6.4, sd:2.7.2, sd:2.7.3, sd:2.8.2","1-1_combined.json, 1-2_combined.json, 1-3_combined.json, 5-1_combined.json, 5-2_combined.json, top_combined.json",hf_comps,record_count=15；phase_count=10；mode_count=2；boss_count=5；max_app_rate=0.06；median_app_rate=0.03,记录稀疏或出场率较低
lighter|lucia|yixuan,"lighter, lucia, yixuan",莱特 / 卢西娅 / 仪玄,B-,15,7,11,2,5,4,1,0.06,0.03,83,29115,14,1,"da, sd","da:2.6.1, da:2.6.2, da:2.7.1, da:2.7.2, da:2.8.1, da:2.8.2, da:2.8.3, sd:2.6.1, sd:2.6.3, sd:2.6.4, sd:2.7.3","1-2_combined.json, 1-3_combined.json, 5-1_combined.json, 5-3_combined.json, top_combined.json",hf_comps,record_count=15；phase_count=11；mode_count=2；boss_count=4；max_app_rate=0.06；median_app_rate=0.03,包含 1 条 sentinel/missing 分数；记录稀疏或出场率较低
astra-yao|burnice|jane-doe,"astra-yao, burnice, jane-doe",耀嘉音 / 柏妮思·怀特 / 简·杜,B-,13,6,8,2,6,5,1,0.06,0.03,75,26866,8,5,"da, sd","da:2.6.1, da:2.8.2, da:2.8.3, sd:2.6.1, sd:2.6.3, sd:2.6.4, sd:2.8.2, sd:2.8.3","1-1_combined.json, 1-3_combined.json, 5-1_combined.json, 5-2_combined.json, 5-3_combined.json, top_combined.json",hf_comps,record_count=13；phase_count=8；mode_count=2；boss_count=5；max_app_rate=0.06；median_app_rate=0.03,包含 5 条 sentinel/missing 分数；记录稀疏或出场率较低
ellen|trigger|zhao,"ellen, trigger, zhao",艾莲·乔 / 「扳机」 / 照,B-,13,5,8,2,6,5,1,0.06,0.02,73,26067,5,8,"da, sd","da:2.6.1, da:2.6.2, da:2.7.1, da:3.0.1, sd:2.6.1, sd:2.6.3, sd:2.6.4, sd:2.8.3","1-2_combined.json, 1-3_combined.json, 5-1_combined.json, 5-2_combined.json, 5-3_combined.json, top_combined.json",hf_comps,record_count=13；phase_count=8；mode_count=2；boss_count=5；max_app_rate=0.06；median_app_rate=0.02,包含 8 条 sentinel/missing 分数；记录稀疏或出场率较低
ju-fufu|qingyi|yixuan,"ju-fufu, qingyi, yixuan",橘福福 / 青衣 / 仪玄,B-,13,7,10,2,6,5,1,0.06,0.03,64,29535,10,3,"da, sd","da:2.6.1, da:2.6.2, da:2.7.1, da:2.7.2, da:2.8.1, da:2.8.2, sd:2.6.1, sd:2.6.4, sd:2.7.3, sd:2.8.3","1-2_combined.json, 1-3_combined.json, 5-1_combined.json, 5-2_combined.json, 5-3_combined.json, top_combined.json",hf_comps,record_count=13；phase_count=10；mode_count=2；boss_count=5；max_app_rate=0.06；median_app_rate=0.03,包含 3 条 sentinel/missing 分数；记录稀疏或出场率较低
astra-yao|lighter|orphie-and-magus,"astra-yao, lighter, orphie-and-magus",耀嘉音 / 莱特 / 奥菲丝·马格努森 & 「鬼火」,B-,12,6,6,1,4,3,1,0.06,0.02,90,33310,12,0,sd,"sd:2.6.1, sd:2.6.3, sd:2.6.4, sd:2.7.3, sd:2.8.2, sd:2.8.3","5-1_combined.json, 5-2_combined.json, 5-3_combined.json, top_combined.json",hf_comps,record_count=12；phase_count=6；mode_count=1；boss_count=3；max_app_rate=0.06；median_app_rate=0.02,记录稀疏或出场率较低
cissia|trigger|zhao,"cissia, trigger, zhao",希希芙 / 「扳机」 / 照,B-,12,4,6,2,5,4,1,0.06,0.045,74,30127,12,0,"da, sd","da:2.7.2, da:2.8.1, da:2.8.3, sd:2.7.3, sd:2.8.2, sd:2.8.3","1-2_combined.json, 1-3_combined.json, 5-2_combined.json, 5-3_combined.json, top_combined.json",hf_comps,record_count=12；phase_count=6；mode_count=2；boss_count=4；max_app_rate=0.06；median_app_rate=0.045,记录稀疏或出场率较低
anby-demara-soldier-0|pulchra|seed,"anby-demara-soldier-0, pulchra, seed",零号·安比 / 波可娜·费雷尼 / 「席德」,B-,11,5,8,2,6,5,1,0.06,0.03,99,27383,9,2,"da, sd","da:2.6.2, da:2.7.2, da:2.8.1, sd:2.6.1, sd:2.6.3, sd:2.7.2, sd:2.7.3, sd:2.8.2","1-2_combined.json, 1-3_combined.json, 5-1_combined.json, 5-2_combined.json, 5-3_combined.json, top_combined.json",hf_comps,record_count=11；phase_count=8；mode_count=2；boss_count=5；max_app_rate=0.06；median_app_rate=0.03,包含 2 条 sentinel/missing 分数；记录稀疏或出场率较低
lucia|miyabi|yixuan,"lucia, miyabi, yixuan",卢西娅 / 星见 雅 / 仪玄,B-,11,6,7,2,4,3,1,0.06,0.02,88,30089,4,7,"da, sd","da:2.6.2, sd:2.6.1, sd:2.6.3, sd:2.6.4, sd:2.7.2, sd:2.7.3, sd:2.8.2","1-3_combined.json, 5-2_combined.json, 5-3_combined.json, top_combined.json",hf_comps,record_count=11；phase_count=7；mode_count=2；boss_count=3；max_app_rate=0.06；median_app_rate=0.02,包含 7 条 sentinel/missing 分数；记录稀疏或出场率较低
anby-demara-soldier-0|ju-fufu|trigger,"anby-demara-soldier-0, ju-fufu, trigger",零号·安比 / 橘福福 / 「扳机」,B-,10,6,7,2,5,4,1,0.06,0.02,90,31842,10,0,"da, sd","da:2.6.1, da:2.6.2, da:2.7.2, da:2.8.3, sd:2.6.1, sd:2.7.3, sd:2.8.2","1-2_combined.json, 1-3_combined.json, 5-2_combined.json, 5-3_combined.json, top_combined.json",hf_comps,record_count=10；phase_count=7；mode_count=2；boss_count=4；max_app_rate=0.06；median_app_rate=0.02,记录稀疏或出场率较低
astra-yao|evelyn|sunna,"astra-yao, evelyn, sunna",耀嘉音 / 伊芙琳·舒瓦利耶 / 千夏,B-,10,5,7,2,6,5,1,0.06,0.02,51,27327,8,2,"da, sd","da:2.6.1, da:2.8.2, sd:2.6.1, sd:2.6.3, sd:2.6.4, sd:2.8.2, sd:2.8.3","1-1_combined.json, 1-2_combined.json, 5-1_combined.json, 5-2_combined.json, 5-3_combined.json, top_combined.json",hf_comps,record_count=10；phase_count=7；mode_count=2；boss_count=5；max_app_rate=0.06；median_app_rate=0.02,包含 2 条 sentinel/missing 分数；记录稀疏或出场率较低
ellen|lighter|sunna,"ellen, lighter, sunna",艾莲·乔 / 莱特 / 千夏,B-,10,5,6,2,4,3,1,0.06,0.04,73,26726,10,0,"da, sd","da:2.6.2, da:2.7.1, da:2.7.2, da:2.8.2, da:3.0.1, sd:2.6.4","1-2_combined.json, 1-3_combined.json, 5-3_combined.json, top_combined.json",hf_comps,record_count=10；phase_count=6；mode_count=2；boss_count=3；max_app_rate=0.06；median_app_rate=0.04,记录稀疏或出场率较低
nekomata|seed|trigger,"nekomata, seed, trigger",猫宫 又奈 / 「席德」 / 「扳机」,B-,10,4,6,2,5,4,1,0.06,0.03,83,31690,10,0,"da, sd","da:2.6.2, da:2.7.2, da:2.8.3, sd:2.6.1, sd:2.6.3, sd:2.7.2","1-2_combined.json, 1-3_combined.json, 5-1_combined.json, 5-2_combined.json, top_combined.json",hf_comps,record_count=10；phase_count=6；mode_count=2；boss_count=4；max_app_rate=0.06；median_app_rate=0.03,记录稀疏或出场率较低
nicole-demara|orphie-and-magus|seed,"nicole-demara, orphie-and-magus, seed",妮可·德玛拉 / 奥菲丝·马格努森 & 「鬼火」 / 「席德」,B-,10,4,6,2,5,4,1,0.06,0.02,107,32826,10,0,"da, sd","da:2.6.1, da:2.6.2, da:2.7.2, sd:2.6.1, sd:2.6.3, sd:2.8.3","1-2_combined.json, 5-1_combined.json, 5-2_combined.json, 5-3_combined.json, top_combined.json",hf_comps,record_count=10；phase_count=6；mode_count=2；boss_count=4；max_app_rate=0.06；median_app_rate=0.02,记录稀疏或出场率较低
orphie-and-magus|seed|sunna,"orphie-and-magus, seed, sunna",奥菲丝·马格努森 & 「鬼火」 / 「席德」 / 千夏,B-,10,5,5,2,6,5,1,0.06,0.025,67,33016,10,0,"da, sd","da:2.6.1, da:2.6.2, da:2.8.1, sd:2.6.1, sd:2.8.3","1-1_combined.json, 1-2_combined.json, 1-3_combined.json, 5-2_combined.json, 5-3_combined.json, top_combined.json",hf_comps,record_count=10；phase_count=5；mode_count=2；boss_count=5；max_app_rate=0.06；median_app_rate=0.025,记录稀疏或出场率较低
alice|burnice|zhao,"alice, burnice, zhao",爱丽丝·泰姆菲尔德 / 柏妮思·怀特 / 照,B-,9,4,5,2,5,4,1,0.06,0.02,50,28252,8,1,"da, sd","da:2.6.1, sd:2.6.1, sd:2.6.3, sd:2.8.2, sd:2.8.3","1-3_combined.json, 5-1_combined.json, 5-2_combined.json, 5-3_combined.json, top_combined.json",hf_comps,record_count=9；phase_count=5；mode_count=2；boss_count=4；max_app_rate=0.06；median_app_rate=0.02,包含 1 条 sentinel/missing 分数；记录稀疏或出场率较低
astra-yao|banyue|ju-fufu,"astra-yao, banyue, ju-fufu",耀嘉音 / 般岳 / 橘福福,B-,9,4,6,2,5,4,1,0.06,0.02,86,31895,9,0,"da, sd","da:2.6.2, da:2.7.1, sd:2.6.1, sd:2.6.3, sd:2.6.4, sd:2.7.2","1-2_combined.json, 1-3_combined.json, 5-2_combined.json, 5-3_combined.json, top_combined.json",hf_comps,record_count=9；phase_count=6；mode_count=2；boss_count=4；max_app_rate=0.06；median_app_rate=0.02,记录稀疏或出场率较低
harumasa|qingyi|rina,"harumasa, qingyi, rina",浅羽 悠真 / 青衣 / 亚历山德丽娜·莎芭丝缇安,B-,9,6,7,2,6,5,1,0.06,0.02,99,31981,5,4,"da, sd","da:2.6.2, da:2.7.2, da:2.8.3, sd:2.6.1, sd:2.6.3, sd:2.7.3, sd:2.8.2","1-2_combined.json, 1-3_combined.json, 5-1_combined.json, 5-2_combined.json, 5-3_combined.json, top_combined.json",hf_comps,record_count=9；phase_count=7；mode_count=2；boss_count=5；max_app_rate=0.06；median_app_rate=0.02,包含 4 条 sentinel/missing 分数；记录稀疏或出场率较低
ju-fufu|orphie-and-magus|soldier-11,"ju-fufu, orphie-and-magus, soldier-11",橘福福 / 奥菲丝·马格努森 & 「鬼火」 / 「11号」,B-,9,7,8,2,5,4,1,0.06,0.02,90,29499,8,1,"da, sd","da:2.7.2, da:2.8.1, da:2.8.2, sd:2.6.1, sd:2.6.3, sd:2.6.4, sd:2.7.2, sd:2.8.3","1-2_combined.json, 1-3_combined.json, 5-2_combined.json, 5-3_combined.json, top_combined.json",hf_comps,record_count=9；phase_count=8；mode_count=2；boss_count=4；max_app_rate=0.06；median_app_rate=0.02,包含 1 条 sentinel/missing 分数；记录稀疏或出场率较低
astra-yao|nangong-yu|vivian,"astra-yao, nangong-yu, vivian",耀嘉音 / 南宫羽 / 薇薇安·班希,B-,8,4,5,2,6,5,1,0.06,0.045,58,31805,8,0,"da, sd","da:2.7.2, da:2.8.2, sd:2.6.4, sd:2.7.2, sd:2.7.3","1-1_combined.json, 1-3_combined.json, 5-1_combined.json, 5-2_combined.json, 5-3_combined.json, top_combined.json",hf_comps,record_count=8；phase_count=5；mode_count=2；boss_count=5；max_app_rate=0.06；median_app_rate=0.045,记录稀疏或出场率较低
banyue|lighter|lucy,"banyue, lighter, lucy",般岳 / 莱特 / 露西亚娜·德·蒙特夫,B-,8,4,6,2,4,3,1,0.06,0.035,86,28425,7,1,"da, sd","da:2.6.1, da:2.6.2, da:2.7.1, da:2.7.2, sd:2.6.1, sd:2.7.2","1-2_combined.json, 1-3_combined.json, 5-3_combined.json, top_combined.json",hf_comps,record_count=8；phase_count=6；mode_count=2；boss_count=3；max_app_rate=0.06；median_app_rate=0.035,包含 1 条 sentinel/missing 分数；记录稀疏或出场率较低
lighter|manato|orphie-and-magus,"lighter, manato, orphie-and-magus",莱特 / 狛野真斗 / 奥菲丝·马格努森 & 「鬼火」,B-,8,4,6,2,5,4,1,0.06,0.025,86,26668,6,2,"da, sd","da:2.6.1, da:2.6.2, da:2.8.1, sd:2.6.1, sd:2.6.3, sd:2.7.2","1-2_combined.json, 1-3_combined.json, 5-2_combined.json, 5-3_combined.json, top_combined.json",hf_comps,record_count=8；phase_count=6；mode_count=2；boss_count=4；max_app_rate=0.06；median_app_rate=0.025,包含 2 条 sentinel/missing 分数；记录稀疏或出场率较低
lucia|manato|pulchra,"lucia, manato, pulchra",卢西娅 / 狛野真斗 / 波可娜·费雷尼,B-,8,3,4,2,5,4,1,0.06,0.02,86,29067,8,0,"da, sd","da:2.6.2, da:2.8.1, sd:2.6.1, sd:2.6.3","1-2_combined.json, 1-3_combined.json, 5-2_combined.json, 5-3_combined.json, top_combined.json",hf_comps,record_count=8；phase_count=4；mode_count=2；boss_count=4；max_app_rate=0.06；median_app_rate=0.02,记录稀疏或出场率较低
promeia|ukinami-yuzuha|zhao,"promeia, ukinami-yuzuha, zhao",普罗米娅 / 浮波柚叶 / 照,B-,8,3,4,2,5,4,1,0.06,0.03,58,28226,8,0,"da, sd","da:2.8.1, da:2.8.2, sd:2.8.2, sd:2.8.3","1-1_combined.json, 1-3_combined.json, 5-1_combined.json, 5-2_combined.json, top_combined.json",hf_comps,record_count=8；phase_count=4；mode_count=2；boss_count=4；max_app_rate=0.06；median_app_rate=0.03,记录稀疏或出场率较低
aria|ukinami-yuzuha|yanagi,"aria, ukinami-yuzuha, yanagi",爱芮 / 浮波柚叶 / 月城 柳,B-,7,4,5,2,4,3,1,0.06,0.03,66,25965,7,0,"da, sd","da:2.6.2, da:2.7.1, da:2.7.2, da:2.8.2, sd:2.6.3","1-1_combined.json, 1-3_combined.json, 5-3_combined.json, top_combined.json",hf_comps,record_count=7；phase_count=5；mode_count=2；boss_count=3；max_app_rate=0.06；median_app_rate=0.03,记录稀疏或出场率较低
astra-yao|yidhari|zhao,"astra-yao, yidhari, zhao",耀嘉音 / 伊德海莉·墨菲 / 照,B-,7,3,4,2,3,2,1,0.06,0.04,78,27846,7,0,"da, sd","da:2.6.2, da:2.7.1, sd:2.6.4, sd:2.7.2","1-3_combined.json, 5-3_combined.json, top_combined.json",hf_comps,record_count=7；phase_count=4；mode_count=2；boss_count=2；max_app_rate=0.06；median_app_rate=0.04,记录稀疏或出场率较低
billy-starlight|pan-yinhu|trigger,"billy-starlight, pan-yinhu, trigger",星徽·比利 / 潘引壶 / 「扳机」,B-,7,3,4,2,6,5,1,0.06,0.01,72,29600,6,1,"da, sd","da:2.8.3, da:3.0.1, sd:2.8.2, sd:2.8.3","1-2_combined.json, 1-3_combined.json, 5-1_combined.json, 5-2_combined.json, 5-3_combined.json, top_combined.json",hf_comps,record_count=7；phase_count=4；mode_count=2；boss_count=5；max_app_rate=0.06；median_app_rate=0.01,包含 1 条 sentinel/missing 分数；记录稀疏或出场率较低
dialyn|sunna|yixuan,"dialyn, sunna, yixuan",琉音 / 千夏 / 仪玄,B-,7,5,5,2,5,4,1,0.06,0.02,65,26557,7,0,"da, sd","da:2.8.1, sd:2.6.1, sd:2.6.3, sd:2.6.4, sd:2.7.2","1-2_combined.json, 5-1_combined.json, 5-2_combined.json, 5-3_combined.json, top_combined.json",hf_comps,record_count=7；phase_count=5；mode_count=2；boss_count=4；max_app_rate=0.06；median_app_rate=0.02,记录稀疏或出场率较低
nicole-demara|sunna|zhu-yuan,"nicole-demara, sunna, zhu-yuan",妮可·德玛拉 / 千夏 / 朱鸢,B-,7,5,5,2,5,4,1,0.06,0.02,90,29726,6,1,"da, sd","da:2.6.1, sd:2.6.3, sd:2.6.4, sd:2.7.2, sd:2.7.3","1-2_combined.json, 5-1_combined.json, 5-2_combined.json, 5-3_combined.json, top_combined.json",hf_comps,record_count=7；phase_count=5；mode_count=2；boss_count=4；max_app_rate=0.06；median_app_rate=0.02,包含 1 条 sentinel/missing 分数；记录稀疏或出场率较低
aria|caesar|ukinami-yuzuha,"aria, caesar, ukinami-yuzuha",爱芮 / 凯撒·金 / 浮波柚叶,B-,6,2,4,2,4,3,1,0.06,0.02,67,29099,6,0,"da, sd","da:2.6.2, da:2.7.1, sd:2.6.3, sd:2.6.4","1-1_combined.json, 5-2_combined.json, 5-3_combined.json, top_combined.json",hf_comps,record_count=6；phase_count=4；mode_count=2；boss_count=3；max_app_rate=0.06；median_app_rate=0.02,记录稀疏或出场率较低
orphie-and-magus|trigger|yixuan,"orphie-and-magus, trigger, yixuan",奥菲丝·马格努森 & 「鬼火」 / 「扳机」 / 仪玄,B-,6,4,5,2,4,3,1,0.06,0.01,64,28314,6,0,"da, sd","da:2.6.1, da:2.7.1, da:3.0.1, sd:2.6.3, sd:2.6.4","1-2_combined.json, 5-2_combined.json, 5-3_combined.json, top_combined.json",hf_comps,record_count=6；phase_count=5；mode_count=2；boss_count=3；max_app_rate=0.06；median_app_rate=0.01,记录稀疏或出场率较低
dialyn|lucy|soldier-11,"dialyn, lucy, soldier-11",琉音 / 露西亚娜·德·蒙特夫 / 「11号」,B-,4,2,2,1,2,1,1,0.06,0.035,90,27449,4,0,sd,"sd:2.6.1, sd:2.8.3","5-3_combined.json, top_combined.json",hf_comps,record_count=4；phase_count=2；mode_count=1；boss_count=1；max_app_rate=0.06；median_app_rate=0.035,记录稀疏或出场率较低
astra-yao|evelyn|lucy,"astra-yao, evelyn, lucy",耀嘉音 / 伊芙琳·舒瓦利耶 / 露西亚娜·德·蒙特夫,B-,3,2,2,1,3,2,1,0.06,0.05,90,27288,3,0,sd,"sd:2.6.1, sd:2.8.2","5-1_combined.json, 5-3_combined.json, top_combined.json",hf_comps,record_count=3；phase_count=2；mode_count=1；boss_count=2；max_app_rate=0.06；median_app_rate=0.05,记录稀疏或出场率较低
lighter|nicole-demara|soldier-11,"lighter, nicole-demara, soldier-11",莱特 / 妮可·德玛拉 / 「11号」,B-,3,1,2,2,3,2,1,0.06,0.06,90,30422,3,0,"da, sd","da:2.6.1, sd:2.6.1","1-2_combined.json, 5-3_combined.json, top_combined.json",hf_comps,record_count=3；phase_count=2；mode_count=2；boss_count=2；max_app_rate=0.06；median_app_rate=0.06,记录稀疏或出场率较低
nicole-demara|zhao|zhu-yuan,"nicole-demara, zhao, zhu-yuan",妮可·德玛拉 / 照 / 朱鸢,B-,3,2,2,1,3,2,1,0.06,0.06,95,28912,3,0,sd,"sd:2.6.3, sd:2.7.2","5-1_combined.json, 5-3_combined.json, top_combined.json",hf_comps,record_count=3；phase_count=2；mode_count=1；boss_count=2；max_app_rate=0.06；median_app_rate=0.06,记录稀疏或出场率较低
ukinami-yuzuha|yanagi|zhao,"ukinami-yuzuha, yanagi, zhao",浮波柚叶 / 月城 柳 / 照,B-,3,2,2,1,2,1,1,0.06,0.05,67,22459,2,1,da,"da:2.6.1, da:2.6.2","1-1_combined.json, top_combined.json",hf_comps,record_count=3；phase_count=2；mode_count=1；boss_count=1；max_app_rate=0.06；median_app_rate=0.05,包含 1 条 sentinel/missing 分数；记录稀疏或出场率较低
alice|nangong-yu|velina,"alice, nangong-yu, velina",爱丽丝·泰姆菲尔德 / 南宫羽 / 维琳娜·艾嘉德,B-,2,1,1,1,2,1,1,0.06,0.055,63,21313,2,0,da,da:3.0.1,"1-1_combined.json, top_combined.json",hf_comps,record_count=2；phase_count=1；mode_count=1；boss_count=1；max_app_rate=0.06；median_app_rate=0.055,记录稀疏或出场率较低
astra-yao|pyrois|seed,"astra-yao, pyrois, seed",耀嘉音 / Pyrois / 「席德」,B-,1,1,1,1,1,1,1,0.06,0.06,90,20656,1,0,da,da:3.0.1,1-2_combined.json,hf_comps,record_count=1；phase_count=1；mode_count=1；boss_count=1；max_app_rate=0.06；median_app_rate=0.06,记录稀疏或出场率较低
pyrois|trigger|zhao,"pyrois, trigger, zhao",Pyrois / 「扳机」 / 照,B-,1,1,1,1,1,1,1,0.06,0.06,90,20250,1,0,da,da:3.0.1,1-2_combined.json,hf_comps,record_count=1；phase_count=1；mode_count=1；boss_count=1；max_app_rate=0.06；median_app_rate=0.06,记录稀疏或出场率较低
astra-yao|pulchra|yixuan,"astra-yao, pulchra, yixuan",耀嘉音 / 波可娜·费雷尼 / 仪玄,B-,23,8,13,2,7,6,1,0.05,0.01,100,27697,8,15,"da, sd","da:2.6.1, da:2.6.2, da:2.7.1, da:2.7.2, da:2.8.2, da:2.8.3, da:3.0.1, sd:2.6.1, sd:2.6.3, sd:2.6.4, sd:2.7.2, sd:2.7.3, sd:2.8.3","1-1_combined.json, 1-2_combined.json, 1-3_combined.json, 5-1_combined.json, 5-2_combined.json, 5-3_combined.json, top_combined.json",hf_comps,record_count=23；phase_count=13；mode_count=2；boss_count=6；max_app_rate=0.05；median_app_rate=0.01,包含 15 条 sentinel/missing 分数；记录稀疏或出场率较低
dialyn|lycaon|yidhari,"dialyn, lycaon, yidhari",琉音 / 冯·莱卡恩 / 伊德海莉·墨菲,B-,18,8,10,2,4,3,1,0.05,0.02,92,29909,16,2,"da, sd","da:2.6.1, da:2.6.2, da:2.7.1, da:2.7.2, da:2.8.1, da:2.8.2, da:2.8.3, da:3.0.1, sd:2.6.4, sd:2.7.2","1-2_combined.json, 1-3_combined.json, 5-3_combined.json, top_combined.json",hf_comps,record_count=18；phase_count=10；mode_count=2；boss_count=3；max_app_rate=0.05；median_app_rate=0.02,包含 2 条 sentinel/missing 分数；记录稀疏或出场率较低
astra-yao|dialyn|miyabi,"astra-yao, dialyn, miyabi",耀嘉音 / 琉音 / 星见 雅,B-,17,8,13,2,6,5,1,0.05,0.02,73,28531,10,7,"da, sd","da:2.6.1, da:2.6.2, da:2.7.1, da:2.7.2, da:2.8.2, da:2.8.3, da:3.0.1, sd:2.6.1, sd:2.6.4, sd:2.7.2, sd:2.7.3, sd:2.8.2, sd:2.8.3","1-2_combined.json, 1-3_combined.json, 5-1_combined.json, 5-2_combined.json, 5-3_combined.json, top_combined.json",hf_comps,record_count=17；phase_count=13；mode_count=2；boss_count=5；max_app_rate=0.05；median_app_rate=0.02,包含 7 条 sentinel/missing 分数；记录稀疏或出场率较低
dialyn|nicole-demara|ye-shunguang,"dialyn, nicole-demara, ye-shunguang",琉音 / 妮可·德玛拉 / 叶瞬光,B-,17,6,11,2,6,5,1,0.05,0.02,65,32464,17,0,"da, sd","da:2.6.1, da:2.6.2, da:2.7.1, da:2.7.2, da:2.8.1, da:2.8.2, sd:2.6.1, sd:2.6.3, sd:2.6.4, sd:2.7.2, sd:2.7.3","1-1_combined.json, 1-2_combined.json, 1-3_combined.json, 5-1_combined.json, 5-2_combined.json, top_combined.json",hf_comps,record_count=17；phase_count=11；mode_count=2；boss_count=5；max_app_rate=0.05；median_app_rate=0.02,记录稀疏或出场率较低
billy-kid|dialyn|zhao,"billy-kid, dialyn, zhao",比利·奇德 / 琉音 / 照,B-,15,5,8,2,5,4,1,0.05,0.03,54,29511,10,5,"da, sd","da:2.6.1, da:2.6.2, da:2.7.2, da:2.8.1, sd:2.6.1, sd:2.6.3, sd:2.6.4, sd:2.7.3","1-1_combined.json, 1-2_combined.json, 1-3_combined.json, 5-1_combined.json, top_combined.json",hf_comps,record_count=15；phase_count=8；mode_count=2；boss_count=4；max_app_rate=0.05；median_app_rate=0.03,包含 5 条 sentinel/missing 分数；记录稀疏或出场率较低
cissia|rina|seed,"cissia, rina, seed",希希芙 / 亚历山德丽娜·莎芭丝缇安 / 「席德」,B-,13,4,7,2,6,5,1,0.05,0.03,90,29561,13,0,"da, sd","da:2.7.2, da:2.8.1, da:2.8.3, sd:2.7.2, sd:2.7.3, sd:2.8.2, sd:2.8.3","1-2_combined.json, 1-3_combined.json, 5-1_combined.json, 5-2_combined.json, 5-3_combined.json, top_combined.json",hf_comps,record_count=13；phase_count=7；mode_count=2；boss_count=5；max_app_rate=0.05；median_app_rate=0.03,记录稀疏或出场率较低
anby-demara-soldier-0|astra-yao|caesar,"anby-demara-soldier-0, astra-yao, caesar",零号·安比 / 耀嘉音 / 凯撒·金,B-,12,7,9,2,7,6,1,0.05,0.02,88,30318,4,8,"da, sd","da:2.6.1, da:2.6.2, da:2.7.1, da:2.7.2, da:2.8.3, sd:2.6.1, sd:2.6.3, sd:2.7.3, sd:2.8.2","1-1_combined.json, 1-2_combined.json, 1-3_combined.json, 5-1_combined.json, 5-2_combined.json, 5-3_combined.json, top_combined.json",hf_comps,record_count=12；phase_count=9；mode_count=2；boss_count=6；max_app_rate=0.05；median_app_rate=0.02,包含 8 条 sentinel/missing 分数；记录稀疏或出场率较低
anby-demara-soldier-0|astra-yao|zhao,"anby-demara-soldier-0, astra-yao, zhao",零号·安比 / 耀嘉音 / 照,B-,12,7,10,2,7,6,1,0.05,0.02,67,30854,10,2,"da, sd","da:2.6.1, da:2.6.2, da:2.7.2, da:2.8.3, sd:2.6.3, sd:2.6.4, sd:2.7.2, sd:2.7.3, sd:2.8.2, sd:2.8.3","1-1_combined.json, 1-2_combined.json, 1-3_combined.json, 5-1_combined.json, 5-2_combined.json, 5-3_combined.json, top_combined.json",hf_comps,record_count=12；phase_count=10；mode_count=2；boss_count=6；max_app_rate=0.05；median_app_rate=0.02,包含 2 条 sentinel/missing 分数；记录稀疏或出场率较低
nangong-yu|ye-shunguang|zhao,"nangong-yu, ye-shunguang, zhao",南宫羽 / 叶瞬光 / 照,B-,12,5,7,2,6,5,1,0.05,0.03,71,27650,12,0,"da, sd","da:2.7.2, da:2.8.2, da:2.8.3, da:3.0.1, sd:2.7.2, sd:2.7.3, sd:2.8.3","1-1_combined.json, 1-2_combined.json, 1-3_combined.json, 5-1_combined.json, 5-2_combined.json, top_combined.json",hf_comps,record_count=12；phase_count=7；mode_count=2；boss_count=5；max_app_rate=0.05；median_app_rate=0.03,记录稀疏或出场率较低
nicole-demara|vivian|yanagi,"nicole-demara, vivian, yanagi",妮可·德玛拉 / 薇薇安·班希 / 月城 柳,B-,12,4,7,2,6,5,1,0.05,0.03,64,29457,12,0,"da, sd","da:2.6.1, da:2.6.2, da:2.7.1, da:2.8.2, sd:2.6.1, sd:2.6.3, sd:2.8.2","1-1_combined.json, 1-2_combined.json, 1-3_combined.json, 5-2_combined.json, 5-3_combined.json, top_combined.json",hf_comps,record_count=12；phase_count=7；mode_count=2；boss_count=5；max_app_rate=0.05；median_app_rate=0.03,记录稀疏或出场率较低
anby-demara-soldier-0|orphie-and-magus|qingyi,"anby-demara-soldier-0, orphie-and-magus, qingyi",零号·安比 / 奥菲丝·马格努森 & 「鬼火」 / 青衣,B-,11,5,9,2,5,4,1,0.05,0.02,107,30909,11,0,"da, sd","da:2.6.1, da:2.6.2, da:2.7.2, da:2.8.1, da:2.8.3, sd:2.6.1, sd:2.6.3, sd:2.7.2, sd:2.7.3","1-2_combined.json, 1-3_combined.json, 5-1_combined.json, 5-2_combined.json, top_combined.json",hf_comps,record_count=11；phase_count=9；mode_count=2；boss_count=4；max_app_rate=0.05；median_app_rate=0.02,记录稀疏或出场率较低
dialyn|ju-fufu|soldier-11,"dialyn, ju-fufu, soldier-11",琉音 / 橘福福 / 「11号」,B-,11,6,9,2,6,5,1,0.05,0.02,95,34095,6,5,"da, sd","da:2.6.1, da:2.7.1, da:2.8.1, da:2.8.2, sd:2.6.1, sd:2.6.3, sd:2.6.4, sd:2.8.2, sd:2.8.3","1-1_combined.json, 1-2_combined.json, 5-1_combined.json, 5-2_combined.json, 5-3_combined.json, top_combined.json",hf_comps,record_count=11；phase_count=9；mode_count=2；boss_count=5；max_app_rate=0.05；median_app_rate=0.02,包含 5 条 sentinel/missing 分数；记录稀疏或出场率较低
lycaon|miyabi|nicole-demara,"lycaon, miyabi, nicole-demara",冯·莱卡恩 / 星见 雅 / 妮可·德玛拉,B-,11,7,9,2,6,5,1,0.05,0.01,79,26240,8,3,"da, sd","da:2.6.1, da:2.6.2, da:2.7.1, da:2.8.2, sd:2.6.4, sd:2.7.2, sd:2.7.3, sd:2.8.2, sd:2.8.3","1-1_combined.json, 1-3_combined.json, 5-1_combined.json, 5-2_combined.json, 5-3_combined.json, top_combined.json",hf_comps,record_count=11；phase_count=9；mode_count=2；boss_count=5；max_app_rate=0.05；median_app_rate=0.01,包含 3 条 sentinel/missing 分数；记录稀疏或出场率较低
nangong-yu|rina|yanagi,"nangong-yu, rina, yanagi",南宫羽 / 亚历山德丽娜·莎芭丝缇安 / 月城 柳,B-,11,4,5,2,5,4,1,0.05,0.03,69,27002,11,0,"da, sd","da:2.7.1, da:2.7.2, da:2.8.2, sd:2.7.2, sd:2.7.3","1-1_combined.json, 1-2_combined.json, 1-3_combined.json, 5-2_combined.json, top_combined.json",hf_comps,record_count=11；phase_count=5；mode_count=2；boss_count=4；max_app_rate=0.05；median_app_rate=0.03,记录稀疏或出场率较低
billy-starlight|lucia|qingyi,"billy-starlight, lucia, qingyi",星徽·比利 / 卢西娅 / 青衣,B-,10,3,5,2,6,5,1,0.05,0.03,81,28613,10,0,"da, sd","da:2.8.2, da:2.8.3, da:3.0.1, sd:2.8.2, sd:2.8.3","1-2_combined.json, 1-3_combined.json, 5-1_combined.json, 5-2_combined.json, 5-3_combined.json, top_combined.json",hf_comps,record_count=10；phase_count=5；mode_count=2；boss_count=5；max_app_rate=0.05；median_app_rate=0.03,记录稀疏或出场率较低
cissia|dialyn|harumasa,"cissia, dialyn, harumasa",希希芙 / 琉音 / 浅羽 悠真,B-,10,3,6,2,5,4,1,0.05,0.03,90,29150,9,1,"da, sd","da:2.7.2, da:2.8.1, da:2.8.2, sd:2.7.2, sd:2.7.3, sd:2.8.2","1-2_combined.json, 1-3_combined.json, 5-2_combined.json, 5-3_combined.json, top_combined.json",hf_comps,record_count=10；phase_count=6；mode_count=2；boss_count=4；max_app_rate=0.05；median_app_rate=0.03,包含 1 条 sentinel/missing 分数；记录稀疏或出场率较低
burnice|miyabi|sunna,"burnice, miyabi, sunna",柏妮思·怀特 / 星见 雅 / 千夏,B-,9,5,7,2,4,3,1,0.05,0.02,64,28644,9,0,"da, sd","da:2.6.1, da:2.6.2, da:2.7.1, sd:2.6.1, sd:2.6.4, sd:2.8.2, sd:2.8.3","1-3_combined.json, 5-1_combined.json, 5-3_combined.json, top_combined.json",hf_comps,record_count=9；phase_count=7；mode_count=2；boss_count=3；max_app_rate=0.05；median_app_rate=0.02,记录稀疏或出场率较低
harumasa|rina|trigger,"harumasa, rina, trigger",浅羽 悠真 / 亚历山德丽娜·莎芭丝缇安 / 「扳机」,B-,9,4,6,2,5,4,1,0.05,0.02,107,26256,4,5,"da, sd","da:2.6.2, da:2.7.2, sd:2.6.1, sd:2.6.3, sd:2.7.2, sd:2.8.2","1-2_combined.json, 5-1_combined.json, 5-2_combined.json, 5-3_combined.json, top_combined.json",hf_comps,record_count=9；phase_count=6；mode_count=2；boss_count=4；max_app_rate=0.05；median_app_rate=0.02,包含 5 条 sentinel/missing 分数；记录稀疏或出场率较低
alice|jane-doe|sunna,"alice, jane-doe, sunna",爱丽丝·泰姆菲尔德 / 简·杜 / 千夏,B-,8,5,5,2,5,4,1,0.05,0.015,54,27677,4,4,"da, sd","da:2.6.1, da:2.6.2, sd:2.6.1, sd:2.8.2, sd:2.8.3","1-1_combined.json, 5-1_combined.json, 5-2_combined.json, 5-3_combined.json, top_combined.json",hf_comps,record_count=8；phase_count=5；mode_count=2；boss_count=4；max_app_rate=0.05；median_app_rate=0.015,包含 4 条 sentinel/missing 分数；记录稀疏或出场率较低
astra-yao|grace-howard|vivian,"astra-yao, grace-howard, vivian",耀嘉音 / 格莉丝·霍华德 / 薇薇安·班希,B-,7,3,4,2,4,3,1,0.05,0.02,75,33906,7,0,"da, sd","da:2.6.1, da:2.7.1, da:2.8.2, sd:2.6.1","1-1_combined.json, 1-3_combined.json, 5-2_combined.json, top_combined.json",hf_comps,record_count=7；phase_count=4；mode_count=2；boss_count=3；max_app_rate=0.05；median_app_rate=0.02,记录稀疏或出场率较低
dialyn|evelyn|lighter,"dialyn, evelyn, lighter",琉音 / 伊芙琳·舒瓦利耶 / 莱特,B-,7,4,5,2,6,5,1,0.05,0.01,98,30845,6,1,"da, sd","da:2.6.1, sd:2.6.1, sd:2.6.3, sd:2.8.2, sd:2.8.3","1-1_combined.json, 1-2_combined.json, 5-1_combined.json, 5-2_combined.json, 5-3_combined.json, top_combined.json",hf_comps,record_count=7；phase_count=5；mode_count=2；boss_count=5；max_app_rate=0.05；median_app_rate=0.01,包含 1 条 sentinel/missing 分数；记录稀疏或出场率较低
dialyn|evelyn|lucy,"dialyn, evelyn, lucy",琉音 / 伊芙琳·舒瓦利耶 / 露西亚娜·德·蒙特夫,B-,6,4,5,2,4,3,1,0.05,0.015,106,28090,5,1,"da, sd","da:2.6.1, sd:2.6.1, sd:2.6.3, sd:2.6.4, sd:2.8.2","5-1_combined.json, 5-2_combined.json, 5-3_combined.json, top_combined.json",hf_comps,record_count=6；phase_count=5；mode_count=2；boss_count=3；max_app_rate=0.05；median_app_rate=0.015,包含 1 条 sentinel/missing 分数；记录稀疏或出场率较低
lucia|manato|yixuan,"lucia, manato, yixuan",卢西娅 / 狛野真斗 / 仪玄,B-,6,3,3,2,3,2,1,0.05,0.04,106,28588,6,0,"da, sd","da:2.6.2, sd:2.6.1, sd:2.6.4","1-3_combined.json, 5-3_combined.json, top_combined.json",hf_comps,record_count=6；phase_count=3；mode_count=2；boss_count=2；max_app_rate=0.05；median_app_rate=0.04,记录稀疏或出场率较低
burnice|miyabi|yanagi,"burnice, miyabi, yanagi",柏妮思·怀特 / 星见 雅 / 月城 柳,B-,5,3,4,2,5,4,1,0.05,0.04,55,29765,3,2,"da, sd","da:2.6.1, da:2.8.2, sd:2.6.1, sd:2.6.3","1-1_combined.json, 1-3_combined.json, 5-1_combined.json, 5-2_combined.json, top_combined.json",hf_comps,record_count=5；phase_count=4；mode_count=2；boss_count=4；max_app_rate=0.05；median_app_rate=0.04,包含 2 条 sentinel/missing 分数；记录稀疏或出场率较低
evelyn|ju-fufu|lucy,"evelyn, ju-fufu, lucy",伊芙琳·舒瓦利耶 / 橘福福 / 露西亚娜·德·蒙特夫,B-,5,3,4,2,4,3,1,0.05,0.01,106,26506,4,1,"da, sd","da:2.6.1, da:2.7.1, sd:2.6.1, sd:2.8.2","1-2_combined.json, 5-1_combined.json, 5-3_combined.json, top_combined.json",hf_comps,record_count=5；phase_count=4；mode_count=2；boss_count=3；max_app_rate=0.05；median_app_rate=0.01,包含 1 条 sentinel/missing 分数；记录稀疏或出场率较低
billy-starlight|lucia|orphie-and-magus,"billy-starlight, lucia, orphie-and-magus",星徽·比利 / 卢西娅 / 奥菲丝·马格努森 & 「鬼火」,B-,4,3,2,1,4,3,1,0.05,0.03,86,27846,4,0,sd,"sd:2.8.2, sd:2.8.3","5-1_combined.json, 5-2_combined.json, 5-3_combined.json, top_combined.json",hf_comps,record_count=4；phase_count=2；mode_count=1；boss_count=3；max_app_rate=0.05；median_app_rate=0.03,记录稀疏或出场率较低
burnice|nangong-yu|velina,"burnice, nangong-yu, velina",柏妮思·怀特 / 南宫羽 / 维琳娜·艾嘉德,B-,4,1,2,2,3,2,1,0.05,0.035,66,28939,4,0,"da, sd","da:3.0.1, sd:2.8.3","1-1_combined.json, 5-3_combined.json, top_combined.json",hf_comps,record_count=4；phase_count=2；mode_count=2；boss_count=2；max_app_rate=0.05；median_app_rate=0.035,记录稀疏或出场率较低
evelyn|ju-fufu|orphie-and-magus,"evelyn, ju-fufu, orphie-and-magus",伊芙琳·舒瓦利耶 / 橘福福 / 奥菲丝·马格努森 & 「鬼火」,B-,4,2,3,2,3,2,1,0.05,0.03,106,28146,4,0,"da, sd","da:2.6.1, sd:2.6.1, sd:2.8.3","1-2_combined.json, 5-3_combined.json, top_combined.json",hf_comps,record_count=4；phase_count=3；mode_count=2；boss_count=2；max_app_rate=0.05；median_app_rate=0.03,记录稀疏或出场率较低
jane-doe|nangong-yu|velina,"jane-doe, nangong-yu, velina",简·杜 / 南宫羽 / 维琳娜·艾嘉德,B-,4,1,2,2,3,2,1,0.05,0.03,66,25790,4,0,"da, sd","da:3.0.1, sd:2.8.3","1-1_combined.json, 5-3_combined.json, top_combined.json",hf_comps,record_count=4；phase_count=2；mode_count=2；boss_count=2；max_app_rate=0.05；median_app_rate=0.03,记录稀疏或出场率较低
lucia|manato|pan-yinhu,"lucia, manato, pan-yinhu",卢西娅 / 狛野真斗 / 潘引壶,B-,4,3,3,2,4,3,1,0.05,0.03,95,25172,4,0,"da, sd","da:2.6.2, da:2.8.1, sd:2.6.4","1-2_combined.json, 1-3_combined.json, 5-3_combined.json, top_combined.json",hf_comps,record_count=4；phase_count=3；mode_count=2；boss_count=3；max_app_rate=0.05；median_app_rate=0.03,记录稀疏或出场率较低
lucia|orphie-and-magus|yidhari,"lucia, orphie-and-magus, yidhari",卢西娅 / 奥菲丝·马格努森 & 「鬼火」 / 伊德海莉·墨菲,B-,4,2,2,2,3,2,1,0.05,0.04,95,31943,4,0,"da, sd","da:2.6.2, sd:2.6.4","1-3_combined.json, 5-3_combined.json, top_combined.json",hf_comps,record_count=4；phase_count=2；mode_count=2；boss_count=2；max_app_rate=0.05；median_app_rate=0.04,记录稀疏或出场率较低
promeia|velina|zhao,"promeia, velina, zhao",普罗米娅 / 维琳娜·艾嘉德 / 照,B-,4,1,2,2,3,2,1,0.05,0.035,66,33907,4,0,"da, sd","da:3.0.1, sd:2.8.3","1-1_combined.json, 5-1_combined.json, top_combined.json",hf_comps,record_count=4；phase_count=2；mode_count=2；boss_count=2；max_app_rate=0.05；median_app_rate=0.035,记录稀疏或出场率较低
sunna|vivian|yanagi,"sunna, vivian, yanagi",千夏 / 薇薇安·班希 / 月城 柳,B-,4,3,3,2,3,2,1,0.05,0.03,73,26003,4,0,"da, sd","da:2.6.2, da:2.7.1, sd:2.6.1","1-1_combined.json, 5-2_combined.json, top_combined.json",hf_comps,record_count=4；phase_count=3；mode_count=2；boss_count=2；max_app_rate=0.05；median_app_rate=0.03,记录稀疏或出场率较低
astra-yao|grace-howard|velina,"astra-yao, grace-howard, velina",耀嘉音 / 格莉丝·霍华德 / 维琳娜·艾嘉德,B-,3,1,2,2,3,2,1,0.05,0.01,66,24050,1,2,"da, sd","da:3.0.1, sd:2.8.3","1-1_combined.json, 5-1_combined.json, top_combined.json",hf_comps,record_count=3；phase_count=2；mode_count=2；boss_count=2；max_app_rate=0.05；median_app_rate=0.01,包含 2 条 sentinel/missing 分数；记录稀疏或出场率较低
burnice|miyabi|zhao,"burnice, miyabi, zhao",柏妮思·怀特 / 星见 雅 / 照,B-,3,1,2,2,3,2,1,0.05,0.05,95,27310,3,0,"da, sd","da:2.7.1, sd:2.6.4","1-3_combined.json, 5-3_combined.json, top_combined.json",hf_comps,record_count=3；phase_count=2；mode_count=2；boss_count=2；max_app_rate=0.05；median_app_rate=0.05,记录稀疏或出场率较低
cissia|sunna|ye-shunguang,"cissia, sunna, ye-shunguang",希希芙 / 千夏 / 叶瞬光,B-,3,2,2,2,3,2,1,0.05,0.04,66,29682,3,0,"da, sd","da:2.8.1, sd:2.7.2","1-3_combined.json, 5-2_combined.json, top_combined.json",hf_comps,record_count=3；phase_count=2；mode_count=2；boss_count=2；max_app_rate=0.05；median_app_rate=0.04,记录稀疏或出场率较低
lucia|lycaon|manato,"lucia, lycaon, manato",卢西娅 / 冯·莱卡恩 / 狛野真斗,B-,3,2,2,1,3,2,1,0.05,0.04,95,21755,3,0,da,"da:2.6.2, da:2.8.1","1-2_combined.json, 1-3_combined.json, top_combined.json",hf_comps,record_count=3；phase_count=2；mode_count=1；boss_count=2；max_app_rate=0.05；median_app_rate=0.04,记录稀疏或出场率较低
piper|sunna|vivian,"piper, sunna, vivian",派派·韦尔 / 千夏 / 薇薇安·班希,B-,3,1,2,2,3,2,1,0.05,0.03,73,26570,3,0,"da, sd","da:2.6.2, sd:2.6.3","1-1_combined.json, 5-3_combined.json, top_combined.json",hf_comps,record_count=3；phase_count=2；mode_count=2；boss_count=2；max_app_rate=0.05；median_app_rate=0.03,记录稀疏或出场率较低
aria|sunna|yanagi,"aria, sunna, yanagi",爱芮 / 千夏 / 月城 柳,B-,2,1,1,1,2,1,1,0.05,0.045,69,22333,2,0,da,da:2.7.1,"1-1_combined.json, top_combined.json",hf_comps,record_count=2；phase_count=1；mode_count=1；boss_count=1；max_app_rate=0.05；median_app_rate=0.045,记录稀疏或出场率较低
astra-yao|caesar|pyrois,"astra-yao, caesar, pyrois",耀嘉音 / 凯撒·金 / Pyrois,B-,2,1,1,1,2,1,1,0.05,0.05,94,,0,2,da,da:3.0.1,"1-2_combined.json, top_combined.json",hf_comps,record_count=2；phase_count=1；mode_count=1；boss_count=1；max_app_rate=0.05；median_app_rate=0.05,全部表现分数为 sentinel/missing
astra-yao|nangong-yu|pyrois,"astra-yao, nangong-yu, pyrois",耀嘉音 / 南宫羽 / Pyrois,B-,2,1,1,1,2,1,1,0.05,0.045,94,,0,2,da,da:3.0.1,"1-2_combined.json, top_combined.json",hf_comps,record_count=2；phase_count=1；mode_count=1；boss_count=1；max_app_rate=0.05；median_app_rate=0.045,全部表现分数为 sentinel/missing
burnice|jane-doe|velina,"burnice, jane-doe, velina",柏妮思·怀特 / 简·杜 / 维琳娜·艾嘉德,B-,2,1,2,2,2,2,1,0.05,0.035,66,27077,2,0,"da, sd","da:3.0.1, sd:2.8.3","1-1_combined.json, 5-3_combined.json",hf_comps,record_count=2；phase_count=2；mode_count=2；boss_count=2；max_app_rate=0.05；median_app_rate=0.035,记录稀疏或出场率较低
ju-fufu|manato|pan-yinhu,"ju-fufu, manato, pan-yinhu",橘福福 / 狛野真斗 / 潘引壶,B-,2,1,1,1,2,1,1,0.05,0.045,95,21750,2,0,da,da:2.6.2,"1-3_combined.json, top_combined.json",hf_comps,record_count=2；phase_count=1；mode_count=1；boss_count=1；max_app_rate=0.05；median_app_rate=0.045,记录稀疏或出场率较低
astra-yao|caesar|miyabi,"astra-yao, caesar, miyabi",耀嘉音 / 凯撒·金 / 星见 雅,B-,19,7,11,2,6,5,1,0.04,0.02,75,31124,1,18,"da, sd","da:2.6.1, da:2.6.2, da:2.7.1, da:2.7.2, sd:2.6.1, sd:2.6.3, sd:2.6.4, sd:2.7.2, sd:2.7.3, sd:2.8.2, sd:2.8.3","1-2_combined.json, 1-3_combined.json, 5-1_combined.json, 5-2_combined.json, 5-3_combined.json, top_combined.json",hf_comps,record_count=19；phase_count=11；mode_count=2；boss_count=5；max_app_rate=0.04；median_app_rate=0.02,包含 18 条 sentinel/missing 分数；记录稀疏或出场率较低
dialyn|harumasa|ukinami-yuzuha,"dialyn, harumasa, ukinami-yuzuha",琉音 / 浅羽 悠真 / 浮波柚叶,B-,19,7,11,2,7,6,1,0.04,0.03,96,31008,19,0,"da, sd","da:2.6.2, da:2.7.2, da:2.8.1, da:2.8.2, da:2.8.3, sd:2.6.1, sd:2.6.3, sd:2.6.4, sd:2.7.2, sd:2.7.3, sd:2.8.2","1-1_combined.json, 1-2_combined.json, 1-3_combined.json, 5-1_combined.json, 5-2_combined.json, 5-3_combined.json, top_combined.json",hf_comps,record_count=19；phase_count=11；mode_count=2；boss_count=6；max_app_rate=0.04；median_app_rate=0.03,记录稀疏或出场率较低
anby-demara-soldier-0|nicole-demara|seed,"anby-demara-soldier-0, nicole-demara, seed",零号·安比 / 妮可·德玛拉 / 「席德」,B-,16,6,10,2,6,5,1,0.04,0.02,120,31376,15,1,"da, sd","da:2.6.1, da:2.6.2, da:2.7.2, da:2.8.1, da:2.8.3, sd:2.6.1, sd:2.6.3, sd:2.7.2, sd:2.7.3, sd:2.8.2","1-2_combined.json, 1-3_combined.json, 5-1_combined.json, 5-2_combined.json, 5-3_combined.json, top_combined.json",hf_comps,record_count=16；phase_count=10；mode_count=2；boss_count=5；max_app_rate=0.04；median_app_rate=0.02,包含 1 条 sentinel/missing 分数；记录稀疏或出场率较低
ju-fufu|soldier-11|sunna,"ju-fufu, soldier-11, sunna",橘福福 / 「11号」 / 千夏,B-,16,6,10,2,7,6,1,0.04,0.02,98,32195,16,0,"da, sd","da:2.6.1, da:2.6.2, da:2.7.1, da:2.8.1, da:2.8.3, sd:2.6.1, sd:2.6.3, sd:2.6.4, sd:2.8.2, sd:2.8.3","1-1_combined.json, 1-2_combined.json, 1-3_combined.json, 5-1_combined.json, 5-2_combined.json, 5-3_combined.json, top_combined.json",hf_comps,record_count=16；phase_count=10；mode_count=2；boss_count=6；max_app_rate=0.04；median_app_rate=0.02,记录稀疏或出场率较低
astra-yao|evelyn|zhao,"astra-yao, evelyn, zhao",耀嘉音 / 伊芙琳·舒瓦利耶 / 照,B-,14,7,9,2,7,6,1,0.04,0.02,98,26641,3,11,"da, sd","da:2.6.1, da:2.6.2, da:2.8.1, sd:2.6.1, sd:2.6.3, sd:2.6.4, sd:2.7.2, sd:2.8.2, sd:2.8.3","1-1_combined.json, 1-2_combined.json, 1-3_combined.json, 5-1_combined.json, 5-2_combined.json, 5-3_combined.json, top_combined.json",hf_comps,record_count=14；phase_count=9；mode_count=2；boss_count=6；max_app_rate=0.04；median_app_rate=0.02,包含 11 条 sentinel/missing 分数；记录稀疏或出场率较低
banyue|caesar|lucia,"banyue, caesar, lucia",般岳 / 凯撒·金 / 卢西娅,B-,13,6,9,2,5,4,1,0.04,0.02,86,26083,9,4,"da, sd","da:2.6.1, da:2.6.2, da:2.7.1, da:2.8.1, da:2.8.2, sd:2.6.1, sd:2.6.3, sd:2.6.4, sd:2.7.2","1-2_combined.json, 1-3_combined.json, 5-2_combined.json, 5-3_combined.json, top_combined.json",hf_comps,record_count=13；phase_count=9；mode_count=2；boss_count=4；max_app_rate=0.04；median_app_rate=0.02,包含 4 条 sentinel/missing 分数；记录稀疏或出场率较低
caesar|miyabi|yanagi,"caesar, miyabi, yanagi",凯撒·金 / 星见 雅 / 月城 柳,B-,13,6,8,2,6,5,1,0.04,0.02,75,28150,8,5,"da, sd","da:2.6.1, da:2.7.1, da:2.8.2, sd:2.6.1, sd:2.6.3, sd:2.7.3, sd:2.8.2, sd:2.8.3","1-1_combined.json, 1-3_combined.json, 5-1_combined.json, 5-2_combined.json, 5-3_combined.json, top_combined.json",hf_comps,record_count=13；phase_count=8；mode_count=2；boss_count=5；max_app_rate=0.04；median_app_rate=0.02,包含 5 条 sentinel/missing 分数；记录稀疏或出场率较低
jane-doe|seth|ukinami-yuzuha,"jane-doe, seth, ukinami-yuzuha",简·杜 / 赛斯·洛威尔 / 浮波柚叶,B-,13,7,9,2,6,5,1,0.04,0.02,69,26838,7,6,"da, sd","da:2.6.1, da:2.8.2, da:2.8.3, sd:2.6.1, sd:2.6.3, sd:2.6.4, sd:2.7.2, sd:2.7.3, sd:2.8.2","1-1_combined.json, 1-3_combined.json, 5-1_combined.json, 5-2_combined.json, 5-3_combined.json, top_combined.json",hf_comps,record_count=13；phase_count=9；mode_count=2；boss_count=5；max_app_rate=0.04；median_app_rate=0.02,包含 6 条 sentinel/missing 分数；记录稀疏或出场率较低
astra-yao|miyabi|sunna,"astra-yao, miyabi, sunna",耀嘉音 / 星见 雅 / 千夏,B-,12,5,7,2,6,5,1,0.04,0.015,85,22403,2,10,"da, sd","da:2.6.1, da:2.7.1, da:2.7.2, da:2.8.3, sd:2.6.1, sd:2.6.3, sd:2.6.4","1-2_combined.json, 1-3_combined.json, 5-1_combined.json, 5-2_combined.json, 5-3_combined.json, top_combined.json",hf_comps,record_count=12；phase_count=7；mode_count=2；boss_count=5；max_app_rate=0.04；median_app_rate=0.015,包含 10 条 sentinel/missing 分数；记录稀疏或出场率较低
banyue|caesar|lighter,"banyue, caesar, lighter",般岳 / 凯撒·金 / 莱特,B-,12,7,9,2,6,5,1,0.04,0.02,100,31404,11,1,"da, sd","da:2.6.1, da:2.6.2, da:2.7.2, sd:2.6.1, sd:2.6.3, sd:2.6.4, sd:2.7.2, sd:2.7.3, sd:2.8.3","1-2_combined.json, 1-3_combined.json, 5-1_combined.json, 5-2_combined.json, 5-3_combined.json, top_combined.json",hf_comps,record_count=12；phase_count=9；mode_count=2；boss_count=5；max_app_rate=0.04；median_app_rate=0.02,包含 1 条 sentinel/missing 分数；记录稀疏或出场率较低
dialyn|seed|ye-shunguang,"dialyn, seed, ye-shunguang",琉音 / 「席德」 / 叶瞬光,B-,12,5,7,2,5,4,1,0.04,0.02,95,34314,12,0,"da, sd","da:2.6.2, da:2.8.1, sd:2.6.1, sd:2.6.3, sd:2.6.4, sd:2.7.2, sd:2.7.3","1-2_combined.json, 1-3_combined.json, 5-1_combined.json, 5-2_combined.json, top_combined.json",hf_comps,record_count=12；phase_count=7；mode_count=2；boss_count=4；max_app_rate=0.04；median_app_rate=0.02,记录稀疏或出场率较低
lighter|ye-shunguang|zhao,"lighter, ye-shunguang, zhao",莱特 / 叶瞬光 / 照,B-,12,7,9,2,6,5,1,0.04,0.03,74,29081,11,1,"da, sd","da:2.6.2, da:2.7.2, da:2.8.2, sd:2.6.1, sd:2.6.3, sd:2.6.4, sd:2.7.3, sd:2.8.2, sd:2.8.3","1-2_combined.json, 1-3_combined.json, 5-1_combined.json, 5-2_combined.json, 5-3_combined.json, top_combined.json",hf_comps,record_count=12；phase_count=9；mode_count=2；boss_count=5；max_app_rate=0.04；median_app_rate=0.03,包含 1 条 sentinel/missing 分数；记录稀疏或出场率较低
aria|promeia|ukinami-yuzuha,"aria, promeia, ukinami-yuzuha",爱芮 / 普罗米娅 / 浮波柚叶,B-,11,4,6,2,5,4,1,0.04,0.03,58,30140,11,0,"da, sd","da:2.8.1, da:2.8.3, da:3.0.1, sd:2.7.3, sd:2.8.2, sd:2.8.3","1-1_combined.json, 5-1_combined.json, 5-2_combined.json, 5-3_combined.json, top_combined.json",hf_comps,record_count=11；phase_count=6；mode_count=2；boss_count=4；max_app_rate=0.04；median_app_rate=0.03,记录稀疏或出场率较低
cissia|qingyi|seed,"cissia, qingyi, seed",希希芙 / 青衣 / 「席德」,B-,11,4,6,2,5,4,1,0.04,0.03,90,30189,11,0,"da, sd","da:2.7.2, da:2.8.1, da:2.8.3, sd:2.7.2, sd:2.7.3, sd:2.8.2","1-2_combined.json, 1-3_combined.json, 5-2_combined.json, 5-3_combined.json, top_combined.json",hf_comps,record_count=11；phase_count=6；mode_count=2；boss_count=4；max_app_rate=0.04；median_app_rate=0.03,记录稀疏或出场率较低
dialyn|lucy|ye-shunguang,"dialyn, lucy, ye-shunguang",琉音 / 露西亚娜·德·蒙特夫 / 叶瞬光,B-,11,5,7,2,6,5,1,0.04,0.02,65,31021,9,2,"da, sd","da:2.6.1, da:2.7.2, sd:2.6.1, sd:2.6.4, sd:2.7.2, sd:2.7.3, sd:2.8.3","1-1_combined.json, 1-3_combined.json, 5-1_combined.json, 5-2_combined.json, 5-3_combined.json, top_combined.json",hf_comps,record_count=11；phase_count=7；mode_count=2；boss_count=5；max_app_rate=0.04；median_app_rate=0.02,包含 2 条 sentinel/missing 分数；记录稀疏或出场率较低
lucy|pan-yinhu|yixuan,"lucy, pan-yinhu, yixuan",露西亚娜·德·蒙特夫 / 潘引壶 / 仪玄,B-,11,3,6,2,5,4,1,0.04,0.02,83,28084,11,0,"da, sd","da:2.6.1, da:2.6.2, da:2.7.1, sd:2.6.1, sd:2.6.3, sd:2.6.4","1-2_combined.json, 1-3_combined.json, 5-2_combined.json, 5-3_combined.json, top_combined.json",hf_comps,record_count=11；phase_count=6；mode_count=2；boss_count=4；max_app_rate=0.04；median_app_rate=0.02,记录稀疏或出场率较低
ye-shunguang|yixuan|zhao,"ye-shunguang, yixuan, zhao",叶瞬光 / 仪玄 / 照,B-,11,5,7,2,5,4,1,0.04,0.01,79,27272,4,7,"da, sd","da:2.6.1, da:2.7.1, da:2.8.2, sd:2.6.1, sd:2.7.3, sd:2.8.2, sd:2.8.3","1-2_combined.json, 5-1_combined.json, 5-2_combined.json, 5-3_combined.json, top_combined.json",hf_comps,record_count=11；phase_count=7；mode_count=2；boss_count=4；max_app_rate=0.04；median_app_rate=0.01,包含 7 条 sentinel/missing 分数；记录稀疏或出场率较低
alice|jane-doe|zhao,"alice, jane-doe, zhao",爱丽丝·泰姆菲尔德 / 简·杜 / 照,B-,10,5,7,2,4,3,1,0.04,0.015,65,26890,5,5,"da, sd","da:2.6.1, da:2.6.2, sd:2.6.1, sd:2.6.3, sd:2.6.4, sd:2.7.3, sd:2.8.2","1-1_combined.json, 5-1_combined.json, 5-3_combined.json, top_combined.json",hf_comps,record_count=10；phase_count=7；mode_count=2；boss_count=3；max_app_rate=0.04；median_app_rate=0.015,包含 5 条 sentinel/missing 分数；记录稀疏或出场率较低
harumasa|qingyi|seed,"harumasa, qingyi, seed",浅羽 悠真 / 青衣 / 「席德」,B-,10,6,8,2,5,4,1,0.04,0.02,120,33033,8,2,"da, sd","da:2.6.2, da:2.7.2, da:2.8.1, da:2.8.3, sd:2.6.1, sd:2.7.2, sd:2.7.3, sd:2.8.2","1-2_combined.json, 1-3_combined.json, 5-2_combined.json, 5-3_combined.json, top_combined.json",hf_comps,record_count=10；phase_count=8；mode_count=2；boss_count=4；max_app_rate=0.04；median_app_rate=0.02,包含 2 条 sentinel/missing 分数；记录稀疏或出场率较低
ju-fufu|trigger|yixuan,"ju-fufu, trigger, yixuan",橘福福 / 「扳机」 / 仪玄,B-,10,6,8,2,6,5,1,0.04,0.015,83,30172,8,2,"da, sd","da:2.6.1, da:2.6.2, da:2.7.2, sd:2.6.1, sd:2.6.3, sd:2.6.4, sd:2.7.3, sd:2.8.3","1-2_combined.json, 1-3_combined.json, 5-1_combined.json, 5-2_combined.json, 5-3_combined.json, top_combined.json",hf_comps,record_count=10；phase_count=8；mode_count=2；boss_count=5；max_app_rate=0.04；median_app_rate=0.015,包含 2 条 sentinel/missing 分数；记录稀疏或出场率较低
lycaon|miyabi|zhao,"lycaon, miyabi, zhao",冯·莱卡恩 / 星见 雅 / 照,B-,10,4,6,2,4,3,1,0.04,0.02,85,28039,8,2,"da, sd","da:2.7.1, da:2.7.2, da:2.8.2, sd:2.6.4, sd:2.7.2, sd:2.8.3","1-3_combined.json, 5-1_combined.json, 5-3_combined.json, top_combined.json",hf_comps,record_count=10；phase_count=6；mode_count=2；boss_count=3；max_app_rate=0.04；median_app_rate=0.02,包含 2 条 sentinel/missing 分数；记录稀疏或出场率较低
alice|aria|sunna,"alice, aria, sunna",爱丽丝·泰姆菲尔德 / 爱芮 / 千夏,B-,9,4,6,2,5,4,1,0.04,0.02,78,34854,9,0,"da, sd","da:2.6.2, da:2.7.1, da:2.7.2, da:2.8.2, sd:2.6.3, sd:2.6.4","1-1_combined.json, 1-3_combined.json, 5-2_combined.json, 5-3_combined.json, top_combined.json",hf_comps,record_count=9；phase_count=6；mode_count=2；boss_count=4；max_app_rate=0.04；median_app_rate=0.02,记录稀疏或出场率较低
aria|astra-yao|miyabi,"aria, astra-yao, miyabi",爱芮 / 耀嘉音 / 星见 雅,B-,9,5,5,2,5,4,1,0.04,0.03,78,33503,8,1,"da, sd","da:2.8.2, sd:2.6.3, sd:2.6.4, sd:2.7.3, sd:2.8.3","1-1_combined.json, 5-1_combined.json, 5-2_combined.json, 5-3_combined.json, top_combined.json",hf_comps,record_count=9；phase_count=5；mode_count=2；boss_count=4；max_app_rate=0.04；median_app_rate=0.03,包含 1 条 sentinel/missing 分数；记录稀疏或出场率较低
astra-yao|lycaon|promeia,"astra-yao, lycaon, promeia",耀嘉音 / 冯·莱卡恩 / 普罗米娅,B-,9,3,5,2,4,3,1,0.04,0.03,58,28974,9,0,"da, sd","da:2.8.1, da:2.8.2, da:2.8.3, sd:2.8.2, sd:2.8.3","1-1_combined.json, 5-1_combined.json, 5-2_combined.json, top_combined.json",hf_comps,record_count=9；phase_count=5；mode_count=2；boss_count=3；max_app_rate=0.04；median_app_rate=0.03,记录稀疏或出场率较低
ellen|lycaon|nicole-demara,"ellen, lycaon, nicole-demara",艾莲·乔 / 冯·莱卡恩 / 妮可·德玛拉,B-,9,5,5,1,4,3,1,0.04,0.02,96,28438,9,0,da,"da:2.7.1, da:2.8.1, da:2.8.2, da:2.8.3, da:3.0.1","1-1_combined.json, 1-2_combined.json, 1-3_combined.json, top_combined.json",hf_comps,record_count=9；phase_count=5；mode_count=1；boss_count=3；max_app_rate=0.04；median_app_rate=0.02,记录稀疏或出场率较低
lucy|miyabi|nangong-yu,"lucy, miyabi, nangong-yu",露西亚娜·德·蒙特夫 / 星见 雅 / 南宫羽,B-,9,4,6,2,6,5,1,0.04,0.02,78,31136,9,0,"da, sd","da:2.7.1, da:2.8.2, sd:2.6.4, sd:2.7.3, sd:2.8.2, sd:2.8.3","1-1_combined.json, 1-3_combined.json, 5-1_combined.json, 5-2_combined.json, 5-3_combined.json, top_combined.json",hf_comps,record_count=9；phase_count=6；mode_count=2；boss_count=5；max_app_rate=0.04；median_app_rate=0.02,记录稀疏或出场率较低
nicole-demara|trigger|yixuan,"nicole-demara, trigger, yixuan",妮可·德玛拉 / 「扳机」 / 仪玄,B-,9,5,7,2,5,4,1,0.04,0.02,83,31903,9,0,"da, sd","da:2.6.1, da:2.6.2, da:2.7.1, da:2.8.2, da:3.0.1, sd:2.6.3, sd:2.6.4","1-2_combined.json, 1-3_combined.json, 5-2_combined.json, 5-3_combined.json, top_combined.json",hf_comps,record_count=9；phase_count=7；mode_count=2；boss_count=4；max_app_rate=0.04；median_app_rate=0.02,记录稀疏或出场率较低
promeia|sunna|vivian,"promeia, sunna, vivian",普罗米娅 / 千夏 / 薇薇安·班希,B-,9,3,5,2,4,3,1,0.04,0.02,78,29609,9,0,"da, sd","da:2.8.1, da:2.8.2, da:2.8.3, sd:2.8.2, sd:2.8.3","1-1_combined.json, 5-1_combined.json, 5-2_combined.json, top_combined.json",hf_comps,record_count=9；phase_count=5；mode_count=2；boss_count=3；max_app_rate=0.04；median_app_rate=0.02,记录稀疏或出场率较低
anby-demara-soldier-0|lucy|trigger,"anby-demara-soldier-0, lucy, trigger",零号·安比 / 露西亚娜·德·蒙特夫 / 「扳机」,B-,8,5,7,2,4,3,1,0.04,0.02,120,28657,6,2,"da, sd","da:2.6.1, da:2.6.2, da:2.7.2, sd:2.6.1, sd:2.7.2, sd:2.7.3, sd:2.8.2","1-2_combined.json, 5-2_combined.json, 5-3_combined.json, top_combined.json",hf_comps,record_count=8；phase_count=7；mode_count=2；boss_count=3；max_app_rate=0.04；median_app_rate=0.02,包含 2 条 sentinel/missing 分数；记录稀疏或出场率较低
caesar|ju-fufu|yixuan,"caesar, ju-fufu, yixuan",凯撒·金 / 橘福福 / 仪玄,B-,8,4,6,2,4,3,1,0.04,0.015,83,27088,4,4,"da, sd","da:2.6.1, da:2.6.2, da:2.7.1, da:2.8.1, sd:2.6.1, sd:2.6.4","1-2_combined.json, 1-3_combined.json, 5-3_combined.json, top_combined.json",hf_comps,record_count=8；phase_count=6；mode_count=2；boss_count=3；max_app_rate=0.04；median_app_rate=0.015,包含 4 条 sentinel/missing 分数；记录稀疏或出场率较低
lighter|nicole-demara|orphie-and-magus,"lighter, nicole-demara, orphie-and-magus",莱特 / 妮可·德玛拉 / 奥菲丝·马格努森 & 「鬼火」,B-,8,4,6,2,4,3,1,0.04,0.01,107,29414,5,3,"da, sd","da:2.6.1, da:2.6.2, da:2.7.1, sd:2.6.1, sd:2.6.4, sd:2.8.3","1-2_combined.json, 1-3_combined.json, 5-3_combined.json, top_combined.json",hf_comps,record_count=8；phase_count=6；mode_count=2；boss_count=3；max_app_rate=0.04；median_app_rate=0.01,包含 3 条 sentinel/missing 分数；记录稀疏或出场率较低
miyabi|soukaku|trigger,"miyabi, soukaku, trigger",星见 雅 / 苍角 / 「扳机」,B-,8,4,5,2,5,4,1,0.04,0.02,58,29604,3,5,"da, sd","da:2.6.1, da:2.6.2, da:2.8.2, sd:2.6.1, sd:2.6.4","1-1_combined.json, 1-3_combined.json, 5-2_combined.json, 5-3_combined.json, top_combined.json",hf_comps,record_count=8；phase_count=5；mode_count=2；boss_count=4；max_app_rate=0.04；median_app_rate=0.02,包含 5 条 sentinel/missing 分数；记录稀疏或出场率较低
nicole-demara|yixuan|zhao,"nicole-demara, yixuan, zhao",妮可·德玛拉 / 仪玄 / 照,B-,8,4,4,2,4,3,1,0.04,0.03,90,27652,8,0,"da, sd","da:2.8.1, sd:2.6.3, sd:2.6.4, sd:2.7.2","1-2_combined.json, 5-1_combined.json, 5-3_combined.json, top_combined.json",hf_comps,record_count=8；phase_count=4；mode_count=2；boss_count=3；max_app_rate=0.04；median_app_rate=0.03,记录稀疏或出场率较低
orphie-and-magus|sunna|ye-shunguang,"orphie-and-magus, sunna, ye-shunguang",奥菲丝·马格努森 & 「鬼火」 / 千夏 / 叶瞬光,B-,8,3,5,2,5,4,1,0.04,0.02,77,31961,5,3,"da, sd","da:2.6.2, da:2.8.1, da:2.8.3, sd:2.7.3, sd:2.8.3","1-2_combined.json, 1-3_combined.json, 5-2_combined.json, 5-3_combined.json, top_combined.json",hf_comps,record_count=8；phase_count=5；mode_count=2；boss_count=4；max_app_rate=0.04；median_app_rate=0.02,包含 3 条 sentinel/missing 分数；记录稀疏或出场率较低
soukaku|ye-shunguang|zhao,"soukaku, ye-shunguang, zhao",苍角 / 叶瞬光 / 照,B-,8,5,7,2,4,3,1,0.04,0.01,76,30415,8,0,"da, sd","da:2.6.1, da:2.6.2, da:2.8.3, sd:2.6.1, sd:2.6.3, sd:2.6.4, sd:2.7.3","1-1_combined.json, 1-2_combined.json, 5-1_combined.json, top_combined.json",hf_comps,record_count=8；phase_count=7；mode_count=2；boss_count=3；max_app_rate=0.04；median_app_rate=0.01,记录稀疏或出场率较低
alice|astra-yao|trigger,"alice, astra-yao, trigger",爱丽丝·泰姆菲尔德 / 耀嘉音 / 「扳机」,B-,7,4,6,2,6,5,1,0.04,0.02,78,29260,4,3,"da, sd","da:2.6.1, da:2.7.1, da:2.8.2, sd:2.6.4, sd:2.8.2, sd:2.8.3","1-1_combined.json, 1-3_combined.json, 5-1_combined.json, 5-2_combined.json, 5-3_combined.json, top_combined.json",hf_comps,record_count=7；phase_count=6；mode_count=2；boss_count=5；max_app_rate=0.04；median_app_rate=0.02,包含 3 条 sentinel/missing 分数；记录稀疏或出场率较低
alice|burnice|lucy,"alice, burnice, lucy",爱丽丝·泰姆菲尔德 / 柏妮思·怀特 / 露西亚娜·德·蒙特夫,B-,7,3,4,2,5,4,1,0.04,0.03,95,28052,7,0,"da, sd","da:2.6.1, sd:2.6.1, sd:2.6.3, sd:2.8.2","1-2_combined.json, 5-1_combined.json, 5-2_combined.json, 5-3_combined.json, top_combined.json",hf_comps,record_count=7；phase_count=4；mode_count=2；boss_count=4；max_app_rate=0.04；median_app_rate=0.03,记录稀疏或出场率较低
alice|dialyn|ukinami-yuzuha,"alice, dialyn, ukinami-yuzuha",爱丽丝·泰姆菲尔德 / 琉音 / 浮波柚叶,B-,7,5,5,1,3,2,1,0.04,0.02,76,30685,7,0,sd,"sd:2.6.1, sd:2.6.3, sd:2.6.4, sd:2.7.2, sd:2.7.3","5-1_combined.json, 5-2_combined.json, top_combined.json",hf_comps,record_count=7；phase_count=5；mode_count=1；boss_count=2；max_app_rate=0.04；median_app_rate=0.02,记录稀疏或出场率较低
aria|astra-yao|zhao,"aria, astra-yao, zhao",爱芮 / 耀嘉音 / 照,B-,7,3,5,2,5,4,1,0.04,0.02,96,32497,7,0,"da, sd","da:2.6.2, da:2.7.1, da:2.8.2, sd:2.6.3, sd:2.6.4","1-1_combined.json, 1-3_combined.json, 5-2_combined.json, 5-3_combined.json, top_combined.json",hf_comps,record_count=7；phase_count=5；mode_count=2；boss_count=4；max_app_rate=0.04；median_app_rate=0.02,记录稀疏或出场率较低
astra-yao|lighter|miyabi,"astra-yao, lighter, miyabi",耀嘉音 / 莱特 / 星见 雅,B-,7,2,4,2,4,3,1,0.04,0.01,85,20913,1,6,"da, sd","da:2.6.1, da:2.7.1, sd:2.6.1, sd:2.6.4","1-3_combined.json, 5-2_combined.json, 5-3_combined.json, top_combined.json",hf_comps,record_count=7；phase_count=4；mode_count=2；boss_count=3；max_app_rate=0.04；median_app_rate=0.01,包含 6 条 sentinel/missing 分数；记录稀疏或出场率较低
billy-starlight|dialyn|ju-fufu,"billy-starlight, dialyn, ju-fufu",星徽·比利 / 琉音 / 橘福福,B-,7,3,5,2,5,4,1,0.04,0.03,81,34964,3,4,"da, sd","da:2.8.2, da:2.8.3, da:3.0.1, sd:2.8.2, sd:2.8.3","1-2_combined.json, 1-3_combined.json, 5-1_combined.json, 5-2_combined.json, top_combined.json",hf_comps,record_count=7；phase_count=5；mode_count=2；boss_count=4；max_app_rate=0.04；median_app_rate=0.03,包含 4 条 sentinel/missing 分数；记录稀疏或出场率较低
harumasa|qingyi|ukinami-yuzuha,"harumasa, qingyi, ukinami-yuzuha",浅羽 悠真 / 青衣 / 浮波柚叶,B-,7,4,5,2,4,3,1,0.04,0.02,120,30228,5,2,"da, sd","da:2.6.2, da:2.7.2, sd:2.6.1, sd:2.7.2, sd:2.8.2","1-2_combined.json, 5-2_combined.json, 5-3_combined.json, top_combined.json",hf_comps,record_count=7；phase_count=5；mode_count=2；boss_count=3；max_app_rate=0.04；median_app_rate=0.02,包含 2 条 sentinel/missing 分数；记录稀疏或出场率较低
lycaon|pan-yinhu|yixuan,"lycaon, pan-yinhu, yixuan",冯·莱卡恩 / 潘引壶 / 仪玄,B-,7,4,5,2,4,3,1,0.04,0.02,106,27920,7,0,"da, sd","da:2.6.1, da:2.6.2, da:2.8.2, sd:2.6.3, sd:2.7.2","1-2_combined.json, 1-3_combined.json, 5-3_combined.json, top_combined.json",hf_comps,record_count=7；phase_count=5；mode_count=2；boss_count=3；max_app_rate=0.04；median_app_rate=0.02,记录稀疏或出场率较低
astra-yao|caesar|yixuan,"astra-yao, caesar, yixuan",耀嘉音 / 凯撒·金 / 仪玄,B-,6,3,5,2,4,4,1,0.04,0.02,65,28205,5,1,"da, sd","da:2.6.1, da:2.6.2, da:2.7.1, sd:2.6.1, sd:2.6.4","1-2_combined.json, 1-3_combined.json, 5-2_combined.json, 5-3_combined.json",hf_comps,record_count=6；phase_count=5；mode_count=2；boss_count=4；max_app_rate=0.04；median_app_rate=0.02,包含 1 条 sentinel/missing 分数；记录稀疏或出场率较低
astra-yao|ellen|ju-fufu,"astra-yao, ellen, ju-fufu",耀嘉音 / 艾莲·乔 / 橘福福,B-,6,4,4,2,6,5,1,0.04,0.015,105,25565,3,3,"da, sd","da:2.7.1, da:3.0.1, sd:2.8.2, sd:2.8.3","1-2_combined.json, 1-3_combined.json, 5-1_combined.json, 5-2_combined.json, 5-3_combined.json, top_combined.json",hf_comps,record_count=6；phase_count=4；mode_count=2；boss_count=5；max_app_rate=0.04；median_app_rate=0.015,包含 3 条 sentinel/missing 分数；记录稀疏或出场率较低
astra-yao|grace-howard|miyabi,"astra-yao, grace-howard, miyabi",耀嘉音 / 格莉丝·霍华德 / 星见 雅,B-,6,3,4,2,5,4,1,0.04,0.02,75,32648,6,0,"da, sd","da:2.6.1, da:2.8.2, sd:2.6.1, sd:2.6.3","1-1_combined.json, 1-3_combined.json, 5-1_combined.json, 5-2_combined.json, top_combined.json",hf_comps,record_count=6；phase_count=4；mode_count=2；boss_count=4；max_app_rate=0.04；median_app_rate=0.02,记录稀疏或出场率较低
banyue|pan-yinhu|pulchra,"banyue, pan-yinhu, pulchra",般岳 / 潘引壶 / 波可娜·费雷尼,B-,6,2,4,2,4,3,1,0.04,0.01,106,26362,5,1,"da, sd","da:2.6.1, da:2.6.2, sd:2.6.1, sd:2.6.3","1-3_combined.json, 5-2_combined.json, 5-3_combined.json, top_combined.json",hf_comps,record_count=6；phase_count=4；mode_count=2；boss_count=3；max_app_rate=0.04；median_app_rate=0.01,包含 1 条 sentinel/missing 分数；记录稀疏或出场率较低
billy-starlight|lighter|lucia,"billy-starlight, lighter, lucia",星徽·比利 / 莱特 / 卢西娅,B-,6,2,3,2,4,3,1,0.04,0.03,89,27496,6,0,"da, sd","da:2.8.2, da:2.8.3, sd:2.8.3","1-2_combined.json, 1-3_combined.json, 5-2_combined.json, top_combined.json",hf_comps,record_count=6；phase_count=3；mode_count=2；boss_count=3；max_app_rate=0.04；median_app_rate=0.03,记录稀疏或出场率较低
caesar|lucia|yidhari,"caesar, lucia, yidhari",凯撒·金 / 卢西娅 / 伊德海莉·墨菲,B-,6,4,5,2,3,2,1,0.04,0.03,106,27346,4,2,"da, sd","da:2.6.1, da:2.6.2, da:2.7.1, sd:2.6.4, sd:2.7.2","1-3_combined.json, 5-3_combined.json, top_combined.json",hf_comps,record_count=6；phase_count=5；mode_count=2；boss_count=2；max_app_rate=0.04；median_app_rate=0.03,包含 2 条 sentinel/missing 分数；记录稀疏或出场率较低
ellen|seed|trigger,"ellen, seed, trigger",艾莲·乔 / 「席德」 / 「扳机」,B-,6,3,4,2,4,3,1,0.04,0.02,120,31602,4,2,"da, sd","da:2.6.2, da:2.7.2, sd:2.6.1, sd:2.6.3","1-2_combined.json, 5-1_combined.json, 5-2_combined.json, top_combined.json",hf_comps,record_count=6；phase_count=4；mode_count=2；boss_count=3；max_app_rate=0.04；median_app_rate=0.02,包含 2 条 sentinel/missing 分数；记录稀疏或出场率较低
grace-howard|rina|ukinami-yuzuha,"grace-howard, rina, ukinami-yuzuha",格莉丝·霍华德 / 亚历山德丽娜·莎芭丝缇安 / 浮波柚叶,B-,6,4,5,2,4,3,1,0.04,0.01,120,31186,5,1,"da, sd","da:2.6.1, sd:2.6.1, sd:2.6.3, sd:2.7.2, sd:2.8.2","5-1_combined.json, 5-2_combined.json, 5-3_combined.json, top_combined.json",hf_comps,record_count=6；phase_count=5；mode_count=2；boss_count=3；max_app_rate=0.04；median_app_rate=0.01,包含 1 条 sentinel/missing 分数；记录稀疏或出场率较低
harumasa|seed|sunna,"harumasa, seed, sunna",浅羽 悠真 / 「席德」 / 千夏,B-,6,3,4,2,4,3,1,0.04,0.02,98,29520,6,0,"da, sd","da:2.6.1, da:2.6.2, sd:2.6.1, sd:2.8.2","1-2_combined.json, 5-2_combined.json, 5-3_combined.json, top_combined.json",hf_comps,record_count=6；phase_count=4；mode_count=2；boss_count=3；max_app_rate=0.04；median_app_rate=0.02,记录稀疏或出场率较低
lycaon|miyabi|yanagi,"lycaon, miyabi, yanagi",冯·莱卡恩 / 星见 雅 / 月城 柳,B-,6,2,4,2,4,3,1,0.04,0.03,75,28568,6,0,"da, sd","da:2.6.1, da:2.8.2, sd:2.6.1, sd:2.8.2","1-1_combined.json, 1-3_combined.json, 5-2_combined.json, top_combined.json",hf_comps,record_count=6；phase_count=4；mode_count=2；boss_count=3；max_app_rate=0.04；median_app_rate=0.03,记录稀疏或出场率较低
miyabi|nicole-demara|trigger,"miyabi, nicole-demara, trigger",星见 雅 / 妮可·德玛拉 / 「扳机」,B-,6,3,5,2,4,3,1,0.04,0.01,106,26716,2,4,"da, sd","da:2.6.1, da:2.6.2, da:2.7.1, sd:2.6.1, sd:2.6.4","1-3_combined.json, 5-2_combined.json, 5-3_combined.json, top_combined.json",hf_comps,record_count=6；phase_count=5；mode_count=2；boss_count=3；max_app_rate=0.04；median_app_rate=0.01,包含 4 条 sentinel/missing 分数；记录稀疏或出场率较低
nangong-yu|sunna|yixuan,"nangong-yu, sunna, yixuan",南宫羽 / 千夏 / 仪玄,B-,6,3,3,2,4,3,1,0.04,0.035,79,30882,6,0,"da, sd","da:2.8.2, sd:2.7.2, sd:2.7.3","1-3_combined.json, 5-1_combined.json, 5-3_combined.json, top_combined.json",hf_comps,record_count=6；phase_count=3；mode_count=2；boss_count=3；max_app_rate=0.04；median_app_rate=0.035,记录稀疏或出场率较低
promeia|trigger|ukinami-yuzuha,"promeia, trigger, ukinami-yuzuha",普罗米娅 / 「扳机」 / 浮波柚叶,B-,6,3,5,2,4,3,1,0.04,0.035,58,34650,5,1,"da, sd","da:2.8.1, da:2.8.2, da:2.8.3, sd:2.8.2, sd:2.8.3","1-1_combined.json, 5-1_combined.json, 5-2_combined.json, top_combined.json",hf_comps,record_count=6；phase_count=5；mode_count=2；boss_count=3；max_app_rate=0.04；median_app_rate=0.035,包含 1 条 sentinel/missing 分数；记录稀疏或出场率较低
aria|trigger|zhao,"aria, trigger, zhao",爱芮 / 「扳机」 / 照,B-,5,3,4,2,5,4,1,0.04,0.02,96,28162,4,1,"da, sd","da:2.7.1, da:2.8.2, sd:2.6.3, sd:2.6.4","1-1_combined.json, 1-3_combined.json, 5-2_combined.json, 5-3_combined.json, top_combined.json",hf_comps,record_count=5；phase_count=4；mode_count=2；boss_count=4；max_app_rate=0.04；median_app_rate=0.02,包含 1 条 sentinel/missing 分数；记录稀疏或出场率较低
astra-yao|ellen|seed,"astra-yao, ellen, seed",耀嘉音 / 艾莲·乔 / 「席德」,B-,5,3,3,1,3,2,1,0.04,0.03,111,32926,5,0,sd,"sd:2.6.1, sd:2.6.3, sd:2.7.2","5-1_combined.json, 5-2_combined.json, top_combined.json",hf_comps,record_count=5；phase_count=3；mode_count=1；boss_count=2；max_app_rate=0.04；median_app_rate=0.03,记录稀疏或出场率较低
astra-yao|trigger|zhu-yuan,"astra-yao, trigger, zhu-yuan",耀嘉音 / 「扳机」 / 朱鸢,B-,5,4,4,2,4,3,1,0.04,0.01,105,26038,3,2,"da, sd","da:3.0.1, sd:2.6.1, sd:2.6.3, sd:2.6.4","1-2_combined.json, 5-2_combined.json, 5-3_combined.json, top_combined.json",hf_comps,record_count=5；phase_count=4；mode_count=2；boss_count=3；max_app_rate=0.04；median_app_rate=0.01,包含 2 条 sentinel/missing 分数；记录稀疏或出场率较低
astra-yao|ukinami-yuzuha|yanagi,"astra-yao, ukinami-yuzuha, yanagi",耀嘉音 / 浮波柚叶 / 月城 柳,B-,5,3,4,2,3,2,1,0.04,0.02,120,29363,4,1,"da, sd","da:2.6.1, sd:2.6.1, sd:2.7.3, sd:2.8.2","5-2_combined.json, 5-3_combined.json, top_combined.json",hf_comps,record_count=5；phase_count=4；mode_count=2；boss_count=2；max_app_rate=0.04；median_app_rate=0.02,包含 1 条 sentinel/missing 分数；记录稀疏或出场率较低
banyue|billy-starlight|lucia,"banyue, billy-starlight, lucia",般岳 / 星徽·比利 / 卢西娅,B-,5,2,4,2,4,3,1,0.04,0.02,86,32573,4,1,"da, sd","da:2.8.2, da:2.8.3, sd:2.8.2, sd:2.8.3","1-2_combined.json, 5-1_combined.json, 5-2_combined.json, top_combined.json",hf_comps,record_count=5；phase_count=4；mode_count=2；boss_count=3；max_app_rate=0.04；median_app_rate=0.02,包含 1 条 sentinel/missing 分数；记录稀疏或出场率较低
dialyn|evelyn|orphie-and-magus,"dialyn, evelyn, orphie-and-magus",琉音 / 伊芙琳·舒瓦利耶 / 奥菲丝·马格努森 & 「鬼火」,B-,5,4,4,1,4,3,1,0.04,0.01,121,30939,4,1,sd,"sd:2.6.1, sd:2.6.3, sd:2.8.2, sd:2.8.3","5-1_combined.json, 5-2_combined.json, 5-3_combined.json, top_combined.json",hf_comps,record_count=5；phase_count=4；mode_count=1；boss_count=3；max_app_rate=0.04；median_app_rate=0.01,包含 1 条 sentinel/missing 分数；记录稀疏或出场率较低
ju-fufu|sunna|yixuan,"ju-fufu, sunna, yixuan",橘福福 / 千夏 / 仪玄,B-,5,3,4,2,5,4,1,0.04,0.01,112,27606,3,2,"da, sd","da:2.7.1, sd:2.6.3, sd:2.6.4, sd:2.7.2","1-2_combined.json, 5-1_combined.json, 5-2_combined.json, 5-3_combined.json, top_combined.json",hf_comps,record_count=5；phase_count=4；mode_count=2；boss_count=4；max_app_rate=0.04；median_app_rate=0.01,包含 2 条 sentinel/missing 分数；记录稀疏或出场率较低
miyabi|sunna|yanagi,"miyabi, sunna, yanagi",星见 雅 / 千夏 / 月城 柳,B-,5,2,3,2,4,3,1,0.04,0.01,108,32475,3,2,"da, sd","da:2.6.1, sd:2.6.1, sd:2.6.4","1-3_combined.json, 5-2_combined.json, 5-3_combined.json, top_combined.json",hf_comps,record_count=5；phase_count=3；mode_count=2；boss_count=3；max_app_rate=0.04；median_app_rate=0.01,包含 2 条 sentinel/missing 分数；记录稀疏或出场率较低
nangong-yu|piper|sunna,"nangong-yu, piper, sunna",南宫羽 / 派派·韦尔 / 千夏,B-,5,4,4,2,4,3,1,0.04,0.02,96,28929,3,2,"da, sd","da:2.7.1, da:2.8.2, da:2.8.3, sd:2.7.2","1-1_combined.json, 1-3_combined.json, 5-1_combined.json, top_combined.json",hf_comps,record_count=5；phase_count=4；mode_count=2；boss_count=3；max_app_rate=0.04；median_app_rate=0.02,包含 2 条 sentinel/missing 分数；记录稀疏或出场率较低
aria|lucy|nangong-yu,"aria, lucy, nangong-yu",爱芮 / 露西亚娜·德·蒙特夫 / 南宫羽,B-,4,3,3,2,4,3,1,0.04,0.025,110,26864,4,0,"da, sd","da:2.8.2, sd:2.6.4, sd:2.7.3","1-3_combined.json, 5-2_combined.json, 5-3_combined.json, top_combined.json",hf_comps,record_count=4；phase_count=3；mode_count=2；boss_count=3；max_app_rate=0.04；median_app_rate=0.025,记录稀疏或出场率较低
ju-fufu|lucy|yixuan,"ju-fufu, lucy, yixuan",橘福福 / 露西亚娜·德·蒙特夫 / 仪玄,B-,4,2,3,2,4,3,1,0.04,0.03,108,27396,4,0,"da, sd","da:2.6.1, da:2.6.2, sd:2.6.1","1-2_combined.json, 1-3_combined.json, 5-3_combined.json, top_combined.json",hf_comps,record_count=4；phase_count=3；mode_count=2；boss_count=3；max_app_rate=0.04；median_app_rate=0.03,记录稀疏或出场率较低
lucia|ukinami-yuzuha|yidhari,"lucia, ukinami-yuzuha, yidhari",卢西娅 / 浮波柚叶 / 伊德海莉·墨菲,B-,4,2,2,2,3,2,1,0.04,0.025,106,28471,4,0,"da, sd","da:2.6.2, sd:2.6.4","1-3_combined.json, 5-3_combined.json, top_combined.json",hf_comps,record_count=4；phase_count=2；mode_count=2；boss_count=2；max_app_rate=0.04；median_app_rate=0.025,记录稀疏或出场率较低
alice|nangong-yu|nicole-demara,"alice, nangong-yu, nicole-demara",爱丽丝·泰姆菲尔德 / 南宫羽 / 妮可·德玛拉,B-,3,2,2,1,3,2,1,0.04,0.04,110,25859,3,0,da,"da:2.8.2, da:2.8.3","1-1_combined.json, 1-3_combined.json, top_combined.json",hf_comps,record_count=3；phase_count=2；mode_count=1；boss_count=2；max_app_rate=0.04；median_app_rate=0.04,记录稀疏或出场率较低
anby-demara-soldier-0|ye-shunguang|zhao,"anby-demara-soldier-0, ye-shunguang, zhao",零号·安比 / 叶瞬光 / 照,B-,3,2,2,2,3,2,1,0.04,0.04,77,27406,3,0,"da, sd","da:2.8.1, sd:2.6.3","1-3_combined.json, 5-1_combined.json, top_combined.json",hf_comps,record_count=3；phase_count=2；mode_count=2；boss_count=2；max_app_rate=0.04；median_app_rate=0.04,记录稀疏或出场率较低
astra-yao|billy-starlight|pulchra,"astra-yao, billy-starlight, pulchra",耀嘉音 / 星徽·比利 / 波可娜·费雷尼,B-,3,2,2,1,3,2,1,0.04,0.03,84,27018,3,0,sd,"sd:2.8.2, sd:2.8.3","5-1_combined.json, 5-2_combined.json, top_combined.json",hf_comps,record_count=3；phase_count=2；mode_count=1；boss_count=2；max_app_rate=0.04；median_app_rate=0.03,记录稀疏或出场率较低
nangong-yu|velina|vivian,"nangong-yu, velina, vivian",南宫羽 / 维琳娜·艾嘉德 / 薇薇安·班希,B-,3,1,2,2,3,2,1,0.04,0.03,73,27914,3,0,"da, sd","da:3.0.1, sd:2.8.3","1-1_combined.json, 5-1_combined.json, top_combined.json",hf_comps,record_count=3；phase_count=2；mode_count=2；boss_count=2；max_app_rate=0.04；median_app_rate=0.03,记录稀疏或出场率较低
seed|trigger|zhu-yuan,"seed, trigger, zhu-yuan",「席德」 / 「扳机」 / 朱鸢,B-,3,2,2,2,3,2,1,0.04,0.04,120,27713,3,0,"da, sd","da:2.7.2, sd:2.6.1","1-2_combined.json, 5-2_combined.json, top_combined.json",hf_comps,record_count=3；phase_count=2；mode_count=2；boss_count=2；max_app_rate=0.04；median_app_rate=0.04,记录稀疏或出场率较低
trigger|vivian|yanagi,"trigger, vivian, yanagi",「扳机」 / 薇薇安·班希 / 月城 柳,B-,3,2,2,2,3,2,1,0.04,0.04,120,28102,3,0,"da, sd","da:2.8.2, sd:2.6.1","1-3_combined.json, 5-2_combined.json, top_combined.json",hf_comps,record_count=3；phase_count=2；mode_count=2；boss_count=2；max_app_rate=0.04；median_app_rate=0.04,记录稀疏或出场率较低
aria|lucia|nangong-yu,"aria, lucia, nangong-yu",爱芮 / 卢西娅 / 南宫羽,B-,2,1,1,1,2,1,1,0.04,0.035,110,16532,2,0,da,da:2.8.2,"1-3_combined.json, top_combined.json",hf_comps,record_count=2；phase_count=1；mode_count=1；boss_count=1；max_app_rate=0.04；median_app_rate=0.035,记录稀疏或出场率较低
astra-yao|ju-fufu|manato,"astra-yao, ju-fufu, manato",耀嘉音 / 橘福福 / 狛野真斗,B-,2,1,1,1,2,1,1,0.04,0.04,106,20960,2,0,da,da:2.6.2,"1-3_combined.json, top_combined.json",hf_comps,record_count=2；phase_count=1；mode_count=1；boss_count=1；max_app_rate=0.04；median_app_rate=0.04,记录稀疏或出场率较低
astra-yao|lucia|miyabi,"astra-yao, lucia, miyabi",耀嘉音 / 卢西娅 / 星见 雅,B-,2,2,2,1,1,1,1,0.04,0.025,112,27533,2,0,sd,"sd:2.6.3, sd:2.6.4",5-3_combined.json,hf_comps,record_count=2；phase_count=2；mode_count=1；boss_count=1；max_app_rate=0.04；median_app_rate=0.025,记录稀疏或出场率较低
burnice|lucy|velina,"burnice, lucy, velina",柏妮思·怀特 / 露西亚娜·德·蒙特夫 / 维琳娜·艾嘉德,B-,2,1,1,1,2,1,1,0.04,0.035,107,27647,2,0,sd,sd:2.8.3,"5-3_combined.json, top_combined.json",hf_comps,record_count=2；phase_count=1；mode_count=1；boss_count=1；max_app_rate=0.04；median_app_rate=0.035,记录稀疏或出场率较低
dialyn|evelyn|nicole-demara,"dialyn, evelyn, nicole-demara",琉音 / 伊芙琳·舒瓦利耶 / 妮可·德玛拉,B-,2,1,1,1,2,1,1,0.04,0.04,121,27984,2,0,sd,sd:2.6.1,"5-3_combined.json, top_combined.json",hf_comps,record_count=2；phase_count=1；mode_count=1；boss_count=1；max_app_rate=0.04；median_app_rate=0.04,记录稀疏或出场率较低
jane-doe|promeia|ukinami-yuzuha,"jane-doe, promeia, ukinami-yuzuha",简·杜 / 普罗米娅 / 浮波柚叶,B-,2,1,1,1,2,1,1,0.04,0.04,69,22485,2,0,da,da:2.8.3,"1-1_combined.json, top_combined.json",hf_comps,record_count=2；phase_count=1；mode_count=1；boss_count=1；max_app_rate=0.04；median_app_rate=0.04,记录稀疏或出场率较低
ju-fufu|pyrois|zhao,"ju-fufu, pyrois, zhao",橘福福 / Pyrois / 照,B-,2,1,1,1,2,1,1,0.04,0.04,105,,0,2,da,da:3.0.1,"1-2_combined.json, top_combined.json",hf_comps,record_count=2；phase_count=1；mode_count=1；boss_count=1；max_app_rate=0.04；median_app_rate=0.04,全部表现分数为 sentinel/missing
jane-doe|velina|vivian,"jane-doe, velina, vivian",简·杜 / 维琳娜·艾嘉德 / 薇薇安·班希,B-,1,1,1,1,1,1,1,0.04,0.04,73,20776,1,0,da,da:3.0.1,1-1_combined.json,hf_comps,record_count=1；phase_count=1；mode_count=1；boss_count=1；max_app_rate=0.04；median_app_rate=0.04,记录稀疏或出场率较低
burnice|miyabi|nicole-demara,"burnice, miyabi, nicole-demara",柏妮思·怀特 / 星见 雅 / 妮可·德玛拉,B-,17,7,11,2,7,6,1,0.03,0.02,75,30465,11,6,"da, sd","da:2.6.1, da:2.6.2, da:2.7.1, da:2.8.1, da:2.8.2, sd:2.6.1, sd:2.6.3, sd:2.6.4, sd:2.7.2, sd:2.7.3, sd:2.8.3","1-1_combined.json, 1-2_combined.json, 1-3_combined.json, 5-1_combined.json, 5-2_combined.json, 5-3_combined.json, top_combined.json",hf_comps,record_count=17；phase_count=11；mode_count=2；boss_count=6；max_app_rate=0.03；median_app_rate=0.02,包含 6 条 sentinel/missing 分数；记录稀疏或出场率较低
anby-demara-soldier-0|orphie-and-magus|ukinami-yuzuha,"anby-demara-soldier-0, orphie-and-magus, ukinami-yuzuha",零号·安比 / 奥菲丝·马格努森 & 「鬼火」 / 浮波柚叶,B-,14,5,8,2,5,4,1,0.03,0.02,121,37874,13,1,"da, sd","da:2.6.2, da:2.7.2, da:2.8.1, da:2.8.3, sd:2.6.1, sd:2.6.3, sd:2.7.2, sd:2.7.3","1-2_combined.json, 1-3_combined.json, 5-1_combined.json, 5-2_combined.json, top_combined.json",hf_comps,record_count=14；phase_count=8；mode_count=2；boss_count=4；max_app_rate=0.03；median_app_rate=0.02,包含 1 条 sentinel/missing 分数；记录稀疏或出场率较低
caesar|miyabi|ukinami-yuzuha,"caesar, miyabi, ukinami-yuzuha",凯撒·金 / 星见 雅 / 浮波柚叶,B-,14,6,9,2,6,5,1,0.03,0.02,75,13065,1,13,"da, sd","da:2.6.1, da:2.6.2, da:2.7.1, da:2.8.2, sd:2.6.1, sd:2.6.3, sd:2.7.2, sd:2.8.2, sd:2.8.3","1-1_combined.json, 1-3_combined.json, 5-1_combined.json, 5-2_combined.json, 5-3_combined.json, top_combined.json",hf_comps,record_count=14；phase_count=9；mode_count=2；boss_count=5；max_app_rate=0.03；median_app_rate=0.02,包含 13 条 sentinel/missing 分数；记录稀疏或出场率较低
qingyi|sunna|ye-shunguang,"qingyi, sunna, ye-shunguang",青衣 / 千夏 / 叶瞬光,B-,14,7,10,2,6,5,1,0.03,0.015,95,32382,13,1,"da, sd","da:2.6.1, da:2.6.2, da:2.8.1, da:2.8.3, sd:2.6.1, sd:2.6.3, sd:2.6.4, sd:2.7.3, sd:2.8.2, sd:2.8.3","1-1_combined.json, 1-2_combined.json, 1-3_combined.json, 5-1_combined.json, 5-3_combined.json, top_combined.json",hf_comps,record_count=14；phase_count=10；mode_count=2；boss_count=5；max_app_rate=0.03；median_app_rate=0.015,包含 1 条 sentinel/missing 分数；记录稀疏或出场率较低
astra-yao|caesar|ye-shunguang,"astra-yao, caesar, ye-shunguang",耀嘉音 / 凯撒·金 / 叶瞬光,B-,13,7,9,2,6,5,1,0.03,0.01,79,30861,5,8,"da, sd","da:2.6.1, da:2.6.2, da:2.7.2, da:2.8.1, da:2.8.2, sd:2.6.1, sd:2.6.3, sd:2.6.4, sd:2.8.3","1-2_combined.json, 1-3_combined.json, 5-1_combined.json, 5-2_combined.json, 5-3_combined.json, top_combined.json",hf_comps,record_count=13；phase_count=9；mode_count=2；boss_count=5；max_app_rate=0.03；median_app_rate=0.01,包含 8 条 sentinel/missing 分数；记录稀疏或出场率较低
astra-yao|nicole-demara|ye-shunguang,"astra-yao, nicole-demara, ye-shunguang",耀嘉音 / 妮可·德玛拉 / 叶瞬光,B-,13,7,9,2,5,4,1,0.03,0.02,91,33405,8,5,"da, sd","da:2.6.1, da:2.6.2, da:2.8.2, da:2.8.3, da:3.0.1, sd:2.6.3, sd:2.6.4, sd:2.7.3, sd:2.8.2","1-1_combined.json, 1-2_combined.json, 1-3_combined.json, 5-1_combined.json, top_combined.json",hf_comps,record_count=13；phase_count=9；mode_count=2；boss_count=4；max_app_rate=0.03；median_app_rate=0.02,包含 5 条 sentinel/missing 分数；记录稀疏或出场率较低
alice|caesar|ukinami-yuzuha,"alice, caesar, ukinami-yuzuha",爱丽丝·泰姆菲尔德 / 凯撒·金 / 浮波柚叶,B-,12,8,10,2,6,5,1,0.03,0.02,87,30278,9,3,"da, sd","da:2.6.2, da:2.7.2, da:2.8.1, da:2.8.3, sd:2.6.1, sd:2.6.3, sd:2.6.4, sd:2.7.3, sd:2.8.2, sd:2.8.3","1-1_combined.json, 1-3_combined.json, 5-1_combined.json, 5-2_combined.json, 5-3_combined.json, top_combined.json",hf_comps,record_count=12；phase_count=10；mode_count=2；boss_count=5；max_app_rate=0.03；median_app_rate=0.02,包含 3 条 sentinel/missing 分数；记录稀疏或出场率较低
koleda|lucia|yidhari,"koleda, lucia, yidhari",珂蕾妲·贝洛伯格 / 卢西娅 / 伊德海莉·墨菲,B-,12,6,7,2,4,3,1,0.03,0.03,92,31986,12,0,"da, sd","da:2.6.2, da:2.7.1, da:2.8.1, da:2.8.2, da:2.8.3, sd:2.6.4, sd:2.7.2","1-2_combined.json, 1-3_combined.json, 5-3_combined.json, top_combined.json",hf_comps,record_count=12；phase_count=7；mode_count=2；boss_count=3；max_app_rate=0.03；median_app_rate=0.03,记录稀疏或出场率较低
alice|astra-yao|nicole-demara,"alice, astra-yao, nicole-demara",爱丽丝·泰姆菲尔德 / 耀嘉音 / 妮可·德玛拉,B-,10,5,7,2,6,5,1,0.03,0.02,87,28071,7,3,"da, sd","da:2.6.1, da:2.8.2, da:2.8.3, sd:2.6.4, sd:2.7.3, sd:2.8.2, sd:2.8.3","1-1_combined.json, 1-3_combined.json, 5-1_combined.json, 5-2_combined.json, 5-3_combined.json, top_combined.json",hf_comps,record_count=10；phase_count=7；mode_count=2；boss_count=5；max_app_rate=0.03；median_app_rate=0.02,包含 3 条 sentinel/missing 分数；记录稀疏或出场率较低
ben|lighter|orphie-and-magus,"ben, lighter, orphie-and-magus",本·比格 / 莱特 / 奥菲丝·马格努森 & 「鬼火」,B-,10,5,7,2,6,5,1,0.03,0.02,95,29264,2,8,"da, sd","da:2.6.1, da:2.7.1, da:2.7.2, sd:2.6.1, sd:2.6.3, sd:2.6.4, sd:2.8.3","1-2_combined.json, 1-3_combined.json, 5-1_combined.json, 5-2_combined.json, 5-3_combined.json, top_combined.json",hf_comps,record_count=10；phase_count=7；mode_count=2；boss_count=5；max_app_rate=0.03；median_app_rate=0.02,包含 8 条 sentinel/missing 分数；记录稀疏或出场率较低
dialyn|nekomata|seed,"dialyn, nekomata, seed",琉音 / 猫宫 又奈 / 「席德」,B-,10,5,7,2,6,5,1,0.03,0.015,122,28758,10,0,"da, sd","da:2.6.2, da:2.8.1, da:2.8.3, sd:2.6.1, sd:2.6.3, sd:2.7.3, sd:2.8.2","1-2_combined.json, 1-3_combined.json, 5-1_combined.json, 5-2_combined.json, 5-3_combined.json, top_combined.json",hf_comps,record_count=10；phase_count=7；mode_count=2；boss_count=5；max_app_rate=0.03；median_app_rate=0.015,记录稀疏或出场率较低
evelyn|ju-fufu|sunna,"evelyn, ju-fufu, sunna",伊芙琳·舒瓦利耶 / 橘福福 / 千夏,B-,10,5,6,2,5,4,1,0.03,0.02,67,29844,10,0,"da, sd","da:2.6.1, da:2.6.2, sd:2.6.1, sd:2.6.3, sd:2.6.4, sd:2.8.3","1-1_combined.json, 1-3_combined.json, 5-2_combined.json, 5-3_combined.json, top_combined.json",hf_comps,record_count=10；phase_count=6；mode_count=2；boss_count=4；max_app_rate=0.03；median_app_rate=0.02,记录稀疏或出场率较低
lucia|sunna|yixuan,"lucia, sunna, yixuan",卢西娅 / 千夏 / 仪玄,B-,10,4,6,2,5,4,1,0.03,0.02,108,31014,9,1,"da, sd","da:2.6.1, da:2.7.1, sd:2.6.1, sd:2.6.3, sd:2.6.4, sd:2.7.2","1-2_combined.json, 5-1_combined.json, 5-2_combined.json, 5-3_combined.json, top_combined.json",hf_comps,record_count=10；phase_count=6；mode_count=2；boss_count=4；max_app_rate=0.03；median_app_rate=0.02,包含 1 条 sentinel/missing 分数；记录稀疏或出场率较低
astra-yao|ellen|zhao,"astra-yao, ellen, zhao",耀嘉音 / 艾莲·乔 / 照,B-,9,3,6,2,6,5,1,0.03,0.01,71,26093,2,7,"da, sd","da:2.6.1, da:2.7.1, da:2.8.3, sd:2.6.1, sd:2.6.4, sd:2.8.3","1-2_combined.json, 1-3_combined.json, 5-1_combined.json, 5-2_combined.json, 5-3_combined.json, top_combined.json",hf_comps,record_count=9；phase_count=6；mode_count=2；boss_count=5；max_app_rate=0.03；median_app_rate=0.01,包含 7 条 sentinel/missing 分数；记录稀疏或出场率较低
ellen|ju-fufu|zhao,"ellen, ju-fufu, zhao",艾莲·乔 / 橘福福 / 照,B-,9,6,8,2,5,4,1,0.03,0.01,84,25135,2,7,"da, sd","da:2.6.2, da:2.7.1, da:2.7.2, da:2.8.1, da:2.8.3, sd:2.6.1, sd:2.6.4, sd:2.8.3","1-2_combined.json, 1-3_combined.json, 5-2_combined.json, 5-3_combined.json, top_combined.json",hf_comps,record_count=9；phase_count=8；mode_count=2；boss_count=4；max_app_rate=0.03；median_app_rate=0.01,包含 7 条 sentinel/missing 分数；记录稀疏或出场率较低
harumasa|seed|zhao,"harumasa, seed, zhao",浅羽 悠真 / 「席德」 / 照,B-,9,5,7,2,5,4,1,0.03,0.02,115,30630,9,0,"da, sd","da:2.6.2, da:2.7.2, da:2.8.1, da:2.8.3, sd:2.6.1, sd:2.6.3, sd:2.7.3","1-2_combined.json, 1-3_combined.json, 5-1_combined.json, 5-2_combined.json, top_combined.json",hf_comps,record_count=9；phase_count=7；mode_count=2；boss_count=4；max_app_rate=0.03；median_app_rate=0.02,记录稀疏或出场率较低
anby-demara-soldier-0|seed|ukinami-yuzuha,"anby-demara-soldier-0, seed, ukinami-yuzuha",零号·安比 / 「席德」 / 浮波柚叶,B-,8,4,5,2,4,3,1,0.03,0.02,134,33510,8,0,"da, sd","da:2.6.2, da:2.7.2, sd:2.6.1, sd:2.6.3, sd:2.7.3","1-2_combined.json, 5-1_combined.json, 5-2_combined.json, top_combined.json",hf_comps,record_count=8；phase_count=5；mode_count=2；boss_count=3；max_app_rate=0.03；median_app_rate=0.02,记录稀疏或出场率较低
astra-yao|orphie-and-magus|yixuan,"astra-yao, orphie-and-magus, yixuan",耀嘉音 / 奥菲丝·马格努森 & 「鬼火」 / 仪玄,B-,8,4,6,2,5,4,1,0.03,0.02,108,27874,8,0,"da, sd","da:2.6.1, da:2.6.2, da:2.7.1, da:3.0.1, sd:2.6.1, sd:2.6.4","1-2_combined.json, 1-3_combined.json, 5-2_combined.json, 5-3_combined.json, top_combined.json",hf_comps,record_count=8；phase_count=6；mode_count=2；boss_count=4；max_app_rate=0.03；median_app_rate=0.02,记录稀疏或出场率较低
caesar|lighter|yidhari,"caesar, lighter, yidhari",凯撒·金 / 莱特 / 伊德海莉·墨菲,B-,8,5,6,2,4,3,1,0.03,0.02,100,27282,4,4,"da, sd","da:2.6.2, da:2.7.1, da:2.7.2, da:2.8.1, da:2.8.2, sd:2.7.2","1-2_combined.json, 1-3_combined.json, 5-3_combined.json, top_combined.json",hf_comps,record_count=8；phase_count=6；mode_count=2；boss_count=3；max_app_rate=0.03；median_app_rate=0.02,包含 4 条 sentinel/missing 分数；记录稀疏或出场率较低
cissia|dialyn|nicole-demara,"cissia, dialyn, nicole-demara",希希芙 / 琉音 / 妮可·德玛拉,B-,8,3,5,2,5,4,1,0.03,0.02,90,33719,8,0,"da, sd","da:2.7.2, da:2.8.1, sd:2.7.2, sd:2.7.3, sd:2.8.2","1-2_combined.json, 1-3_combined.json, 5-2_combined.json, 5-3_combined.json, top_combined.json",hf_comps,record_count=8；phase_count=5；mode_count=2；boss_count=4；max_app_rate=0.03；median_app_rate=0.02,记录稀疏或出场率较低
cissia|nicole-demara|trigger,"cissia, nicole-demara, trigger",希希芙 / 妮可·德玛拉 / 「扳机」,B-,8,4,8,2,4,4,1,0.03,0.03,90,30715,6,2,"da, sd","da:2.7.2, da:2.8.1, da:2.8.2, da:2.8.3, sd:2.7.2, sd:2.7.3, sd:2.8.2, sd:2.8.3","1-2_combined.json, 1-3_combined.json, 5-2_combined.json, 5-3_combined.json",hf_comps,record_count=8；phase_count=8；mode_count=2；boss_count=4；max_app_rate=0.03；median_app_rate=0.03,包含 2 条 sentinel/missing 分数；记录稀疏或出场率较低
ju-fufu|orphie-and-magus|yixuan,"ju-fufu, orphie-and-magus, yixuan",橘福福 / 奥菲丝·马格努森 & 「鬼火」 / 仪玄,B-,8,4,6,2,4,3,1,0.03,0.02,95,28437,8,0,"da, sd","da:2.6.1, da:2.6.2, da:2.7.1, da:2.8.1, sd:2.6.1, sd:2.6.4","1-2_combined.json, 1-3_combined.json, 5-3_combined.json, top_combined.json",hf_comps,record_count=8；phase_count=6；mode_count=2；boss_count=3；max_app_rate=0.03；median_app_rate=0.02,记录稀疏或出场率较低
lucy|miyabi|vivian,"lucy, miyabi, vivian",露西亚娜·德·蒙特夫 / 星见 雅 / 薇薇安·班希,B-,8,4,6,2,5,4,1,0.03,0.02,64,28567,5,3,"da, sd","da:2.6.1, da:2.8.2, sd:2.6.1, sd:2.6.3, sd:2.7.3, sd:2.8.2","1-1_combined.json, 1-3_combined.json, 5-2_combined.json, 5-3_combined.json, top_combined.json",hf_comps,record_count=8；phase_count=6；mode_count=2；boss_count=4；max_app_rate=0.03；median_app_rate=0.02,包含 3 条 sentinel/missing 分数；记录稀疏或出场率较低
lycaon|promeia|vivian,"lycaon, promeia, vivian",冯·莱卡恩 / 普罗米娅 / 薇薇安·班希,B-,8,2,4,2,5,4,1,0.03,0.02,96,29966,8,0,"da, sd","da:2.8.1, da:2.8.2, sd:2.7.3, sd:2.8.2","1-1_combined.json, 1-3_combined.json, 5-2_combined.json, 5-3_combined.json, top_combined.json",hf_comps,record_count=8；phase_count=4；mode_count=2；boss_count=4；max_app_rate=0.03；median_app_rate=0.02,记录稀疏或出场率较低
pan-yinhu|ukinami-yuzuha|yixuan,"pan-yinhu, ukinami-yuzuha, yixuan",潘引壶 / 浮波柚叶 / 仪玄,B-,8,4,5,2,4,3,1,0.03,0.015,138,27662,7,1,"da, sd","da:2.6.2, sd:2.6.1, sd:2.6.3, sd:2.7.2, sd:2.7.3","1-3_combined.json, 5-2_combined.json, 5-3_combined.json, top_combined.json",hf_comps,record_count=8；phase_count=5；mode_count=2；boss_count=3；max_app_rate=0.03；median_app_rate=0.015,包含 1 条 sentinel/missing 分数；记录稀疏或出场率较低
ukinami-yuzuha|vivian|yixuan,"ukinami-yuzuha, vivian, yixuan",浮波柚叶 / 薇薇安·班希 / 仪玄,B-,8,5,5,2,4,3,1,0.03,0.02,113,28124,8,0,"da, sd","da:2.8.2, sd:2.6.1, sd:2.6.3, sd:2.6.4, sd:2.7.3","1-3_combined.json, 5-2_combined.json, 5-3_combined.json, top_combined.json",hf_comps,record_count=8；phase_count=5；mode_count=2；boss_count=3；max_app_rate=0.03；median_app_rate=0.02,记录稀疏或出场率较低
anby-demara-soldier-0|astra-yao|sunna,"anby-demara-soldier-0, astra-yao, sunna",零号·安比 / 耀嘉音 / 千夏,B-,7,4,5,2,6,5,1,0.03,0.02,115,26035,7,0,"da, sd","da:2.6.2, da:2.8.3, sd:2.6.1, sd:2.6.3, sd:2.8.2","1-2_combined.json, 1-3_combined.json, 5-1_combined.json, 5-2_combined.json, 5-3_combined.json, top_combined.json",hf_comps,record_count=7；phase_count=5；mode_count=2；boss_count=5；max_app_rate=0.03；median_app_rate=0.02,记录稀疏或出场率较低
anby-demara-soldier-0|ju-fufu|sunna,"anby-demara-soldier-0, ju-fufu, sunna",零号·安比 / 橘福福 / 千夏,B-,7,4,6,2,5,4,1,0.03,0.02,115,27573,5,2,"da, sd","da:2.6.1, da:2.6.2, da:2.8.3, sd:2.6.1, sd:2.6.3, sd:2.7.3","1-2_combined.json, 1-3_combined.json, 5-1_combined.json, 5-2_combined.json, top_combined.json",hf_comps,record_count=7；phase_count=6；mode_count=2；boss_count=4；max_app_rate=0.03；median_app_rate=0.02,包含 2 条 sentinel/missing 分数；记录稀疏或出场率较低
aria|nangong-yu|promeia,"aria, nangong-yu, promeia",爱芮 / 南宫羽 / 普罗米娅,B-,7,4,4,2,4,3,1,0.03,0.02,89,29779,7,0,"da, sd","da:2.8.1, da:2.8.3, sd:2.8.2, sd:2.8.3","1-1_combined.json, 5-1_combined.json, 5-2_combined.json, top_combined.json",hf_comps,record_count=7；phase_count=4；mode_count=2；boss_count=3；max_app_rate=0.03；median_app_rate=0.02,记录稀疏或出场率较低
astra-yao|jane-doe|miyabi,"astra-yao, jane-doe, miyabi",耀嘉音 / 简·杜 / 星见 雅,B-,7,4,5,2,4,3,1,0.03,0.02,75,30279,5,2,"da, sd","da:2.6.1, da:2.7.1, da:2.8.2, da:2.8.3, sd:2.6.1","1-1_combined.json, 1-3_combined.json, 5-2_combined.json, top_combined.json",hf_comps,record_count=7；phase_count=5；mode_count=2；boss_count=3；max_app_rate=0.03；median_app_rate=0.02,包含 2 条 sentinel/missing 分数；记录稀疏或出场率较低
banyue|lucia|yixuan,"banyue, lucia, yixuan",般岳 / 卢西娅 / 仪玄,B-,7,5,6,2,5,4,1,0.03,0.02,93,28778,5,2,"da, sd","da:2.6.1, da:2.6.2, da:2.8.1, sd:2.6.1, sd:2.6.4, sd:2.8.3","1-2_combined.json, 1-3_combined.json, 5-2_combined.json, 5-3_combined.json, top_combined.json",hf_comps,record_count=7；phase_count=6；mode_count=2；boss_count=4；max_app_rate=0.03；median_app_rate=0.02,包含 2 条 sentinel/missing 分数；记录稀疏或出场率较低
caesar|cissia|seed,"caesar, cissia, seed",凯撒·金 / 希希芙 / 「席德」,B-,7,4,4,1,3,2,1,0.03,0.02,116,30722,7,0,sd,"sd:2.7.2, sd:2.7.3, sd:2.8.2, sd:2.8.3","5-2_combined.json, 5-3_combined.json, top_combined.json",hf_comps,record_count=7；phase_count=4；mode_count=1；boss_count=2；max_app_rate=0.03；median_app_rate=0.02,记录稀疏或出场率较低
caesar|harumasa|qingyi,"caesar, harumasa, qingyi",凯撒·金 / 浅羽 悠真 / 青衣,B-,7,5,6,2,5,4,1,0.03,0.02,130,25340,3,4,"da, sd","da:2.6.1, da:2.7.2, da:2.8.3, sd:2.6.1, sd:2.7.3, sd:2.8.2","1-2_combined.json, 1-3_combined.json, 5-2_combined.json, 5-3_combined.json, top_combined.json",hf_comps,record_count=7；phase_count=6；mode_count=2；boss_count=4；max_app_rate=0.03；median_app_rate=0.02,包含 4 条 sentinel/missing 分数；记录稀疏或出场率较低
cissia|lucy|seed,"cissia, lucy, seed",希希芙 / 露西亚娜·德·蒙特夫 / 「席德」,B-,7,4,5,2,4,3,1,0.03,0.02,121,32643,7,0,"da, sd","da:2.8.1, da:2.8.3, sd:2.7.2, sd:2.7.3, sd:2.8.2","1-3_combined.json, 5-2_combined.json, 5-3_combined.json, top_combined.json",hf_comps,record_count=7；phase_count=5；mode_count=2；boss_count=3；max_app_rate=0.03；median_app_rate=0.02,记录稀疏或出场率较低
cissia|qingyi|sunna,"cissia, qingyi, sunna",希希芙 / 青衣 / 千夏,B-,7,4,5,2,4,3,1,0.03,0.02,118,33497,2,5,"da, sd","da:2.8.1, da:2.8.3, sd:2.7.2, sd:2.7.3, sd:2.8.2","1-3_combined.json, 5-2_combined.json, 5-3_combined.json, top_combined.json",hf_comps,record_count=7；phase_count=5；mode_count=2；boss_count=3；max_app_rate=0.03；median_app_rate=0.02,包含 5 条 sentinel/missing 分数；记录稀疏或出场率较低
ellen|lighter|lycaon,"ellen, lighter, lycaon",艾莲·乔 / 莱特 / 冯·莱卡恩,B-,7,5,5,2,4,3,1,0.03,0.01,92,20863,4,3,"da, sd","da:2.7.1, da:2.7.2, da:2.8.2, da:3.0.1, sd:2.6.1","1-2_combined.json, 1-3_combined.json, 5-2_combined.json, top_combined.json",hf_comps,record_count=7；phase_count=5；mode_count=2；boss_count=3；max_app_rate=0.03；median_app_rate=0.01,包含 3 条 sentinel/missing 分数；记录稀疏或出场率较低
ju-fufu|nicole-demara|soldier-11,"ju-fufu, nicole-demara, soldier-11",橘福福 / 妮可·德玛拉 / 「11号」,B-,7,3,5,2,5,4,1,0.03,0.02,114,28839,3,4,"da, sd","da:2.6.1, da:2.8.1, sd:2.6.1, sd:2.6.4, sd:2.7.3","1-2_combined.json, 5-1_combined.json, 5-2_combined.json, 5-3_combined.json, top_combined.json",hf_comps,record_count=7；phase_count=5；mode_count=2；boss_count=4；max_app_rate=0.03；median_app_rate=0.02,包含 4 条 sentinel/missing 分数；记录稀疏或出场率较低
ju-fufu|ukinami-yuzuha|yixuan,"ju-fufu, ukinami-yuzuha, yixuan",橘福福 / 浮波柚叶 / 仪玄,B-,7,4,5,2,4,3,1,0.03,0.01,134,29871,7,0,"da, sd","da:2.6.1, sd:2.6.1, sd:2.6.3, sd:2.6.4, sd:2.7.3","1-2_combined.json, 5-2_combined.json, 5-3_combined.json, top_combined.json",hf_comps,record_count=7；phase_count=5；mode_count=2；boss_count=3；max_app_rate=0.03；median_app_rate=0.01,记录稀疏或出场率较低
orphie-and-magus|seed|ukinami-yuzuha,"orphie-and-magus, seed, ukinami-yuzuha",奥菲丝·马格努森 & 「鬼火」 / 「席德」 / 浮波柚叶,B-,7,3,5,2,4,3,1,0.03,0.01,131,32829,6,1,"da, sd","da:2.6.1, da:2.6.2, sd:2.6.1, sd:2.6.3, sd:2.7.2","1-2_combined.json, 5-1_combined.json, 5-2_combined.json, top_combined.json",hf_comps,record_count=7；phase_count=5；mode_count=2；boss_count=3；max_app_rate=0.03；median_app_rate=0.01,包含 1 条 sentinel/missing 分数；记录稀疏或出场率较低
anton|astra-yao|cissia,"anton, astra-yao, cissia",安东·伊万诺夫 / 耀嘉音 / 希希芙,B-,6,2,3,2,3,2,1,0.03,0.02,90,30094,6,0,"da, sd","da:2.8.1, da:2.8.3, sd:2.7.3","1-3_combined.json, 5-2_combined.json, top_combined.json",hf_comps,record_count=6；phase_count=3；mode_count=2；boss_count=2；max_app_rate=0.03；median_app_rate=0.02,记录稀疏或出场率较低
aria|astra-yao|nicole-demara,"aria, astra-yao, nicole-demara",爱芮 / 耀嘉音 / 妮可·德玛拉,B-,6,3,3,2,4,3,1,0.03,0.03,113,28677,6,0,"da, sd","da:2.8.2, sd:2.6.3, sd:2.6.4","1-3_combined.json, 5-2_combined.json, 5-3_combined.json, top_combined.json",hf_comps,record_count=6；phase_count=3；mode_count=2；boss_count=3；max_app_rate=0.03；median_app_rate=0.03,记录稀疏或出场率较低
astra-yao|billy-starlight|zhao,"astra-yao, billy-starlight, zhao",耀嘉音 / 星徽·比利 / 照,B-,6,3,5,2,5,4,1,0.03,0.02,106,33140,4,2,"da, sd","da:2.8.2, da:2.8.3, da:3.0.1, sd:2.8.2, sd:2.8.3","1-2_combined.json, 1-3_combined.json, 5-1_combined.json, 5-2_combined.json, top_combined.json",hf_comps,record_count=6；phase_count=5；mode_count=2；boss_count=4；max_app_rate=0.03；median_app_rate=0.02,包含 2 条 sentinel/missing 分数；记录稀疏或出场率较低
astra-yao|cissia|harumasa,"astra-yao, cissia, harumasa",耀嘉音 / 希希芙 / 浅羽 悠真,B-,6,4,5,2,4,3,1,0.03,0.02,122,30174,6,0,"da, sd","da:2.8.1, da:2.8.3, sd:2.7.2, sd:2.7.3, sd:2.8.2","1-3_combined.json, 5-2_combined.json, 5-3_combined.json, top_combined.json",hf_comps,record_count=6；phase_count=5；mode_count=2；boss_count=3；max_app_rate=0.03；median_app_rate=0.02,记录稀疏或出场率较低
astra-yao|cissia|pulchra,"astra-yao, cissia, pulchra",耀嘉音 / 希希芙 / 波可娜·费雷尼,B-,6,4,4,2,4,3,1,0.03,0.015,130,30258,6,0,"da, sd","da:2.8.3, sd:2.7.2, sd:2.7.3, sd:2.8.2","1-3_combined.json, 5-2_combined.json, 5-3_combined.json, top_combined.json",hf_comps,record_count=6；phase_count=4；mode_count=2；boss_count=3；max_app_rate=0.03；median_app_rate=0.015,记录稀疏或出场率较低
astra-yao|lycaon|yixuan,"astra-yao, lycaon, yixuan",耀嘉音 / 冯·莱卡恩 / 仪玄,B-,6,3,4,2,4,3,1,0.03,0.015,117,25854,5,1,"da, sd","da:2.6.2, da:2.8.2, da:3.0.1, sd:2.6.3","1-2_combined.json, 1-3_combined.json, 5-2_combined.json, top_combined.json",hf_comps,record_count=6；phase_count=4；mode_count=2；boss_count=3；max_app_rate=0.03；median_app_rate=0.015,包含 1 条 sentinel/missing 分数；记录稀疏或出场率较低
billy-kid|sunna|trigger,"billy-kid, sunna, trigger",比利·奇德 / 千夏 / 「扳机」,B-,6,3,4,2,4,3,1,0.03,0.03,115,25201,5,1,"da, sd","da:2.6.1, da:2.6.2, da:2.8.3, sd:2.6.3","1-2_combined.json, 1-3_combined.json, 5-1_combined.json, top_combined.json",hf_comps,record_count=6；phase_count=4；mode_count=2；boss_count=3；max_app_rate=0.03；median_app_rate=0.03,包含 1 条 sentinel/missing 分数；记录稀疏或出场率较低
burnice|nicole-demara|vivian,"burnice, nicole-demara, vivian",柏妮思·怀特 / 妮可·德玛拉 / 薇薇安·班希,B-,6,3,4,2,3,2,1,0.03,0.02,127,28109,5,1,"da, sd","da:2.6.1, sd:2.6.1, sd:2.6.3, sd:2.6.4","5-2_combined.json, 5-3_combined.json, top_combined.json",hf_comps,record_count=6；phase_count=4；mode_count=2；boss_count=2；max_app_rate=0.03；median_app_rate=0.02,包含 1 条 sentinel/missing 分数；记录稀疏或出场率较低
cissia|seed|ukinami-yuzuha,"cissia, seed, ukinami-yuzuha",希希芙 / 「席德」 / 浮波柚叶,B-,6,4,5,2,6,5,1,0.03,0.015,121,31897,6,0,"da, sd","da:2.7.2, da:2.8.1, da:3.0.1, sd:2.7.3, sd:2.8.2","1-1_combined.json, 1-2_combined.json, 1-3_combined.json, 5-2_combined.json, 5-3_combined.json, top_combined.json",hf_comps,record_count=6；phase_count=5；mode_count=2；boss_count=5；max_app_rate=0.03；median_app_rate=0.015,记录稀疏或出场率较低
lighter|soldier-11|trigger,"lighter, soldier-11, trigger",莱特 / 「11号」 / 「扳机」,B-,6,4,4,2,4,3,1,0.03,0.015,129,36209,6,0,"da, sd","da:2.7.1, sd:2.6.1, sd:2.6.3, sd:2.8.3","1-2_combined.json, 5-2_combined.json, 5-3_combined.json, top_combined.json",hf_comps,record_count=6；phase_count=4；mode_count=2；boss_count=3；max_app_rate=0.03；median_app_rate=0.015,记录稀疏或出场率较低
nangong-yu|promeia|soukaku,"nangong-yu, promeia, soukaku",南宫羽 / 普罗米娅 / 苍角,B-,6,2,4,2,5,4,1,0.03,0.01,106,27608,6,0,"da, sd","da:2.8.2, da:2.8.3, sd:2.8.2, sd:2.8.3","1-1_combined.json, 1-3_combined.json, 5-1_combined.json, 5-2_combined.json, top_combined.json",hf_comps,record_count=6；phase_count=4；mode_count=2；boss_count=4；max_app_rate=0.03；median_app_rate=0.01,记录稀疏或出场率较低
soldier-11|trigger|zhao,"soldier-11, trigger, zhao",「11号」 / 「扳机」 / 照,B-,6,2,3,2,4,3,1,0.03,0.025,112,29946,6,0,"da, sd","da:2.6.2, da:2.8.1, sd:2.6.3","1-2_combined.json, 1-3_combined.json, 5-2_combined.json, top_combined.json",hf_comps,record_count=6；phase_count=3；mode_count=2；boss_count=3；max_app_rate=0.03；median_app_rate=0.025,记录稀疏或出场率较低
alice|burnice|sunna,"alice, burnice, sunna",爱丽丝·泰姆菲尔德 / 柏妮思·怀特 / 千夏,B-,5,2,3,2,5,4,1,0.03,0.02,95,27718,5,0,"da, sd","da:2.6.1, sd:2.6.1, sd:2.6.3","1-1_combined.json, 5-1_combined.json, 5-2_combined.json, 5-3_combined.json, top_combined.json",hf_comps,record_count=5；phase_count=3；mode_count=2；boss_count=4；max_app_rate=0.03；median_app_rate=0.02,记录稀疏或出场率较低
alice|ukinami-yuzuha|ye-shunguang,"alice, ukinami-yuzuha, ye-shunguang",爱丽丝·泰姆菲尔德 / 浮波柚叶 / 叶瞬光,B-,5,3,3,2,3,2,1,0.03,0.02,79,28559,5,0,"da, sd","da:2.6.2, sd:2.6.1, sd:2.6.4","1-2_combined.json, 5-1_combined.json, top_combined.json",hf_comps,record_count=5；phase_count=3；mode_count=2；boss_count=2；max_app_rate=0.03；median_app_rate=0.02,记录稀疏或出场率较低
alice|yanagi|zhao,"alice, yanagi, zhao",爱丽丝·泰姆菲尔德 / 月城 柳 / 照,B-,5,2,3,2,3,2,1,0.03,0.02,76,28846,4,1,"da, sd","da:2.6.1, sd:2.6.1, sd:2.8.2","5-1_combined.json, 5-3_combined.json, top_combined.json",hf_comps,record_count=5；phase_count=3；mode_count=2；boss_count=2；max_app_rate=0.03；median_app_rate=0.02,包含 1 条 sentinel/missing 分数；记录稀疏或出场率较低
astra-yao|evelyn|miyabi,"astra-yao, evelyn, miyabi",耀嘉音 / 伊芙琳·舒瓦利耶 / 星见 雅,B-,5,3,3,1,2,1,1,0.03,0.02,128,,0,5,sd,"sd:2.6.4, sd:2.7.2, sd:2.8.3","5-3_combined.json, top_combined.json",hf_comps,record_count=5；phase_count=3；mode_count=1；boss_count=1；max_app_rate=0.03；median_app_rate=0.02,全部表现分数为 sentinel/missing
astra-yao|hugo|lycaon,"astra-yao, hugo, lycaon",耀嘉音 / 雨果·维拉德 / 冯·莱卡恩,B-,5,4,4,2,4,3,1,0.03,0.01,107,23008,3,2,"da, sd","da:2.7.1, da:2.7.2, da:3.0.1, sd:2.8.2","1-2_combined.json, 1-3_combined.json, 5-2_combined.json, top_combined.json",hf_comps,record_count=5；phase_count=4；mode_count=2；boss_count=3；max_app_rate=0.03；median_app_rate=0.01,包含 2 条 sentinel/missing 分数；记录稀疏或出场率较低
astra-yao|jane-doe|ukinami-yuzuha,"astra-yao, jane-doe, ukinami-yuzuha",耀嘉音 / 简·杜 / 浮波柚叶,B-,5,1,2,2,4,3,1,0.03,0.01,105,,0,5,"da, sd","da:2.6.2, sd:2.6.3","1-1_combined.json, 5-1_combined.json, 5-2_combined.json, top_combined.json",hf_comps,record_count=5；phase_count=2；mode_count=2；boss_count=3；max_app_rate=0.03；median_app_rate=0.01,全部表现分数为 sentinel/missing
astra-yao|nicole-demara|promeia,"astra-yao, nicole-demara, promeia",耀嘉音 / 妮可·德玛拉 / 普罗米娅,B-,5,3,4,2,4,3,1,0.03,0.02,81,25729,5,0,"da, sd","da:2.8.1, da:2.8.2, sd:2.8.2, sd:2.8.3","1-1_combined.json, 5-1_combined.json, 5-2_combined.json, top_combined.json",hf_comps,record_count=5；phase_count=4；mode_count=2；boss_count=3；max_app_rate=0.03；median_app_rate=0.02,记录稀疏或出场率较低
billy-kid|nicole-demara|seed,"billy-kid, nicole-demara, seed",比利·奇德 / 妮可·德玛拉 / 「席德」,B-,5,5,5,2,3,3,1,0.03,0.01,90,27378,5,0,"da, sd","da:2.6.2, da:2.8.1, da:2.8.3, sd:2.6.1, sd:2.7.2","1-2_combined.json, 1-3_combined.json, 5-2_combined.json",hf_comps,record_count=5；phase_count=5；mode_count=2；boss_count=3；max_app_rate=0.03；median_app_rate=0.01,记录稀疏或出场率较低
burnice|jane-doe|lucy,"burnice, jane-doe, lucy",柏妮思·怀特 / 简·杜 / 露西亚娜·德·蒙特夫,B-,5,2,3,2,3,2,1,0.03,0.02,102,19102,4,1,"da, sd","da:2.6.1, da:2.8.2, sd:2.8.2","1-1_combined.json, 5-1_combined.json, top_combined.json",hf_comps,record_count=5；phase_count=3；mode_count=2；boss_count=2；max_app_rate=0.03；median_app_rate=0.02,包含 1 条 sentinel/missing 分数；记录稀疏或出场率较低
burnice|nangong-yu|vivian,"burnice, nangong-yu, vivian",柏妮思·怀特 / 南宫羽 / 薇薇安·班希,B-,5,4,4,2,5,4,1,0.03,0.02,90,29758,5,0,"da, sd","da:2.8.2, sd:2.6.4, sd:2.7.2, sd:2.7.3","1-1_combined.json, 5-1_combined.json, 5-2_combined.json, 5-3_combined.json, top_combined.json",hf_comps,record_count=5；phase_count=4；mode_count=2；boss_count=4；max_app_rate=0.03；median_app_rate=0.02,记录稀疏或出场率较低
grace-howard|trigger|ukinami-yuzuha,"grace-howard, trigger, ukinami-yuzuha",格莉丝·霍华德 / 「扳机」 / 浮波柚叶,B-,5,4,4,2,4,3,1,0.03,0.03,105,37192,5,0,"da, sd","da:2.6.2, sd:2.6.1, sd:2.7.2, sd:2.8.2","1-1_combined.json, 5-2_combined.json, 5-3_combined.json, top_combined.json",hf_comps,record_count=5；phase_count=4；mode_count=2；boss_count=3；max_app_rate=0.03；median_app_rate=0.03,记录稀疏或出场率较低
lucia|miyabi|vivian,"lucia, miyabi, vivian",卢西娅 / 星见 雅 / 薇薇安·班希,B-,5,3,3,1,3,2,1,0.03,0.02,109,27287,3,2,sd,"sd:2.6.1, sd:2.6.3, sd:2.8.2","5-2_combined.json, 5-3_combined.json, top_combined.json",hf_comps,record_count=5；phase_count=3；mode_count=1；boss_count=2；max_app_rate=0.03；median_app_rate=0.02,包含 2 条 sentinel/missing 分数；记录稀疏或出场率较低
nicole-demara|trigger|yanagi,"nicole-demara, trigger, yanagi",妮可·德玛拉 / 「扳机」 / 月城 柳,B-,5,3,4,2,4,3,1,0.03,0.01,147,31700,5,0,"da, sd","da:2.7.2, sd:2.6.1, sd:2.6.3, sd:2.7.2","1-2_combined.json, 5-1_combined.json, 5-2_combined.json, top_combined.json",hf_comps,record_count=5；phase_count=4；mode_count=2；boss_count=3；max_app_rate=0.03；median_app_rate=0.01,记录稀疏或出场率较低
alice|jane-doe|vivian,"alice, jane-doe, vivian",爱丽丝·泰姆菲尔德 / 简·杜 / 薇薇安·班希,B-,4,4,4,2,3,3,1,0.03,0.02,75,30005,4,0,"da, sd","da:2.6.1, da:2.7.1, da:2.8.2, sd:2.6.3","1-1_combined.json, 1-3_combined.json, 5-2_combined.json",hf_comps,record_count=4；phase_count=4；mode_count=2；boss_count=3；max_app_rate=0.03；median_app_rate=0.02,记录稀疏或出场率较低
astra-yao|banyue|pan-yinhu,"astra-yao, banyue, pan-yinhu",耀嘉音 / 般岳 / 潘引壶,B-,4,3,3,2,4,3,1,0.03,0.015,128,28318,4,0,"da, sd","da:2.6.2, da:2.8.1, sd:2.6.1","1-2_combined.json, 1-3_combined.json, 5-3_combined.json, top_combined.json",hf_comps,record_count=4；phase_count=3；mode_count=2；boss_count=3；max_app_rate=0.03；median_app_rate=0.015,记录稀疏或出场率较低
astra-yao|burnice|lighter,"astra-yao, burnice, lighter",耀嘉音 / 柏妮思·怀特 / 莱特,B-,4,2,3,2,2,1,1,0.03,0.015,137,26782,1,3,"da, sd","da:2.6.1, sd:2.6.1, sd:2.8.3","5-3_combined.json, top_combined.json",hf_comps,record_count=4；phase_count=3；mode_count=2；boss_count=1；max_app_rate=0.03；median_app_rate=0.015,包含 3 条 sentinel/missing 分数；记录稀疏或出场率较低
astra-yao|jane-doe|nangong-yu,"astra-yao, jane-doe, nangong-yu",耀嘉音 / 简·杜 / 南宫羽,B-,4,2,3,2,4,3,1,0.03,0.015,91,21059,2,2,"da, sd","da:2.7.2, da:2.8.2, sd:2.8.2","1-1_combined.json, 1-3_combined.json, 5-1_combined.json, top_combined.json",hf_comps,record_count=4；phase_count=3；mode_count=2；boss_count=3；max_app_rate=0.03；median_app_rate=0.015,包含 2 条 sentinel/missing 分数；记录稀疏或出场率较低
astra-yao|qingyi|zhu-yuan,"astra-yao, qingyi, zhu-yuan",耀嘉音 / 青衣 / 朱鸢,B-,4,2,2,1,3,2,1,0.03,0.02,117,,0,4,da,"da:2.8.2, da:3.0.1","1-2_combined.json, 1-3_combined.json, top_combined.json",hf_comps,record_count=4；phase_count=2；mode_count=1；boss_count=2；max_app_rate=0.03；median_app_rate=0.02,全部表现分数为 sentinel/missing
cissia|dialyn|orphie-and-magus,"cissia, dialyn, orphie-and-magus",希希芙 / 琉音 / 奥菲丝·马格努森 & 「鬼火」,B-,4,3,3,2,4,3,1,0.03,0.02,130,30090,4,0,"da, sd","da:2.8.3, sd:2.7.3, sd:2.8.2","1-3_combined.json, 5-2_combined.json, 5-3_combined.json, top_combined.json",hf_comps,record_count=4；phase_count=3；mode_count=2；boss_count=3；max_app_rate=0.03；median_app_rate=0.02,记录稀疏或出场率较低
dialyn|evelyn|seed,"dialyn, evelyn, seed",琉音 / 伊芙琳·舒瓦利耶 / 「席德」,B-,4,3,3,2,4,3,1,0.03,0.015,121,32516,4,0,"da, sd","da:2.6.2, sd:2.7.3, sd:2.8.3","1-2_combined.json, 5-2_combined.json, 5-3_combined.json, top_combined.json",hf_comps,record_count=4；phase_count=3；mode_count=2；boss_count=3；max_app_rate=0.03；median_app_rate=0.015,记录稀疏或出场率较低
dialyn|harumasa|qingyi,"dialyn, harumasa, qingyi",琉音 / 浅羽 悠真 / 青衣,B-,4,3,3,2,3,2,1,0.03,0.02,147,29165,4,0,"da, sd","da:2.6.2, da:2.7.2, sd:2.6.1","1-2_combined.json, 5-2_combined.json, top_combined.json",hf_comps,record_count=4；phase_count=3；mode_count=2；boss_count=2；max_app_rate=0.03；median_app_rate=0.02,记录稀疏或出场率较低
dialyn|manato|pan-yinhu,"dialyn, manato, pan-yinhu",琉音 / 狛野真斗 / 潘引壶,B-,4,2,2,1,3,2,1,0.03,0.02,113,21900,4,0,da,"da:2.6.2, da:2.8.2","1-2_combined.json, 1-3_combined.json, top_combined.json",hf_comps,record_count=4；phase_count=2；mode_count=1；boss_count=2；max_app_rate=0.03；median_app_rate=0.02,记录稀疏或出场率较低
evelyn|orphie-and-magus|trigger,"evelyn, orphie-and-magus, trigger",伊芙琳·舒瓦利耶 / 奥菲丝·马格努森 & 「鬼火」 / 「扳机」,B-,4,2,2,1,2,1,1,0.03,0.03,121,28869,4,0,sd,"sd:2.6.1, sd:2.8.3","5-3_combined.json, top_combined.json",hf_comps,record_count=4；phase_count=2；mode_count=1；boss_count=1；max_app_rate=0.03；median_app_rate=0.03,记录稀疏或出场率较低
miyabi|nangong-yu|promeia,"miyabi, nangong-yu, promeia",星见 雅 / 南宫羽 / 普罗米娅,B-,4,3,3,2,4,3,1,0.03,0.02,89,26566,4,0,"da, sd","da:2.8.1, sd:2.8.2, sd:2.8.3","1-1_combined.json, 5-1_combined.json, 5-2_combined.json, top_combined.json",hf_comps,record_count=4；phase_count=3；mode_count=2；boss_count=3；max_app_rate=0.03；median_app_rate=0.02,记录稀疏或出场率较低
pan-yinhu|sunna|yixuan,"pan-yinhu, sunna, yixuan",潘引壶 / 千夏 / 仪玄,B-,4,2,2,1,3,2,1,0.03,0.015,138,27262,4,0,sd,"sd:2.6.3, sd:2.6.4","5-2_combined.json, 5-3_combined.json, top_combined.json",hf_comps,record_count=4；phase_count=2；mode_count=1；boss_count=2；max_app_rate=0.03；median_app_rate=0.015,记录稀疏或出场率较低
seed|trigger|ye-shunguang,"seed, trigger, ye-shunguang",「席德」 / 「扳机」 / 叶瞬光,B-,4,3,3,2,4,3,1,0.03,0.02,115,28865,4,0,"da, sd","da:2.6.2, da:2.8.1, sd:2.8.2","1-2_combined.json, 1-3_combined.json, 5-3_combined.json, top_combined.json",hf_comps,record_count=4；phase_count=3；mode_count=2；boss_count=3；max_app_rate=0.03；median_app_rate=0.02,记录稀疏或出场率较低
sunna|ukinami-yuzuha|ye-shunguang,"sunna, ukinami-yuzuha, ye-shunguang",千夏 / 浮波柚叶 / 叶瞬光,B-,4,2,3,2,4,3,1,0.03,0.025,96,33399,4,0,"da, sd","da:2.6.2, da:2.7.1, sd:2.6.4","1-1_combined.json, 1-2_combined.json, 5-1_combined.json, top_combined.json",hf_comps,record_count=4；phase_count=3；mode_count=2；boss_count=3；max_app_rate=0.03；median_app_rate=0.025,记录稀疏或出场率较低
alice|astra-yao|zhao,"alice, astra-yao, zhao",爱丽丝·泰姆菲尔德 / 耀嘉音 / 照,B-,3,2,2,1,3,2,1,0.03,0.03,76,29170,3,0,sd,"sd:2.6.1, sd:2.8.3","5-1_combined.json, 5-3_combined.json, top_combined.json",hf_comps,record_count=3；phase_count=2；mode_count=1；boss_count=2；max_app_rate=0.03；median_app_rate=0.03,记录稀疏或出场率较低
alice|jane-doe|nangong-yu,"alice, jane-doe, nangong-yu",爱丽丝·泰姆菲尔德 / 简·杜 / 南宫羽,B-,3,3,3,2,3,3,1,0.03,0.02,111,25257,2,1,"da, sd","da:2.7.2, da:2.8.2, sd:2.7.3","1-1_combined.json, 1-3_combined.json, 5-1_combined.json",hf_comps,record_count=3；phase_count=3；mode_count=2；boss_count=3；max_app_rate=0.03；median_app_rate=0.02,包含 1 条 sentinel/missing 分数；记录稀疏或出场率较低
anby-demara-soldier-0|lucia|trigger,"anby-demara-soldier-0, lucia, trigger",零号·安比 / 卢西娅 / 「扳机」,B-,3,1,2,2,2,1,1,0.03,0.03,147,29610,2,1,"da, sd","da:2.6.1, sd:2.6.1","5-2_combined.json, top_combined.json",hf_comps,record_count=3；phase_count=2；mode_count=2；boss_count=1；max_app_rate=0.03；median_app_rate=0.03,包含 1 条 sentinel/missing 分数；记录稀疏或出场率较低
aria|lucia|sunna,"aria, lucia, sunna",爱芮 / 卢西娅 / 千夏,B-,3,2,2,2,3,2,1,0.03,0.03,113,28430,3,0,"da, sd","da:2.8.2, sd:2.6.3","1-3_combined.json, 5-3_combined.json, top_combined.json",hf_comps,record_count=3；phase_count=2；mode_count=2；boss_count=2；max_app_rate=0.03；median_app_rate=0.03,记录稀疏或出场率较低
astra-yao|rina|yanagi,"astra-yao, rina, yanagi",耀嘉音 / 亚历山德丽娜·莎芭丝缇安 / 月城 柳,B-,3,3,3,1,2,2,1,0.03,0.02,130,30348,2,1,sd,"sd:2.6.1, sd:2.7.2, sd:2.8.2","5-2_combined.json, 5-3_combined.json",hf_comps,record_count=3；phase_count=3；mode_count=1；boss_count=2；max_app_rate=0.03；median_app_rate=0.02,包含 1 条 sentinel/missing 分数；记录稀疏或出场率较低
billy-starlight|pan-yinhu|zhao,"billy-starlight, pan-yinhu, zhao",星徽·比利 / 潘引壶 / 照,B-,3,2,3,2,3,3,1,0.03,0.01,103,26817,3,0,"da, sd","da:2.8.3, da:3.0.1, sd:2.8.3","1-2_combined.json, 1-3_combined.json, 5-2_combined.json",hf_comps,record_count=3；phase_count=3；mode_count=2；boss_count=3；max_app_rate=0.03；median_app_rate=0.01,记录稀疏或出场率较低
burnice|rina|yanagi,"burnice, rina, yanagi",柏妮思·怀特 / 亚历山德丽娜·莎芭丝缇安 / 月城 柳,B-,3,2,2,1,3,2,1,0.03,0.03,147,30096,3,0,sd,"sd:2.6.1, sd:2.8.2","5-2_combined.json, 5-3_combined.json, top_combined.json",hf_comps,record_count=3；phase_count=2；mode_count=1；boss_count=2；max_app_rate=0.03；median_app_rate=0.03,记录稀疏或出场率较低
cissia|orphie-and-magus|seed,"cissia, orphie-and-magus, seed",希希芙 / 奥菲丝·马格努森 & 「鬼火」 / 「席德」,B-,3,2,2,1,3,2,1,0.03,0.02,121,32058,3,0,sd,"sd:2.7.3, sd:2.8.2","5-2_combined.json, 5-3_combined.json, top_combined.json",hf_comps,record_count=3；phase_count=2；mode_count=1；boss_count=2；max_app_rate=0.03；median_app_rate=0.02,记录稀疏或出场率较低
grace-howard|miyabi|rina,"grace-howard, miyabi, rina",格莉丝·霍华德 / 星见 雅 / 亚历山德丽娜·莎芭丝缇安,B-,3,2,2,1,3,2,1,0.03,0.02,147,26698,1,2,sd,"sd:2.6.1, sd:2.8.2","5-2_combined.json, 5-3_combined.json, top_combined.json",hf_comps,record_count=3；phase_count=2；mode_count=1；boss_count=2；max_app_rate=0.03；median_app_rate=0.02,包含 2 条 sentinel/missing 分数；记录稀疏或出场率较低
jane-doe|ukinami-yuzuha|zhao,"jane-doe, ukinami-yuzuha, zhao",简·杜 / 浮波柚叶 / 照,B-,3,2,2,2,3,2,1,0.03,0.02,89,26040,3,0,"da, sd","da:2.6.2, sd:2.6.1","1-1_combined.json, 5-1_combined.json, top_combined.json",hf_comps,record_count=3；phase_count=2；mode_count=2；boss_count=2；max_app_rate=0.03；median_app_rate=0.02,记录稀疏或出场率较低
lighter|soldier-11|ukinami-yuzuha,"lighter, soldier-11, ukinami-yuzuha",莱特 / 「11号」 / 浮波柚叶,B-,3,2,2,1,3,2,1,0.03,0.03,137,33458,3,0,sd,"sd:2.6.1, sd:2.6.3","5-2_combined.json, 5-3_combined.json, top_combined.json",hf_comps,record_count=3；phase_count=2；mode_count=1；boss_count=2；max_app_rate=0.03；median_app_rate=0.03,记录稀疏或出场率较低
lycaon|ukinami-yuzuha|yidhari,"lycaon, ukinami-yuzuha, yidhari",冯·莱卡恩 / 浮波柚叶 / 伊德海莉·墨菲,B-,3,2,2,2,3,2,1,0.03,0.02,128,28980,3,0,"da, sd","da:2.6.2, sd:2.6.4","1-3_combined.json, 5-3_combined.json, top_combined.json",hf_comps,record_count=3；phase_count=2；mode_count=2；boss_count=2；max_app_rate=0.03；median_app_rate=0.02,记录稀疏或出场率较低
miyabi|nangong-yu|velina,"miyabi, nangong-yu, velina",星见 雅 / 南宫羽 / 维琳娜·艾嘉德,B-,3,1,2,2,3,2,1,0.03,0.02,88,29978,3,0,"da, sd","da:3.0.1, sd:2.8.3","1-1_combined.json, 5-1_combined.json, top_combined.json",hf_comps,record_count=3；phase_count=2；mode_count=2；boss_count=2；max_app_rate=0.03；median_app_rate=0.02,记录稀疏或出场率较低
sunna|ukinami-yuzuha|yanagi,"sunna, ukinami-yuzuha, yanagi",千夏 / 浮波柚叶 / 月城 柳,B-,3,2,3,2,3,3,1,0.03,0.01,89,27150,2,1,"da, sd","da:2.6.2, sd:2.6.1, sd:2.6.3","1-1_combined.json, 5-1_combined.json, 5-2_combined.json",hf_comps,record_count=3；phase_count=3；mode_count=2；boss_count=3；max_app_rate=0.03；median_app_rate=0.01,包含 1 条 sentinel/missing 分数；记录稀疏或出场率较低
alice|jane-doe|velina,"alice, jane-doe, velina",爱丽丝·泰姆菲尔德 / 简·杜 / 维琳娜·艾嘉德,B-,2,1,2,2,2,2,1,0.03,0.025,88,26582,2,0,"da, sd","da:3.0.1, sd:2.8.3","1-1_combined.json, 5-3_combined.json",hf_comps,record_count=2；phase_count=2；mode_count=2；boss_count=2；max_app_rate=0.03；median_app_rate=0.025,记录稀疏或出场率较低
anby-demara-soldier-0|astra-yao|miyabi,"anby-demara-soldier-0, astra-yao, miyabi",零号·安比 / 耀嘉音 / 星见 雅,B-,2,1,1,1,2,1,1,0.03,0.03,147,28006,2,0,sd,sd:2.6.1,"5-2_combined.json, top_combined.json",hf_comps,record_count=2；phase_count=1；mode_count=1；boss_count=1；max_app_rate=0.03；median_app_rate=0.03,记录稀疏或出场率较低
anby-demara-soldier-0|cissia|dialyn,"anby-demara-soldier-0, cissia, dialyn",零号·安比 / 希希芙 / 琉音,B-,2,2,2,2,2,2,1,0.03,0.02,130,22640,2,0,"da, sd","da:2.8.3, sd:2.8.2","1-3_combined.json, 5-3_combined.json",hf_comps,record_count=2；phase_count=2；mode_count=2；boss_count=2；max_app_rate=0.03；median_app_rate=0.02,记录稀疏或出场率较低
anby-demara-soldier-0|trigger|yanagi,"anby-demara-soldier-0, trigger, yanagi",零号·安比 / 「扳机」 / 月城 柳,B-,2,1,1,1,2,1,1,0.03,0.03,147,26565,2,0,sd,sd:2.6.1,"5-2_combined.json, top_combined.json",hf_comps,record_count=2；phase_count=1；mode_count=1；boss_count=1；max_app_rate=0.03；median_app_rate=0.03,记录稀疏或出场率较低
aria|astra-yao|burnice,"aria, astra-yao, burnice",爱芮 / 耀嘉音 / 柏妮思·怀特,B-,2,1,1,1,2,1,1,0.03,0.03,113,26088,2,0,sd,sd:2.6.4,"5-2_combined.json, top_combined.json",hf_comps,record_count=2；phase_count=1；mode_count=1；boss_count=1；max_app_rate=0.03；median_app_rate=0.03,记录稀疏或出场率较低
aria|lucia|ukinami-yuzuha,"aria, lucia, ukinami-yuzuha",爱芮 / 卢西娅 / 浮波柚叶,B-,2,1,1,1,2,1,1,0.03,0.03,113,28597,2,0,sd,sd:2.6.3,"5-3_combined.json, top_combined.json",hf_comps,record_count=2；phase_count=1；mode_count=1；boss_count=1；max_app_rate=0.03；median_app_rate=0.03,记录稀疏或出场率较低
astra-yao|cissia|lycaon,"astra-yao, cissia, lycaon",耀嘉音 / 希希芙 / 冯·莱卡恩,B-,2,1,1,1,2,1,1,0.03,0.03,118,23998,2,0,da,da:2.8.3,"1-3_combined.json, top_combined.json",hf_comps,record_count=2；phase_count=1；mode_count=1；boss_count=1；max_app_rate=0.03；median_app_rate=0.03,记录稀疏或出场率较低
astra-yao|jane-doe|yanagi,"astra-yao, jane-doe, yanagi",耀嘉音 / 简·杜 / 月城 柳,B-,2,1,2,2,2,2,1,0.03,0.02,130,17776,2,0,"da, sd","da:2.8.2, sd:2.8.2","1-3_combined.json, 5-3_combined.json",hf_comps,record_count=2；phase_count=2；mode_count=2；boss_count=2；max_app_rate=0.03；median_app_rate=0.02,记录稀疏或出场率较低
astra-yao|lighter|pyrois,"astra-yao, lighter, pyrois",耀嘉音 / 莱特 / Pyrois,B-,2,1,1,1,2,1,1,0.03,0.03,117,,0,2,da,da:3.0.1,"1-2_combined.json, top_combined.json",hf_comps,record_count=2；phase_count=1；mode_count=1；boss_count=1；max_app_rate=0.03；median_app_rate=0.03,全部表现分数为 sentinel/missing
astra-yao|pulchra|pyrois,"astra-yao, pulchra, pyrois",耀嘉音 / 波可娜·费雷尼 / Pyrois,B-,2,1,1,1,2,1,1,0.03,0.03,117,,0,2,da,da:3.0.1,"1-2_combined.json, top_combined.json",hf_comps,record_count=2；phase_count=1；mode_count=1；boss_count=1；max_app_rate=0.03；median_app_rate=0.03,全部表现分数为 sentinel/missing
banyue|pan-yinhu|trigger,"banyue, pan-yinhu, trigger",般岳 / 潘引壶 / 「扳机」,B-,2,1,1,1,2,1,1,0.03,0.03,128,24445,2,0,da,da:2.6.2,"1-3_combined.json, top_combined.json",hf_comps,record_count=2；phase_count=1；mode_count=1；boss_count=1；max_app_rate=0.03；median_app_rate=0.03,记录稀疏或出场率较低
burnice|lighter|orphie-and-magus,"burnice, lighter, orphie-and-magus",柏妮思·怀特 / 莱特 / 奥菲丝·马格努森 & 「鬼火」,B-,2,1,1,1,2,1,1,0.03,0.03,137,29291,2,0,sd,sd:2.6.1,"5-3_combined.json, top_combined.json",hf_comps,record_count=2；phase_count=1；mode_count=1；boss_count=1；max_app_rate=0.03；median_app_rate=0.03,记录稀疏或出场率较低
ellen|ye-shunguang|zhao,"ellen, ye-shunguang, zhao",艾莲·乔 / 叶瞬光 / 照,B-,2,2,2,1,1,1,1,0.03,0.025,84,24238,2,0,da,"da:2.7.2, da:2.8.1",1-3_combined.json,hf_comps,record_count=2；phase_count=2；mode_count=1；boss_count=1；max_app_rate=0.03；median_app_rate=0.025,记录稀疏或出场率较低
evelyn|ju-fufu|ukinami-yuzuha,"evelyn, ju-fufu, ukinami-yuzuha",伊芙琳·舒瓦利耶 / 橘福福 / 浮波柚叶,B-,2,1,1,1,2,1,1,0.03,0.03,137,29242,2,0,sd,sd:2.6.1,"5-3_combined.json, top_combined.json",hf_comps,record_count=2；phase_count=1；mode_count=1；boss_count=1；max_app_rate=0.03；median_app_rate=0.03,记录稀疏或出场率较低
grace-howard|ukinami-yuzuha|yanagi,"grace-howard, ukinami-yuzuha, yanagi",格莉丝·霍华德 / 浮波柚叶 / 月城 柳,B-,2,1,1,1,2,1,1,0.03,0.025,172,35850,2,0,sd,sd:2.6.1,"5-2_combined.json, top_combined.json",hf_comps,record_count=2；phase_count=1；mode_count=1；boss_count=1；max_app_rate=0.03；median_app_rate=0.025,记录稀疏或出场率较低
ju-fufu|lucy|soldier-11,"ju-fufu, lucy, soldier-11",橘福福 / 露西亚娜·德·蒙特夫 / 「11号」,B-,2,1,1,1,2,1,1,0.03,0.03,137,27469,2,0,sd,sd:2.6.1,"5-3_combined.json, top_combined.json",hf_comps,record_count=2；phase_count=1；mode_count=1；boss_count=1；max_app_rate=0.03；median_app_rate=0.03,记录稀疏或出场率较低
lighter|lucy|manato,"lighter, lucy, manato",莱特 / 露西亚娜·德·蒙特夫 / 狛野真斗,B-,2,1,1,1,2,1,1,0.03,0.025,128,22638,2,0,da,da:2.6.2,"1-3_combined.json, top_combined.json",hf_comps,record_count=2；phase_count=1；mode_count=1；boss_count=1；max_app_rate=0.03；median_app_rate=0.025,记录稀疏或出场率较低
nicole-demara|pulchra|pyrois,"nicole-demara, pulchra, pyrois",妮可·德玛拉 / 波可娜·费雷尼 / Pyrois,B-,2,1,1,1,2,1,1,0.03,0.025,117,,0,2,da,da:3.0.1,"1-2_combined.json, top_combined.json",hf_comps,record_count=2；phase_count=1；mode_count=1；boss_count=1；max_app_rate=0.03；median_app_rate=0.025,全部表现分数为 sentinel/missing
orphie-and-magus|rina|seed,"orphie-and-magus, rina, seed",奥菲丝·马格努森 & 「鬼火」 / 亚历山德丽娜·莎芭丝缇安 / 「席德」,B-,2,1,1,1,2,1,1,0.03,0.03,147,32465,2,0,sd,sd:2.6.1,"5-2_combined.json, top_combined.json",hf_comps,record_count=2；phase_count=1；mode_count=1；boss_count=1；max_app_rate=0.03；median_app_rate=0.03,记录稀疏或出场率较低
burnice|velina|zhao,"burnice, velina, zhao",柏妮思·怀特 / 维琳娜·艾嘉德 / 照,B-,1,1,1,1,1,1,1,0.03,0.03,88,22826,1,0,da,da:3.0.1,1-1_combined.json,hf_comps,record_count=1；phase_count=1；mode_count=1；boss_count=1；max_app_rate=0.03；median_app_rate=0.03,记录稀疏或出场率较低
cissia|ukinami-yuzuha|yanagi,"cissia, ukinami-yuzuha, yanagi",希希芙 / 浮波柚叶 / 月城 柳,B-,1,1,1,1,1,1,1,0.03,0.03,116,26538,1,0,sd,sd:2.7.2,5-2_combined.json,hf_comps,record_count=1；phase_count=1；mode_count=1；boss_count=1；max_app_rate=0.03；median_app_rate=0.03,记录稀疏或出场率较低
dialyn|ju-fufu|pyrois,"dialyn, ju-fufu, pyrois",琉音 / 橘福福 / Pyrois,B-,1,1,1,1,1,1,1,0.03,0.03,117,32976,1,0,da,da:3.0.1,1-2_combined.json,hf_comps,record_count=1；phase_count=1；mode_count=1；boss_count=1；max_app_rate=0.03；median_app_rate=0.03,记录稀疏或出场率较低
grace-howard|ukinami-yuzuha|zhao,"grace-howard, ukinami-yuzuha, zhao",格莉丝·霍华德 / 浮波柚叶 / 照,B-,1,1,1,1,1,1,1,0.03,0.03,89,21536,1,0,da,da:2.6.2,1-1_combined.json,hf_comps,record_count=1；phase_count=1；mode_count=1；boss_count=1；max_app_rate=0.03；median_app_rate=0.03,记录稀疏或出场率较低
nekomata|sunna|trigger,"nekomata, sunna, trigger",猫宫 又奈 / 千夏 / 「扳机」,B-,1,1,1,1,1,1,1,0.03,0.03,60,20978,1,0,da,da:2.6.1,1-1_combined.json,hf_comps,record_count=1；phase_count=1；mode_count=1；boss_count=1；max_app_rate=0.03；median_app_rate=0.03,记录稀疏或出场率较低
pyrois|sunna|zhao,"pyrois, sunna, zhao",Pyrois / 千夏 / 照,B-,1,1,1,1,1,1,1,0.03,0.03,117,28704,1,0,da,da:3.0.1,1-2_combined.json,hf_comps,record_count=1；phase_count=1；mode_count=1；boss_count=1；max_app_rate=0.03；median_app_rate=0.03,记录稀疏或出场率较低
lucia|pulchra|yidhari,"lucia, pulchra, yidhari",卢西娅 / 波可娜·费雷尼 / 伊德海莉·墨菲,B-,14,5,9,2,5,4,1,0.02,0.015,100,30309,14,0,"da, sd","da:2.6.2, da:2.7.1, da:2.7.2, da:2.8.2, sd:2.6.1, sd:2.6.3, sd:2.6.4, sd:2.7.2, sd:2.8.2","1-2_combined.json, 1-3_combined.json, 5-2_combined.json, 5-3_combined.json, top_combined.json",hf_comps,record_count=14；phase_count=9；mode_count=2；boss_count=4；max_app_rate=0.02；median_app_rate=0.015,记录稀疏或出场率较低
lucy|orphie-and-magus|seed,"lucy, orphie-and-magus, seed",露西亚娜·德·蒙特夫 / 奥菲丝·马格努森 & 「鬼火」 / 「席德」,B-,13,5,8,2,6,5,1,0.02,0.01,153,31689,13,0,"da, sd","da:2.6.2, da:2.7.2, da:2.8.1, sd:2.6.1, sd:2.6.3, sd:2.7.2, sd:2.7.3, sd:2.8.2","1-2_combined.json, 1-3_combined.json, 5-1_combined.json, 5-2_combined.json, 5-3_combined.json, top_combined.json",hf_comps,record_count=13；phase_count=8；mode_count=2；boss_count=5；max_app_rate=0.02；median_app_rate=0.01,记录稀疏或出场率较低
astra-yao|piper|vivian,"astra-yao, piper, vivian",耀嘉音 / 派派·韦尔 / 薇薇安·班希,B-,10,5,6,2,6,5,1,0.02,0.02,75,32324,4,6,"da, sd","da:2.6.1, da:2.7.1, da:2.8.2, sd:2.6.3, sd:2.6.4, sd:2.7.3","1-1_combined.json, 1-2_combined.json, 1-3_combined.json, 5-2_combined.json, 5-3_combined.json, top_combined.json",hf_comps,record_count=10；phase_count=6；mode_count=2；boss_count=5；max_app_rate=0.02；median_app_rate=0.02,包含 6 条 sentinel/missing 分数；记录稀疏或出场率较低
orphie-and-magus|seed|zhao,"orphie-and-magus, seed, zhao",奥菲丝·马格努森 & 「鬼火」 / 「席德」 / 照,B-,10,4,5,2,6,5,1,0.02,0.01,98,37254,10,0,"da, sd","da:2.6.1, da:2.6.2, da:2.8.3, sd:2.6.1, sd:2.6.4","1-1_combined.json, 1-2_combined.json, 1-3_combined.json, 5-1_combined.json, 5-2_combined.json, top_combined.json",hf_comps,record_count=10；phase_count=5；mode_count=2；boss_count=5；max_app_rate=0.02；median_app_rate=0.01,记录稀疏或出场率较低
alice|lycaon|ukinami-yuzuha,"alice, lycaon, ukinami-yuzuha",爱丽丝·泰姆菲尔德 / 冯·莱卡恩 / 浮波柚叶,B-,9,6,7,2,5,4,1,0.02,0.02,91,32222,9,0,"da, sd","da:2.6.1, da:2.6.2, da:2.7.1, da:2.7.2, da:2.8.3, sd:2.6.4, sd:2.7.3","1-1_combined.json, 1-3_combined.json, 5-1_combined.json, 5-3_combined.json, top_combined.json",hf_comps,record_count=9；phase_count=7；mode_count=2；boss_count=4；max_app_rate=0.02；median_app_rate=0.02,记录稀疏或出场率较低
anby-demara-soldier-0|ju-fufu|zhao,"anby-demara-soldier-0, ju-fufu, zhao",零号·安比 / 橘福福 / 照,B-,9,5,7,2,4,3,1,0.02,0.01,166,31362,8,1,"da, sd","da:2.6.1, da:2.6.2, da:2.7.2, da:2.8.3, sd:2.6.1, sd:2.7.2, sd:2.7.3","1-2_combined.json, 1-3_combined.json, 5-2_combined.json, top_combined.json",hf_comps,record_count=9；phase_count=7；mode_count=2；boss_count=3；max_app_rate=0.02；median_app_rate=0.01,包含 1 条 sentinel/missing 分数；记录稀疏或出场率较低
astra-yao|banyue|zhao,"astra-yao, banyue, zhao",耀嘉音 / 般岳 / 照,B-,9,5,7,2,5,4,1,0.02,0.01,134,30828,3,6,"da, sd","da:2.6.1, da:2.6.2, da:2.8.1, sd:2.6.1, sd:2.6.3, sd:2.6.4, sd:2.7.2","1-2_combined.json, 1-3_combined.json, 5-2_combined.json, 5-3_combined.json, top_combined.json",hf_comps,record_count=9；phase_count=7；mode_count=2；boss_count=4；max_app_rate=0.02；median_app_rate=0.01,包含 6 条 sentinel/missing 分数；记录稀疏或出场率较低
astra-yao|seed|trigger,"astra-yao, seed, trigger",耀嘉音 / 「席德」 / 「扳机」,B-,9,5,6,2,6,5,1,0.02,0.02,135,25955,2,7,"da, sd","da:2.6.2, da:2.7.2, da:2.8.3, sd:2.6.1, sd:2.6.3, sd:2.8.2","1-2_combined.json, 1-3_combined.json, 5-1_combined.json, 5-2_combined.json, 5-3_combined.json, top_combined.json",hf_comps,record_count=9；phase_count=6；mode_count=2；boss_count=5；max_app_rate=0.02；median_app_rate=0.02,包含 7 条 sentinel/missing 分数；记录稀疏或出场率较低
dialyn|harumasa|trigger,"dialyn, harumasa, trigger",琉音 / 浅羽 悠真 / 「扳机」,B-,9,4,5,2,4,3,1,0.02,0.02,131,30921,9,0,"da, sd","da:2.6.2, da:2.7.2, sd:2.6.1, sd:2.6.3, sd:2.7.3","1-2_combined.json, 5-1_combined.json, 5-2_combined.json, top_combined.json",hf_comps,record_count=9；phase_count=5；mode_count=2；boss_count=3；max_app_rate=0.02；median_app_rate=0.02,记录稀疏或出场率较低
dialyn|hugo|ju-fufu,"dialyn, hugo, ju-fufu",琉音 / 雨果·维拉德 / 橘福福,B-,9,5,6,2,5,4,1,0.02,0.01,114,,0,9,"da, sd","da:2.6.1, da:2.7.2, da:2.8.3, sd:2.6.1, sd:2.6.3, sd:2.6.4","1-2_combined.json, 1-3_combined.json, 5-1_combined.json, 5-3_combined.json, top_combined.json",hf_comps,record_count=9；phase_count=6；mode_count=2；boss_count=4；max_app_rate=0.02；median_app_rate=0.01,全部表现分数为 sentinel/missing
dialyn|nekomata|nicole-demara,"dialyn, nekomata, nicole-demara",琉音 / 猫宫 又奈 / 妮可·德玛拉,B-,9,5,8,2,5,4,1,0.02,0.01,91,31655,9,0,"da, sd","da:2.7.1, da:2.7.2, da:2.8.1, da:2.8.2, sd:2.6.3, sd:2.6.4, sd:2.7.3, sd:2.8.2","1-2_combined.json, 1-3_combined.json, 5-1_combined.json, 5-2_combined.json, top_combined.json",hf_comps,record_count=9；phase_count=8；mode_count=2；boss_count=4；max_app_rate=0.02；median_app_rate=0.01,记录稀疏或出场率较低
ben|dialyn|orphie-and-magus,"ben, dialyn, orphie-and-magus",本·比格 / 琉音 / 奥菲丝·马格努森 & 「鬼火」,B-,8,6,8,2,5,4,1,0.02,0.01,129,32126,1,7,"da, sd","da:2.6.1, da:2.7.1, da:2.7.2, da:2.8.3, sd:2.6.1, sd:2.7.3, sd:2.8.2, sd:2.8.3","1-2_combined.json, 1-3_combined.json, 5-1_combined.json, 5-3_combined.json, top_combined.json",hf_comps,record_count=8；phase_count=8；mode_count=2；boss_count=4；max_app_rate=0.02；median_app_rate=0.01,包含 7 条 sentinel/missing 分数；记录稀疏或出场率较低
ellen|sunna|trigger,"ellen, sunna, trigger",艾莲·乔 / 千夏 / 「扳机」,B-,8,4,5,2,4,3,1,0.02,0.02,107,24587,2,6,"da, sd","da:2.6.2, da:2.7.1, da:2.7.2, da:3.0.1, sd:2.6.4","1-2_combined.json, 1-3_combined.json, 5-3_combined.json, top_combined.json",hf_comps,record_count=8；phase_count=5；mode_count=2；boss_count=3；max_app_rate=0.02；median_app_rate=0.02,包含 6 条 sentinel/missing 分数；记录稀疏或出场率较低
miyabi|nicole-demara|soukaku,"miyabi, nicole-demara, soukaku",星见 雅 / 妮可·德玛拉 / 苍角,B-,8,5,7,2,6,5,1,0.02,0.015,75,27965,8,0,"da, sd","da:2.6.1, da:2.7.1, da:2.8.2, sd:2.6.1, sd:2.6.4, sd:2.7.3, sd:2.8.3","1-1_combined.json, 1-3_combined.json, 5-1_combined.json, 5-2_combined.json, 5-3_combined.json, top_combined.json",hf_comps,record_count=8；phase_count=7；mode_count=2；boss_count=5；max_app_rate=0.02；median_app_rate=0.015,记录稀疏或出场率较低
nicole-demara|sunna|ye-shunguang,"nicole-demara, sunna, ye-shunguang",妮可·德玛拉 / 千夏 / 叶瞬光,B-,8,5,7,2,5,4,1,0.02,0.01,114,31936,5,3,"da, sd","da:2.6.2, da:2.7.2, da:3.0.1, sd:2.6.1, sd:2.6.3, sd:2.6.4, sd:2.7.2","1-1_combined.json, 1-3_combined.json, 5-1_combined.json, 5-2_combined.json, top_combined.json",hf_comps,record_count=8；phase_count=7；mode_count=2；boss_count=4；max_app_rate=0.02；median_app_rate=0.01,包含 3 条 sentinel/missing 分数；记录稀疏或出场率较低
orphie-and-magus|qingyi|seed,"orphie-and-magus, qingyi, seed",奥菲丝·马格努森 & 「鬼火」 / 青衣 / 「席德」,B-,8,6,7,2,5,4,1,0.02,0.01,146,28998,6,2,"da, sd","da:2.6.2, da:2.7.2, da:2.8.3, sd:2.6.1, sd:2.7.2, sd:2.7.3, sd:2.8.2","1-2_combined.json, 1-3_combined.json, 5-2_combined.json, 5-3_combined.json, top_combined.json",hf_comps,record_count=8；phase_count=7；mode_count=2；boss_count=4；max_app_rate=0.02；median_app_rate=0.01,包含 2 条 sentinel/missing 分数；记录稀疏或出场率较低
anby-demara-soldier-0|astra-yao|ukinami-yuzuha,"anby-demara-soldier-0, astra-yao, ukinami-yuzuha",零号·安比 / 耀嘉音 / 浮波柚叶,B-,7,4,5,2,5,4,1,0.02,0.02,131,33695,7,0,"da, sd","da:2.6.2, da:2.7.2, da:2.8.3, sd:2.6.1, sd:2.6.3","1-2_combined.json, 1-3_combined.json, 5-1_combined.json, 5-2_combined.json, top_combined.json",hf_comps,record_count=7；phase_count=5；mode_count=2；boss_count=4；max_app_rate=0.02；median_app_rate=0.02,记录稀疏或出场率较低
anby-demara-soldier-0|lucy|orphie-and-magus,"anby-demara-soldier-0, lucy, orphie-and-magus",零号·安比 / 露西亚娜·德·蒙特夫 / 奥菲丝·马格努森 & 「鬼火」,B-,7,6,6,2,6,5,1,0.02,0.01,172,29928,7,0,"da, sd","da:2.7.2, da:2.8.3, sd:2.6.1, sd:2.6.3, sd:2.7.3, sd:2.8.3","1-2_combined.json, 1-3_combined.json, 5-1_combined.json, 5-2_combined.json, 5-3_combined.json, top_combined.json",hf_comps,record_count=7；phase_count=6；mode_count=2；boss_count=5；max_app_rate=0.02；median_app_rate=0.01,记录稀疏或出场率较低
astra-yao|hugo|lighter,"astra-yao, hugo, lighter",耀嘉音 / 雨果·维拉德 / 莱特,B-,7,4,4,1,3,2,1,0.02,0.02,107,,0,7,da,"da:2.7.1, da:2.7.2, da:2.8.2, da:3.0.1","1-2_combined.json, 1-3_combined.json, top_combined.json",hf_comps,record_count=7；phase_count=4；mode_count=1；boss_count=2；max_app_rate=0.02；median_app_rate=0.02,全部表现分数为 sentinel/missing
banyue|dialyn|ju-fufu,"banyue, dialyn, ju-fufu",般岳 / 琉音 / 橘福福,B-,7,5,5,2,5,4,1,0.02,0.02,138,32498,7,0,"da, sd","da:2.6.2, da:2.7.2, da:2.8.1, sd:2.6.1, sd:2.8.2","1-2_combined.json, 1-3_combined.json, 5-1_combined.json, 5-3_combined.json, top_combined.json",hf_comps,record_count=7；phase_count=5；mode_count=2；boss_count=4；max_app_rate=0.02；median_app_rate=0.02,记录稀疏或出场率较低
caesar|dialyn|yixuan,"caesar, dialyn, yixuan",凯撒·金 / 琉音 / 仪玄,B-,7,5,7,2,5,5,1,0.02,0.02,108,27275,5,2,"da, sd","da:2.6.1, da:2.6.2, da:2.7.1, da:2.8.3, sd:2.6.1, sd:2.6.3, sd:2.7.3","1-2_combined.json, 1-3_combined.json, 5-1_combined.json, 5-2_combined.json, 5-3_combined.json",hf_comps,record_count=7；phase_count=7；mode_count=2；boss_count=5；max_app_rate=0.02；median_app_rate=0.02,包含 2 条 sentinel/missing 分数；记录稀疏或出场率较低
dialyn|ju-fufu|yidhari,"dialyn, ju-fufu, yidhari",琉音 / 橘福福 / 伊德海莉·墨菲,B-,7,4,4,2,4,3,1,0.02,0.02,133,29443,7,0,"da, sd","da:2.6.2, da:2.8.2, sd:2.6.4, sd:2.7.2","1-2_combined.json, 1-3_combined.json, 5-3_combined.json, top_combined.json",hf_comps,record_count=7；phase_count=4；mode_count=2；boss_count=3；max_app_rate=0.02；median_app_rate=0.02,记录稀疏或出场率较低
ju-fufu|soldier-11|zhao,"ju-fufu, soldier-11, zhao",橘福福 / 「11号」 / 照,B-,7,4,6,2,5,4,1,0.02,0.02,113,29860,4,3,"da, sd","da:2.6.1, da:2.6.2, da:2.8.2, sd:2.6.1, sd:2.6.3, sd:2.6.4","1-2_combined.json, 1-3_combined.json, 5-2_combined.json, 5-3_combined.json, top_combined.json",hf_comps,record_count=7；phase_count=6；mode_count=2；boss_count=4；max_app_rate=0.02；median_app_rate=0.02,包含 3 条 sentinel/missing 分数；记录稀疏或出场率较低
lycaon|miyabi|sunna,"lycaon, miyabi, sunna",冯·莱卡恩 / 星见 雅 / 千夏,B-,7,4,6,2,5,4,1,0.02,0.01,134,25943,5,2,"da, sd","da:2.6.1, da:2.7.1, da:2.8.3, sd:2.6.1, sd:2.6.3, sd:2.6.4","1-2_combined.json, 1-3_combined.json, 5-2_combined.json, 5-3_combined.json, top_combined.json",hf_comps,record_count=7；phase_count=6；mode_count=2；boss_count=4；max_app_rate=0.02；median_app_rate=0.01,包含 2 条 sentinel/missing 分数；记录稀疏或出场率较低
aria|nicole-demara|zhao,"aria, nicole-demara, zhao",爱芮 / 妮可·德玛拉 / 照,B-,6,4,5,2,6,5,1,0.02,0.01,128,27964,5,1,"da, sd","da:2.6.2, da:2.8.2, sd:2.6.3, sd:2.6.4, sd:2.7.2","1-1_combined.json, 1-3_combined.json, 5-1_combined.json, 5-2_combined.json, 5-3_combined.json, top_combined.json",hf_comps,record_count=6；phase_count=5；mode_count=2；boss_count=5；max_app_rate=0.02；median_app_rate=0.01,包含 1 条 sentinel/missing 分数；记录稀疏或出场率较低
astra-yao|nangong-yu|yixuan,"astra-yao, nangong-yu, yixuan",耀嘉音 / 南宫羽 / 仪玄,B-,6,4,5,2,5,4,1,0.02,0.01,137,28686,6,0,"da, sd","da:2.7.2, da:2.8.2, da:3.0.1, sd:2.7.2, sd:2.7.3","1-2_combined.json, 1-3_combined.json, 5-1_combined.json, 5-3_combined.json, top_combined.json",hf_comps,record_count=6；phase_count=5；mode_count=2；boss_count=4；max_app_rate=0.02；median_app_rate=0.01,记录稀疏或出场率较低
billy-starlight|caesar|pan-yinhu,"billy-starlight, caesar, pan-yinhu",星徽·比利 / 凯撒·金 / 潘引壶,B-,6,3,4,2,5,4,1,0.02,0.015,113,28178,5,1,"da, sd","da:2.8.2, da:2.8.3, sd:2.8.2, sd:2.8.3","1-1_combined.json, 1-2_combined.json, 5-1_combined.json, 5-2_combined.json, top_combined.json",hf_comps,record_count=6；phase_count=4；mode_count=2；boss_count=4；max_app_rate=0.02；median_app_rate=0.015,包含 1 条 sentinel/missing 分数；记录稀疏或出场率较低
caesar|ellen|lycaon,"caesar, ellen, lycaon",凯撒·金 / 艾莲·乔 / 冯·莱卡恩,B-,6,4,5,2,5,4,1,0.02,0.01,107,25472,4,2,"da, sd","da:2.7.1, da:2.8.3, da:3.0.1, sd:2.8.2, sd:2.8.3","1-2_combined.json, 1-3_combined.json, 5-1_combined.json, 5-2_combined.json, top_combined.json",hf_comps,record_count=6；phase_count=5；mode_count=2；boss_count=4；max_app_rate=0.02；median_app_rate=0.01,包含 2 条 sentinel/missing 分数；记录稀疏或出场率较低
caesar|lucia|manato,"caesar, lucia, manato",凯撒·金 / 卢西娅 / 狛野真斗,B-,6,4,4,2,4,3,1,0.02,0.02,114,26974,6,0,"da, sd","da:2.6.1, da:2.6.2, da:2.8.1, sd:2.6.4","1-2_combined.json, 1-3_combined.json, 5-3_combined.json, top_combined.json",hf_comps,record_count=6；phase_count=4；mode_count=2；boss_count=3；max_app_rate=0.02；median_app_rate=0.02,记录稀疏或出场率较低
cissia|nicole-demara|qingyi,"cissia, nicole-demara, qingyi",希希芙 / 妮可·德玛拉 / 青衣,B-,6,4,5,2,5,4,1,0.02,0.02,122,32660,4,2,"da, sd","da:2.7.2, da:2.8.1, da:2.8.3, sd:2.7.3, sd:2.8.2","1-2_combined.json, 1-3_combined.json, 5-2_combined.json, 5-3_combined.json, top_combined.json",hf_comps,record_count=6；phase_count=5；mode_count=2；boss_count=4；max_app_rate=0.02；median_app_rate=0.02,包含 2 条 sentinel/missing 分数；记录稀疏或出场率较低
dialyn|rina|ye-shunguang,"dialyn, rina, ye-shunguang",琉音 / 亚历山德丽娜·莎芭丝缇安 / 叶瞬光,B-,6,3,4,2,4,3,1,0.02,0.01,114,34916,6,0,"da, sd","da:2.6.2, sd:2.6.1, sd:2.6.3, sd:2.6.4","1-2_combined.json, 5-1_combined.json, 5-2_combined.json, top_combined.json",hf_comps,record_count=6；phase_count=4；mode_count=2；boss_count=3；max_app_rate=0.02；median_app_rate=0.01,记录稀疏或出场率较低
dialyn|trigger|yixuan,"dialyn, trigger, yixuan",琉音 / 「扳机」 / 仪玄,B-,6,4,6,2,3,3,1,0.02,0.01,108,27267,4,2,"da, sd","da:2.6.1, da:2.6.2, da:2.7.1, da:2.7.2, sd:2.6.1, sd:2.6.4","1-2_combined.json, 5-2_combined.json, 5-3_combined.json",hf_comps,record_count=6；phase_count=6；mode_count=2；boss_count=3；max_app_rate=0.02；median_app_rate=0.01,包含 2 条 sentinel/missing 分数；记录稀疏或出场率较低
evelyn|ju-fufu|zhao,"evelyn, ju-fufu, zhao",伊芙琳·舒瓦利耶 / 橘福福 / 照,B-,6,4,5,2,4,3,1,0.02,0.015,124,27285,4,2,"da, sd","da:2.6.1, sd:2.6.1, sd:2.6.3, sd:2.6.4, sd:2.8.2","5-1_combined.json, 5-2_combined.json, 5-3_combined.json, top_combined.json",hf_comps,record_count=6；phase_count=5；mode_count=2；boss_count=3；max_app_rate=0.02；median_app_rate=0.015,包含 2 条 sentinel/missing 分数；记录稀疏或出场率较低
harumasa|nicole-demara|seed,"harumasa, nicole-demara, seed",浅羽 悠真 / 妮可·德玛拉 / 「席德」,B-,6,3,5,2,4,3,1,0.02,0.01,166,28872,3,3,"da, sd","da:2.6.2, da:2.7.2, sd:2.6.1, sd:2.6.3, sd:2.7.2","1-2_combined.json, 5-1_combined.json, 5-2_combined.json, top_combined.json",hf_comps,record_count=6；phase_count=5；mode_count=2；boss_count=3；max_app_rate=0.02；median_app_rate=0.01,包含 3 条 sentinel/missing 分数；记录稀疏或出场率较低
hugo|ju-fufu|lycaon,"hugo, ju-fufu, lycaon",雨果·维拉德 / 橘福福 / 冯·莱卡恩,B-,6,5,6,2,4,3,1,0.02,0.01,107,26878,4,2,"da, sd","da:2.6.1, da:2.6.2, da:2.7.1, da:3.0.1, sd:2.6.4, sd:2.7.2","1-2_combined.json, 1-3_combined.json, 5-3_combined.json, top_combined.json",hf_comps,record_count=6；phase_count=6；mode_count=2；boss_count=3；max_app_rate=0.02；median_app_rate=0.01,包含 2 条 sentinel/missing 分数；记录稀疏或出场率较低
anby-demara-soldier-0|dialyn|nicole-demara,"anby-demara-soldier-0, dialyn, nicole-demara",零号·安比 / 琉音 / 妮可·德玛拉,B-,5,3,4,2,5,4,1,0.02,0.01,131,25834,5,0,"da, sd","da:2.6.2, sd:2.6.1, sd:2.6.3, sd:2.8.2","1-2_combined.json, 5-1_combined.json, 5-2_combined.json, 5-3_combined.json, top_combined.json",hf_comps,record_count=5；phase_count=4；mode_count=2；boss_count=4；max_app_rate=0.02；median_app_rate=0.01,记录稀疏或出场率较低
anby-demara-soldier-0|sunna|ye-shunguang,"anby-demara-soldier-0, sunna, ye-shunguang",零号·安比 / 千夏 / 叶瞬光,B-,5,2,3,2,4,3,1,0.02,0.02,122,,0,5,"da, sd","da:2.6.2, da:2.8.1, sd:2.7.3","1-2_combined.json, 1-3_combined.json, 5-2_combined.json, top_combined.json",hf_comps,record_count=5；phase_count=3；mode_count=2；boss_count=3；max_app_rate=0.02；median_app_rate=0.02,全部表现分数为 sentinel/missing
aria|jane-doe|ukinami-yuzuha,"aria, jane-doe, ukinami-yuzuha",爱芮 / 简·杜 / 浮波柚叶,B-,5,3,3,2,3,2,1,0.02,0.01,96,27070,5,0,"da, sd","da:2.7.2, da:2.8.3, sd:2.6.4","1-1_combined.json, 5-2_combined.json, top_combined.json",hf_comps,record_count=5；phase_count=3；mode_count=2；boss_count=2；max_app_rate=0.02；median_app_rate=0.01,记录稀疏或出场率较低
aria|lucia|yixuan,"aria, lucia, yixuan",爱芮 / 卢西娅 / 仪玄,B-,5,3,3,2,4,3,1,0.02,0.02,127,26384,3,2,"da, sd","da:2.8.2, sd:2.6.3, sd:2.6.4","1-3_combined.json, 5-2_combined.json, 5-3_combined.json, top_combined.json",hf_comps,record_count=5；phase_count=3；mode_count=2；boss_count=3；max_app_rate=0.02；median_app_rate=0.02,包含 2 条 sentinel/missing 分数；记录稀疏或出场率较低
astra-yao|burnice|piper,"astra-yao, burnice, piper",耀嘉音 / 柏妮思·怀特 / 派派·韦尔,B-,5,3,4,2,3,2,1,0.02,0.02,75,28727,3,2,"da, sd","da:2.6.1, sd:2.6.1, sd:2.6.3, sd:2.8.3","1-3_combined.json, 5-3_combined.json, top_combined.json",hf_comps,record_count=5；phase_count=4；mode_count=2；boss_count=2；max_app_rate=0.02；median_app_rate=0.02,包含 2 条 sentinel/missing 分数；记录稀疏或出场率较低
astra-yao|cissia|nicole-demara,"astra-yao, cissia, nicole-demara",耀嘉音 / 希希芙 / 妮可·德玛拉,B-,5,4,5,2,4,4,1,0.02,0.02,135,26067,5,0,"da, sd","da:2.7.2, da:2.8.3, sd:2.7.2, sd:2.7.3, sd:2.8.2","1-2_combined.json, 1-3_combined.json, 5-2_combined.json, 5-3_combined.json",hf_comps,record_count=5；phase_count=5；mode_count=2；boss_count=4；max_app_rate=0.02；median_app_rate=0.02,记录稀疏或出场率较低
astra-yao|corin|seed,"astra-yao, corin, seed",耀嘉音 / 可琳·威克斯 / 「席德」,B-,5,2,4,2,5,4,1,0.02,0.01,131,30113,5,0,"da, sd","da:2.6.2, da:2.8.1, sd:2.6.3, sd:2.7.3","1-2_combined.json, 1-3_combined.json, 5-1_combined.json, 5-2_combined.json, top_combined.json",hf_comps,record_count=5；phase_count=4；mode_count=2；boss_count=4；max_app_rate=0.02；median_app_rate=0.01,记录稀疏或出场率较低
astra-yao|pulchra|ye-shunguang,"astra-yao, pulchra, ye-shunguang",耀嘉音 / 波可娜·费雷尼 / 叶瞬光,B-,5,3,4,2,2,1,1,0.02,0.01,111,29582,2,3,"da, sd","da:2.6.1, sd:2.6.1, sd:2.6.4, sd:2.7.3","5-1_combined.json, top_combined.json",hf_comps,record_count=5；phase_count=4；mode_count=2；boss_count=1；max_app_rate=0.02；median_app_rate=0.01,包含 3 条 sentinel/missing 分数；记录稀疏或出场率较低
banyue|lucia|qingyi,"banyue, lucia, qingyi",般岳 / 卢西娅 / 青衣,B-,5,5,5,2,4,3,1,0.02,0.01,95,25935,3,2,"da, sd","da:2.6.1, da:2.6.2, da:2.7.1, da:2.8.1, sd:2.8.2","1-2_combined.json, 1-3_combined.json, 5-1_combined.json, top_combined.json",hf_comps,record_count=5；phase_count=5；mode_count=2；boss_count=3；max_app_rate=0.02；median_app_rate=0.01,包含 2 条 sentinel/missing 分数；记录稀疏或出场率较低
billy-starlight|lucia|yixuan,"billy-starlight, lucia, yixuan",星徽·比利 / 卢西娅 / 仪玄,B-,5,3,5,2,5,5,1,0.02,0.01,113,26096,3,2,"da, sd","da:2.8.2, da:2.8.3, da:3.0.1, sd:2.8.2, sd:2.8.3","1-1_combined.json, 1-2_combined.json, 1-3_combined.json, 5-1_combined.json, 5-2_combined.json",hf_comps,record_count=5；phase_count=5；mode_count=2；boss_count=5；max_app_rate=0.02；median_app_rate=0.01,包含 2 条 sentinel/missing 分数；记录稀疏或出场率较低
billy-starlight|lycaon|pan-yinhu,"billy-starlight, lycaon, pan-yinhu",星徽·比利 / 冯·莱卡恩 / 潘引壶,B-,5,3,4,2,4,3,1,0.02,0.02,113,27390,5,0,"da, sd","da:2.8.2, da:2.8.3, da:3.0.1, sd:2.8.3","1-2_combined.json, 1-3_combined.json, 5-2_combined.json, top_combined.json",hf_comps,record_count=5；phase_count=4；mode_count=2；boss_count=3；max_app_rate=0.02；median_app_rate=0.02,记录稀疏或出场率较低
caesar|ellen|lighter,"caesar, ellen, lighter",凯撒·金 / 艾莲·乔 / 莱特,B-,5,3,3,1,3,2,1,0.02,0.02,107,20164,1,4,da,"da:2.7.1, da:2.8.2, da:3.0.1","1-2_combined.json, 1-3_combined.json, top_combined.json",hf_comps,record_count=5；phase_count=3；mode_count=1；boss_count=2；max_app_rate=0.02；median_app_rate=0.02,包含 4 条 sentinel/missing 分数；记录稀疏或出场率较低
cissia|orphie-and-magus|qingyi,"cissia, orphie-and-magus, qingyi",希希芙 / 奥菲丝·马格努森 & 「鬼火」 / 青衣,B-,5,3,3,2,4,3,1,0.02,0.01,146,,0,5,"da, sd","da:2.7.2, da:2.8.3, sd:2.7.3","1-2_combined.json, 1-3_combined.json, 5-2_combined.json, top_combined.json",hf_comps,record_count=5；phase_count=3；mode_count=2；boss_count=3；max_app_rate=0.02；median_app_rate=0.01,全部表现分数为 sentinel/missing
cissia|trigger|ukinami-yuzuha,"cissia, trigger, ukinami-yuzuha",希希芙 / 「扳机」 / 浮波柚叶,B-,5,4,4,2,4,3,1,0.02,0.02,135,29269,5,0,"da, sd","da:2.8.3, sd:2.7.2, sd:2.7.3, sd:2.8.2","1-3_combined.json, 5-2_combined.json, 5-3_combined.json, top_combined.json",hf_comps,record_count=5；phase_count=4；mode_count=2；boss_count=3；max_app_rate=0.02；median_app_rate=0.02,记录稀疏或出场率较低
corin|dialyn|nicole-demara,"corin, dialyn, nicole-demara",可琳·威克斯 / 琉音 / 妮可·德玛拉,B-,5,4,4,2,4,3,1,0.02,0.01,100,23118,3,2,"da, sd","da:2.6.2, da:2.7.2, da:2.8.1, sd:2.6.4","1-2_combined.json, 1-3_combined.json, 5-1_combined.json, top_combined.json",hf_comps,record_count=5；phase_count=4；mode_count=2；boss_count=3；max_app_rate=0.02；median_app_rate=0.01,包含 2 条 sentinel/missing 分数；记录稀疏或出场率较低
evelyn|ju-fufu|seed,"evelyn, ju-fufu, seed",伊芙琳·舒瓦利耶 / 橘福福 / 「席德」,B-,5,3,4,2,4,3,1,0.02,0.01,146,29877,5,0,"da, sd","da:2.7.2, sd:2.6.1, sd:2.7.2, sd:2.7.3","1-2_combined.json, 5-2_combined.json, 5-3_combined.json, top_combined.json",hf_comps,record_count=5；phase_count=4；mode_count=2；boss_count=3；max_app_rate=0.02；median_app_rate=0.01,记录稀疏或出场率较低
grace-howard|nangong-yu|vivian,"grace-howard, nangong-yu, vivian",格莉丝·霍华德 / 南宫羽 / 薇薇安·班希,B-,5,3,3,1,3,2,1,0.02,0.02,91,23328,5,0,da,"da:2.7.1, da:2.7.2, da:2.8.2","1-1_combined.json, 1-3_combined.json, top_combined.json",hf_comps,record_count=5；phase_count=3；mode_count=1；boss_count=2；max_app_rate=0.02；median_app_rate=0.02,记录稀疏或出场率较低
harumasa|nangong-yu|sunna,"harumasa, nangong-yu, sunna",浅羽 悠真 / 南宫羽 / 千夏,B-,5,3,4,2,3,2,1,0.02,0.01,135,31389,1,4,"da, sd","da:2.8.1, da:2.8.2, da:2.8.3, sd:2.7.3","1-3_combined.json, 5-2_combined.json, top_combined.json",hf_comps,record_count=5；phase_count=4；mode_count=2；boss_count=2；max_app_rate=0.02；median_app_rate=0.01,包含 4 条 sentinel/missing 分数；记录稀疏或出场率较低
lucia|lucy|yixuan,"lucia, lucy, yixuan",卢西娅 / 露西亚娜·德·蒙特夫 / 仪玄,B-,5,3,4,2,4,3,1,0.02,0.01,156,27880,5,0,"da, sd","da:2.6.1, da:2.7.1, da:2.8.2, sd:2.6.1","1-2_combined.json, 1-3_combined.json, 5-3_combined.json, top_combined.json",hf_comps,record_count=5；phase_count=4；mode_count=2；boss_count=3；max_app_rate=0.02；median_app_rate=0.01,记录稀疏或出场率较低
lucy|sunna|ye-shunguang,"lucy, sunna, ye-shunguang",露西亚娜·德·蒙特夫 / 千夏 / 叶瞬光,B-,5,3,4,2,5,4,1,0.02,0.01,91,30602,4,1,"da, sd","da:2.6.1, da:2.6.2, sd:2.6.3, sd:2.6.4","1-1_combined.json, 1-2_combined.json, 5-1_combined.json, 5-2_combined.json, top_combined.json",hf_comps,record_count=5；phase_count=4；mode_count=2；boss_count=4；max_app_rate=0.02；median_app_rate=0.01,包含 1 条 sentinel/missing 分数；记录稀疏或出场率较低
miyabi|rina|trigger,"miyabi, rina, trigger",星见 雅 / 亚历山德丽娜·莎芭丝缇安 / 「扳机」,B-,5,3,4,2,4,3,1,0.02,0.01,108,29968,1,4,"da, sd","da:2.6.1, da:2.7.1, sd:2.6.1, sd:2.6.3","1-3_combined.json, 5-2_combined.json, 5-3_combined.json, top_combined.json",hf_comps,record_count=5；phase_count=4；mode_count=2；boss_count=3；max_app_rate=0.02；median_app_rate=0.01,包含 4 条 sentinel/missing 分数；记录稀疏或出场率较低
nicole-demara|vivian|yixuan,"nicole-demara, vivian, yixuan",妮可·德玛拉 / 薇薇安·班希 / 仪玄,B-,5,4,4,2,5,4,1,0.02,0.02,108,28112,5,0,"da, sd","da:2.6.1, da:2.8.2, sd:2.6.3, sd:2.6.4","1-2_combined.json, 1-3_combined.json, 5-2_combined.json, 5-3_combined.json, top_combined.json",hf_comps,record_count=5；phase_count=4；mode_count=2；boss_count=4；max_app_rate=0.02；median_app_rate=0.02,记录稀疏或出场率较低
soldier-11|sunna|trigger,"soldier-11, sunna, trigger",「11号」 / 千夏 / 「扳机」,B-,5,2,4,2,4,4,1,0.02,0.01,67,29331,4,1,"da, sd","da:2.6.1, da:2.6.2, sd:2.6.1, sd:2.6.3","1-1_combined.json, 1-2_combined.json, 5-2_combined.json, 5-3_combined.json",hf_comps,record_count=5；phase_count=4；mode_count=2；boss_count=4；max_app_rate=0.02；median_app_rate=0.01,包含 1 条 sentinel/missing 分数；记录稀疏或出场率较低
alice|rina|yanagi,"alice, rina, yanagi",爱丽丝·泰姆菲尔德 / 亚历山德丽娜·莎芭丝缇安 / 月城 柳,B-,4,2,3,2,3,2,1,0.02,0.01,131,27392,1,3,"da, sd","da:2.6.1, sd:2.6.1, sd:2.6.3","5-1_combined.json, 5-2_combined.json, top_combined.json",hf_comps,record_count=4；phase_count=3；mode_count=2；boss_count=2；max_app_rate=0.02；median_app_rate=0.01,包含 3 条 sentinel/missing 分数；记录稀疏或出场率较低
anby-demara-soldier-0|orphie-and-magus|rina,"anby-demara-soldier-0, orphie-and-magus, rina",零号·安比 / 奥菲丝·马格努森 & 「鬼火」 / 亚历山德丽娜·莎芭丝缇安,B-,4,3,3,2,3,2,1,0.02,0.02,146,28906,4,0,"da, sd","da:2.7.2, sd:2.6.1, sd:2.7.3","1-2_combined.json, 5-2_combined.json, top_combined.json",hf_comps,record_count=4；phase_count=3；mode_count=2；boss_count=2；max_app_rate=0.02；median_app_rate=0.02,记录稀疏或出场率较低
anby-demara-soldier-0|pulchra|sunna,"anby-demara-soldier-0, pulchra, sunna",零号·安比 / 波可娜·费雷尼 / 千夏,B-,4,3,3,2,3,2,1,0.02,0.015,134,28418,4,0,"da, sd","da:2.6.2, da:2.7.2, sd:2.6.1","1-2_combined.json, 5-2_combined.json, top_combined.json",hf_comps,record_count=4；phase_count=3；mode_count=2；boss_count=2；max_app_rate=0.02；median_app_rate=0.015,记录稀疏或出场率较低
anton|astra-yao|trigger,"anton, astra-yao, trigger",安东·伊万诺夫 / 耀嘉音 / 「扳机」,B-,4,4,4,2,3,3,1,0.02,0.01,134,29394,2,2,"da, sd","da:2.6.2, da:2.8.1, da:2.8.3, sd:2.6.1","1-2_combined.json, 1-3_combined.json, 5-2_combined.json",hf_comps,record_count=4；phase_count=4；mode_count=2；boss_count=3；max_app_rate=0.02；median_app_rate=0.01,包含 2 条 sentinel/missing 分数；记录稀疏或出场率较低
aria|promeia|sunna,"aria, promeia, sunna",爱芮 / 普罗米娅 / 千夏,B-,4,3,3,2,4,3,1,0.02,0.015,116,31945,4,0,"da, sd","da:2.8.2, sd:2.7.3, sd:2.8.3","1-3_combined.json, 5-1_combined.json, 5-3_combined.json, top_combined.json",hf_comps,record_count=4；phase_count=3；mode_count=2；boss_count=3；max_app_rate=0.02；median_app_rate=0.015,记录稀疏或出场率较低
astra-yao|burnice|grace-howard,"astra-yao, burnice, grace-howard",耀嘉音 / 柏妮思·怀特 / 格莉丝·霍华德,B-,4,2,3,2,3,2,1,0.02,0.015,75,30431,4,0,"da, sd","da:2.6.1, sd:2.6.1, sd:2.7.3","1-3_combined.json, 5-2_combined.json, top_combined.json",hf_comps,record_count=4；phase_count=3；mode_count=2；boss_count=2；max_app_rate=0.02；median_app_rate=0.015,记录稀疏或出场率较低
astra-yao|dialyn|orphie-and-magus,"astra-yao, dialyn, orphie-and-magus",耀嘉音 / 琉音 / 奥菲丝·马格努森 & 「鬼火」,B-,4,2,3,2,3,2,1,0.02,0.015,162,31699,2,2,"da, sd","da:2.6.1, da:2.6.2, sd:2.6.1","1-2_combined.json, 5-3_combined.json, top_combined.json",hf_comps,record_count=4；phase_count=3；mode_count=2；boss_count=2；max_app_rate=0.02；median_app_rate=0.015,包含 2 条 sentinel/missing 分数；记录稀疏或出场率较低
astra-yao|evelyn|pulchra,"astra-yao, evelyn, pulchra",耀嘉音 / 伊芙琳·舒瓦利耶 / 波可娜·费雷尼,B-,4,2,2,1,3,2,1,0.02,0.02,134,30111,2,2,sd,"sd:2.6.1, sd:2.6.3","5-2_combined.json, 5-3_combined.json, top_combined.json",hf_comps,record_count=4；phase_count=2；mode_count=1；boss_count=2；max_app_rate=0.02；median_app_rate=0.02,包含 2 条 sentinel/missing 分数；记录稀疏或出场率较低
astra-yao|lucia|ye-shunguang,"astra-yao, lucia, ye-shunguang",耀嘉音 / 卢西娅 / 叶瞬光,B-,4,2,2,1,2,1,1,0.02,0.015,114,,0,4,sd,"sd:2.6.3, sd:2.6.4","5-1_combined.json, top_combined.json",hf_comps,record_count=4；phase_count=2；mode_count=1；boss_count=1；max_app_rate=0.02；median_app_rate=0.015,全部表现分数为 sentinel/missing
astra-yao|nicole-demara|vivian,"astra-yao, nicole-demara, vivian",耀嘉音 / 妮可·德玛拉 / 薇薇安·班希,B-,4,3,3,2,4,3,1,0.02,0.02,108,25096,3,1,"da, sd","da:2.6.1, sd:2.6.3, sd:2.6.4","1-2_combined.json, 5-2_combined.json, 5-3_combined.json, top_combined.json",hf_comps,record_count=4；phase_count=3；mode_count=2；boss_count=3；max_app_rate=0.02；median_app_rate=0.02,包含 1 条 sentinel/missing 分数；记录稀疏或出场率较低
astra-yao|promeia|trigger,"astra-yao, promeia, trigger",耀嘉音 / 普罗米娅 / 「扳机」,B-,4,2,4,2,3,3,1,0.02,0.02,92,34546,4,0,"da, sd","da:2.8.2, da:2.8.3, sd:2.8.2, sd:2.8.3","1-1_combined.json, 5-1_combined.json, 5-2_combined.json",hf_comps,record_count=4；phase_count=4；mode_count=2；boss_count=3；max_app_rate=0.02；median_app_rate=0.02,记录稀疏或出场率较低
astra-yao|ukinami-yuzuha|yixuan,"astra-yao, ukinami-yuzuha, yixuan",耀嘉音 / 浮波柚叶 / 仪玄,B-,4,2,3,2,2,1,1,0.02,0.015,162,29989,3,1,"da, sd","da:2.6.1, sd:2.6.1, sd:2.6.3","5-3_combined.json, top_combined.json",hf_comps,record_count=4；phase_count=3；mode_count=2；boss_count=1；max_app_rate=0.02；median_app_rate=0.015,包含 1 条 sentinel/missing 分数；记录稀疏或出场率较低
banyue|caesar|dialyn,"banyue, caesar, dialyn",般岳 / 凯撒·金 / 琉音,B-,4,3,3,2,4,3,1,0.02,0.01,114,26344,2,2,"da, sd","da:2.6.1, da:2.6.2, sd:2.6.4","1-2_combined.json, 1-3_combined.json, 5-1_combined.json, top_combined.json",hf_comps,record_count=4；phase_count=3；mode_count=2；boss_count=3；max_app_rate=0.02；median_app_rate=0.01,包含 2 条 sentinel/missing 分数；记录稀疏或出场率较低
billy-starlight|caesar|pulchra,"billy-starlight, caesar, pulchra",星徽·比利 / 凯撒·金 / 波可娜·费雷尼,B-,4,2,3,2,4,3,1,0.02,0.015,106,24969,2,2,"da, sd","da:2.8.2, da:3.0.1, sd:2.8.3","1-2_combined.json, 1-3_combined.json, 5-2_combined.json, top_combined.json",hf_comps,record_count=4；phase_count=3；mode_count=2；boss_count=3；max_app_rate=0.02；median_app_rate=0.015,包含 2 条 sentinel/missing 分数；记录稀疏或出场率较低
billy-starlight|dialyn|zhao,"billy-starlight, dialyn, zhao",星徽·比利 / 琉音 / 照,B-,4,3,4,2,4,4,1,0.02,0.015,106,30474,3,1,"da, sd","da:2.8.3, da:3.0.1, sd:2.8.2, sd:2.8.3","1-2_combined.json, 1-3_combined.json, 5-1_combined.json, 5-2_combined.json",hf_comps,record_count=4；phase_count=4；mode_count=2；boss_count=4；max_app_rate=0.02；median_app_rate=0.015,包含 1 条 sentinel/missing 分数；记录稀疏或出场率较低
billy-starlight|lucia|nangong-yu,"billy-starlight, lucia, nangong-yu",星徽·比利 / 卢西娅 / 南宫羽,B-,4,3,3,2,4,3,1,0.02,0.01,160,31783,4,0,"da, sd","da:2.8.3, sd:2.8.2, sd:2.8.3","1-3_combined.json, 5-1_combined.json, 5-2_combined.json, top_combined.json",hf_comps,record_count=4；phase_count=3；mode_count=2；boss_count=3；max_app_rate=0.02；median_app_rate=0.01,记录稀疏或出场率较低
burnice|jane-doe|nangong-yu,"burnice, jane-doe, nangong-yu",柏妮思·怀特 / 简·杜 / 南宫羽,B-,4,2,3,2,4,3,1,0.02,0.015,147,17373,3,1,"da, sd","da:2.8.2, sd:2.8.2, sd:2.8.3","1-3_combined.json, 5-1_combined.json, 5-2_combined.json, top_combined.json",hf_comps,record_count=4；phase_count=3；mode_count=2；boss_count=3；max_app_rate=0.02；median_app_rate=0.015,包含 1 条 sentinel/missing 分数；记录稀疏或出场率较低
burnice|promeia|zhao,"burnice, promeia, zhao",柏妮思·怀特 / 普罗米娅 / 照,B-,4,2,3,2,4,3,1,0.02,0.015,106,26419,4,0,"da, sd","da:2.8.2, sd:2.8.2, sd:2.8.3","1-1_combined.json, 5-1_combined.json, 5-2_combined.json, top_combined.json",hf_comps,record_count=4；phase_count=3；mode_count=2；boss_count=3；max_app_rate=0.02；median_app_rate=0.015,记录稀疏或出场率较低
caesar|harumasa|trigger,"caesar, harumasa, trigger",凯撒·金 / 浅羽 悠真 / 「扳机」,B-,4,4,4,2,3,3,1,0.02,0.01,166,27544,2,2,"da, sd","da:2.6.2, sd:2.6.1, sd:2.7.2, sd:2.8.2","1-2_combined.json, 5-2_combined.json, 5-3_combined.json",hf_comps,record_count=4；phase_count=4；mode_count=2；boss_count=3；max_app_rate=0.02；median_app_rate=0.01,包含 2 条 sentinel/missing 分数；记录稀疏或出场率较低
caesar|nicole-demara|yixuan,"caesar, nicole-demara, yixuan",凯撒·金 / 妮可·德玛拉 / 仪玄,B-,4,1,2,2,3,2,1,0.02,0.015,108,21720,2,2,"da, sd","da:2.6.1, sd:2.6.1","1-2_combined.json, 5-3_combined.json, top_combined.json",hf_comps,record_count=4；phase_count=2；mode_count=2；boss_count=2；max_app_rate=0.02；median_app_rate=0.015,包含 2 条 sentinel/missing 分数；记录稀疏或出场率较低
cissia|qingyi|zhao,"cissia, qingyi, zhao",希希芙 / 青衣 / 照,B-,4,3,4,2,2,2,1,0.02,0.01,122,25885,3,1,"da, sd","da:2.8.1, da:2.8.2, da:2.8.3, sd:2.8.2","1-3_combined.json, 5-3_combined.json",hf_comps,record_count=4；phase_count=4；mode_count=2；boss_count=2；max_app_rate=0.02；median_app_rate=0.01,包含 1 条 sentinel/missing 分数；记录稀疏或出场率较低
dialyn|ellen|nicole-demara,"dialyn, ellen, nicole-demara",琉音 / 艾莲·乔 / 妮可·德玛拉,B-,4,3,3,2,3,2,1,0.02,0.015,100,31233,4,0,"da, sd","da:2.7.1, da:2.7.2, sd:2.6.1","1-3_combined.json, 5-2_combined.json, top_combined.json",hf_comps,record_count=4；phase_count=3；mode_count=2；boss_count=2；max_app_rate=0.02；median_app_rate=0.015,记录稀疏或出场率较低
dialyn|harumasa|orphie-and-magus,"dialyn, harumasa, orphie-and-magus",琉音 / 浅羽 悠真 / 奥菲丝·马格努森 & 「鬼火」,B-,4,2,3,2,4,3,1,0.02,0.015,146,25360,4,0,"da, sd","da:2.7.2, da:2.8.1, sd:2.7.3","1-2_combined.json, 1-3_combined.json, 5-2_combined.json, top_combined.json",hf_comps,record_count=4；phase_count=3；mode_count=2；boss_count=3；max_app_rate=0.02；median_app_rate=0.015,记录稀疏或出场率较低
ellen|lycaon|soukaku,"ellen, lycaon, soukaku",艾莲·乔 / 冯·莱卡恩 / 苍角,B-,4,3,3,1,3,2,1,0.02,0.015,113,20726,4,0,da,"da:2.7.1, da:2.7.2, da:2.8.2","1-2_combined.json, 1-3_combined.json, top_combined.json",hf_comps,record_count=4；phase_count=3；mode_count=1；boss_count=2；max_app_rate=0.02；median_app_rate=0.015,记录稀疏或出场率较低
ellen|nicole-demara|trigger,"ellen, nicole-demara, trigger",艾莲·乔 / 妮可·德玛拉 / 「扳机」,B-,4,3,3,2,3,2,1,0.02,0.015,156,26478,2,2,"da, sd","da:2.7.2, da:3.0.1, sd:2.6.4","1-2_combined.json, 5-3_combined.json, top_combined.json",hf_comps,record_count=4；phase_count=3；mode_count=2；boss_count=2；max_app_rate=0.02；median_app_rate=0.015,包含 2 条 sentinel/missing 分数；记录稀疏或出场率较低
evelyn|lucia|yixuan,"evelyn, lucia, yixuan",伊芙琳·舒瓦利耶 / 卢西娅 / 仪玄,B-,4,2,3,2,3,2,1,0.02,0.02,108,28633,4,0,"da, sd","da:2.6.1, sd:2.6.1, sd:2.6.4","1-2_combined.json, 5-3_combined.json, top_combined.json",hf_comps,record_count=4；phase_count=3；mode_count=2；boss_count=2；max_app_rate=0.02；median_app_rate=0.02,记录稀疏或出场率较低
grace-howard|jane-doe|ukinami-yuzuha,"grace-howard, jane-doe, ukinami-yuzuha",格莉丝·霍华德 / 简·杜 / 浮波柚叶,B-,4,3,3,2,3,2,1,0.02,0.01,124,29050,2,2,"da, sd","da:2.8.2, sd:2.6.1, sd:2.6.3","1-3_combined.json, 5-1_combined.json, top_combined.json",hf_comps,record_count=4；phase_count=3；mode_count=2；boss_count=2；max_app_rate=0.02；median_app_rate=0.01,包含 2 条 sentinel/missing 分数；记录稀疏或出场率较低
harumasa|ju-fufu|qingyi,"harumasa, ju-fufu, qingyi",浅羽 悠真 / 橘福福 / 青衣,B-,4,2,3,2,3,2,1,0.02,0.015,155,,0,4,"da, sd","da:2.6.1, da:2.7.2, sd:2.7.2","1-2_combined.json, 5-2_combined.json, top_combined.json",hf_comps,record_count=4；phase_count=3；mode_count=2；boss_count=2；max_app_rate=0.02；median_app_rate=0.015,全部表现分数为 sentinel/missing
ju-fufu|vivian|yixuan,"ju-fufu, vivian, yixuan",橘福福 / 薇薇安·班希 / 仪玄,B-,4,3,3,1,3,2,1,0.02,0.01,109,27582,2,2,sd,"sd:2.6.1, sd:2.6.4, sd:2.7.3","5-2_combined.json, 5-3_combined.json, top_combined.json",hf_comps,record_count=4；phase_count=3；mode_count=1；boss_count=2；max_app_rate=0.02；median_app_rate=0.01,包含 2 条 sentinel/missing 分数；记录稀疏或出场率较低
lighter|orphie-and-magus|zhao,"lighter, orphie-and-magus, zhao",莱特 / 奥菲丝·马格努森 & 「鬼火」 / 照,B-,4,3,3,2,3,2,1,0.02,0.02,134,26354,1,3,"da, sd","da:2.6.1, sd:2.6.3, sd:2.6.4","5-2_combined.json, 5-3_combined.json, top_combined.json",hf_comps,record_count=4；phase_count=3；mode_count=2；boss_count=2；max_app_rate=0.02；median_app_rate=0.02,包含 3 条 sentinel/missing 分数；记录稀疏或出场率较低
lucia|miyabi|nangong-yu,"lucia, miyabi, nangong-yu",卢西娅 / 星见 雅 / 南宫羽,B-,4,4,4,2,4,4,1,0.02,0.01,133,27707,3,1,"da, sd","da:2.7.1, da:3.0.1, sd:2.7.3, sd:2.8.2","1-2_combined.json, 1-3_combined.json, 5-2_combined.json, 5-3_combined.json",hf_comps,record_count=4；phase_count=4；mode_count=2；boss_count=4；max_app_rate=0.02；median_app_rate=0.01,包含 1 条 sentinel/missing 分数；记录稀疏或出场率较低
nicole-demara|pulchra|yixuan,"nicole-demara, pulchra, yixuan",妮可·德玛拉 / 波可娜·费雷尼 / 仪玄,B-,4,3,4,2,2,2,1,0.02,0.01,108,26211,4,0,"da, sd","da:2.6.1, da:2.7.1, sd:2.6.1, sd:2.6.3","1-2_combined.json, 5-3_combined.json",hf_comps,record_count=4；phase_count=4；mode_count=2；boss_count=2；max_app_rate=0.02；median_app_rate=0.01,记录稀疏或出场率较低
alice|miyabi|nicole-demara,"alice, miyabi, nicole-demara",爱丽丝·泰姆菲尔德 / 星见 雅 / 妮可·德玛拉,B-,3,2,2,1,3,2,1,0.02,0.02,75,23477,3,0,da,"da:2.6.1, da:2.8.3","1-1_combined.json, 1-3_combined.json, top_combined.json",hf_comps,record_count=3；phase_count=2；mode_count=1；boss_count=2；max_app_rate=0.02；median_app_rate=0.02,记录稀疏或出场率较低
alice|orphie-and-magus|ukinami-yuzuha,"alice, orphie-and-magus, ukinami-yuzuha",爱丽丝·泰姆菲尔德 / 奥菲丝·马格努森 & 「鬼火」 / 浮波柚叶,B-,3,2,2,1,2,1,1,0.02,0.02,155,26670,3,0,sd,"sd:2.8.2, sd:2.8.3","5-3_combined.json, top_combined.json",hf_comps,record_count=3；phase_count=2；mode_count=1；boss_count=1；max_app_rate=0.02；median_app_rate=0.02,记录稀疏或出场率较低
anby-demara|billy-starlight|lucia,"anby-demara, billy-starlight, lucia",安比·德玛拉 / 星徽·比利 / 卢西娅,B-,3,2,3,2,3,3,1,0.02,0.02,106,30967,3,0,"da, sd","da:3.0.1, sd:2.8.2, sd:2.8.3","1-3_combined.json, 5-1_combined.json, 5-2_combined.json",hf_comps,record_count=3；phase_count=3；mode_count=2；boss_count=3；max_app_rate=0.02；median_app_rate=0.02,记录稀疏或出场率较低
aria|caesar|nangong-yu,"aria, caesar, nangong-yu",爱芮 / 凯撒·金 / 南宫羽,B-,3,2,2,1,3,2,1,0.02,0.02,114,28684,3,0,da,"da:2.7.2, da:2.8.2","1-1_combined.json, 1-3_combined.json, top_combined.json",hf_comps,record_count=3；phase_count=2；mode_count=1；boss_count=2；max_app_rate=0.02；median_app_rate=0.02,记录稀疏或出场率较低
aria|dialyn|zhao,"aria, dialyn, zhao",爱芮 / 琉音 / 照,B-,3,3,3,2,3,3,1,0.02,0.02,96,27486,3,0,"da, sd","da:2.7.1, da:2.8.2, sd:2.6.3","1-1_combined.json, 1-3_combined.json, 5-3_combined.json",hf_comps,record_count=3；phase_count=3；mode_count=2；boss_count=3；max_app_rate=0.02；median_app_rate=0.02,记录稀疏或出场率较低
aria|miyabi|nangong-yu,"aria, miyabi, nangong-yu",爱芮 / 星见 雅 / 南宫羽,B-,3,3,3,1,3,3,1,0.02,0.02,92,27640,3,0,sd,"sd:2.7.3, sd:2.8.2, sd:2.8.3","5-1_combined.json, 5-2_combined.json, 5-3_combined.json",hf_comps,record_count=3；phase_count=3；mode_count=1；boss_count=3；max_app_rate=0.02；median_app_rate=0.02,记录稀疏或出场率较低
aria|pulchra|ukinami-yuzuha,"aria, pulchra, ukinami-yuzuha",爱芮 / 波可娜·费雷尼 / 浮波柚叶,B-,3,2,2,1,3,2,1,0.02,0.02,114,23322,3,0,da,"da:2.7.2, da:2.8.2","1-1_combined.json, 1-3_combined.json, top_combined.json",hf_comps,record_count=3；phase_count=2；mode_count=1；boss_count=2；max_app_rate=0.02；median_app_rate=0.02,记录稀疏或出场率较低
aria|sunna|yixuan,"aria, sunna, yixuan",爱芮 / 千夏 / 仪玄,B-,3,2,2,2,3,2,1,0.02,0.02,147,25992,3,0,"da, sd","da:2.8.2, sd:2.6.3","1-3_combined.json, 5-3_combined.json, top_combined.json",hf_comps,record_count=3；phase_count=2；mode_count=2；boss_count=2；max_app_rate=0.02；median_app_rate=0.02,记录稀疏或出场率较低
astra-yao|billy-starlight|lycaon,"astra-yao, billy-starlight, lycaon",耀嘉音 / 星徽·比利 / 冯·莱卡恩,B-,3,2,2,1,3,2,1,0.02,0.02,106,28392,3,0,da,"da:2.8.3, da:3.0.1","1-2_combined.json, 1-3_combined.json, top_combined.json",hf_comps,record_count=3；phase_count=2；mode_count=1；boss_count=2；max_app_rate=0.02；median_app_rate=0.02,记录稀疏或出场率较低
astra-yao|cissia|ye-shunguang,"astra-yao, cissia, ye-shunguang",耀嘉音 / 希希芙 / 叶瞬光,B-,3,1,2,2,3,2,1,0.02,0.02,122,,0,3,"da, sd","da:2.8.1, sd:2.7.3","1-3_combined.json, 5-2_combined.json, top_combined.json",hf_comps,record_count=3；phase_count=2；mode_count=2；boss_count=2；max_app_rate=0.02；median_app_rate=0.02,全部表现分数为 sentinel/missing
astra-yao|harumasa|ju-fufu,"astra-yao, harumasa, ju-fufu",耀嘉音 / 浅羽 悠真 / 橘福福,B-,3,3,3,2,3,3,1,0.02,0.01,135,22877,2,1,"da, sd","da:2.7.2, da:2.8.3, sd:2.7.3","1-2_combined.json, 1-3_combined.json, 5-2_combined.json",hf_comps,record_count=3；phase_count=3；mode_count=2；boss_count=3；max_app_rate=0.02；median_app_rate=0.01,包含 1 条 sentinel/missing 分数；记录稀疏或出场率较低
astra-yao|miyabi|yidhari,"astra-yao, miyabi, yidhari",耀嘉音 / 星见 雅 / 伊德海莉·墨菲,B-,3,3,3,2,2,2,1,0.02,0.02,151,26299,2,1,"da, sd","da:2.6.2, sd:2.6.4, sd:2.7.2","1-3_combined.json, 5-3_combined.json",hf_comps,record_count=3；phase_count=3；mode_count=2；boss_count=2；max_app_rate=0.02；median_app_rate=0.02,包含 1 条 sentinel/missing 分数；记录稀疏或出场率较低
astra-yao|nekomata|sunna,"astra-yao, nekomata, sunna",耀嘉音 / 猫宫 又奈 / 千夏,B-,3,2,2,1,3,2,1,0.02,0.02,67,25045,1,2,da,"da:2.6.1, da:2.6.2","1-1_combined.json, 1-2_combined.json, top_combined.json",hf_comps,record_count=3；phase_count=2；mode_count=1；boss_count=2；max_app_rate=0.02；median_app_rate=0.02,包含 2 条 sentinel/missing 分数；记录稀疏或出场率较低
astra-yao|nekomata|trigger,"astra-yao, nekomata, trigger",耀嘉音 / 猫宫 又奈 / 「扳机」,B-,3,2,2,1,3,2,1,0.02,0.02,135,23832,1,2,da,"da:2.6.2, da:2.8.3","1-2_combined.json, 1-3_combined.json, top_combined.json",hf_comps,record_count=3；phase_count=2；mode_count=1；boss_count=2；max_app_rate=0.02；median_app_rate=0.02,包含 2 条 sentinel/missing 分数；记录稀疏或出场率较低
astra-yao|pan-yinhu|yidhari,"astra-yao, pan-yinhu, yidhari",耀嘉音 / 潘引壶 / 伊德海莉·墨菲,B-,3,3,3,2,2,2,1,0.02,0.01,151,25710,3,0,"da, sd","da:2.6.2, sd:2.6.4, sd:2.7.2","1-3_combined.json, 5-3_combined.json",hf_comps,record_count=3；phase_count=3；mode_count=2；boss_count=2；max_app_rate=0.02；median_app_rate=0.01,记录稀疏或出场率较低
astra-yao|trigger|yidhari,"astra-yao, trigger, yidhari",耀嘉音 / 「扳机」 / 伊德海莉·墨菲,B-,3,2,2,2,3,2,1,0.02,0.01,151,21968,1,2,"da, sd","da:2.6.2, sd:2.6.4","1-3_combined.json, 5-3_combined.json, top_combined.json",hf_comps,record_count=3；phase_count=2；mode_count=2；boss_count=2；max_app_rate=0.02；median_app_rate=0.01,包含 2 条 sentinel/missing 分数；记录稀疏或出场率较低
banyue|dialyn|orphie-and-magus,"banyue, dialyn, orphie-and-magus",般岳 / 琉音 / 奥菲丝·马格努森 & 「鬼火」,B-,3,2,2,2,3,2,1,0.02,0.02,151,29844,3,0,"da, sd","da:2.6.2, sd:2.6.1","1-3_combined.json, 5-3_combined.json, top_combined.json",hf_comps,record_count=3；phase_count=2；mode_count=2；boss_count=2；max_app_rate=0.02；median_app_rate=0.02,记录稀疏或出场率较低
banyue|lighter|pulchra,"banyue, lighter, pulchra",般岳 / 莱特 / 波可娜·费雷尼,B-,3,2,3,2,3,2,1,0.02,0.01,151,27823,2,1,"da, sd","da:2.6.1, da:2.6.2, sd:2.6.1","1-3_combined.json, 5-3_combined.json, top_combined.json",hf_comps,record_count=3；phase_count=3；mode_count=2；boss_count=2；max_app_rate=0.02；median_app_rate=0.01,包含 1 条 sentinel/missing 分数；记录稀疏或出场率较低
billy-kid|nicole-demara|trigger,"billy-kid, nicole-demara, trigger",比利·奇德 / 妮可·德玛拉 / 「扳机」,B-,3,1,2,2,3,2,1,0.02,0.02,134,26587,3,0,"da, sd","da:2.6.2, sd:2.6.3","1-2_combined.json, 5-1_combined.json, top_combined.json",hf_comps,record_count=3；phase_count=2；mode_count=2；boss_count=2；max_app_rate=0.02；median_app_rate=0.02,记录稀疏或出场率较低
billy-starlight|lucia|nicole-demara,"billy-starlight, lucia, nicole-demara",星徽·比利 / 卢西娅 / 妮可·德玛拉,B-,3,2,3,2,2,2,1,0.02,0.01,134,25720,3,0,"da, sd","da:2.8.2, da:2.8.3, sd:2.8.2","1-2_combined.json, 5-1_combined.json",hf_comps,record_count=3；phase_count=3；mode_count=2；boss_count=2；max_app_rate=0.02；median_app_rate=0.01,记录稀疏或出场率较低
burnice|lucy|piper,"burnice, lucy, piper",柏妮思·怀特 / 露西亚娜·德·蒙特夫 / 派派·韦尔,B-,3,1,1,1,3,2,1,0.02,0.01,155,10238,3,0,da,da:2.8.2,"1-1_combined.json, 1-3_combined.json, top_combined.json",hf_comps,record_count=3；phase_count=1；mode_count=1；boss_count=2；max_app_rate=0.02；median_app_rate=0.01,记录稀疏或出场率较低
burnice|lucy|vivian,"burnice, lucy, vivian",柏妮思·怀特 / 露西亚娜·德·蒙特夫 / 薇薇安·班希,B-,3,1,2,2,3,2,1,0.02,0.02,160,26789,1,2,"da, sd","da:2.6.1, sd:2.6.1","1-2_combined.json, 5-3_combined.json, top_combined.json",hf_comps,record_count=3；phase_count=2；mode_count=2；boss_count=2；max_app_rate=0.02；median_app_rate=0.02,包含 2 条 sentinel/missing 分数；记录稀疏或出场率较低
burnice|miyabi|nangong-yu,"burnice, miyabi, nangong-yu",柏妮思·怀特 / 星见 雅 / 南宫羽,B-,3,3,3,1,2,2,1,0.02,0.01,109,28184,2,1,sd,"sd:2.7.2, sd:2.7.3, sd:2.8.2","5-2_combined.json, 5-3_combined.json",hf_comps,record_count=3；phase_count=3；mode_count=1；boss_count=2；max_app_rate=0.02；median_app_rate=0.01,包含 1 条 sentinel/missing 分数；记录稀疏或出场率较低
burnice|sunna|vivian,"burnice, sunna, vivian",柏妮思·怀特 / 千夏 / 薇薇安·班希,B-,3,2,2,1,2,1,1,0.02,0.02,162,29833,3,0,sd,"sd:2.6.1, sd:2.6.3","5-3_combined.json, top_combined.json",hf_comps,record_count=3；phase_count=2；mode_count=1；boss_count=1；max_app_rate=0.02；median_app_rate=0.02,记录稀疏或出场率较低
burnice|yanagi|zhao,"burnice, yanagi, zhao",柏妮思·怀特 / 月城 柳 / 照,B-,3,2,2,1,2,1,1,0.02,0.01,146,30545,3,0,sd,"sd:2.6.1, sd:2.7.3","5-2_combined.json, top_combined.json",hf_comps,record_count=3；phase_count=2；mode_count=1；boss_count=1；max_app_rate=0.02；median_app_rate=0.01,记录稀疏或出场率较低
caesar|cissia|trigger,"caesar, cissia, trigger",凯撒·金 / 希希芙 / 「扳机」,B-,3,3,3,2,3,3,1,0.02,0.01,176,28922,3,0,"da, sd","da:2.8.3, sd:2.7.2, sd:2.8.2","1-3_combined.json, 5-2_combined.json, 5-3_combined.json",hf_comps,record_count=3；phase_count=3；mode_count=2；boss_count=3；max_app_rate=0.02；median_app_rate=0.01,记录稀疏或出场率较低
caesar|promeia|ukinami-yuzuha,"caesar, promeia, ukinami-yuzuha",凯撒·金 / 普罗米娅 / 浮波柚叶,B-,3,3,3,1,1,1,1,0.02,0.01,81,31698,2,1,da,"da:2.8.1, da:2.8.2, da:2.8.3",1-1_combined.json,hf_comps,record_count=3；phase_count=3；mode_count=1；boss_count=1；max_app_rate=0.02；median_app_rate=0.01,包含 1 条 sentinel/missing 分数；记录稀疏或出场率较低
cissia|dialyn|trigger,"cissia, dialyn, trigger",希希芙 / 琉音 / 「扳机」,B-,3,1,2,2,3,2,1,0.02,0.02,153,28766,1,2,"da, sd","da:2.7.2, sd:2.7.2","1-2_combined.json, 5-2_combined.json, top_combined.json",hf_comps,record_count=3；phase_count=2；mode_count=2；boss_count=2；max_app_rate=0.02；median_app_rate=0.02,包含 2 条 sentinel/missing 分数；记录稀疏或出场率较低
dialyn|evelyn|ju-fufu,"dialyn, evelyn, ju-fufu",琉音 / 伊芙琳·舒瓦利耶 / 橘福福,B-,3,3,3,1,2,2,1,0.02,0.01,146,31016,3,0,sd,"sd:2.6.1, sd:2.6.3, sd:2.8.3","5-2_combined.json, 5-3_combined.json",hf_comps,record_count=3；phase_count=3；mode_count=1；boss_count=2；max_app_rate=0.02；median_app_rate=0.01,记录稀疏或出场率较低
dialyn|ju-fufu|ye-shunguang,"dialyn, ju-fufu, ye-shunguang",琉音 / 橘福福 / 叶瞬光,B-,3,3,3,2,2,2,1,0.02,0.01,113,26901,2,1,"da, sd","da:2.8.2, da:2.8.3, sd:2.6.4","1-2_combined.json, 5-1_combined.json",hf_comps,record_count=3；phase_count=3；mode_count=2；boss_count=2；max_app_rate=0.02；median_app_rate=0.01,包含 1 条 sentinel/missing 分数；记录稀疏或出场率较低
dialyn|soldier-11|sunna,"dialyn, soldier-11, sunna",琉音 / 「11号」 / 千夏,B-,3,2,2,2,3,2,1,0.02,0.02,67,25320,3,0,"da, sd","da:2.6.1, sd:2.8.3","1-1_combined.json, 5-3_combined.json, top_combined.json",hf_comps,record_count=3；phase_count=2；mode_count=2；boss_count=2；max_app_rate=0.02；median_app_rate=0.02,记录稀疏或出场率较低
dialyn|ukinami-yuzuha|yixuan,"dialyn, ukinami-yuzuha, yixuan",琉音 / 浮波柚叶 / 仪玄,B-,3,3,3,1,2,2,1,0.02,0.01,138,33982,3,0,sd,"sd:2.6.3, sd:2.7.2, sd:2.7.3","5-1_combined.json, 5-3_combined.json",hf_comps,record_count=3；phase_count=3；mode_count=1；boss_count=2；max_app_rate=0.02；median_app_rate=0.01,记录稀疏或出场率较低
grace-howard|rina|vivian,"grace-howard, rina, vivian",格莉丝·霍华德 / 亚历山德丽娜·莎芭丝缇安 / 薇薇安·班希,B-,3,1,2,2,3,2,1,0.02,0.02,75,27578,3,0,"da, sd","da:2.6.1, sd:2.6.1","1-3_combined.json, 5-2_combined.json, top_combined.json",hf_comps,record_count=3；phase_count=2；mode_count=2；boss_count=2；max_app_rate=0.02；median_app_rate=0.02,记录稀疏或出场率较低
harumasa|ye-shunguang|zhao,"harumasa, ye-shunguang, zhao",浅羽 悠真 / 叶瞬光 / 照,B-,3,1,2,2,3,2,1,0.02,0.02,122,20678,1,2,"da, sd","da:2.8.1, sd:2.7.3","1-3_combined.json, 5-2_combined.json, top_combined.json",hf_comps,record_count=3；phase_count=2；mode_count=2；boss_count=2；max_app_rate=0.02；median_app_rate=0.02,包含 2 条 sentinel/missing 分数；记录稀疏或出场率较低
koleda|lucy|soldier-11,"koleda, lucy, soldier-11",珂蕾妲·贝洛伯格 / 露西亚娜·德·蒙特夫 / 「11号」,B-,3,2,2,2,3,2,1,0.02,0.02,129,29028,3,0,"da, sd","da:2.7.1, sd:2.6.1","1-2_combined.json, 5-3_combined.json, top_combined.json",hf_comps,record_count=3；phase_count=2；mode_count=2；boss_count=2；max_app_rate=0.02；median_app_rate=0.02,记录稀疏或出场率较低
lighter|lucia|yidhari,"lighter, lucia, yidhari",莱特 / 卢西娅 / 伊德海莉·墨菲,B-,3,2,2,2,3,2,1,0.02,0.02,113,28350,3,0,"da, sd","da:2.8.2, sd:2.6.4","1-2_combined.json, 5-3_combined.json, top_combined.json",hf_comps,record_count=3；phase_count=2；mode_count=2；boss_count=2；max_app_rate=0.02；median_app_rate=0.02,记录稀疏或出场率较低
lighter|orphie-and-magus|sunna,"lighter, orphie-and-magus, sunna",莱特 / 奥菲丝·马格努森 & 「鬼火」 / 千夏,B-,3,2,2,2,3,2,1,0.02,0.01,98,28950,3,0,"da, sd","da:2.6.1, sd:2.8.3","1-1_combined.json, 5-3_combined.json, top_combined.json",hf_comps,record_count=3；phase_count=2；mode_count=2；boss_count=2；max_app_rate=0.02；median_app_rate=0.01,记录稀疏或出场率较低
lighter|orphie-and-magus|yidhari,"lighter, orphie-and-magus, yidhari",莱特 / 奥菲丝·马格努森 & 「鬼火」 / 伊德海莉·墨菲,B-,3,2,2,1,2,1,1,0.02,0.02,148,22436,2,1,da,"da:2.6.2, da:2.7.2","1-3_combined.json, top_combined.json",hf_comps,record_count=3；phase_count=2；mode_count=1；boss_count=1；max_app_rate=0.02；median_app_rate=0.02,包含 1 条 sentinel/missing 分数；记录稀疏或出场率较低
lucia|miyabi|yidhari,"lucia, miyabi, yidhari",卢西娅 / 星见 雅 / 伊德海莉·墨菲,B-,3,2,2,1,2,1,1,0.02,0.02,151,26176,3,0,sd,"sd:2.6.4, sd:2.7.2","5-3_combined.json, top_combined.json",hf_comps,record_count=3；phase_count=2；mode_count=1；boss_count=1；max_app_rate=0.02；median_app_rate=0.02,记录稀疏或出场率较低
lucia|nicole-demara|yidhari,"lucia, nicole-demara, yidhari",卢西娅 / 妮可·德玛拉 / 伊德海莉·墨菲,B-,3,1,2,2,3,2,1,0.02,0.01,151,25217,3,0,"da, sd","da:2.6.2, sd:2.6.3","1-3_combined.json, 5-3_combined.json, top_combined.json",hf_comps,record_count=3；phase_count=2；mode_count=2；boss_count=2；max_app_rate=0.02；median_app_rate=0.01,记录稀疏或出场率较低
lucia|sunna|ye-shunguang,"lucia, sunna, ye-shunguang",卢西娅 / 千夏 / 叶瞬光,B-,3,2,3,2,3,2,1,0.02,0.01,134,25035,2,1,"da, sd","da:2.8.2, sd:2.6.1, sd:2.8.2","1-2_combined.json, 5-1_combined.json, top_combined.json",hf_comps,record_count=3；phase_count=3；mode_count=2；boss_count=2；max_app_rate=0.02；median_app_rate=0.01,包含 1 条 sentinel/missing 分数；记录稀疏或出场率较低
lucy|miyabi|yanagi,"lucy, miyabi, yanagi",露西亚娜·德·蒙特夫 / 星见 雅 / 月城 柳,B-,3,1,2,2,3,2,1,0.02,0.01,108,26008,1,2,"da, sd","da:2.6.1, sd:2.6.1","1-3_combined.json, 5-2_combined.json, top_combined.json",hf_comps,record_count=3；phase_count=2；mode_count=2；boss_count=2；max_app_rate=0.02；median_app_rate=0.01,包含 2 条 sentinel/missing 分数；记录稀疏或出场率较低
lucy|promeia|vivian,"lucy, promeia, vivian",露西亚娜·德·蒙特夫 / 普罗米娅 / 薇薇安·班希,B-,3,2,2,1,3,2,1,0.02,0.02,109,24675,2,1,sd,"sd:2.8.2, sd:2.8.3","5-1_combined.json, 5-2_combined.json, top_combined.json",hf_comps,record_count=3；phase_count=2；mode_count=1；boss_count=2；max_app_rate=0.02；median_app_rate=0.02,包含 1 条 sentinel/missing 分数；记录稀疏或出场率较低
lucy|yidhari|zhao,"lucy, yidhari, zhao",露西亚娜·德·蒙特夫 / 伊德海莉·墨菲 / 照,B-,3,3,3,2,2,2,1,0.02,0.02,133,25802,2,1,"da, sd","da:2.6.2, sd:2.6.4, sd:2.7.2","1-3_combined.json, 5-3_combined.json",hf_comps,record_count=3；phase_count=3；mode_count=2；boss_count=2；max_app_rate=0.02；median_app_rate=0.02,包含 1 条 sentinel/missing 分数；记录稀疏或出场率较低
lycaon|soukaku|zhao,"lycaon, soukaku, zhao",冯·莱卡恩 / 苍角 / 照,B-,3,2,2,1,2,1,1,0.02,0.02,108,23853,3,0,da,"da:2.8.2, da:2.8.3","1-2_combined.json, top_combined.json",hf_comps,record_count=3；phase_count=2；mode_count=1；boss_count=1；max_app_rate=0.02；median_app_rate=0.02,记录稀疏或出场率较低
lycaon|sunna|ye-shunguang,"lycaon, sunna, ye-shunguang",冯·莱卡恩 / 千夏 / 叶瞬光,B-,3,2,2,1,3,2,1,0.02,0.02,100,28704,3,0,da,"da:2.7.2, da:2.8.2","1-2_combined.json, 1-3_combined.json, top_combined.json",hf_comps,record_count=3；phase_count=2；mode_count=1；boss_count=2；max_app_rate=0.02；median_app_rate=0.02,记录稀疏或出场率较低
lycaon|yixuan|zhao,"lycaon, yixuan, zhao",冯·莱卡恩 / 仪玄 / 照,B-,3,2,2,2,2,1,1,0.02,0.02,138,26030,2,1,"da, sd","da:2.6.1, sd:2.6.3","5-3_combined.json, top_combined.json",hf_comps,record_count=3；phase_count=2；mode_count=2；boss_count=1；max_app_rate=0.02；median_app_rate=0.02,包含 1 条 sentinel/missing 分数；记录稀疏或出场率较低
miyabi|nangong-yu|zhao,"miyabi, nangong-yu, zhao",星见 雅 / 南宫羽 / 照,B-,3,3,3,2,3,3,1,0.02,0.02,107,25198,2,1,"da, sd","da:2.7.1, sd:2.8.2, sd:2.8.3","1-3_combined.json, 5-1_combined.json, 5-2_combined.json",hf_comps,record_count=3；phase_count=3；mode_count=2；boss_count=3；max_app_rate=0.02；median_app_rate=0.02,包含 1 条 sentinel/missing 分数；记录稀疏或出场率较低
miyabi|orphie-and-magus|sunna,"miyabi, orphie-and-magus, sunna",星见 雅 / 奥菲丝·马格努森 & 「鬼火」 / 千夏,B-,3,2,3,2,3,2,1,0.02,0.01,151,27484,2,1,"da, sd","da:2.6.1, da:2.7.1, sd:2.6.4","1-3_combined.json, 5-3_combined.json, top_combined.json",hf_comps,record_count=3；phase_count=3；mode_count=2；boss_count=2；max_app_rate=0.02；median_app_rate=0.01,包含 1 条 sentinel/missing 分数；记录稀疏或出场率较低
miyabi|promeia|soukaku,"miyabi, promeia, soukaku",星见 雅 / 普罗米娅 / 苍角,B-,3,1,2,2,3,2,1,0.02,0.02,106,24232,3,0,"da, sd","da:2.8.2, sd:2.8.2","1-1_combined.json, 5-2_combined.json, top_combined.json",hf_comps,record_count=3；phase_count=2；mode_count=2；boss_count=2；max_app_rate=0.02；median_app_rate=0.02,记录稀疏或出场率较低
miyabi|soukaku|velina,"miyabi, soukaku, velina",星见 雅 / 苍角 / 维琳娜·艾嘉德,B-,3,1,2,2,3,2,1,0.02,0.01,108,20787,1,2,"da, sd","da:3.0.1, sd:2.8.3","1-1_combined.json, 5-1_combined.json, top_combined.json",hf_comps,record_count=3；phase_count=2；mode_count=2；boss_count=2；max_app_rate=0.02；median_app_rate=0.01,包含 2 条 sentinel/missing 分数；记录稀疏或出场率较低
miyabi|sunna|zhao,"miyabi, sunna, zhao",星见 雅 / 千夏 / 照,B-,3,2,2,1,2,1,1,0.02,0.02,107,22749,2,1,da,"da:2.6.1, da:2.7.1","1-3_combined.json, top_combined.json",hf_comps,record_count=3；phase_count=2；mode_count=1；boss_count=1；max_app_rate=0.02；median_app_rate=0.02,包含 1 条 sentinel/missing 分数；记录稀疏或出场率较低
miyabi|ye-shunguang|zhao,"miyabi, ye-shunguang, zhao",星见 雅 / 叶瞬光 / 照,B-,3,3,3,2,2,2,1,0.02,0.01,113,27286,2,1,"da, sd","da:2.8.2, da:2.8.3, sd:2.7.3","1-2_combined.json, 5-1_combined.json",hf_comps,record_count=3；phase_count=3；mode_count=2；boss_count=2；max_app_rate=0.02；median_app_rate=0.01,包含 1 条 sentinel/missing 分数；记录稀疏或出场率较低
nicole-demara|ukinami-yuzuha|vivian,"nicole-demara, ukinami-yuzuha, vivian",妮可·德玛拉 / 浮波柚叶 / 薇薇安·班希,B-,3,2,2,1,3,2,1,0.02,0.02,138,27995,3,0,sd,"sd:2.6.3, sd:2.6.4","5-2_combined.json, 5-3_combined.json, top_combined.json",hf_comps,record_count=3；phase_count=2；mode_count=1；boss_count=2；max_app_rate=0.02；median_app_rate=0.02,记录稀疏或出场率较低
promeia|sunna|velina,"promeia, sunna, velina",普罗米娅 / 千夏 / 维琳娜·艾嘉德,B-,3,1,2,2,3,2,1,0.02,0.02,105,32428,3,0,"da, sd","da:3.0.1, sd:2.8.3","1-1_combined.json, 5-1_combined.json, top_combined.json",hf_comps,record_count=3；phase_count=2；mode_count=2；boss_count=2；max_app_rate=0.02；median_app_rate=0.02,记录稀疏或出场率较低
qingyi|sunna|zhu-yuan,"qingyi, sunna, zhu-yuan",青衣 / 千夏 / 朱鸢,B-,3,3,3,2,3,3,1,0.02,0.01,119,25508,3,0,"da, sd","da:2.6.2, da:3.0.1, sd:2.7.2","1-1_combined.json, 1-2_combined.json, 5-1_combined.json",hf_comps,record_count=3；phase_count=3；mode_count=2；boss_count=3；max_app_rate=0.02；median_app_rate=0.01,记录稀疏或出场率较低
sunna|ukinami-yuzuha|vivian,"sunna, ukinami-yuzuha, vivian",千夏 / 浮波柚叶 / 薇薇安·班希,B-,3,1,2,2,3,2,1,0.02,0.02,105,27339,3,0,"da, sd","da:2.6.2, sd:2.6.3","1-1_combined.json, 5-3_combined.json, top_combined.json",hf_comps,record_count=3；phase_count=2；mode_count=2；boss_count=2；max_app_rate=0.02；median_app_rate=0.02,记录稀疏或出场率较低
alice|aria|astra-yao,"alice, aria, astra-yao",爱丽丝·泰姆菲尔德 / 爱芮 / 耀嘉音,B-,2,2,2,1,2,2,1,0.02,0.015,128,26810,2,0,da,"da:2.6.2, da:2.8.2","1-1_combined.json, 1-3_combined.json",hf_comps,record_count=2；phase_count=2；mode_count=1；boss_count=2；max_app_rate=0.02；median_app_rate=0.015,记录稀疏或出场率较低
alice|astra-yao|lycaon,"alice, astra-yao, lycaon",爱丽丝·泰姆菲尔德 / 耀嘉音 / 冯·莱卡恩,B-,2,2,2,1,2,1,1,0.02,0.015,96,,0,2,da,"da:2.6.1, da:2.7.1","1-1_combined.json, top_combined.json",hf_comps,record_count=2；phase_count=2；mode_count=1；boss_count=1；max_app_rate=0.02；median_app_rate=0.015,全部表现分数为 sentinel/missing
alice|miyabi|soukaku,"alice, miyabi, soukaku",爱丽丝·泰姆菲尔德 / 星见 雅 / 苍角,B-,2,2,2,1,2,2,1,0.02,0.02,75,21460,2,0,da,"da:2.6.1, da:2.8.2","1-1_combined.json, 1-3_combined.json",hf_comps,record_count=2；phase_count=2；mode_count=1；boss_count=2；max_app_rate=0.02；median_app_rate=0.02,记录稀疏或出场率较低
alice|miyabi|yanagi,"alice, miyabi, yanagi",爱丽丝·泰姆菲尔德 / 星见 雅 / 月城 柳,B-,2,2,2,1,2,2,1,0.02,0.015,106,20082,2,0,da,"da:2.6.1, da:2.8.2","1-1_combined.json, 1-3_combined.json",hf_comps,record_count=2；phase_count=2；mode_count=1；boss_count=2；max_app_rate=0.02；median_app_rate=0.015,记录稀疏或出场率较低
alice|sunna|yanagi,"alice, sunna, yanagi",爱丽丝·泰姆菲尔德 / 千夏 / 月城 柳,B-,2,1,1,1,2,1,1,0.02,0.02,95,29079,2,0,sd,sd:2.6.1,"5-1_combined.json, top_combined.json",hf_comps,record_count=2；phase_count=1；mode_count=1；boss_count=1；max_app_rate=0.02；median_app_rate=0.02,记录稀疏或出场率较低
anby-demara-soldier-0|astra-yao|ye-shunguang,"anby-demara-soldier-0, astra-yao, ye-shunguang",零号·安比 / 耀嘉音 / 叶瞬光,B-,2,2,2,2,2,2,1,0.02,0.015,122,23128,1,1,"da, sd","da:2.8.1, sd:2.6.3","1-3_combined.json, 5-1_combined.json",hf_comps,record_count=2；phase_count=2；mode_count=2；boss_count=2；max_app_rate=0.02；median_app_rate=0.015,包含 1 条 sentinel/missing 分数；记录稀疏或出场率较低
anby-demara-soldier-0|nicole-demara|pulchra,"anby-demara-soldier-0, nicole-demara, pulchra",零号·安比 / 妮可·德玛拉 / 波可娜·费雷尼,B-,2,2,2,1,2,2,1,0.02,0.015,172,29962,2,0,sd,"sd:2.6.1, sd:2.8.2","5-2_combined.json, 5-3_combined.json",hf_comps,record_count=2；phase_count=2；mode_count=1；boss_count=2；max_app_rate=0.02；median_app_rate=0.015,记录稀疏或出场率较低
anby-demara-soldier-0|pulchra|zhao,"anby-demara-soldier-0, pulchra, zhao",零号·安比 / 波可娜·费雷尼 / 照,B-,2,1,1,1,2,1,1,0.02,0.02,134,21451,2,0,da,da:2.6.2,"1-2_combined.json, top_combined.json",hf_comps,record_count=2；phase_count=1；mode_count=1；boss_count=1；max_app_rate=0.02；median_app_rate=0.02,记录稀疏或出场率较低
anby-demara-soldier-0|seed|zhao,"anby-demara-soldier-0, seed, zhao",零号·安比 / 「席德」 / 照,B-,2,1,1,1,2,1,1,0.02,0.02,134,23840,2,0,da,da:2.6.2,"1-2_combined.json, top_combined.json",hf_comps,record_count=2；phase_count=1；mode_count=1；boss_count=1；max_app_rate=0.02；median_app_rate=0.02,记录稀疏或出场率较低
aria|astra-yao|dialyn,"aria, astra-yao, dialyn",爱芮 / 耀嘉音 / 琉音,B-,2,2,2,1,2,2,1,0.02,0.015,96,20946,1,1,da,"da:2.7.1, da:2.8.2","1-1_combined.json, 1-3_combined.json",hf_comps,record_count=2；phase_count=2；mode_count=1；boss_count=2；max_app_rate=0.02；median_app_rate=0.015,包含 1 条 sentinel/missing 分数；记录稀疏或出场率较低
aria|lycaon|nicole-demara,"aria, lycaon, nicole-demara",爱芮 / 冯·莱卡恩 / 妮可·德玛拉,B-,2,1,1,1,2,1,1,0.02,0.02,127,29803,2,0,sd,sd:2.6.4,"5-2_combined.json, top_combined.json",hf_comps,record_count=2；phase_count=1；mode_count=1；boss_count=1；max_app_rate=0.02；median_app_rate=0.02,记录稀疏或出场率较低
astra-yao|billy-starlight|koleda,"astra-yao, billy-starlight, koleda",耀嘉音 / 星徽·比利 / 珂蕾妲·贝洛伯格,B-,2,2,1,1,2,1,1,0.02,0.02,112,27182,2,0,sd,sd:2.8.3,"5-2_combined.json, top_combined.json",hf_comps,record_count=2；phase_count=1；mode_count=1；boss_count=1；max_app_rate=0.02；median_app_rate=0.02,记录稀疏或出场率较低
astra-yao|dialyn|manato,"astra-yao, dialyn, manato",耀嘉音 / 琉音 / 狛野真斗,B-,2,1,1,1,2,1,1,0.02,0.015,151,21253,2,0,da,da:2.6.2,"1-3_combined.json, top_combined.json",hf_comps,record_count=2；phase_count=1；mode_count=1；boss_count=1；max_app_rate=0.02；median_app_rate=0.015,记录稀疏或出场率较低
astra-yao|evelyn|ukinami-yuzuha,"astra-yao, evelyn, ukinami-yuzuha",耀嘉音 / 伊芙琳·舒瓦利耶 / 浮波柚叶,B-,2,1,1,1,2,1,1,0.02,0.02,162,28288,2,0,sd,sd:2.6.1,"5-3_combined.json, top_combined.json",hf_comps,record_count=2；phase_count=1；mode_count=1；boss_count=1；max_app_rate=0.02；median_app_rate=0.02,记录稀疏或出场率较低
astra-yao|lucy|soldier-11,"astra-yao, lucy, soldier-11",耀嘉音 / 露西亚娜·德·蒙特夫 / 「11号」,B-,2,1,1,1,2,1,1,0.02,0.02,162,27372,2,0,sd,sd:2.6.1,"5-3_combined.json, top_combined.json",hf_comps,record_count=2；phase_count=1；mode_count=1；boss_count=1；max_app_rate=0.02；median_app_rate=0.02,记录稀疏或出场率较低
astra-yao|promeia|yanagi,"astra-yao, promeia, yanagi",耀嘉音 / 普罗米娅 / 月城 柳,B-,2,1,1,1,2,1,1,0.02,0.015,155,17337,2,0,da,da:2.8.2,"1-1_combined.json, top_combined.json",hf_comps,record_count=2；phase_count=1；mode_count=1；boss_count=1；max_app_rate=0.02；median_app_rate=0.015,记录稀疏或出场率较低
banyue|ju-fufu|lucy,"banyue, ju-fufu, lucy",般岳 / 橘福福 / 露西亚娜·德·蒙特夫,B-,2,1,1,1,2,1,1,0.02,0.015,151,20478,2,0,da,da:2.6.2,"1-3_combined.json, top_combined.json",hf_comps,record_count=2；phase_count=1；mode_count=1；boss_count=1；max_app_rate=0.02；median_app_rate=0.015,记录稀疏或出场率较低
billy-starlight|caesar|dialyn,"billy-starlight, caesar, dialyn",星徽·比利 / 凯撒·金 / 琉音,B-,2,2,2,1,2,2,1,0.02,0.02,106,28294,2,0,da,"da:2.8.3, da:3.0.1","1-2_combined.json, 1-3_combined.json",hf_comps,record_count=2；phase_count=2；mode_count=1；boss_count=2；max_app_rate=0.02；median_app_rate=0.02,记录稀疏或出场率较低
billy-starlight|dialyn|orphie-and-magus,"billy-starlight, dialyn, orphie-and-magus",星徽·比利 / 琉音 / 奥菲丝·马格努森 & 「鬼火」,B-,2,1,1,1,2,1,1,0.02,0.02,134,24438,2,0,sd,sd:2.8.2,"5-1_combined.json, top_combined.json",hf_comps,record_count=2；phase_count=1；mode_count=1；boss_count=1；max_app_rate=0.02；median_app_rate=0.02,记录稀疏或出场率较低
billy-starlight|lighter|pan-yinhu,"billy-starlight, lighter, pan-yinhu",星徽·比利 / 莱特 / 潘引壶,B-,2,2,2,1,2,2,1,0.02,0.015,134,26080,2,0,sd,"sd:2.8.2, sd:2.8.3","5-1_combined.json, 5-2_combined.json",hf_comps,record_count=2；phase_count=2；mode_count=1；boss_count=2；max_app_rate=0.02；median_app_rate=0.015,记录稀疏或出场率较低
burnice|caesar|piper,"burnice, caesar, piper",柏妮思·怀特 / 凯撒·金 / 派派·韦尔,B-,2,1,1,1,2,1,1,0.02,0.015,197,7248,2,0,da,da:2.8.2,"1-3_combined.json, top_combined.json",hf_comps,record_count=2；phase_count=1；mode_count=1；boss_count=1；max_app_rate=0.02；median_app_rate=0.015,记录稀疏或出场率较低
burnice|jane-doe|sunna,"burnice, jane-doe, sunna",柏妮思·怀特 / 简·杜 / 千夏,B-,2,1,1,1,2,1,1,0.02,0.015,160,,0,2,da,da:2.6.1,"1-2_combined.json, top_combined.json",hf_comps,record_count=2；phase_count=1；mode_count=1；boss_count=1；max_app_rate=0.02；median_app_rate=0.015,全部表现分数为 sentinel/missing
burnice|jane-doe|vivian,"burnice, jane-doe, vivian",柏妮思·怀特 / 简·杜 / 薇薇安·班希,B-,2,1,1,1,2,1,1,0.02,0.015,197,23822,2,0,da,da:2.8.2,"1-3_combined.json, top_combined.json",hf_comps,record_count=2；phase_count=1；mode_count=1；boss_count=1；max_app_rate=0.02；median_app_rate=0.015,记录稀疏或出场率较低
burnice|lucia|yixuan,"burnice, lucia, yixuan",柏妮思·怀特 / 卢西娅 / 仪玄,B-,2,1,1,1,2,1,1,0.02,0.02,162,28509,2,0,sd,sd:2.6.1,"5-3_combined.json, top_combined.json",hf_comps,record_count=2；phase_count=1；mode_count=1；boss_count=1；max_app_rate=0.02；median_app_rate=0.02,记录稀疏或出场率较低
burnice|nangong-yu|promeia,"burnice, nangong-yu, promeia",柏妮思·怀特 / 南宫羽 / 普罗米娅,B-,2,1,2,2,2,2,1,0.02,0.015,106,18309,1,1,"da, sd","da:2.8.2, sd:2.8.2","1-1_combined.json, 5-2_combined.json",hf_comps,record_count=2；phase_count=2；mode_count=2；boss_count=2；max_app_rate=0.02；median_app_rate=0.015,包含 1 条 sentinel/missing 分数；记录稀疏或出场率较低
burnice|promeia|velina,"burnice, promeia, velina",柏妮思·怀特 / 普罗米娅 / 维琳娜·艾嘉德,B-,2,1,1,1,2,1,1,0.02,0.02,105,21432,2,0,da,da:3.0.1,"1-1_combined.json, top_combined.json",hf_comps,record_count=2；phase_count=1；mode_count=1；boss_count=1；max_app_rate=0.02；median_app_rate=0.02,记录稀疏或出场率较低
caesar|ellen|trigger,"caesar, ellen, trigger",凯撒·金 / 艾莲·乔 / 「扳机」,B-,2,1,1,1,2,1,1,0.02,0.015,156,,0,2,da,da:2.7.1,"1-3_combined.json, top_combined.json",hf_comps,record_count=2；phase_count=1；mode_count=1；boss_count=1；max_app_rate=0.02；median_app_rate=0.015,全部表现分数为 sentinel/missing
caesar|evelyn|lighter,"caesar, evelyn, lighter",凯撒·金 / 伊芙琳·舒瓦利耶 / 莱特,B-,2,1,2,2,2,1,1,0.02,0.015,162,27919,1,1,"da, sd","da:2.6.1, sd:2.6.1","5-3_combined.json, top_combined.json",hf_comps,record_count=2；phase_count=2；mode_count=2；boss_count=1；max_app_rate=0.02；median_app_rate=0.015,包含 1 条 sentinel/missing 分数；记录稀疏或出场率较低
caesar|jane-doe|velina,"caesar, jane-doe, velina",凯撒·金 / 简·杜 / 维琳娜·艾嘉德,B-,2,1,2,2,2,2,1,0.02,0.015,126,26018,2,0,"da, sd","da:3.0.1, sd:2.8.3","1-1_combined.json, 5-3_combined.json",hf_comps,record_count=2；phase_count=2；mode_count=2；boss_count=2；max_app_rate=0.02；median_app_rate=0.015,记录稀疏或出场率较低
caesar|nicole-demara|pyrois,"caesar, nicole-demara, pyrois",凯撒·金 / 妮可·德玛拉 / Pyrois,B-,2,1,1,1,2,1,1,0.02,0.02,156,,0,2,da,da:3.0.1,"1-2_combined.json, top_combined.json",hf_comps,record_count=2；phase_count=1；mode_count=1；boss_count=1；max_app_rate=0.02；median_app_rate=0.02,全部表现分数为 sentinel/missing
caesar|promeia|velina,"caesar, promeia, velina",凯撒·金 / 普罗米娅 / 维琳娜·艾嘉德,B-,2,1,1,1,2,1,1,0.02,0.015,126,,0,2,da,da:3.0.1,"1-1_combined.json, top_combined.json",hf_comps,record_count=2；phase_count=1；mode_count=1；boss_count=1；max_app_rate=0.02；median_app_rate=0.015,全部表现分数为 sentinel/missing
caesar|promeia|vivian,"caesar, promeia, vivian",凯撒·金 / 普罗米娅 / 薇薇安·班希,B-,2,1,1,1,2,1,1,0.02,0.02,106,19740,2,0,da,da:2.8.2,"1-1_combined.json, top_combined.json",hf_comps,record_count=2；phase_count=1；mode_count=1；boss_count=1；max_app_rate=0.02；median_app_rate=0.02,记录稀疏或出场率较低
cissia|qingyi|rina,"cissia, qingyi, rina",希希芙 / 青衣 / 亚历山德丽娜·莎芭丝缇安,B-,2,1,1,1,2,1,1,0.02,0.015,146,,0,2,sd,sd:2.7.3,"5-2_combined.json, top_combined.json",hf_comps,record_count=2；phase_count=1；mode_count=1；boss_count=1；max_app_rate=0.02；median_app_rate=0.015,全部表现分数为 sentinel/missing
dialyn|soldier-11|zhao,"dialyn, soldier-11, zhao",琉音 / 「11号」 / 照,B-,2,1,1,1,2,1,1,0.02,0.02,134,31122,2,0,sd,sd:2.6.3,"5-2_combined.json, top_combined.json",hf_comps,record_count=2；phase_count=1；mode_count=1；boss_count=1；max_app_rate=0.02；median_app_rate=0.02,记录稀疏或出场率较低
dialyn|yidhari|zhao,"dialyn, yidhari, zhao",琉音 / 伊德海莉·墨菲 / 照,B-,2,2,2,2,2,2,1,0.02,0.015,138,21574,1,1,"da, sd","da:2.8.1, sd:2.6.4","1-2_combined.json, 5-3_combined.json",hf_comps,record_count=2；phase_count=2；mode_count=2；boss_count=2；max_app_rate=0.02；median_app_rate=0.015,包含 1 条 sentinel/missing 分数；记录稀疏或出场率较低
ellen|lighter|nicole-demara,"ellen, lighter, nicole-demara",艾莲·乔 / 莱特 / 妮可·德玛拉,B-,2,2,2,1,1,1,1,0.02,0.02,100,24892,2,0,da,"da:2.7.1, da:2.7.2",1-3_combined.json,hf_comps,record_count=2；phase_count=2；mode_count=1；boss_count=1；max_app_rate=0.02；median_app_rate=0.02,记录稀疏或出场率较低
ellen|lighter|orphie-and-magus,"ellen, lighter, orphie-and-magus",艾莲·乔 / 莱特 / 奥菲丝·马格努森 & 「鬼火」,B-,2,2,2,2,2,2,1,0.02,0.015,114,29362,2,0,"da, sd","da:2.8.1, sd:2.6.4","1-2_combined.json, 5-3_combined.json",hf_comps,record_count=2；phase_count=2；mode_count=2；boss_count=2；max_app_rate=0.02；median_app_rate=0.015,记录稀疏或出场率较低
evelyn|koleda|sunna,"evelyn, koleda, sunna",伊芙琳·舒瓦利耶 / 珂蕾妲·贝洛伯格 / 千夏,B-,2,1,1,1,2,1,1,0.02,0.02,162,26820,2,0,sd,sd:2.6.1,"5-3_combined.json, top_combined.json",hf_comps,record_count=2；phase_count=1；mode_count=1；boss_count=1；max_app_rate=0.02；median_app_rate=0.02,记录稀疏或出场率较低
grace-howard|nangong-yu|sunna,"grace-howard, nangong-yu, sunna",格莉丝·霍华德 / 南宫羽 / 千夏,B-,2,1,1,1,2,1,1,0.02,0.02,147,22748,2,0,da,da:2.8.2,"1-3_combined.json, top_combined.json",hf_comps,record_count=2；phase_count=1；mode_count=1；boss_count=1；max_app_rate=0.02；median_app_rate=0.02,记录稀疏或出场率较低
grace-howard|sunna|vivian,"grace-howard, sunna, vivian",格莉丝·霍华德 / 千夏 / 薇薇安·班希,B-,2,1,1,1,2,1,1,0.02,0.015,105,21530,2,0,da,da:2.6.2,"1-1_combined.json, top_combined.json",hf_comps,record_count=2；phase_count=1；mode_count=1；boss_count=1；max_app_rate=0.02；median_app_rate=0.015,记录稀疏或出场率较低
harumasa|rina|seed,"harumasa, rina, seed",浅羽 悠真 / 亚历山德丽娜·莎芭丝缇安 / 「席德」,B-,2,1,1,1,2,1,1,0.02,0.02,172,27183,2,0,sd,sd:2.6.1,"5-2_combined.json, top_combined.json",hf_comps,record_count=2；phase_count=1；mode_count=1；boss_count=1；max_app_rate=0.02；median_app_rate=0.02,记录稀疏或出场率较低
hugo|lycaon|trigger,"hugo, lycaon, trigger",雨果·维拉德 / 冯·莱卡恩 / 「扳机」,B-,2,2,2,2,2,2,1,0.02,0.015,107,27087,2,0,"da, sd","da:2.7.1, sd:2.6.1","1-3_combined.json, 5-2_combined.json",hf_comps,record_count=2；phase_count=2；mode_count=2；boss_count=2；max_app_rate=0.02；median_app_rate=0.015,记录稀疏或出场率较低
jane-doe|sunna|ukinami-yuzuha,"jane-doe, sunna, ukinami-yuzuha",简·杜 / 千夏 / 浮波柚叶,B-,2,2,2,1,1,1,1,0.02,0.015,95,29515,2,0,sd,"sd:2.6.1, sd:2.6.4",5-1_combined.json,hf_comps,record_count=2；phase_count=2；mode_count=1；boss_count=1；max_app_rate=0.02；median_app_rate=0.015,记录稀疏或出场率较低
koleda|nicole-demara|soldier-11,"koleda, nicole-demara, soldier-11",珂蕾妲·贝洛伯格 / 妮可·德玛拉 / 「11号」,B-,2,1,1,1,2,1,1,0.02,0.02,162,28492,2,0,sd,sd:2.6.1,"5-3_combined.json, top_combined.json",hf_comps,record_count=2；phase_count=1；mode_count=1；boss_count=1；max_app_rate=0.02；median_app_rate=0.02,记录稀疏或出场率较低
koleda|orphie-and-magus|soldier-11,"koleda, orphie-and-magus, soldier-11",珂蕾妲·贝洛伯格 / 奥菲丝·马格努森 & 「鬼火」 / 「11号」,B-,2,1,1,1,2,1,1,0.02,0.02,162,27533,2,0,sd,sd:2.6.1,"5-3_combined.json, top_combined.json",hf_comps,record_count=2；phase_count=1；mode_count=1；boss_count=1；max_app_rate=0.02；median_app_rate=0.02,记录稀疏或出场率较低
lucia|manato|yidhari,"lucia, manato, yidhari",卢西娅 / 狛野真斗 / 伊德海莉·墨菲,B-,2,1,1,1,2,1,1,0.02,0.02,151,21942,2,0,da,da:2.6.2,"1-3_combined.json, top_combined.json",hf_comps,record_count=2；phase_count=1；mode_count=1；boss_count=1；max_app_rate=0.02；median_app_rate=0.02,记录稀疏或出场率较低
lucy|lycaon|yidhari,"lucy, lycaon, yidhari",露西亚娜·德·蒙特夫 / 冯·莱卡恩 / 伊德海莉·墨菲,B-,2,1,1,1,2,1,1,0.02,0.015,151,22945,2,0,da,da:2.6.2,"1-3_combined.json, top_combined.json",hf_comps,record_count=2；phase_count=1；mode_count=1；boss_count=1；max_app_rate=0.02；median_app_rate=0.015,记录稀疏或出场率较低
lucy|piper|velina,"lucy, piper, velina",露西亚娜·德·蒙特夫 / 派派·韦尔 / 维琳娜·艾嘉德,B-,2,1,1,1,2,1,1,0.02,0.02,105,21155,2,0,da,da:3.0.1,"1-1_combined.json, top_combined.json",hf_comps,record_count=2；phase_count=1；mode_count=1；boss_count=1；max_app_rate=0.02；median_app_rate=0.02,记录稀疏或出场率较低
lycaon|pulchra|yidhari,"lycaon, pulchra, yidhari",冯·莱卡恩 / 波可娜·费雷尼 / 伊德海莉·墨菲,B-,2,1,1,1,2,1,1,0.02,0.015,151,20386,2,0,da,da:2.6.2,"1-3_combined.json, top_combined.json",hf_comps,record_count=2；phase_count=1；mode_count=1；boss_count=1；max_app_rate=0.02；median_app_rate=0.015,记录稀疏或出场率较低
lycaon|pyrois|sunna,"lycaon, pyrois, sunna",冯·莱卡恩 / Pyrois / 千夏,B-,2,1,1,1,2,1,1,0.02,0.02,156,,0,2,da,da:3.0.1,"1-2_combined.json, top_combined.json",hf_comps,record_count=2；phase_count=1；mode_count=1；boss_count=1；max_app_rate=0.02；median_app_rate=0.02,全部表现分数为 sentinel/missing
miyabi|velina|yanagi,"miyabi, velina, yanagi",星见 雅 / 维琳娜·艾嘉德 / 月城 柳,B-,2,1,2,2,2,2,1,0.02,0.02,105,25956,2,0,"da, sd","da:3.0.1, sd:2.8.3","1-1_combined.json, 5-1_combined.json",hf_comps,record_count=2；phase_count=2；mode_count=2；boss_count=2；max_app_rate=0.02；median_app_rate=0.02,记录稀疏或出场率较低
nangong-yu|pan-yinhu|yixuan,"nangong-yu, pan-yinhu, yixuan",南宫羽 / 潘引壶 / 仪玄,B-,2,1,1,1,2,1,1,0.02,0.015,197,11150,2,0,da,da:2.8.2,"1-3_combined.json, top_combined.json",hf_comps,record_count=2；phase_count=1；mode_count=1；boss_count=1；max_app_rate=0.02；median_app_rate=0.015,记录稀疏或出场率较低
nangong-yu|promeia|zhao,"nangong-yu, promeia, zhao",南宫羽 / 普罗米娅 / 照,B-,2,2,2,1,2,2,1,0.02,0.02,108,25521,2,0,sd,"sd:2.8.2, sd:2.8.3","5-1_combined.json, 5-2_combined.json",hf_comps,record_count=2；phase_count=2；mode_count=1；boss_count=2；max_app_rate=0.02；median_app_rate=0.02,记录稀疏或出场率较低
nangong-yu|trigger|yanagi,"nangong-yu, trigger, yanagi",南宫羽 / 「扳机」 / 月城 柳,B-,2,2,2,1,2,2,1,0.02,0.015,96,21100,1,1,da,"da:2.7.1, da:2.8.2","1-1_combined.json, 1-3_combined.json",hf_comps,record_count=2；phase_count=2；mode_count=1；boss_count=2；max_app_rate=0.02；median_app_rate=0.015,包含 1 条 sentinel/missing 分数；记录稀疏或出场率较低
nekomata|sunna|zhao,"nekomata, sunna, zhao",猫宫 又奈 / 千夏 / 照,B-,2,1,2,2,2,1,1,0.02,0.015,67,20743,1,1,"da, sd","da:2.6.1, sd:2.6.1","1-1_combined.json, top_combined.json",hf_comps,record_count=2；phase_count=2；mode_count=2；boss_count=1；max_app_rate=0.02；median_app_rate=0.015,包含 1 条 sentinel/missing 分数；记录稀疏或出场率较低
nekomata|ye-shunguang|zhao,"nekomata, ye-shunguang, zhao",猫宫 又奈 / 叶瞬光 / 照,B-,2,1,1,1,2,1,1,0.02,0.02,100,20316,2,0,da,da:2.7.2,"1-3_combined.json, top_combined.json",hf_comps,record_count=2；phase_count=1；mode_count=1；boss_count=1；max_app_rate=0.02；median_app_rate=0.02,记录稀疏或出场率较低
nicole-demara|qingyi|yixuan,"nicole-demara, qingyi, yixuan",妮可·德玛拉 / 青衣 / 仪玄,B-,2,2,2,1,1,1,1,0.02,0.015,108,24610,2,0,da,"da:2.6.1, da:2.7.2",1-2_combined.json,hf_comps,record_count=2；phase_count=2；mode_count=1；boss_count=1；max_app_rate=0.02；median_app_rate=0.015,记录稀疏或出场率较低
nicole-demara|seed|soldier-11,"nicole-demara, seed, soldier-11",妮可·德玛拉 / 「席德」 / 「11号」,B-,2,1,1,1,2,1,1,0.02,0.02,172,29038,2,0,sd,sd:2.6.1,"5-2_combined.json, top_combined.json",hf_comps,record_count=2；phase_count=1；mode_count=1；boss_count=1；max_app_rate=0.02；median_app_rate=0.02,记录稀疏或出场率较低
orphie-and-magus|pulchra|seed,"orphie-and-magus, pulchra, seed",奥菲丝·马格努森 & 「鬼火」 / 波可娜·费雷尼 / 「席德」,B-,2,1,1,1,2,1,1,0.02,0.02,172,30243,2,0,sd,sd:2.6.1,"5-2_combined.json, top_combined.json",hf_comps,record_count=2；phase_count=1；mode_count=1；boss_count=1；max_app_rate=0.02；median_app_rate=0.02,记录稀疏或出场率较低
orphie-and-magus|trigger|yanagi,"orphie-and-magus, trigger, yanagi",奥菲丝·马格努森 & 「鬼火」 / 「扳机」 / 月城 柳,B-,2,1,1,1,2,1,1,0.02,0.02,172,28593,2,0,sd,sd:2.6.1,"5-2_combined.json, top_combined.json",hf_comps,record_count=2；phase_count=1；mode_count=1；boss_count=1；max_app_rate=0.02；median_app_rate=0.02,记录稀疏或出场率较低
seth|ukinami-yuzuha|yanagi,"seth, ukinami-yuzuha, yanagi",赛斯·洛威尔 / 浮波柚叶 / 月城 柳,B-,2,1,1,1,2,1,1,0.02,0.02,172,28482,2,0,sd,sd:2.6.1,"5-2_combined.json, top_combined.json",hf_comps,record_count=2；phase_count=1；mode_count=1；boss_count=1；max_app_rate=0.02；median_app_rate=0.02,记录稀疏或出场率较低
alice|burnice|velina,"alice, burnice, velina",爱丽丝·泰姆菲尔德 / 柏妮思·怀特 / 维琳娜·艾嘉德,B-,1,1,1,1,1,1,1,0.02,0.02,155,26350,1,0,sd,sd:2.8.3,5-3_combined.json,hf_comps,record_count=1；phase_count=1；mode_count=1；boss_count=1；max_app_rate=0.02；median_app_rate=0.02,记录稀疏或出场率较低
alice|jane-doe|yanagi,"alice, jane-doe, yanagi",爱丽丝·泰姆菲尔德 / 简·杜 / 月城 柳,B-,1,1,1,1,1,1,1,0.02,0.02,178,16484,1,0,sd,sd:2.8.2,5-3_combined.json,hf_comps,record_count=1；phase_count=1；mode_count=1；boss_count=1；max_app_rate=0.02；median_app_rate=0.02,记录稀疏或出场率较低
anby-demara-soldier-0|lighter|orphie-and-magus,"anby-demara-soldier-0, lighter, orphie-and-magus",零号·安比 / 莱特 / 奥菲丝·马格努森 & 「鬼火」,B-,1,1,1,1,1,1,1,0.02,0.02,146,26348,1,0,sd,sd:2.7.3,5-2_combined.json,hf_comps,record_count=1；phase_count=1；mode_count=1；boss_count=1；max_app_rate=0.02；median_app_rate=0.02,记录稀疏或出场率较低
anby-demara|astra-yao|cissia,"anby-demara, astra-yao, cissia",安比·德玛拉 / 耀嘉音 / 希希芙,B-,1,1,1,1,1,1,1,0.02,0.02,178,21844,1,0,sd,sd:2.8.2,5-3_combined.json,hf_comps,record_count=1；phase_count=1；mode_count=1；boss_count=1；max_app_rate=0.02；median_app_rate=0.02,记录稀疏或出场率较低
aria|astra-yao|yixuan,"aria, astra-yao, yixuan",爱芮 / 耀嘉音 / 仪玄,B-,1,1,1,1,1,1,1,0.02,0.02,127,27412,1,0,sd,sd:2.6.4,5-2_combined.json,hf_comps,record_count=1；phase_count=1；mode_count=1；boss_count=1；max_app_rate=0.02；median_app_rate=0.02,记录稀疏或出场率较低
aria|burnice|nangong-yu,"aria, burnice, nangong-yu",爱芮 / 柏妮思·怀特 / 南宫羽,B-,1,1,1,1,1,1,1,0.02,0.02,109,29930,1,0,sd,sd:2.7.3,5-3_combined.json,hf_comps,record_count=1；phase_count=1；mode_count=1；boss_count=1；max_app_rate=0.02；median_app_rate=0.02,记录稀疏或出场率较低
aria|grace-howard|ukinami-yuzuha,"aria, grace-howard, ukinami-yuzuha",爱芮 / 格莉丝·霍华德 / 浮波柚叶,B-,1,1,1,1,1,1,1,0.02,0.02,96,23100,1,0,da,da:2.7.1,1-1_combined.json,hf_comps,record_count=1；phase_count=1；mode_count=1；boss_count=1；max_app_rate=0.02；median_app_rate=0.02,记录稀疏或出场率较低
aria|jane-doe|sunna,"aria, jane-doe, sunna",爱芮 / 简·杜 / 千夏,B-,1,1,1,1,1,1,1,0.02,0.02,138,30067,1,0,sd,sd:2.6.3,5-3_combined.json,hf_comps,record_count=1；phase_count=1；mode_count=1；boss_count=1；max_app_rate=0.02；median_app_rate=0.02,记录稀疏或出场率较低
astra-yao|banyue|caesar,"astra-yao, banyue, caesar",耀嘉音 / 般岳 / 凯撒·金,B-,1,1,1,1,1,1,1,0.02,0.02,151,21528,1,0,da,da:2.6.2,1-3_combined.json,hf_comps,record_count=1；phase_count=1；mode_count=1；boss_count=1；max_app_rate=0.02；median_app_rate=0.02,记录稀疏或出场率较低
astra-yao|banyue|trigger,"astra-yao, banyue, trigger",耀嘉音 / 般岳 / 「扳机」,B-,1,1,1,1,1,1,1,0.02,0.02,151,21220,1,0,da,da:2.6.2,1-3_combined.json,hf_comps,record_count=1；phase_count=1；mode_count=1；boss_count=1；max_app_rate=0.02；median_app_rate=0.02,记录稀疏或出场率较低
astra-yao|cissia|rina,"astra-yao, cissia, rina",耀嘉音 / 希希芙 / 亚历山德丽娜·莎芭丝缇安,B-,1,1,1,1,1,1,1,0.02,0.02,153,25440,1,0,sd,sd:2.7.2,5-2_combined.json,hf_comps,record_count=1；phase_count=1；mode_count=1；boss_count=1；max_app_rate=0.02；median_app_rate=0.02,记录稀疏或出场率较低
astra-yao|grace-howard|nangong-yu,"astra-yao, grace-howard, nangong-yu",耀嘉音 / 格莉丝·霍华德 / 南宫羽,B-,1,1,1,1,1,1,1,0.02,0.02,147,19412,1,0,da,da:2.8.2,1-3_combined.json,hf_comps,record_count=1；phase_count=1；mode_count=1；boss_count=1；max_app_rate=0.02；median_app_rate=0.02,记录稀疏或出场率较低
astra-yao|miyabi|qingyi,"astra-yao, miyabi, qingyi",耀嘉音 / 星见 雅 / 青衣,B-,1,1,1,1,1,1,1,0.02,0.02,172,29173,1,0,sd,sd:2.6.1,5-2_combined.json,hf_comps,record_count=1；phase_count=1；mode_count=1；boss_count=1；max_app_rate=0.02；median_app_rate=0.02,记录稀疏或出场率较低
astra-yao|vivian|zhao,"astra-yao, vivian, zhao",耀嘉音 / 薇薇安·班希 / 照,B-,1,1,1,1,1,1,1,0.02,0.02,138,26468,1,0,sd,sd:2.6.3,5-3_combined.json,hf_comps,record_count=1；phase_count=1；mode_count=1；boss_count=1；max_app_rate=0.02；median_app_rate=0.02,记录稀疏或出场率较低
astra-yao|zhao|zhu-yuan,"astra-yao, zhao, zhu-yuan",耀嘉音 / 照 / 朱鸢,B-,1,1,1,1,1,1,1,0.02,0.02,138,27050,1,0,sd,sd:2.6.3,5-3_combined.json,hf_comps,record_count=1；phase_count=1；mode_count=1；boss_count=1；max_app_rate=0.02；median_app_rate=0.02,记录稀疏或出场率较低
banyue|ju-fufu|zhao,"banyue, ju-fufu, zhao",般岳 / 橘福福 / 照,B-,1,1,1,1,1,1,1,0.02,0.02,151,34727,1,0,sd,sd:2.6.4,5-3_combined.json,hf_comps,record_count=1；phase_count=1；mode_count=1；boss_count=1；max_app_rate=0.02；median_app_rate=0.02,记录稀疏或出场率较低
burnice|evelyn|lighter,"burnice, evelyn, lighter",柏妮思·怀特 / 伊芙琳·舒瓦利耶 / 莱特,B-,1,1,1,1,1,1,1,0.02,0.02,162,26545,1,0,sd,sd:2.6.1,5-3_combined.json,hf_comps,record_count=1；phase_count=1；mode_count=1；boss_count=1；max_app_rate=0.02；median_app_rate=0.02,记录稀疏或出场率较低
burnice|lucy|yanagi,"burnice, lucy, yanagi",柏妮思·怀特 / 露西亚娜·德·蒙特夫 / 月城 柳,B-,1,1,1,1,1,1,1,0.02,0.02,172,26788,1,0,sd,sd:2.6.1,5-2_combined.json,hf_comps,record_count=1；phase_count=1；mode_count=1；boss_count=1；max_app_rate=0.02；median_app_rate=0.02,记录稀疏或出场率较低
burnice|nicole-demara|promeia,"burnice, nicole-demara, promeia",柏妮思·怀特 / 妮可·德玛拉 / 普罗米娅,B-,1,1,1,1,1,1,1,0.02,0.02,106,9842,1,0,da,da:2.8.2,1-1_combined.json,hf_comps,record_count=1；phase_count=1；mode_count=1；boss_count=1；max_app_rate=0.02；median_app_rate=0.02,记录稀疏或出场率较低
burnice|velina|vivian,"burnice, velina, vivian",柏妮思·怀特 / 维琳娜·艾嘉德 / 薇薇安·班希,B-,1,1,1,1,1,1,1,0.02,0.02,105,22220,1,0,da,da:3.0.1,1-1_combined.json,hf_comps,record_count=1；phase_count=1；mode_count=1；boss_count=1；max_app_rate=0.02；median_app_rate=0.02,记录稀疏或出场率较低
cissia|ju-fufu|orphie-and-magus,"cissia, ju-fufu, orphie-and-magus",希希芙 / 橘福福 / 奥菲丝·马格努森 & 「鬼火」,B-,1,1,1,1,1,1,1,0.02,0.02,146,26340,1,0,sd,sd:2.7.3,5-2_combined.json,hf_comps,record_count=1；phase_count=1；mode_count=1；boss_count=1；max_app_rate=0.02；median_app_rate=0.02,记录稀疏或出场率较低
cissia|nangong-yu|sunna,"cissia, nangong-yu, sunna",希希芙 / 南宫羽 / 千夏,B-,1,1,1,1,1,1,1,0.02,0.02,147,7225,1,0,da,da:2.8.2,1-3_combined.json,hf_comps,record_count=1；phase_count=1；mode_count=1；boss_count=1；max_app_rate=0.02；median_app_rate=0.02,记录稀疏或出场率较低
cissia|qingyi|trigger,"cissia, qingyi, trigger",希希芙 / 青衣 / 「扳机」,B-,1,1,1,1,1,1,1,0.02,0.02,153,27125,1,0,sd,sd:2.7.2,5-2_combined.json,hf_comps,record_count=1；phase_count=1；mode_count=1；boss_count=1；max_app_rate=0.02；median_app_rate=0.02,记录稀疏或出场率较低
dialyn|evelyn|trigger,"dialyn, evelyn, trigger",琉音 / 伊芙琳·舒瓦利耶 / 「扳机」,B-,1,1,1,1,1,1,1,0.02,0.02,155,25816,1,0,sd,sd:2.8.3,5-3_combined.json,hf_comps,record_count=1；phase_count=1；mode_count=1；boss_count=1；max_app_rate=0.02；median_app_rate=0.02,记录稀疏或出场率较低
dialyn|trigger|ye-shunguang,"dialyn, trigger, ye-shunguang",琉音 / 「扳机」 / 叶瞬光,B-,1,1,1,1,1,1,1,0.02,0.02,91,27666,1,0,sd,sd:2.6.4,5-1_combined.json,hf_comps,record_count=1；phase_count=1；mode_count=1；boss_count=1；max_app_rate=0.02；median_app_rate=0.02,记录稀疏或出场率较低
evelyn|ju-fufu|nicole-demara,"evelyn, ju-fufu, nicole-demara",伊芙琳·舒瓦利耶 / 橘福福 / 妮可·德玛拉,B-,1,1,1,1,1,1,1,0.02,0.02,162,30172,1,0,sd,sd:2.6.1,5-3_combined.json,hf_comps,record_count=1；phase_count=1；mode_count=1；boss_count=1；max_app_rate=0.02；median_app_rate=0.02,记录稀疏或出场率较低
evelyn|koleda|lucy,"evelyn, koleda, lucy",伊芙琳·舒瓦利耶 / 珂蕾妲·贝洛伯格 / 露西亚娜·德·蒙特夫,B-,1,1,1,1,1,1,1,0.02,0.02,162,32226,1,0,sd,sd:2.6.1,5-3_combined.json,hf_comps,record_count=1；phase_count=1；mode_count=1；boss_count=1；max_app_rate=0.02；median_app_rate=0.02,记录稀疏或出场率较低
evelyn|nicole-demara|trigger,"evelyn, nicole-demara, trigger",伊芙琳·舒瓦利耶 / 妮可·德玛拉 / 「扳机」,B-,1,1,1,1,1,1,1,0.02,0.02,162,29259,1,0,sd,sd:2.6.1,5-3_combined.json,hf_comps,record_count=1；phase_count=1；mode_count=1；boss_count=1；max_app_rate=0.02；median_app_rate=0.02,记录稀疏或出场率较低
grace-howard|vivian|zhao,"grace-howard, vivian, zhao",格莉丝·霍华德 / 薇薇安·班希 / 照,B-,1,1,1,1,1,1,1,0.02,0.02,105,21067,1,0,da,da:2.6.2,1-1_combined.json,hf_comps,record_count=1；phase_count=1；mode_count=1；boss_count=1；max_app_rate=0.02；median_app_rate=0.02,记录稀疏或出场率较低
harumasa|orphie-and-magus|qingyi,"harumasa, orphie-and-magus, qingyi",浅羽 悠真 / 奥菲丝·马格努森 & 「鬼火」 / 青衣,B-,1,1,1,1,1,1,1,0.02,0.02,146,25889,1,0,sd,sd:2.7.3,5-2_combined.json,hf_comps,record_count=1；phase_count=1；mode_count=1；boss_count=1；max_app_rate=0.02；median_app_rate=0.02,记录稀疏或出场率较低
ju-fufu|pulchra|yixuan,"ju-fufu, pulchra, yixuan",橘福福 / 波可娜·费雷尼 / 仪玄,B-,1,1,1,1,1,1,1,0.02,0.02,111,27405,1,0,sd,sd:2.7.3,5-1_combined.json,hf_comps,record_count=1；phase_count=1；mode_count=1；boss_count=1；max_app_rate=0.02；median_app_rate=0.02,记录稀疏或出场率较低
lighter|pan-yinhu|yixuan,"lighter, pan-yinhu, yixuan",莱特 / 潘引壶 / 仪玄,B-,1,1,1,1,1,1,1,0.02,0.02,108,20975,1,0,da,da:2.6.1,1-2_combined.json,hf_comps,record_count=1；phase_count=1；mode_count=1；boss_count=1；max_app_rate=0.02；median_app_rate=0.02,记录稀疏或出场率较低
lucia|manato|zhao,"lucia, manato, zhao",卢西娅 / 狛野真斗 / 照,B-,1,1,1,1,1,1,1,0.02,0.02,151,20751,1,0,da,da:2.6.2,1-3_combined.json,hf_comps,record_count=1；phase_count=1；mode_count=1；boss_count=1；max_app_rate=0.02；median_app_rate=0.02,记录稀疏或出场率较低
miyabi|promeia|vivian,"miyabi, promeia, vivian",星见 雅 / 普罗米娅 / 薇薇安·班希,B-,1,1,1,1,1,1,1,0.02,0.02,106,13012,1,0,da,da:2.8.2,1-1_combined.json,hf_comps,record_count=1；phase_count=1；mode_count=1；boss_count=1；max_app_rate=0.02；median_app_rate=0.02,记录稀疏或出场率较低
nekomata|pulchra|sunna,"nekomata, pulchra, sunna",猫宫 又奈 / 波可娜·费雷尼 / 千夏,B-,1,1,1,1,1,1,1,0.02,0.02,67,20279,1,0,da,da:2.6.1,1-1_combined.json,hf_comps,record_count=1；phase_count=1；mode_count=1；boss_count=1；max_app_rate=0.02；median_app_rate=0.02,记录稀疏或出场率较低
nicole-demara|promeia|ukinami-yuzuha,"nicole-demara, promeia, ukinami-yuzuha",妮可·德玛拉 / 普罗米娅 / 浮波柚叶,B-,1,1,1,1,1,1,1,0.02,0.02,106,14576,1,0,da,da:2.8.2,1-1_combined.json,hf_comps,record_count=1；phase_count=1；mode_count=1；boss_count=1；max_app_rate=0.02；median_app_rate=0.02,记录稀疏或出场率较低
nicole-demara|promeia|velina,"nicole-demara, promeia, velina",妮可·德玛拉 / 普罗米娅 / 维琳娜·艾嘉德,B-,1,1,1,1,1,1,1,0.02,0.02,108,25220,1,0,sd,sd:2.8.3,5-1_combined.json,hf_comps,record_count=1；phase_count=1；mode_count=1；boss_count=1；max_app_rate=0.02；median_app_rate=0.02,记录稀疏或出场率较低
piper|sunna|ukinami-yuzuha,"piper, sunna, ukinami-yuzuha",派派·韦尔 / 千夏 / 浮波柚叶,B-,1,1,1,1,1,1,1,0.02,0.02,95,27924,1,0,sd,sd:2.6.1,5-1_combined.json,hf_comps,record_count=1；phase_count=1；mode_count=1；boss_count=1；max_app_rate=0.02；median_app_rate=0.02,记录稀疏或出场率较低
piper|vivian|zhao,"piper, vivian, zhao",派派·韦尔 / 薇薇安·班希 / 照,B-,1,1,1,1,1,1,1,0.02,0.02,138,30749,1,0,sd,sd:2.6.3,5-3_combined.json,hf_comps,record_count=1；phase_count=1；mode_count=1；boss_count=1；max_app_rate=0.02；median_app_rate=0.02,记录稀疏或出场率较低
promeia|vivian|yanagi,"promeia, vivian, yanagi",普罗米娅 / 薇薇安·班希 / 月城 柳,B-,1,1,1,1,1,1,1,0.02,0.02,106,14772,1,0,da,da:2.8.2,1-1_combined.json,hf_comps,record_count=1；phase_count=1；mode_count=1；boss_count=1；max_app_rate=0.02；median_app_rate=0.02,记录稀疏或出场率较低
vivian|yixuan|zhao,"vivian, yixuan, zhao",薇薇安·班希 / 仪玄 / 照,B-,1,1,1,1,1,1,1,0.02,0.02,138,26847,1,0,sd,sd:2.6.3,5-3_combined.json,hf_comps,record_count=1；phase_count=1；mode_count=1；boss_count=1；max_app_rate=0.02；median_app_rate=0.02,记录稀疏或出场率较低
anby-demara|ye-shunguang|zhao,"anby-demara, ye-shunguang, zhao",安比·德玛拉 / 叶瞬光 / 照,B-,6,6,6,2,3,3,1,0.01,0.01,114,27682,6,0,"da, sd","da:2.6.2, da:2.8.3, sd:2.6.1, sd:2.6.4, sd:2.7.2, sd:2.7.3","1-2_combined.json, 5-1_combined.json, 5-2_combined.json",hf_comps,record_count=6；phase_count=6；mode_count=2；boss_count=3；max_app_rate=0.01；median_app_rate=0.01,记录稀疏或出场率较低
dialyn|orphie-and-magus|yixuan,"dialyn, orphie-and-magus, yixuan",琉音 / 奥菲丝·马格努森 & 「鬼火」 / 仪玄,B-,6,3,5,2,4,3,1,0.01,0.01,129,32360,5,1,"da, sd","da:2.6.1, da:2.7.1, sd:2.6.1, sd:2.6.3, sd:2.6.4","1-2_combined.json, 5-2_combined.json, 5-3_combined.json, top_combined.json",hf_comps,record_count=6；phase_count=5；mode_count=2；boss_count=3；max_app_rate=0.01；median_app_rate=0.01,包含 1 条 sentinel/missing 分数；记录稀疏或出场率较低
ju-fufu|lighter|orphie-and-magus,"ju-fufu, lighter, orphie-and-magus",橘福福 / 莱特 / 奥菲丝·马格努森 & 「鬼火」,B-,6,5,6,2,3,3,1,0.01,0.01,138,36875,2,4,"da, sd","da:2.6.1, da:2.6.2, da:2.8.1, sd:2.6.1, sd:2.6.4, sd:2.8.3","1-2_combined.json, 1-3_combined.json, 5-3_combined.json",hf_comps,record_count=6；phase_count=6；mode_count=2；boss_count=3；max_app_rate=0.01；median_app_rate=0.01,包含 4 条 sentinel/missing 分数；记录稀疏或出场率较低
anby-demara-soldier-0|lucy|seed,"anby-demara-soldier-0, lucy, seed",零号·安比 / 露西亚娜·德·蒙特夫 / 「席德」,B-,5,4,5,2,4,4,1,0.01,0.01,176,29200,5,0,"da, sd","da:2.7.2, da:2.8.3, sd:2.6.1, sd:2.6.3, sd:2.7.2","1-2_combined.json, 1-3_combined.json, 5-1_combined.json, 5-2_combined.json",hf_comps,record_count=5；phase_count=5；mode_count=2；boss_count=4；max_app_rate=0.01；median_app_rate=0.01,记录稀疏或出场率较低
anby-demara-soldier-0|nicole-demara|zhao,"anby-demara-soldier-0, nicole-demara, zhao",零号·安比 / 妮可·德玛拉 / 照,B-,5,3,4,2,4,3,1,0.01,0.01,124,25284,2,3,"da, sd","da:2.6.1, da:2.6.2, da:2.8.3, sd:2.6.1","1-2_combined.json, 1-3_combined.json, 5-1_combined.json, top_combined.json",hf_comps,record_count=5；phase_count=4；mode_count=2；boss_count=3；max_app_rate=0.01；median_app_rate=0.01,包含 3 条 sentinel/missing 分数；记录稀疏或出场率较低
aria|lycaon|nangong-yu,"aria, lycaon, nangong-yu",爱芮 / 冯·莱卡恩 / 南宫羽,B-,5,4,5,2,4,4,1,0.01,0.01,114,28293,5,0,"da, sd","da:2.7.2, da:2.8.2, da:2.8.3, sd:2.7.2, sd:2.7.3","1-1_combined.json, 1-3_combined.json, 5-1_combined.json, 5-3_combined.json",hf_comps,record_count=5；phase_count=5；mode_count=2；boss_count=4；max_app_rate=0.01；median_app_rate=0.01,记录稀疏或出场率较低
astra-yao|miyabi|ye-shunguang,"astra-yao, miyabi, ye-shunguang",耀嘉音 / 星见 雅 / 叶瞬光,B-,5,4,4,2,4,3,1,0.01,0.01,124,,0,5,"da, sd","da:2.7.1, da:2.7.2, da:2.8.3, sd:2.6.1","1-2_combined.json, 1-3_combined.json, 5-1_combined.json, top_combined.json",hf_comps,record_count=5；phase_count=4；mode_count=2；boss_count=3；max_app_rate=0.01；median_app_rate=0.01,全部表现分数为 sentinel/missing
dialyn|orphie-and-magus|ye-shunguang,"dialyn, orphie-and-magus, ye-shunguang",琉音 / 奥菲丝·马格努森 & 「鬼火」 / 叶瞬光,B-,5,3,4,2,5,4,1,0.01,0.01,114,31960,5,0,"da, sd","da:2.6.2, sd:2.6.3, sd:2.6.4, sd:2.8.3","1-2_combined.json, 5-1_combined.json, 5-2_combined.json, 5-3_combined.json, top_combined.json",hf_comps,record_count=5；phase_count=4；mode_count=2；boss_count=4；max_app_rate=0.01；median_app_rate=0.01,记录稀疏或出场率较低
alice|astra-yao|sunna,"alice, astra-yao, sunna",爱丽丝·泰姆菲尔德 / 耀嘉音 / 千夏,B-,4,2,2,1,3,2,1,0.01,0.01,98,,0,4,da,"da:2.6.1, da:2.6.2","1-1_combined.json, 1-2_combined.json, top_combined.json",hf_comps,record_count=4；phase_count=2；mode_count=1；boss_count=2；max_app_rate=0.01；median_app_rate=0.01,全部表现分数为 sentinel/missing
alice|nicole-demara|zhao,"alice, nicole-demara, zhao",爱丽丝·泰姆菲尔德 / 妮可·德玛拉 / 照,B-,4,3,3,2,3,2,1,0.01,0.01,124,28136,2,2,"da, sd","da:2.6.2, da:2.8.2, sd:2.6.1","1-1_combined.json, 5-1_combined.json, top_combined.json",hf_comps,record_count=4；phase_count=3；mode_count=2；boss_count=2；max_app_rate=0.01；median_app_rate=0.01,包含 2 条 sentinel/missing 分数；记录稀疏或出场率较低
anby-demara-soldier-0|astra-yao|rina,"anby-demara-soldier-0, astra-yao, rina",零号·安比 / 耀嘉音 / 亚历山德丽娜·莎芭丝缇安,B-,4,4,4,2,3,3,1,0.01,0.01,181,31543,4,0,"da, sd","da:2.7.2, sd:2.6.1, sd:2.6.3, sd:2.7.3","1-2_combined.json, 5-1_combined.json, 5-2_combined.json",hf_comps,record_count=4；phase_count=4；mode_count=2；boss_count=3；max_app_rate=0.01；median_app_rate=0.01,记录稀疏或出场率较低
anby-demara-soldier-0|qingyi|seed,"anby-demara-soldier-0, qingyi, seed",零号·安比 / 青衣 / 「席德」,B-,4,4,4,2,3,3,1,0.01,0.01,166,26391,4,0,"da, sd","da:2.6.2, da:2.7.2, sd:2.6.1, sd:2.8.2","1-2_combined.json, 5-2_combined.json, 5-3_combined.json",hf_comps,record_count=4；phase_count=4；mode_count=2；boss_count=3；max_app_rate=0.01；median_app_rate=0.01,记录稀疏或出场率较低
anby-demara-soldier-0|qingyi|trigger,"anby-demara-soldier-0, qingyi, trigger",零号·安比 / 青衣 / 「扳机」,B-,4,2,4,2,4,3,1,0.01,0.01,166,28174,1,3,"da, sd","da:2.6.1, da:2.6.2, sd:2.6.1, sd:2.6.3","1-2_combined.json, 5-1_combined.json, 5-2_combined.json, top_combined.json",hf_comps,record_count=4；phase_count=4；mode_count=2；boss_count=3；max_app_rate=0.01；median_app_rate=0.01,包含 3 条 sentinel/missing 分数；记录稀疏或出场率较低
anby-demara-soldier-0|qingyi|zhao,"anby-demara-soldier-0, qingyi, zhao",零号·安比 / 青衣 / 照,B-,4,1,2,2,3,2,1,0.01,0.01,98,,0,4,"da, sd","da:2.6.1, sd:2.6.1","1-1_combined.json, 5-2_combined.json, top_combined.json",hf_comps,record_count=4；phase_count=2；mode_count=2；boss_count=2；max_app_rate=0.01；median_app_rate=0.01,全部表现分数为 sentinel/missing
anton|astra-yao|dialyn,"anton, astra-yao, dialyn",安东·伊万诺夫 / 耀嘉音 / 琉音,B-,4,3,3,2,4,3,1,0.01,0.01,153,20242,1,3,"da, sd","da:2.8.1, sd:2.6.1, sd:2.6.3","1-3_combined.json, 5-1_combined.json, 5-2_combined.json, top_combined.json",hf_comps,record_count=4；phase_count=3；mode_count=2；boss_count=3；max_app_rate=0.01；median_app_rate=0.01,包含 3 条 sentinel/missing 分数；记录稀疏或出场率较低
astra-yao|qingyi|trigger,"astra-yao, qingyi, trigger",耀嘉音 / 青衣 / 「扳机」,B-,4,3,4,2,3,2,1,0.01,0.01,181,32338,2,2,"da, sd","da:2.6.1, sd:2.6.1, sd:2.6.3, sd:2.7.3","5-1_combined.json, 5-2_combined.json, top_combined.json",hf_comps,record_count=4；phase_count=4；mode_count=2；boss_count=2；max_app_rate=0.01；median_app_rate=0.01,包含 2 条 sentinel/missing 分数；记录稀疏或出场率较低
banyue|lucia|orphie-and-magus,"banyue, lucia, orphie-and-magus",般岳 / 卢西娅 / 奥菲丝·马格努森 & 「鬼火」,B-,4,3,3,1,3,2,1,0.01,0.01,184,28535,4,0,sd,"sd:2.6.1, sd:2.6.3, sd:2.6.4","5-2_combined.json, 5-3_combined.json, top_combined.json",hf_comps,record_count=4；phase_count=3；mode_count=1；boss_count=2；max_app_rate=0.01；median_app_rate=0.01,记录稀疏或出场率较低
billy-kid|seed|trigger,"billy-kid, seed, trigger",比利·奇德 / 「席德」 / 「扳机」,B-,4,4,4,2,4,4,1,0.01,0.01,176,30858,4,0,"da, sd","da:2.7.2, da:2.8.3, sd:2.6.1, sd:2.6.3","1-2_combined.json, 1-3_combined.json, 5-1_combined.json, 5-2_combined.json",hf_comps,record_count=4；phase_count=4；mode_count=2；boss_count=4；max_app_rate=0.01；median_app_rate=0.01,记录稀疏或出场率较低
burnice|miyabi|vivian,"burnice, miyabi, vivian",柏妮思·怀特 / 星见 雅 / 薇薇安·班希,B-,4,2,3,2,3,2,1,0.01,0.01,108,10754,1,3,"da, sd","da:2.6.1, da:2.8.2, sd:2.6.1","1-1_combined.json, 1-3_combined.json, top_combined.json",hf_comps,record_count=4；phase_count=3；mode_count=2；boss_count=2；max_app_rate=0.01；median_app_rate=0.01,包含 3 条 sentinel/missing 分数；记录稀疏或出场率较低
caesar|miyabi|soukaku,"caesar, miyabi, soukaku",凯撒·金 / 星见 雅 / 苍角,B-,4,2,3,2,3,2,1,0.01,0.01,108,18803,1,3,"da, sd","da:2.6.1, sd:2.6.1, sd:2.8.2","1-3_combined.json, 5-2_combined.json, top_combined.json",hf_comps,record_count=4；phase_count=3；mode_count=2；boss_count=2；max_app_rate=0.01；median_app_rate=0.01,包含 3 条 sentinel/missing 分数；记录稀疏或出场率较低
evelyn|lighter|ukinami-yuzuha,"evelyn, lighter, ukinami-yuzuha",伊芙琳·舒瓦利耶 / 莱特 / 浮波柚叶,B-,4,3,3,1,3,2,1,0.01,0.01,161,29665,4,0,sd,"sd:2.6.1, sd:2.8.2, sd:2.8.3","5-1_combined.json, 5-3_combined.json, top_combined.json",hf_comps,record_count=4；phase_count=3；mode_count=1；boss_count=2；max_app_rate=0.01；median_app_rate=0.01,记录稀疏或出场率较低
ju-fufu|nicole-demara|zhu-yuan,"ju-fufu, nicole-demara, zhu-yuan",橘福福 / 妮可·德玛拉 / 朱鸢,B-,4,2,3,2,4,3,1,0.01,0.01,160,28357,2,2,"da, sd","da:2.6.1, sd:2.6.1, sd:2.6.4","1-2_combined.json, 5-2_combined.json, 5-3_combined.json, top_combined.json",hf_comps,record_count=4；phase_count=3；mode_count=2；boss_count=3；max_app_rate=0.01；median_app_rate=0.01,包含 2 条 sentinel/missing 分数；记录稀疏或出场率较低
nangong-yu|vivian|yixuan,"nangong-yu, vivian, yixuan",南宫羽 / 薇薇安·班希 / 仪玄,B-,4,3,3,2,4,3,1,0.01,0.01,143,,0,4,"da, sd","da:2.8.2, sd:2.6.4, sd:2.7.3","1-3_combined.json, 5-2_combined.json, 5-3_combined.json, top_combined.json",hf_comps,record_count=4；phase_count=3；mode_count=2；boss_count=3；max_app_rate=0.01；median_app_rate=0.01,全部表现分数为 sentinel/missing
promeia|soukaku|vivian,"promeia, soukaku, vivian",普罗米娅 / 苍角 / 薇薇安·班希,B-,4,3,4,2,3,3,1,0.01,0.01,133,27428,4,0,"da, sd","da:2.8.2, da:2.8.3, sd:2.8.2, sd:2.8.3","1-1_combined.json, 5-1_combined.json, 5-2_combined.json",hf_comps,record_count=4；phase_count=4；mode_count=2；boss_count=3；max_app_rate=0.01；median_app_rate=0.01,记录稀疏或出场率较低
vivian|ye-shunguang|zhao,"vivian, ye-shunguang, zhao",薇薇安·班希 / 叶瞬光 / 照,B-,4,4,4,2,3,3,1,0.01,0.01,114,25864,2,2,"da, sd","da:2.6.2, sd:2.6.4, sd:2.7.3, sd:2.8.2","1-1_combined.json, 5-1_combined.json, 5-3_combined.json",hf_comps,record_count=4；phase_count=4；mode_count=2；boss_count=3；max_app_rate=0.01；median_app_rate=0.01,包含 2 条 sentinel/missing 分数；记录稀疏或出场率较低
alice|astra-yao|grace-howard,"alice, astra-yao, grace-howard",爱丽丝·泰姆菲尔德 / 耀嘉音 / 格莉丝·霍华德,B-,3,1,2,2,2,1,1,0.01,0.01,124,,0,3,"da, sd","da:2.6.1, sd:2.6.1","5-1_combined.json, top_combined.json",hf_comps,record_count=3；phase_count=2；mode_count=2；boss_count=1；max_app_rate=0.01；median_app_rate=0.01,全部表现分数为 sentinel/missing
alice|piper|ukinami-yuzuha,"alice, piper, ukinami-yuzuha",爱丽丝·泰姆菲尔德 / 派派·韦尔 / 浮波柚叶,B-,3,2,2,1,3,2,1,0.01,0.01,124,27845,3,0,sd,"sd:2.6.1, sd:2.6.3","5-1_combined.json, 5-2_combined.json, top_combined.json",hf_comps,record_count=3；phase_count=2；mode_count=1；boss_count=2；max_app_rate=0.01；median_app_rate=0.01,记录稀疏或出场率较低
alice|ye-shunguang|zhao,"alice, ye-shunguang, zhao",爱丽丝·泰姆菲尔德 / 叶瞬光 / 照,B-,3,2,2,1,3,2,1,0.01,0.01,114,,0,3,sd,"sd:2.6.4, sd:2.7.2","5-1_combined.json, 5-2_combined.json, top_combined.json",hf_comps,record_count=3；phase_count=2；mode_count=1；boss_count=2；max_app_rate=0.01；median_app_rate=0.01,全部表现分数为 sentinel/missing
anby-demara-soldier-0|orphie-and-magus|seed,"anby-demara-soldier-0, orphie-and-magus, seed",零号·安比 / 奥菲丝·马格努森 & 「鬼火」 / 「席德」,B-,3,3,3,2,3,3,1,0.01,0.01,200,26988,3,0,"da, sd","da:2.7.2, sd:2.6.1, sd:2.8.2","1-2_combined.json, 5-2_combined.json, 5-3_combined.json",hf_comps,record_count=3；phase_count=3；mode_count=2；boss_count=3；max_app_rate=0.01；median_app_rate=0.01,记录稀疏或出场率较低
anby-demara|astra-yao|harumasa,"anby-demara, astra-yao, harumasa",安比·德玛拉 / 耀嘉音 / 浅羽 悠真,B-,3,2,2,1,3,2,1,0.01,0.01,214,,0,3,sd,"sd:2.6.1, sd:2.8.2","5-2_combined.json, 5-3_combined.json, top_combined.json",hf_comps,record_count=3；phase_count=2；mode_count=1；boss_count=2；max_app_rate=0.01；median_app_rate=0.01,全部表现分数为 sentinel/missing
aria|astra-yao|promeia,"aria, astra-yao, promeia",爱芮 / 耀嘉音 / 普罗米娅,B-,3,2,2,2,3,2,1,0.01,0.01,143,29590,3,0,"da, sd","da:2.8.2, sd:2.7.3","1-1_combined.json, 5-3_combined.json, top_combined.json",hf_comps,record_count=3；phase_count=2；mode_count=2；boss_count=2；max_app_rate=0.01；median_app_rate=0.01,记录稀疏或出场率较低
astra-yao|billy-kid|seed,"astra-yao, billy-kid, seed",耀嘉音 / 比利·奇德 / 「席德」,B-,3,2,2,2,3,2,1,0.01,0.01,200,32631,3,0,"da, sd","da:2.7.2, sd:2.6.1","1-2_combined.json, 5-2_combined.json, top_combined.json",hf_comps,record_count=3；phase_count=2；mode_count=2；boss_count=2；max_app_rate=0.01；median_app_rate=0.01,记录稀疏或出场率较低
astra-yao|billy-kid|sunna,"astra-yao, billy-kid, sunna",耀嘉音 / 比利·奇德 / 千夏,B-,3,2,2,1,3,2,1,0.01,0.01,98,,0,3,da,"da:2.6.1, da:2.8.3","1-1_combined.json, 1-3_combined.json, top_combined.json",hf_comps,record_count=3；phase_count=2；mode_count=1；boss_count=2；max_app_rate=0.01；median_app_rate=0.01,全部表现分数为 sentinel/missing
astra-yao|evelyn|ye-shunguang,"astra-yao, evelyn, ye-shunguang",耀嘉音 / 伊芙琳·舒瓦利耶 / 叶瞬光,B-,3,3,3,2,3,2,1,0.01,0.01,148,26453,1,2,"da, sd","da:2.6.1, da:2.7.2, sd:2.6.3","1-3_combined.json, 5-2_combined.json, top_combined.json",hf_comps,record_count=3；phase_count=3；mode_count=2；boss_count=2；max_app_rate=0.01；median_app_rate=0.01,包含 2 条 sentinel/missing 分数；记录稀疏或出场率较低
astra-yao|harumasa|nicole-demara,"astra-yao, harumasa, nicole-demara",耀嘉音 / 浅羽 悠真 / 妮可·德玛拉,B-,3,2,2,2,3,2,1,0.01,0.01,166,25951,1,2,"da, sd","da:2.6.2, sd:2.6.1","1-2_combined.json, 5-2_combined.json, top_combined.json",hf_comps,record_count=3；phase_count=2；mode_count=2；boss_count=2；max_app_rate=0.01；median_app_rate=0.01,包含 2 条 sentinel/missing 分数；记录稀疏或出场率较低
astra-yao|miyabi|piper,"astra-yao, miyabi, piper",耀嘉音 / 星见 雅 / 派派·韦尔,B-,3,2,2,1,2,1,1,0.01,0.01,108,21650,1,2,da,"da:2.6.1, da:2.7.1","1-3_combined.json, top_combined.json",hf_comps,record_count=3；phase_count=2；mode_count=1；boss_count=1；max_app_rate=0.01；median_app_rate=0.01,包含 2 条 sentinel/missing 分数；记录稀疏或出场率较低
astra-yao|nicole-demara|trigger,"astra-yao, nicole-demara, trigger",耀嘉音 / 妮可·德玛拉 / 「扳机」,B-,3,2,2,1,2,1,1,0.01,0.01,160,21336,1,2,da,"da:2.6.1, da:2.7.2","1-2_combined.json, top_combined.json",hf_comps,record_count=3；phase_count=2；mode_count=1；boss_count=1；max_app_rate=0.01；median_app_rate=0.01,包含 2 条 sentinel/missing 分数；记录稀疏或出场率较低
astra-yao|orphie-and-magus|ye-shunguang,"astra-yao, orphie-and-magus, ye-shunguang",耀嘉音 / 奥菲丝·马格努森 & 「鬼火」 / 叶瞬光,B-,3,3,3,2,2,2,1,0.01,0.01,124,27418,2,1,"da, sd","da:2.7.2, da:2.8.1, sd:2.6.1","1-3_combined.json, 5-1_combined.json",hf_comps,record_count=3；phase_count=3；mode_count=2；boss_count=2；max_app_rate=0.01；median_app_rate=0.01,包含 1 条 sentinel/missing 分数；记录稀疏或出场率较低
billy-kid|caesar|dialyn,"billy-kid, caesar, dialyn",比利·奇德 / 凯撒·金 / 琉音,B-,3,3,3,2,3,2,1,0.01,0.01,148,28194,2,1,"da, sd","da:2.6.1, da:2.7.2, sd:2.7.3","1-3_combined.json, 5-1_combined.json, top_combined.json",hf_comps,record_count=3；phase_count=3；mode_count=2；boss_count=2；max_app_rate=0.01；median_app_rate=0.01,包含 1 条 sentinel/missing 分数；记录稀疏或出场率较低
billy-starlight|lucy|pulchra,"billy-starlight, lucy, pulchra",星徽·比利 / 露西亚娜·德·蒙特夫 / 波可娜·费雷尼,B-,3,2,3,2,3,3,1,0.01,0.01,134,20122,2,1,"da, sd","da:2.8.2, sd:2.8.2, sd:2.8.3","1-2_combined.json, 5-1_combined.json, 5-2_combined.json",hf_comps,record_count=3；phase_count=3；mode_count=2；boss_count=3；max_app_rate=0.01；median_app_rate=0.01,包含 1 条 sentinel/missing 分数；记录稀疏或出场率较低
burnice|caesar|jane-doe,"burnice, caesar, jane-doe",柏妮思·怀特 / 凯撒·金 / 简·杜,B-,3,3,3,2,3,2,1,0.01,0.01,143,32810,2,1,"da, sd","da:2.6.1, sd:2.7.3, sd:2.8.2","5-1_combined.json, 5-3_combined.json, top_combined.json",hf_comps,record_count=3；phase_count=3；mode_count=2；boss_count=2；max_app_rate=0.01；median_app_rate=0.01,包含 1 条 sentinel/missing 分数；记录稀疏或出场率较低
burnice|lighter|ukinami-yuzuha,"burnice, lighter, ukinami-yuzuha",柏妮思·怀特 / 莱特 / 浮波柚叶,B-,3,3,3,1,2,2,1,0.01,0.01,184,31237,3,0,sd,"sd:2.6.1, sd:2.6.3, sd:2.8.3","5-2_combined.json, 5-3_combined.json",hf_comps,record_count=3；phase_count=3；mode_count=1；boss_count=2；max_app_rate=0.01；median_app_rate=0.01,记录稀疏或出场率较低
burnice|piper|sunna,"burnice, piper, sunna",柏妮思·怀特 / 派派·韦尔 / 千夏,B-,3,2,2,1,2,1,1,0.01,0.01,124,20076,1,2,sd,"sd:2.6.1, sd:2.8.2","5-1_combined.json, top_combined.json",hf_comps,record_count=3；phase_count=2；mode_count=1；boss_count=1；max_app_rate=0.01；median_app_rate=0.01,包含 2 条 sentinel/missing 分数；记录稀疏或出场率较低
burnice|vivian|yanagi,"burnice, vivian, yanagi",柏妮思·怀特 / 薇薇安·班希 / 月城 柳,B-,3,2,3,2,2,1,1,0.01,0.01,214,25313,2,1,"da, sd","da:2.6.1, sd:2.6.1, sd:2.8.2","5-3_combined.json, top_combined.json",hf_comps,record_count=3；phase_count=3；mode_count=2；boss_count=1；max_app_rate=0.01；median_app_rate=0.01,包含 1 条 sentinel/missing 分数；记录稀疏或出场率较低
dialyn|hugo|sunna,"dialyn, hugo, sunna",琉音 / 雨果·维拉德 / 千夏,B-,3,3,3,2,3,2,1,0.01,0.01,148,30663,1,2,"da, sd","da:2.6.1, da:2.7.2, sd:2.7.3","1-3_combined.json, 5-1_combined.json, top_combined.json",hf_comps,record_count=3；phase_count=3；mode_count=2；boss_count=2；max_app_rate=0.01；median_app_rate=0.01,包含 2 条 sentinel/missing 分数；记录稀疏或出场率较低
dialyn|pan-yinhu|ye-shunguang,"dialyn, pan-yinhu, ye-shunguang",琉音 / 潘引壶 / 叶瞬光,B-,3,2,2,1,2,1,1,0.01,0.01,114,28500,3,0,sd,"sd:2.6.1, sd:2.6.4","5-1_combined.json, top_combined.json",hf_comps,record_count=3；phase_count=2；mode_count=1；boss_count=1；max_app_rate=0.01；median_app_rate=0.01,记录稀疏或出场率较低
dialyn|vivian|yixuan,"dialyn, vivian, yixuan",琉音 / 薇薇安·班希 / 仪玄,B-,3,2,3,2,3,3,1,0.01,0.01,160,26096,3,0,"da, sd","da:2.6.1, sd:2.6.1, sd:2.6.4","1-2_combined.json, 5-2_combined.json, 5-3_combined.json",hf_comps,record_count=3；phase_count=3；mode_count=2；boss_count=3；max_app_rate=0.01；median_app_rate=0.01,记录稀疏或出场率较低
ellen|sunna|zhao,"ellen, sunna, zhao",艾莲·乔 / 千夏 / 照,B-,3,3,3,2,3,3,1,0.01,0.01,156,32446,3,0,"da, sd","da:2.7.1, da:3.0.1, sd:2.6.3","1-2_combined.json, 1-3_combined.json, 5-1_combined.json",hf_comps,record_count=3；phase_count=3；mode_count=2；boss_count=3；max_app_rate=0.01；median_app_rate=0.01,记录稀疏或出场率较低
evelyn|seed|sunna,"evelyn, seed, sunna",伊芙琳·舒瓦利耶 / 「席德」 / 千夏,B-,3,2,2,2,3,2,1,0.01,0.01,166,28247,3,0,"da, sd","da:2.6.2, sd:2.6.1","1-2_combined.json, 5-2_combined.json, top_combined.json",hf_comps,record_count=3；phase_count=2；mode_count=2；boss_count=2；max_app_rate=0.01；median_app_rate=0.01,记录稀疏或出场率较低
hugo|seed|trigger,"hugo, seed, trigger",雨果·维拉德 / 「席德」 / 「扳机」,B-,3,2,2,2,3,2,1,0.01,0.01,200,23621,1,2,"da, sd","da:2.7.2, sd:2.6.1","1-2_combined.json, 5-2_combined.json, top_combined.json",hf_comps,record_count=3；phase_count=2；mode_count=2；boss_count=2；max_app_rate=0.01；median_app_rate=0.01,包含 2 条 sentinel/missing 分数；记录稀疏或出场率较低
jane-doe|nicole-demara|vivian,"jane-doe, nicole-demara, vivian",简·杜 / 妮可·德玛拉 / 薇薇安·班希,B-,3,3,3,2,3,2,1,0.01,0.01,160,27100,2,1,"da, sd","da:2.6.1, da:2.8.2, sd:2.6.4","1-3_combined.json, 5-2_combined.json, top_combined.json",hf_comps,record_count=3；phase_count=3；mode_count=2；boss_count=2；max_app_rate=0.01；median_app_rate=0.01,包含 1 条 sentinel/missing 分数；记录稀疏或出场率较低
ju-fufu|nekomata|sunna,"ju-fufu, nekomata, sunna",橘福福 / 猫宫 又奈 / 千夏,B-,3,3,3,2,3,2,1,0.01,0.01,161,26023,1,2,"da, sd","da:2.6.1, da:2.6.2, sd:2.8.2","1-2_combined.json, 5-1_combined.json, top_combined.json",hf_comps,record_count=3；phase_count=3；mode_count=2；boss_count=2；max_app_rate=0.01；median_app_rate=0.01,包含 2 条 sentinel/missing 分数；记录稀疏或出场率较低
lycaon|promeia|soukaku,"lycaon, promeia, soukaku",冯·莱卡恩 / 普罗米娅 / 苍角,B-,3,2,3,2,2,2,1,0.01,0.01,96,6038,1,2,"da, sd","da:2.8.1, da:2.8.2, sd:2.8.2","1-1_combined.json, 5-2_combined.json",hf_comps,record_count=3；phase_count=3；mode_count=2；boss_count=2；max_app_rate=0.01；median_app_rate=0.01,包含 2 条 sentinel/missing 分数；记录稀疏或出场率较低
miyabi|soukaku|sunna,"miyabi, soukaku, sunna",星见 雅 / 苍角 / 千夏,B-,3,2,3,2,2,1,1,0.01,0.01,133,29410,2,1,"da, sd","da:2.6.1, sd:2.6.1, sd:2.8.2","5-2_combined.json, top_combined.json",hf_comps,record_count=3；phase_count=3；mode_count=2；boss_count=1；max_app_rate=0.01；median_app_rate=0.01,包含 1 条 sentinel/missing 分数；记录稀疏或出场率较低
nangong-yu|nicole-demara|vivian,"nangong-yu, nicole-demara, vivian",南宫羽 / 妮可·德玛拉 / 薇薇安·班希,B-,3,3,3,2,3,3,1,0.01,0.01,114,32216,3,0,"da, sd","da:2.7.2, da:2.8.2, sd:2.6.4","1-1_combined.json, 1-3_combined.json, 5-2_combined.json",hf_comps,record_count=3；phase_count=3；mode_count=2；boss_count=3；max_app_rate=0.01；median_app_rate=0.01,记录稀疏或出场率较低
nangong-yu|yanagi|zhao,"nangong-yu, yanagi, zhao",南宫羽 / 月城 柳 / 照,B-,3,3,3,2,3,3,1,0.01,0.01,114,25295,2,1,"da, sd","da:2.7.2, da:2.8.2, sd:2.7.3","1-1_combined.json, 1-3_combined.json, 5-2_combined.json",hf_comps,record_count=3；phase_count=3；mode_count=2；boss_count=3；max_app_rate=0.01；median_app_rate=0.01,包含 1 条 sentinel/missing 分数；记录稀疏或出场率较低
pan-yinhu|vivian|yixuan,"pan-yinhu, vivian, yixuan",潘引壶 / 薇薇安·班希 / 仪玄,B-,3,3,3,2,3,2,1,0.01,0.01,184,25897,2,1,"da, sd","da:2.6.1, da:2.8.2, sd:2.6.3","1-3_combined.json, 5-3_combined.json, top_combined.json",hf_comps,record_count=3；phase_count=3；mode_count=2；boss_count=2；max_app_rate=0.01；median_app_rate=0.01,包含 1 条 sentinel/missing 分数；记录稀疏或出场率较低
alice|anby-demara-soldier-0|ukinami-yuzuha,"alice, anby-demara-soldier-0, ukinami-yuzuha",爱丽丝·泰姆菲尔德 / 零号·安比 / 浮波柚叶,B-,2,1,2,2,2,2,1,0.01,0.01,166,28112,2,0,"da, sd","da:2.6.2, sd:2.6.3","1-2_combined.json, 5-1_combined.json",hf_comps,record_count=2；phase_count=2；mode_count=2；boss_count=2；max_app_rate=0.01；median_app_rate=0.01,记录稀疏或出场率较低
alice|burnice|caesar,"alice, burnice, caesar",爱丽丝·泰姆菲尔德 / 柏妮思·怀特 / 凯撒·金,B-,2,2,2,2,2,1,1,0.01,0.01,184,25128,1,1,"da, sd","da:2.6.1, sd:2.6.3","5-2_combined.json, top_combined.json",hf_comps,record_count=2；phase_count=2；mode_count=2；boss_count=1；max_app_rate=0.01；median_app_rate=0.01,包含 1 条 sentinel/missing 分数；记录稀疏或出场率较低
alice|burnice|vivian,"alice, burnice, vivian",爱丽丝·泰姆菲尔德 / 柏妮思·怀特 / 薇薇安·班希,B-,2,2,2,2,2,2,1,0.01,0.01,108,25081,2,0,"da, sd","da:2.6.1, sd:2.6.3","1-3_combined.json, 5-3_combined.json",hf_comps,record_count=2；phase_count=2；mode_count=2；boss_count=2；max_app_rate=0.01；median_app_rate=0.01,记录稀疏或出场率较低
alice|lucia|ukinami-yuzuha,"alice, lucia, ukinami-yuzuha",爱丽丝·泰姆菲尔德 / 卢西娅 / 浮波柚叶,B-,2,2,2,2,2,2,1,0.01,0.01,124,27010,2,0,"da, sd","da:2.6.2, sd:2.6.1","1-1_combined.json, 5-1_combined.json",hf_comps,record_count=2；phase_count=2；mode_count=2；boss_count=2；max_app_rate=0.01；median_app_rate=0.01,记录稀疏或出场率较低
alice|lucy|miyabi,"alice, lucy, miyabi",爱丽丝·泰姆菲尔德 / 露西亚娜·德·蒙特夫 / 星见 雅,B-,2,1,1,1,2,1,1,0.01,0.01,108,,0,2,da,da:2.6.1,"1-3_combined.json, top_combined.json",hf_comps,record_count=2；phase_count=1；mode_count=1；boss_count=1；max_app_rate=0.01；median_app_rate=0.01,全部表现分数为 sentinel/missing
alice|miyabi|sunna,"alice, miyabi, sunna",爱丽丝·泰姆菲尔德 / 星见 雅 / 千夏,B-,2,2,2,1,2,2,1,0.01,0.01,160,32542,2,0,sd,"sd:2.6.3, sd:2.6.4","5-2_combined.json, 5-3_combined.json",hf_comps,record_count=2；phase_count=2；mode_count=1；boss_count=2；max_app_rate=0.01；median_app_rate=0.01,记录稀疏或出场率较低
alice|rina|ukinami-yuzuha,"alice, rina, ukinami-yuzuha",爱丽丝·泰姆菲尔德 / 亚历山德丽娜·莎芭丝缇安 / 浮波柚叶,B-,2,2,2,1,1,1,1,0.01,0.01,124,29364,2,0,sd,"sd:2.6.1, sd:2.6.3",5-1_combined.json,hf_comps,record_count=2；phase_count=2；mode_count=1；boss_count=1；max_app_rate=0.01；median_app_rate=0.01,记录稀疏或出场率较低
alice|sunna|ye-shunguang,"alice, sunna, ye-shunguang",爱丽丝·泰姆菲尔德 / 千夏 / 叶瞬光,B-,2,2,2,2,2,2,1,0.01,0.01,114,28004,2,0,"da, sd","da:2.7.2, sd:2.6.4","1-1_combined.json, 5-1_combined.json",hf_comps,record_count=2；phase_count=2；mode_count=2；boss_count=2；max_app_rate=0.01；median_app_rate=0.01,记录稀疏或出场率较低
anby-demara-soldier-0|caesar|nicole-demara,"anby-demara-soldier-0, caesar, nicole-demara",零号·安比 / 凯撒·金 / 妮可·德玛拉,B-,2,2,2,2,2,2,1,0.01,0.01,166,24753,2,0,"da, sd","da:2.6.2, sd:2.8.2","1-2_combined.json, 5-3_combined.json",hf_comps,record_count=2；phase_count=2；mode_count=2；boss_count=2；max_app_rate=0.01；median_app_rate=0.01,记录稀疏或出场率较低
anby-demara-soldier-0|cissia|sunna,"anby-demara-soldier-0, cissia, sunna",零号·安比 / 希希芙 / 千夏,B-,2,2,2,2,2,2,1,0.01,0.01,153,25588,2,0,"da, sd","da:2.8.1, sd:2.7.2","1-3_combined.json, 5-2_combined.json",hf_comps,record_count=2；phase_count=2；mode_count=2；boss_count=2；max_app_rate=0.01；median_app_rate=0.01,记录稀疏或出场率较低
anby-demara-soldier-0|lycaon|zhao,"anby-demara-soldier-0, lycaon, zhao",零号·安比 / 冯·莱卡恩 / 照,B-,2,2,2,1,2,1,1,0.01,0.01,200,,0,2,da,"da:2.6.1, da:2.7.2","1-2_combined.json, top_combined.json",hf_comps,record_count=2；phase_count=2；mode_count=1；boss_count=1；max_app_rate=0.01；median_app_rate=0.01,全部表现分数为 sentinel/missing
anby-demara-soldier-0|nicole-demara|ukinami-yuzuha,"anby-demara-soldier-0, nicole-demara, ukinami-yuzuha",零号·安比 / 妮可·德玛拉 / 浮波柚叶,B-,2,1,2,2,2,2,1,0.01,0.01,166,27632,2,0,"da, sd","da:2.6.2, sd:2.6.3","1-2_combined.json, 5-1_combined.json",hf_comps,record_count=2；phase_count=2；mode_count=2；boss_count=2；max_app_rate=0.01；median_app_rate=0.01,记录稀疏或出场率较低
anby-demara-soldier-0|qingyi|sunna,"anby-demara-soldier-0, qingyi, sunna",零号·安比 / 青衣 / 千夏,B-,2,1,2,2,2,2,1,0.01,0.01,166,25870,2,0,"da, sd","da:2.6.2, sd:2.6.3","1-2_combined.json, 5-1_combined.json",hf_comps,record_count=2；phase_count=2；mode_count=2；boss_count=2；max_app_rate=0.01；median_app_rate=0.01,记录稀疏或出场率较低
anby-demara-soldier-0|qingyi|ukinami-yuzuha,"anby-demara-soldier-0, qingyi, ukinami-yuzuha",零号·安比 / 青衣 / 浮波柚叶,B-,2,1,1,1,2,1,1,0.01,0.01,222,26859,2,0,sd,sd:2.6.1,"5-2_combined.json, top_combined.json",hf_comps,record_count=2；phase_count=1；mode_count=1；boss_count=1；max_app_rate=0.01；median_app_rate=0.01,记录稀疏或出场率较低
anby-demara-soldier-0|rina|ukinami-yuzuha,"anby-demara-soldier-0, rina, ukinami-yuzuha",零号·安比 / 亚历山德丽娜·莎芭丝缇安 / 浮波柚叶,B-,2,1,1,1,2,1,1,0.01,0.01,222,29813,2,0,sd,sd:2.6.1,"5-2_combined.json, top_combined.json",hf_comps,record_count=2；phase_count=1；mode_count=1；boss_count=1；max_app_rate=0.01；median_app_rate=0.01,记录稀疏或出场率较低
anby-demara-soldier-0|sunna|zhao,"anby-demara-soldier-0, sunna, zhao",零号·安比 / 千夏 / 照,B-,2,2,2,1,2,2,1,0.01,0.01,153,28455,2,0,da,"da:2.6.2, da:2.8.1","1-2_combined.json, 1-3_combined.json",hf_comps,record_count=2；phase_count=2；mode_count=1；boss_count=2；max_app_rate=0.01；median_app_rate=0.01,记录稀疏或出场率较低
anby-demara|lucia|yixuan,"anby-demara, lucia, yixuan",安比·德玛拉 / 卢西娅 / 仪玄,B-,2,2,2,1,2,1,1,0.01,0.01,129,22885,1,1,da,"da:2.6.1, da:2.7.1","1-2_combined.json, top_combined.json",hf_comps,record_count=2；phase_count=2；mode_count=1；boss_count=1；max_app_rate=0.01；median_app_rate=0.01,包含 1 条 sentinel/missing 分数；记录稀疏或出场率较低
anby-demara|pan-yinhu|yixuan,"anby-demara, pan-yinhu, yixuan",安比·德玛拉 / 潘引壶 / 仪玄,B-,2,1,1,1,2,1,1,0.01,0.01,160,,0,2,da,da:2.6.1,"1-2_combined.json, top_combined.json",hf_comps,record_count=2；phase_count=1；mode_count=1；boss_count=1；max_app_rate=0.01；median_app_rate=0.01,全部表现分数为 sentinel/missing
anton|astra-yao|qingyi,"anton, astra-yao, qingyi",安东·伊万诺夫 / 耀嘉音 / 青衣,B-,2,1,1,1,2,1,1,0.01,0.01,222,,0,2,sd,sd:2.6.1,"5-2_combined.json, top_combined.json",hf_comps,record_count=2；phase_count=1；mode_count=1；boss_count=1；max_app_rate=0.01；median_app_rate=0.01,全部表现分数为 sentinel/missing
anton|sunna|trigger,"anton, sunna, trigger",安东·伊万诺夫 / 千夏 / 「扳机」,B-,2,1,1,1,2,1,1,0.01,0.01,222,,0,2,sd,sd:2.6.1,"5-2_combined.json, top_combined.json",hf_comps,record_count=2；phase_count=1；mode_count=1；boss_count=1；max_app_rate=0.01；median_app_rate=0.01,全部表现分数为 sentinel/missing
aria|koleda|ukinami-yuzuha,"aria, koleda, ukinami-yuzuha",爱芮 / 珂蕾妲·贝洛伯格 / 浮波柚叶,B-,2,1,1,1,2,1,1,0.01,0.01,160,31171,2,0,sd,sd:2.6.4,"5-2_combined.json, top_combined.json",hf_comps,record_count=2；phase_count=1；mode_count=1；boss_count=1；max_app_rate=0.01；median_app_rate=0.01,记录稀疏或出场率较低
aria|lucy|sunna,"aria, lucy, sunna",爱芮 / 露西亚娜·德·蒙特夫 / 千夏,B-,2,1,2,2,2,2,1,0.01,0.01,128,30065,1,1,"da, sd","da:2.6.2, sd:2.6.3","1-1_combined.json, 5-3_combined.json",hf_comps,record_count=2；phase_count=2；mode_count=2；boss_count=2；max_app_rate=0.01；median_app_rate=0.01,包含 1 条 sentinel/missing 分数；记录稀疏或出场率较低
astra-yao|billy-starlight|trigger,"astra-yao, billy-starlight, trigger",耀嘉音 / 星徽·比利 / 「扳机」,B-,2,2,2,1,2,2,1,0.01,0.01,157,23238,2,0,da,"da:2.8.2, da:2.8.3","1-2_combined.json, 1-3_combined.json",hf_comps,record_count=2；phase_count=2；mode_count=1；boss_count=2；max_app_rate=0.01；median_app_rate=0.01,记录稀疏或出场率较低
astra-yao|grace-howard|trigger,"astra-yao, grace-howard, trigger",耀嘉音 / 格莉丝·霍华德 / 「扳机」,B-,2,2,2,2,2,2,1,0.01,0.01,200,,0,2,"da, sd","da:2.7.2, sd:2.8.2","1-2_combined.json, 5-3_combined.json",hf_comps,record_count=2；phase_count=2；mode_count=2；boss_count=2；max_app_rate=0.01；median_app_rate=0.01,全部表现分数为 sentinel/missing
astra-yao|ju-fufu|orphie-and-magus,"astra-yao, ju-fufu, orphie-and-magus",耀嘉音 / 橘福福 / 奥菲丝·马格努森 & 「鬼火」,B-,2,2,2,2,2,1,1,0.01,0.01,184,26286,1,1,"da, sd","da:2.6.1, sd:2.8.3","5-3_combined.json, top_combined.json",hf_comps,record_count=2；phase_count=2；mode_count=2；boss_count=1；max_app_rate=0.01；median_app_rate=0.01,包含 1 条 sentinel/missing 分数；记录稀疏或出场率较低
astra-yao|manato|pan-yinhu,"astra-yao, manato, pan-yinhu",耀嘉音 / 狛野真斗 / 潘引壶,B-,2,2,2,1,2,1,1,0.01,0.01,200,,0,2,da,"da:2.6.1, da:2.6.2","1-3_combined.json, top_combined.json",hf_comps,record_count=2；phase_count=2；mode_count=1；boss_count=1；max_app_rate=0.01；median_app_rate=0.01,全部表现分数为 sentinel/missing
astra-yao|manato|trigger,"astra-yao, manato, trigger",耀嘉音 / 狛野真斗 / 「扳机」,B-,2,2,2,1,2,1,1,0.01,0.01,200,22278,1,1,da,"da:2.6.1, da:2.6.2","1-3_combined.json, top_combined.json",hf_comps,record_count=2；phase_count=2；mode_count=1；boss_count=1；max_app_rate=0.01；median_app_rate=0.01,包含 1 条 sentinel/missing 分数；记录稀疏或出场率较低
astra-yao|nekomata|nicole-demara,"astra-yao, nekomata, nicole-demara",耀嘉音 / 猫宫 又奈 / 妮可·德玛拉,B-,2,1,1,1,2,1,1,0.01,0.01,166,,0,2,da,da:2.6.2,"1-2_combined.json, top_combined.json",hf_comps,record_count=2；phase_count=1；mode_count=1；boss_count=1；max_app_rate=0.01；median_app_rate=0.01,全部表现分数为 sentinel/missing
astra-yao|nekomata|zhao,"astra-yao, nekomata, zhao",耀嘉音 / 猫宫 又奈 / 照,B-,2,1,1,1,2,1,1,0.01,0.01,98,,0,2,da,da:2.6.1,"1-1_combined.json, top_combined.json",hf_comps,record_count=2；phase_count=1；mode_count=1；boss_count=1；max_app_rate=0.01；median_app_rate=0.01,全部表现分数为 sentinel/missing
astra-yao|nicole-demara|qingyi,"astra-yao, nicole-demara, qingyi",耀嘉音 / 妮可·德玛拉 / 青衣,B-,2,1,1,1,2,1,1,0.01,0.01,222,,0,2,sd,sd:2.6.1,"5-2_combined.json, top_combined.json",hf_comps,record_count=2；phase_count=1；mode_count=1；boss_count=1；max_app_rate=0.01；median_app_rate=0.01,全部表现分数为 sentinel/missing
astra-yao|qingyi|ye-shunguang,"astra-yao, qingyi, ye-shunguang",耀嘉音 / 青衣 / 叶瞬光,B-,2,2,2,1,2,1,1,0.01,0.01,166,28607,1,1,da,"da:2.6.1, da:2.6.2","1-2_combined.json, top_combined.json",hf_comps,record_count=2；phase_count=2；mode_count=1；boss_count=1；max_app_rate=0.01；median_app_rate=0.01,包含 1 条 sentinel/missing 分数；记录稀疏或出场率较低
banyue|dialyn|lucy,"banyue, dialyn, lucy",般岳 / 琉音 / 露西亚娜·德·蒙特夫,B-,2,1,2,2,2,1,1,0.01,0.01,216,28658,1,1,"da, sd","da:2.6.1, sd:2.6.1","5-3_combined.json, top_combined.json",hf_comps,record_count=2；phase_count=2；mode_count=2；boss_count=1；max_app_rate=0.01；median_app_rate=0.01,包含 1 条 sentinel/missing 分数；记录稀疏或出场率较低
banyue|lucy|zhao,"banyue, lucy, zhao",般岳 / 露西亚娜·德·蒙特夫 / 照,B-,2,2,2,2,2,1,1,0.01,0.01,188,,0,2,"da, sd","da:2.6.1, sd:2.6.4","5-3_combined.json, top_combined.json",hf_comps,record_count=2；phase_count=2；mode_count=2；boss_count=1；max_app_rate=0.01；median_app_rate=0.01,全部表现分数为 sentinel/missing
banyue|lycaon|zhao,"banyue, lycaon, zhao",般岳 / 冯·莱卡恩 / 照,B-,2,2,2,2,2,2,1,0.01,0.01,188,26599,2,0,"da, sd","da:2.6.2, sd:2.6.4","1-3_combined.json, 5-3_combined.json",hf_comps,record_count=2；phase_count=2；mode_count=2；boss_count=2；max_app_rate=0.01；median_app_rate=0.01,记录稀疏或出场率较低
ben|lighter|lucy,"ben, lighter, lucy",本·比格 / 莱特 / 露西亚娜·德·蒙特夫,B-,2,1,2,2,2,1,1,0.01,0.01,216,31435,1,1,"da, sd","da:2.6.1, sd:2.6.1","5-3_combined.json, top_combined.json",hf_comps,record_count=2；phase_count=2；mode_count=2；boss_count=1；max_app_rate=0.01；median_app_rate=0.01,包含 1 条 sentinel/missing 分数；记录稀疏或出场率较低
billy-kid|dialyn|seed,"billy-kid, dialyn, seed",比利·奇德 / 琉音 / 「席德」,B-,2,2,2,1,2,2,1,0.01,0.01,153,23392,2,0,da,"da:2.6.2, da:2.8.1","1-2_combined.json, 1-3_combined.json",hf_comps,record_count=2；phase_count=2；mode_count=1；boss_count=2；max_app_rate=0.01；median_app_rate=0.01,记录稀疏或出场率较低
billy-starlight|pan-yinhu|qingyi,"billy-starlight, pan-yinhu, qingyi",星徽·比利 / 潘引壶 / 青衣,B-,2,1,2,2,2,2,1,0.01,0.01,134,20145,1,1,"da, sd","da:2.8.3, sd:2.8.3","1-3_combined.json, 5-2_combined.json",hf_comps,record_count=2；phase_count=2；mode_count=2；boss_count=2；max_app_rate=0.01；median_app_rate=0.01,包含 1 条 sentinel/missing 分数；记录稀疏或出场率较低
burnice|lighter|promeia,"burnice, lighter, promeia",柏妮思·怀特 / 莱特 / 普罗米娅,B-,2,2,2,2,2,2,1,0.01,0.01,143,25305,2,0,"da, sd","da:2.8.2, sd:2.7.3","1-1_combined.json, 5-3_combined.json",hf_comps,record_count=2；phase_count=2；mode_count=2；boss_count=2；max_app_rate=0.01；median_app_rate=0.01,记录稀疏或出场率较低
burnice|lucy|yixuan,"burnice, lucy, yixuan",柏妮思·怀特 / 露西亚娜·德·蒙特夫 / 仪玄,B-,2,1,1,1,2,1,1,0.01,0.01,216,,0,2,sd,sd:2.6.1,"5-3_combined.json, top_combined.json",hf_comps,record_count=2；phase_count=1；mode_count=1；boss_count=1；max_app_rate=0.01；median_app_rate=0.01,全部表现分数为 sentinel/missing
burnice|sunna|yanagi,"burnice, sunna, yanagi",柏妮思·怀特 / 千夏 / 月城 柳,B-,2,1,1,1,2,1,1,0.01,0.01,222,,0,2,sd,sd:2.6.1,"5-2_combined.json, top_combined.json",hf_comps,record_count=2；phase_count=1；mode_count=1；boss_count=1；max_app_rate=0.01；median_app_rate=0.01,全部表现分数为 sentinel/missing
caesar|pulchra|ye-shunguang,"caesar, pulchra, ye-shunguang",凯撒·金 / 波可娜·费雷尼 / 叶瞬光,B-,2,2,2,1,2,2,1,0.01,0.01,98,47405,2,0,da,"da:2.6.1, da:2.6.2","1-1_combined.json, 1-2_combined.json",hf_comps,record_count=2；phase_count=2；mode_count=1；boss_count=2；max_app_rate=0.01；median_app_rate=0.01,记录稀疏或出场率较低
cissia|dialyn|zhao,"cissia, dialyn, zhao",希希芙 / 琉音 / 照,B-,2,2,2,2,2,2,1,0.01,0.01,153,27168,1,1,"da, sd","da:2.8.1, sd:2.8.2","1-3_combined.json, 5-3_combined.json",hf_comps,record_count=2；phase_count=2；mode_count=2；boss_count=2；max_app_rate=0.01；median_app_rate=0.01,包含 1 条 sentinel/missing 分数；记录稀疏或出场率较低
cissia|pulchra|seed,"cissia, pulchra, seed",希希芙 / 波可娜·费雷尼 / 「席德」,B-,2,2,2,2,2,2,1,0.01,0.01,176,30428,2,0,"da, sd","da:2.8.3, sd:2.8.3","1-3_combined.json, 5-3_combined.json",hf_comps,record_count=2；phase_count=2；mode_count=2；boss_count=2；max_app_rate=0.01；median_app_rate=0.01,记录稀疏或出场率较低
corin|sunna|trigger,"corin, sunna, trigger",可琳·威克斯 / 千夏 / 「扳机」,B-,2,2,2,1,2,2,1,0.01,0.01,98,29054,2,0,da,"da:2.6.1, da:2.6.2","1-1_combined.json, 1-2_combined.json",hf_comps,record_count=2；phase_count=2；mode_count=1；boss_count=2；max_app_rate=0.01；median_app_rate=0.01,记录稀疏或出场率较低
corin|ye-shunguang|zhao,"corin, ye-shunguang, zhao",可琳·威克斯 / 叶瞬光 / 照,B-,2,1,1,1,2,1,1,0.01,0.01,148,25395,2,0,da,da:2.7.2,"1-3_combined.json, top_combined.json",hf_comps,record_count=2；phase_count=1；mode_count=1；boss_count=1；max_app_rate=0.01；median_app_rate=0.01,记录稀疏或出场率较低
dialyn|ellen|lighter,"dialyn, ellen, lighter",琉音 / 艾莲·乔 / 莱特,B-,2,2,2,1,1,1,1,0.01,0.01,148,25527,1,1,da,"da:2.7.1, da:2.7.2",1-3_combined.json,hf_comps,record_count=2；phase_count=2；mode_count=1；boss_count=1；max_app_rate=0.01；median_app_rate=0.01,包含 1 条 sentinel/missing 分数；记录稀疏或出场率较低
dialyn|ellen|lycaon,"dialyn, ellen, lycaon",琉音 / 艾莲·乔 / 冯·莱卡恩,B-,2,2,2,2,2,2,1,0.01,0.01,157,25650,2,0,"da, sd","da:2.8.2, sd:2.6.1","1-2_combined.json, 5-2_combined.json",hf_comps,record_count=2；phase_count=2；mode_count=2；boss_count=2；max_app_rate=0.01；median_app_rate=0.01,记录稀疏或出场率较低
dialyn|miyabi|nicole-demara,"dialyn, miyabi, nicole-demara",琉音 / 星见 雅 / 妮可·德玛拉,B-,2,1,1,1,2,1,1,0.01,0.01,222,,0,2,sd,sd:2.6.1,"5-2_combined.json, top_combined.json",hf_comps,record_count=2；phase_count=1；mode_count=1；boss_count=1；max_app_rate=0.01；median_app_rate=0.01,全部表现分数为 sentinel/missing
dialyn|soldier-11|trigger,"dialyn, soldier-11, trigger",琉音 / 「11号」 / 「扳机」,B-,2,2,2,1,2,2,1,0.01,0.01,184,30847,2,0,sd,"sd:2.6.1, sd:2.6.3","5-2_combined.json, 5-3_combined.json",hf_comps,record_count=2；phase_count=2；mode_count=1；boss_count=2；max_app_rate=0.01；median_app_rate=0.01,记录稀疏或出场率较低
ellen|ju-fufu|sunna,"ellen, ju-fufu, sunna",艾莲·乔 / 橘福福 / 千夏,B-,2,1,1,1,2,1,1,0.01,0.01,188,,0,2,sd,sd:2.6.4,"5-3_combined.json, top_combined.json",hf_comps,record_count=2；phase_count=1；mode_count=1；boss_count=1；max_app_rate=0.01；median_app_rate=0.01,全部表现分数为 sentinel/missing
ellen|lighter|trigger,"ellen, lighter, trigger",艾莲·乔 / 莱特 / 「扳机」,B-,2,2,2,1,2,1,1,0.01,0.01,156,22962,1,1,da,"da:2.6.1, da:2.7.1","1-3_combined.json, top_combined.json",hf_comps,record_count=2；phase_count=2；mode_count=1；boss_count=1；max_app_rate=0.01；median_app_rate=0.01,包含 1 条 sentinel/missing 分数；记录稀疏或出场率较低
ellen|orphie-and-magus|trigger,"ellen, orphie-and-magus, trigger",艾莲·乔 / 奥菲丝·马格努森 & 「鬼火」 / 「扳机」,B-,2,1,1,1,2,1,1,0.01,0.01,222,34371,2,0,sd,sd:2.6.1,"5-2_combined.json, top_combined.json",hf_comps,record_count=2；phase_count=1；mode_count=1；boss_count=1；max_app_rate=0.01；median_app_rate=0.01,记录稀疏或出场率较低
ellen|seed|zhao,"ellen, seed, zhao",艾莲·乔 / 「席德」 / 照,B-,2,2,2,1,2,2,1,0.01,0.01,214,31062,2,0,sd,"sd:2.6.1, sd:2.8.2","5-2_combined.json, 5-3_combined.json",hf_comps,record_count=2；phase_count=2；mode_count=1；boss_count=2；max_app_rate=0.01；median_app_rate=0.01,记录稀疏或出场率较低
evelyn|koleda|zhao,"evelyn, koleda, zhao",伊芙琳·舒瓦利耶 / 珂蕾妲·贝洛伯格 / 照,B-,2,2,2,1,1,1,1,0.01,0.01,188,26288,2,0,sd,"sd:2.6.1, sd:2.6.4",5-3_combined.json,hf_comps,record_count=2；phase_count=2；mode_count=1；boss_count=1；max_app_rate=0.01；median_app_rate=0.01,记录稀疏或出场率较低
evelyn|sunna|trigger,"evelyn, sunna, trigger",伊芙琳·舒瓦利耶 / 千夏 / 「扳机」,B-,2,2,2,1,1,1,1,0.01,0.01,184,27155,1,1,sd,"sd:2.6.4, sd:2.8.3",5-3_combined.json,hf_comps,record_count=2；phase_count=2；mode_count=1；boss_count=1；max_app_rate=0.01；median_app_rate=0.01,包含 1 条 sentinel/missing 分数；记录稀疏或出场率较低
evelyn|trigger|zhao,"evelyn, trigger, zhao",伊芙琳·舒瓦利耶 / 「扳机」 / 照,B-,2,2,2,2,2,1,1,0.01,0.01,188,,0,2,"da, sd","da:2.6.1, sd:2.6.4","5-3_combined.json, top_combined.json",hf_comps,record_count=2；phase_count=2；mode_count=2；boss_count=1；max_app_rate=0.01；median_app_rate=0.01,全部表现分数为 sentinel/missing
grace-howard|lycaon|rina,"grace-howard, lycaon, rina",格莉丝·霍华德 / 冯·莱卡恩 / 亚历山德丽娜·莎芭丝缇安,B-,2,2,2,1,1,1,1,0.01,0.01,96,20347,2,0,da,"da:2.8.1, da:2.8.3",1-1_combined.json,hf_comps,record_count=2；phase_count=2；mode_count=1；boss_count=1；max_app_rate=0.01；median_app_rate=0.01,记录稀疏或出场率较低
grace-howard|piper|ukinami-yuzuha,"grace-howard, piper, ukinami-yuzuha",格莉丝·霍华德 / 派派·韦尔 / 浮波柚叶,B-,2,2,2,1,2,2,1,0.01,0.01,181,27625,2,0,sd,"sd:2.6.3, sd:2.8.2","5-1_combined.json, 5-3_combined.json",hf_comps,record_count=2；phase_count=2；mode_count=1；boss_count=2；max_app_rate=0.01；median_app_rate=0.01,记录稀疏或出场率较低
harumasa|seed|ukinami-yuzuha,"harumasa, seed, ukinami-yuzuha",浅羽 悠真 / 「席德」 / 浮波柚叶,B-,2,1,1,1,2,1,1,0.01,0.01,222,28307,2,0,sd,sd:2.6.1,"5-2_combined.json, top_combined.json",hf_comps,record_count=2；phase_count=1；mode_count=1；boss_count=1；max_app_rate=0.01；median_app_rate=0.01,记录稀疏或出场率较低
hugo|lycaon|zhao,"hugo, lycaon, zhao",雨果·维拉德 / 冯·莱卡恩 / 照,B-,2,2,2,2,2,2,1,0.01,0.01,143,25834,2,0,"da, sd","da:3.0.1, sd:2.7.3","1-2_combined.json, 5-3_combined.json",hf_comps,record_count=2；phase_count=2；mode_count=2；boss_count=2；max_app_rate=0.01；median_app_rate=0.01,记录稀疏或出场率较低
ju-fufu|lucia|orphie-and-magus,"ju-fufu, lucia, orphie-and-magus",橘福福 / 卢西娅 / 奥菲丝·马格努森 & 「鬼火」,B-,2,1,1,1,2,1,1,0.01,0.01,216,,0,2,sd,sd:2.6.1,"5-3_combined.json, top_combined.json",hf_comps,record_count=2；phase_count=1；mode_count=1；boss_count=1；max_app_rate=0.01；median_app_rate=0.01,全部表现分数为 sentinel/missing
ju-fufu|lucia|ye-shunguang,"ju-fufu, lucia, ye-shunguang",橘福福 / 卢西娅 / 叶瞬光,B-,2,2,2,1,1,1,1,0.01,0.01,114,25837,2,0,sd,"sd:2.6.1, sd:2.6.4",5-1_combined.json,hf_comps,record_count=2；phase_count=2；mode_count=1；boss_count=1；max_app_rate=0.01；median_app_rate=0.01,记录稀疏或出场率较低
ju-fufu|soldier-11|ukinami-yuzuha,"ju-fufu, soldier-11, ukinami-yuzuha",橘福福 / 「11号」 / 浮波柚叶,B-,2,2,2,1,1,1,1,0.01,0.01,216,30452,1,1,sd,"sd:2.6.1, sd:2.8.3",5-3_combined.json,hf_comps,record_count=2；phase_count=2；mode_count=1；boss_count=1；max_app_rate=0.01；median_app_rate=0.01,包含 1 条 sentinel/missing 分数；记录稀疏或出场率较低
lighter|orphie-and-magus|ukinami-yuzuha,"lighter, orphie-and-magus, ukinami-yuzuha",莱特 / 奥菲丝·马格努森 & 「鬼火」 / 浮波柚叶,B-,2,1,1,1,2,1,1,0.01,0.01,216,,0,2,sd,sd:2.6.1,"5-3_combined.json, top_combined.json",hf_comps,record_count=2；phase_count=1；mode_count=1；boss_count=1；max_app_rate=0.01；median_app_rate=0.01,全部表现分数为 sentinel/missing
lucia|pulchra|ye-shunguang,"lucia, pulchra, ye-shunguang",卢西娅 / 波可娜·费雷尼 / 叶瞬光,B-,2,2,2,1,2,1,1,0.01,0.01,134,24176,1,1,da,"da:2.6.1, da:2.8.3","1-2_combined.json, top_combined.json",hf_comps,record_count=2；phase_count=2；mode_count=1；boss_count=1；max_app_rate=0.01；median_app_rate=0.01,包含 1 条 sentinel/missing 分数；记录稀疏或出场率较低
lucia|qingyi|yidhari,"lucia, qingyi, yidhari",卢西娅 / 青衣 / 伊德海莉·墨菲,B-,2,2,2,2,2,2,1,0.01,0.01,138,32731,2,0,"da, sd","da:2.8.1, sd:2.6.4","1-2_combined.json, 5-3_combined.json",hf_comps,record_count=2；phase_count=2；mode_count=2；boss_count=2；max_app_rate=0.01；median_app_rate=0.01,记录稀疏或出场率较低
lucia|ye-shunguang|yixuan,"lucia, ye-shunguang, yixuan",卢西娅 / 叶瞬光 / 仪玄,B-,2,2,2,1,1,1,1,0.01,0.01,129,24709,2,0,da,"da:2.7.1, da:2.8.2",1-2_combined.json,hf_comps,record_count=2；phase_count=2；mode_count=1；boss_count=1；max_app_rate=0.01；median_app_rate=0.01,记录稀疏或出场率较低
lucy|rina|yanagi,"lucy, rina, yanagi",露西亚娜·德·蒙特夫 / 亚历山德丽娜·莎芭丝缇安 / 月城 柳,B-,2,1,1,1,2,1,1,0.01,0.01,222,,0,2,sd,sd:2.6.1,"5-2_combined.json, top_combined.json",hf_comps,record_count=2；phase_count=1；mode_count=1；boss_count=1；max_app_rate=0.01；median_app_rate=0.01,全部表现分数为 sentinel/missing
lucy|yixuan|zhao,"lucy, yixuan, zhao",露西亚娜·德·蒙特夫 / 仪玄 / 照,B-,2,2,2,1,1,1,1,0.01,0.01,184,27825,2,0,sd,"sd:2.6.3, sd:2.6.4",5-3_combined.json,hf_comps,record_count=2；phase_count=2；mode_count=1；boss_count=1；max_app_rate=0.01；median_app_rate=0.01,记录稀疏或出场率较低
lycaon|miyabi|promeia,"lycaon, miyabi, promeia",冯·莱卡恩 / 星见 雅 / 普罗米娅,B-,2,1,2,2,2,2,1,0.01,0.01,133,23357,2,0,"da, sd","da:2.8.2, sd:2.8.2","1-1_combined.json, 5-2_combined.json",hf_comps,record_count=2；phase_count=2；mode_count=2；boss_count=2；max_app_rate=0.01；median_app_rate=0.01,记录稀疏或出场率较低
miyabi|ukinami-yuzuha|yixuan,"miyabi, ukinami-yuzuha, yixuan",星见 雅 / 浮波柚叶 / 仪玄,B-,2,1,1,1,2,1,1,0.01,0.01,143,,0,2,sd,sd:2.7.3,"5-3_combined.json, top_combined.json",hf_comps,record_count=2；phase_count=1；mode_count=1；boss_count=1；max_app_rate=0.01；median_app_rate=0.01,全部表现分数为 sentinel/missing
nangong-yu|nicole-demara|yanagi,"nangong-yu, nicole-demara, yanagi",南宫羽 / 妮可·德玛拉 / 月城 柳,B-,2,2,2,1,2,2,1,0.01,0.01,114,22351,2,0,da,"da:2.7.2, da:2.8.2","1-1_combined.json, 1-3_combined.json",hf_comps,record_count=2；phase_count=2；mode_count=1；boss_count=2；max_app_rate=0.01；median_app_rate=0.01,记录稀疏或出场率较低
nekomata|nicole-demara|trigger,"nekomata, nicole-demara, trigger",猫宫 又奈 / 妮可·德玛拉 / 「扳机」,B-,2,2,2,1,1,1,1,0.01,0.01,153,22147,1,1,da,"da:2.8.1, da:2.8.3",1-3_combined.json,hf_comps,record_count=2；phase_count=2；mode_count=1；boss_count=1；max_app_rate=0.01；median_app_rate=0.01,包含 1 条 sentinel/missing 分数；记录稀疏或出场率较低
nekomata|seed|sunna,"nekomata, seed, sunna",猫宫 又奈 / 「席德」 / 千夏,B-,2,2,2,1,2,2,1,0.01,0.01,98,20639,2,0,da,"da:2.6.1, da:2.8.1","1-1_combined.json, 1-3_combined.json",hf_comps,record_count=2；phase_count=2；mode_count=1；boss_count=2；max_app_rate=0.01；median_app_rate=0.01,记录稀疏或出场率较低
nicole-demara|ukinami-yuzuha|yanagi,"nicole-demara, ukinami-yuzuha, yanagi",妮可·德玛拉 / 浮波柚叶 / 月城 柳,B-,2,1,2,2,2,1,1,0.01,0.01,222,34733,1,1,"da, sd","da:2.6.1, sd:2.6.1","5-2_combined.json, top_combined.json",hf_comps,record_count=2；phase_count=2；mode_count=2；boss_count=1；max_app_rate=0.01；median_app_rate=0.01,包含 1 条 sentinel/missing 分数；记录稀疏或出场率较低
nicole-demara|velina|vivian,"nicole-demara, velina, vivian",妮可·德玛拉 / 维琳娜·艾嘉德 / 薇薇安·班希,B-,2,1,2,2,2,2,1,0.01,0.01,126,26747,2,0,"da, sd","da:3.0.1, sd:2.8.3","1-1_combined.json, 5-1_combined.json",hf_comps,record_count=2；phase_count=2；mode_count=2；boss_count=2；max_app_rate=0.01；median_app_rate=0.01,记录稀疏或出场率较低
promeia|soukaku|ukinami-yuzuha,"promeia, soukaku, ukinami-yuzuha",普罗米娅 / 苍角 / 浮波柚叶,B-,2,2,2,1,1,1,1,0.01,0.01,137,20223,2,0,da,"da:2.8.2, da:2.8.3",1-1_combined.json,hf_comps,record_count=2；phase_count=2；mode_count=1；boss_count=1；max_app_rate=0.01；median_app_rate=0.01,记录稀疏或出场率较低
sunna|trigger|zhu-yuan,"sunna, trigger, zhu-yuan",千夏 / 「扳机」 / 朱鸢,B-,2,1,1,1,2,1,1,0.01,0.01,160,,0,2,da,da:2.6.1,"1-2_combined.json, top_combined.json",hf_comps,record_count=2；phase_count=1；mode_count=1；boss_count=1；max_app_rate=0.01；median_app_rate=0.01,全部表现分数为 sentinel/missing
alice|astra-yao|promeia,"alice, astra-yao, promeia",爱丽丝·泰姆菲尔德 / 耀嘉音 / 普罗米娅,B-,1,1,1,1,1,1,1,0.01,0.01,137,24209,1,0,da,da:2.8.3,1-1_combined.json,hf_comps,record_count=1；phase_count=1；mode_count=1；boss_count=1；max_app_rate=0.01；median_app_rate=0.01,记录稀疏或出场率较低
alice|astra-yao|ye-shunguang,"alice, astra-yao, ye-shunguang",爱丽丝·泰姆菲尔德 / 耀嘉音 / 叶瞬光,B-,1,1,1,1,1,1,1,0.01,0.01,124,27722,1,0,sd,sd:2.6.1,5-1_combined.json,hf_comps,record_count=1；phase_count=1；mode_count=1；boss_count=1；max_app_rate=0.01；median_app_rate=0.01,记录稀疏或出场率较低
alice|burnice|jane-doe,"alice, burnice, jane-doe",爱丽丝·泰姆菲尔德 / 柏妮思·怀特 / 简·杜,B-,1,1,1,1,1,1,1,0.01,0.01,161,20560,1,0,sd,sd:2.8.2,5-1_combined.json,hf_comps,record_count=1；phase_count=1；mode_count=1；boss_count=1；max_app_rate=0.01；median_app_rate=0.01,记录稀疏或出场率较低
alice|dialyn|jane-doe,"alice, dialyn, jane-doe",爱丽丝·泰姆菲尔德 / 琉音 / 简·杜,B-,1,1,1,1,1,1,1,0.01,0.01,197,10662,1,0,da,da:2.8.2,1-3_combined.json,hf_comps,record_count=1；phase_count=1；mode_count=1；boss_count=1；max_app_rate=0.01；median_app_rate=0.01,记录稀疏或出场率较低
alice|grace-howard|sunna,"alice, grace-howard, sunna",爱丽丝·泰姆菲尔德 / 格莉丝·霍华德 / 千夏,B-,1,1,1,1,1,1,1,0.01,0.01,124,25618,1,0,sd,sd:2.6.1,5-1_combined.json,hf_comps,record_count=1；phase_count=1；mode_count=1；boss_count=1；max_app_rate=0.01；median_app_rate=0.01,记录稀疏或出场率较低
alice|jane-doe|nicole-demara,"alice, jane-doe, nicole-demara",爱丽丝·泰姆菲尔德 / 简·杜 / 妮可·德玛拉,B-,1,1,1,1,1,1,1,0.01,0.01,108,26852,1,0,da,da:2.6.1,1-3_combined.json,hf_comps,record_count=1；phase_count=1；mode_count=1；boss_count=1；max_app_rate=0.01；median_app_rate=0.01,记录稀疏或出场率较低
alice|ju-fufu|ukinami-yuzuha,"alice, ju-fufu, ukinami-yuzuha",爱丽丝·泰姆菲尔德 / 橘福福 / 浮波柚叶,B-,1,1,1,1,1,1,1,0.01,0.01,214,21559,1,0,sd,sd:2.8.2,5-3_combined.json,hf_comps,record_count=1；phase_count=1；mode_count=1；boss_count=1；max_app_rate=0.01；median_app_rate=0.01,记录稀疏或出场率较低
alice|lucy|nangong-yu,"alice, lucy, nangong-yu",爱丽丝·泰姆菲尔德 / 露西亚娜·德·蒙特夫 / 南宫羽,B-,1,1,1,1,1,1,1,0.01,0.01,155,29235,1,0,sd,sd:2.7.3,5-1_combined.json,hf_comps,record_count=1；phase_count=1；mode_count=1；boss_count=1；max_app_rate=0.01；median_app_rate=0.01,记录稀疏或出场率较低
alice|lucy|nicole-demara,"alice, lucy, nicole-demara",爱丽丝·泰姆菲尔德 / 露西亚娜·德·蒙特夫 / 妮可·德玛拉,B-,1,1,1,1,1,1,1,0.01,0.01,124,27252,1,0,sd,sd:2.6.1,5-1_combined.json,hf_comps,record_count=1；phase_count=1；mode_count=1；boss_count=1；max_app_rate=0.01；median_app_rate=0.01,记录稀疏或出场率较低
alice|lucy|ukinami-yuzuha,"alice, lucy, ukinami-yuzuha",爱丽丝·泰姆菲尔德 / 露西亚娜·德·蒙特夫 / 浮波柚叶,B-,1,1,1,1,1,1,1,0.01,0.01,161,26703,1,0,sd,sd:2.8.2,5-1_combined.json,hf_comps,record_count=1；phase_count=1；mode_count=1；boss_count=1；max_app_rate=0.01；median_app_rate=0.01,记录稀疏或出场率较低
alice|lucy|vivian,"alice, lucy, vivian",爱丽丝·泰姆菲尔德 / 露西亚娜·德·蒙特夫 / 薇薇安·班希,B-,1,1,1,1,1,1,1,0.01,0.01,161,22558,1,0,sd,sd:2.8.2,5-1_combined.json,hf_comps,record_count=1；phase_count=1；mode_count=1；boss_count=1；max_app_rate=0.01；median_app_rate=0.01,记录稀疏或出场率较低
alice|lucy|yanagi,"alice, lucy, yanagi",爱丽丝·泰姆菲尔德 / 露西亚娜·德·蒙特夫 / 月城 柳,B-,1,1,1,1,1,1,1,0.01,0.01,214,20887,1,0,sd,sd:2.8.2,5-3_combined.json,hf_comps,record_count=1；phase_count=1；mode_count=1；boss_count=1；max_app_rate=0.01；median_app_rate=0.01,记录稀疏或出场率较低
alice|pulchra|ukinami-yuzuha,"alice, pulchra, ukinami-yuzuha",爱丽丝·泰姆菲尔德 / 波可娜·费雷尼 / 浮波柚叶,B-,1,1,1,1,1,1,1,0.01,0.01,160,28151,1,0,sd,sd:2.8.3,5-2_combined.json,hf_comps,record_count=1；phase_count=1；mode_count=1；boss_count=1；max_app_rate=0.01；median_app_rate=0.01,记录稀疏或出场率较低
alice|sunna|trigger,"alice, sunna, trigger",爱丽丝·泰姆菲尔德 / 千夏 / 「扳机」,B-,1,1,1,1,1,1,1,0.01,0.01,124,28142,1,0,sd,sd:2.6.1,5-1_combined.json,hf_comps,record_count=1；phase_count=1；mode_count=1；boss_count=1；max_app_rate=0.01；median_app_rate=0.01,记录稀疏或出场率较低
alice|trigger|velina,"alice, trigger, velina",爱丽丝·泰姆菲尔德 / 「扳机」 / 维琳娜·艾嘉德,B-,1,1,1,1,1,1,1,0.01,0.01,126,20025,1,0,da,da:3.0.1,1-1_combined.json,hf_comps,record_count=1；phase_count=1；mode_count=1；boss_count=1；max_app_rate=0.01；median_app_rate=0.01,记录稀疏或出场率较低
alice|velina|vivian,"alice, velina, vivian",爱丽丝·泰姆菲尔德 / 维琳娜·艾嘉德 / 薇薇安·班希,B-,1,1,1,1,1,1,1,0.01,0.01,126,21734,1,0,da,da:3.0.1,1-1_combined.json,hf_comps,record_count=1；phase_count=1；mode_count=1；boss_count=1；max_app_rate=0.01；median_app_rate=0.01,记录稀疏或出场率较低
anby-demara-soldier-0|caesar|dialyn,"anby-demara-soldier-0, caesar, dialyn",零号·安比 / 凯撒·金 / 琉音,B-,1,1,1,1,1,1,1,0.01,0.01,176,23532,1,0,da,da:2.8.3,1-3_combined.json,hf_comps,record_count=1；phase_count=1；mode_count=1；boss_count=1；max_app_rate=0.01；median_app_rate=0.01,记录稀疏或出场率较低
anby-demara-soldier-0|caesar|rina,"anby-demara-soldier-0, caesar, rina",零号·安比 / 凯撒·金 / 亚历山德丽娜·莎芭丝缇安,B-,1,1,1,1,1,1,1,0.01,0.01,222,25538,1,0,sd,sd:2.6.1,5-2_combined.json,hf_comps,record_count=1；phase_count=1；mode_count=1；boss_count=1；max_app_rate=0.01；median_app_rate=0.01,记录稀疏或出场率较低
anby-demara-soldier-0|caesar|seed,"anby-demara-soldier-0, caesar, seed",零号·安比 / 凯撒·金 / 「席德」,B-,1,1,1,1,1,1,1,0.01,0.01,222,26547,1,0,sd,sd:2.6.1,5-2_combined.json,hf_comps,record_count=1；phase_count=1；mode_count=1；boss_count=1；max_app_rate=0.01；median_app_rate=0.01,记录稀疏或出场率较低
anby-demara-soldier-0|cissia|ju-fufu,"anby-demara-soldier-0, cissia, ju-fufu",零号·安比 / 希希芙 / 橘福福,B-,1,1,1,1,1,1,1,0.01,0.01,201,26042,1,0,sd,sd:2.7.3,5-2_combined.json,hf_comps,record_count=1；phase_count=1；mode_count=1；boss_count=1；max_app_rate=0.01；median_app_rate=0.01,记录稀疏或出场率较低
anby-demara-soldier-0|cissia|nicole-demara,"anby-demara-soldier-0, cissia, nicole-demara",零号·安比 / 希希芙 / 妮可·德玛拉,B-,1,1,1,1,1,1,1,0.01,0.01,176,25088,1,0,sd,sd:2.7.2,5-2_combined.json,hf_comps,record_count=1；phase_count=1；mode_count=1；boss_count=1；max_app_rate=0.01；median_app_rate=0.01,记录稀疏或出场率较低
anby-demara-soldier-0|cissia|ukinami-yuzuha,"anby-demara-soldier-0, cissia, ukinami-yuzuha",零号·安比 / 希希芙 / 浮波柚叶,B-,1,1,1,1,1,1,1,0.01,0.01,214,19546,1,0,sd,sd:2.8.2,5-3_combined.json,hf_comps,record_count=1；phase_count=1；mode_count=1；boss_count=1；max_app_rate=0.01；median_app_rate=0.01,记录稀疏或出场率较低
anby-demara-soldier-0|dialyn|lucy,"anby-demara-soldier-0, dialyn, lucy",零号·安比 / 琉音 / 露西亚娜·德·蒙特夫,B-,1,1,1,1,1,1,1,0.01,0.01,222,27190,1,0,sd,sd:2.6.1,5-2_combined.json,hf_comps,record_count=1；phase_count=1；mode_count=1；boss_count=1；max_app_rate=0.01；median_app_rate=0.01,记录稀疏或出场率较低
anby-demara-soldier-0|dialyn|ukinami-yuzuha,"anby-demara-soldier-0, dialyn, ukinami-yuzuha",零号·安比 / 琉音 / 浮波柚叶,B-,1,1,1,1,1,1,1,0.01,0.01,166,20134,1,0,da,da:2.6.2,1-2_combined.json,hf_comps,record_count=1；phase_count=1；mode_count=1；boss_count=1；max_app_rate=0.01；median_app_rate=0.01,记录稀疏或出场率较低
anby-demara-soldier-0|ju-fufu|nicole-demara,"anby-demara-soldier-0, ju-fufu, nicole-demara",零号·安比 / 橘福福 / 妮可·德玛拉,B-,1,1,1,1,1,1,1,0.01,0.01,200,20582,1,0,da,da:2.7.2,1-2_combined.json,hf_comps,record_count=1；phase_count=1；mode_count=1；boss_count=1；max_app_rate=0.01；median_app_rate=0.01,记录稀疏或出场率较低
anby-demara-soldier-0|lucy|pulchra,"anby-demara-soldier-0, lucy, pulchra",零号·安比 / 露西亚娜·德·蒙特夫 / 波可娜·费雷尼,B-,1,1,1,1,1,1,1,0.01,0.01,214,18540,1,0,sd,sd:2.8.2,5-3_combined.json,hf_comps,record_count=1；phase_count=1；mode_count=1；boss_count=1；max_app_rate=0.01；median_app_rate=0.01,记录稀疏或出场率较低
anby-demara-soldier-0|nicole-demara|sunna,"anby-demara-soldier-0, nicole-demara, sunna",零号·安比 / 妮可·德玛拉 / 千夏,B-,1,1,1,1,1,1,1,0.01,0.01,176,23533,1,0,da,da:2.8.3,1-3_combined.json,hf_comps,record_count=1；phase_count=1；mode_count=1；boss_count=1；max_app_rate=0.01；median_app_rate=0.01,记录稀疏或出场率较低
anby-demara-soldier-0|pulchra|rina,"anby-demara-soldier-0, pulchra, rina",零号·安比 / 波可娜·费雷尼 / 亚历山德丽娜·莎芭丝缇安,B-,1,1,1,1,1,1,1,0.01,0.01,222,26852,1,0,sd,sd:2.6.1,5-2_combined.json,hf_comps,record_count=1；phase_count=1；mode_count=1；boss_count=1；max_app_rate=0.01；median_app_rate=0.01,记录稀疏或出场率较低
anby-demara-soldier-0|ukinami-yuzuha|yanagi,"anby-demara-soldier-0, ukinami-yuzuha, yanagi",零号·安比 / 浮波柚叶 / 月城 柳,B-,1,1,1,1,1,1,1,0.01,0.01,222,26740,1,0,sd,sd:2.6.1,5-2_combined.json,hf_comps,record_count=1；phase_count=1；mode_count=1；boss_count=1；max_app_rate=0.01；median_app_rate=0.01,记录稀疏或出场率较低
anby-demara|anby-demara-soldier-0|astra-yao,"anby-demara, anby-demara-soldier-0, astra-yao",安比·德玛拉 / 零号·安比 / 耀嘉音,B-,1,1,1,1,1,1,1,0.01,0.01,153,20499,1,0,da,da:2.8.1,1-3_combined.json,hf_comps,record_count=1；phase_count=1；mode_count=1；boss_count=1；max_app_rate=0.01；median_app_rate=0.01,记录稀疏或出场率较低
anby-demara|harumasa|nicole-demara,"anby-demara, harumasa, nicole-demara",安比·德玛拉 / 浅羽 悠真 / 妮可·德玛拉,B-,1,1,1,1,1,1,1,0.01,0.01,197,11165,1,0,da,da:2.8.2,1-3_combined.json,hf_comps,record_count=1；phase_count=1；mode_count=1；boss_count=1；max_app_rate=0.01；median_app_rate=0.01,记录稀疏或出场率较低
anby-demara|harumasa|rina,"anby-demara, harumasa, rina",安比·德玛拉 / 浅羽 悠真 / 亚历山德丽娜·莎芭丝缇安,B-,1,1,1,1,1,1,1,0.01,0.01,222,26075,1,0,sd,sd:2.6.1,5-2_combined.json,hf_comps,record_count=1；phase_count=1；mode_count=1；boss_count=1；max_app_rate=0.01；median_app_rate=0.01,记录稀疏或出场率较低
anton|astra-yao|seed,"anton, astra-yao, seed",安东·伊万诺夫 / 耀嘉音 / 「席德」,B-,1,1,1,1,1,1,1,0.01,0.01,153,20971,1,0,da,da:2.8.1,1-3_combined.json,hf_comps,record_count=1；phase_count=1；mode_count=1；boss_count=1；max_app_rate=0.01；median_app_rate=0.01,记录稀疏或出场率较低
anton|rina|seed,"anton, rina, seed",安东·伊万诺夫 / 亚历山德丽娜·莎芭丝缇安 / 「席德」,B-,1,1,1,1,1,1,1,0.01,0.01,222,26464,1,0,sd,sd:2.6.1,5-2_combined.json,hf_comps,record_count=1；phase_count=1；mode_count=1；boss_count=1；max_app_rate=0.01；median_app_rate=0.01,记录稀疏或出场率较低
aria|astra-yao|jane-doe,"aria, astra-yao, jane-doe",爱芮 / 耀嘉音 / 简·杜,B-,1,1,1,1,1,1,1,0.01,0.01,197,12958,1,0,da,da:2.8.2,1-3_combined.json,hf_comps,record_count=1；phase_count=1；mode_count=1；boss_count=1；max_app_rate=0.01；median_app_rate=0.01,记录稀疏或出场率较低
aria|dialyn|lucia,"aria, dialyn, lucia",爱芮 / 琉音 / 卢西娅,B-,1,1,1,1,1,1,1,0.01,0.01,197,14308,1,0,da,da:2.8.2,1-3_combined.json,hf_comps,record_count=1；phase_count=1；mode_count=1；boss_count=1；max_app_rate=0.01；median_app_rate=0.01,记录稀疏或出场率较低
aria|lighter|sunna,"aria, lighter, sunna",爱芮 / 莱特 / 千夏,B-,1,1,1,1,1,1,1,0.01,0.01,197,17522,1,0,da,da:2.8.2,1-3_combined.json,hf_comps,record_count=1；phase_count=1；mode_count=1；boss_count=1；max_app_rate=0.01；median_app_rate=0.01,记录稀疏或出场率较低
aria|lighter|ukinami-yuzuha,"aria, lighter, ukinami-yuzuha",爱芮 / 莱特 / 浮波柚叶,B-,1,1,1,1,1,1,1,0.01,0.01,160,27812,1,0,sd,sd:2.6.4,5-2_combined.json,hf_comps,record_count=1；phase_count=1；mode_count=1；boss_count=1；max_app_rate=0.01；median_app_rate=0.01,记录稀疏或出场率较低
aria|nangong-yu|trigger,"aria, nangong-yu, trigger",爱芮 / 南宫羽 / 「扳机」,B-,1,1,1,1,1,1,1,0.01,0.01,197,20717,1,0,da,da:2.8.2,1-3_combined.json,hf_comps,record_count=1；phase_count=1；mode_count=1；boss_count=1；max_app_rate=0.01；median_app_rate=0.01,记录稀疏或出场率较低
aria|nangong-yu|yixuan,"aria, nangong-yu, yixuan",爱芮 / 南宫羽 / 仪玄,B-,1,1,1,1,1,1,1,0.01,0.01,197,15748,1,0,da,da:2.8.2,1-3_combined.json,hf_comps,record_count=1；phase_count=1；mode_count=1；boss_count=1；max_app_rate=0.01；median_app_rate=0.01,记录稀疏或出场率较低
aria|pulchra|sunna,"aria, pulchra, sunna",爱芮 / 波可娜·费雷尼 / 千夏,B-,1,1,1,1,1,1,1,0.01,0.01,160,27002,1,0,sd,sd:2.6.4,5-2_combined.json,hf_comps,record_count=1；phase_count=1；mode_count=1；boss_count=1；max_app_rate=0.01；median_app_rate=0.01,记录稀疏或出场率较低
aria|pulchra|zhao,"aria, pulchra, zhao",爱芮 / 波可娜·费雷尼 / 照,B-,1,1,1,1,1,1,1,0.01,0.01,160,25624,1,0,sd,sd:2.6.4,5-2_combined.json,hf_comps,record_count=1；phase_count=1；mode_count=1；boss_count=1；max_app_rate=0.01；median_app_rate=0.01,记录稀疏或出场率较低
aria|seth|sunna,"aria, seth, sunna",爱芮 / 赛斯·洛威尔 / 千夏,B-,1,1,1,1,1,1,1,0.01,0.01,128,25846,1,0,da,da:2.6.2,1-1_combined.json,hf_comps,record_count=1；phase_count=1；mode_count=1；boss_count=1；max_app_rate=0.01；median_app_rate=0.01,记录稀疏或出场率较低
astra-yao|banyue|lycaon,"astra-yao, banyue, lycaon",耀嘉音 / 般岳 / 冯·莱卡恩,B-,1,1,1,1,1,1,1,0.01,0.01,200,20644,1,0,da,da:2.6.2,1-3_combined.json,hf_comps,record_count=1；phase_count=1；mode_count=1；boss_count=1；max_app_rate=0.01；median_app_rate=0.01,记录稀疏或出场率较低
astra-yao|burnice|evelyn,"astra-yao, burnice, evelyn",耀嘉音 / 柏妮思·怀特 / 伊芙琳·舒瓦利耶,B-,1,1,1,1,1,1,1,0.01,0.01,216,28351,1,0,sd,sd:2.6.1,5-3_combined.json,hf_comps,record_count=1；phase_count=1；mode_count=1；boss_count=1；max_app_rate=0.01；median_app_rate=0.01,记录稀疏或出场率较低
astra-yao|cissia|lighter,"astra-yao, cissia, lighter",耀嘉音 / 希希芙 / 莱特,B-,1,1,1,1,1,1,1,0.01,0.01,201,25790,1,0,sd,sd:2.7.3,5-2_combined.json,hf_comps,record_count=1；phase_count=1；mode_count=1；boss_count=1；max_app_rate=0.01；median_app_rate=0.01,记录稀疏或出场率较低
astra-yao|cissia|seth,"astra-yao, cissia, seth",耀嘉音 / 希希芙 / 赛斯·洛威尔,B-,1,1,1,1,1,1,1,0.01,0.01,214,23297,1,0,sd,sd:2.8.2,5-3_combined.json,hf_comps,record_count=1；phase_count=1；mode_count=1；boss_count=1；max_app_rate=0.01；median_app_rate=0.01,记录稀疏或出场率较低
astra-yao|cissia|yanagi,"astra-yao, cissia, yanagi",耀嘉音 / 希希芙 / 月城 柳,B-,1,1,1,1,1,1,1,0.01,0.01,176,26387,1,0,sd,sd:2.7.2,5-2_combined.json,hf_comps,record_count=1；phase_count=1；mode_count=1；boss_count=1；max_app_rate=0.01；median_app_rate=0.01,记录稀疏或出场率较低
astra-yao|corin|sunna,"astra-yao, corin, sunna",耀嘉音 / 可琳·威克斯 / 千夏,B-,1,1,1,1,1,1,1,0.01,0.01,98,22034,1,0,da,da:2.6.1,1-1_combined.json,hf_comps,record_count=1；phase_count=1；mode_count=1；boss_count=1；max_app_rate=0.01；median_app_rate=0.01,记录稀疏或出场率较低
astra-yao|evelyn|lycaon,"astra-yao, evelyn, lycaon",耀嘉音 / 伊芙琳·舒瓦利耶 / 冯·莱卡恩,B-,1,1,1,1,1,1,1,0.01,0.01,216,26038,1,0,sd,sd:2.6.1,5-3_combined.json,hf_comps,record_count=1；phase_count=1；mode_count=1；boss_count=1；max_app_rate=0.01；median_app_rate=0.01,记录稀疏或出场率较低
astra-yao|grace-howard|jane-doe,"astra-yao, grace-howard, jane-doe",耀嘉音 / 格莉丝·霍华德 / 简·杜,B-,1,1,1,1,1,1,1,0.01,0.01,197,7318,1,0,da,da:2.8.2,1-3_combined.json,hf_comps,record_count=1；phase_count=1；mode_count=1；boss_count=1；max_app_rate=0.01；median_app_rate=0.01,记录稀疏或出场率较低
astra-yao|grace-howard|yanagi,"astra-yao, grace-howard, yanagi",耀嘉音 / 格莉丝·霍华德 / 月城 柳,B-,1,1,1,1,1,1,1,0.01,0.01,222,26883,1,0,sd,sd:2.6.1,5-2_combined.json,hf_comps,record_count=1；phase_count=1；mode_count=1；boss_count=1；max_app_rate=0.01；median_app_rate=0.01,记录稀疏或出场率较低
astra-yao|harumasa|miyabi,"astra-yao, harumasa, miyabi",耀嘉音 / 浅羽 悠真 / 星见 雅,B-,1,1,1,1,1,1,1,0.01,0.01,222,27477,1,0,sd,sd:2.6.1,5-2_combined.json,hf_comps,record_count=1；phase_count=1；mode_count=1；boss_count=1；max_app_rate=0.01；median_app_rate=0.01,记录稀疏或出场率较低
astra-yao|jane-doe|seth,"astra-yao, jane-doe, seth",耀嘉音 / 简·杜 / 赛斯·洛威尔,B-,1,1,1,1,1,1,1,0.01,0.01,214,17076,1,0,sd,sd:2.8.2,5-3_combined.json,hf_comps,record_count=1；phase_count=1；mode_count=1；boss_count=1；max_app_rate=0.01；median_app_rate=0.01,记录稀疏或出场率较低
astra-yao|lighter|lucy,"astra-yao, lighter, lucy",耀嘉音 / 莱特 / 露西亚娜·德·蒙特夫,B-,1,1,1,1,1,1,1,0.01,0.01,216,25332,1,0,sd,sd:2.6.1,5-3_combined.json,hf_comps,record_count=1；phase_count=1；mode_count=1；boss_count=1；max_app_rate=0.01；median_app_rate=0.01,记录稀疏或出场率较低
astra-yao|nangong-yu|velina,"astra-yao, nangong-yu, velina",耀嘉音 / 南宫羽 / 维琳娜·艾嘉德,B-,1,1,1,1,1,1,1,0.01,0.01,126,21792,1,0,da,da:3.0.1,1-1_combined.json,hf_comps,record_count=1；phase_count=1；mode_count=1；boss_count=1；max_app_rate=0.01；median_app_rate=0.01,记录稀疏或出场率较低
astra-yao|orphie-and-magus|yidhari,"astra-yao, orphie-and-magus, yidhari",耀嘉音 / 奥菲丝·马格努森 & 「鬼火」 / 伊德海莉·墨菲,B-,1,1,1,1,1,1,1,0.01,0.01,200,21003,1,0,da,da:2.6.2,1-3_combined.json,hf_comps,record_count=1；phase_count=1；mode_count=1；boss_count=1；max_app_rate=0.01；median_app_rate=0.01,记录稀疏或出场率较低
astra-yao|piper|velina,"astra-yao, piper, velina",耀嘉音 / 派派·韦尔 / 维琳娜·艾嘉德,B-,1,1,1,1,1,1,1,0.01,0.01,126,20133,1,0,da,da:3.0.1,1-1_combined.json,hf_comps,record_count=1；phase_count=1；mode_count=1；boss_count=1；max_app_rate=0.01；median_app_rate=0.01,记录稀疏或出场率较低
astra-yao|promeia|sunna,"astra-yao, promeia, sunna",耀嘉音 / 普罗米娅 / 千夏,B-,1,1,1,1,1,1,1,0.01,0.01,96,20820,1,0,da,da:2.8.1,1-1_combined.json,hf_comps,record_count=1；phase_count=1；mode_count=1；boss_count=1；max_app_rate=0.01；median_app_rate=0.01,记录稀疏或出场率较低
astra-yao|sunna|yixuan,"astra-yao, sunna, yixuan",耀嘉音 / 千夏 / 仪玄,B-,1,1,1,1,1,1,1,0.01,0.01,184,26742,1,0,sd,sd:2.6.3,5-3_combined.json,hf_comps,record_count=1；phase_count=1；mode_count=1；boss_count=1；max_app_rate=0.01；median_app_rate=0.01,记录稀疏或出场率较低
astra-yao|sunna|zhu-yuan,"astra-yao, sunna, zhu-yuan",耀嘉音 / 千夏 / 朱鸢,B-,1,1,1,1,1,1,1,0.01,0.01,184,26948,1,0,sd,sd:2.6.3,5-3_combined.json,hf_comps,record_count=1；phase_count=1；mode_count=1；boss_count=1；max_app_rate=0.01；median_app_rate=0.01,记录稀疏或出场率较低
banyue|lighter|pan-yinhu,"banyue, lighter, pan-yinhu",般岳 / 莱特 / 潘引壶,B-,1,1,1,1,1,1,1,0.01,0.01,200,20905,1,0,da,da:2.6.2,1-3_combined.json,hf_comps,record_count=1；phase_count=1；mode_count=1；boss_count=1；max_app_rate=0.01；median_app_rate=0.01,记录稀疏或出场率较低
banyue|pan-yinhu|ukinami-yuzuha,"banyue, pan-yinhu, ukinami-yuzuha",般岳 / 潘引壶 / 浮波柚叶,B-,1,1,1,1,1,1,1,0.01,0.01,200,22218,1,0,da,da:2.6.2,1-3_combined.json,hf_comps,record_count=1；phase_count=1；mode_count=1；boss_count=1；max_app_rate=0.01；median_app_rate=0.01,记录稀疏或出场率较低
billy-kid|caesar|sunna,"billy-kid, caesar, sunna",比利·奇德 / 凯撒·金 / 千夏,B-,1,1,1,1,1,1,1,0.01,0.01,166,20315,1,0,da,da:2.6.2,1-2_combined.json,hf_comps,record_count=1；phase_count=1；mode_count=1；boss_count=1；max_app_rate=0.01；median_app_rate=0.01,记录稀疏或出场率较低
billy-kid|dialyn|nicole-demara,"billy-kid, dialyn, nicole-demara",比利·奇德 / 琉音 / 妮可·德玛拉,B-,1,1,1,1,1,1,1,0.01,0.01,184,30035,1,0,sd,sd:2.6.3,5-2_combined.json,hf_comps,record_count=1；phase_count=1；mode_count=1；boss_count=1；max_app_rate=0.01；median_app_rate=0.01,记录稀疏或出场率较低
billy-kid|ju-fufu|nicole-demara,"billy-kid, ju-fufu, nicole-demara",比利·奇德 / 橘福福 / 妮可·德玛拉,B-,1,1,1,1,1,1,1,0.01,0.01,148,20728,1,0,da,da:2.7.2,1-3_combined.json,hf_comps,record_count=1；phase_count=1；mode_count=1；boss_count=1；max_app_rate=0.01；median_app_rate=0.01,记录稀疏或出场率较低
billy-kid|ye-shunguang|zhao,"billy-kid, ye-shunguang, zhao",比利·奇德 / 叶瞬光 / 照,B-,1,1,1,1,1,1,1,0.01,0.01,148,25329,1,0,da,da:2.7.2,1-3_combined.json,hf_comps,record_count=1；phase_count=1；mode_count=1；boss_count=1；max_app_rate=0.01；median_app_rate=0.01,记录稀疏或出场率较低
billy-starlight|dialyn|pulchra,"billy-starlight, dialyn, pulchra",星徽·比利 / 琉音 / 波可娜·费雷尼,B-,1,1,1,1,1,1,1,0.01,0.01,161,20724,1,0,sd,sd:2.8.2,5-1_combined.json,hf_comps,record_count=1；phase_count=1；mode_count=1；boss_count=1；max_app_rate=0.01；median_app_rate=0.01,记录稀疏或出场率较低
billy-starlight|dialyn|sunna,"billy-starlight, dialyn, sunna",星徽·比利 / 琉音 / 千夏,B-,1,1,1,1,1,1,1,0.01,0.01,214,25481,1,0,sd,sd:2.8.2,5-3_combined.json,hf_comps,record_count=1；phase_count=1；mode_count=1；boss_count=1；max_app_rate=0.01；median_app_rate=0.01,记录稀疏或出场率较低
billy-starlight|ju-fufu|zhao,"billy-starlight, ju-fufu, zhao",星徽·比利 / 橘福福 / 照,B-,1,1,1,1,1,1,1,0.01,0.01,161,32754,1,0,sd,sd:2.8.2,5-1_combined.json,hf_comps,record_count=1；phase_count=1；mode_count=1；boss_count=1；max_app_rate=0.01；median_app_rate=0.01,记录稀疏或出场率较低
billy-starlight|lucy|pan-yinhu,"billy-starlight, lucy, pan-yinhu",星徽·比利 / 露西亚娜·德·蒙特夫 / 潘引壶,B-,1,1,1,1,1,1,1,0.01,0.01,160,25620,1,0,sd,sd:2.8.3,5-2_combined.json,hf_comps,record_count=1；phase_count=1；mode_count=1；boss_count=1；max_app_rate=0.01；median_app_rate=0.01,记录稀疏或出场率较低
billy-starlight|lycaon|zhao,"billy-starlight, lycaon, zhao",星徽·比利 / 冯·莱卡恩 / 照,B-,1,1,1,1,1,1,1,0.01,0.01,157,26974,1,0,da,da:2.8.2,1-2_combined.json,hf_comps,record_count=1；phase_count=1；mode_count=1；boss_count=1；max_app_rate=0.01；median_app_rate=0.01,记录稀疏或出场率较低
billy-starlight|nangong-yu|sunna,"billy-starlight, nangong-yu, sunna",星徽·比利 / 南宫羽 / 千夏,B-,1,1,1,1,1,1,1,0.01,0.01,160,25528,1,0,sd,sd:2.8.3,5-2_combined.json,hf_comps,record_count=1；phase_count=1；mode_count=1；boss_count=1；max_app_rate=0.01；median_app_rate=0.01,记录稀疏或出场率较低
billy-starlight|sunna|zhao,"billy-starlight, sunna, zhao",星徽·比利 / 千夏 / 照,B-,1,1,1,1,1,1,1,0.01,0.01,160,29248,1,0,sd,sd:2.8.3,5-2_combined.json,hf_comps,record_count=1；phase_count=1；mode_count=1；boss_count=1；max_app_rate=0.01；median_app_rate=0.01,记录稀疏或出场率较低
billy-starlight|ye-shunguang|zhao,"billy-starlight, ye-shunguang, zhao",星徽·比利 / 叶瞬光 / 照,B-,1,1,1,1,1,1,1,0.01,0.01,123,23084,1,0,da,da:3.0.1,1-3_combined.json,hf_comps,record_count=1；phase_count=1；mode_count=1；boss_count=1；max_app_rate=0.01；median_app_rate=0.01,记录稀疏或出场率较低
burnice|jane-doe|zhao,"burnice, jane-doe, zhao",柏妮思·怀特 / 简·杜 / 照,B-,1,1,1,1,1,1,1,0.01,0.01,184,25032,1,0,sd,sd:2.6.3,5-3_combined.json,hf_comps,record_count=1；phase_count=1；mode_count=1；boss_count=1；max_app_rate=0.01；median_app_rate=0.01,记录稀疏或出场率较低
burnice|miyabi|rina,"burnice, miyabi, rina",柏妮思·怀特 / 星见 雅 / 亚历山德丽娜·莎芭丝缇安,B-,1,1,1,1,1,1,1,0.01,0.01,188,30975,1,0,sd,sd:2.6.4,5-3_combined.json,hf_comps,record_count=1；phase_count=1；mode_count=1；boss_count=1；max_app_rate=0.01；median_app_rate=0.01,记录稀疏或出场率较低
burnice|nangong-yu|yanagi,"burnice, nangong-yu, yanagi",柏妮思·怀特 / 南宫羽 / 月城 柳,B-,1,1,1,1,1,1,1,0.01,0.01,214,20160,1,0,sd,sd:2.8.2,5-3_combined.json,hf_comps,record_count=1；phase_count=1；mode_count=1；boss_count=1；max_app_rate=0.01；median_app_rate=0.01,记录稀疏或出场率较低
burnice|piper|vivian,"burnice, piper, vivian",柏妮思·怀特 / 派派·韦尔 / 薇薇安·班希,B-,1,1,1,1,1,1,1,0.01,0.01,155,11044,1,0,da,da:2.8.2,1-1_combined.json,hf_comps,record_count=1；phase_count=1；mode_count=1；boss_count=1；max_app_rate=0.01；median_app_rate=0.01,记录稀疏或出场率较低
burnice|piper|zhao,"burnice, piper, zhao",柏妮思·怀特 / 派派·韦尔 / 照,B-,1,1,1,1,1,1,1,0.01,0.01,184,28233,1,0,sd,sd:2.6.3,5-2_combined.json,hf_comps,record_count=1；phase_count=1；mode_count=1；boss_count=1；max_app_rate=0.01；median_app_rate=0.01,记录稀疏或出场率较低
burnice|trigger|yanagi,"burnice, trigger, yanagi",柏妮思·怀特 / 「扳机」 / 月城 柳,B-,1,1,1,1,1,1,1,0.01,0.01,222,25413,1,0,sd,sd:2.6.1,5-2_combined.json,hf_comps,record_count=1；phase_count=1；mode_count=1；boss_count=1；max_app_rate=0.01；median_app_rate=0.01,记录稀疏或出场率较低
burnice|ye-shunguang|zhao,"burnice, ye-shunguang, zhao",柏妮思·怀特 / 叶瞬光 / 照,B-,1,1,1,1,1,1,1,0.01,0.01,161,19336,1,0,sd,sd:2.8.2,5-1_combined.json,hf_comps,record_count=1；phase_count=1；mode_count=1；boss_count=1；max_app_rate=0.01；median_app_rate=0.01,记录稀疏或出场率较低
caesar|ellen|soukaku,"caesar, ellen, soukaku",凯撒·金 / 艾莲·乔 / 苍角,B-,1,1,1,1,1,1,1,0.01,0.01,154,31802,1,0,sd,sd:2.8.3,5-1_combined.json,hf_comps,record_count=1；phase_count=1；mode_count=1；boss_count=1；max_app_rate=0.01；median_app_rate=0.01,记录稀疏或出场率较低
caesar|ellen|zhao,"caesar, ellen, zhao",凯撒·金 / 艾莲·乔 / 照,B-,1,1,1,1,1,1,1,0.01,0.01,156,21288,1,0,da,da:2.7.1,1-3_combined.json,hf_comps,record_count=1；phase_count=1；mode_count=1；boss_count=1；max_app_rate=0.01；median_app_rate=0.01,记录稀疏或出场率较低
caesar|evelyn|ju-fufu,"caesar, evelyn, ju-fufu",凯撒·金 / 伊芙琳·舒瓦利耶 / 橘福福,B-,1,1,1,1,1,1,1,0.01,0.01,216,26121,1,0,sd,sd:2.6.1,5-3_combined.json,hf_comps,record_count=1；phase_count=1；mode_count=1；boss_count=1；max_app_rate=0.01；median_app_rate=0.01,记录稀疏或出场率较低
caesar|harumasa|seed,"caesar, harumasa, seed",凯撒·金 / 浅羽 悠真 / 「席德」,B-,1,1,1,1,1,1,1,0.01,0.01,222,26582,1,0,sd,sd:2.6.1,5-2_combined.json,hf_comps,record_count=1；phase_count=1；mode_count=1；boss_count=1；max_app_rate=0.01；median_app_rate=0.01,记录稀疏或出场率较低
caesar|ju-fufu|ye-shunguang,"caesar, ju-fufu, ye-shunguang",凯撒·金 / 橘福福 / 叶瞬光,B-,1,1,1,1,1,1,1,0.01,0.01,160,25466,1,0,sd,sd:2.8.3,5-2_combined.json,hf_comps,record_count=1；phase_count=1；mode_count=1；boss_count=1；max_app_rate=0.01；median_app_rate=0.01,记录稀疏或出场率较低
caesar|koleda|soldier-11,"caesar, koleda, soldier-11",凯撒·金 / 珂蕾妲·贝洛伯格 / 「11号」,B-,1,1,1,1,1,1,1,0.01,0.01,216,28549,1,0,sd,sd:2.6.1,5-3_combined.json,hf_comps,record_count=1；phase_count=1；mode_count=1；boss_count=1；max_app_rate=0.01；median_app_rate=0.01,记录稀疏或出场率较低
caesar|promeia|yanagi,"caesar, promeia, yanagi",凯撒·金 / 普罗米娅 / 月城 柳,B-,1,1,1,1,1,1,1,0.01,0.01,155,8140,1,0,da,da:2.8.2,1-1_combined.json,hf_comps,record_count=1；phase_count=1；mode_count=1；boss_count=1；max_app_rate=0.01；median_app_rate=0.01,记录稀疏或出场率较低
caesar|vivian|yanagi,"caesar, vivian, yanagi",凯撒·金 / 薇薇安·班希 / 月城 柳,B-,1,1,1,1,1,1,1,0.01,0.01,222,27216,1,0,sd,sd:2.6.1,5-2_combined.json,hf_comps,record_count=1；phase_count=1；mode_count=1；boss_count=1；max_app_rate=0.01；median_app_rate=0.01,记录稀疏或出场率较低
cissia|ju-fufu|sunna,"cissia, ju-fufu, sunna",希希芙 / 橘福福 / 千夏,B-,1,1,1,1,1,1,1,0.01,0.01,184,28113,1,0,sd,sd:2.8.3,5-3_combined.json,hf_comps,record_count=1；phase_count=1；mode_count=1；boss_count=1；max_app_rate=0.01；median_app_rate=0.01,记录稀疏或出场率较低
cissia|lucy|trigger,"cissia, lucy, trigger",希希芙 / 露西亚娜·德·蒙特夫 / 「扳机」,B-,1,1,1,1,1,1,1,0.01,0.01,200,24256,1,0,da,da:2.7.2,1-2_combined.json,hf_comps,record_count=1；phase_count=1；mode_count=1；boss_count=1；max_app_rate=0.01；median_app_rate=0.01,记录稀疏或出场率较低
corin|seed|sunna,"corin, seed, sunna",可琳·威克斯 / 「席德」 / 千夏,B-,1,1,1,1,1,1,1,0.01,0.01,222,26699,1,0,sd,sd:2.6.1,5-2_combined.json,hf_comps,record_count=1；phase_count=1；mode_count=1；boss_count=1；max_app_rate=0.01；median_app_rate=0.01,记录稀疏或出场率较低
corin|seed|zhao,"corin, seed, zhao",可琳·威克斯 / 「席德」 / 照,B-,1,1,1,1,1,1,1,0.01,0.01,166,20389,1,0,da,da:2.6.2,1-2_combined.json,hf_comps,record_count=1；phase_count=1；mode_count=1；boss_count=1；max_app_rate=0.01；median_app_rate=0.01,记录稀疏或出场率较低
dialyn|ellen|orphie-and-magus,"dialyn, ellen, orphie-and-magus",琉音 / 艾莲·乔 / 奥菲丝·马格努森 & 「鬼火」,B-,1,1,1,1,1,1,1,0.01,0.01,148,20305,1,0,da,da:2.7.2,1-3_combined.json,hf_comps,record_count=1；phase_count=1；mode_count=1；boss_count=1；max_app_rate=0.01；median_app_rate=0.01,记录稀疏或出场率较低
dialyn|evelyn|lucia,"dialyn, evelyn, lucia",琉音 / 伊芙琳·舒瓦利耶 / 卢西娅,B-,1,1,1,1,1,1,1,0.01,0.01,216,28551,1,0,sd,sd:2.6.1,5-3_combined.json,hf_comps,record_count=1；phase_count=1；mode_count=1；boss_count=1；max_app_rate=0.01；median_app_rate=0.01,记录稀疏或出场率较低
dialyn|evelyn|ukinami-yuzuha,"dialyn, evelyn, ukinami-yuzuha",琉音 / 伊芙琳·舒瓦利耶 / 浮波柚叶,B-,1,1,1,1,1,1,1,0.01,0.01,216,29988,1,0,sd,sd:2.6.1,5-3_combined.json,hf_comps,record_count=1；phase_count=1；mode_count=1；boss_count=1；max_app_rate=0.01；median_app_rate=0.01,记录稀疏或出场率较低
dialyn|harumasa|ju-fufu,"dialyn, harumasa, ju-fufu",琉音 / 浅羽 悠真 / 橘福福,B-,1,1,1,1,1,1,1,0.01,0.01,222,32714,1,0,sd,sd:2.6.1,5-2_combined.json,hf_comps,record_count=1；phase_count=1；mode_count=1；boss_count=1；max_app_rate=0.01；median_app_rate=0.01,记录稀疏或出场率较低
dialyn|harumasa|rina,"dialyn, harumasa, rina",琉音 / 浅羽 悠真 / 亚历山德丽娜·莎芭丝缇安,B-,1,1,1,1,1,1,1,0.01,0.01,222,25485,1,0,sd,sd:2.6.1,5-2_combined.json,hf_comps,record_count=1；phase_count=1；mode_count=1；boss_count=1；max_app_rate=0.01；median_app_rate=0.01,记录稀疏或出场率较低
dialyn|hugo|trigger,"dialyn, hugo, trigger",琉音 / 雨果·维拉德 / 「扳机」,B-,1,1,1,1,1,1,1,0.01,0.01,114,25152,1,0,sd,sd:2.6.4,5-1_combined.json,hf_comps,record_count=1；phase_count=1；mode_count=1；boss_count=1；max_app_rate=0.01；median_app_rate=0.01,记录稀疏或出场率较低
dialyn|hugo|zhao,"dialyn, hugo, zhao",琉音 / 雨果·维拉德 / 照,B-,1,1,1,1,1,1,1,0.01,0.01,148,21165,1,0,da,da:2.7.2,1-3_combined.json,hf_comps,record_count=1；phase_count=1；mode_count=1；boss_count=1；max_app_rate=0.01；median_app_rate=0.01,记录稀疏或出场率较低
dialyn|ju-fufu|manato,"dialyn, ju-fufu, manato",琉音 / 橘福福 / 狛野真斗,B-,1,1,1,1,1,1,1,0.01,0.01,200,20632,1,0,da,da:2.6.2,1-3_combined.json,hf_comps,record_count=1；phase_count=1；mode_count=1；boss_count=1；max_app_rate=0.01；median_app_rate=0.01,记录稀疏或出场率较低
dialyn|lucy|yixuan,"dialyn, lucy, yixuan",琉音 / 露西亚娜·德·蒙特夫 / 仪玄,B-,1,1,1,1,1,1,1,0.01,0.01,184,26096,1,0,sd,sd:2.6.3,5-3_combined.json,hf_comps,record_count=1；phase_count=1；mode_count=1；boss_count=1；max_app_rate=0.01；median_app_rate=0.01,记录稀疏或出场率较低
dialyn|lycaon|yixuan,"dialyn, lycaon, yixuan",琉音 / 冯·莱卡恩 / 仪玄,B-,1,1,1,1,1,1,1,0.01,0.01,160,29010,1,0,sd,sd:2.7.2,5-3_combined.json,hf_comps,record_count=1；phase_count=1；mode_count=1；boss_count=1；max_app_rate=0.01；median_app_rate=0.01,记录稀疏或出场率较低
dialyn|miyabi|yanagi,"dialyn, miyabi, yanagi",琉音 / 星见 雅 / 月城 柳,B-,1,1,1,1,1,1,1,0.01,0.01,222,27386,1,0,sd,sd:2.6.1,5-2_combined.json,hf_comps,record_count=1；phase_count=1；mode_count=1；boss_count=1；max_app_rate=0.01；median_app_rate=0.01,记录稀疏或出场率较低
dialyn|nangong-yu|yixuan,"dialyn, nangong-yu, yixuan",琉音 / 南宫羽 / 仪玄,B-,1,1,1,1,1,1,1,0.01,0.01,143,26382,1,0,sd,sd:2.7.3,5-3_combined.json,hf_comps,record_count=1；phase_count=1；mode_count=1；boss_count=1；max_app_rate=0.01；median_app_rate=0.01,记录稀疏或出场率较低
dialyn|seed|soldier-11,"dialyn, seed, soldier-11",琉音 / 「席德」 / 「11号」,B-,1,1,1,1,1,1,1,0.01,0.01,201,27014,1,0,sd,sd:2.7.3,5-2_combined.json,hf_comps,record_count=1；phase_count=1；mode_count=1；boss_count=1；max_app_rate=0.01；median_app_rate=0.01,记录稀疏或出场率较低
dialyn|ukinami-yuzuha|yidhari,"dialyn, ukinami-yuzuha, yidhari",琉音 / 浮波柚叶 / 伊德海莉·墨菲,B-,1,1,1,1,1,1,1,0.01,0.01,157,15472,1,0,da,da:2.8.2,1-2_combined.json,hf_comps,record_count=1；phase_count=1；mode_count=1；boss_count=1；max_app_rate=0.01；median_app_rate=0.01,记录稀疏或出场率较低
ellen|lighter|ukinami-yuzuha,"ellen, lighter, ukinami-yuzuha",艾莲·乔 / 莱特 / 浮波柚叶,B-,1,1,1,1,1,1,1,0.01,0.01,133,26458,1,0,sd,sd:2.8.2,5-2_combined.json,hf_comps,record_count=1；phase_count=1；mode_count=1；boss_count=1；max_app_rate=0.01；median_app_rate=0.01,记录稀疏或出场率较低
ellen|lycaon|ukinami-yuzuha,"ellen, lycaon, ukinami-yuzuha",艾莲·乔 / 冯·莱卡恩 / 浮波柚叶,B-,1,1,1,1,1,1,1,0.01,0.01,96,20201,1,0,da,da:2.8.1,1-1_combined.json,hf_comps,record_count=1；phase_count=1；mode_count=1；boss_count=1；max_app_rate=0.01；median_app_rate=0.01,记录稀疏或出场率较低
ellen|miyabi|soukaku,"ellen, miyabi, soukaku",艾莲·乔 / 星见 雅 / 苍角,B-,1,1,1,1,1,1,1,0.01,0.01,133,18212,1,0,sd,sd:2.8.2,5-2_combined.json,hf_comps,record_count=1；phase_count=1；mode_count=1；boss_count=1；max_app_rate=0.01；median_app_rate=0.01,记录稀疏或出场率较低
ellen|ukinami-yuzuha|zhao,"ellen, ukinami-yuzuha, zhao",艾莲·乔 / 浮波柚叶 / 照,B-,1,1,1,1,1,1,1,0.01,0.01,156,22749,1,0,da,da:2.7.1,1-3_combined.json,hf_comps,record_count=1；phase_count=1；mode_count=1；boss_count=1；max_app_rate=0.01；median_app_rate=0.01,记录稀疏或出场率较低
evelyn|ju-fufu|koleda,"evelyn, ju-fufu, koleda",伊芙琳·舒瓦利耶 / 橘福福 / 珂蕾妲·贝洛伯格,B-,1,1,1,1,1,1,1,0.01,0.01,216,28665,1,0,sd,sd:2.6.1,5-3_combined.json,hf_comps,record_count=1；phase_count=1；mode_count=1；boss_count=1；max_app_rate=0.01；median_app_rate=0.01,记录稀疏或出场率较低
evelyn|ju-fufu|lucia,"evelyn, ju-fufu, lucia",伊芙琳·舒瓦利耶 / 橘福福 / 卢西娅,B-,1,1,1,1,1,1,1,0.01,0.01,216,27221,1,0,sd,sd:2.6.1,5-3_combined.json,hf_comps,record_count=1；phase_count=1；mode_count=1；boss_count=1；max_app_rate=0.01；median_app_rate=0.01,记录稀疏或出场率较低
evelyn|ju-fufu|trigger,"evelyn, ju-fufu, trigger",伊芙琳·舒瓦利耶 / 橘福福 / 「扳机」,B-,1,1,1,1,1,1,1,0.01,0.01,216,26813,1,0,sd,sd:2.6.1,5-3_combined.json,hf_comps,record_count=1；phase_count=1；mode_count=1；boss_count=1；max_app_rate=0.01；median_app_rate=0.01,记录稀疏或出场率较低
evelyn|ju-fufu|yixuan,"evelyn, ju-fufu, yixuan",伊芙琳·舒瓦利耶 / 橘福福 / 仪玄,B-,1,1,1,1,1,1,1,0.01,0.01,216,27306,1,0,sd,sd:2.6.1,5-3_combined.json,hf_comps,record_count=1；phase_count=1；mode_count=1；boss_count=1；max_app_rate=0.01；median_app_rate=0.01,记录稀疏或出场率较低
evelyn|koleda|orphie-and-magus,"evelyn, koleda, orphie-and-magus",伊芙琳·舒瓦利耶 / 珂蕾妲·贝洛伯格 / 奥菲丝·马格努森 & 「鬼火」,B-,1,1,1,1,1,1,1,0.01,0.01,216,29094,1,0,sd,sd:2.6.1,5-3_combined.json,hf_comps,record_count=1；phase_count=1；mode_count=1；boss_count=1；max_app_rate=0.01；median_app_rate=0.01,记录稀疏或出场率较低
grace-howard|harumasa|ukinami-yuzuha,"grace-howard, harumasa, ukinami-yuzuha",格莉丝·霍华德 / 浅羽 悠真 / 浮波柚叶,B-,1,1,1,1,1,1,1,0.01,0.01,222,26376,1,0,sd,sd:2.6.1,5-2_combined.json,hf_comps,record_count=1；phase_count=1；mode_count=1；boss_count=1；max_app_rate=0.01；median_app_rate=0.01,记录稀疏或出场率较低
grace-howard|miyabi|soukaku,"grace-howard, miyabi, soukaku",格莉丝·霍华德 / 星见 雅 / 苍角,B-,1,1,1,1,1,1,1,0.01,0.01,133,16393,1,0,sd,sd:2.8.2,5-2_combined.json,hf_comps,record_count=1；phase_count=1；mode_count=1；boss_count=1；max_app_rate=0.01；median_app_rate=0.01,记录稀疏或出场率较低
grace-howard|miyabi|sunna,"grace-howard, miyabi, sunna",格莉丝·霍华德 / 星见 雅 / 千夏,B-,1,1,1,1,1,1,1,0.01,0.01,222,34605,1,0,sd,sd:2.6.1,5-2_combined.json,hf_comps,record_count=1；phase_count=1；mode_count=1；boss_count=1；max_app_rate=0.01；median_app_rate=0.01,记录稀疏或出场率较低
grace-howard|nangong-yu|velina,"grace-howard, nangong-yu, velina",格莉丝·霍华德 / 南宫羽 / 维琳娜·艾嘉德,B-,1,1,1,1,1,1,1,0.01,0.01,126,22073,1,0,da,da:3.0.1,1-1_combined.json,hf_comps,record_count=1；phase_count=1；mode_count=1；boss_count=1；max_app_rate=0.01；median_app_rate=0.01,记录稀疏或出场率较低
grace-howard|rina|trigger,"grace-howard, rina, trigger",格莉丝·霍华德 / 亚历山德丽娜·莎芭丝缇安 / 「扳机」,B-,1,1,1,1,1,1,1,0.01,0.01,222,37043,1,0,sd,sd:2.6.1,5-2_combined.json,hf_comps,record_count=1；phase_count=1；mode_count=1；boss_count=1；max_app_rate=0.01；median_app_rate=0.01,记录稀疏或出场率较低
grace-howard|rina|yanagi,"grace-howard, rina, yanagi",格莉丝·霍华德 / 亚历山德丽娜·莎芭丝缇安 / 月城 柳,B-,1,1,1,1,1,1,1,0.01,0.01,222,28223,1,0,sd,sd:2.6.1,5-2_combined.json,hf_comps,record_count=1；phase_count=1；mode_count=1；boss_count=1；max_app_rate=0.01；median_app_rate=0.01,记录稀疏或出场率较低
harumasa|ju-fufu|ukinami-yuzuha,"harumasa, ju-fufu, ukinami-yuzuha",浅羽 悠真 / 橘福福 / 浮波柚叶,B-,1,1,1,1,1,1,1,0.01,0.01,200,23918,1,0,da,da:2.7.2,1-2_combined.json,hf_comps,record_count=1；phase_count=1；mode_count=1；boss_count=1；max_app_rate=0.01；median_app_rate=0.01,记录稀疏或出场率较低
harumasa|lycaon|zhao,"harumasa, lycaon, zhao",浅羽 悠真 / 冯·莱卡恩 / 照,B-,1,1,1,1,1,1,1,0.01,0.01,166,20702,1,0,da,da:2.6.2,1-2_combined.json,hf_comps,record_count=1；phase_count=1；mode_count=1；boss_count=1；max_app_rate=0.01；median_app_rate=0.01,记录稀疏或出场率较低
harumasa|miyabi|ukinami-yuzuha,"harumasa, miyabi, ukinami-yuzuha",浅羽 悠真 / 星见 雅 / 浮波柚叶,B-,1,1,1,1,1,1,1,0.01,0.01,222,30296,1,0,sd,sd:2.6.1,5-2_combined.json,hf_comps,record_count=1；phase_count=1；mode_count=1；boss_count=1；max_app_rate=0.01；median_app_rate=0.01,记录稀疏或出场率较低
harumasa|ukinami-yuzuha|yanagi,"harumasa, ukinami-yuzuha, yanagi",浅羽 悠真 / 浮波柚叶 / 月城 柳,B-,1,1,1,1,1,1,1,0.01,0.01,222,28377,1,0,sd,sd:2.6.1,5-2_combined.json,hf_comps,record_count=1；phase_count=1；mode_count=1；boss_count=1；max_app_rate=0.01；median_app_rate=0.01,记录稀疏或出场率较低
hugo|lighter|zhao,"hugo, lighter, zhao",雨果·维拉德 / 莱特 / 照,B-,1,1,1,1,1,1,1,0.01,0.01,200,22747,1,0,da,da:2.6.2,1-3_combined.json,hf_comps,record_count=1；phase_count=1；mode_count=1；boss_count=1；max_app_rate=0.01；median_app_rate=0.01,记录稀疏或出场率较低
hugo|lycaon|sunna,"hugo, lycaon, sunna",雨果·维拉德 / 冯·莱卡恩 / 千夏,B-,1,1,1,1,1,1,1,0.01,0.01,174,23096,1,0,da,da:3.0.1,1-2_combined.json,hf_comps,record_count=1；phase_count=1；mode_count=1；boss_count=1；max_app_rate=0.01；median_app_rate=0.01,记录稀疏或出场率较低
hugo|nangong-yu|sunna,"hugo, nangong-yu, sunna",雨果·维拉德 / 南宫羽 / 千夏,B-,1,1,1,1,1,1,1,0.01,0.01,174,29280,1,0,da,da:3.0.1,1-2_combined.json,hf_comps,record_count=1；phase_count=1；mode_count=1；boss_count=1；max_app_rate=0.01；median_app_rate=0.01,记录稀疏或出场率较低
jane-doe|nangong-yu|seth,"jane-doe, nangong-yu, seth",简·杜 / 南宫羽 / 赛斯·洛威尔,B-,1,1,1,1,1,1,1,0.01,0.01,197,6073,1,0,da,da:2.8.2,1-3_combined.json,hf_comps,record_count=1；phase_count=1；mode_count=1；boss_count=1；max_app_rate=0.01；median_app_rate=0.01,记录稀疏或出场率较低
jane-doe|nangong-yu|yanagi,"jane-doe, nangong-yu, yanagi",简·杜 / 南宫羽 / 月城 柳,B-,1,1,1,1,1,1,1,0.01,0.01,155,11207,1,0,da,da:2.8.2,1-1_combined.json,hf_comps,record_count=1；phase_count=1；mode_count=1；boss_count=1；max_app_rate=0.01；median_app_rate=0.01,记录稀疏或出场率较低
jane-doe|seth|zhao,"jane-doe, seth, zhao",简·杜 / 赛斯·洛威尔 / 照,B-,1,1,1,1,1,1,1,0.01,0.01,197,12394,1,0,da,da:2.8.2,1-3_combined.json,hf_comps,record_count=1；phase_count=1；mode_count=1；boss_count=1；max_app_rate=0.01；median_app_rate=0.01,记录稀疏或出场率较低
jane-doe|sunna|velina,"jane-doe, sunna, velina",简·杜 / 千夏 / 维琳娜·艾嘉德,B-,1,1,1,1,1,1,1,0.01,0.01,126,27200,1,0,da,da:3.0.1,1-1_combined.json,hf_comps,record_count=1；phase_count=1；mode_count=1；boss_count=1；max_app_rate=0.01；median_app_rate=0.01,记录稀疏或出场率较低
ju-fufu|lucy|ye-shunguang,"ju-fufu, lucy, ye-shunguang",橘福福 / 露西亚娜·德·蒙特夫 / 叶瞬光,B-,1,1,1,1,1,1,1,0.01,0.01,114,26140,1,0,sd,sd:2.6.4,5-1_combined.json,hf_comps,record_count=1；phase_count=1；mode_count=1；boss_count=1；max_app_rate=0.01；median_app_rate=0.01,记录稀疏或出场率较低
ju-fufu|lucy|yidhari,"ju-fufu, lucy, yidhari",橘福福 / 露西亚娜·德·蒙特夫 / 伊德海莉·墨菲,B-,1,1,1,1,1,1,1,0.01,0.01,200,23682,1,0,da,da:2.6.2,1-3_combined.json,hf_comps,record_count=1；phase_count=1；mode_count=1；boss_count=1；max_app_rate=0.01；median_app_rate=0.01,记录稀疏或出场率较低
ju-fufu|orphie-and-magus|sunna,"ju-fufu, orphie-and-magus, sunna",橘福福 / 奥菲丝·马格努森 & 「鬼火」 / 千夏,B-,1,1,1,1,1,1,1,0.01,0.01,216,34372,1,0,sd,sd:2.6.1,5-3_combined.json,hf_comps,record_count=1；phase_count=1；mode_count=1；boss_count=1；max_app_rate=0.01；median_app_rate=0.01,记录稀疏或出场率较低
ju-fufu|orphie-and-magus|yidhari,"ju-fufu, orphie-and-magus, yidhari",橘福福 / 奥菲丝·马格努森 & 「鬼火」 / 伊德海莉·墨菲,B-,1,1,1,1,1,1,1,0.01,0.01,188,27520,1,0,sd,sd:2.6.4,5-3_combined.json,hf_comps,record_count=1；phase_count=1；mode_count=1；boss_count=1；max_app_rate=0.01；median_app_rate=0.01,记录稀疏或出场率较低
ju-fufu|soldier-11|trigger,"ju-fufu, soldier-11, trigger",橘福福 / 「11号」 / 「扳机」,B-,1,1,1,1,1,1,1,0.01,0.01,216,27097,1,0,sd,sd:2.6.1,5-3_combined.json,hf_comps,record_count=1；phase_count=1；mode_count=1；boss_count=1；max_app_rate=0.01；median_app_rate=0.01,记录稀疏或出场率较低
koleda|lucy|ye-shunguang,"koleda, lucy, ye-shunguang",珂蕾妲·贝洛伯格 / 露西亚娜·德·蒙特夫 / 叶瞬光,B-,1,1,1,1,1,1,1,0.01,0.01,114,25032,1,0,sd,sd:2.6.4,5-1_combined.json,hf_comps,record_count=1；phase_count=1；mode_count=1；boss_count=1；max_app_rate=0.01；median_app_rate=0.01,记录稀疏或出场率较低
koleda|nicole-demara|yixuan,"koleda, nicole-demara, yixuan",珂蕾妲·贝洛伯格 / 妮可·德玛拉 / 仪玄,B-,1,1,1,1,1,1,1,0.01,0.01,160,26051,1,0,sd,sd:2.6.4,5-2_combined.json,hf_comps,record_count=1；phase_count=1；mode_count=1；boss_count=1；max_app_rate=0.01；median_app_rate=0.01,记录稀疏或出场率较低
koleda|soldier-11|sunna,"koleda, soldier-11, sunna",珂蕾妲·贝洛伯格 / 「11号」 / 千夏,B-,1,1,1,1,1,1,1,0.01,0.01,216,32068,1,0,sd,sd:2.6.1,5-3_combined.json,hf_comps,record_count=1；phase_count=1；mode_count=1；boss_count=1；max_app_rate=0.01；median_app_rate=0.01,记录稀疏或出场率较低
lighter|lucy|orphie-and-magus,"lighter, lucy, orphie-and-magus",莱特 / 露西亚娜·德·蒙特夫 / 奥菲丝·马格努森 & 「鬼火」,B-,1,1,1,1,1,1,1,0.01,0.01,216,29087,1,0,sd,sd:2.6.1,5-3_combined.json,hf_comps,record_count=1；phase_count=1；mode_count=1；boss_count=1；max_app_rate=0.01；median_app_rate=0.01,记录稀疏或出场率较低
lucia|lucy|yidhari,"lucia, lucy, yidhari",卢西娅 / 露西亚娜·德·蒙特夫 / 伊德海莉·墨菲,B-,1,1,1,1,1,1,1,0.01,0.01,188,25525,1,0,sd,sd:2.6.4,5-3_combined.json,hf_comps,record_count=1；phase_count=1；mode_count=1；boss_count=1；max_app_rate=0.01；median_app_rate=0.01,记录稀疏或出场率较低
lucia|nangong-yu|yidhari,"lucia, nangong-yu, yidhari",卢西娅 / 南宫羽 / 伊德海莉·墨菲,B-,1,1,1,1,1,1,1,0.01,0.01,157,17650,1,0,da,da:2.8.2,1-2_combined.json,hf_comps,record_count=1；phase_count=1；mode_count=1；boss_count=1；max_app_rate=0.01；median_app_rate=0.01,记录稀疏或出场率较低
lucia|soukaku|yidhari,"lucia, soukaku, yidhari",卢西娅 / 苍角 / 伊德海莉·墨菲,B-,1,1,1,1,1,1,1,0.01,0.01,188,30331,1,0,sd,sd:2.6.4,5-3_combined.json,hf_comps,record_count=1；phase_count=1；mode_count=1；boss_count=1；max_app_rate=0.01；median_app_rate=0.01,记录稀疏或出场率较低
lucia|trigger|ye-shunguang,"lucia, trigger, ye-shunguang",卢西娅 / 「扳机」 / 叶瞬光,B-,1,1,1,1,1,1,1,0.01,0.01,166,24598,1,0,da,da:2.6.2,1-2_combined.json,hf_comps,record_count=1；phase_count=1；mode_count=1；boss_count=1；max_app_rate=0.01；median_app_rate=0.01,记录稀疏或出场率较低
lucy|miyabi|trigger,"lucy, miyabi, trigger",露西亚娜·德·蒙特夫 / 星见 雅 / 「扳机」,B-,1,1,1,1,1,1,1,0.01,0.01,222,26300,1,0,sd,sd:2.6.1,5-2_combined.json,hf_comps,record_count=1；phase_count=1；mode_count=1；boss_count=1；max_app_rate=0.01；median_app_rate=0.01,记录稀疏或出场率较低
lucy|nangong-yu|promeia,"lucy, nangong-yu, promeia",露西亚娜·德·蒙特夫 / 南宫羽 / 普罗米娅,B-,1,1,1,1,1,1,1,0.01,0.01,116,31925,1,0,sd,sd:2.8.3,5-1_combined.json,hf_comps,record_count=1；phase_count=1；mode_count=1；boss_count=1；max_app_rate=0.01；median_app_rate=0.01,记录稀疏或出场率较低
lucy|nicole-demara|yixuan,"lucy, nicole-demara, yixuan",露西亚娜·德·蒙特夫 / 妮可·德玛拉 / 仪玄,B-,1,1,1,1,1,1,1,0.01,0.01,216,25912,1,0,sd,sd:2.6.1,5-3_combined.json,hf_comps,record_count=1；phase_count=1；mode_count=1；boss_count=1；max_app_rate=0.01；median_app_rate=0.01,记录稀疏或出场率较低
lucy|orphie-and-magus|soldier-11,"lucy, orphie-and-magus, soldier-11",露西亚娜·德·蒙特夫 / 奥菲丝·马格努森 & 「鬼火」 / 「11号」,B-,1,1,1,1,1,1,1,0.01,0.01,216,28008,1,0,sd,sd:2.6.1,5-3_combined.json,hf_comps,record_count=1；phase_count=1；mode_count=1；boss_count=1；max_app_rate=0.01；median_app_rate=0.01,记录稀疏或出场率较低
lucy|pulchra|yixuan,"lucy, pulchra, yixuan",露西亚娜·德·蒙特夫 / 波可娜·费雷尼 / 仪玄,B-,1,1,1,1,1,1,1,0.01,0.01,157,9862,1,0,da,da:2.8.2,1-2_combined.json,hf_comps,record_count=1；phase_count=1；mode_count=1；boss_count=1；max_app_rate=0.01；median_app_rate=0.01,记录稀疏或出场率较低
lucy|vivian|yanagi,"lucy, vivian, yanagi",露西亚娜·德·蒙特夫 / 薇薇安·班希 / 月城 柳,B-,1,1,1,1,1,1,1,0.01,0.01,222,28584,1,0,sd,sd:2.6.1,5-2_combined.json,hf_comps,record_count=1；phase_count=1；mode_count=1；boss_count=1；max_app_rate=0.01；median_app_rate=0.01,记录稀疏或出场率较低
lycaon|nicole-demara|promeia,"lycaon, nicole-demara, promeia",冯·莱卡恩 / 妮可·德玛拉 / 普罗米娅,B-,1,1,1,1,1,1,1,0.01,0.01,155,8728,1,0,da,da:2.8.2,1-1_combined.json,hf_comps,record_count=1；phase_count=1；mode_count=1；boss_count=1；max_app_rate=0.01；median_app_rate=0.01,记录稀疏或出场率较低
lycaon|nicole-demara|soukaku,"lycaon, nicole-demara, soukaku",冯·莱卡恩 / 妮可·德玛拉 / 苍角,B-,1,1,1,1,1,1,1,0.01,0.01,148,20714,1,0,da,da:2.7.2,1-3_combined.json,hf_comps,record_count=1；phase_count=1；mode_count=1；boss_count=1；max_app_rate=0.01；median_app_rate=0.01,记录稀疏或出场率较低
lycaon|promeia|velina,"lycaon, promeia, velina",冯·莱卡恩 / 普罗米娅 / 维琳娜·艾嘉德,B-,1,1,1,1,1,1,1,0.01,0.01,126,21560,1,0,da,da:3.0.1,1-1_combined.json,hf_comps,record_count=1；phase_count=1；mode_count=1；boss_count=1；max_app_rate=0.01；median_app_rate=0.01,记录稀疏或出场率较低
lycaon|soukaku|yidhari,"lycaon, soukaku, yidhari",冯·莱卡恩 / 苍角 / 伊德海莉·墨菲,B-,1,1,1,1,1,1,1,0.01,0.01,200,22896,1,0,da,da:2.6.2,1-3_combined.json,hf_comps,record_count=1；phase_count=1；mode_count=1；boss_count=1；max_app_rate=0.01；median_app_rate=0.01,记录稀疏或出场率较低
miyabi|nangong-yu|trigger,"miyabi, nangong-yu, trigger",星见 雅 / 南宫羽 / 「扳机」,B-,1,1,1,1,1,1,1,0.01,0.01,133,24464,1,0,sd,sd:2.8.2,5-2_combined.json,hf_comps,record_count=1；phase_count=1；mode_count=1；boss_count=1；max_app_rate=0.01；median_app_rate=0.01,记录稀疏或出场率较低
miyabi|nicole-demara|velina,"miyabi, nicole-demara, velina",星见 雅 / 妮可·德玛拉 / 维琳娜·艾嘉德,B-,1,1,1,1,1,1,1,0.01,0.01,154,27316,1,0,sd,sd:2.8.3,5-1_combined.json,hf_comps,record_count=1；phase_count=1；mode_count=1；boss_count=1；max_app_rate=0.01；median_app_rate=0.01,记录稀疏或出场率较低
miyabi|orphie-and-magus|ukinami-yuzuha,"miyabi, orphie-and-magus, ukinami-yuzuha",星见 雅 / 奥菲丝·马格努森 & 「鬼火」 / 浮波柚叶,B-,1,1,1,1,1,1,1,0.01,0.01,155,10294,1,0,da,da:2.8.2,1-1_combined.json,hf_comps,record_count=1；phase_count=1；mode_count=1；boss_count=1；max_app_rate=0.01；median_app_rate=0.01,记录稀疏或出场率较低
miyabi|promeia|yanagi,"miyabi, promeia, yanagi",星见 雅 / 普罗米娅 / 月城 柳,B-,1,1,1,1,1,1,1,0.01,0.01,155,12936,1,0,da,da:2.8.2,1-1_combined.json,hf_comps,record_count=1；phase_count=1；mode_count=1；boss_count=1；max_app_rate=0.01；median_app_rate=0.01,记录稀疏或出场率较低
nangong-yu|nekomata|sunna,"nangong-yu, nekomata, sunna",南宫羽 / 猫宫 又奈 / 千夏,B-,1,1,1,1,1,1,1,0.01,0.01,161,21894,1,0,sd,sd:2.8.2,5-1_combined.json,hf_comps,record_count=1；phase_count=1；mode_count=1；boss_count=1；max_app_rate=0.01；median_app_rate=0.01,记录稀疏或出场率较低
nangong-yu|sunna|ukinami-yuzuha,"nangong-yu, sunna, ukinami-yuzuha",南宫羽 / 千夏 / 浮波柚叶,B-,1,1,1,1,1,1,1,0.01,0.01,114,28348,1,0,da,da:2.7.2,1-1_combined.json,hf_comps,record_count=1；phase_count=1；mode_count=1；boss_count=1；max_app_rate=0.01；median_app_rate=0.01,记录稀疏或出场率较低
nangong-yu|vivian|zhao,"nangong-yu, vivian, zhao",南宫羽 / 薇薇安·班希 / 照,B-,1,1,1,1,1,1,1,0.01,0.01,137,27125,1,0,sd,sd:2.7.2,5-1_combined.json,hf_comps,record_count=1；phase_count=1；mode_count=1；boss_count=1；max_app_rate=0.01；median_app_rate=0.01,记录稀疏或出场率较低
nekomata|nicole-demara|seed,"nekomata, nicole-demara, seed",猫宫 又奈 / 妮可·德玛拉 / 「席德」,B-,1,1,1,1,1,1,1,0.01,0.01,222,27741,1,0,sd,sd:2.6.1,5-2_combined.json,hf_comps,record_count=1；phase_count=1；mode_count=1；boss_count=1；max_app_rate=0.01；median_app_rate=0.01,记录稀疏或出场率较低
nekomata|pulchra|zhao,"nekomata, pulchra, zhao",猫宫 又奈 / 波可娜·费雷尼 / 照,B-,1,1,1,1,1,1,1,0.01,0.01,124,25746,1,0,sd,sd:2.6.1,5-1_combined.json,hf_comps,record_count=1；phase_count=1；mode_count=1；boss_count=1；max_app_rate=0.01；median_app_rate=0.01,记录稀疏或出场率较低
nekomata|seed|zhao,"nekomata, seed, zhao",猫宫 又奈 / 「席德」 / 照,B-,1,1,1,1,1,1,1,0.01,0.01,166,21042,1,0,da,da:2.6.2,1-2_combined.json,hf_comps,record_count=1；phase_count=1；mode_count=1；boss_count=1；max_app_rate=0.01；median_app_rate=0.01,记录稀疏或出场率较低
nicole-demara|orphie-and-magus|soldier-11,"nicole-demara, orphie-and-magus, soldier-11",妮可·德玛拉 / 奥菲丝·马格努森 & 「鬼火」 / 「11号」,B-,1,1,1,1,1,1,1,0.01,0.01,216,28570,1,0,sd,sd:2.6.1,5-3_combined.json,hf_comps,record_count=1；phase_count=1；mode_count=1；boss_count=1；max_app_rate=0.01；median_app_rate=0.01,记录稀疏或出场率较低
nicole-demara|piper|vivian,"nicole-demara, piper, vivian",妮可·德玛拉 / 派派·韦尔 / 薇薇安·班希,B-,1,1,1,1,1,1,1,0.01,0.01,197,9978,1,0,da,da:2.8.2,1-3_combined.json,hf_comps,record_count=1；phase_count=1；mode_count=1；boss_count=1；max_app_rate=0.01；median_app_rate=0.01,记录稀疏或出场率较低
nicole-demara|pyrois|seed,"nicole-demara, pyrois, seed",妮可·德玛拉 / Pyrois / 「席德」,B-,1,1,1,1,1,1,1,0.01,0.01,174,21970,1,0,da,da:3.0.1,1-2_combined.json,hf_comps,record_count=1；phase_count=1；mode_count=1；boss_count=1；max_app_rate=0.01；median_app_rate=0.01,记录稀疏或出场率较低
nicole-demara|seed|ye-shunguang,"nicole-demara, seed, ye-shunguang",妮可·德玛拉 / 「席德」 / 叶瞬光,B-,1,1,1,1,1,1,1,0.01,0.01,166,23455,1,0,da,da:2.6.2,1-2_combined.json,hf_comps,record_count=1；phase_count=1；mode_count=1；boss_count=1；max_app_rate=0.01；median_app_rate=0.01,记录稀疏或出场率较低
nicole-demara|soldier-11|trigger,"nicole-demara, soldier-11, trigger",妮可·德玛拉 / 「11号」 / 「扳机」,B-,1,1,1,1,1,1,1,0.01,0.01,216,28084,1,0,sd,sd:2.6.1,5-3_combined.json,hf_comps,record_count=1；phase_count=1；mode_count=1；boss_count=1；max_app_rate=0.01；median_app_rate=0.01,记录稀疏或出场率较低
orphie-and-magus|soldier-11|sunna,"orphie-and-magus, soldier-11, sunna",奥菲丝·马格努森 & 「鬼火」 / 「11号」 / 千夏,B-,1,1,1,1,1,1,1,0.01,0.01,216,26736,1,0,sd,sd:2.6.1,5-3_combined.json,hf_comps,record_count=1；phase_count=1；mode_count=1；boss_count=1；max_app_rate=0.01；median_app_rate=0.01,记录稀疏或出场率较低
orphie-and-magus|trigger|yidhari,"orphie-and-magus, trigger, yidhari",奥菲丝·马格努森 & 「鬼火」 / 「扳机」 / 伊德海莉·墨菲,B-,1,1,1,1,1,1,1,0.01,0.01,200,23533,1,0,da,da:2.6.2,1-3_combined.json,hf_comps,record_count=1；phase_count=1；mode_count=1；boss_count=1；max_app_rate=0.01；median_app_rate=0.01,记录稀疏或出场率较低
piper|promeia|ukinami-yuzuha,"piper, promeia, ukinami-yuzuha",派派·韦尔 / 普罗米娅 / 浮波柚叶,B-,1,1,1,1,1,1,1,0.01,0.01,137,20806,1,0,da,da:2.8.3,1-1_combined.json,hf_comps,record_count=1；phase_count=1；mode_count=1；boss_count=1；max_app_rate=0.01；median_app_rate=0.01,记录稀疏或出场率较低
piper|ukinami-yuzuha|zhao,"piper, ukinami-yuzuha, zhao",派派·韦尔 / 浮波柚叶 / 照,B-,1,1,1,1,1,1,1,0.01,0.01,124,25784,1,0,sd,sd:2.6.1,5-1_combined.json,hf_comps,record_count=1；phase_count=1；mode_count=1；boss_count=1；max_app_rate=0.01；median_app_rate=0.01,记录稀疏或出场率较低
promeia|rina|vivian,"promeia, rina, vivian",普罗米娅 / 亚历山德丽娜·莎芭丝缇安 / 薇薇安·班希,B-,1,1,1,1,1,1,1,0.01,0.01,133,22859,1,0,sd,sd:2.8.2,5-2_combined.json,hf_comps,record_count=1；phase_count=1；mode_count=1；boss_count=1；max_app_rate=0.01；median_app_rate=0.01,记录稀疏或出场率较低
promeia|soukaku|velina,"promeia, soukaku, velina",普罗米娅 / 苍角 / 维琳娜·艾嘉德,B-,1,1,1,1,1,1,1,0.01,0.01,154,27945,1,0,sd,sd:2.8.3,5-1_combined.json,hf_comps,record_count=1；phase_count=1；mode_count=1；boss_count=1；max_app_rate=0.01；median_app_rate=0.01,记录稀疏或出场率较低
promeia|yanagi|zhao,"promeia, yanagi, zhao",普罗米娅 / 月城 柳 / 照,B-,1,1,1,1,1,1,1,0.01,0.01,155,11364,1,0,da,da:2.8.2,1-1_combined.json,hf_comps,record_count=1；phase_count=1；mode_count=1；boss_count=1；max_app_rate=0.01；median_app_rate=0.01,记录稀疏或出场率较低
pulchra|sunna|yixuan,"pulchra, sunna, yixuan",波可娜·费雷尼 / 千夏 / 仪玄,B-,1,1,1,1,1,1,1,0.01,0.01,184,26175,1,0,sd,sd:2.6.3,5-3_combined.json,hf_comps,record_count=1；phase_count=1；mode_count=1；boss_count=1；max_app_rate=0.01；median_app_rate=0.01,记录稀疏或出场率较低
qingyi|seed|ye-shunguang,"qingyi, seed, ye-shunguang",青衣 / 「席德」 / 叶瞬光,B-,1,1,1,1,1,1,1,0.01,0.01,153,21661,1,0,da,da:2.8.1,1-3_combined.json,hf_comps,record_count=1；phase_count=1；mode_count=1；boss_count=1；max_app_rate=0.01；median_app_rate=0.01,记录稀疏或出场率较低
rina|sunna|yanagi,"rina, sunna, yanagi",亚历山德丽娜·莎芭丝缇安 / 千夏 / 月城 柳,B-,1,1,1,1,1,1,1,0.01,0.01,222,28410,1,0,sd,sd:2.6.1,5-2_combined.json,hf_comps,record_count=1；phase_count=1；mode_count=1；boss_count=1；max_app_rate=0.01；median_app_rate=0.01,记录稀疏或出场率较低
rina|sunna|ye-shunguang,"rina, sunna, ye-shunguang",亚历山德丽娜·莎芭丝缇安 / 千夏 / 叶瞬光,B-,1,1,1,1,1,1,1,0.01,0.01,114,33098,1,0,sd,sd:2.6.4,5-1_combined.json,hf_comps,record_count=1；phase_count=1；mode_count=1；boss_count=1；max_app_rate=0.01；median_app_rate=0.01,记录稀疏或出场率较低
rina|velina|yanagi,"rina, velina, yanagi",亚历山德丽娜·莎芭丝缇安 / 维琳娜·艾嘉德 / 月城 柳,B-,1,1,1,1,1,1,1,0.01,0.01,154,28382,1,0,sd,sd:2.8.3,5-1_combined.json,hf_comps,record_count=1；phase_count=1；mode_count=1；boss_count=1；max_app_rate=0.01；median_app_rate=0.01,记录稀疏或出场率较低
seed|soldier-11|sunna,"seed, soldier-11, sunna",「席德」 / 「11号」 / 千夏,B-,1,1,1,1,1,1,1,0.01,0.01,166,22921,1,0,da,da:2.6.2,1-2_combined.json,hf_comps,record_count=1；phase_count=1；mode_count=1；boss_count=1；max_app_rate=0.01；median_app_rate=0.01,记录稀疏或出场率较低
seed|soldier-11|zhao,"seed, soldier-11, zhao",「席德」 / 「11号」 / 照,B-,1,1,1,1,1,1,1,0.01,0.01,160,25554,1,0,da,da:2.6.1,1-2_combined.json,hf_comps,record_count=1；phase_count=1；mode_count=1；boss_count=1；max_app_rate=0.01；median_app_rate=0.01,记录稀疏或出场率较低
soldier-11|ye-shunguang|zhao,"soldier-11, ye-shunguang, zhao",「11号」 / 叶瞬光 / 照,B-,1,1,1,1,1,1,1,0.01,0.01,201,25354,1,0,sd,sd:2.7.3,5-2_combined.json,hf_comps,record_count=1；phase_count=1；mode_count=1；boss_count=1；max_app_rate=0.01；median_app_rate=0.01,记录稀疏或出场率较低
trigger|yanagi|zhao,"trigger, yanagi, zhao",「扳机」 / 月城 柳 / 照,B-,1,1,1,1,1,1,1,0.01,0.01,222,29968,1,0,sd,sd:2.6.1,5-2_combined.json,hf_comps,record_count=1；phase_count=1；mode_count=1；boss_count=1；max_app_rate=0.01；median_app_rate=0.01,记录稀疏或出场率较低
ukinami-yuzuha|yixuan|zhao,"ukinami-yuzuha, yixuan, zhao",浮波柚叶 / 仪玄 / 照,B-,1,1,1,1,1,1,1,0.01,0.01,184,32335,1,0,sd,sd:2.6.3,5-3_combined.json,hf_comps,record_count=1；phase_count=1；mode_count=1；boss_count=1；max_app_rate=0.01；median_app_rate=0.01,记录稀疏或出场率较低
alice|burnice|rina,"alice, burnice, rina",爱丽丝·泰姆菲尔德 / 柏妮思·怀特 / 亚历山德丽娜·莎芭丝缇安,C,1,1,1,1,1,0,1,0.01,0.01,314,,0,1,da,da:2.6.1,top_combined.json,hf_comps,record_count=1；phase_count=1；mode_count=1；boss_count=0；max_app_rate=0.01；median_app_rate=0.01,全部表现分数为 sentinel/missing
alice|caesar|lucy,"alice, caesar, lucy",爱丽丝·泰姆菲尔德 / 凯撒·金 / 露西亚娜·德·蒙特夫,C,1,1,1,1,1,0,1,0.01,0.01,314,,0,1,da,da:2.6.1,top_combined.json,hf_comps,record_count=1；phase_count=1；mode_count=1；boss_count=0；max_app_rate=0.01；median_app_rate=0.01,全部表现分数为 sentinel/missing
alice|caesar|vivian,"alice, caesar, vivian",爱丽丝·泰姆菲尔德 / 凯撒·金 / 薇薇安·班希,C,1,1,1,1,1,0,1,0.01,0.01,314,,0,1,da,da:2.6.1,top_combined.json,hf_comps,record_count=1；phase_count=1；mode_count=1；boss_count=0；max_app_rate=0.01；median_app_rate=0.01,全部表现分数为 sentinel/missing
alice|jane-doe|lucia,"alice, jane-doe, lucia",爱丽丝·泰姆菲尔德 / 简·杜 / 卢西娅,C,1,1,1,1,1,0,1,0.01,0.01,314,,0,1,da,da:2.6.1,top_combined.json,hf_comps,record_count=1；phase_count=1；mode_count=1；boss_count=0；max_app_rate=0.01；median_app_rate=0.01,全部表现分数为 sentinel/missing
alice|lucia|yixuan,"alice, lucia, yixuan",爱丽丝·泰姆菲尔德 / 卢西娅 / 仪玄,C,1,1,1,1,1,1,1,0.01,0.01,197,,0,1,da,da:2.8.2,1-3_combined.json,hf_comps,record_count=1；phase_count=1；mode_count=1；boss_count=1；max_app_rate=0.01；median_app_rate=0.01,全部表现分数为 sentinel/missing
alice|lycaon|nicole-demara,"alice, lycaon, nicole-demara",爱丽丝·泰姆菲尔德 / 冯·莱卡恩 / 妮可·德玛拉,C,1,1,1,1,1,0,1,0.01,0.01,314,,0,1,da,da:2.6.1,top_combined.json,hf_comps,record_count=1；phase_count=1；mode_count=1；boss_count=0；max_app_rate=0.01；median_app_rate=0.01,全部表现分数为 sentinel/missing
alice|nicole-demara|trigger,"alice, nicole-demara, trigger",爱丽丝·泰姆菲尔德 / 妮可·德玛拉 / 「扳机」,C,1,1,1,1,1,0,1,0.01,0.01,314,,0,1,da,da:2.6.1,top_combined.json,hf_comps,record_count=1；phase_count=1；mode_count=1；boss_count=0；max_app_rate=0.01；median_app_rate=0.01,全部表现分数为 sentinel/missing
alice|nicole-demara|yixuan,"alice, nicole-demara, yixuan",爱丽丝·泰姆菲尔德 / 妮可·德玛拉 / 仪玄,C,1,1,1,1,1,0,1,0.01,0.01,314,,0,1,da,da:2.6.1,top_combined.json,hf_comps,record_count=1；phase_count=1；mode_count=1；boss_count=0；max_app_rate=0.01；median_app_rate=0.01,全部表现分数为 sentinel/missing
alice|trigger|vivian,"alice, trigger, vivian",爱丽丝·泰姆菲尔德 / 「扳机」 / 薇薇安·班希,C,1,1,1,1,1,0,1,0.01,0.01,314,,0,1,da,da:2.6.1,top_combined.json,hf_comps,record_count=1；phase_count=1；mode_count=1；boss_count=0；max_app_rate=0.01；median_app_rate=0.01,全部表现分数为 sentinel/missing
alice|vivian|yanagi,"alice, vivian, yanagi",爱丽丝·泰姆菲尔德 / 薇薇安·班希 / 月城 柳,C,1,1,1,1,1,0,1,0.01,0.01,314,,0,1,da,da:2.6.1,top_combined.json,hf_comps,record_count=1；phase_count=1；mode_count=1；boss_count=0；max_app_rate=0.01；median_app_rate=0.01,全部表现分数为 sentinel/missing
anby-demara-soldier-0|lucy|zhao,"anby-demara-soldier-0, lucy, zhao",零号·安比 / 露西亚娜·德·蒙特夫 / 照,C,1,1,1,1,1,0,1,0.01,0.01,314,,0,1,da,da:2.6.1,top_combined.json,hf_comps,record_count=1；phase_count=1；mode_count=1；boss_count=0；max_app_rate=0.01；median_app_rate=0.01,全部表现分数为 sentinel/missing
anby-demara|anby-demara-soldier-0|nicole-demara,"anby-demara, anby-demara-soldier-0, nicole-demara",安比·德玛拉 / 零号·安比 / 妮可·德玛拉,C,1,1,1,1,1,0,1,0.01,0.01,314,,0,1,da,da:2.6.1,top_combined.json,hf_comps,record_count=1；phase_count=1；mode_count=1；boss_count=0；max_app_rate=0.01；median_app_rate=0.01,全部表现分数为 sentinel/missing
anby-demara|cissia|nicole-demara,"anby-demara, cissia, nicole-demara",安比·德玛拉 / 希希芙 / 妮可·德玛拉,C,1,1,1,1,1,1,1,0.01,0.01,176,,0,1,da,da:2.8.3,1-3_combined.json,hf_comps,record_count=1；phase_count=1；mode_count=1；boss_count=1；max_app_rate=0.01；median_app_rate=0.01,全部表现分数为 sentinel/missing
aria|sunna|ye-shunguang,"aria, sunna, ye-shunguang",爱芮 / 千夏 / 叶瞬光,C,1,1,1,1,1,1,1,0.01,0.01,184,,0,1,sd,sd:2.6.3,5-2_combined.json,hf_comps,record_count=1；phase_count=1；mode_count=1；boss_count=1；max_app_rate=0.01；median_app_rate=0.01,全部表现分数为 sentinel/missing
astra-yao|banyue|koleda,"astra-yao, banyue, koleda",耀嘉音 / 般岳 / 珂蕾妲·贝洛伯格,C,1,1,1,1,1,0,1,0.01,0.01,314,,0,1,da,da:2.6.1,top_combined.json,hf_comps,record_count=1；phase_count=1；mode_count=1；boss_count=0；max_app_rate=0.01；median_app_rate=0.01,全部表现分数为 sentinel/missing
astra-yao|billy-kid|trigger,"astra-yao, billy-kid, trigger",耀嘉音 / 比利·奇德 / 「扳机」,C,1,1,1,1,1,0,1,0.01,0.01,314,,0,1,da,da:2.6.1,top_combined.json,hf_comps,record_count=1；phase_count=1；mode_count=1；boss_count=0；max_app_rate=0.01；median_app_rate=0.01,全部表现分数为 sentinel/missing
astra-yao|burnice|nicole-demara,"astra-yao, burnice, nicole-demara",耀嘉音 / 柏妮思·怀特 / 妮可·德玛拉,C,1,1,1,1,1,0,1,0.01,0.01,314,,0,1,da,da:2.6.1,top_combined.json,hf_comps,record_count=1；phase_count=1；mode_count=1；boss_count=0；max_app_rate=0.01；median_app_rate=0.01,全部表现分数为 sentinel/missing
astra-yao|burnice|ukinami-yuzuha,"astra-yao, burnice, ukinami-yuzuha",耀嘉音 / 柏妮思·怀特 / 浮波柚叶,C,1,1,1,1,1,0,1,0.01,0.01,314,,0,1,da,da:2.6.1,top_combined.json,hf_comps,record_count=1；phase_count=1；mode_count=1；boss_count=0；max_app_rate=0.01；median_app_rate=0.01,全部表现分数为 sentinel/missing
astra-yao|cissia|koleda,"astra-yao, cissia, koleda",耀嘉音 / 希希芙 / 珂蕾妲·贝洛伯格,C,1,1,1,1,1,1,1,0.01,0.01,176,,0,1,da,da:2.8.3,1-3_combined.json,hf_comps,record_count=1；phase_count=1；mode_count=1；boss_count=1；max_app_rate=0.01；median_app_rate=0.01,全部表现分数为 sentinel/missing
astra-yao|cissia|orphie-and-magus,"astra-yao, cissia, orphie-and-magus",耀嘉音 / 希希芙 / 奥菲丝·马格努森 & 「鬼火」,C,1,1,1,1,1,1,1,0.01,0.01,201,,0,1,sd,sd:2.7.3,5-2_combined.json,hf_comps,record_count=1；phase_count=1；mode_count=1；boss_count=1；max_app_rate=0.01；median_app_rate=0.01,全部表现分数为 sentinel/missing
astra-yao|corin|zhao,"astra-yao, corin, zhao",耀嘉音 / 可琳·威克斯 / 照,C,1,1,1,1,1,0,1,0.01,0.01,314,,0,1,da,da:2.6.1,top_combined.json,hf_comps,record_count=1；phase_count=1；mode_count=1；boss_count=0；max_app_rate=0.01；median_app_rate=0.01,全部表现分数为 sentinel/missing
astra-yao|dialyn|lucy,"astra-yao, dialyn, lucy",耀嘉音 / 琉音 / 露西亚娜·德·蒙特夫,C,1,1,1,1,1,0,1,0.01,0.01,314,,0,1,da,da:2.6.1,top_combined.json,hf_comps,record_count=1；phase_count=1；mode_count=1；boss_count=0；max_app_rate=0.01；median_app_rate=0.01,全部表现分数为 sentinel/missing
astra-yao|ellen|miyabi,"astra-yao, ellen, miyabi",耀嘉音 / 艾莲·乔 / 星见 雅,C,1,1,1,1,1,0,1,0.01,0.01,314,,0,1,da,da:2.6.1,top_combined.json,hf_comps,record_count=1；phase_count=1；mode_count=1；boss_count=0；max_app_rate=0.01；median_app_rate=0.01,全部表现分数为 sentinel/missing
astra-yao|jane-doe|piper,"astra-yao, jane-doe, piper",耀嘉音 / 简·杜 / 派派·韦尔,C,1,1,1,1,1,0,1,0.01,0.01,314,,0,1,da,da:2.6.1,top_combined.json,hf_comps,record_count=1；phase_count=1；mode_count=1；boss_count=0；max_app_rate=0.01；median_app_rate=0.01,全部表现分数为 sentinel/missing
astra-yao|ju-fufu|miyabi,"astra-yao, ju-fufu, miyabi",耀嘉音 / 橘福福 / 星见 雅,C,1,1,1,1,1,1,1,0.01,0.01,200,,0,1,da,da:2.6.2,1-3_combined.json,hf_comps,record_count=1；phase_count=1；mode_count=1；boss_count=1；max_app_rate=0.01；median_app_rate=0.01,全部表现分数为 sentinel/missing
astra-yao|koleda|orphie-and-magus,"astra-yao, koleda, orphie-and-magus",耀嘉音 / 珂蕾妲·贝洛伯格 / 奥菲丝·马格努森 & 「鬼火」,C,1,1,1,1,1,0,1,0.01,0.01,314,,0,1,da,da:2.6.1,top_combined.json,hf_comps,record_count=1；phase_count=1；mode_count=1；boss_count=0；max_app_rate=0.01；median_app_rate=0.01,全部表现分数为 sentinel/missing
astra-yao|lighter|manato,"astra-yao, lighter, manato",耀嘉音 / 莱特 / 狛野真斗,C,1,1,1,1,1,0,1,0.01,0.01,314,,0,1,da,da:2.6.1,top_combined.json,hf_comps,record_count=1；phase_count=1；mode_count=1；boss_count=0；max_app_rate=0.01；median_app_rate=0.01,全部表现分数为 sentinel/missing
astra-yao|nicole-demara|orphie-and-magus,"astra-yao, nicole-demara, orphie-and-magus",耀嘉音 / 妮可·德玛拉 / 奥菲丝·马格努森 & 「鬼火」,C,1,1,1,1,1,0,1,0.01,0.01,446,,0,1,sd,sd:2.6.1,top_combined.json,hf_comps,record_count=1；phase_count=1；mode_count=1；boss_count=0；max_app_rate=0.01；median_app_rate=0.01,全部表现分数为 sentinel/missing
astra-yao|orphie-and-magus|qingyi,"astra-yao, orphie-and-magus, qingyi",耀嘉音 / 奥菲丝·马格努森 & 「鬼火」 / 青衣,C,1,1,1,1,1,0,1,0.01,0.01,314,,0,1,da,da:2.6.1,top_combined.json,hf_comps,record_count=1；phase_count=1；mode_count=1；boss_count=0；max_app_rate=0.01；median_app_rate=0.01,全部表现分数为 sentinel/missing
astra-yao|yidhari|yixuan,"astra-yao, yidhari, yixuan",耀嘉音 / 伊德海莉·墨菲 / 仪玄,C,1,1,1,1,1,1,1,0.01,0.01,200,,0,1,da,da:2.6.2,1-3_combined.json,hf_comps,record_count=1；phase_count=1；mode_count=1；boss_count=1；max_app_rate=0.01；median_app_rate=0.01,全部表现分数为 sentinel/missing
astra-yao|yixuan|zhu-yuan,"astra-yao, yixuan, zhu-yuan",耀嘉音 / 仪玄 / 朱鸢,C,1,1,1,1,1,1,1,0.01,0.01,184,,0,1,sd,sd:2.6.3,5-3_combined.json,hf_comps,record_count=1；phase_count=1；mode_count=1；boss_count=1；max_app_rate=0.01；median_app_rate=0.01,全部表现分数为 sentinel/missing
banyue|dialyn|lycaon,"banyue, dialyn, lycaon",般岳 / 琉音 / 冯·莱卡恩,C,1,1,1,1,1,0,1,0.01,0.01,314,,0,1,da,da:2.6.1,top_combined.json,hf_comps,record_count=1；phase_count=1；mode_count=1；boss_count=0；max_app_rate=0.01；median_app_rate=0.01,全部表现分数为 sentinel/missing
banyue|pan-yinhu|zhao,"banyue, pan-yinhu, zhao",般岳 / 潘引壶 / 照,C,1,1,1,1,1,1,1,0.01,0.01,188,,0,1,sd,sd:2.6.4,5-3_combined.json,hf_comps,record_count=1；phase_count=1；mode_count=1；boss_count=1；max_app_rate=0.01；median_app_rate=0.01,全部表现分数为 sentinel/missing
billy-kid|dialyn|lucia,"billy-kid, dialyn, lucia",比利·奇德 / 琉音 / 卢西娅,C,1,1,1,1,1,0,1,0.01,0.01,314,,0,1,da,da:2.6.1,top_combined.json,hf_comps,record_count=1；phase_count=1；mode_count=1；boss_count=0；max_app_rate=0.01；median_app_rate=0.01,全部表现分数为 sentinel/missing
billy-kid|ju-fufu|sunna,"billy-kid, ju-fufu, sunna",比利·奇德 / 橘福福 / 千夏,C,1,1,1,1,1,0,1,0.01,0.01,314,,0,1,da,da:2.6.1,top_combined.json,hf_comps,record_count=1；phase_count=1；mode_count=1；boss_count=0；max_app_rate=0.01；median_app_rate=0.01,全部表现分数为 sentinel/missing
billy-kid|nicole-demara|sunna,"billy-kid, nicole-demara, sunna",比利·奇德 / 妮可·德玛拉 / 千夏,C,1,1,1,1,1,0,1,0.01,0.01,314,,0,1,da,da:2.6.1,top_combined.json,hf_comps,record_count=1；phase_count=1；mode_count=1；boss_count=0；max_app_rate=0.01；median_app_rate=0.01,全部表现分数为 sentinel/missing
billy-kid|nicole-demara|zhao,"billy-kid, nicole-demara, zhao",比利·奇德 / 妮可·德玛拉 / 照,C,1,1,1,1,1,0,1,0.01,0.01,314,,0,1,da,da:2.6.1,top_combined.json,hf_comps,record_count=1；phase_count=1；mode_count=1；boss_count=0；max_app_rate=0.01；median_app_rate=0.01,全部表现分数为 sentinel/missing
billy-kid|seed|zhao,"billy-kid, seed, zhao",比利·奇德 / 「席德」 / 照,C,1,1,1,1,1,0,1,0.01,0.01,314,,0,1,da,da:2.6.1,top_combined.json,hf_comps,record_count=1；phase_count=1；mode_count=1；boss_count=0；max_app_rate=0.01；median_app_rate=0.01,全部表现分数为 sentinel/missing
billy-starlight|lighter|orphie-and-magus,"billy-starlight, lighter, orphie-and-magus",星徽·比利 / 莱特 / 奥菲丝·马格努森 & 「鬼火」,C,1,1,1,1,1,1,1,0.01,0.01,157,,0,1,da,da:2.8.2,1-2_combined.json,hf_comps,record_count=1；phase_count=1；mode_count=1；boss_count=1；max_app_rate=0.01；median_app_rate=0.01,全部表现分数为 sentinel/missing
burnice|grace-howard|trigger,"burnice, grace-howard, trigger",柏妮思·怀特 / 格莉丝·霍华德 / 「扳机」,C,1,1,1,1,1,0,1,0.01,0.01,314,,0,1,da,da:2.6.1,top_combined.json,hf_comps,record_count=1；phase_count=1；mode_count=1；boss_count=0；max_app_rate=0.01；median_app_rate=0.01,全部表现分数为 sentinel/missing
burnice|nangong-yu|piper,"burnice, nangong-yu, piper",柏妮思·怀特 / 南宫羽 / 派派·韦尔,C,1,1,1,1,1,1,1,0.01,0.01,160,,0,1,sd,sd:2.8.3,5-2_combined.json,hf_comps,record_count=1；phase_count=1；mode_count=1；boss_count=1；max_app_rate=0.01；median_app_rate=0.01,全部表现分数为 sentinel/missing
caesar|corin|dialyn,"caesar, corin, dialyn",凯撒·金 / 可琳·威克斯 / 琉音,C,1,1,1,1,1,1,1,0.01,0.01,148,,0,1,da,da:2.7.2,1-3_combined.json,hf_comps,record_count=1；phase_count=1；mode_count=1；boss_count=1；max_app_rate=0.01；median_app_rate=0.01,全部表现分数为 sentinel/missing
caesar|corin|sunna,"caesar, corin, sunna",凯撒·金 / 可琳·威克斯 / 千夏,C,1,1,1,1,1,0,1,0.01,0.01,314,,0,1,da,da:2.6.1,top_combined.json,hf_comps,record_count=1；phase_count=1；mode_count=1；boss_count=0；max_app_rate=0.01；median_app_rate=0.01,全部表现分数为 sentinel/missing
caesar|dialyn|evelyn,"caesar, dialyn, evelyn",凯撒·金 / 琉音 / 伊芙琳·舒瓦利耶,C,1,1,1,1,1,1,1,0.01,0.01,222,,0,1,sd,sd:2.8.3,5-3_combined.json,hf_comps,record_count=1；phase_count=1；mode_count=1；boss_count=1；max_app_rate=0.01；median_app_rate=0.01,全部表现分数为 sentinel/missing
caesar|jane-doe|vivian,"caesar, jane-doe, vivian",凯撒·金 / 简·杜 / 薇薇安·班希,C,1,1,1,1,1,0,1,0.01,0.01,314,,0,1,da,da:2.6.1,top_combined.json,hf_comps,record_count=1；phase_count=1；mode_count=1；boss_count=0；max_app_rate=0.01；median_app_rate=0.01,全部表现分数为 sentinel/missing
caesar|ju-fufu|manato,"caesar, ju-fufu, manato",凯撒·金 / 橘福福 / 狛野真斗,C,1,1,1,1,1,0,1,0.01,0.01,314,,0,1,da,da:2.6.1,top_combined.json,hf_comps,record_count=1；phase_count=1；mode_count=1；boss_count=0；max_app_rate=0.01；median_app_rate=0.01,全部表现分数为 sentinel/missing
caesar|pyrois|sunna,"caesar, pyrois, sunna",凯撒·金 / Pyrois / 千夏,C,1,1,1,1,1,1,1,0.01,0.01,174,,0,1,da,da:3.0.1,1-2_combined.json,hf_comps,record_count=1；phase_count=1；mode_count=1；boss_count=1；max_app_rate=0.01；median_app_rate=0.01,全部表现分数为 sentinel/missing
caesar|qingyi|yixuan,"caesar, qingyi, yixuan",凯撒·金 / 青衣 / 仪玄,C,1,1,1,1,1,0,1,0.01,0.01,314,,0,1,da,da:2.6.1,top_combined.json,hf_comps,record_count=1；phase_count=1；mode_count=1；boss_count=0；max_app_rate=0.01；median_app_rate=0.01,全部表现分数为 sentinel/missing
caesar|trigger|ye-shunguang,"caesar, trigger, ye-shunguang",凯撒·金 / 「扳机」 / 叶瞬光,C,1,1,1,1,1,0,1,0.01,0.01,314,,0,1,da,da:2.6.1,top_combined.json,hf_comps,record_count=1；phase_count=1；mode_count=1；boss_count=0；max_app_rate=0.01；median_app_rate=0.01,全部表现分数为 sentinel/missing
caesar|trigger|yixuan,"caesar, trigger, yixuan",凯撒·金 / 「扳机」 / 仪玄,C,1,1,1,1,1,0,1,0.01,0.01,314,,0,1,da,da:2.6.1,top_combined.json,hf_comps,record_count=1；phase_count=1；mode_count=1；boss_count=0；max_app_rate=0.01；median_app_rate=0.01,全部表现分数为 sentinel/missing
cissia|dialyn|ye-shunguang,"cissia, dialyn, ye-shunguang",希希芙 / 琉音 / 叶瞬光,C,1,1,1,1,1,1,1,0.01,0.01,153,,0,1,da,da:2.8.1,1-3_combined.json,hf_comps,record_count=1；phase_count=1；mode_count=1；boss_count=1；max_app_rate=0.01；median_app_rate=0.01,全部表现分数为 sentinel/missing
corin|dialyn|seed,"corin, dialyn, seed",可琳·威克斯 / 琉音 / 「席德」,C,1,1,1,1,1,0,1,0.01,0.01,314,,0,1,da,da:2.6.1,top_combined.json,hf_comps,record_count=1；phase_count=1；mode_count=1；boss_count=0；max_app_rate=0.01；median_app_rate=0.01,全部表现分数为 sentinel/missing
corin|dialyn|trigger,"corin, dialyn, trigger",可琳·威克斯 / 琉音 / 「扳机」,C,1,1,1,1,1,0,1,0.01,0.01,314,,0,1,da,da:2.6.1,top_combined.json,hf_comps,record_count=1；phase_count=1；mode_count=1；boss_count=0；max_app_rate=0.01；median_app_rate=0.01,全部表现分数为 sentinel/missing
corin|sunna|zhao,"corin, sunna, zhao",可琳·威克斯 / 千夏 / 照,C,1,1,1,1,1,0,1,0.01,0.01,314,,0,1,da,da:2.6.1,top_combined.json,hf_comps,record_count=1；phase_count=1；mode_count=1；boss_count=0；max_app_rate=0.01；median_app_rate=0.01,全部表现分数为 sentinel/missing
dialyn|ellen|seed,"dialyn, ellen, seed",琉音 / 艾莲·乔 / 「席德」,C,1,1,1,1,1,0,1,0.01,0.01,314,,0,1,da,da:2.6.1,top_combined.json,hf_comps,record_count=1；phase_count=1；mode_count=1；boss_count=0；max_app_rate=0.01；median_app_rate=0.01,全部表现分数为 sentinel/missing
dialyn|nekomata|orphie-and-magus,"dialyn, nekomata, orphie-and-magus",琉音 / 猫宫 又奈 / 奥菲丝·马格努森 & 「鬼火」,C,1,1,1,1,1,1,1,0.01,0.01,114,,0,1,sd,sd:2.6.4,5-1_combined.json,hf_comps,record_count=1；phase_count=1；mode_count=1；boss_count=1；max_app_rate=0.01；median_app_rate=0.01,全部表现分数为 sentinel/missing
dialyn|pyrois|trigger,"dialyn, pyrois, trigger",琉音 / Pyrois / 「扳机」,C,1,1,1,1,1,1,1,0.01,0.01,174,,0,1,da,da:3.0.1,1-2_combined.json,hf_comps,record_count=1；phase_count=1；mode_count=1；boss_count=1；max_app_rate=0.01；median_app_rate=0.01,全部表现分数为 sentinel/missing
ellen|nangong-yu|sunna,"ellen, nangong-yu, sunna",艾莲·乔 / 南宫羽 / 千夏,C,1,1,1,1,1,1,1,0.01,0.01,174,,0,1,da,da:3.0.1,1-2_combined.json,hf_comps,record_count=1；phase_count=1；mode_count=1；boss_count=1；max_app_rate=0.01；median_app_rate=0.01,全部表现分数为 sentinel/missing
ellen|trigger|ukinami-yuzuha,"ellen, trigger, ukinami-yuzuha",艾莲·乔 / 「扳机」 / 浮波柚叶,C,1,1,1,1,1,1,1,0.01,0.01,133,,0,1,sd,sd:2.8.2,5-2_combined.json,hf_comps,record_count=1；phase_count=1；mode_count=1；boss_count=1；max_app_rate=0.01；median_app_rate=0.01,全部表现分数为 sentinel/missing
evelyn|miyabi|ukinami-yuzuha,"evelyn, miyabi, ukinami-yuzuha",伊芙琳·舒瓦利耶 / 星见 雅 / 浮波柚叶,C,1,1,1,1,1,0,1,0.01,0.01,314,,0,1,da,da:2.6.1,top_combined.json,hf_comps,record_count=1；phase_count=1；mode_count=1；boss_count=0；max_app_rate=0.01；median_app_rate=0.01,全部表现分数为 sentinel/missing
evelyn|qingyi|seed,"evelyn, qingyi, seed",伊芙琳·舒瓦利耶 / 青衣 / 「席德」,C,1,1,1,1,1,1,1,0.01,0.01,201,,0,1,sd,sd:2.7.3,5-2_combined.json,hf_comps,record_count=1；phase_count=1；mode_count=1；boss_count=1；max_app_rate=0.01；median_app_rate=0.01,全部表现分数为 sentinel/missing
evelyn|qingyi|sunna,"evelyn, qingyi, sunna",伊芙琳·舒瓦利耶 / 青衣 / 千夏,C,1,1,1,1,1,0,1,0.01,0.01,446,,0,1,sd,sd:2.6.1,top_combined.json,hf_comps,record_count=1；phase_count=1；mode_count=1；boss_count=0；max_app_rate=0.01；median_app_rate=0.01,全部表现分数为 sentinel/missing
evelyn|sunna|zhao,"evelyn, sunna, zhao",伊芙琳·舒瓦利耶 / 千夏 / 照,C,1,1,1,1,1,0,1,0.01,0.01,314,,0,1,da,da:2.6.1,top_combined.json,hf_comps,record_count=1；phase_count=1；mode_count=1；boss_count=0；max_app_rate=0.01；median_app_rate=0.01,全部表现分数为 sentinel/missing
evelyn|ye-shunguang|zhao,"evelyn, ye-shunguang, zhao",伊芙琳·舒瓦利耶 / 叶瞬光 / 照,C,1,1,1,1,1,1,1,0.01,0.01,148,,0,1,da,da:2.7.2,1-3_combined.json,hf_comps,record_count=1；phase_count=1；mode_count=1；boss_count=1；max_app_rate=0.01；median_app_rate=0.01,全部表现分数为 sentinel/missing
harumasa|ju-fufu|sunna,"harumasa, ju-fufu, sunna",浅羽 悠真 / 橘福福 / 千夏,C,1,1,1,1,1,0,1,0.01,0.01,314,,0,1,da,da:2.6.1,top_combined.json,hf_comps,record_count=1；phase_count=1；mode_count=1；boss_count=0；max_app_rate=0.01；median_app_rate=0.01,全部表现分数为 sentinel/missing
harumasa|ju-fufu|zhao,"harumasa, ju-fufu, zhao",浅羽 悠真 / 橘福福 / 照,C,1,1,1,1,1,1,1,0.01,0.01,201,,0,1,sd,sd:2.7.3,5-2_combined.json,hf_comps,record_count=1；phase_count=1；mode_count=1；boss_count=1；max_app_rate=0.01；median_app_rate=0.01,全部表现分数为 sentinel/missing
hugo|lighter|qingyi,"hugo, lighter, qingyi",雨果·维拉德 / 莱特 / 青衣,C,1,1,1,1,1,1,1,0.01,0.01,174,,0,1,da,da:3.0.1,1-2_combined.json,hf_comps,record_count=1；phase_count=1；mode_count=1；boss_count=1；max_app_rate=0.01；median_app_rate=0.01,全部表现分数为 sentinel/missing
hugo|lighter|sunna,"hugo, lighter, sunna",雨果·维拉德 / 莱特 / 千夏,C,1,1,1,1,1,1,1,0.01,0.01,174,,0,1,da,da:3.0.1,1-2_combined.json,hf_comps,record_count=1；phase_count=1；mode_count=1；boss_count=1；max_app_rate=0.01；median_app_rate=0.01,全部表现分数为 sentinel/missing
jane-doe|qingyi|ukinami-yuzuha,"jane-doe, qingyi, ukinami-yuzuha",简·杜 / 青衣 / 浮波柚叶,C,1,1,1,1,1,0,1,0.01,0.01,314,,0,1,da,da:2.6.1,top_combined.json,hf_comps,record_count=1；phase_count=1；mode_count=1；boss_count=0；max_app_rate=0.01；median_app_rate=0.01,全部表现分数为 sentinel/missing
jane-doe|seth|vivian,"jane-doe, seth, vivian",简·杜 / 赛斯·洛威尔 / 薇薇安·班希,C,1,1,1,1,1,0,1,0.01,0.01,314,,0,1,da,da:2.6.1,top_combined.json,hf_comps,record_count=1；phase_count=1；mode_count=1；boss_count=0；max_app_rate=0.01；median_app_rate=0.01,全部表现分数为 sentinel/missing
ju-fufu|nekomata|nicole-demara,"ju-fufu, nekomata, nicole-demara",橘福福 / 猫宫 又奈 / 妮可·德玛拉,C,1,1,1,1,1,0,1,0.01,0.01,314,,0,1,da,da:2.6.1,top_combined.json,hf_comps,record_count=1；phase_count=1；mode_count=1；boss_count=0；max_app_rate=0.01；median_app_rate=0.01,全部表现分数为 sentinel/missing
ju-fufu|nekomata|zhao,"ju-fufu, nekomata, zhao",橘福福 / 猫宫 又奈 / 照,C,1,1,1,1,1,1,1,0.01,0.01,176,,0,1,da,da:2.8.3,1-3_combined.json,hf_comps,record_count=1；phase_count=1；mode_count=1；boss_count=1；max_app_rate=0.01；median_app_rate=0.01,全部表现分数为 sentinel/missing
ju-fufu|orphie-and-magus|qingyi,"ju-fufu, orphie-and-magus, qingyi",橘福福 / 奥菲丝·马格努森 & 「鬼火」 / 青衣,C,1,1,1,1,1,0,1,0.01,0.01,314,,0,1,da,da:2.6.1,top_combined.json,hf_comps,record_count=1；phase_count=1；mode_count=1；boss_count=0；max_app_rate=0.01；median_app_rate=0.01,全部表现分数为 sentinel/missing
ju-fufu|pyrois|trigger,"ju-fufu, pyrois, trigger",橘福福 / Pyrois / 「扳机」,C,1,1,1,1,1,1,1,0.01,0.01,174,,0,1,da,da:3.0.1,1-2_combined.json,hf_comps,record_count=1；phase_count=1；mode_count=1；boss_count=1；max_app_rate=0.01；median_app_rate=0.01,全部表现分数为 sentinel/missing
ju-fufu|pyrois|ukinami-yuzuha,"ju-fufu, pyrois, ukinami-yuzuha",橘福福 / Pyrois / 浮波柚叶,C,1,1,1,1,1,1,1,0.01,0.01,174,,0,1,da,da:3.0.1,1-2_combined.json,hf_comps,record_count=1；phase_count=1；mode_count=1；boss_count=1；max_app_rate=0.01；median_app_rate=0.01,全部表现分数为 sentinel/missing
ju-fufu|qingyi|yidhari,"ju-fufu, qingyi, yidhari",橘福福 / 青衣 / 伊德海莉·墨菲,C,1,1,1,1,1,0,1,0.01,0.01,314,,0,1,da,da:2.6.1,top_combined.json,hf_comps,record_count=1；phase_count=1；mode_count=1；boss_count=0；max_app_rate=0.01；median_app_rate=0.01,全部表现分数为 sentinel/missing
lighter|orphie-and-magus|trigger,"lighter, orphie-and-magus, trigger",莱特 / 奥菲丝·马格努森 & 「鬼火」 / 「扳机」,C,1,1,1,1,1,1,1,0.01,0.01,184,,0,1,sd,sd:2.8.3,5-3_combined.json,hf_comps,record_count=1；phase_count=1；mode_count=1；boss_count=1；max_app_rate=0.01；median_app_rate=0.01,全部表现分数为 sentinel/missing
lighter|ukinami-yuzuha|ye-shunguang,"lighter, ukinami-yuzuha, ye-shunguang",莱特 / 浮波柚叶 / 叶瞬光,C,1,1,1,1,1,0,1,0.01,0.01,314,,0,1,da,da:2.6.1,top_combined.json,hf_comps,record_count=1；phase_count=1；mode_count=1；boss_count=0；max_app_rate=0.01；median_app_rate=0.01,全部表现分数为 sentinel/missing
lucia|manato|qingyi,"lucia, manato, qingyi",卢西娅 / 狛野真斗 / 青衣,C,1,1,1,1,1,0,1,0.01,0.01,314,,0,1,da,da:2.6.1,top_combined.json,hf_comps,record_count=1；phase_count=1；mode_count=1；boss_count=0；max_app_rate=0.01；median_app_rate=0.01,全部表现分数为 sentinel/missing
lucia|miyabi|nicole-demara,"lucia, miyabi, nicole-demara",卢西娅 / 星见 雅 / 妮可·德玛拉,C,1,1,1,1,1,0,1,0.01,0.01,314,,0,1,da,da:2.6.1,top_combined.json,hf_comps,record_count=1；phase_count=1；mode_count=1；boss_count=0；max_app_rate=0.01；median_app_rate=0.01,全部表现分数为 sentinel/missing
lucia|orphie-and-magus|trigger,"lucia, orphie-and-magus, trigger",卢西娅 / 奥菲丝·马格努森 & 「鬼火」 / 「扳机」,C,1,1,1,1,1,1,1,0.01,0.01,200,,0,1,da,da:2.6.2,1-3_combined.json,hf_comps,record_count=1；phase_count=1；mode_count=1；boss_count=1；max_app_rate=0.01；median_app_rate=0.01,全部表现分数为 sentinel/missing
lucia|trigger|zhu-yuan,"lucia, trigger, zhu-yuan",卢西娅 / 「扳机」 / 朱鸢,C,1,1,1,1,1,0,1,0.01,0.01,314,,0,1,da,da:2.6.1,top_combined.json,hf_comps,record_count=1；phase_count=1；mode_count=1；boss_count=0；max_app_rate=0.01；median_app_rate=0.01,全部表现分数为 sentinel/missing
lucy|miyabi|soukaku,"lucy, miyabi, soukaku",露西亚娜·德·蒙特夫 / 星见 雅 / 苍角,C,1,1,1,1,1,1,1,0.01,0.01,188,,0,1,sd,sd:2.6.4,5-3_combined.json,hf_comps,record_count=1；phase_count=1；mode_count=1；boss_count=1；max_app_rate=0.01；median_app_rate=0.01,全部表现分数为 sentinel/missing
lucy|trigger|yixuan,"lucy, trigger, yixuan",露西亚娜·德·蒙特夫 / 「扳机」 / 仪玄,C,1,1,1,1,1,0,1,0.01,0.01,314,,0,1,da,da:2.6.1,top_combined.json,hf_comps,record_count=1；phase_count=1；mode_count=1；boss_count=0；max_app_rate=0.01；median_app_rate=0.01,全部表现分数为 sentinel/missing
lycaon|miyabi|rina,"lycaon, miyabi, rina",冯·莱卡恩 / 星见 雅 / 亚历山德丽娜·莎芭丝缇安,C,1,1,1,1,1,0,1,0.01,0.01,314,,0,1,da,da:2.6.1,top_combined.json,hf_comps,record_count=1；phase_count=1；mode_count=1；boss_count=0；max_app_rate=0.01；median_app_rate=0.01,全部表现分数为 sentinel/missing
lycaon|miyabi|vivian,"lycaon, miyabi, vivian",冯·莱卡恩 / 星见 雅 / 薇薇安·班希,C,1,1,1,1,1,1,1,0.01,0.01,155,,0,1,da,da:2.8.2,1-1_combined.json,hf_comps,record_count=1；phase_count=1；mode_count=1；boss_count=1；max_app_rate=0.01；median_app_rate=0.01,全部表现分数为 sentinel/missing
lycaon|nicole-demara|pyrois,"lycaon, nicole-demara, pyrois",冯·莱卡恩 / 妮可·德玛拉 / Pyrois,C,1,1,1,1,1,1,1,0.01,0.01,174,,0,1,da,da:3.0.1,1-2_combined.json,hf_comps,record_count=1；phase_count=1；mode_count=1；boss_count=1；max_app_rate=0.01；median_app_rate=0.01,全部表现分数为 sentinel/missing
lycaon|trigger|yidhari,"lycaon, trigger, yidhari",冯·莱卡恩 / 「扳机」 / 伊德海莉·墨菲,C,1,1,1,1,1,1,1,0.01,0.01,200,,0,1,da,da:2.6.2,1-3_combined.json,hf_comps,record_count=1；phase_count=1；mode_count=1；boss_count=1；max_app_rate=0.01；median_app_rate=0.01,全部表现分数为 sentinel/missing
miyabi|qingyi|ukinami-yuzuha,"miyabi, qingyi, ukinami-yuzuha",星见 雅 / 青衣 / 浮波柚叶,C,1,1,1,1,1,0,1,0.01,0.01,314,,0,1,da,da:2.6.1,top_combined.json,hf_comps,record_count=1；phase_count=1；mode_count=1；boss_count=0；max_app_rate=0.01；median_app_rate=0.01,全部表现分数为 sentinel/missing
miyabi|sunna|trigger,"miyabi, sunna, trigger",星见 雅 / 千夏 / 「扳机」,C,1,1,1,1,1,1,1,0.01,0.01,200,,0,1,da,da:2.6.2,1-3_combined.json,hf_comps,record_count=1；phase_count=1；mode_count=1；boss_count=1；max_app_rate=0.01；median_app_rate=0.01,全部表现分数为 sentinel/missing
nekomata|nicole-demara|qingyi,"nekomata, nicole-demara, qingyi",猫宫 又奈 / 妮可·德玛拉 / 青衣,C,1,1,1,1,1,0,1,0.01,0.01,314,,0,1,da,da:2.6.1,top_combined.json,hf_comps,record_count=1；phase_count=1；mode_count=1；boss_count=0；max_app_rate=0.01；median_app_rate=0.01,全部表现分数为 sentinel/missing
nekomata|trigger|zhao,"nekomata, trigger, zhao",猫宫 又奈 / 「扳机」 / 照,C,1,1,1,1,1,0,1,0.01,0.01,314,,0,1,da,da:2.6.1,top_combined.json,hf_comps,record_count=1；phase_count=1；mode_count=1；boss_count=0；max_app_rate=0.01；median_app_rate=0.01,全部表现分数为 sentinel/missing
nicole-demara|orphie-and-magus|yixuan,"nicole-demara, orphie-and-magus, yixuan",妮可·德玛拉 / 奥菲丝·马格努森 & 「鬼火」 / 仪玄,C,1,1,1,1,1,1,1,0.01,0.01,160,,0,1,sd,sd:2.6.4,5-2_combined.json,hf_comps,record_count=1；phase_count=1；mode_count=1；boss_count=1；max_app_rate=0.01；median_app_rate=0.01,全部表现分数为 sentinel/missing
nicole-demara|pyrois|qingyi,"nicole-demara, pyrois, qingyi",妮可·德玛拉 / Pyrois / 青衣,C,1,1,1,1,1,1,1,0.01,0.01,174,,0,1,da,da:3.0.1,1-2_combined.json,hf_comps,record_count=1；phase_count=1；mode_count=1；boss_count=1；max_app_rate=0.01；median_app_rate=0.01,全部表现分数为 sentinel/missing
nicole-demara|qingyi|zhao,"nicole-demara, qingyi, zhao",妮可·德玛拉 / 青衣 / 照,C,1,1,1,1,1,0,1,0.01,0.01,314,,0,1,da,da:2.6.1,top_combined.json,hf_comps,record_count=1；phase_count=1；mode_count=1；boss_count=0；max_app_rate=0.01；median_app_rate=0.01,全部表现分数为 sentinel/missing
nicole-demara|soukaku|ukinami-yuzuha,"nicole-demara, soukaku, ukinami-yuzuha",妮可·德玛拉 / 苍角 / 浮波柚叶,C,1,1,1,1,1,0,1,0.01,0.01,314,,0,1,da,da:2.6.1,top_combined.json,hf_comps,record_count=1；phase_count=1；mode_count=1；boss_count=0；max_app_rate=0.01；median_app_rate=0.01,全部表现分数为 sentinel/missing
orphie-and-magus|pan-yinhu|yixuan,"orphie-and-magus, pan-yinhu, yixuan",奥菲丝·马格努森 & 「鬼火」 / 潘引壶 / 仪玄,C,1,1,1,1,1,0,1,0.01,0.01,314,,0,1,da,da:2.6.1,top_combined.json,hf_comps,record_count=1；phase_count=1；mode_count=1；boss_count=0；max_app_rate=0.01；median_app_rate=0.01,全部表现分数为 sentinel/missing
orphie-and-magus|qingyi|trigger,"orphie-and-magus, qingyi, trigger",奥菲丝·马格努森 & 「鬼火」 / 青衣 / 「扳机」,C,1,1,1,1,1,0,1,0.01,0.01,446,,0,1,sd,sd:2.6.1,top_combined.json,hf_comps,record_count=1；phase_count=1；mode_count=1；boss_count=0；max_app_rate=0.01；median_app_rate=0.01,全部表现分数为 sentinel/missing
orphie-and-magus|sunna|trigger,"orphie-and-magus, sunna, trigger",奥菲丝·马格努森 & 「鬼火」 / 千夏 / 「扳机」,C,1,1,1,1,1,0,1,0.01,0.01,314,,0,1,da,da:2.6.1,top_combined.json,hf_comps,record_count=1；phase_count=1；mode_count=1；boss_count=0；max_app_rate=0.01；median_app_rate=0.01,全部表现分数为 sentinel/missing
orphie-and-magus|trigger|zhao,"orphie-and-magus, trigger, zhao",奥菲丝·马格努森 & 「鬼火」 / 「扳机」 / 照,C,1,1,1,1,1,1,1,0.01,0.01,166,,0,1,da,da:2.6.2,1-2_combined.json,hf_comps,record_count=1；phase_count=1；mode_count=1；boss_count=1；max_app_rate=0.01；median_app_rate=0.01,全部表现分数为 sentinel/missing
pan-yinhu|ukinami-yuzuha|ye-shunguang,"pan-yinhu, ukinami-yuzuha, ye-shunguang",潘引壶 / 浮波柚叶 / 叶瞬光,C,1,1,1,1,1,0,1,0.01,0.01,314,,0,1,da,da:2.6.1,top_combined.json,hf_comps,record_count=1；phase_count=1；mode_count=1；boss_count=0；max_app_rate=0.01；median_app_rate=0.01,全部表现分数为 sentinel/missing
pulchra|pyrois|sunna,"pulchra, pyrois, sunna",波可娜·费雷尼 / Pyrois / 千夏,C,1,1,1,1,1,1,1,0.01,0.01,174,,0,1,da,da:3.0.1,1-2_combined.json,hf_comps,record_count=1；phase_count=1；mode_count=1；boss_count=1；max_app_rate=0.01；median_app_rate=0.01,全部表现分数为 sentinel/missing
pyrois|qingyi|sunna,"pyrois, qingyi, sunna",Pyrois / 青衣 / 千夏,C,1,1,1,1,1,1,1,0.01,0.01,174,,0,1,da,da:3.0.1,1-2_combined.json,hf_comps,record_count=1；phase_count=1；mode_count=1；boss_count=1；max_app_rate=0.01；median_app_rate=0.01,全部表现分数为 sentinel/missing
pyrois|qingyi|zhao,"pyrois, qingyi, zhao",Pyrois / 青衣 / 照,C,1,1,1,1,1,1,1,0.01,0.01,174,,0,1,da,da:3.0.1,1-2_combined.json,hf_comps,record_count=1；phase_count=1；mode_count=1；boss_count=1；max_app_rate=0.01；median_app_rate=0.01,全部表现分数为 sentinel/missing
